insert into Citizen (idno, title, firstname, lastname, dateofbirth, gender) VALUES (3558, '', 'Aae', 'Per Lennart', '1.1.1940.', 'p');
insert into CandidatesData (idno) VALUES (3558);
insert into PartyMembership (pid, idno) VALUES (1, 3558);
insert into Candidacy (wkid, idno) VALUES (456, 3558);
insert into Citizen (idno, title, firstname, lastname, dateofbirth, gender) VALUES (3559, '', 'Abed-Ali', 'Ali', '1.1.1993.', 'p');
insert into CandidatesData (idno) VALUES (3559);
insert into PartyMembership (pid, idno) VALUES (31, 3559);
insert into LandesListe (llid, year, pid, fsid) VALUES (28, 2013, 31, 1);
insert into Landeslistenplatz (llid, idno, position) VALUES (28, 3559, 53);
insert into Citizen (idno, title, firstname, lastname, dateofbirth, gender) VALUES (3560, '', 'Abend', 'Klaus-Dieter', '1.1.1946.', 'p');
insert into CandidatesData (idno) VALUES (3560);
insert into PartyMembership (pid, idno) VALUES (4, 3560);
insert into Candidacy (wkid, idno) VALUES (321, 3560);
insert into Citizen (idno, title, firstname, lastname, dateofbirth, gender) VALUES (3561, '', 'Ableiter', 'Claus', '1.1.1963.', 'p');
insert into CandidatesData (idno) VALUES (3561);
insert into PartyMembership (pid, idno) VALUES (32, 3561);
insert into Candidacy (wkid, idno) VALUES (506, 3561);
insert into LandesListe (llid, year, pid, fsid) VALUES (29, 2013, 32, 2);
insert into Landeslistenplatz (llid, idno, position) VALUES (29, 3561, 14);
insert into Citizen (idno, title, firstname, lastname, dateofbirth, gender) VALUES (3562, '', 'Abramowski', 'Ulrich Herbert', '1.1.1956.', 'p');
insert into CandidatesData (idno) VALUES (3562);
insert into PartyMembership (pid, idno) VALUES (33, 3562);
insert into LandesListe (llid, year, pid, fsid) VALUES (30, 2013, 33, 3);
insert into Landeslistenplatz (llid, idno, position) VALUES (30, 3562, 2);
insert into Citizen (idno, title, firstname, lastname, dateofbirth, gender) VALUES (3563, '', 'Abwander', 'Susanne Brigitte', '1.1.1966.', 'p');
insert into CandidatesData (idno) VALUES (3563);
insert into PartyMembership (pid, idno) VALUES (29, 3563);
insert into LandesListe (llid, year, pid, fsid) VALUES (31, 2013, 29, 4);
insert into Landeslistenplatz (llid, idno, position) VALUES (31, 3563, 20);
insert into Citizen (idno, title, firstname, lastname, dateofbirth, gender) VALUES (3564, '', 'Acharki', 'Moussa', '1.1.1975.', 'p');
insert into CandidatesData (idno) VALUES (3564);
insert into PartyMembership (pid, idno) VALUES (34, 3564);
insert into LandesListe (llid, year, pid, fsid) VALUES (32, 2013, 34, 5);
insert into Landeslistenplatz (llid, idno, position) VALUES (32, 3564, 2);
insert into Citizen (idno, title, firstname, lastname, dateofbirth, gender) VALUES (3565, '', 'Achatz', 'Markus Franz-Xaver', '1.1.1981.', 'p');
insert into CandidatesData (idno) VALUES (3565);
insert into PartyMembership (pid, idno) VALUES (32, 3565);
insert into Candidacy (wkid, idno) VALUES (530, 3565);
insert into LandesListe (llid, year, pid, fsid) VALUES (33, 2013, 32, 4);
insert into Landeslistenplatz (llid, idno, position) VALUES (33, 3565, 23);
insert into Citizen (idno, title, firstname, lastname, dateofbirth, gender) VALUES (3566, '', 'Achenbach', 'Ulrich', '1.1.1954.', 'p');
insert into CandidatesData (idno) VALUES (3566);
insert into PartyMembership (pid, idno) VALUES (13, 3566);
insert into LandesListe (llid, year, pid, fsid) VALUES (34, 2013, 13, 5);
insert into Landeslistenplatz (llid, idno, position) VALUES (34, 3566, 9);
insert into Citizen (idno, title, firstname, lastname, dateofbirth, gender) VALUES (3567, '', 'Ackermann', 'Jens', '1.1.1975.', 'p');
insert into CandidatesData (idno) VALUES (3567);
insert into PartyMembership (pid, idno) VALUES (4, 3567);
insert into Candidacy (wkid, idno) VALUES (366, 3567);
insert into LandesListe (llid, year, pid, fsid) VALUES (35, 2013, 4, 8);
insert into Landeslistenplatz (llid, idno, position) VALUES (35, 3567, 2);
insert into Citizen (idno, title, firstname, lastname, dateofbirth, gender) VALUES (3568, 'Dr. ', 'Adam', 'Konrad', '1.1.1942.', 'p');
insert into CandidatesData (idno) VALUES (3568);
insert into PartyMembership (pid, idno) VALUES (33, 3568);
insert into Candidacy (wkid, idno) VALUES (475, 3568);
insert into LandesListe (llid, year, pid, fsid) VALUES (36, 2013, 33, 9);
insert into Landeslistenplatz (llid, idno, position) VALUES (36, 3568, 1);
insert into Citizen (idno, title, firstname, lastname, dateofbirth, gender) VALUES (3569, '', 'Adams', 'Heino', '1.1.1942.', 'p');
insert into CandidatesData (idno) VALUES (3569);
insert into PartyMembership (pid, idno) VALUES (18, 3569);
insert into LandesListe (llid, year, pid, fsid) VALUES (37, 2013, 18, 10);
insert into Landeslistenplatz (llid, idno, position) VALUES (37, 3569, 8);
insert into Citizen (idno, title, firstname, lastname, dateofbirth, gender) VALUES (3570, '', 'Adams', 'Heinrich Martin', '1.1.1955.', 'p');
insert into CandidatesData (idno) VALUES (3570);
insert into PartyMembership (pid, idno) VALUES (33, 3570);
insert into Candidacy (wkid, idno) VALUES (596, 3570);
insert into Citizen (idno, title, firstname, lastname, dateofbirth, gender) VALUES (3571, '', 'Adamy', 'Wilfried', '1.1.1963.', 'p');
insert into CandidatesData (idno) VALUES (3571);
insert into PartyMembership (pid, idno) VALUES (7, 3571);
insert into Candidacy (wkid, idno) VALUES (418, 3571);
insert into Citizen (idno, title, firstname, lastname, dateofbirth, gender) VALUES (3572, '', 'Aden', 'Eckhard', '1.1.1967.', 'p');
insert into CandidatesData (idno) VALUES (3572);
insert into PartyMembership (pid, idno) VALUES (1, 3572);
insert into Candidacy (wkid, idno) VALUES (349, 3572);
insert into Citizen (idno, title, firstname, lastname, dateofbirth, gender) VALUES (3573, '', 'Adler', 'Annelies Brigitte', '1.1.1952.', 'p');
insert into CandidatesData (idno) VALUES (3573);
insert into PartyMembership (pid, idno) VALUES (1, 3573);
insert into LandesListe (llid, year, pid, fsid) VALUES (38, 2013, 1, 8);
insert into Landeslistenplatz (llid, idno, position) VALUES (38, 3573, 6);
insert into Citizen (idno, title, firstname, lastname, dateofbirth, gender) VALUES (3574, '', 'Adler', 'Günter-Hans', '1.1.1940.', 'p');
insert into CandidatesData (idno) VALUES (3574);
insert into PartyMembership (pid, idno) VALUES (1, 3574);
insert into Candidacy (wkid, idno) VALUES (302, 3574);
insert into Citizen (idno, title, firstname, lastname, dateofbirth, gender) VALUES (3575, '', 'Adler', 'Otto Peter', '1.1.1941.', 'p');
insert into CandidatesData (idno) VALUES (3575);
insert into PartyMembership (pid, idno) VALUES (1, 3575);
insert into Candidacy (wkid, idno) VALUES (318, 3575);
insert into LandesListe (llid, year, pid, fsid) VALUES (39, 2013, 1, 10);
insert into Landeslistenplatz (llid, idno, position) VALUES (39, 3575, 3);
insert into Citizen (idno, title, firstname, lastname, dateofbirth, gender) VALUES (3576, '', 'Adomeit', 'Michael Harald', '1.1.1957.', 'p');
insert into CandidatesData (idno) VALUES (3576);
insert into Candidacy (wkid, idno) VALUES (314, 3576);
insert into Citizen (idno, title, firstname, lastname, dateofbirth, gender) VALUES (3577, '', 'Aggelidis', 'Michael', '1.1.1962.', 'p');
insert into CandidatesData (idno) VALUES (3577);
insert into PartyMembership (pid, idno) VALUES (3, 3577);
insert into Candidacy (wkid, idno) VALUES (389, 3577);
insert into Citizen (idno, title, firstname, lastname, dateofbirth, gender) VALUES (3578, '', 'Ahlgrim', 'Brigitte Inge', '1.1.1952.', 'p');
insert into CandidatesData (idno) VALUES (3578);
insert into Candidacy (wkid, idno) VALUES (311, 3578);
insert into Citizen (idno, title, firstname, lastname, dateofbirth, gender) VALUES (3579, '', 'Ahmed', 'Tanja Melanie Carolin', '1.1.1971.', 'p');
insert into CandidatesData (idno) VALUES (3579);
insert into PartyMembership (pid, idno) VALUES (29, 3579);
insert into Landeslistenplatz (llid, idno, position) VALUES (31, 3579, 22);
insert into Citizen (idno, title, firstname, lastname, dateofbirth, gender) VALUES (3580, '', 'Aicher', 'Roland', '1.1.1965.', 'p');
insert into CandidatesData (idno) VALUES (3580);
insert into PartyMembership (pid, idno) VALUES (19, 3580);
insert into LandesListe (llid, year, pid, fsid) VALUES (40, 2013, 19, 4);
insert into Landeslistenplatz (llid, idno, position) VALUES (40, 3580, 43);
insert into Citizen (idno, title, firstname, lastname, dateofbirth, gender) VALUES (3581, '', 'Akbayir', 'Hamide', '1.1.1959.', 'p');
insert into CandidatesData (idno) VALUES (3581);
insert into PartyMembership (pid, idno) VALUES (3, 3581);
insert into Candidacy (wkid, idno) VALUES (400, 3581);
insert into Citizen (idno, title, firstname, lastname, dateofbirth, gender) VALUES (3582, '', 'Aken van', 'Jan Paul', '1.1.1961.', 'p');
insert into CandidatesData (idno) VALUES (3582);
insert into PartyMembership (pid, idno) VALUES (3, 3582);
insert into Candidacy (wkid, idno) VALUES (318, 3582);
insert into LandesListe (llid, year, pid, fsid) VALUES (41, 2013, 3, 10);
insert into Landeslistenplatz (llid, idno, position) VALUES (41, 3582, 1);
insert into Citizen (idno, title, firstname, lastname, dateofbirth, gender) VALUES (3583, '', 'Akpolat', 'Mustafa', '1.1.1964.', 'p');
insert into CandidatesData (idno) VALUES (3583);
insert into PartyMembership (pid, idno) VALUES (7, 3583);
insert into LandesListe (llid, year, pid, fsid) VALUES (42, 2013, 7, 10);
insert into Landeslistenplatz (llid, idno, position) VALUES (42, 3583, 7);
insert into Citizen (idno, title, firstname, lastname, dateofbirth, gender) VALUES (3584, '', 'Al-Dailami', 'Ali Abass Yahya', '1.1.1981.', 'p');
insert into CandidatesData (idno) VALUES (3584);
insert into PartyMembership (pid, idno) VALUES (3, 3584);
insert into Candidacy (wkid, idno) VALUES (472, 3584);
insert into LandesListe (llid, year, pid, fsid) VALUES (43, 2013, 3, 9);
insert into Landeslistenplatz (llid, idno, position) VALUES (43, 3584, 6);
insert into Citizen (idno, title, firstname, lastname, dateofbirth, gender) VALUES (3585, '', 'Albanesi', 'Stefan', '1.1.1972.', 'p');
insert into CandidatesData (idno) VALUES (3585);
insert into PartyMembership (pid, idno) VALUES (3, 3585);
insert into Candidacy (wkid, idno) VALUES (555, 3585);
insert into Citizen (idno, title, firstname, lastname, dateofbirth, gender) VALUES (3586, '', 'Albani', 'Stephan', '1.1.1968.', 'p');
insert into CandidatesData (idno) VALUES (3586);
insert into PartyMembership (pid, idno) VALUES (12, 3586);
insert into Candidacy (wkid, idno) VALUES (326, 3586);
insert into LandesListe (llid, year, pid, fsid) VALUES (44, 2013, 12, 3);
insert into Landeslistenplatz (llid, idno, position) VALUES (44, 3586, 5);
insert into Citizen (idno, title, firstname, lastname, dateofbirth, gender) VALUES (3587, '', 'Albe', 'Gerald Hermann', '1.1.1976.', 'p');
insert into CandidatesData (idno) VALUES (3587);
insert into PartyMembership (pid, idno) VALUES (7, 3587);
insert into Candidacy (wkid, idno) VALUES (493, 3587);
insert into LandesListe (llid, year, pid, fsid) VALUES (45, 2013, 7, 19);
insert into Landeslistenplatz (llid, idno, position) VALUES (45, 3587, 4);
insert into Citizen (idno, title, firstname, lastname, dateofbirth, gender) VALUES (3588, '', 'Albrecht', 'Frank', '1.1.1972.', 'p');
insert into CandidatesData (idno) VALUES (3588);
insert into PartyMembership (pid, idno) VALUES (35, 3588);
insert into LandesListe (llid, year, pid, fsid) VALUES (46, 2013, 35, 5);
insert into Landeslistenplatz (llid, idno, position) VALUES (46, 3588, 4);
insert into Citizen (idno, title, firstname, lastname, dateofbirth, gender) VALUES (3589, '', 'Albrecht', 'Frank', '1.1.1967.', 'p');
insert into CandidatesData (idno) VALUES (3589);
insert into PartyMembership (pid, idno) VALUES (4, 3589);
insert into Candidacy (wkid, idno) VALUES (415, 3589);
insert into Citizen (idno, title, firstname, lastname, dateofbirth, gender) VALUES (3590, '', 'Albrecht', 'Karolina', '1.1.1982.', 'p');
insert into CandidatesData (idno) VALUES (3590);
insert into PartyMembership (pid, idno) VALUES (29, 3590);
insert into Landeslistenplatz (llid, idno, position) VALUES (31, 3590, 12);
insert into Citizen (idno, title, firstname, lastname, dateofbirth, gender) VALUES (3591, '', 'Albrecht', 'Peter', '1.1.1938.', 'p');
insert into CandidatesData (idno) VALUES (3591);
insert into PartyMembership (pid, idno) VALUES (35, 3591);
insert into Landeslistenplatz (llid, idno, position) VALUES (46, 3591, 12);
insert into Citizen (idno, title, firstname, lastname, dateofbirth, gender) VALUES (3592, 'Prof. ', 'Albrecht', 'Erich Willy', '1.1.1950.', 'p');
insert into CandidatesData (idno) VALUES (3592);
insert into PartyMembership (pid, idno) VALUES (33, 3592);
insert into Landeslistenplatz (llid, idno, position) VALUES (36, 3592, 18);
insert into Citizen (idno, title, firstname, lastname, dateofbirth, gender) VALUES (3593, '', 'Albsteiger', 'Katrin', '1.1.1983.', 'p');
insert into CandidatesData (idno) VALUES (3593);
insert into PartyMembership (pid, idno) VALUES (9, 3593);
insert into LandesListe (llid, year, pid, fsid) VALUES (47, 2013, 9, 4);
insert into Landeslistenplatz (llid, idno, position) VALUES (47, 3593, 30);
insert into Citizen (idno, title, firstname, lastname, dateofbirth, gender) VALUES (3594, '', 'Alkemper', 'Christian', '1.1.1967.', 'p');
insert into CandidatesData (idno) VALUES (3594);
insert into PartyMembership (pid, idno) VALUES (7, 3594);
insert into Candidacy (wkid, idno) VALUES (571, 3594);
insert into LandesListe (llid, year, pid, fsid) VALUES (48, 2013, 7, 25);
insert into Landeslistenplatz (llid, idno, position) VALUES (48, 3594, 11);
insert into Citizen (idno, title, firstname, lastname, dateofbirth, gender) VALUES (3595, '', 'Allwörden von', 'Moritz', '1.1.1985.', 'p');
insert into CandidatesData (idno) VALUES (3595);
insert into PartyMembership (pid, idno) VALUES (7, 3595);
insert into Candidacy (wkid, idno) VALUES (310, 3595);
insert into Citizen (idno, title, firstname, lastname, dateofbirth, gender) VALUES (3596, '', 'Almonacid Lessmann', 'Alexander', '1.1.1967.', 'p');
insert into CandidatesData (idno) VALUES (3596);
insert into PartyMembership (pid, idno) VALUES (7, 3596);
insert into Candidacy (wkid, idno) VALUES (525, 3596);
insert into Citizen (idno, title, firstname, lastname, dateofbirth, gender) VALUES (3597, '', 'Alpers', 'Agnes', '1.1.1961.', 'p');
insert into CandidatesData (idno) VALUES (3597);
insert into PartyMembership (pid, idno) VALUES (3, 3597);
insert into LandesListe (llid, year, pid, fsid) VALUES (49, 2013, 3, 26);
insert into Landeslistenplatz (llid, idno, position) VALUES (49, 3597, 1);
insert into Citizen (idno, title, firstname, lastname, dateofbirth, gender) VALUES (3598, '', 'Alptekin', 'Hülya', '1.1.1987.', 'p');
insert into CandidatesData (idno) VALUES (3598);
insert into PartyMembership (pid, idno) VALUES (34, 3598);
insert into LandesListe (llid, year, pid, fsid) VALUES (50, 2013, 34, 25);
insert into Landeslistenplatz (llid, idno, position) VALUES (50, 3598, 5);
insert into Citizen (idno, title, firstname, lastname, dateofbirth, gender) VALUES (3599, 'Dr. ', 'Alscher', 'Bernhard', '1.1.1957.', 'p');
insert into CandidatesData (idno) VALUES (3599);
insert into PartyMembership (pid, idno) VALUES (32, 3599);
insert into Candidacy (wkid, idno) VALUES (501, 3599);
insert into Landeslistenplatz (llid, idno, position) VALUES (29, 3599, 4);
insert into Citizen (idno, title, firstname, lastname, dateofbirth, gender) VALUES (3600, '', 'Alt', 'Renata', '1.1.1965.', 'p');
insert into CandidatesData (idno) VALUES (3600);
insert into PartyMembership (pid, idno) VALUES (4, 3600);
insert into Candidacy (wkid, idno) VALUES (561, 3600);
insert into LandesListe (llid, year, pid, fsid) VALUES (51, 2013, 4, 25);
insert into Landeslistenplatz (llid, idno, position) VALUES (51, 3600, 19);
insert into Citizen (idno, title, firstname, lastname, dateofbirth, gender) VALUES (3601, '', 'Altenkirch', 'Karl-Friedrich', '1.1.1940.', 'p');
insert into CandidatesData (idno) VALUES (3601);
insert into PartyMembership (pid, idno) VALUES (4, 3601);
insert into LandesListe (llid, year, pid, fsid) VALUES (52, 2013, 4, 30);
insert into Landeslistenplatz (llid, idno, position) VALUES (52, 3601, 8);
insert into Citizen (idno, title, firstname, lastname, dateofbirth, gender) VALUES (3602, '', 'Alter', 'Anne', '1.1.1966.', 'p');
insert into CandidatesData (idno) VALUES (3602);
insert into PartyMembership (pid, idno) VALUES (7, 3602);
insert into Candidacy (wkid, idno) VALUES (319, 3602);
insert into Landeslistenplatz (llid, idno, position) VALUES (42, 3602, 2);
insert into Citizen (idno, title, firstname, lastname, dateofbirth, gender) VALUES (3603, '', 'Altmaier', 'Peter', '1.1.1958.', 'p');
insert into CandidatesData (idno) VALUES (3603);
insert into PartyMembership (pid, idno) VALUES (12, 3603);
insert into Candidacy (wkid, idno) VALUES (596, 3603);
insert into LandesListe (llid, year, pid, fsid) VALUES (53, 2013, 12, 30);
insert into Landeslistenplatz (llid, idno, position) VALUES (53, 3603, 1);
insert into Citizen (idno, title, firstname, lastname, dateofbirth, gender) VALUES (3604, '', 'Altmann', 'Andreas', '1.1.1981.', 'p');
insert into CandidatesData (idno) VALUES (3604);
insert into PartyMembership (pid, idno) VALUES (32, 3604);
insert into Candidacy (wkid, idno) VALUES (512, 3604);
insert into Landeslistenplatz (llid, idno, position) VALUES (33, 3604, 35);
insert into Citizen (idno, title, firstname, lastname, dateofbirth, gender) VALUES (3605, '', 'Amann', 'Gregor', '1.1.1962.', 'p');
insert into CandidatesData (idno) VALUES (3605);
insert into PartyMembership (pid, idno) VALUES (2, 3605);
insert into Candidacy (wkid, idno) VALUES (481, 3605);
insert into LandesListe (llid, year, pid, fsid) VALUES (54, 2013, 2, 9);
insert into Landeslistenplatz (llid, idno, position) VALUES (54, 3605, 29);
insert into Citizen (idno, title, firstname, lastname, dateofbirth, gender) VALUES (3606, '', 'Amann', 'Harold', '1.1.1967.', 'p');
insert into CandidatesData (idno) VALUES (3606);
insert into PartyMembership (pid, idno) VALUES (15, 3606);
insert into Candidacy (wkid, idno) VALUES (513, 3606);
insert into LandesListe (llid, year, pid, fsid) VALUES (55, 2013, 15, 4);
insert into Landeslistenplatz (llid, idno, position) VALUES (55, 3606, 15);
insert into Citizen (idno, title, firstname, lastname, dateofbirth, gender) VALUES (3607, '', 'Amberger', 'Norbert', '1.1.1953.', 'p');
insert into CandidatesData (idno) VALUES (3607);
insert into PartyMembership (pid, idno) VALUES (36, 3607);
insert into LandesListe (llid, year, pid, fsid) VALUES (56, 2013, 36, 2);
insert into Landeslistenplatz (llid, idno, position) VALUES (56, 3607, 20);
insert into Citizen (idno, title, firstname, lastname, dateofbirth, gender) VALUES (3608, '', 'Amberger', 'Rita Helene', '1.1.1955.', 'p');
insert into CandidatesData (idno) VALUES (3608);
insert into PartyMembership (pid, idno) VALUES (35, 3608);
insert into LandesListe (llid, year, pid, fsid) VALUES (57, 2013, 35, 4);
insert into Landeslistenplatz (llid, idno, position) VALUES (57, 3608, 7);
insert into Citizen (idno, title, firstname, lastname, dateofbirth, gender) VALUES (3609, '', 'Ambrosius', 'Gerhard', '1.1.1940.', 'p');
insert into CandidatesData (idno) VALUES (3609);
insert into PartyMembership (pid, idno) VALUES (1, 3609);
insert into LandesListe (llid, year, pid, fsid) VALUES (58, 2013, 1, 30);
insert into Landeslistenplatz (llid, idno, position) VALUES (58, 3609, 5);
insert into Citizen (idno, title, firstname, lastname, dateofbirth, gender) VALUES (3610, '', 'Amtsberg', 'Luise', '1.1.1984.', 'p');
insert into CandidatesData (idno) VALUES (3610);
insert into PartyMembership (pid, idno) VALUES (5, 3610);
insert into Candidacy (wkid, idno) VALUES (304, 3610);
insert into LandesListe (llid, year, pid, fsid) VALUES (59, 2013, 5, 39);
insert into Landeslistenplatz (llid, idno, position) VALUES (59, 3610, 1);
insert into Citizen (idno, title, firstname, lastname, dateofbirth, gender) VALUES (3611, '', 'Anaskewitz', 'Tanja', '1.1.1977.', 'p');
insert into CandidatesData (idno) VALUES (3611);
insert into PartyMembership (pid, idno) VALUES (37, 3611);
insert into LandesListe (llid, year, pid, fsid) VALUES (60, 2013, 37, 40);
insert into Landeslistenplatz (llid, idno, position) VALUES (60, 3611, 3);
insert into Citizen (idno, title, firstname, lastname, dateofbirth, gender) VALUES (3612, '', 'Andreae', 'Kerstin', '1.1.1968.', 'p');
insert into CandidatesData (idno) VALUES (3612);
insert into PartyMembership (pid, idno) VALUES (5, 3612);
insert into Candidacy (wkid, idno) VALUES (580, 3612);
insert into LandesListe (llid, year, pid, fsid) VALUES (61, 2013, 5, 25);
insert into Landeslistenplatz (llid, idno, position) VALUES (61, 3612, 1);
insert into Citizen (idno, title, firstname, lastname, dateofbirth, gender) VALUES (3613, '', 'Andrejewski', 'Michael', '1.1.1959.', 'p');
insert into CandidatesData (idno) VALUES (3613);
insert into PartyMembership (pid, idno) VALUES (1, 3613);
insert into Candidacy (wkid, idno) VALUES (314, 3613);
insert into LandesListe (llid, year, pid, fsid) VALUES (62, 2013, 1, 42);
insert into Landeslistenplatz (llid, idno, position) VALUES (62, 3613, 2);
insert into Citizen (idno, title, firstname, lastname, dateofbirth, gender) VALUES (3614, '', 'Andrian-Werburg Freifrau von', 'Gabriele Irmgard', '1.1.1960.', 'p');
insert into CandidatesData (idno) VALUES (3614);
insert into PartyMembership (pid, idno) VALUES (29, 3614);
insert into Landeslistenplatz (llid, idno, position) VALUES (31, 3614, 26);
insert into Citizen (idno, title, firstname, lastname, dateofbirth, gender) VALUES (3615, '', 'Angermair', 'Isabel Denise', '1.1.1968.', 'p');
insert into CandidatesData (idno) VALUES (3615);
insert into PartyMembership (pid, idno) VALUES (29, 3615);
insert into Landeslistenplatz (llid, idno, position) VALUES (31, 3615, 5);
insert into Citizen (idno, title, firstname, lastname, dateofbirth, gender) VALUES (3616, '', 'Anhäuser', 'Fritz-Klaus', '1.1.1949.', 'p');
insert into CandidatesData (idno) VALUES (3616);
insert into PartyMembership (pid, idno) VALUES (33, 3616);
insert into LandesListe (llid, year, pid, fsid) VALUES (63, 2013, 33, 2);
insert into Landeslistenplatz (llid, idno, position) VALUES (63, 3616, 12);
insert into Citizen (idno, title, firstname, lastname, dateofbirth, gender) VALUES (3617, '', 'Annen', 'Niels', '1.1.1973.', 'p');
insert into CandidatesData (idno) VALUES (3617);
insert into PartyMembership (pid, idno) VALUES (2, 3617);
insert into Candidacy (wkid, idno) VALUES (319, 3617);
insert into LandesListe (llid, year, pid, fsid) VALUES (64, 2013, 2, 10);
insert into Landeslistenplatz (llid, idno, position) VALUES (64, 3617, 4);
insert into Citizen (idno, title, firstname, lastname, dateofbirth, gender) VALUES (3618, '', 'Anneser', 'Maria', '1.1.1984.', 'p');
insert into CandidatesData (idno) VALUES (3618);
insert into PartyMembership (pid, idno) VALUES (5, 3618);
insert into Candidacy (wkid, idno) VALUES (528, 3618);
insert into LandesListe (llid, year, pid, fsid) VALUES (65, 2013, 5, 4);
insert into Landeslistenplatz (llid, idno, position) VALUES (65, 3618, 21);
insert into Citizen (idno, title, firstname, lastname, dateofbirth, gender) VALUES (3619, '', 'Anspach-Papa', 'Kornelia', '1.1.1961.', 'p');
insert into CandidatesData (idno) VALUES (3619);
insert into PartyMembership (pid, idno) VALUES (12, 3619);
insert into Landeslistenplatz (llid, idno, position) VALUES (53, 3619, 9);
insert into Citizen (idno, title, firstname, lastname, dateofbirth, gender) VALUES (3620, '', 'Anton', 'Marcus', '1.1.1987.', 'p');
insert into CandidatesData (idno) VALUES (3620);
insert into PartyMembership (pid, idno) VALUES (35, 3620);
insert into LandesListe (llid, year, pid, fsid) VALUES (66, 2013, 35, 25);
insert into Landeslistenplatz (llid, idno, position) VALUES (66, 3620, 5);
insert into Citizen (idno, title, firstname, lastname, dateofbirth, gender) VALUES (3621, '', 'Aparicio de Eckelmann', 'Marta', '1.1.1952.', 'p');
insert into CandidatesData (idno) VALUES (3621);
insert into PartyMembership (pid, idno) VALUES (3, 3621);
insert into Candidacy (wkid, idno) VALUES (558, 3621);
insert into Citizen (idno, title, firstname, lastname, dateofbirth, gender) VALUES (3622, '', 'Apel', 'Rainer Karl-Heinz Hans-Helmut', '1.1.1948.', 'p');
insert into CandidatesData (idno) VALUES (3622);
insert into PartyMembership (pid, idno) VALUES (10, 3622);
insert into LandesListe (llid, year, pid, fsid) VALUES (67, 2013, 10, 9);
insert into Landeslistenplatz (llid, idno, position) VALUES (67, 3622, 6);
insert into Citizen (idno, title, firstname, lastname, dateofbirth, gender) VALUES (3623, '', 'Apfel', 'Holger', '1.1.1970.', 'p');
insert into CandidatesData (idno) VALUES (3623);
insert into PartyMembership (pid, idno) VALUES (1, 3623);
insert into LandesListe (llid, year, pid, fsid) VALUES (68, 2013, 1, 51);
insert into Landeslistenplatz (llid, idno, position) VALUES (68, 3623, 1);
insert into Citizen (idno, title, firstname, lastname, dateofbirth, gender) VALUES (3624, '', 'Appel', 'Detlef', '1.1.1955.', 'p');
insert into CandidatesData (idno) VALUES (3624);
insert into PartyMembership (pid, idno) VALUES (1, 3624);
insert into Candidacy (wkid, idno) VALUES (357, 3624);
insert into Citizen (idno, title, firstname, lastname, dateofbirth, gender) VALUES (3625, '', 'Arbabian-Vogel', 'Jasmin', '1.1.1968.', 'p');
insert into CandidatesData (idno) VALUES (3625);
insert into PartyMembership (pid, idno) VALUES (2, 3625);
insert into LandesListe (llid, year, pid, fsid) VALUES (69, 2013, 2, 3);
insert into Landeslistenplatz (llid, idno, position) VALUES (69, 3625, 32);
insert into Citizen (idno, title, firstname, lastname, dateofbirth, gender) VALUES (3626, '', 'Arendt', 'Dirk Reinhard', '1.1.1976.', 'p');
insert into CandidatesData (idno) VALUES (3626);
insert into PartyMembership (pid, idno) VALUES (1, 3626);
insert into Landeslistenplatz (llid, idno, position) VALUES (62, 3626, 7);
insert into Citizen (idno, title, firstname, lastname, dateofbirth, gender) VALUES (3627, '', 'Arens', 'Marianne', '1.1.1952.', 'p');
insert into CandidatesData (idno) VALUES (3627);
insert into PartyMembership (pid, idno) VALUES (26, 3627);
insert into LandesListe (llid, year, pid, fsid) VALUES (70, 2013, 26, 9);
insert into Landeslistenplatz (llid, idno, position) VALUES (70, 3627, 1);
insert into Citizen (idno, title, firstname, lastname, dateofbirth, gender) VALUES (3628, '', 'Armbruster', 'Gerd', '1.1.1963.', 'p');
insert into CandidatesData (idno) VALUES (3628);
insert into PartyMembership (pid, idno) VALUES (2, 3628);
insert into LandesListe (llid, year, pid, fsid) VALUES (71, 2013, 2, 2);
insert into Landeslistenplatz (llid, idno, position) VALUES (71, 3628, 17);
insert into Citizen (idno, title, firstname, lastname, dateofbirth, gender) VALUES (3629, '', 'Armstroff', 'Dörthe', '1.1.1958.', 'p');
insert into CandidatesData (idno) VALUES (3629);
insert into PartyMembership (pid, idno) VALUES (1, 3629);
insert into Candidacy (wkid, idno) VALUES (508, 3629);
insert into Citizen (idno, title, firstname, lastname, dateofbirth, gender) VALUES (3630, '', 'Armstroff', 'Klaus', '1.1.1957.', 'p');
insert into CandidatesData (idno) VALUES (3630);
insert into PartyMembership (pid, idno) VALUES (1, 3630);
insert into Candidacy (wkid, idno) VALUES (511, 3630);
insert into Citizen (idno, title, firstname, lastname, dateofbirth, gender) VALUES (3631, '', 'Arndt', 'Hans', '1.1.1957.', 'p');
insert into CandidatesData (idno) VALUES (3631);
insert into PartyMembership (pid, idno) VALUES (32, 3631);
insert into Candidacy (wkid, idno) VALUES (507, 3631);
insert into Landeslistenplatz (llid, idno, position) VALUES (29, 3631, 8);
insert into Citizen (idno, title, firstname, lastname, dateofbirth, gender) VALUES (3632, '', 'Arndt', 'Volker Andreas', '1.1.1977.', 'p');
insert into CandidatesData (idno) VALUES (3632);
insert into PartyMembership (pid, idno) VALUES (7, 3632);
insert into LandesListe (llid, year, pid, fsid) VALUES (72, 2013, 7, 4);
insert into Landeslistenplatz (llid, idno, position) VALUES (72, 3632, 20);
insert into Citizen (idno, title, firstname, lastname, dateofbirth, gender) VALUES (3633, '', 'Arndt-Brauer', 'Ingrid', '1.1.1961.', 'p');
insert into CandidatesData (idno) VALUES (3633);
insert into PartyMembership (pid, idno) VALUES (2, 3633);
insert into Candidacy (wkid, idno) VALUES (423, 3633);
insert into LandesListe (llid, year, pid, fsid) VALUES (73, 2013, 2, 5);
insert into Landeslistenplatz (llid, idno, position) VALUES (73, 3633, 6);
insert into Citizen (idno, title, firstname, lastname, dateofbirth, gender) VALUES (3634, '', 'Arnold', 'Bendrick', '1.1.1946.', 'p');
insert into CandidatesData (idno) VALUES (3634);
insert into PartyMembership (pid, idno) VALUES (13, 3634);
insert into LandesListe (llid, year, pid, fsid) VALUES (74, 2013, 13, 4);
insert into Landeslistenplatz (llid, idno, position) VALUES (74, 3634, 12);
insert into Citizen (idno, title, firstname, lastname, dateofbirth, gender) VALUES (3635, '', 'Arnold', 'Friedrich Robert', '1.1.1976.', 'p');
insert into CandidatesData (idno) VALUES (3635);
insert into PartyMembership (pid, idno) VALUES (7, 3635);
insert into LandesListe (llid, year, pid, fsid) VALUES (75, 2013, 7, 5);
insert into Landeslistenplatz (llid, idno, position) VALUES (75, 3635, 21);
insert into Citizen (idno, title, firstname, lastname, dateofbirth, gender) VALUES (3636, '', 'Arnold', 'Rainer', '1.1.1950.', 'p');
insert into CandidatesData (idno) VALUES (3636);
insert into PartyMembership (pid, idno) VALUES (2, 3636);
insert into Candidacy (wkid, idno) VALUES (561, 3636);
insert into LandesListe (llid, year, pid, fsid) VALUES (76, 2013, 2, 25);
insert into Landeslistenplatz (llid, idno, position) VALUES (76, 3636, 5);
insert into Citizen (idno, title, firstname, lastname, dateofbirth, gender) VALUES (3637, '', 'Arnold', 'Sascha', '1.1.1977.', 'p');
insert into CandidatesData (idno) VALUES (3637);
insert into PartyMembership (pid, idno) VALUES (1, 3637);
insert into Candidacy (wkid, idno) VALUES (485, 3637);
insert into Citizen (idno, title, firstname, lastname, dateofbirth, gender) VALUES (3638, '', 'Artus', 'Kersten Angela', '1.1.1964.', 'p');
insert into CandidatesData (idno) VALUES (3638);
insert into PartyMembership (pid, idno) VALUES (3, 3638);
insert into Candidacy (wkid, idno) VALUES (319, 3638);
insert into Landeslistenplatz (llid, idno, position) VALUES (41, 3638, 5);
insert into Citizen (idno, title, firstname, lastname, dateofbirth, gender) VALUES (3639, '', 'Arweiler', 'Pascal', '1.1.1992.', 'p');
insert into CandidatesData (idno) VALUES (3639);
insert into PartyMembership (pid, idno) VALUES (2, 3639);
insert into LandesListe (llid, year, pid, fsid) VALUES (77, 2013, 2, 30);
insert into Landeslistenplatz (llid, idno, position) VALUES (77, 3639, 6);
insert into Citizen (idno, title, firstname, lastname, dateofbirth, gender) VALUES (3640, '', 'Aschenberg-Dugnus', 'Christine', '1.1.1959.', 'p');
insert into CandidatesData (idno) VALUES (3640);
insert into PartyMembership (pid, idno) VALUES (4, 3640);
insert into Candidacy (wkid, idno) VALUES (303, 3640);
insert into LandesListe (llid, year, pid, fsid) VALUES (78, 2013, 4, 39);
insert into Landeslistenplatz (llid, idno, position) VALUES (78, 3640, 5);
insert into Citizen (idno, title, firstname, lastname, dateofbirth, gender) VALUES (3641, '', 'Aslanidis', 'Spiridon', '1.1.1969.', 'p');
insert into CandidatesData (idno) VALUES (3641);
insert into PartyMembership (pid, idno) VALUES (5, 3641);
insert into Candidacy (wkid, idno) VALUES (310, 3641);
insert into Landeslistenplatz (llid, idno, position) VALUES (59, 3641, 8);
insert into Citizen (idno, title, firstname, lastname, dateofbirth, gender) VALUES (3642, '', 'Assmann', 'Marcus-Alexander', '1.1.1984.', 'p');
insert into CandidatesData (idno) VALUES (3642);
insert into PartyMembership (pid, idno) VALUES (31, 3642);
insert into Candidacy (wkid, idno) VALUES (470, 3642);
insert into LandesListe (llid, year, pid, fsid) VALUES (79, 2013, 31, 9);
insert into Landeslistenplatz (llid, idno, position) VALUES (79, 3642, 16);
insert into Citizen (idno, title, firstname, lastname, dateofbirth, gender) VALUES (3643, '', 'Aßmuth', 'Bodo Dirk', '1.1.1964.', 'p');
insert into CandidatesData (idno) VALUES (3643);
insert into PartyMembership (pid, idno) VALUES (33, 3643);
insert into Candidacy (wkid, idno) VALUES (407, 3643);
insert into LandesListe (llid, year, pid, fsid) VALUES (80, 2013, 33, 5);
insert into Landeslistenplatz (llid, idno, position) VALUES (80, 3643, 21);
insert into Citizen (idno, title, firstname, lastname, dateofbirth, gender) VALUES (3644, '', 'Atalan', 'Ali', '1.1.1968.', 'p');
insert into CandidatesData (idno) VALUES (3644);
insert into PartyMembership (pid, idno) VALUES (3, 3644);
insert into Candidacy (wkid, idno) VALUES (426, 3644);
insert into Citizen (idno, title, firstname, lastname, dateofbirth, gender) VALUES (3645, '', 'Auernhammer', 'Artur Friedrich', '1.1.1963.', 'p');
insert into CandidatesData (idno) VALUES (3645);
insert into PartyMembership (pid, idno) VALUES (9, 3645);
insert into Landeslistenplatz (llid, idno, position) VALUES (47, 3645, 34);
insert into Citizen (idno, title, firstname, lastname, dateofbirth, gender) VALUES (3646, '', 'Augner', 'Claas', '1.1.1990.', 'p');
insert into CandidatesData (idno) VALUES (3646);
insert into PartyMembership (pid, idno) VALUES (31, 3646);
insert into Landeslistenplatz (llid, idno, position) VALUES (28, 3646, 10);
insert into Citizen (idno, title, firstname, lastname, dateofbirth, gender) VALUES (3647, '', 'Augustin', 'Marius', '1.1.1981.', 'p');
insert into CandidatesData (idno) VALUES (3647);
insert into PartyMembership (pid, idno) VALUES (38, 3647);
insert into Candidacy (wkid, idno) VALUES (513, 3647);
insert into Citizen (idno, title, firstname, lastname, dateofbirth, gender) VALUES (3648, '', 'Augustinowski', 'Klaus', '1.1.1937.', 'p');
insert into CandidatesData (idno) VALUES (3648);
insert into PartyMembership (pid, idno) VALUES (39, 3648);
insert into LandesListe (llid, year, pid, fsid) VALUES (81, 2013, 39, 5);
insert into Landeslistenplatz (llid, idno, position) VALUES (81, 3648, 3);
insert into Citizen (idno, title, firstname, lastname, dateofbirth, gender) VALUES (3649, '', 'Aulenbacher', 'Reiner', '1.1.1957.', 'p');
insert into CandidatesData (idno) VALUES (3649);
insert into PartyMembership (pid, idno) VALUES (13, 3649);
insert into LandesListe (llid, year, pid, fsid) VALUES (82, 2013, 13, 30);
insert into Landeslistenplatz (llid, idno, position) VALUES (82, 3649, 4);
insert into Citizen (idno, title, firstname, lastname, dateofbirth, gender) VALUES (3650, '', 'Aurnhammer', 'Tom Thomas Hans Michael', '1.1.1966.', 'p');
insert into CandidatesData (idno) VALUES (3650);
insert into PartyMembership (pid, idno) VALUES (5, 3650);
insert into Candidacy (wkid, idno) VALUES (545, 3650);
insert into Landeslistenplatz (llid, idno, position) VALUES (65, 3650, 30);
insert into Citizen (idno, title, firstname, lastname, dateofbirth, gender) VALUES (3651, '', 'Außendorf', 'Maik', '1.1.1971.', 'p');
insert into CandidatesData (idno) VALUES (3651);
insert into PartyMembership (pid, idno) VALUES (5, 3651);
insert into Candidacy (wkid, idno) VALUES (399, 3651);
insert into LandesListe (llid, year, pid, fsid) VALUES (83, 2013, 5, 5);
insert into Landeslistenplatz (llid, idno, position) VALUES (83, 3651, 36);
insert into Citizen (idno, title, firstname, lastname, dateofbirth, gender) VALUES (3652, '', 'Aust', 'Jonas', '1.1.1990.', 'p');
insert into CandidatesData (idno) VALUES (3652);
insert into PartyMembership (pid, idno) VALUES (7, 3652);
insert into Candidacy (wkid, idno) VALUES (430, 3652);
insert into Citizen (idno, title, firstname, lastname, dateofbirth, gender) VALUES (3653, '', 'Aye', 'Werner', '1.1.1950.', 'p');
insert into CandidatesData (idno) VALUES (3653);
insert into PartyMembership (pid, idno) VALUES (36, 3653);
insert into LandesListe (llid, year, pid, fsid) VALUES (84, 2013, 36, 5);
insert into Landeslistenplatz (llid, idno, position) VALUES (84, 3653, 10);
insert into Citizen (idno, title, firstname, lastname, dateofbirth, gender) VALUES (3654, '', 'Aymaz', 'Berivan', '1.1.1972.', 'p');
insert into CandidatesData (idno) VALUES (3654);
insert into PartyMembership (pid, idno) VALUES (5, 3654);
insert into Candidacy (wkid, idno) VALUES (392, 3654);
insert into Citizen (idno, title, firstname, lastname, dateofbirth, gender) VALUES (3655, '', 'Baare', 'Johannes', '1.1.1978.', 'p');
insert into CandidatesData (idno) VALUES (3655);
insert into PartyMembership (pid, idno) VALUES (33, 3655);
insert into Landeslistenplatz (llid, idno, position) VALUES (36, 3655, 15);
insert into Citizen (idno, title, firstname, lastname, dateofbirth, gender) VALUES (3656, '', 'Babatankuz', 'Mehmet', '1.1.1960.', 'p');
insert into CandidatesData (idno) VALUES (3656);
insert into Candidacy (wkid, idno) VALUES (389, 3656);
insert into Citizen (idno, title, firstname, lastname, dateofbirth, gender) VALUES (3657, '', 'Baberowski', 'Nadja', '1.1.1987.', 'p');
insert into CandidatesData (idno) VALUES (3657);
insert into PartyMembership (pid, idno) VALUES (7, 3657);
insert into LandesListe (llid, year, pid, fsid) VALUES (85, 2013, 7, 51);
insert into Landeslistenplatz (llid, idno, position) VALUES (85, 3657, 5);
insert into Citizen (idno, title, firstname, lastname, dateofbirth, gender) VALUES (3658, '', 'Babic', 'Safet', '1.1.1981.', 'p');
insert into CandidatesData (idno) VALUES (3658);
insert into PartyMembership (pid, idno) VALUES (1, 3658);
insert into Candidacy (wkid, idno) VALUES (503, 3658);
insert into LandesListe (llid, year, pid, fsid) VALUES (86, 2013, 1, 2);
insert into Landeslistenplatz (llid, idno, position) VALUES (86, 3658, 3);
insert into Citizen (idno, title, firstname, lastname, dateofbirth, gender) VALUES (3659, '', 'Bablick', 'Raphael', '1.1.1978.', 'p');
insert into CandidatesData (idno) VALUES (3659);
insert into PartyMembership (pid, idno) VALUES (32, 3659);
insert into Candidacy (wkid, idno) VALUES (513, 3659);
insert into Landeslistenplatz (llid, idno, position) VALUES (33, 3659, 24);
insert into Citizen (idno, title, firstname, lastname, dateofbirth, gender) VALUES (3660, '', 'Bach', 'Bela', '1.1.1990.', 'p');
insert into CandidatesData (idno) VALUES (3660);
insert into PartyMembership (pid, idno) VALUES (2, 3660);
insert into Candidacy (wkid, idno) VALUES (521, 3660);
insert into LandesListe (llid, year, pid, fsid) VALUES (87, 2013, 2, 4);
insert into Landeslistenplatz (llid, idno, position) VALUES (87, 3660, 32);
insert into Citizen (idno, title, firstname, lastname, dateofbirth, gender) VALUES (3661, '', 'Bach', 'Sebastian Freimund', '1.1.1982.', 'p');
insert into CandidatesData (idno) VALUES (3661);
insert into PartyMembership (pid, idno) VALUES (3, 3661);
insert into Landeslistenplatz (llid, idno, position) VALUES (79, 3661, 9);
insert into Citizen (idno, title, firstname, lastname, dateofbirth, gender) VALUES (3662, '', 'Bachmann', 'Brigitte', '1.1.1956.', 'p');
insert into CandidatesData (idno) VALUES (3662);
insert into PartyMembership (pid, idno) VALUES (2, 3662);
insert into Candidacy (wkid, idno) VALUES (531, 3662);
insert into Landeslistenplatz (llid, idno, position) VALUES (87, 3662, 34);
insert into Citizen (idno, title, firstname, lastname, dateofbirth, gender) VALUES (3663, '', 'Backes', 'Veronika', '1.1.1956.', 'p');
insert into CandidatesData (idno) VALUES (3663);
insert into PartyMembership (pid, idno) VALUES (12, 3663);
insert into LandesListe (llid, year, pid, fsid) VALUES (88, 2013, 12, 9);
insert into Landeslistenplatz (llid, idno, position) VALUES (88, 3663, 46);
insert into Citizen (idno, title, firstname, lastname, dateofbirth, gender) VALUES (3664, '', 'Bade', 'Hartmut', '1.1.1961.', 'p');
insert into CandidatesData (idno) VALUES (3664);
insert into PartyMembership (pid, idno) VALUES (4, 3664);
insert into Candidacy (wkid, idno) VALUES (374, 3664);
insert into LandesListe (llid, year, pid, fsid) VALUES (89, 2013, 4, 1);
insert into Landeslistenplatz (llid, idno, position) VALUES (89, 3664, 8);
insert into Citizen (idno, title, firstname, lastname, dateofbirth, gender) VALUES (3665, '', 'Bader', 'Jürgen Albert Richard', '1.1.1960.', 'p');
insert into CandidatesData (idno) VALUES (3665);
insert into PartyMembership (pid, idno) VALUES (13, 3665);
insert into Candidacy (wkid, idno) VALUES (318, 3665);
insert into LandesListe (llid, year, pid, fsid) VALUES (90, 2013, 13, 10);
insert into Landeslistenplatz (llid, idno, position) VALUES (90, 3665, 2);
insert into Citizen (idno, title, firstname, lastname, dateofbirth, gender) VALUES (3666, '', 'Bader', 'Nils', '1.1.1980.', 'p');
insert into CandidatesData (idno) VALUES (3666);
insert into PartyMembership (pid, idno) VALUES (2, 3666);
insert into Landeslistenplatz (llid, idno, position) VALUES (69, 3666, 53);
insert into Citizen (idno, title, firstname, lastname, dateofbirth, gender) VALUES (3667, '', 'Badum', 'Lisa', '1.1.1983.', 'p');
insert into CandidatesData (idno) VALUES (3667);
insert into PartyMembership (pid, idno) VALUES (5, 3667);
insert into Landeslistenplatz (llid, idno, position) VALUES (65, 3667, 13);
insert into Citizen (idno, title, firstname, lastname, dateofbirth, gender) VALUES (3668, '', 'Bächle-Blum', 'Christel', '1.1.1959.', 'p');
insert into CandidatesData (idno) VALUES (3668);
insert into PartyMembership (pid, idno) VALUES (32, 3668);
insert into Candidacy (wkid, idno) VALUES (585, 3668);
insert into LandesListe (llid, year, pid, fsid) VALUES (91, 2013, 32, 25);
insert into Landeslistenplatz (llid, idno, position) VALUES (91, 3668, 2);
insert into Citizen (idno, title, firstname, lastname, dateofbirth, gender) VALUES (3669, 'Dr. ', 'Bähr', 'Jürgen', '1.1.1948.', 'p');
insert into CandidatesData (idno) VALUES (3669);
insert into PartyMembership (pid, idno) VALUES (32, 3669);
insert into LandesListe (llid, year, pid, fsid) VALUES (92, 2013, 32, 40);
insert into Landeslistenplatz (llid, idno, position) VALUES (92, 3669, 5);
insert into Citizen (idno, title, firstname, lastname, dateofbirth, gender) VALUES (3670, '', 'Bähr-Losse', 'Bettina', '1.1.1967.', 'p');
insert into CandidatesData (idno) VALUES (3670);
insert into PartyMembership (pid, idno) VALUES (2, 3670);
insert into Candidacy (wkid, idno) VALUES (397, 3670);
insert into Landeslistenplatz (llid, idno, position) VALUES (73, 3670, 36);
insert into Citizen (idno, title, firstname, lastname, dateofbirth, gender) VALUES (3671, '', 'Baehrens', 'Heike', '1.1.1955.', 'p');
insert into CandidatesData (idno) VALUES (3671);
insert into PartyMembership (pid, idno) VALUES (2, 3671);
insert into Candidacy (wkid, idno) VALUES (562, 3671);
insert into Landeslistenplatz (llid, idno, position) VALUES (76, 3671, 16);
insert into Citizen (idno, title, firstname, lastname, dateofbirth, gender) VALUES (3672, '', 'Bär', 'Dorothee', '1.1.1978.', 'p');
insert into CandidatesData (idno) VALUES (3672);
insert into PartyMembership (pid, idno) VALUES (9, 3672);
insert into Candidacy (wkid, idno) VALUES (547, 3672);
insert into Landeslistenplatz (llid, idno, position) VALUES (47, 3672, 6);
insert into Citizen (idno, title, firstname, lastname, dateofbirth, gender) VALUES (3673, '', 'Bär', 'Karl', '1.1.1985.', 'p');
insert into CandidatesData (idno) VALUES (3673);
insert into PartyMembership (pid, idno) VALUES (5, 3673);
insert into Candidacy (wkid, idno) VALUES (523, 3673);
insert into Landeslistenplatz (llid, idno, position) VALUES (65, 3673, 14);
insert into Citizen (idno, title, firstname, lastname, dateofbirth, gender) VALUES (3674, '', 'Baerbock', 'Annalena Charlotte Alma', '1.1.1980.', 'p');
insert into CandidatesData (idno) VALUES (3674);
insert into PartyMembership (pid, idno) VALUES (5, 3674);
insert into Candidacy (wkid, idno) VALUES (360, 3674);
insert into LandesListe (llid, year, pid, fsid) VALUES (93, 2013, 5, 40);
insert into Landeslistenplatz (llid, idno, position) VALUES (93, 3674, 1);
insert into Citizen (idno, title, firstname, lastname, dateofbirth, gender) VALUES (3675, '', 'Bärisch', 'Andreas', '1.1.1981.', 'p');
insert into CandidatesData (idno) VALUES (3675);
insert into PartyMembership (pid, idno) VALUES (7, 3675);
insert into Candidacy (wkid, idno) VALUES (454, 3675);
insert into Citizen (idno, title, firstname, lastname, dateofbirth, gender) VALUES (3676, '', 'Bätge', 'Carsten', '1.1.1967.', 'p');
insert into CandidatesData (idno) VALUES (3676);
insert into PartyMembership (pid, idno) VALUES (7, 3676);
insert into LandesListe (llid, year, pid, fsid) VALUES (94, 2013, 7, 3);
insert into Landeslistenplatz (llid, idno, position) VALUES (94, 3676, 15);
insert into Citizen (idno, title, firstname, lastname, dateofbirth, gender) VALUES (3677, '', 'Bäther', 'Heiner', '1.1.1969.', 'p');
insert into CandidatesData (idno) VALUES (3677);
insert into PartyMembership (pid, idno) VALUES (3, 3677);
insert into LandesListe (llid, year, pid, fsid) VALUES (95, 2013, 3, 5);
insert into Landeslistenplatz (llid, idno, position) VALUES (95, 3677, 19);
insert into Citizen (idno, title, firstname, lastname, dateofbirth, gender) VALUES (3678, '', 'Bätzing-Lichtenthäler', 'Sabine', '1.1.1975.', 'p');
insert into CandidatesData (idno) VALUES (3678);
insert into PartyMembership (pid, idno) VALUES (2, 3678);
insert into Candidacy (wkid, idno) VALUES (497, 3678);
insert into Landeslistenplatz (llid, idno, position) VALUES (71, 3678, 3);
insert into Citizen (idno, title, firstname, lastname, dateofbirth, gender) VALUES (3679, '', 'Bäuerle', 'Peter', '1.1.1951.', 'p');
insert into CandidatesData (idno) VALUES (3679);
insert into PartyMembership (pid, idno) VALUES (13, 3679);
insert into Candidacy (wkid, idno) VALUES (559, 3679);
insert into LandesListe (llid, year, pid, fsid) VALUES (96, 2013, 13, 25);
insert into Landeslistenplatz (llid, idno, position) VALUES (96, 3679, 11);
insert into Citizen (idno, title, firstname, lastname, dateofbirth, gender) VALUES (3680, '', 'Bäz-Dölle', 'Uwe', '1.1.1966.', 'p');
insert into CandidatesData (idno) VALUES (3680);
insert into PartyMembership (pid, idno) VALUES (1, 3680);
insert into Candidacy (wkid, idno) VALUES (495, 3680);
insert into LandesListe (llid, year, pid, fsid) VALUES (97, 2013, 1, 19);
insert into Landeslistenplatz (llid, idno, position) VALUES (97, 3680, 6);
insert into Citizen (idno, title, firstname, lastname, dateofbirth, gender) VALUES (3681, '', 'Bahmann', 'Uwe', '1.1.1958.', 'p');
insert into CandidatesData (idno) VALUES (3681);
insert into PartyMembership (pid, idno) VALUES (33, 3681);
insert into Candidacy (wkid, idno) VALUES (386, 3681);
insert into Citizen (idno, title, firstname, lastname, dateofbirth, gender) VALUES (3682, '', 'Bahr', 'Daniel', '1.1.1976.', 'p');
insert into CandidatesData (idno) VALUES (3682);
insert into PartyMembership (pid, idno) VALUES (4, 3682);
insert into Candidacy (wkid, idno) VALUES (428, 3682);
insert into LandesListe (llid, year, pid, fsid) VALUES (98, 2013, 4, 5);
insert into Landeslistenplatz (llid, idno, position) VALUES (98, 3682, 2);
insert into Citizen (idno, title, firstname, lastname, dateofbirth, gender) VALUES (3683, '', 'Bahr', 'Ulrike Renate Martina', '1.1.1964.', 'p');
insert into CandidatesData (idno) VALUES (3683);
insert into PartyMembership (pid, idno) VALUES (2, 3683);
insert into Candidacy (wkid, idno) VALUES (551, 3683);
insert into Landeslistenplatz (llid, idno, position) VALUES (87, 3683, 16);
insert into Citizen (idno, title, firstname, lastname, dateofbirth, gender) VALUES (3684, '', 'Bahtiri', 'Tatjana', '1.1.1977.', 'p');
insert into CandidatesData (idno) VALUES (3684);
insert into PartyMembership (pid, idno) VALUES (19, 3684);
insert into LandesListe (llid, year, pid, fsid) VALUES (99, 2013, 19, 5);
insert into Landeslistenplatz (llid, idno, position) VALUES (99, 3684, 5);
insert into Citizen (idno, title, firstname, lastname, dateofbirth, gender) VALUES (3685, '', 'Balbin', 'Björn-Christopher', '1.1.1971.', 'p');
insert into CandidatesData (idno) VALUES (3685);
insert into PartyMembership (pid, idno) VALUES (1, 3685);
insert into Candidacy (wkid, idno) VALUES (520, 3685);
insert into Citizen (idno, title, firstname, lastname, dateofbirth, gender) VALUES (3686, '', 'Balci', 'Osman', '1.1.1963.', 'p');
insert into CandidatesData (idno) VALUES (3686);
insert into PartyMembership (pid, idno) VALUES (34, 3686);
insert into Landeslistenplatz (llid, idno, position) VALUES (50, 3686, 8);
insert into Citizen (idno, title, firstname, lastname, dateofbirth, gender) VALUES (3687, '', 'Balck', 'Angelika', '1.1.1972.', 'p');
insert into CandidatesData (idno) VALUES (3687);
insert into PartyMembership (pid, idno) VALUES (18, 3687);
insert into Landeslistenplatz (llid, idno, position) VALUES (37, 3687, 3);
insert into Citizen (idno, title, firstname, lastname, dateofbirth, gender) VALUES (3688, '', 'Balck', 'Dieter', '1.1.1941.', 'p');
insert into CandidatesData (idno) VALUES (3688);
insert into PartyMembership (pid, idno) VALUES (18, 3688);
insert into Landeslistenplatz (llid, idno, position) VALUES (37, 3688, 2);
insert into Citizen (idno, title, firstname, lastname, dateofbirth, gender) VALUES (3689, '', 'Baldes', 'Franziska', '1.1.1969.', 'p');
insert into CandidatesData (idno) VALUES (3689);
insert into PartyMembership (pid, idno) VALUES (13, 3689);
insert into Landeslistenplatz (llid, idno, position) VALUES (90, 3689, 3);
insert into Citizen (idno, title, firstname, lastname, dateofbirth, gender) VALUES (3690, '', 'Balg', 'Torsten', '1.1.1971.', 'p');
insert into CandidatesData (idno) VALUES (3690);
insert into PartyMembership (pid, idno) VALUES (36, 3690);
insert into Landeslistenplatz (llid, idno, position) VALUES (56, 3690, 24);
insert into Citizen (idno, title, firstname, lastname, dateofbirth, gender) VALUES (3691, 'Dr. ', 'Balke', 'Michael', '1.1.1954.', 'p');
insert into CandidatesData (idno) VALUES (3691);
insert into PartyMembership (pid, idno) VALUES (33, 3691);
insert into Landeslistenplatz (llid, idno, position) VALUES (80, 3691, 2);
insert into Citizen (idno, title, firstname, lastname, dateofbirth, gender) VALUES (3692, '', 'Balke', 'Michael', '1.1.1967.', 'p');
insert into CandidatesData (idno) VALUES (3692);
insert into PartyMembership (pid, idno) VALUES (7, 3692);
insert into Candidacy (wkid, idno) VALUES (468, 3692);
insert into Citizen (idno, title, firstname, lastname, dateofbirth, gender) VALUES (3693, '', 'Ballerstädt', 'Kay-Olaf', '1.1.1980.', 'p');
insert into CandidatesData (idno) VALUES (3693);
insert into PartyMembership (pid, idno) VALUES (32, 3693);
insert into Candidacy (wkid, idno) VALUES (573, 3693);
insert into Landeslistenplatz (llid, idno, position) VALUES (91, 3693, 25);
insert into Citizen (idno, title, firstname, lastname, dateofbirth, gender) VALUES (3694, '', 'Bambach', 'Rüdiger Horst', '1.1.1939.', 'p');
insert into CandidatesData (idno) VALUES (3694);
insert into PartyMembership (pid, idno) VALUES (4, 3694);
insert into LandesListe (llid, year, pid, fsid) VALUES (100, 2013, 4, 10);
insert into Landeslistenplatz (llid, idno, position) VALUES (100, 3694, 10);
insert into Citizen (idno, title, firstname, lastname, dateofbirth, gender) VALUES (3695, 'Dr. ', 'Bank', 'Sabine', '1.1.1954.', 'p');
insert into CandidatesData (idno) VALUES (3695);
insert into PartyMembership (pid, idno) VALUES (32, 3695);
insert into Candidacy (wkid, idno) VALUES (311, 3695);
insert into LandesListe (llid, year, pid, fsid) VALUES (101, 2013, 32, 42);
insert into Landeslistenplatz (llid, idno, position) VALUES (101, 3695, 7);
insert into Citizen (idno, title, firstname, lastname, dateofbirth, gender) VALUES (3696, '', 'Bannert', 'Markus', '1.1.1976.', 'p');
insert into CandidatesData (idno) VALUES (3696);
insert into PartyMembership (pid, idno) VALUES (3, 3696);
insert into Candidacy (wkid, idno) VALUES (513, 3696);
insert into Citizen (idno, title, firstname, lastname, dateofbirth, gender) VALUES (3697, '', 'Bannert', 'Stefan', '1.1.1966.', 'p');
insert into CandidatesData (idno) VALUES (3697);
insert into PartyMembership (pid, idno) VALUES (3, 3697);
insert into Candidacy (wkid, idno) VALUES (547, 3697);
insert into Citizen (idno, title, firstname, lastname, dateofbirth, gender) VALUES (3698, '', 'Bante', 'Bernd', '1.1.1964.', 'p');
insert into CandidatesData (idno) VALUES (3698);
insert into PartyMembership (pid, idno) VALUES (2, 3698);
insert into Candidacy (wkid, idno) VALUES (552, 3698);
insert into Landeslistenplatz (llid, idno, position) VALUES (87, 3698, 41);
insert into Citizen (idno, title, firstname, lastname, dateofbirth, gender) VALUES (3699, 'Dr. ', 'Barbas', 'Helena', '1.1.1978.', 'p');
insert into CandidatesData (idno) VALUES (3699);
insert into PartyMembership (pid, idno) VALUES (31, 3699);
insert into Candidacy (wkid, idno) VALUES (382, 3699);
insert into Landeslistenplatz (llid, idno, position) VALUES (28, 3699, 1);
insert into Citizen (idno, title, firstname, lastname, dateofbirth, gender) VALUES (3700, '', 'Barboucha', 'Ahmed', '1.1.1964.', 'p');
insert into CandidatesData (idno) VALUES (3700);
insert into PartyMembership (pid, idno) VALUES (34, 3700);
insert into Landeslistenplatz (llid, idno, position) VALUES (32, 3700, 11);
insert into Citizen (idno, title, firstname, lastname, dateofbirth, gender) VALUES (3701, '', 'Barchmann', 'Heinz-Joachim', '1.1.1950.', 'p');
insert into CandidatesData (idno) VALUES (3701);
insert into PartyMembership (pid, idno) VALUES (2, 3701);
insert into Candidacy (wkid, idno) VALUES (350, 3701);
insert into Landeslistenplatz (llid, idno, position) VALUES (69, 3701, 19);
insert into Citizen (idno, title, firstname, lastname, dateofbirth, gender) VALUES (3702, '', 'Bard', 'Dennis', '1.1.1983.', 'p');
insert into CandidatesData (idno) VALUES (3702);
insert into PartyMembership (pid, idno) VALUES (3, 3702);
insert into Candidacy (wkid, idno) VALUES (597, 3702);
insert into Citizen (idno, title, firstname, lastname, dateofbirth, gender) VALUES (3703, '', 'Bareiß', 'Thomas', '1.1.1975.', 'p');
insert into CandidatesData (idno) VALUES (3703);
insert into PartyMembership (pid, idno) VALUES (12, 3703);
insert into Candidacy (wkid, idno) VALUES (594, 3703);
insert into Citizen (idno, title, firstname, lastname, dateofbirth, gender) VALUES (3704, '', 'Barenhoff', 'Markus', '1.1.1980.', 'p');
insert into CandidatesData (idno) VALUES (3704);
insert into PartyMembership (pid, idno) VALUES (7, 3704);
insert into Landeslistenplatz (llid, idno, position) VALUES (75, 3704, 8);
insert into Citizen (idno, title, firstname, lastname, dateofbirth, gender) VALUES (3705, '', 'Barimis', 'Michel', '1.1.1987.', 'p');
insert into CandidatesData (idno) VALUES (3705);
insert into PartyMembership (pid, idno) VALUES (13, 3705);
insert into Landeslistenplatz (llid, idno, position) VALUES (74, 3705, 11);
insert into Citizen (idno, title, firstname, lastname, dateofbirth, gender) VALUES (3706, '', 'Barkauskas', 'Constantin', '1.1.1980.', 'p');
insert into CandidatesData (idno) VALUES (3706);
insert into PartyMembership (pid, idno) VALUES (19, 3706);
insert into Landeslistenplatz (llid, idno, position) VALUES (40, 3706, 46);
insert into Citizen (idno, title, firstname, lastname, dateofbirth, gender) VALUES (3707, 'Dr. ', 'Barley', 'Katarina', '1.1.1968.', 'p');
insert into CandidatesData (idno) VALUES (3707);
insert into PartyMembership (pid, idno) VALUES (2, 3707);
insert into Candidacy (wkid, idno) VALUES (503, 3707);
insert into Landeslistenplatz (llid, idno, position) VALUES (71, 3707, 7);
insert into Citizen (idno, title, firstname, lastname, dateofbirth, gender) VALUES (3708, '', 'Barnett', 'Doris', '1.1.1953.', 'p');
insert into CandidatesData (idno) VALUES (3708);
insert into PartyMembership (pid, idno) VALUES (2, 3708);
insert into Candidacy (wkid, idno) VALUES (507, 3708);
insert into Landeslistenplatz (llid, idno, position) VALUES (71, 3708, 5);
insert into Citizen (idno, title, firstname, lastname, dateofbirth, gender) VALUES (3709, 'Dr. ', 'Barschdorf', 'Jens Uwe', '1.1.1982.', 'p');
insert into CandidatesData (idno) VALUES (3709);
insert into PartyMembership (pid, idno) VALUES (4, 3709);
insert into Candidacy (wkid, idno) VALUES (514, 3709);
insert into LandesListe (llid, year, pid, fsid) VALUES (102, 2013, 4, 4);
insert into Landeslistenplatz (llid, idno, position) VALUES (102, 3709, 13);
insert into Citizen (idno, title, firstname, lastname, dateofbirth, gender) VALUES (3710, 'Dr. ', 'Bartels', 'Hans-Peter', '1.1.1961.', 'p');
insert into CandidatesData (idno) VALUES (3710);
insert into PartyMembership (pid, idno) VALUES (2, 3710);
insert into Candidacy (wkid, idno) VALUES (304, 3710);
insert into LandesListe (llid, year, pid, fsid) VALUES (103, 2013, 2, 39);
insert into Landeslistenplatz (llid, idno, position) VALUES (103, 3710, 7);
insert into Citizen (idno, title, firstname, lastname, dateofbirth, gender) VALUES (3711, '', 'Bartelt', 'Christian', '1.1.1976.', 'p');
insert into CandidatesData (idno) VALUES (3711);
insert into PartyMembership (pid, idno) VALUES (4, 3711);
insert into Candidacy (wkid, idno) VALUES (315, 3711);
insert into LandesListe (llid, year, pid, fsid) VALUES (104, 2013, 4, 42);
insert into Landeslistenplatz (llid, idno, position) VALUES (104, 3711, 4);
insert into Citizen (idno, title, firstname, lastname, dateofbirth, gender) VALUES (3712, '', 'Barth', 'Cornelia', '1.1.1958.', 'p');
insert into CandidatesData (idno) VALUES (3712);
insert into PartyMembership (pid, idno) VALUES (3, 3712);
insert into Landeslistenplatz (llid, idno, position) VALUES (49, 3712, 5);
insert into Citizen (idno, title, firstname, lastname, dateofbirth, gender) VALUES (3713, '', 'Barth', 'Volker', '1.1.1962.', 'p');
insert into CandidatesData (idno) VALUES (3713);
insert into PartyMembership (pid, idno) VALUES (12, 3713);
insert into LandesListe (llid, year, pid, fsid) VALUES (105, 2013, 12, 25);
insert into Landeslistenplatz (llid, idno, position) VALUES (105, 3713, 44);
insert into Citizen (idno, title, firstname, lastname, dateofbirth, gender) VALUES (3714, '', 'Barthel', 'Klaus', '1.1.1955.', 'p');
insert into CandidatesData (idno) VALUES (3714);
insert into PartyMembership (pid, idno) VALUES (2, 3714);
insert into Candidacy (wkid, idno) VALUES (523, 3714);
insert into Landeslistenplatz (llid, idno, position) VALUES (87, 3714, 5);
insert into Citizen (idno, title, firstname, lastname, dateofbirth, gender) VALUES (3715, '', 'Barthle', 'Norbert', '1.1.1952.', 'p');
insert into CandidatesData (idno) VALUES (3715);
insert into PartyMembership (pid, idno) VALUES (12, 3715);
insert into Candidacy (wkid, idno) VALUES (568, 3715);
insert into Citizen (idno, title, firstname, lastname, dateofbirth, gender) VALUES (3716, '', 'Bartholomé', 'Anna', '1.1.1949.', 'p');
insert into CandidatesData (idno) VALUES (3716);
insert into PartyMembership (pid, idno) VALUES (13, 3716);
insert into LandesListe (llid, year, pid, fsid) VALUES (106, 2013, 13, 2);
insert into Landeslistenplatz (llid, idno, position) VALUES (106, 3716, 3);
insert into Citizen (idno, title, firstname, lastname, dateofbirth, gender) VALUES (3717, 'Dr. ', 'Bartke', 'Matthias', '1.1.1959.', 'p');
insert into CandidatesData (idno) VALUES (3717);
insert into PartyMembership (pid, idno) VALUES (2, 3717);
insert into Candidacy (wkid, idno) VALUES (318, 3717);
insert into Citizen (idno, title, firstname, lastname, dateofbirth, gender) VALUES (3718, '', 'Bartl', 'Franziska Andrea', '1.1.1985.', 'p');
insert into CandidatesData (idno) VALUES (3718);
insert into PartyMembership (pid, idno) VALUES (2, 3718);
insert into Landeslistenplatz (llid, idno, position) VALUES (87, 3718, 45);
insert into Citizen (idno, title, firstname, lastname, dateofbirth, gender) VALUES (3719, '', 'Bartol', 'Sören', '1.1.1974.', 'p');
insert into CandidatesData (idno) VALUES (3719);
insert into PartyMembership (pid, idno) VALUES (2, 3719);
insert into Candidacy (wkid, idno) VALUES (470, 3719);
insert into Landeslistenplatz (llid, idno, position) VALUES (54, 3719, 7);
insert into Citizen (idno, title, firstname, lastname, dateofbirth, gender) VALUES (3720, 'Dr. ', 'Bartsch', 'Dietmar Gerhard', '1.1.1958.', 'p');
insert into CandidatesData (idno) VALUES (3720);
insert into PartyMembership (pid, idno) VALUES (3, 3720);
insert into Candidacy (wkid, idno) VALUES (311, 3720);
insert into LandesListe (llid, year, pid, fsid) VALUES (107, 2013, 3, 42);
insert into Landeslistenplatz (llid, idno, position) VALUES (107, 3720, 1);
insert into Citizen (idno, title, firstname, lastname, dateofbirth, gender) VALUES (3721, '', 'Bartsch', 'Martin', '1.1.1971.', 'p');
insert into CandidatesData (idno) VALUES (3721);
insert into PartyMembership (pid, idno) VALUES (7, 3721);
insert into Candidacy (wkid, idno) VALUES (570, 3721);
insert into Landeslistenplatz (llid, idno, position) VALUES (48, 3721, 13);
insert into Citizen (idno, title, firstname, lastname, dateofbirth, gender) VALUES (3722, '', 'Bartsch', 'Thomas', '1.1.1960.', 'p');
insert into CandidatesData (idno) VALUES (3722);
insert into PartyMembership (pid, idno) VALUES (3, 3722);
insert into Candidacy (wkid, idno) VALUES (327, 3722);
insert into Citizen (idno, title, firstname, lastname, dateofbirth, gender) VALUES (3723, '', 'Bartz', 'Julia', '1.1.1984.', 'p');
insert into CandidatesData (idno) VALUES (3723);
insert into PartyMembership (pid, idno) VALUES (9, 3723);
insert into Landeslistenplatz (llid, idno, position) VALUES (47, 3723, 39);
insert into Citizen (idno, title, firstname, lastname, dateofbirth, gender) VALUES (3724, '', 'Barutta', 'Bernhard Heinrich', '1.1.1961.', 'p');
insert into CandidatesData (idno) VALUES (3724);
insert into PartyMembership (pid, idno) VALUES (33, 3724);
insert into Landeslistenplatz (llid, idno, position) VALUES (36, 3724, 16);
insert into Citizen (idno, title, firstname, lastname, dateofbirth, gender) VALUES (3725, '', 'Barz', 'Monika', '1.1.1953.', 'p');
insert into CandidatesData (idno) VALUES (3725);
insert into PartyMembership (pid, idno) VALUES (5, 3725);
insert into Landeslistenplatz (llid, idno, position) VALUES (61, 3725, 37);
insert into Citizen (idno, title, firstname, lastname, dateofbirth, gender) VALUES (3726, '', 'Bas', 'Bärbel', '1.1.1968.', 'p');
insert into CandidatesData (idno) VALUES (3726);
insert into PartyMembership (pid, idno) VALUES (2, 3726);
insert into Candidacy (wkid, idno) VALUES (414, 3726);
insert into Landeslistenplatz (llid, idno, position) VALUES (73, 3726, 30);
insert into Citizen (idno, title, firstname, lastname, dateofbirth, gender) VALUES (3727, '', 'Basibüyück', 'Aslan', '1.1.1976.', 'p');
insert into CandidatesData (idno) VALUES (3727);
insert into PartyMembership (pid, idno) VALUES (33, 3727);
insert into Landeslistenplatz (llid, idno, position) VALUES (63, 3727, 4);
insert into Citizen (idno, title, firstname, lastname, dateofbirth, gender) VALUES (3728, '', 'Bastian', 'Anke', '1.1.1967.', 'p');
insert into CandidatesData (idno) VALUES (3728);
insert into PartyMembership (pid, idno) VALUES (32, 3728);
insert into Candidacy (wkid, idno) VALUES (348, 3728);
insert into LandesListe (llid, year, pid, fsid) VALUES (108, 2013, 32, 3);
insert into Landeslistenplatz (llid, idno, position) VALUES (108, 3728, 2);
insert into Citizen (idno, title, firstname, lastname, dateofbirth, gender) VALUES (3729, 'Dr. ', 'Bastian', 'Uwe', '1.1.1957.', 'p');
insert into CandidatesData (idno) VALUES (3729);
insert into PartyMembership (pid, idno) VALUES (7, 3729);
insert into Candidacy (wkid, idno) VALUES (315, 3729);
insert into LandesListe (llid, year, pid, fsid) VALUES (109, 2013, 7, 42);
insert into Landeslistenplatz (llid, idno, position) VALUES (109, 3729, 3);
insert into Citizen (idno, title, firstname, lastname, dateofbirth, gender) VALUES (3730, '', 'Bastian', 'Endrik', '1.1.1964.', 'p');
insert into CandidatesData (idno) VALUES (3730);
insert into PartyMembership (pid, idno) VALUES (26, 3730);
insert into LandesListe (llid, year, pid, fsid) VALUES (110, 2013, 26, 1);
insert into Landeslistenplatz (llid, idno, position) VALUES (110, 3730, 4);
insert into Citizen (idno, title, firstname, lastname, dateofbirth, gender) VALUES (3731, '', 'Bastian', 'Thorsten Winfried', '1.1.1972.', 'p');
insert into CandidatesData (idno) VALUES (3731);
insert into PartyMembership (pid, idno) VALUES (33, 3731);
insert into LandesListe (llid, year, pid, fsid) VALUES (111, 2013, 33, 39);
insert into Landeslistenplatz (llid, idno, position) VALUES (111, 3731, 15);
insert into Citizen (idno, title, firstname, lastname, dateofbirth, gender) VALUES (3732, '', 'Battke', 'Lutz', '1.1.1958.', 'p');
insert into CandidatesData (idno) VALUES (3732);
insert into PartyMembership (pid, idno) VALUES (1, 3732);
insert into Landeslistenplatz (llid, idno, position) VALUES (38, 3732, 3);
insert into Citizen (idno, title, firstname, lastname, dateofbirth, gender) VALUES (3733, '', 'Bauer', 'Adolf', '1.1.1934.', 'p');
insert into CandidatesData (idno) VALUES (3733);
insert into PartyMembership (pid, idno) VALUES (19, 3733);
insert into Landeslistenplatz (llid, idno, position) VALUES (40, 3733, 36);
insert into Citizen (idno, title, firstname, lastname, dateofbirth, gender) VALUES (3734, '', 'Bauer', 'Alexander', '1.1.1968.', 'p');
insert into CandidatesData (idno) VALUES (3734);
insert into PartyMembership (pid, idno) VALUES (2, 3734);
insert into Candidacy (wkid, idno) VALUES (563, 3734);
insert into Landeslistenplatz (llid, idno, position) VALUES (76, 3734, 36);
insert into Citizen (idno, title, firstname, lastname, dateofbirth, gender) VALUES (3735, '', 'Bauer', 'Anna Sophia', '1.1.1989.', 'p');
insert into CandidatesData (idno) VALUES (3735);
insert into PartyMembership (pid, idno) VALUES (31, 3735);
insert into Candidacy (wkid, idno) VALUES (529, 3735);
insert into Landeslistenplatz (llid, idno, position) VALUES (28, 3735, 3);
insert into Citizen (idno, title, firstname, lastname, dateofbirth, gender) VALUES (3736, '', 'Bauer', 'Anneliese', '1.1.1924.', 'p');
insert into CandidatesData (idno) VALUES (3736);
insert into PartyMembership (pid, idno) VALUES (39, 3736);
insert into LandesListe (llid, year, pid, fsid) VALUES (112, 2013, 39, 25);
insert into Landeslistenplatz (llid, idno, position) VALUES (112, 3736, 4);
insert into Citizen (idno, title, firstname, lastname, dateofbirth, gender) VALUES (3737, '', 'Bauer', 'Carmelito Robert Josef', '1.1.1994.', 'p');
insert into CandidatesData (idno) VALUES (3737);
insert into PartyMembership (pid, idno) VALUES (7, 3737);
insert into LandesListe (llid, year, pid, fsid) VALUES (113, 2013, 7, 9);
insert into Landeslistenplatz (llid, idno, position) VALUES (113, 3737, 8);
insert into Citizen (idno, title, firstname, lastname, dateofbirth, gender) VALUES (3738, '', 'Bauer', 'Emil Karl Ekkehard', '1.1.1953.', 'p');
insert into CandidatesData (idno) VALUES (3738);
insert into PartyMembership (pid, idno) VALUES (13, 3738);
insert into Candidacy (wkid, idno) VALUES (551, 3738);
insert into Landeslistenplatz (llid, idno, position) VALUES (74, 3738, 7);
insert into Citizen (idno, title, firstname, lastname, dateofbirth, gender) VALUES (3739, '', 'Bauer', 'Rainer', '1.1.1950.', 'p');
insert into CandidatesData (idno) VALUES (3739);
insert into PartyMembership (pid, idno) VALUES (19, 3739);
insert into LandesListe (llid, year, pid, fsid) VALUES (114, 2013, 19, 1);
insert into Landeslistenplatz (llid, idno, position) VALUES (114, 3739, 2);
insert into Citizen (idno, title, firstname, lastname, dateofbirth, gender) VALUES (3740, '', 'Bauer', 'Robert Karlheinz', '1.1.1971.', 'p');
insert into CandidatesData (idno) VALUES (3740);
insert into PartyMembership (pid, idno) VALUES (7, 3740);
insert into Candidacy (wkid, idno) VALUES (353, 3740);
insert into LandesListe (llid, year, pid, fsid) VALUES (115, 2013, 7, 26);
insert into Landeslistenplatz (llid, idno, position) VALUES (115, 3740, 3);
insert into Citizen (idno, title, firstname, lastname, dateofbirth, gender) VALUES (3741, '', 'Bauer', 'Robert Siegfried', '1.1.1964.', 'p');
insert into CandidatesData (idno) VALUES (3741);
insert into PartyMembership (pid, idno) VALUES (15, 3741);
insert into Landeslistenplatz (llid, idno, position) VALUES (55, 3741, 10);
insert into Citizen (idno, title, firstname, lastname, dateofbirth, gender) VALUES (3742, '', 'Bauer', 'Stefan', '1.1.1964.', 'p');
insert into CandidatesData (idno) VALUES (3742);
insert into Candidacy (wkid, idno) VALUES (522, 3742);
insert into Citizen (idno, title, firstname, lastname, dateofbirth, gender) VALUES (3743, '', 'Bauersfeld', 'Martin Gerhard', '1.1.1950.', 'p');
insert into CandidatesData (idno) VALUES (3743);
insert into Candidacy (wkid, idno) VALUES (371, 3743);
insert into Citizen (idno, title, firstname, lastname, dateofbirth, gender) VALUES (3744, '', 'Baumann', 'Anna Elisabeth', '1.1.1961.', 'p');
insert into CandidatesData (idno) VALUES (3744);
insert into PartyMembership (pid, idno) VALUES (29, 3744);
insert into Landeslistenplatz (llid, idno, position) VALUES (31, 3744, 35);
insert into Citizen (idno, title, firstname, lastname, dateofbirth, gender) VALUES (3745, '', 'Baumann', 'Helmut Günter', '1.1.1947.', 'p');
insert into CandidatesData (idno) VALUES (3745);
insert into PartyMembership (pid, idno) VALUES (12, 3745);
insert into Candidacy (wkid, idno) VALUES (463, 3745);
insert into Citizen (idno, title, firstname, lastname, dateofbirth, gender) VALUES (3746, '', 'Baumann', 'Kai', '1.1.1972.', 'p');
insert into CandidatesData (idno) VALUES (3746);
insert into PartyMembership (pid, idno) VALUES (7, 3746);
insert into Candidacy (wkid, idno) VALUES (387, 3746);
insert into Citizen (idno, title, firstname, lastname, dateofbirth, gender) VALUES (3747, '', 'Baumann', 'Natascha Colette', '1.1.1977.', 'p');
insert into CandidatesData (idno) VALUES (3747);
insert into PartyMembership (pid, idno) VALUES (4, 3747);
insert into Candidacy (wkid, idno) VALUES (476, 3747);
insert into LandesListe (llid, year, pid, fsid) VALUES (116, 2013, 4, 9);
insert into Landeslistenplatz (llid, idno, position) VALUES (116, 3747, 15);
insert into Citizen (idno, title, firstname, lastname, dateofbirth, gender) VALUES (3748, '', 'Baumann', 'Otto', '1.1.1947.', 'p');
insert into CandidatesData (idno) VALUES (3748);
insert into PartyMembership (pid, idno) VALUES (33, 3748);
insert into Landeslistenplatz (llid, idno, position) VALUES (36, 3748, 11);
insert into Citizen (idno, title, firstname, lastname, dateofbirth, gender) VALUES (3749, '', 'Baumbach', 'Barbara', '1.1.1960.', 'p');
insert into CandidatesData (idno) VALUES (3749);
insert into PartyMembership (pid, idno) VALUES (12, 3749);
insert into LandesListe (llid, year, pid, fsid) VALUES (117, 2013, 12, 1);
insert into Landeslistenplatz (llid, idno, position) VALUES (117, 3749, 11);
insert into Citizen (idno, title, firstname, lastname, dateofbirth, gender) VALUES (3750, '', 'Baumelt', 'Lothar', '1.1.1951.', 'p');
insert into CandidatesData (idno) VALUES (3750);
insert into Candidacy (wkid, idno) VALUES (351, 3750);
insert into Citizen (idno, title, firstname, lastname, dateofbirth, gender) VALUES (3751, '', 'Baumgardt', 'Martin Patrick', '1.1.1966.', 'p');
insert into CandidatesData (idno) VALUES (3751);
insert into PartyMembership (pid, idno) VALUES (1, 3751);
insert into Candidacy (wkid, idno) VALUES (481, 3751);
insert into Citizen (idno, title, firstname, lastname, dateofbirth, gender) VALUES (3752, '', 'Baumgartner', 'Roman', '1.1.1982.', 'p');
insert into CandidatesData (idno) VALUES (3752);
insert into PartyMembership (pid, idno) VALUES (12, 3752);
insert into Landeslistenplatz (llid, idno, position) VALUES (105, 3752, 21);
insert into Citizen (idno, title, firstname, lastname, dateofbirth, gender) VALUES (3753, '', 'Baur', 'Dieter', '1.1.1953.', 'p');
insert into CandidatesData (idno) VALUES (3753);
insert into PartyMembership (pid, idno) VALUES (36, 3753);
insert into Candidacy (wkid, idno) VALUES (557, 3753);
insert into LandesListe (llid, year, pid, fsid) VALUES (118, 2013, 36, 25);
insert into Landeslistenplatz (llid, idno, position) VALUES (118, 3753, 4);
insert into Citizen (idno, title, firstname, lastname, dateofbirth, gender) VALUES (3754, '', 'Baur', 'Jens', '1.1.1979.', 'p');
insert into CandidatesData (idno) VALUES (3754);
insert into PartyMembership (pid, idno) VALUES (1, 3754);
insert into Candidacy (wkid, idno) VALUES (459, 3754);
insert into Landeslistenplatz (llid, idno, position) VALUES (68, 3754, 4);
insert into Citizen (idno, title, firstname, lastname, dateofbirth, gender) VALUES (3755, '', 'Bayaz', 'Danyal', '1.1.1983.', 'p');
insert into CandidatesData (idno) VALUES (3755);
insert into PartyMembership (pid, idno) VALUES (5, 3755);
insert into Candidacy (wkid, idno) VALUES (571, 3755);
insert into Landeslistenplatz (llid, idno, position) VALUES (61, 3755, 14);
insert into Citizen (idno, title, firstname, lastname, dateofbirth, gender) VALUES (3756, '', 'Bazi', 'Karel', '1.1.1948.', 'p');
insert into CandidatesData (idno) VALUES (3756);
insert into PartyMembership (pid, idno) VALUES (13, 3756);
insert into Landeslistenplatz (llid, idno, position) VALUES (90, 3756, 5);
insert into Citizen (idno, title, firstname, lastname, dateofbirth, gender) VALUES (3757, '', 'Bech', 'Tamas Antal', '1.1.1954.', 'p');
insert into CandidatesData (idno) VALUES (3757);
insert into PartyMembership (pid, idno) VALUES (10, 3757);
insert into Candidacy (wkid, idno) VALUES (392, 3757);
insert into Citizen (idno, title, firstname, lastname, dateofbirth, gender) VALUES (3758, 'Dr. ', 'Bechert', 'Arthur', '1.1.1964.', 'p');
insert into CandidatesData (idno) VALUES (3758);
insert into PartyMembership (pid, idno) VALUES (9, 3758);
insert into Landeslistenplatz (llid, idno, position) VALUES (47, 3758, 68);
insert into Citizen (idno, title, firstname, lastname, dateofbirth, gender) VALUES (3759, '', 'Becht', 'Marcus', '1.1.1971.', 'p');
insert into CandidatesData (idno) VALUES (3759);
insert into PartyMembership (pid, idno) VALUES (36, 3759);
insert into Landeslistenplatz (llid, idno, position) VALUES (56, 3759, 23);
insert into Citizen (idno, title, firstname, lastname, dateofbirth, gender) VALUES (3760, '', 'Becht', 'Susanne', '1.1.1974.', 'p');
insert into CandidatesData (idno) VALUES (3760);
insert into PartyMembership (pid, idno) VALUES (36, 3760);
insert into Landeslistenplatz (llid, idno, position) VALUES (56, 3760, 21);
insert into Citizen (idno, title, firstname, lastname, dateofbirth, gender) VALUES (3761, '', 'Beck von der', 'Sabine', '1.1.1963.', 'p');
insert into CandidatesData (idno) VALUES (3761);
insert into PartyMembership (pid, idno) VALUES (5, 3761);
insert into Candidacy (wkid, idno) VALUES (440, 3761);
insert into Landeslistenplatz (llid, idno, position) VALUES (83, 3761, 35);
insert into Citizen (idno, title, firstname, lastname, dateofbirth, gender) VALUES (3762, '', 'Beck', 'Marieluise', '1.1.1952.', 'p');
insert into CandidatesData (idno) VALUES (3762);
insert into PartyMembership (pid, idno) VALUES (5, 3762);
insert into Candidacy (wkid, idno) VALUES (353, 3762);
insert into LandesListe (llid, year, pid, fsid) VALUES (119, 2013, 5, 26);
insert into Landeslistenplatz (llid, idno, position) VALUES (119, 3762, 1);
insert into Citizen (idno, title, firstname, lastname, dateofbirth, gender) VALUES (3763, '', 'Beck', 'Tobias', '1.1.1985.', 'p');
insert into CandidatesData (idno) VALUES (3763);
insert into PartyMembership (pid, idno) VALUES (4, 3763);
insert into LandesListe (llid, year, pid, fsid) VALUES (120, 2013, 4, 2);
insert into Landeslistenplatz (llid, idno, position) VALUES (120, 3763, 24);
insert into Citizen (idno, title, firstname, lastname, dateofbirth, gender) VALUES (3764, '', 'Beck', 'Volker', '1.1.1960.', 'p');
insert into CandidatesData (idno) VALUES (3764);
insert into PartyMembership (pid, idno) VALUES (5, 3764);
insert into Candidacy (wkid, idno) VALUES (393, 3764);
insert into Landeslistenplatz (llid, idno, position) VALUES (83, 3764, 2);
insert into Citizen (idno, title, firstname, lastname, dateofbirth, gender) VALUES (3765, '', 'Becker', 'Antonius', '1.1.1955.', 'p');
insert into CandidatesData (idno) VALUES (3765);
insert into PartyMembership (pid, idno) VALUES (5, 3765);
insert into Candidacy (wkid, idno) VALUES (446, 3765);
insert into Citizen (idno, title, firstname, lastname, dateofbirth, gender) VALUES (3766, '', 'Becker', 'Bernd', '1.1.1958.', 'p');
insert into CandidatesData (idno) VALUES (3766);
insert into PartyMembership (pid, idno) VALUES (2, 3766);
insert into Landeslistenplatz (llid, idno, position) VALUES (71, 3766, 31);
insert into Citizen (idno, title, firstname, lastname, dateofbirth, gender) VALUES (3767, '', 'Becker', 'Burkhard', '1.1.1954.', 'p');
insert into CandidatesData (idno) VALUES (3767);
insert into PartyMembership (pid, idno) VALUES (1, 3767);
insert into Candidacy (wkid, idno) VALUES (435, 3767);
insert into Citizen (idno, title, firstname, lastname, dateofbirth, gender) VALUES (3768, '', 'Becker', 'Dirk', '1.1.1966.', 'p');
insert into CandidatesData (idno) VALUES (3768);
insert into PartyMembership (pid, idno) VALUES (2, 3768);
insert into Candidacy (wkid, idno) VALUES (434, 3768);
insert into Citizen (idno, title, firstname, lastname, dateofbirth, gender) VALUES (3769, 'Dr. ', 'Becker', 'Andreas', '1.1.1958.', 'p');
insert into CandidatesData (idno) VALUES (3769);
insert into PartyMembership (pid, idno) VALUES (36, 3769);
insert into Candidacy (wkid, idno) VALUES (553, 3769);
insert into LandesListe (llid, year, pid, fsid) VALUES (121, 2013, 36, 4);
insert into Landeslistenplatz (llid, idno, position) VALUES (121, 3769, 7);
insert into Citizen (idno, title, firstname, lastname, dateofbirth, gender) VALUES (3770, '', 'Becker', 'Helmut', '1.1.1970.', 'p');
insert into CandidatesData (idno) VALUES (3770);
insert into PartyMembership (pid, idno) VALUES (33, 3770);
insert into Landeslistenplatz (llid, idno, position) VALUES (36, 3770, 17);
insert into Citizen (idno, title, firstname, lastname, dateofbirth, gender) VALUES (3771, '', 'Becker', 'Klaus-Christian', '1.1.1942.', 'p');
insert into CandidatesData (idno) VALUES (3771);
insert into PartyMembership (pid, idno) VALUES (36, 3771);
insert into LandesListe (llid, year, pid, fsid) VALUES (122, 2013, 36, 10);
insert into Landeslistenplatz (llid, idno, position) VALUES (122, 3771, 2);
insert into Citizen (idno, title, firstname, lastname, dateofbirth, gender) VALUES (3772, '', 'Becker', 'Uwe', '1.1.1954.', 'p');
insert into CandidatesData (idno) VALUES (3772);
insert into PartyMembership (pid, idno) VALUES (31, 3772);
insert into LandesListe (llid, year, pid, fsid) VALUES (123, 2013, 31, 5);
insert into Landeslistenplatz (llid, idno, position) VALUES (123, 3772, 17);
insert into Citizen (idno, title, firstname, lastname, dateofbirth, gender) VALUES (3773, '', 'Becker', 'Walter Aloys', '1.1.1941.', 'p');
insert into CandidatesData (idno) VALUES (3773);
insert into PartyMembership (pid, idno) VALUES (19, 3773);
insert into LandesListe (llid, year, pid, fsid) VALUES (124, 2013, 19, 2);
insert into Landeslistenplatz (llid, idno, position) VALUES (124, 3773, 9);
insert into Citizen (idno, title, firstname, lastname, dateofbirth, gender) VALUES (3774, '', 'Beckers', 'Ephraim', '1.1.1995.', 'p');
insert into CandidatesData (idno) VALUES (3774);
insert into PartyMembership (pid, idno) VALUES (31, 3774);
insert into Candidacy (wkid, idno) VALUES (408, 3774);
insert into Landeslistenplatz (llid, idno, position) VALUES (123, 3774, 15);
insert into Citizen (idno, title, firstname, lastname, dateofbirth, gender) VALUES (3775, '', 'Beckmann', 'Bert', '1.1.1958.', 'p');
insert into CandidatesData (idno) VALUES (3775);
insert into PartyMembership (pid, idno) VALUES (13, 3775);
insert into LandesListe (llid, year, pid, fsid) VALUES (125, 2013, 13, 42);
insert into Landeslistenplatz (llid, idno, position) VALUES (125, 3775, 4);
insert into Citizen (idno, title, firstname, lastname, dateofbirth, gender) VALUES (3776, '', 'Beckmann', 'Marius', '1.1.1989.', 'p');
insert into CandidatesData (idno) VALUES (3776);
insert into PartyMembership (pid, idno) VALUES (31, 3776);
insert into Landeslistenplatz (llid, idno, position) VALUES (79, 3776, 10);
insert into Citizen (idno, title, firstname, lastname, dateofbirth, gender) VALUES (3777, '', 'Beckmann', 'Markus', '1.1.1988.', 'p');
insert into CandidatesData (idno) VALUES (3777);
insert into Candidacy (wkid, idno) VALUES (382, 3777);
insert into Citizen (idno, title, firstname, lastname, dateofbirth, gender) VALUES (3778, '', 'Beckmeyer', 'Uwe Karl', '1.1.1949.', 'p');
insert into CandidatesData (idno) VALUES (3778);
insert into PartyMembership (pid, idno) VALUES (2, 3778);
insert into Candidacy (wkid, idno) VALUES (354, 3778);
insert into LandesListe (llid, year, pid, fsid) VALUES (126, 2013, 2, 26);
insert into Landeslistenplatz (llid, idno, position) VALUES (126, 3778, 3);
insert into Citizen (idno, title, firstname, lastname, dateofbirth, gender) VALUES (3779, '', 'Beermann', 'Maik', '1.1.1981.', 'p');
insert into CandidatesData (idno) VALUES (3779);
insert into PartyMembership (pid, idno) VALUES (12, 3779);
insert into Candidacy (wkid, idno) VALUES (339, 3779);
insert into Landeslistenplatz (llid, idno, position) VALUES (44, 3779, 25);
insert into Citizen (idno, title, firstname, lastname, dateofbirth, gender) VALUES (3780, '', 'Behlen', 'Jörg Hartmut', '1.1.1968.', 'p');
insert into CandidatesData (idno) VALUES (3780);
insert into PartyMembership (pid, idno) VALUES (4, 3780);
insert into Candidacy (wkid, idno) VALUES (470, 3780);
insert into Citizen (idno, title, firstname, lastname, dateofbirth, gender) VALUES (3781, '', 'Behn', 'Karl', '1.1.1948.', 'p');
insert into CandidatesData (idno) VALUES (3781);
insert into PartyMembership (pid, idno) VALUES (4, 3781);
insert into Candidacy (wkid, idno) VALUES (328, 3781);
insert into LandesListe (llid, year, pid, fsid) VALUES (127, 2013, 4, 3);
insert into Landeslistenplatz (llid, idno, position) VALUES (127, 3781, 21);
insert into Citizen (idno, title, firstname, lastname, dateofbirth, gender) VALUES (3782, '', 'Behnke', 'Manfred', '1.1.1948.', 'p');
insert into CandidatesData (idno) VALUES (3782);
insert into PartyMembership (pid, idno) VALUES (17, 3782);
insert into LandesListe (llid, year, pid, fsid) VALUES (128, 2013, 17, 3);
insert into Landeslistenplatz (llid, idno, position) VALUES (128, 3782, 8);
insert into Citizen (idno, title, firstname, lastname, dateofbirth, gender) VALUES (3783, 'Dr. ', 'Behrendt', 'Hermann', '1.1.1941.', 'p');
insert into CandidatesData (idno) VALUES (3783);
insert into PartyMembership (pid, idno) VALUES (33, 3783);
insert into Candidacy (wkid, idno) VALUES (408, 3783);
insert into Landeslistenplatz (llid, idno, position) VALUES (80, 3783, 6);
insert into Citizen (idno, title, firstname, lastname, dateofbirth, gender) VALUES (3784, '', 'Behrendt', 'Volker', '1.1.1967.', 'p');
insert into CandidatesData (idno) VALUES (3784);
insert into PartyMembership (pid, idno) VALUES (36, 3784);
insert into Candidacy (wkid, idno) VALUES (322, 3784);
insert into Landeslistenplatz (llid, idno, position) VALUES (122, 3784, 1);
insert into Citizen (idno, title, firstname, lastname, dateofbirth, gender) VALUES (3785, '', 'Behrens', 'Eiko', '1.1.1971.', 'p');
insert into CandidatesData (idno) VALUES (3785);
insert into PartyMembership (pid, idno) VALUES (33, 3785);
insert into LandesListe (llid, year, pid, fsid) VALUES (129, 2013, 33, 1);
insert into Landeslistenplatz (llid, idno, position) VALUES (129, 3785, 3);
insert into Citizen (idno, title, firstname, lastname, dateofbirth, gender) VALUES (3786, '', 'Behrens', 'Hans-Peter', '1.1.1961.', 'p');
insert into CandidatesData (idno) VALUES (3786);
insert into PartyMembership (pid, idno) VALUES (5, 3786);
insert into Landeslistenplatz (llid, idno, position) VALUES (61, 3786, 38);
insert into Citizen (idno, title, firstname, lastname, dateofbirth, gender) VALUES (3787, '', 'Behrens', 'Herbert', '1.1.1954.', 'p');
insert into CandidatesData (idno) VALUES (3787);
insert into PartyMembership (pid, idno) VALUES (3, 3787);
insert into Candidacy (wkid, idno) VALUES (333, 3787);
insert into LandesListe (llid, year, pid, fsid) VALUES (130, 2013, 3, 3);
insert into Landeslistenplatz (llid, idno, position) VALUES (130, 3787, 4);
insert into Citizen (idno, title, firstname, lastname, dateofbirth, gender) VALUES (3788, '', 'Behrens', 'Manfred', '1.1.1956.', 'p');
insert into CandidatesData (idno) VALUES (3788);
insert into PartyMembership (pid, idno) VALUES (12, 3788);
insert into Candidacy (wkid, idno) VALUES (366, 3788);
insert into LandesListe (llid, year, pid, fsid) VALUES (131, 2013, 12, 8);
insert into Landeslistenplatz (llid, idno, position) VALUES (131, 3788, 4);
insert into Citizen (idno, title, firstname, lastname, dateofbirth, gender) VALUES (3789, '', 'Beier', 'Andreas', '1.1.1971.', 'p');
insert into CandidatesData (idno) VALUES (3789);
insert into Candidacy (wkid, idno) VALUES (590, 3789);
insert into Citizen (idno, title, firstname, lastname, dateofbirth, gender) VALUES (3790, '', 'Beier', 'Julian Pascal', '1.1.1994.', 'p');
insert into CandidatesData (idno) VALUES (3790);
insert into PartyMembership (pid, idno) VALUES (7, 3790);
insert into Candidacy (wkid, idno) VALUES (562, 3790);
insert into Citizen (idno, title, firstname, lastname, dateofbirth, gender) VALUES (3791, '', 'Beier', 'Klaus', '1.1.1966.', 'p');
insert into CandidatesData (idno) VALUES (3791);
insert into PartyMembership (pid, idno) VALUES (1, 3791);
insert into Candidacy (wkid, idno) VALUES (362, 3791);
insert into LandesListe (llid, year, pid, fsid) VALUES (132, 2013, 1, 40);
insert into Landeslistenplatz (llid, idno, position) VALUES (132, 3791, 1);
insert into Citizen (idno, title, firstname, lastname, dateofbirth, gender) VALUES (3792, '', 'Beitlich', 'Sebastian', '1.1.1977.', 'p');
insert into CandidatesData (idno) VALUES (3792);
insert into PartyMembership (pid, idno) VALUES (7, 3792);
insert into Landeslistenplatz (llid, idno, position) VALUES (45, 3792, 5);
insert into Citizen (idno, title, firstname, lastname, dateofbirth, gender) VALUES (3793, 'Dr. ', 'Bell', 'Carl-Martin', '1.1.1957.', 'p');
insert into CandidatesData (idno) VALUES (3793);
insert into PartyMembership (pid, idno) VALUES (32, 3793);
insert into Landeslistenplatz (llid, idno, position) VALUES (91, 3793, 24);
insert into Citizen (idno, title, firstname, lastname, dateofbirth, gender) VALUES (3794, '', 'Bella', 'Istvan', '1.1.1945.', 'p');
insert into CandidatesData (idno) VALUES (3794);
insert into PartyMembership (pid, idno) VALUES (36, 3794);
insert into Landeslistenplatz (llid, idno, position) VALUES (84, 3794, 15);
insert into Citizen (idno, title, firstname, lastname, dateofbirth, gender) VALUES (3795, '', 'Bellack', 'Arnold', '1.1.1934.', 'p');
insert into CandidatesData (idno) VALUES (3795);
insert into PartyMembership (pid, idno) VALUES (37, 3795);
insert into LandesListe (llid, year, pid, fsid) VALUES (133, 2013, 37, 30);
insert into Landeslistenplatz (llid, idno, position) VALUES (133, 3795, 3);
insert into Citizen (idno, title, firstname, lastname, dateofbirth, gender) VALUES (3796, '', 'Bellmann', 'Veronika Maria', '1.1.1960.', 'p');
insert into CandidatesData (idno) VALUES (3796);
insert into PartyMembership (pid, idno) VALUES (12, 3796);
insert into Candidacy (wkid, idno) VALUES (460, 3796);
insert into LandesListe (llid, year, pid, fsid) VALUES (134, 2013, 12, 51);
insert into Landeslistenplatz (llid, idno, position) VALUES (134, 3796, 7);
insert into Citizen (idno, title, firstname, lastname, dateofbirth, gender) VALUES (3797, '', 'Belz', 'Kristian', '1.1.1978.', 'p');
insert into CandidatesData (idno) VALUES (3797);
insert into PartyMembership (pid, idno) VALUES (1, 3797);
insert into Landeslistenplatz (llid, idno, position) VALUES (62, 3797, 9);
insert into Citizen (idno, title, firstname, lastname, dateofbirth, gender) VALUES (3798, '', 'Belz', 'Tim', '1.1.1990.', 'p');
insert into CandidatesData (idno) VALUES (3798);
insert into PartyMembership (pid, idno) VALUES (1, 3798);
insert into Candidacy (wkid, idno) VALUES (592, 3798);
insert into Citizen (idno, title, firstname, lastname, dateofbirth, gender) VALUES (3799, '', 'Bender', 'Birgitt', '1.1.1956.', 'p');
insert into CandidatesData (idno) VALUES (3799);
insert into PartyMembership (pid, idno) VALUES (5, 3799);
insert into Candidacy (wkid, idno) VALUES (558, 3799);
insert into Landeslistenplatz (llid, idno, position) VALUES (61, 3799, 11);
insert into Citizen (idno, title, firstname, lastname, dateofbirth, gender) VALUES (3800, '', 'Bender', 'Julian', '1.1.1985.', 'p');
insert into CandidatesData (idno) VALUES (3800);
insert into PartyMembership (pid, idno) VALUES (2, 3800);
insert into Landeslistenplatz (llid, idno, position) VALUES (76, 3800, 39);
insert into Citizen (idno, title, firstname, lastname, dateofbirth, gender) VALUES (3801, '', 'Bender', 'Katja', '1.1.1972.', 'p');
insert into CandidatesData (idno) VALUES (3801);
insert into PartyMembership (pid, idno) VALUES (5, 3801);
insert into Candidacy (wkid, idno) VALUES (442, 3801);
insert into Landeslistenplatz (llid, idno, position) VALUES (83, 3801, 29);
insert into Citizen (idno, title, firstname, lastname, dateofbirth, gender) VALUES (3802, '', 'Bender', 'Rüdiger', '1.1.1960.', 'p');
insert into CandidatesData (idno) VALUES (3802);
insert into PartyMembership (pid, idno) VALUES (5, 3802);
insert into Candidacy (wkid, idno) VALUES (489, 3802);
insert into Citizen (idno, title, firstname, lastname, dateofbirth, gender) VALUES (3803, 'Dr. ', 'Benecke', 'Mark', '1.1.1970.', 'p');
insert into CandidatesData (idno) VALUES (3803);
insert into PartyMembership (pid, idno) VALUES (31, 3803);
insert into Landeslistenplatz (llid, idno, position) VALUES (123, 3803, 1);
insert into Citizen (idno, title, firstname, lastname, dateofbirth, gender) VALUES (3804, '', 'Benecke', 'Johann', '1.1.1986.', 'p');
insert into CandidatesData (idno) VALUES (3804);
insert into PartyMembership (pid, idno) VALUES (31, 3804);
insert into LandesListe (llid, year, pid, fsid) VALUES (135, 2013, 31, 10);
insert into Landeslistenplatz (llid, idno, position) VALUES (135, 3804, 15);
insert into Citizen (idno, title, firstname, lastname, dateofbirth, gender) VALUES (3805, '', 'Benedikter', 'Manfred', '1.1.1981.', 'p');
insert into CandidatesData (idno) VALUES (3805);
insert into PartyMembership (pid, idno) VALUES (12, 3805);
insert into Landeslistenplatz (llid, idno, position) VALUES (105, 3805, 52);
insert into Citizen (idno, title, firstname, lastname, dateofbirth, gender) VALUES (3806, '', 'Benkert', 'Daniel Udo', '1.1.1976.', 'p');
insert into CandidatesData (idno) VALUES (3806);
insert into PartyMembership (pid, idno) VALUES (31, 3806);
insert into Landeslistenplatz (llid, idno, position) VALUES (123, 3806, 11);
insert into Citizen (idno, title, firstname, lastname, dateofbirth, gender) VALUES (3807, '', 'Benkowitsch', 'Emmerich', '1.1.1955.', 'p');
insert into CandidatesData (idno) VALUES (3807);
insert into PartyMembership (pid, idno) VALUES (32, 3807);
insert into Candidacy (wkid, idno) VALUES (561, 3807);
insert into Landeslistenplatz (llid, idno, position) VALUES (91, 3807, 17);
insert into Citizen (idno, title, firstname, lastname, dateofbirth, gender) VALUES (3808, '', 'Benndorf', 'Klaus', '1.1.1954.', 'p');
insert into CandidatesData (idno) VALUES (3808);
insert into PartyMembership (pid, idno) VALUES (7, 3808);
insert into Candidacy (wkid, idno) VALUES (395, 3808);
insert into Citizen (idno, title, firstname, lastname, dateofbirth, gender) VALUES (3809, '', 'Benning', 'Sybille Maria Ursula', '1.1.1961.', 'p');
insert into CandidatesData (idno) VALUES (3809);
insert into PartyMembership (pid, idno) VALUES (12, 3809);
insert into Candidacy (wkid, idno) VALUES (428, 3809);
insert into LandesListe (llid, year, pid, fsid) VALUES (136, 2013, 12, 5);
insert into Landeslistenplatz (llid, idno, position) VALUES (136, 3809, 31);
insert into Citizen (idno, title, firstname, lastname, dateofbirth, gender) VALUES (3810, '', 'Benz', 'Markus', '1.1.1955.', 'p');
insert into CandidatesData (idno) VALUES (3810);
insert into PartyMembership (pid, idno) VALUES (29, 3810);
insert into Candidacy (wkid, idno) VALUES (580, 3810);
insert into Citizen (idno, title, firstname, lastname, dateofbirth, gender) VALUES (3811, '', 'Benz', 'Rolf', '1.1.1949.', 'p');
insert into CandidatesData (idno) VALUES (3811);
insert into PartyMembership (pid, idno) VALUES (37, 3811);
insert into LandesListe (llid, year, pid, fsid) VALUES (137, 2013, 37, 9);
insert into Landeslistenplatz (llid, idno, position) VALUES (137, 3811, 5);
insert into Citizen (idno, title, firstname, lastname, dateofbirth, gender) VALUES (3812, 'Prof. Dr. ', 'Benzel', 'Wolfgang', '1.1.1967.', 'p');
insert into CandidatesData (idno) VALUES (3812);
insert into PartyMembership (pid, idno) VALUES (12, 3812);
insert into LandesListe (llid, year, pid, fsid) VALUES (138, 2013, 12, 2);
insert into Landeslistenplatz (llid, idno, position) VALUES (138, 3812, 39);
insert into Citizen (idno, title, firstname, lastname, dateofbirth, gender) VALUES (3813, '', 'Ber', 'Dieter Josef', '1.1.1941.', 'p');
insert into CandidatesData (idno) VALUES (3813);
insert into PartyMembership (pid, idno) VALUES (33, 3813);
insert into Landeslistenplatz (llid, idno, position) VALUES (80, 3813, 33);
insert into Citizen (idno, title, firstname, lastname, dateofbirth, gender) VALUES (3814, '', 'Berberich', 'Alexander Wanja', '1.1.1989.', 'p');
insert into CandidatesData (idno) VALUES (3814);
insert into PartyMembership (pid, idno) VALUES (31, 3814);
insert into LandesListe (llid, year, pid, fsid) VALUES (139, 2013, 31, 26);
insert into Landeslistenplatz (llid, idno, position) VALUES (139, 3814, 7);
insert into Citizen (idno, title, firstname, lastname, dateofbirth, gender) VALUES (3815, '', 'Berberich', 'Patrick', '1.1.1979.', 'p');
insert into CandidatesData (idno) VALUES (3815);
insert into PartyMembership (pid, idno) VALUES (12, 3815);
insert into Landeslistenplatz (llid, idno, position) VALUES (138, 3815, 34);
insert into Citizen (idno, title, firstname, lastname, dateofbirth, gender) VALUES (3816, '', 'Berbig', 'Miro Volker', '1.1.1964.', 'p');
insert into CandidatesData (idno) VALUES (3816);
insert into PartyMembership (pid, idno) VALUES (3, 3816);
insert into Candidacy (wkid, idno) VALUES (307, 3816);
insert into Citizen (idno, title, firstname, lastname, dateofbirth, gender) VALUES (3817, '', 'Berg van den', 'Wiebke', '1.1.1987.', 'p');
insert into CandidatesData (idno) VALUES (3817);
insert into PartyMembership (pid, idno) VALUES (7, 3817);
insert into Candidacy (wkid, idno) VALUES (423, 3817);
insert into Citizen (idno, title, firstname, lastname, dateofbirth, gender) VALUES (3818, 'Dr. ', 'Berg', 'Hans-Joachim', '1.1.1948.', 'p');
insert into CandidatesData (idno) VALUES (3818);
insert into PartyMembership (pid, idno) VALUES (33, 3818);
insert into Candidacy (wkid, idno) VALUES (378, 3818);
insert into Landeslistenplatz (llid, idno, position) VALUES (129, 3818, 5);
insert into Citizen (idno, title, firstname, lastname, dateofbirth, gender) VALUES (3819, '', 'Berg', 'Lars', '1.1.1966.', 'p');
insert into CandidatesData (idno) VALUES (3819);
insert into PartyMembership (pid, idno) VALUES (33, 3819);
insert into LandesListe (llid, year, pid, fsid) VALUES (140, 2013, 33, 25);
insert into Landeslistenplatz (llid, idno, position) VALUES (140, 3819, 9);
insert into Citizen (idno, title, firstname, lastname, dateofbirth, gender) VALUES (3820, '', 'Berg', 'Ronald', '1.1.1966.', 'p');
insert into CandidatesData (idno) VALUES (3820);
insert into PartyMembership (pid, idno) VALUES (32, 3820);
insert into LandesListe (llid, year, pid, fsid) VALUES (141, 2013, 32, 9);
insert into Landeslistenplatz (llid, idno, position) VALUES (141, 3820, 13);
insert into Citizen (idno, title, firstname, lastname, dateofbirth, gender) VALUES (3821, '', 'Berger', 'Frank', '1.1.1976.', 'p');
insert into CandidatesData (idno) VALUES (3821);
insert into PartyMembership (pid, idno) VALUES (4, 3821);
insert into Candidacy (wkid, idno) VALUES (590, 3821);
insert into Landeslistenplatz (llid, idno, position) VALUES (51, 3821, 28);
insert into Citizen (idno, title, firstname, lastname, dateofbirth, gender) VALUES (3822, '', 'Berger', 'Maren Babet', '1.1.1968.', 'p');
insert into CandidatesData (idno) VALUES (3822);
insert into PartyMembership (pid, idno) VALUES (5, 3822);
insert into Landeslistenplatz (llid, idno, position) VALUES (59, 3822, 9);
insert into Citizen (idno, title, firstname, lastname, dateofbirth, gender) VALUES (3823, 'Dr. ', 'Berghegger', 'André', '1.1.1972.', 'p');
insert into CandidatesData (idno) VALUES (3823);
insert into PartyMembership (pid, idno) VALUES (12, 3823);
insert into Candidacy (wkid, idno) VALUES (337, 3823);
insert into Landeslistenplatz (llid, idno, position) VALUES (44, 3823, 21);
insert into Citizen (idno, title, firstname, lastname, dateofbirth, gender) VALUES (3824, '', 'Bergholz', 'Andreas', '1.1.1992.', 'p');
insert into CandidatesData (idno) VALUES (3824);
insert into PartyMembership (pid, idno) VALUES (7, 3824);
insert into Candidacy (wkid, idno) VALUES (586, 3824);
insert into Landeslistenplatz (llid, idno, position) VALUES (48, 3824, 24);
insert into Citizen (idno, title, firstname, lastname, dateofbirth, gender) VALUES (3825, '', 'Bergmann', 'Thomas', '1.1.1966.', 'p');
insert into CandidatesData (idno) VALUES (3825);
insert into PartyMembership (pid, idno) VALUES (36, 3825);
insert into Candidacy (wkid, idno) VALUES (593, 3825);
insert into Landeslistenplatz (llid, idno, position) VALUES (118, 3825, 16);
insert into Citizen (idno, title, firstname, lastname, dateofbirth, gender) VALUES (3826, 'Dr. ', 'Bergner', 'Christoph Georg', '1.1.1948.', 'p');
insert into CandidatesData (idno) VALUES (3826);
insert into PartyMembership (pid, idno) VALUES (12, 3826);
insert into Candidacy (wkid, idno) VALUES (371, 3826);
insert into Landeslistenplatz (llid, idno, position) VALUES (131, 3826, 2);
insert into Citizen (idno, title, firstname, lastname, dateofbirth, gender) VALUES (3827, '', 'Berha', 'Nikolaus', '1.1.1945.', 'p');
insert into CandidatesData (idno) VALUES (3827);
insert into PartyMembership (pid, idno) VALUES (1, 3827);
insert into Candidacy (wkid, idno) VALUES (480, 3827);
insert into Citizen (idno, title, firstname, lastname, dateofbirth, gender) VALUES (3828, '', 'Bering', 'Axel', '1.1.1962.', 'p');
insert into CandidatesData (idno) VALUES (3828);
insert into PartyMembership (pid, idno) VALUES (4, 3828);
insert into Landeslistenplatz (llid, idno, position) VALUES (89, 3828, 5);
insert into Citizen (idno, title, firstname, lastname, dateofbirth, gender) VALUES (3829, '', 'Berkhan', 'Monika', '1.1.1956.', 'p');
insert into CandidatesData (idno) VALUES (3829);
insert into PartyMembership (pid, idno) VALUES (5, 3829);
insert into Candidacy (wkid, idno) VALUES (344, 3829);
insert into LandesListe (llid, year, pid, fsid) VALUES (142, 2013, 5, 3);
insert into Landeslistenplatz (llid, idno, position) VALUES (142, 3829, 17);
insert into Citizen (idno, title, firstname, lastname, dateofbirth, gender) VALUES (3830, '', 'Berkhout', 'Volker', '1.1.1981.', 'p');
insert into CandidatesData (idno) VALUES (3830);
insert into PartyMembership (pid, idno) VALUES (7, 3830);
insert into Candidacy (wkid, idno) VALUES (467, 3830);
insert into Landeslistenplatz (llid, idno, position) VALUES (113, 3830, 1);
insert into Citizen (idno, title, firstname, lastname, dateofbirth, gender) VALUES (3831, '', 'Berlingen', 'Ralf', '1.1.1967.', 'p');
insert into CandidatesData (idno) VALUES (3831);
insert into PartyMembership (pid, idno) VALUES (4, 3831);
insert into Landeslistenplatz (llid, idno, position) VALUES (120, 3831, 16);
insert into Citizen (idno, title, firstname, lastname, dateofbirth, gender) VALUES (3832, 'Dr. ', 'Berndt', 'Michael-Tillmann', '1.1.1956.', 'p');
insert into CandidatesData (idno) VALUES (3832);
insert into PartyMembership (pid, idno) VALUES (7, 3832);
insert into Landeslistenplatz (llid, idno, position) VALUES (94, 3832, 7);
insert into Citizen (idno, title, firstname, lastname, dateofbirth, gender) VALUES (3833, '', 'Berndt', 'Wolfgang Herbert Josef', '1.1.1949.', 'p');
insert into CandidatesData (idno) VALUES (3833);
insert into PartyMembership (pid, idno) VALUES (3, 3833);
insert into Candidacy (wkid, idno) VALUES (531, 3833);
insert into Citizen (idno, title, firstname, lastname, dateofbirth, gender) VALUES (3834, '', 'Bernhard', 'Bettina', '1.1.1961.', 'p');
insert into CandidatesData (idno) VALUES (3834);
insert into PartyMembership (pid, idno) VALUES (32, 3834);
insert into Candidacy (wkid, idno) VALUES (400, 3834);
insert into LandesListe (llid, year, pid, fsid) VALUES (143, 2013, 32, 5);
insert into Landeslistenplatz (llid, idno, position) VALUES (143, 3834, 3);
insert into Citizen (idno, title, firstname, lastname, dateofbirth, gender) VALUES (3835, '', 'Berns', 'Wolfgang', '1.1.1948.', 'p');
insert into CandidatesData (idno) VALUES (3835);
insert into PartyMembership (pid, idno) VALUES (4, 3835);
insert into Candidacy (wkid, idno) VALUES (471, 3835);
insert into Landeslistenplatz (llid, idno, position) VALUES (116, 3835, 11);
insert into Citizen (idno, title, firstname, lastname, dateofbirth, gender) VALUES (3836, '', 'Bernschneider', 'Florian', '1.1.1986.', 'p');
insert into CandidatesData (idno) VALUES (3836);
insert into PartyMembership (pid, idno) VALUES (4, 3836);
insert into Candidacy (wkid, idno) VALUES (349, 3836);
insert into Landeslistenplatz (llid, idno, position) VALUES (127, 3836, 4);
insert into Citizen (idno, title, firstname, lastname, dateofbirth, gender) VALUES (3837, '', 'Bernshausen', 'Ina Nadine', '1.1.1979.', 'p');
insert into CandidatesData (idno) VALUES (3837);
insert into PartyMembership (pid, idno) VALUES (5, 3837);
insert into LandesListe (llid, year, pid, fsid) VALUES (144, 2013, 5, 9);
insert into Landeslistenplatz (llid, idno, position) VALUES (144, 3837, 9);
insert into Citizen (idno, title, firstname, lastname, dateofbirth, gender) VALUES (3838, '', 'Bersch', 'Johannes', '1.1.1954.', 'p');
insert into CandidatesData (idno) VALUES (3838);
insert into PartyMembership (pid, idno) VALUES (19, 3838);
insert into Landeslistenplatz (llid, idno, position) VALUES (124, 3838, 4);
insert into Citizen (idno, title, firstname, lastname, dateofbirth, gender) VALUES (3839, '', 'Bertini', 'Rainer', '1.1.1967.', 'p');
insert into CandidatesData (idno) VALUES (3839);
insert into PartyMembership (pid, idno) VALUES (32, 3839);
insert into Candidacy (wkid, idno) VALUES (409, 3839);
insert into Citizen (idno, title, firstname, lastname, dateofbirth, gender) VALUES (3840, '', 'Bertram', 'Ute', '1.1.1961.', 'p');
insert into CandidatesData (idno) VALUES (3840);
insert into PartyMembership (pid, idno) VALUES (12, 3840);
insert into Candidacy (wkid, idno) VALUES (347, 3840);
insert into Citizen (idno, title, firstname, lastname, dateofbirth, gender) VALUES (3841, '', 'Berweiler', 'Jan', '1.1.1977.', 'p');
insert into CandidatesData (idno) VALUES (3841);
insert into PartyMembership (pid, idno) VALUES (31, 3841);
insert into Landeslistenplatz (llid, idno, position) VALUES (28, 3841, 45);
insert into Citizen (idno, title, firstname, lastname, dateofbirth, gender) VALUES (3842, '', 'Besser', 'Helmut', '1.1.1951.', 'p');
insert into CandidatesData (idno) VALUES (3842);
insert into PartyMembership (pid, idno) VALUES (32, 3842);
insert into Candidacy (wkid, idno) VALUES (492, 3842);
insert into LandesListe (llid, year, pid, fsid) VALUES (145, 2013, 32, 19);
insert into Landeslistenplatz (llid, idno, position) VALUES (145, 3842, 5);
insert into Citizen (idno, title, firstname, lastname, dateofbirth, gender) VALUES (3843, '', 'Besserer', 'Friedlinde', '1.1.1953.', 'p');
insert into CandidatesData (idno) VALUES (3843);
insert into PartyMembership (pid, idno) VALUES (19, 3843);
insert into Landeslistenplatz (llid, idno, position) VALUES (40, 3843, 13);
insert into Citizen (idno, title, firstname, lastname, dateofbirth, gender) VALUES (3844, '', 'Bestehorn', 'Harald', '1.1.1962.', 'p');
insert into CandidatesData (idno) VALUES (3844);
insert into PartyMembership (pid, idno) VALUES (1, 3844);
insert into Candidacy (wkid, idno) VALUES (536, 3844);
insert into Citizen (idno, title, firstname, lastname, dateofbirth, gender) VALUES (3845, '', 'Bethke', 'Christian', '1.1.1978.', 'p');
insert into CandidatesData (idno) VALUES (3845);
insert into PartyMembership (pid, idno) VALUES (7, 3845);
insert into Candidacy (wkid, idno) VALUES (482, 3845);
insert into Citizen (idno, title, firstname, lastname, dateofbirth, gender) VALUES (3846, '', 'Betz', 'Thomas Georg', '1.1.1960.', 'p');
insert into CandidatesData (idno) VALUES (3846);
insert into PartyMembership (pid, idno) VALUES (33, 3846);
insert into Landeslistenplatz (llid, idno, position) VALUES (80, 3846, 35);
insert into Citizen (idno, title, firstname, lastname, dateofbirth, gender) VALUES (3847, '', 'Betzler', 'Anton', '1.1.1953.', 'p');
insert into CandidatesData (idno) VALUES (3847);
insert into PartyMembership (pid, idno) VALUES (7, 3847);
insert into Candidacy (wkid, idno) VALUES (556, 3847);
insert into Citizen (idno, title, firstname, lastname, dateofbirth, gender) VALUES (3848, '', 'Beuermann', 'Bärbel', '1.1.1955.', 'p');
insert into CandidatesData (idno) VALUES (3848);
insert into PartyMembership (pid, idno) VALUES (3, 3848);
insert into Candidacy (wkid, idno) VALUES (421, 3848);
insert into Citizen (idno, title, firstname, lastname, dateofbirth, gender) VALUES (3849, '', 'Beuthel', 'Rainer', '1.1.1950.', 'p');
insert into CandidatesData (idno) VALUES (3849);
insert into PartyMembership (pid, idno) VALUES (3, 3849);
insert into Landeslistenplatz (llid, idno, position) VALUES (36, 3849, 10);
insert into Citizen (idno, title, firstname, lastname, dateofbirth, gender) VALUES (3850, '', 'Beutin', 'Lorenz Gösta', '1.1.1978.', 'p');
insert into CandidatesData (idno) VALUES (3850);
insert into PartyMembership (pid, idno) VALUES (3, 3850);
insert into Candidacy (wkid, idno) VALUES (305, 3850);
insert into Citizen (idno, title, firstname, lastname, dateofbirth, gender) VALUES (3851, 'Dr. ', 'Beyer', 'Richard Alexander', '1.1.1969.', 'p');
insert into CandidatesData (idno) VALUES (3851);
insert into PartyMembership (pid, idno) VALUES (32, 3851);
insert into Landeslistenplatz (llid, idno, position) VALUES (33, 3851, 42);
insert into Citizen (idno, title, firstname, lastname, dateofbirth, gender) VALUES (3852, '', 'Beyer', 'Katja', '1.1.1984.', 'p');
insert into CandidatesData (idno) VALUES (3852);
insert into PartyMembership (pid, idno) VALUES (7, 3852);
insert into Landeslistenplatz (llid, idno, position) VALUES (94, 3852, 9);
insert into Citizen (idno, title, firstname, lastname, dateofbirth, gender) VALUES (3853, '', 'Beyer', 'Peter', '1.1.1970.', 'p');
insert into CandidatesData (idno) VALUES (3853);
insert into PartyMembership (pid, idno) VALUES (12, 3853);
insert into Candidacy (wkid, idno) VALUES (404, 3853);
insert into Landeslistenplatz (llid, idno, position) VALUES (136, 3853, 51);
insert into Citizen (idno, title, firstname, lastname, dateofbirth, gender) VALUES (3854, '', 'Bezler', 'Thomas', '1.1.1966.', 'p');
insert into CandidatesData (idno) VALUES (3854);
insert into PartyMembership (pid, idno) VALUES (29, 3854);
insert into Candidacy (wkid, idno) VALUES (563, 3854);
insert into Citizen (idno, title, firstname, lastname, dateofbirth, gender) VALUES (3855, '', 'Bieberstein Marschall von', 'Matern', '1.1.1962.', 'p');
insert into CandidatesData (idno) VALUES (3855);
insert into PartyMembership (pid, idno) VALUES (12, 3855);
insert into Candidacy (wkid, idno) VALUES (580, 3855);
insert into Landeslistenplatz (llid, idno, position) VALUES (105, 3855, 7);
insert into Citizen (idno, title, firstname, lastname, dateofbirth, gender) VALUES (3856, '', 'Biedermann', 'Lucia', '1.1.1981.', 'p');
insert into CandidatesData (idno) VALUES (3856);
insert into PartyMembership (pid, idno) VALUES (4, 3856);
insert into Candidacy (wkid, idno) VALUES (577, 3856);
insert into Landeslistenplatz (llid, idno, position) VALUES (51, 3856, 25);
insert into Citizen (idno, title, firstname, lastname, dateofbirth, gender) VALUES (3857, '', 'Bielang', 'Dieter', '1.1.1961.', 'p');
insert into CandidatesData (idno) VALUES (3857);
insert into PartyMembership (pid, idno) VALUES (33, 3857);
insert into Candidacy (wkid, idno) VALUES (563, 3857);
insert into Citizen (idno, title, firstname, lastname, dateofbirth, gender) VALUES (3858, '', 'Bielig-Schultz', 'Susanne', '1.1.1960.', 'p');
insert into CandidatesData (idno) VALUES (3858);
insert into PartyMembership (pid, idno) VALUES (33, 3858);
insert into Landeslistenplatz (llid, idno, position) VALUES (30, 3858, 15);
insert into Citizen (idno, title, firstname, lastname, dateofbirth, gender) VALUES (3859, '', 'Bienia', 'Nathanael', '1.1.1990.', 'p');
insert into CandidatesData (idno) VALUES (3859);
insert into PartyMembership (pid, idno) VALUES (7, 3859);
insert into Landeslistenplatz (llid, idno, position) VALUES (48, 3859, 19);
insert into Citizen (idno, title, firstname, lastname, dateofbirth, gender) VALUES (3860, '', 'Bierbaum', 'Maximilian', '1.1.1991.', 'p');
insert into CandidatesData (idno) VALUES (3860);
insert into PartyMembership (pid, idno) VALUES (5, 3860);
insert into LandesListe (llid, year, pid, fsid) VALUES (146, 2013, 5, 10);
insert into Landeslistenplatz (llid, idno, position) VALUES (146, 3860, 4);
insert into Citizen (idno, title, firstname, lastname, dateofbirth, gender) VALUES (3861, '', 'Bieser', 'Ursula', '1.1.1963.', 'p');
insert into CandidatesData (idno) VALUES (3861);
insert into PartyMembership (pid, idno) VALUES (33, 3861);
insert into Candidacy (wkid, idno) VALUES (506, 3861);
insert into Landeslistenplatz (llid, idno, position) VALUES (63, 3861, 6);
insert into Citizen (idno, title, firstname, lastname, dateofbirth, gender) VALUES (3862, '', 'Biesterfeld', 'Dietlind Juliane', '1.1.1968.', 'p');
insert into CandidatesData (idno) VALUES (3862);
insert into PartyMembership (pid, idno) VALUES (2, 3862);
insert into LandesListe (llid, year, pid, fsid) VALUES (147, 2013, 2, 40);
insert into Landeslistenplatz (llid, idno, position) VALUES (147, 3862, 12);
insert into Citizen (idno, title, firstname, lastname, dateofbirth, gender) VALUES (3863, '', 'Biewer', 'Leo', '1.1.1958.', 'p');
insert into CandidatesData (idno) VALUES (3863);
insert into PartyMembership (pid, idno) VALUES (12, 3863);
insert into Landeslistenplatz (llid, idno, position) VALUES (138, 3863, 37);
insert into Citizen (idno, title, firstname, lastname, dateofbirth, gender) VALUES (3864, '', 'Bihler', 'Michael', '1.1.1979.', 'p');
insert into CandidatesData (idno) VALUES (3864);
insert into PartyMembership (pid, idno) VALUES (9, 3864);
insert into Landeslistenplatz (llid, idno, position) VALUES (47, 3864, 45);
insert into Citizen (idno, title, firstname, lastname, dateofbirth, gender) VALUES (3865, '', 'Bilger', 'Steffen', '1.1.1979.', 'p');
insert into CandidatesData (idno) VALUES (3865);
insert into PartyMembership (pid, idno) VALUES (12, 3865);
insert into Candidacy (wkid, idno) VALUES (564, 3865);
insert into Citizen (idno, title, firstname, lastname, dateofbirth, gender) VALUES (3866, 'Dr. ', 'Binder', 'Michaela', '1.1.1966.', 'p');
insert into CandidatesData (idno) VALUES (3866);
insert into PartyMembership (pid, idno) VALUES (40, 3866);
insert into LandesListe (llid, year, pid, fsid) VALUES (148, 2013, 40, 4);
insert into Landeslistenplatz (llid, idno, position) VALUES (148, 3866, 5);
insert into Citizen (idno, title, firstname, lastname, dateofbirth, gender) VALUES (3867, '', 'Binder', 'Karin', '1.1.1957.', 'p');
insert into CandidatesData (idno) VALUES (3867);
insert into PartyMembership (pid, idno) VALUES (3, 3867);
insert into Candidacy (wkid, idno) VALUES (570, 3867);
insert into Landeslistenplatz (llid, idno, position) VALUES (143, 3867, 3);
insert into Citizen (idno, title, firstname, lastname, dateofbirth, gender) VALUES (3868, '', 'Binder', 'Kuno Alois Anton', '1.1.1941.', 'p');
insert into CandidatesData (idno) VALUES (3868);
insert into PartyMembership (pid, idno) VALUES (36, 3868);
insert into LandesListe (llid, year, pid, fsid) VALUES (149, 2013, 36, 19);
insert into Landeslistenplatz (llid, idno, position) VALUES (149, 3868, 12);
insert into Citizen (idno, title, firstname, lastname, dateofbirth, gender) VALUES (3869, '', 'Binder', 'Raimund', '1.1.1964.', 'p');
insert into CandidatesData (idno) VALUES (3869);
insert into PartyMembership (pid, idno) VALUES (36, 3869);
insert into Candidacy (wkid, idno) VALUES (550, 3869);
insert into Landeslistenplatz (llid, idno, position) VALUES (121, 3869, 8);
insert into Citizen (idno, title, firstname, lastname, dateofbirth, gender) VALUES (3870, '', 'Bindges', 'Anja', '1.1.1963.', 'p');
insert into CandidatesData (idno) VALUES (3870);
insert into PartyMembership (pid, idno) VALUES (2, 3870);
insert into Candidacy (wkid, idno) VALUES (500, 3870);
insert into Landeslistenplatz (llid, idno, position) VALUES (71, 3870, 15);
insert into Citizen (idno, title, firstname, lastname, dateofbirth, gender) VALUES (3871, '', 'Binding', 'Lothar', '1.1.1950.', 'p');
insert into CandidatesData (idno) VALUES (3871);
insert into PartyMembership (pid, idno) VALUES (2, 3871);
insert into Candidacy (wkid, idno) VALUES (573, 3871);
insert into Landeslistenplatz (llid, idno, position) VALUES (76, 3871, 7);
insert into Citizen (idno, title, firstname, lastname, dateofbirth, gender) VALUES (3872, '', 'Binner', 'Karlheinz', '1.1.1967.', 'p');
insert into CandidatesData (idno) VALUES (3872);
insert into PartyMembership (pid, idno) VALUES (36, 3872);
insert into Candidacy (wkid, idno) VALUES (534, 3872);
insert into Landeslistenplatz (llid, idno, position) VALUES (121, 3872, 9);
insert into Citizen (idno, title, firstname, lastname, dateofbirth, gender) VALUES (3873, '', 'Binninger', 'Clemens', '1.1.1962.', 'p');
insert into CandidatesData (idno) VALUES (3873);
insert into PartyMembership (pid, idno) VALUES (12, 3873);
insert into Candidacy (wkid, idno) VALUES (559, 3873);
insert into Citizen (idno, title, firstname, lastname, dateofbirth, gender) VALUES (3874, '', 'Birke', 'Helmut Gerhard', '1.1.1954.', 'p');
insert into CandidatesData (idno) VALUES (3874);
insert into PartyMembership (pid, idno) VALUES (33, 3874);
insert into Candidacy (wkid, idno) VALUES (428, 3874);
insert into Citizen (idno, title, firstname, lastname, dateofbirth, gender) VALUES (3875, '', 'Birke', 'Holger', '1.1.1964.', 'p');
insert into CandidatesData (idno) VALUES (3875);
insert into PartyMembership (pid, idno) VALUES (10, 3875);
insert into LandesListe (llid, year, pid, fsid) VALUES (150, 2013, 10, 25);
insert into Landeslistenplatz (llid, idno, position) VALUES (150, 3875, 9);
insert into Citizen (idno, title, firstname, lastname, dateofbirth, gender) VALUES (3876, '', 'Birkner', 'Jan-Hendrik', '1.1.1980.', 'p');
insert into CandidatesData (idno) VALUES (3876);
insert into PartyMembership (pid, idno) VALUES (31, 3876);
insert into Landeslistenplatz (llid, idno, position) VALUES (28, 3876, 38);
insert into Citizen (idno, title, firstname, lastname, dateofbirth, gender) VALUES (3877, '', 'Birkwald', 'Matthias W.', '1.1.1961.', 'p');
insert into CandidatesData (idno) VALUES (3877);
insert into PartyMembership (pid, idno) VALUES (3, 3877);
insert into Candidacy (wkid, idno) VALUES (393, 3877);
insert into Landeslistenplatz (llid, idno, position) VALUES (95, 3877, 2);
insert into Citizen (idno, title, firstname, lastname, dateofbirth, gender) VALUES (3878, '', 'Birr', 'Harald', '1.1.1959.', 'p');
insert into CandidatesData (idno) VALUES (3878);
insert into PartyMembership (pid, idno) VALUES (2, 3878);
insert into Landeslistenplatz (llid, idno, position) VALUES (71, 3878, 33);
insert into Citizen (idno, title, firstname, lastname, dateofbirth, gender) VALUES (3879, '', 'Bisanz', 'Burkhard', '1.1.1958.', 'p');
insert into CandidatesData (idno) VALUES (3879);
insert into PartyMembership (pid, idno) VALUES (2, 3879);
insert into Landeslistenplatz (llid, idno, position) VALUES (69, 3879, 60);
insert into Citizen (idno, title, firstname, lastname, dateofbirth, gender) VALUES (3880, '', 'Bischeff', 'Grischa', '1.1.1979.', 'p');
insert into CandidatesData (idno) VALUES (3880);
insert into PartyMembership (pid, idno) VALUES (3, 3880);
insert into Candidacy (wkid, idno) VALUES (399, 3880);
insert into Citizen (idno, title, firstname, lastname, dateofbirth, gender) VALUES (3881, '', 'Bischoff', 'Stephan', '1.1.1983.', 'p');
insert into CandidatesData (idno) VALUES (3881);
insert into PartyMembership (pid, idno) VALUES (5, 3881);
insert into Candidacy (wkid, idno) VALUES (368, 3881);
insert into LandesListe (llid, year, pid, fsid) VALUES (151, 2013, 5, 8);
insert into Landeslistenplatz (llid, idno, position) VALUES (151, 3881, 2);
insert into Citizen (idno, title, firstname, lastname, dateofbirth, gender) VALUES (3882, '', 'Bist', 'Andreas', '1.1.1978.', 'p');
insert into CandidatesData (idno) VALUES (3882);
insert into PartyMembership (pid, idno) VALUES (4, 3882);
insert into Candidacy (wkid, idno) VALUES (410, 3882);
insert into Landeslistenplatz (llid, idno, position) VALUES (98, 3882, 34);
insert into Citizen (idno, title, firstname, lastname, dateofbirth, gender) VALUES (3883, '', 'Bittel', 'Günther', '1.1.1953.', 'p');
insert into CandidatesData (idno) VALUES (3883);
insert into PartyMembership (pid, idno) VALUES (13, 3883);
insert into Landeslistenplatz (llid, idno, position) VALUES (34, 3883, 14);
insert into Citizen (idno, title, firstname, lastname, dateofbirth, gender) VALUES (3884, '', 'Bitzer', 'Kai Steffen', '1.1.1973.', 'p');
insert into CandidatesData (idno) VALUES (3884);
insert into PartyMembership (pid, idno) VALUES (5, 3884);
insert into Candidacy (wkid, idno) VALUES (448, 3884);
insert into Citizen (idno, title, firstname, lastname, dateofbirth, gender) VALUES (3885, '', 'Blackman', 'Paul Michael', '1.1.1949.', 'p');
insert into CandidatesData (idno) VALUES (3885);
insert into PartyMembership (pid, idno) VALUES (41, 3885);
insert into Candidacy (wkid, idno) VALUES (544, 3885);
insert into LandesListe (llid, year, pid, fsid) VALUES (152, 2013, 41, 4);
insert into Landeslistenplatz (llid, idno, position) VALUES (152, 3885, 3);
insert into Citizen (idno, title, firstname, lastname, dateofbirth, gender) VALUES (3886, '', 'Blank', 'Otto Paul Hans', '1.1.1946.', 'p');
insert into CandidatesData (idno) VALUES (3886);
insert into PartyMembership (pid, idno) VALUES (41, 3886);
insert into Candidacy (wkid, idno) VALUES (551, 3886);
insert into Landeslistenplatz (llid, idno, position) VALUES (152, 3886, 5);
insert into Citizen (idno, title, firstname, lastname, dateofbirth, gender) VALUES (3887, '', 'Blankenburg', 'Moroni', '1.1.1954.', 'p');
insert into CandidatesData (idno) VALUES (3887);
insert into PartyMembership (pid, idno) VALUES (1, 3887);
insert into Candidacy (wkid, idno) VALUES (538, 3887);
insert into Citizen (idno, title, firstname, lastname, dateofbirth, gender) VALUES (3888, '', 'Blankenheim', 'Bernhard', '1.1.1951.', 'p');
insert into CandidatesData (idno) VALUES (3888);
insert into PartyMembership (pid, idno) VALUES (1, 3888);
insert into Candidacy (wkid, idno) VALUES (400, 3888);
insert into Citizen (idno, title, firstname, lastname, dateofbirth, gender) VALUES (3889, '', 'Blasi', 'Martin', '1.1.1967.', 'p');
insert into CandidatesData (idno) VALUES (3889);
insert into PartyMembership (pid, idno) VALUES (32, 3889);
insert into Candidacy (wkid, idno) VALUES (519, 3889);
insert into Landeslistenplatz (llid, idno, position) VALUES (33, 3889, 37);
insert into Citizen (idno, title, firstname, lastname, dateofbirth, gender) VALUES (3890, '', 'Bleser', 'Peter', '1.1.1952.', 'p');
insert into CandidatesData (idno) VALUES (3890);
insert into PartyMembership (pid, idno) VALUES (12, 3890);
insert into Candidacy (wkid, idno) VALUES (500, 3890);
insert into Landeslistenplatz (llid, idno, position) VALUES (138, 3890, 2);
insert into Citizen (idno, title, firstname, lastname, dateofbirth, gender) VALUES (3891, 'Dr. ', 'Blex', 'Christian', '1.1.1975.', 'p');
insert into CandidatesData (idno) VALUES (3891);
insert into PartyMembership (pid, idno) VALUES (33, 3891);
insert into Candidacy (wkid, idno) VALUES (429, 3891);
insert into Landeslistenplatz (llid, idno, position) VALUES (80, 3891, 18);
insert into Citizen (idno, title, firstname, lastname, dateofbirth, gender) VALUES (3892, '', 'Blienert', 'Burkhard', '1.1.1966.', 'p');
insert into CandidatesData (idno) VALUES (3892);
insert into PartyMembership (pid, idno) VALUES (2, 3892);
insert into Candidacy (wkid, idno) VALUES (436, 3892);
insert into Landeslistenplatz (llid, idno, position) VALUES (73, 3892, 29);
insert into Citizen (idno, title, firstname, lastname, dateofbirth, gender) VALUES (3893, 'Prof. Dr. ', 'Bloching', 'Micha Manuel', '1.1.1968.', 'p');
insert into CandidatesData (idno) VALUES (3893);
insert into PartyMembership (pid, idno) VALUES (35, 3893);
insert into Landeslistenplatz (llid, idno, position) VALUES (57, 3893, 2);
insert into Citizen (idno, title, firstname, lastname, dateofbirth, gender) VALUES (3894, '', 'Blöchinger', 'Klaus', '1.1.1967.', 'p');
insert into CandidatesData (idno) VALUES (3894);
insert into PartyMembership (pid, idno) VALUES (35, 3894);
insert into Landeslistenplatz (llid, idno, position) VALUES (57, 3894, 20);
insert into Citizen (idno, title, firstname, lastname, dateofbirth, gender) VALUES (3895, '', 'Blömer', 'Dennis', '1.1.1983.', 'p');
insert into CandidatesData (idno) VALUES (3895);
insert into PartyMembership (pid, idno) VALUES (1, 3895);
insert into Candidacy (wkid, idno) VALUES (422, 3895);
insert into Citizen (idno, title, firstname, lastname, dateofbirth, gender) VALUES (3896, '', 'Blümel', 'Thomas', '1.1.1965.', 'p');
insert into CandidatesData (idno) VALUES (3896);
insert into PartyMembership (pid, idno) VALUES (2, 3896);
insert into Candidacy (wkid, idno) VALUES (459, 3896);
insert into LandesListe (llid, year, pid, fsid) VALUES (153, 2013, 2, 51);
insert into Landeslistenplatz (llid, idno, position) VALUES (153, 3896, 15);
insert into Citizen (idno, title, firstname, lastname, dateofbirth, gender) VALUES (3897, '', 'Bluhm', 'Heidrun', '1.1.1958.', 'p');
insert into CandidatesData (idno) VALUES (3897);
insert into PartyMembership (pid, idno) VALUES (3, 3897);
insert into Candidacy (wkid, idno) VALUES (316, 3897);
insert into Landeslistenplatz (llid, idno, position) VALUES (107, 3897, 2);
insert into Citizen (idno, title, firstname, lastname, dateofbirth, gender) VALUES (3898, '', 'Blum', 'Rainer', '1.1.1969.', 'p');
insert into CandidatesData (idno) VALUES (3898);
insert into PartyMembership (pid, idno) VALUES (5, 3898);
insert into Candidacy (wkid, idno) VALUES (400, 3898);
insert into Citizen (idno, title, firstname, lastname, dateofbirth, gender) VALUES (3899, '', 'Blumenthal', 'Sebastian', '1.1.1974.', 'p');
insert into CandidatesData (idno) VALUES (3899);
insert into PartyMembership (pid, idno) VALUES (4, 3899);
insert into Candidacy (wkid, idno) VALUES (304, 3899);
insert into Landeslistenplatz (llid, idno, position) VALUES (78, 3899, 3);
insert into Citizen (idno, title, firstname, lastname, dateofbirth, gender) VALUES (3900, '', 'Blumentritt', 'Volker', '1.1.1946.', 'p');
insert into CandidatesData (idno) VALUES (3900);
insert into PartyMembership (pid, idno) VALUES (2, 3900);
insert into Candidacy (wkid, idno) VALUES (493, 3900);
insert into LandesListe (llid, year, pid, fsid) VALUES (154, 2013, 2, 19);
insert into Landeslistenplatz (llid, idno, position) VALUES (154, 3900, 7);
insert into Citizen (idno, title, firstname, lastname, dateofbirth, gender) VALUES (3901, '', 'Blumer', 'Jürgen', '1.1.1958.', 'p');
insert into CandidatesData (idno) VALUES (3901);
insert into PartyMembership (pid, idno) VALUES (13, 3901);
insert into Candidacy (wkid, idno) VALUES (415, 3901);
insert into Citizen (idno, title, firstname, lastname, dateofbirth, gender) VALUES (3902, '', 'Blusch', 'Uwe', '1.1.1960.', 'p');
insert into CandidatesData (idno) VALUES (3902);
insert into PartyMembership (pid, idno) VALUES (42, 3902);
insert into LandesListe (llid, year, pid, fsid) VALUES (155, 2013, 42, 25);
insert into Landeslistenplatz (llid, idno, position) VALUES (155, 3902, 1);
insert into Citizen (idno, title, firstname, lastname, dateofbirth, gender) VALUES (3903, '', 'Bock', 'Alexander', '1.1.1987.', 'p');
insert into CandidatesData (idno) VALUES (3903);
insert into PartyMembership (pid, idno) VALUES (7, 3903);
insert into Candidacy (wkid, idno) VALUES (517, 3903);
insert into Landeslistenplatz (llid, idno, position) VALUES (72, 3903, 2);
insert into Citizen (idno, title, firstname, lastname, dateofbirth, gender) VALUES (3904, 'Dr. ', 'Bock', 'Inge Ursula', '1.1.1958.', 'p');
insert into CandidatesData (idno) VALUES (3904);
insert into PartyMembership (pid, idno) VALUES (33, 3904);
insert into LandesListe (llid, year, pid, fsid) VALUES (156, 2013, 33, 40);
insert into Landeslistenplatz (llid, idno, position) VALUES (156, 3904, 6);
insert into Citizen (idno, title, firstname, lastname, dateofbirth, gender) VALUES (3905, '', 'Bockhahn', 'Steffen', '1.1.1978.', 'p');
insert into CandidatesData (idno) VALUES (3905);
insert into PartyMembership (pid, idno) VALUES (3, 3905);
insert into Candidacy (wkid, idno) VALUES (313, 3905);
insert into Landeslistenplatz (llid, idno, position) VALUES (107, 3905, 4);
insert into Citizen (idno, title, firstname, lastname, dateofbirth, gender) VALUES (3906, '', 'Bodem', 'Barbara', '1.1.1957.', 'p');
insert into CandidatesData (idno) VALUES (3906);
insert into PartyMembership (pid, idno) VALUES (36, 3906);
insert into Landeslistenplatz (llid, idno, position) VALUES (56, 3906, 26);
insert into Citizen (idno, title, firstname, lastname, dateofbirth, gender) VALUES (3907, '', 'Bodewig', 'Philippe', '1.1.1986.', 'p');
insert into CandidatesData (idno) VALUES (3907);
insert into PartyMembership (pid, idno) VALUES (1, 3907);
insert into Candidacy (wkid, idno) VALUES (413, 3907);
insert into Citizen (idno, title, firstname, lastname, dateofbirth, gender) VALUES (3908, '', 'Böck', 'Daniel', '1.1.1992.', 'p');
insert into CandidatesData (idno) VALUES (3908);
insert into PartyMembership (pid, idno) VALUES (3, 3908);
insert into Candidacy (wkid, idno) VALUES (552, 3908);
insert into Citizen (idno, title, firstname, lastname, dateofbirth, gender) VALUES (3909, '', 'Böckel', 'Hans-Martin', '1.1.1973.', 'p');
insert into CandidatesData (idno) VALUES (3909);
insert into PartyMembership (pid, idno) VALUES (7, 3909);
insert into Candidacy (wkid, idno) VALUES (444, 3909);
insert into Citizen (idno, title, firstname, lastname, dateofbirth, gender) VALUES (3910, '', 'Boeddinghaus', 'Kai Manuel', '1.1.1959.', 'p');
insert into CandidatesData (idno) VALUES (3910);
insert into PartyMembership (pid, idno) VALUES (3, 3910);
insert into Candidacy (wkid, idno) VALUES (467, 3910);
insert into Citizen (idno, title, firstname, lastname, dateofbirth, gender) VALUES (3911, '', 'Böddinghaus', 'Sabine', '1.1.1957.', 'p');
insert into CandidatesData (idno) VALUES (3911);
insert into PartyMembership (pid, idno) VALUES (3, 3911);
insert into Candidacy (wkid, idno) VALUES (322, 3911);
insert into Landeslistenplatz (llid, idno, position) VALUES (41, 3911, 2);
insert into Citizen (idno, title, firstname, lastname, dateofbirth, gender) VALUES (3912, '', 'Bögel-Hoyer', 'Claudia', '1.1.1961.', 'p');
insert into CandidatesData (idno) VALUES (3912);
insert into PartyMembership (pid, idno) VALUES (4, 3912);
insert into Candidacy (wkid, idno) VALUES (423, 3912);
insert into Landeslistenplatz (llid, idno, position) VALUES (98, 3912, 13);
insert into Citizen (idno, title, firstname, lastname, dateofbirth, gender) VALUES (3913, '', 'Böhlke', 'Stephan', '1.1.1978.', 'p');
insert into CandidatesData (idno) VALUES (3913);
insert into PartyMembership (pid, idno) VALUES (37, 3913);
insert into LandesListe (llid, year, pid, fsid) VALUES (157, 2013, 37, 42);
insert into Landeslistenplatz (llid, idno, position) VALUES (157, 3913, 4);
insert into Citizen (idno, title, firstname, lastname, dateofbirth, gender) VALUES (3914, '', 'Böhm', 'Michael Ralf', '1.1.1970.', 'p');
insert into CandidatesData (idno) VALUES (3914);
insert into PartyMembership (pid, idno) VALUES (7, 3914);
insert into Landeslistenplatz (llid, idno, position) VALUES (72, 3914, 26);
insert into Citizen (idno, title, firstname, lastname, dateofbirth, gender) VALUES (3915, '', 'Böhme', 'Andreas', '1.1.1960.', 'p');
insert into CandidatesData (idno) VALUES (3915);
insert into PartyMembership (pid, idno) VALUES (32, 3915);
insert into Candidacy (wkid, idno) VALUES (489, 3915);
insert into Landeslistenplatz (llid, idno, position) VALUES (145, 3915, 3);
insert into Citizen (idno, title, firstname, lastname, dateofbirth, gender) VALUES (3916, '', 'Böhme', 'Matteo', '1.1.1982.', 'p');
insert into CandidatesData (idno) VALUES (3916);
insert into PartyMembership (pid, idno) VALUES (4, 3916);
insert into Candidacy (wkid, idno) VALUES (459, 3916);
insert into LandesListe (llid, year, pid, fsid) VALUES (158, 2013, 4, 51);
insert into Landeslistenplatz (llid, idno, position) VALUES (158, 3916, 10);
insert into Citizen (idno, title, firstname, lastname, dateofbirth, gender) VALUES (3917, '', 'Böhme', 'Wolfgang Dieter', '1.1.1951.', 'p');
insert into CandidatesData (idno) VALUES (3917);
insert into PartyMembership (pid, idno) VALUES (3, 3917);
insert into Candidacy (wkid, idno) VALUES (535, 3917);
insert into Citizen (idno, title, firstname, lastname, dateofbirth, gender) VALUES (3918, 'Prof. Dr. ', 'Böhmer', 'Maria', '1.1.1950.', 'p');
insert into CandidatesData (idno) VALUES (3918);
insert into PartyMembership (pid, idno) VALUES (12, 3918);
insert into Candidacy (wkid, idno) VALUES (507, 3918);
insert into Landeslistenplatz (llid, idno, position) VALUES (138, 3918, 1);
insert into Citizen (idno, title, firstname, lastname, dateofbirth, gender) VALUES (3919, 'Dr. ', 'Böhning', 'Volker', '1.1.1948.', 'p');
insert into CandidatesData (idno) VALUES (3919);
insert into PartyMembership (pid, idno) VALUES (32, 3919);
insert into Candidacy (wkid, idno) VALUES (315, 3919);
insert into Landeslistenplatz (llid, idno, position) VALUES (101, 3919, 3);
insert into Citizen (idno, title, firstname, lastname, dateofbirth, gender) VALUES (3920, '', 'Boenigk', 'Natalina', '1.1.1959.', 'p');
insert into CandidatesData (idno) VALUES (3920);
insert into PartyMembership (pid, idno) VALUES (12, 3920);
insert into LandesListe (llid, year, pid, fsid) VALUES (159, 2013, 12, 39);
insert into Landeslistenplatz (llid, idno, position) VALUES (159, 3920, 17);
insert into Citizen (idno, title, firstname, lastname, dateofbirth, gender) VALUES (3921, '', 'Börm', 'Manfred', '1.1.1950.', 'p');
insert into CandidatesData (idno) VALUES (3921);
insert into PartyMembership (pid, idno) VALUES (1, 3921);
insert into Candidacy (wkid, idno) VALUES (336, 3921);
insert into Citizen (idno, title, firstname, lastname, dateofbirth, gender) VALUES (3922, '', 'Boerner', 'Thomas', '1.1.1969.', 'p');
insert into CandidatesData (idno) VALUES (3922);
insert into PartyMembership (pid, idno) VALUES (17, 3922);
insert into Landeslistenplatz (llid, idno, position) VALUES (128, 3922, 7);
insert into Citizen (idno, title, firstname, lastname, dateofbirth, gender) VALUES (3923, '', 'Börs', 'Peter', '1.1.1944.', 'p');
insert into CandidatesData (idno) VALUES (3923);
insert into PartyMembership (pid, idno) VALUES (1, 3923);
insert into Candidacy (wkid, idno) VALUES (355, 3923);
insert into Citizen (idno, title, firstname, lastname, dateofbirth, gender) VALUES (3924, 'Dr. ', 'Börsch-Supan', 'Eva', '1.1.1932.', 'p');
insert into CandidatesData (idno) VALUES (3924);
insert into PartyMembership (pid, idno) VALUES (36, 3924);
insert into LandesListe (llid, year, pid, fsid) VALUES (160, 2013, 36, 1);
insert into Landeslistenplatz (llid, idno, position) VALUES (160, 3924, 4);
insert into Citizen (idno, title, firstname, lastname, dateofbirth, gender) VALUES (3925, '', 'Börst-Harder', 'Petra', '1.1.1965.', 'p');
insert into CandidatesData (idno) VALUES (3925);
insert into PartyMembership (pid, idno) VALUES (2, 3925);
insert into Candidacy (wkid, idno) VALUES (370, 3925);
insert into LandesListe (llid, year, pid, fsid) VALUES (161, 2013, 2, 8);
insert into Landeslistenplatz (llid, idno, position) VALUES (161, 3925, 6);
insert into Citizen (idno, title, firstname, lastname, dateofbirth, gender) VALUES (3926, '', 'Boes', 'Ralph Kurt', '1.1.1957.', 'p');
insert into CandidatesData (idno) VALUES (3926);
insert into Candidacy (wkid, idno) VALUES (374, 3926);
insert into Citizen (idno, title, firstname, lastname, dateofbirth, gender) VALUES (3927, '', 'Bötcher', 'Detlev', '1.1.1969.', 'p');
insert into CandidatesData (idno) VALUES (3927);
insert into PartyMembership (pid, idno) VALUES (7, 3927);
insert into Landeslistenplatz (llid, idno, position) VALUES (42, 3927, 8);
insert into Citizen (idno, title, firstname, lastname, dateofbirth, gender) VALUES (3928, '', 'Böth', 'Gunhild', '1.1.1952.', 'p');
insert into CandidatesData (idno) VALUES (3928);
insert into PartyMembership (pid, idno) VALUES (3, 3928);
insert into Candidacy (wkid, idno) VALUES (402, 3928);
insert into Citizen (idno, title, firstname, lastname, dateofbirth, gender) VALUES (3929, 'Dr. ', 'Böttger', 'Ute Gertraud', '1.1.1956.', 'p');
insert into CandidatesData (idno) VALUES (3929);
insert into PartyMembership (pid, idno) VALUES (36, 3929);
insert into Landeslistenplatz (llid, idno, position) VALUES (149, 3929, 6);
insert into Citizen (idno, title, firstname, lastname, dateofbirth, gender) VALUES (3930, '', 'Bogdanovic', 'Nikola', '1.1.1968.', 'p');
insert into CandidatesData (idno) VALUES (3930);
insert into PartyMembership (pid, idno) VALUES (10, 3930);
insert into LandesListe (llid, year, pid, fsid) VALUES (162, 2013, 10, 5);
insert into Landeslistenplatz (llid, idno, position) VALUES (162, 3930, 7);
insert into Citizen (idno, title, firstname, lastname, dateofbirth, gender) VALUES (3931, '', 'Bogendorff von Wolffersdorff', 'Nabiel Peter', '1.1.1963.', 'p');
insert into CandidatesData (idno) VALUES (3931);
insert into PartyMembership (pid, idno) VALUES (33, 3931);
insert into LandesListe (llid, year, pid, fsid) VALUES (163, 2013, 33, 51);
insert into Landeslistenplatz (llid, idno, position) VALUES (163, 3931, 3);
insert into Citizen (idno, title, firstname, lastname, dateofbirth, gender) VALUES (3932, '', 'Bognar', 'Julia', '1.1.1983.', 'p');
insert into CandidatesData (idno) VALUES (3932);
insert into PartyMembership (pid, idno) VALUES (2, 3932);
insert into Landeslistenplatz (llid, idno, position) VALUES (71, 3932, 20);
insert into Citizen (idno, title, firstname, lastname, dateofbirth, gender) VALUES (3933, '', 'Bogner', 'Andrea Beate', '1.1.1961.', 'p');
insert into CandidatesData (idno) VALUES (3933);
insert into PartyMembership (pid, idno) VALUES (7, 3933);
insert into Candidacy (wkid, idno) VALUES (366, 3933);
insert into Citizen (idno, title, firstname, lastname, dateofbirth, gender) VALUES (3934, '', 'Bohn', 'Volker', '1.1.1951.', 'p');
insert into CandidatesData (idno) VALUES (3934);
insert into PartyMembership (pid, idno) VALUES (3, 3934);
insert into Candidacy (wkid, idno) VALUES (575, 3934);
insert into Citizen (idno, title, firstname, lastname, dateofbirth, gender) VALUES (3935, '', 'Bohne', 'Jörg', '1.1.1953.', 'p');
insert into CandidatesData (idno) VALUES (3935);
insert into PartyMembership (pid, idno) VALUES (33, 3935);
insert into LandesListe (llid, year, pid, fsid) VALUES (164, 2013, 33, 8);
insert into Landeslistenplatz (llid, idno, position) VALUES (164, 3935, 2);
insert into Citizen (idno, title, firstname, lastname, dateofbirth, gender) VALUES (3936, '', 'Bohnenkamp', 'Hermann', '1.1.1956.', 'p');
insert into CandidatesData (idno) VALUES (3936);
insert into PartyMembership (pid, idno) VALUES (17, 3936);
insert into Landeslistenplatz (llid, idno, position) VALUES (128, 3936, 5);
insert into Citizen (idno, title, firstname, lastname, dateofbirth, gender) VALUES (3937, '', 'Bois du', 'Elke', '1.1.1959.', 'p');
insert into CandidatesData (idno) VALUES (3937);
insert into PartyMembership (pid, idno) VALUES (32, 3937);
insert into Candidacy (wkid, idno) VALUES (365, 3937);
insert into LandesListe (llid, year, pid, fsid) VALUES (165, 2013, 32, 8);
insert into Landeslistenplatz (llid, idno, position) VALUES (165, 3937, 1);
insert into Citizen (idno, title, firstname, lastname, dateofbirth, gender) VALUES (3938, '', 'Bok', 'Karl-Heinz', '1.1.1951.', 'p');
insert into CandidatesData (idno) VALUES (3938);
insert into PartyMembership (pid, idno) VALUES (36, 3938);
insert into Landeslistenplatz (llid, idno, position) VALUES (118, 3938, 26);
insert into Citizen (idno, title, firstname, lastname, dateofbirth, gender) VALUES (3939, '', 'Bokor', 'Florian', '1.1.1975.', 'p');
insert into CandidatesData (idno) VALUES (3939);
insert into PartyMembership (pid, idno) VALUES (7, 3939);
insert into Candidacy (wkid, idno) VALUES (451, 3939);
insert into Landeslistenplatz (llid, idno, position) VALUES (85, 3939, 4);
insert into Citizen (idno, title, firstname, lastname, dateofbirth, gender) VALUES (3940, '', 'Boleslawsky', 'Kathrin Anke', '1.1.1971.', 'p');
insert into CandidatesData (idno) VALUES (3940);
insert into PartyMembership (pid, idno) VALUES (5, 3940);
insert into Candidacy (wkid, idno) VALUES (355, 3940);
insert into Citizen (idno, title, firstname, lastname, dateofbirth, gender) VALUES (3941, '', 'Bolle', 'Rainer', '1.1.1962.', 'p');
insert into CandidatesData (idno) VALUES (3941);
insert into PartyMembership (pid, idno) VALUES (33, 3941);
insert into LandesListe (llid, year, pid, fsid) VALUES (166, 2013, 33, 4);
insert into Landeslistenplatz (llid, idno, position) VALUES (166, 3941, 20);
insert into Citizen (idno, title, firstname, lastname, dateofbirth, gender) VALUES (3942, '', 'Bolte', 'Jürgen', '1.1.1950.', 'p');
insert into CandidatesData (idno) VALUES (3942);
insert into PartyMembership (pid, idno) VALUES (1, 3942);
insert into Candidacy (wkid, idno) VALUES (377, 3942);
insert into Citizen (idno, title, firstname, lastname, dateofbirth, gender) VALUES (3943, '', 'Bolte', 'Richard', '1.1.1972.', 'p');
insert into CandidatesData (idno) VALUES (3943);
insert into PartyMembership (pid, idno) VALUES (19, 3943);
insert into LandesListe (llid, year, pid, fsid) VALUES (167, 2013, 19, 3);
insert into Landeslistenplatz (llid, idno, position) VALUES (167, 3943, 1);
insert into Citizen (idno, title, firstname, lastname, dateofbirth, gender) VALUES (3944, '', 'Boltze', 'Andreas', '1.1.1987.', 'p');
insert into CandidatesData (idno) VALUES (3944);
insert into PartyMembership (pid, idno) VALUES (1, 3944);
insert into Candidacy (wkid, idno) VALUES (581, 3944);
insert into Citizen (idno, title, firstname, lastname, dateofbirth, gender) VALUES (3945, '', 'Bolz', 'Erhard', '1.1.1940.', 'p');
insert into CandidatesData (idno) VALUES (3945);
insert into PartyMembership (pid, idno) VALUES (41, 3945);
insert into Candidacy (wkid, idno) VALUES (513, 3945);
insert into Landeslistenplatz (llid, idno, position) VALUES (152, 3945, 6);
insert into Citizen (idno, title, firstname, lastname, dateofbirth, gender) VALUES (3946, '', 'Bolz', 'Wolfgang', '1.1.1941.', 'p');
insert into CandidatesData (idno) VALUES (3946);
insert into PartyMembership (pid, idno) VALUES (41, 3946);
insert into Candidacy (wkid, idno) VALUES (379, 3946);
insert into Citizen (idno, title, firstname, lastname, dateofbirth, gender) VALUES (3947, '', 'Bombeck', 'Johannes', '1.1.1962.', 'p');
insert into CandidatesData (idno) VALUES (3947);
insert into PartyMembership (pid, idno) VALUES (36, 3947);
insert into Landeslistenplatz (llid, idno, position) VALUES (84, 3947, 18);
insert into Citizen (idno, title, firstname, lastname, dateofbirth, gender) VALUES (3948, '', 'Bommel', 'Lutz', '1.1.1969.', 'p');
insert into CandidatesData (idno) VALUES (3948);
insert into PartyMembership (pid, idno) VALUES (7, 3948);
insert into Candidacy (wkid, idno) VALUES (364, 3948);
insert into Citizen (idno, title, firstname, lastname, dateofbirth, gender) VALUES (3949, '', 'Bongardt', 'Gisela', '1.1.1940.', 'p');
insert into CandidatesData (idno) VALUES (3949);
insert into PartyMembership (pid, idno) VALUES (32, 3949);
insert into Landeslistenplatz (llid, idno, position) VALUES (145, 3949, 7);
insert into Citizen (idno, title, firstname, lastname, dateofbirth, gender) VALUES (3950, '', 'Boom', 'Andreas Stefan', '1.1.1959.', 'p');
insert into CandidatesData (idno) VALUES (3950);
insert into PartyMembership (pid, idno) VALUES (33, 3950);
insert into Landeslistenplatz (llid, idno, position) VALUES (30, 3950, 11);
insert into Citizen (idno, title, firstname, lastname, dateofbirth, gender) VALUES (3951, '', 'Borchardt', 'Alf-Heinz', '1.1.1953.', 'p');
insert into CandidatesData (idno) VALUES (3951);
insert into PartyMembership (pid, idno) VALUES (4, 3951);
insert into Candidacy (wkid, idno) VALUES (495, 3951);
insert into LandesListe (llid, year, pid, fsid) VALUES (168, 2013, 4, 19);
insert into Landeslistenplatz (llid, idno, position) VALUES (168, 3951, 6);
insert into Citizen (idno, title, firstname, lastname, dateofbirth, gender) VALUES (3952, '', 'Borchert', 'Daniel', '1.1.1992.', 'p');
insert into CandidatesData (idno) VALUES (3952);
insert into PartyMembership (pid, idno) VALUES (43, 3952);
insert into LandesListe (llid, year, pid, fsid) VALUES (169, 2013, 43, 5);
insert into Landeslistenplatz (llid, idno, position) VALUES (169, 3952, 5);
insert into Citizen (idno, title, firstname, lastname, dateofbirth, gender) VALUES (3953, '', 'Borgwardt', 'Sonja Angela', '1.1.1951.', 'p');
insert into CandidatesData (idno) VALUES (3953);
insert into PartyMembership (pid, idno) VALUES (13, 3953);
insert into LandesListe (llid, year, pid, fsid) VALUES (170, 2013, 13, 39);
insert into Landeslistenplatz (llid, idno, position) VALUES (170, 3953, 5);
insert into Citizen (idno, title, firstname, lastname, dateofbirth, gender) VALUES (3954, '', 'Born', 'Daniel', '1.1.1975.', 'p');
insert into CandidatesData (idno) VALUES (3954);
insert into PartyMembership (pid, idno) VALUES (2, 3954);
insert into Candidacy (wkid, idno) VALUES (577, 3954);
insert into Landeslistenplatz (llid, idno, position) VALUES (76, 3954, 25);
insert into Citizen (idno, title, firstname, lastname, dateofbirth, gender) VALUES (3955, '', 'Born', 'Helmut', '1.1.1952.', 'p');
insert into CandidatesData (idno) VALUES (3955);
insert into PartyMembership (pid, idno) VALUES (3, 3955);
insert into Candidacy (wkid, idno) VALUES (405, 3955);
insert into Citizen (idno, title, firstname, lastname, dateofbirth, gender) VALUES (3956, '', 'Born', 'Thomas', '1.1.1983.', 'p');
insert into CandidatesData (idno) VALUES (3956);
insert into PartyMembership (pid, idno) VALUES (10, 3956);
insert into Candidacy (wkid, idno) VALUES (454, 3956);
insert into Citizen (idno, title, firstname, lastname, dateofbirth, gender) VALUES (3957, '', 'Borrmann', 'Marco', '1.1.1978.', 'p');
insert into CandidatesData (idno) VALUES (3957);
insert into PartyMembership (pid, idno) VALUES (1, 3957);
insert into Candidacy (wkid, idno) VALUES (352, 3957);
insert into LandesListe (llid, year, pid, fsid) VALUES (171, 2013, 1, 3);
insert into Landeslistenplatz (llid, idno, position) VALUES (171, 3957, 2);
insert into Citizen (idno, title, firstname, lastname, dateofbirth, gender) VALUES (3958, '', 'Boruzs', 'Christiane', '1.1.1971.', 'p');
insert into CandidatesData (idno) VALUES (3958);
insert into PartyMembership (pid, idno) VALUES (33, 3958);
insert into Candidacy (wkid, idno) VALUES (516, 3958);
insert into Citizen (idno, title, firstname, lastname, dateofbirth, gender) VALUES (3959, '', 'Bosbach', 'Wolfgang', '1.1.1952.', 'p');
insert into CandidatesData (idno) VALUES (3959);
insert into PartyMembership (pid, idno) VALUES (12, 3959);
insert into Candidacy (wkid, idno) VALUES (399, 3959);
insert into Landeslistenplatz (llid, idno, position) VALUES (136, 3959, 7);
insert into Citizen (idno, title, firstname, lastname, dateofbirth, gender) VALUES (3960, '', 'Boseld', 'Hans Joachim', '1.1.1952.', 'p');
insert into CandidatesData (idno) VALUES (3960);
insert into PartyMembership (pid, idno) VALUES (1, 3960);
insert into Candidacy (wkid, idno) VALUES (473, 3960);
insert into Citizen (idno, title, firstname, lastname, dateofbirth, gender) VALUES (3961, '', 'Bossler', 'Ulrich', '1.1.1963.', 'p');
insert into CandidatesData (idno) VALUES (3961);
insert into PartyMembership (pid, idno) VALUES (32, 3961);
insert into Candidacy (wkid, idno) VALUES (591, 3961);
insert into Landeslistenplatz (llid, idno, position) VALUES (91, 3961, 1);
insert into Citizen (idno, title, firstname, lastname, dateofbirth, gender) VALUES (3962, '', 'Bothe', 'Vinzenz', '1.1.1983.', 'p');
insert into CandidatesData (idno) VALUES (3962);
insert into PartyMembership (pid, idno) VALUES (12, 3962);
insert into Landeslistenplatz (llid, idno, position) VALUES (105, 3962, 47);
insert into Citizen (idno, title, firstname, lastname, dateofbirth, gender) VALUES (3963, '', 'Botzenhardt', 'Harry Hermann', '1.1.1956.', 'p');
insert into CandidatesData (idno) VALUES (3963);
insert into PartyMembership (pid, idno) VALUES (7, 3963);
insert into Candidacy (wkid, idno) VALUES (577, 3963);
insert into Citizen (idno, title, firstname, lastname, dateofbirth, gender) VALUES (3964, '', 'Bouillon', 'Elke', '1.1.1963.', 'p');
insert into CandidatesData (idno) VALUES (3964);
insert into PartyMembership (pid, idno) VALUES (5, 3964);
insert into LandesListe (llid, year, pid, fsid) VALUES (172, 2013, 5, 19);
insert into Landeslistenplatz (llid, idno, position) VALUES (172, 3964, 7);
insert into Citizen (idno, title, firstname, lastname, dateofbirth, gender) VALUES (3965, '', 'Boxler', 'Stefan', '1.1.1964.', 'p');
insert into CandidatesData (idno) VALUES (3965);
insert into PartyMembership (pid, idno) VALUES (5, 3965);
insert into Candidacy (wkid, idno) VALUES (501, 3965);
insert into Citizen (idno, title, firstname, lastname, dateofbirth, gender) VALUES (3966, '', 'Boyens', 'Stephan', '1.1.1962.', 'p');
insert into CandidatesData (idno) VALUES (3966);
insert into PartyMembership (pid, idno) VALUES (33, 3966);
insert into Candidacy (wkid, idno) VALUES (393, 3966);
insert into Landeslistenplatz (llid, idno, position) VALUES (80, 3966, 9);
insert into Citizen (idno, title, firstname, lastname, dateofbirth, gender) VALUES (3967, '', 'Bozkurt', 'Gonca', '1.1.1972.', 'p');
insert into CandidatesData (idno) VALUES (3967);
insert into PartyMembership (pid, idno) VALUES (34, 3967);
insert into Landeslistenplatz (llid, idno, position) VALUES (32, 3967, 6);
insert into Citizen (idno, title, firstname, lastname, dateofbirth, gender) VALUES (3968, '', 'Boztemur', 'Serdar', '1.1.1989.', 'p');
insert into CandidatesData (idno) VALUES (3968);
insert into PartyMembership (pid, idno) VALUES (3, 3968);
insert into Candidacy (wkid, idno) VALUES (404, 3968);
insert into Citizen (idno, title, firstname, lastname, dateofbirth, gender) VALUES (3969, '', 'Braatz', 'Benjamin', '1.1.1978.', 'p');
insert into CandidatesData (idno) VALUES (3969);
insert into PartyMembership (pid, idno) VALUES (7, 3969);
insert into LandesListe (llid, year, pid, fsid) VALUES (173, 2013, 7, 2);
insert into Landeslistenplatz (llid, idno, position) VALUES (173, 3969, 12);
insert into Citizen (idno, title, firstname, lastname, dateofbirth, gender) VALUES (3970, '', 'Bracht', 'Werner', '1.1.1949.', 'p');
insert into CandidatesData (idno) VALUES (3970);
insert into Candidacy (wkid, idno) VALUES (466, 3970);
insert into Citizen (idno, title, firstname, lastname, dateofbirth, gender) VALUES (3971, '', 'Bracht-Bendt', 'Nicole', '1.1.1959.', 'p');
insert into CandidatesData (idno) VALUES (3971);
insert into PartyMembership (pid, idno) VALUES (4, 3971);
insert into Candidacy (wkid, idno) VALUES (335, 3971);
insert into Citizen (idno, title, firstname, lastname, dateofbirth, gender) VALUES (3972, '', 'Brackmann', 'Norbert', '1.1.1954.', 'p');
insert into CandidatesData (idno) VALUES (3972);
insert into PartyMembership (pid, idno) VALUES (12, 3972);
insert into Candidacy (wkid, idno) VALUES (309, 3972);
insert into Landeslistenplatz (llid, idno, position) VALUES (159, 3972, 9);
insert into Citizen (idno, title, firstname, lastname, dateofbirth, gender) VALUES (3973, '', 'Brade', 'Andreas Jens', '1.1.1966.', 'p');
insert into CandidatesData (idno) VALUES (3973);
insert into PartyMembership (pid, idno) VALUES (12, 3973);
insert into Landeslistenplatz (llid, idno, position) VALUES (134, 3973, 20);
insert into Citizen (idno, title, firstname, lastname, dateofbirth, gender) VALUES (3974, '', 'Brähmig', 'Klaus Peter', '1.1.1957.', 'p');
insert into CandidatesData (idno) VALUES (3974);
insert into PartyMembership (pid, idno) VALUES (12, 3974);
insert into Candidacy (wkid, idno) VALUES (457, 3974);
insert into Landeslistenplatz (llid, idno, position) VALUES (134, 3974, 6);
insert into Citizen (idno, title, firstname, lastname, dateofbirth, gender) VALUES (3975, '', 'Bräutigam', 'Georg', '1.1.1955.', 'p');
insert into CandidatesData (idno) VALUES (3975);
insert into PartyMembership (pid, idno) VALUES (32, 3975);
insert into Landeslistenplatz (llid, idno, position) VALUES (145, 3975, 8);
insert into Citizen (idno, title, firstname, lastname, dateofbirth, gender) VALUES (3976, '', 'Brand', 'Jörg', '1.1.1972.', 'p');
insert into CandidatesData (idno) VALUES (3976);
insert into PartyMembership (pid, idno) VALUES (32, 3976);
insert into Landeslistenplatz (llid, idno, position) VALUES (141, 3976, 6);
insert into Citizen (idno, title, firstname, lastname, dateofbirth, gender) VALUES (3977, '', 'Brand', 'Kurt Karl Wilhelm', '1.1.1964.', 'p');
insert into CandidatesData (idno) VALUES (3977);
insert into PartyMembership (pid, idno) VALUES (33, 3977);
insert into Landeslistenplatz (llid, idno, position) VALUES (166, 3977, 32);
insert into Citizen (idno, title, firstname, lastname, dateofbirth, gender) VALUES (3978, '', 'Brand', 'Michael', '1.1.1973.', 'p');
insert into CandidatesData (idno) VALUES (3978);
insert into PartyMembership (pid, idno) VALUES (12, 3978);
insert into Candidacy (wkid, idno) VALUES (473, 3978);
insert into Landeslistenplatz (llid, idno, position) VALUES (88, 3978, 16);
insert into Citizen (idno, title, firstname, lastname, dateofbirth, gender) VALUES (3979, '', 'Brandenburg', 'Jens', '1.1.1986.', 'p');
insert into CandidatesData (idno) VALUES (3979);
insert into PartyMembership (pid, idno) VALUES (4, 3979);
insert into Candidacy (wkid, idno) VALUES (576, 3979);
insert into Landeslistenplatz (llid, idno, position) VALUES (51, 3979, 11);
insert into Citizen (idno, title, firstname, lastname, dateofbirth, gender) VALUES (3980, '', 'Brandenstein', 'Pierre Claude René', '1.1.1968.', 'p');
insert into CandidatesData (idno) VALUES (3980);
insert into PartyMembership (pid, idno) VALUES (12, 3980);
insert into Landeslistenplatz (llid, idno, position) VALUES (88, 3980, 36);
insert into Citizen (idno, title, firstname, lastname, dateofbirth, gender) VALUES (3981, '', 'Brandes', 'Jan Uwe Andreas', '1.1.1959.', 'p');
insert into CandidatesData (idno) VALUES (3981);
insert into PartyMembership (pid, idno) VALUES (33, 3981);
insert into Landeslistenplatz (llid, idno, position) VALUES (163, 3981, 5);
insert into Citizen (idno, title, firstname, lastname, dateofbirth, gender) VALUES (3982, '', 'Brandin', 'Birgit', '1.1.1961.', 'p');
insert into CandidatesData (idno) VALUES (3982);
insert into PartyMembership (pid, idno) VALUES (33, 3982);
insert into Landeslistenplatz (llid, idno, position) VALUES (164, 3982, 7);
insert into Citizen (idno, title, firstname, lastname, dateofbirth, gender) VALUES (3983, '', 'Brandl', 'Anton', '1.1.1962.', 'p');
insert into CandidatesData (idno) VALUES (3983);
insert into PartyMembership (pid, idno) VALUES (4, 3983);
insert into Candidacy (wkid, idno) VALUES (516, 3983);
insert into Landeslistenplatz (llid, idno, position) VALUES (102, 3983, 36);
insert into Citizen (idno, title, firstname, lastname, dateofbirth, gender) VALUES (3984, 'Dr. ', 'Brandl', 'Reinhard', '1.1.1977.', 'p');
insert into CandidatesData (idno) VALUES (3984);
insert into PartyMembership (pid, idno) VALUES (9, 3984);
insert into Candidacy (wkid, idno) VALUES (516, 3984);
insert into Citizen (idno, title, firstname, lastname, dateofbirth, gender) VALUES (3985, '', 'Brandt', 'Achim', '1.1.1965.', 'p');
insert into CandidatesData (idno) VALUES (3985);
insert into PartyMembership (pid, idno) VALUES (39, 3985);
insert into Landeslistenplatz (llid, idno, position) VALUES (112, 3985, 5);
insert into Citizen (idno, title, firstname, lastname, dateofbirth, gender) VALUES (3986, '', 'Brandt', 'Alexander', '1.1.1975.', 'p');
insert into CandidatesData (idno) VALUES (3986);
insert into PartyMembership (pid, idno) VALUES (7, 3986);
insert into Candidacy (wkid, idno) VALUES (567, 3986);
insert into Citizen (idno, title, firstname, lastname, dateofbirth, gender) VALUES (3987, '', 'Brandt', 'Helmut', '1.1.1950.', 'p');
insert into CandidatesData (idno) VALUES (3987);
insert into PartyMembership (pid, idno) VALUES (12, 3987);
insert into Candidacy (wkid, idno) VALUES (387, 3987);
insert into Landeslistenplatz (llid, idno, position) VALUES (136, 3987, 23);
insert into Citizen (idno, title, firstname, lastname, dateofbirth, gender) VALUES (3988, '', 'Brandt', 'Kathrin', '1.1.1987.', 'p');
insert into CandidatesData (idno) VALUES (3988);
insert into PartyMembership (pid, idno) VALUES (12, 3988);
insert into Landeslistenplatz (llid, idno, position) VALUES (53, 3988, 18);
insert into Citizen (idno, title, firstname, lastname, dateofbirth, gender) VALUES (3989, '', 'Brandt', 'Robert', '1.1.1951.', 'p');
insert into CandidatesData (idno) VALUES (3989);
insert into PartyMembership (pid, idno) VALUES (3, 3989);
insert into Candidacy (wkid, idno) VALUES (423, 3989);
insert into Landeslistenplatz (llid, idno, position) VALUES (95, 3989, 23);
insert into Citizen (idno, title, firstname, lastname, dateofbirth, gender) VALUES (3990, '', 'Brandtner', 'Bernd', '1.1.1968.', 'p');
insert into CandidatesData (idno) VALUES (3990);
insert into PartyMembership (pid, idno) VALUES (5, 3990);
insert into Candidacy (wkid, idno) VALUES (450, 3990);
insert into Citizen (idno, title, firstname, lastname, dateofbirth, gender) VALUES (3991, 'Dr. ', 'Brantner', 'Franziska', '1.1.1979.', 'p');
insert into CandidatesData (idno) VALUES (3991);
insert into PartyMembership (pid, idno) VALUES (5, 3991);
insert into Candidacy (wkid, idno) VALUES (573, 3991);
insert into Landeslistenplatz (llid, idno, position) VALUES (61, 3991, 9);
insert into Citizen (idno, title, firstname, lastname, dateofbirth, gender) VALUES (3992, '', 'Brase', 'Willi', '1.1.1951.', 'p');
insert into CandidatesData (idno) VALUES (3992);
insert into PartyMembership (pid, idno) VALUES (2, 3992);
insert into Candidacy (wkid, idno) VALUES (447, 3992);
insert into Landeslistenplatz (llid, idno, position) VALUES (73, 3992, 3);
insert into Citizen (idno, title, firstname, lastname, dateofbirth, gender) VALUES (3993, '', 'Brateanu', 'Alexander Marcel', '1.1.1991.', 'p');
insert into CandidatesData (idno) VALUES (3993);
insert into PartyMembership (pid, idno) VALUES (7, 3993);
insert into Landeslistenplatz (llid, idno, position) VALUES (85, 3993, 7);
insert into Citizen (idno, title, firstname, lastname, dateofbirth, gender) VALUES (3994, '', 'Brauchle', 'Roman', '1.1.1980.', 'p');
insert into CandidatesData (idno) VALUES (3994);
insert into PartyMembership (pid, idno) VALUES (7, 3994);
insert into Candidacy (wkid, idno) VALUES (593, 3994);
insert into Citizen (idno, title, firstname, lastname, dateofbirth, gender) VALUES (3995, '', 'Brauer', 'Stephen', '1.1.1970.', 'p');
insert into CandidatesData (idno) VALUES (3995);
insert into PartyMembership (pid, idno) VALUES (4, 3995);
insert into Candidacy (wkid, idno) VALUES (567, 3995);
insert into Landeslistenplatz (llid, idno, position) VALUES (51, 3995, 17);
insert into Citizen (idno, title, firstname, lastname, dateofbirth, gender) VALUES (3996, '', 'Braukmüller', 'Rolf-Dieter', '1.1.1947.', 'p');
insert into CandidatesData (idno) VALUES (3996);
insert into PartyMembership (pid, idno) VALUES (33, 3996);
insert into Landeslistenplatz (llid, idno, position) VALUES (164, 3996, 11);
insert into Citizen (idno, title, firstname, lastname, dateofbirth, gender) VALUES (3997, 'Dr. ', 'Brauksiepe', 'Ralf Wolfgang', '1.1.1967.', 'p');
insert into CandidatesData (idno) VALUES (3997);
insert into PartyMembership (pid, idno) VALUES (12, 3997);
insert into Candidacy (wkid, idno) VALUES (438, 3997);
insert into Landeslistenplatz (llid, idno, position) VALUES (136, 3997, 13);
insert into Citizen (idno, title, firstname, lastname, dateofbirth, gender) VALUES (3998, '', 'Braun', 'Adolf', '1.1.1949.', 'p');
insert into CandidatesData (idno) VALUES (3998);
insert into PartyMembership (pid, idno) VALUES (12, 3998);
insert into Landeslistenplatz (llid, idno, position) VALUES (134, 3998, 15);
insert into Citizen (idno, title, firstname, lastname, dateofbirth, gender) VALUES (3999, '', 'Braun', 'Christian', '1.1.1985.', 'p');
insert into CandidatesData (idno) VALUES (3999);
insert into PartyMembership (pid, idno) VALUES (7, 3999);
insert into Candidacy (wkid, idno) VALUES (328, 3999);
insert into Citizen (idno, title, firstname, lastname, dateofbirth, gender) VALUES (4000, 'Dr. ', 'Braun', 'Helge Reinhold', '1.1.1972.', 'p');
insert into CandidatesData (idno) VALUES (4000);
insert into PartyMembership (pid, idno) VALUES (12, 4000);
insert into Candidacy (wkid, idno) VALUES (472, 4000);
insert into Landeslistenplatz (llid, idno, position) VALUES (88, 4000, 7);
insert into Citizen (idno, title, firstname, lastname, dateofbirth, gender) VALUES (4001, '', 'Braun', 'Gabriele', '1.1.1956.', 'p');
insert into CandidatesData (idno) VALUES (4001);
insert into PartyMembership (pid, idno) VALUES (3, 4001);
insert into LandesListe (llid, year, pid, fsid) VALUES (174, 2013, 3, 4);
insert into Landeslistenplatz (llid, idno, position) VALUES (174, 4001, 9);
insert into Citizen (idno, title, firstname, lastname, dateofbirth, gender) VALUES (4002, '', 'Braun', 'Martin', '1.1.1990.', 'p');
insert into CandidatesData (idno) VALUES (4002);
insert into PartyMembership (pid, idno) VALUES (1, 4002);
insert into Candidacy (wkid, idno) VALUES (469, 4002);
insert into Citizen (idno, title, firstname, lastname, dateofbirth, gender) VALUES (4003, '', 'Braun', 'Michael', '1.1.1965.', 'p');
insert into CandidatesData (idno) VALUES (4003);
insert into PartyMembership (pid, idno) VALUES (5, 4003);
insert into Candidacy (wkid, idno) VALUES (398, 4003);
insert into Citizen (idno, title, firstname, lastname, dateofbirth, gender) VALUES (4004, '', 'Braun', 'Petra', '1.1.1957.', 'p');
insert into CandidatesData (idno) VALUES (4004);
insert into PartyMembership (pid, idno) VALUES (13, 4004);
insert into Candidacy (wkid, idno) VALUES (424, 4004);
insert into Citizen (idno, title, firstname, lastname, dateofbirth, gender) VALUES (4005, '', 'Braunert', 'Oscar', '1.1.1990.', 'p');
insert into CandidatesData (idno) VALUES (4005);
insert into PartyMembership (pid, idno) VALUES (31, 4005);
insert into Landeslistenplatz (llid, idno, position) VALUES (28, 4005, 44);
insert into Citizen (idno, title, firstname, lastname, dateofbirth, gender) VALUES (4006, '', 'Brauwers', 'Johannes Wilhelm', '1.1.1949.', 'p');
insert into CandidatesData (idno) VALUES (4006);
insert into PartyMembership (pid, idno) VALUES (31, 4006);
insert into Landeslistenplatz (llid, idno, position) VALUES (123, 4006, 53);
insert into Citizen (idno, title, firstname, lastname, dateofbirth, gender) VALUES (4007, '', 'Brechlin', 'Jörg', '1.1.1972.', 'p');
insert into CandidatesData (idno) VALUES (4007);
insert into PartyMembership (pid, idno) VALUES (35, 4007);
insert into Candidacy (wkid, idno) VALUES (493, 4007);
insert into Citizen (idno, title, firstname, lastname, dateofbirth, gender) VALUES (4008, '', 'Breckel', 'Kerstin', '1.1.1975.', 'p');
insert into CandidatesData (idno) VALUES (4008);
insert into PartyMembership (pid, idno) VALUES (1, 4008);
insert into Candidacy (wkid, idno) VALUES (347, 4008);
insert into Citizen (idno, title, firstname, lastname, dateofbirth, gender) VALUES (4009, '', 'Brehmer', 'Heike', '1.1.1962.', 'p');
insert into CandidatesData (idno) VALUES (4009);
insert into PartyMembership (pid, idno) VALUES (12, 4009);
insert into Candidacy (wkid, idno) VALUES (367, 4009);
insert into Landeslistenplatz (llid, idno, position) VALUES (131, 4009, 1);
insert into Citizen (idno, title, firstname, lastname, dateofbirth, gender) VALUES (4010, '', 'Breil', 'Klaus', '1.1.1945.', 'p');
insert into CandidatesData (idno) VALUES (4010);
insert into PartyMembership (pid, idno) VALUES (4, 4010);
insert into Candidacy (wkid, idno) VALUES (525, 4010);
insert into Landeslistenplatz (llid, idno, position) VALUES (102, 4010, 11);
insert into Citizen (idno, title, firstname, lastname, dateofbirth, gender) VALUES (4011, '', 'Breitschu', 'Andreas', '1.1.1982.', 'p');
insert into CandidatesData (idno) VALUES (4011);
insert into PartyMembership (pid, idno) VALUES (7, 4011);
insert into Candidacy (wkid, idno) VALUES (370, 4011);
insert into LandesListe (llid, year, pid, fsid) VALUES (175, 2013, 7, 8);
insert into Landeslistenplatz (llid, idno, position) VALUES (175, 4011, 4);
insert into Citizen (idno, title, firstname, lastname, dateofbirth, gender) VALUES (4012, '', 'Brems', 'Gerd', '1.1.1952.', 'p');
insert into CandidatesData (idno) VALUES (4012);
insert into PartyMembership (pid, idno) VALUES (4, 4012);
insert into Candidacy (wkid, idno) VALUES (402, 4012);
insert into Landeslistenplatz (llid, idno, position) VALUES (98, 4012, 38);
insert into Citizen (idno, title, firstname, lastname, dateofbirth, gender) VALUES (4013, 'Dr. ', 'Brenner', 'Gerhard', '1.1.1949.', 'p');
insert into CandidatesData (idno) VALUES (4013);
insert into PartyMembership (pid, idno) VALUES (5, 4013);
insert into Candidacy (wkid, idno) VALUES (408, 4013);
insert into Citizen (idno, title, firstname, lastname, dateofbirth, gender) VALUES (4014, '', 'Brett', 'Eberhard', '1.1.1954.', 'p');
insert into CandidatesData (idno) VALUES (4014);
insert into PartyMembership (pid, idno) VALUES (33, 4014);
insert into Candidacy (wkid, idno) VALUES (558, 4014);
insert into Landeslistenplatz (llid, idno, position) VALUES (140, 4014, 7);
insert into Citizen (idno, title, firstname, lastname, dateofbirth, gender) VALUES (4015, '', 'Breuer', 'Heidi', '1.1.1953.', 'p');
insert into CandidatesData (idno) VALUES (4015);
insert into PartyMembership (pid, idno) VALUES (3, 4015);
insert into Candidacy (wkid, idno) VALUES (425, 4015);
insert into Citizen (idno, title, firstname, lastname, dateofbirth, gender) VALUES (4016, '', 'Breukel', 'Michael', '1.1.1968.', 'p');
insert into CandidatesData (idno) VALUES (4016);
insert into PartyMembership (pid, idno) VALUES (7, 4016);
insert into Candidacy (wkid, idno) VALUES (486, 4016);
insert into Citizen (idno, title, firstname, lastname, dateofbirth, gender) VALUES (4017, '', 'Breutmann', 'Daniel Alexis-Adolf', '1.1.1976.', 'p');
insert into CandidatesData (idno) VALUES (4017);
insert into PartyMembership (pid, idno) VALUES (4, 4017);
insert into Candidacy (wkid, idno) VALUES (456, 4017);
insert into Landeslistenplatz (llid, idno, position) VALUES (158, 4017, 13);
insert into Citizen (idno, title, firstname, lastname, dateofbirth, gender) VALUES (4018, '', 'Breyer', 'Patrick', '1.1.1977.', 'p');
insert into CandidatesData (idno) VALUES (4018);
insert into PartyMembership (pid, idno) VALUES (7, 4018);
insert into Candidacy (wkid, idno) VALUES (302, 4018);
insert into Citizen (idno, title, firstname, lastname, dateofbirth, gender) VALUES (4019, '', 'Brieger', 'Arthur', '1.1.1995.', 'p');
insert into CandidatesData (idno) VALUES (4019);
insert into PartyMembership (pid, idno) VALUES (31, 4019);
insert into Landeslistenplatz (llid, idno, position) VALUES (28, 4019, 52);
insert into Citizen (idno, title, firstname, lastname, dateofbirth, gender) VALUES (4020, '', 'Briese-Finke', 'Simone', '1.1.1964.', 'p');
insert into CandidatesData (idno) VALUES (4020);
insert into PartyMembership (pid, idno) VALUES (5, 4020);
insert into LandesListe (llid, year, pid, fsid) VALUES (176, 2013, 5, 42);
insert into Landeslistenplatz (llid, idno, position) VALUES (176, 4020, 4);
insert into Citizen (idno, title, firstname, lastname, dateofbirth, gender) VALUES (4021, '', 'Brinkhaus', 'Ralph', '1.1.1968.', 'p');
insert into CandidatesData (idno) VALUES (4021);
insert into PartyMembership (pid, idno) VALUES (12, 4021);
insert into Candidacy (wkid, idno) VALUES (430, 4021);
insert into Landeslistenplatz (llid, idno, position) VALUES (136, 4021, 41);
insert into Citizen (idno, title, firstname, lastname, dateofbirth, gender) VALUES (4022, '', 'Brinkmann', 'Günter', '1.1.1947.', 'p');
insert into CandidatesData (idno) VALUES (4022);
insert into PartyMembership (pid, idno) VALUES (32, 4022);
insert into Landeslistenplatz (llid, idno, position) VALUES (145, 4022, 12);
insert into Citizen (idno, title, firstname, lastname, dateofbirth, gender) VALUES (4023, '', 'Brinkmann', 'Hannelore Gabriele', '1.1.1953.', 'p');
insert into CandidatesData (idno) VALUES (4023);
insert into PartyMembership (pid, idno) VALUES (12, 4023);
insert into Landeslistenplatz (llid, idno, position) VALUES (138, 4023, 26);
insert into Citizen (idno, title, firstname, lastname, dateofbirth, gender) VALUES (4024, '', 'Brinkschmidt', 'Dirk', '1.1.1975.', 'p');
insert into CandidatesData (idno) VALUES (4024);
insert into PartyMembership (pid, idno) VALUES (5, 4024);
insert into Candidacy (wkid, idno) VALUES (435, 4024);
insert into Citizen (idno, title, firstname, lastname, dateofbirth, gender) VALUES (4025, '', 'Brisach', 'Ralf', '1.1.1966.', 'p');
insert into CandidatesData (idno) VALUES (4025);
insert into PartyMembership (pid, idno) VALUES (39, 4025);
insert into Landeslistenplatz (llid, idno, position) VALUES (81, 4025, 11);
insert into Citizen (idno, title, firstname, lastname, dateofbirth, gender) VALUES (4026, '', 'Britz', 'Nicole', '1.1.1969.', 'p');
insert into CandidatesData (idno) VALUES (4026);
insert into PartyMembership (pid, idno) VALUES (7, 4026);
insert into Landeslistenplatz (llid, idno, position) VALUES (72, 4026, 8);
insert into Citizen (idno, title, firstname, lastname, dateofbirth, gender) VALUES (4027, '', 'Britzl', 'Wolfgang', '1.1.1983.', 'p');
insert into CandidatesData (idno) VALUES (4027);
insert into PartyMembership (pid, idno) VALUES (7, 4027);
insert into Landeslistenplatz (llid, idno, position) VALUES (72, 4027, 17);
insert into Citizen (idno, title, firstname, lastname, dateofbirth, gender) VALUES (4028, '', 'Brodbeck', 'Matthias', '1.1.1972.', 'p');
insert into CandidatesData (idno) VALUES (4028);
insert into PartyMembership (pid, idno) VALUES (1, 4028);
insert into Candidacy (wkid, idno) VALUES (566, 4028);
insert into Citizen (idno, title, firstname, lastname, dateofbirth, gender) VALUES (4029, '', 'Brodersen', 'Carsten-Peter', '1.1.1957.', 'p');
insert into CandidatesData (idno) VALUES (4029);
insert into PartyMembership (pid, idno) VALUES (4, 4029);
insert into Candidacy (wkid, idno) VALUES (300, 4029);
insert into Landeslistenplatz (llid, idno, position) VALUES (78, 4029, 12);
insert into Citizen (idno, title, firstname, lastname, dateofbirth, gender) VALUES (4030, '', 'Brodhun', 'Christoph', '1.1.1988.', 'p');
insert into CandidatesData (idno) VALUES (4030);
insert into PartyMembership (pid, idno) VALUES (2, 4030);
insert into Landeslistenplatz (llid, idno, position) VALUES (69, 4030, 55);
insert into Citizen (idno, title, firstname, lastname, dateofbirth, gender) VALUES (4031, '', 'Brodtrück', 'Bernd', '1.1.1970.', 'p');
insert into CandidatesData (idno) VALUES (4031);
insert into PartyMembership (pid, idno) VALUES (10, 4031);
insert into LandesListe (llid, year, pid, fsid) VALUES (177, 2013, 10, 51);
insert into Landeslistenplatz (llid, idno, position) VALUES (177, 4031, 7);
insert into Citizen (idno, title, firstname, lastname, dateofbirth, gender) VALUES (4032, '', 'Bröskamp', 'Elisabeth', '1.1.1969.', 'p');
insert into CandidatesData (idno) VALUES (4032);
insert into PartyMembership (pid, idno) VALUES (5, 4032);
insert into Candidacy (wkid, idno) VALUES (497, 4032);
insert into Citizen (idno, title, firstname, lastname, dateofbirth, gender) VALUES (4033, 'Dr. ', 'Bronson', 'Hugh', '1.1.1961.', 'p');
insert into CandidatesData (idno) VALUES (4033);
insert into PartyMembership (pid, idno) VALUES (33, 4033);
insert into Candidacy (wkid, idno) VALUES (379, 4033);
insert into Landeslistenplatz (llid, idno, position) VALUES (129, 4033, 4);
insert into Citizen (idno, title, firstname, lastname, dateofbirth, gender) VALUES (4034, '', 'Brose', 'Dieter', '1.1.1943.', 'p');
insert into CandidatesData (idno) VALUES (4034);
insert into PartyMembership (pid, idno) VALUES (1, 4034);
insert into Landeslistenplatz (llid, idno, position) VALUES (132, 4034, 5);
insert into Citizen (idno, title, firstname, lastname, dateofbirth, gender) VALUES (4035, '', 'Brück', 'Michael', '1.1.1990.', 'p');
insert into CandidatesData (idno) VALUES (4035);
insert into PartyMembership (pid, idno) VALUES (43, 4035);
insert into Landeslistenplatz (llid, idno, position) VALUES (169, 4035, 3);
insert into Citizen (idno, title, firstname, lastname, dateofbirth, gender) VALUES (4036, '', 'Brückel', 'Valentin', '1.1.1981.', 'p');
insert into CandidatesData (idno) VALUES (4036);
insert into PartyMembership (pid, idno) VALUES (7, 4036);
insert into Landeslistenplatz (llid, idno, position) VALUES (75, 4036, 11);
insert into Citizen (idno, title, firstname, lastname, dateofbirth, gender) VALUES (4037, '', 'Brückmann', 'Christoph', '1.1.1983.', 'p');
insert into CandidatesData (idno) VALUES (4037);
insert into PartyMembership (pid, idno) VALUES (7, 4037);
insert into LandesListe (llid, year, pid, fsid) VALUES (178, 2013, 7, 40);
insert into Landeslistenplatz (llid, idno, position) VALUES (178, 4037, 3);
insert into Citizen (idno, title, firstname, lastname, dateofbirth, gender) VALUES (4038, '', 'Brüderle', 'Rainer', '1.1.1945.', 'p');
insert into CandidatesData (idno) VALUES (4038);
insert into PartyMembership (pid, idno) VALUES (4, 4038);
insert into Candidacy (wkid, idno) VALUES (505, 4038);
insert into Landeslistenplatz (llid, idno, position) VALUES (120, 4038, 2);
insert into Citizen (idno, title, firstname, lastname, dateofbirth, gender) VALUES (4039, '', 'Brüdigam', 'Verena', '1.1.1963.', 'p');
insert into CandidatesData (idno) VALUES (4039);
insert into PartyMembership (pid, idno) VALUES (33, 4039);
insert into Candidacy (wkid, idno) VALUES (532, 4039);
insert into Landeslistenplatz (llid, idno, position) VALUES (166, 4039, 9);
insert into Citizen (idno, title, firstname, lastname, dateofbirth, gender) VALUES (4040, '', 'Brüggen', 'Dirk', '1.1.1969.', 'p');
insert into CandidatesData (idno) VALUES (4040);
insert into PartyMembership (pid, idno) VALUES (31, 4040);
insert into Landeslistenplatz (llid, idno, position) VALUES (123, 4040, 14);
insert into Citizen (idno, title, firstname, lastname, dateofbirth, gender) VALUES (4041, '', 'Brühl', 'Andreas', '1.1.1974.', 'p');
insert into CandidatesData (idno) VALUES (4041);
insert into PartyMembership (pid, idno) VALUES (7, 4041);
insert into Candidacy (wkid, idno) VALUES (503, 4041);
insert into Landeslistenplatz (llid, idno, position) VALUES (173, 4041, 3);
insert into Citizen (idno, title, firstname, lastname, dateofbirth, gender) VALUES (4042, '', 'Brugger', 'Agnes', '1.1.1985.', 'p');
insert into CandidatesData (idno) VALUES (4042);
insert into PartyMembership (pid, idno) VALUES (5, 4042);
insert into Candidacy (wkid, idno) VALUES (593, 4042);
insert into Landeslistenplatz (llid, idno, position) VALUES (61, 4042, 5);
insert into Citizen (idno, title, firstname, lastname, dateofbirth, gender) VALUES (4043, '', 'Brummer', 'Doris', '1.1.1960.', 'p');
insert into CandidatesData (idno) VALUES (4043);
insert into PartyMembership (pid, idno) VALUES (12, 4043);
insert into Landeslistenplatz (llid, idno, position) VALUES (105, 4043, 41);
insert into Citizen (idno, title, firstname, lastname, dateofbirth, gender) VALUES (4044, '', 'Brunkhorst', 'Angelika', '1.1.1955.', 'p');
insert into CandidatesData (idno) VALUES (4044);
insert into PartyMembership (pid, idno) VALUES (4, 4044);
insert into Candidacy (wkid, idno) VALUES (327, 4044);
insert into Landeslistenplatz (llid, idno, position) VALUES (127, 4044, 3);
insert into Citizen (idno, title, firstname, lastname, dateofbirth, gender) VALUES (4045, '', 'Brunkhorst', 'Daniel', '1.1.1984.', 'p');
insert into CandidatesData (idno) VALUES (4045);
insert into PartyMembership (pid, idno) VALUES (2, 4045);
insert into Landeslistenplatz (llid, idno, position) VALUES (69, 4045, 37);
insert into Citizen (idno, title, firstname, lastname, dateofbirth, gender) VALUES (4046, 'Dr. ', 'Brunner', 'Karl Heinz', '1.1.1953.', 'p');
insert into CandidatesData (idno) VALUES (4046);
insert into PartyMembership (pid, idno) VALUES (2, 4046);
insert into Candidacy (wkid, idno) VALUES (554, 4046);
insert into Landeslistenplatz (llid, idno, position) VALUES (87, 4046, 21);
insert into Citizen (idno, title, firstname, lastname, dateofbirth, gender) VALUES (4047, '', 'Brunner', 'Franz', '1.1.1954.', 'p');
insert into CandidatesData (idno) VALUES (4047);
insert into PartyMembership (pid, idno) VALUES (2, 4047);
insert into Landeslistenplatz (llid, idno, position) VALUES (87, 4047, 46);
insert into Citizen (idno, title, firstname, lastname, dateofbirth, gender) VALUES (4048, '', 'Brunner', 'Maximilian', '1.1.1979.', 'p');
insert into CandidatesData (idno) VALUES (4048);
insert into PartyMembership (pid, idno) VALUES (19, 4048);
insert into Landeslistenplatz (llid, idno, position) VALUES (40, 4048, 41);
insert into Citizen (idno, title, firstname, lastname, dateofbirth, gender) VALUES (4049, '', 'Bruns', 'Jutta', '1.1.1964.', 'p');
insert into CandidatesData (idno) VALUES (4049);
insert into PartyMembership (pid, idno) VALUES (5, 4049);
insert into Candidacy (wkid, idno) VALUES (475, 4049);
insert into Landeslistenplatz (llid, idno, position) VALUES (144, 4049, 11);
insert into Citizen (idno, title, firstname, lastname, dateofbirth, gender) VALUES (4050, '', 'Bruns', 'Michael', '1.1.1973.', 'p');
insert into CandidatesData (idno) VALUES (4050);
insert into PartyMembership (pid, idno) VALUES (3, 4050);
insert into Candidacy (wkid, idno) VALUES (445, 4050);
insert into Landeslistenplatz (llid, idno, position) VALUES (95, 4050, 12);
insert into Citizen (idno, title, firstname, lastname, dateofbirth, gender) VALUES (4051, '', 'Brunschweiger', 'Rosa Maria', '1.1.1951.', 'p');
insert into CandidatesData (idno) VALUES (4051);
insert into PartyMembership (pid, idno) VALUES (29, 4051);
insert into Landeslistenplatz (llid, idno, position) VALUES (31, 4051, 23);
insert into Citizen (idno, title, firstname, lastname, dateofbirth, gender) VALUES (4052, '', 'Brzezinski', 'Christoph', '1.1.1987.', 'p');
insert into CandidatesData (idno) VALUES (4052);
insert into PartyMembership (pid, idno) VALUES (12, 4052);
insert into Landeslistenplatz (llid, idno, position) VALUES (117, 4052, 14);
insert into Citizen (idno, title, firstname, lastname, dateofbirth, gender) VALUES (4053, '', 'Buch', 'Thomas', '1.1.1974.', 'p');
insert into CandidatesData (idno) VALUES (4053);
insert into Candidacy (wkid, idno) VALUES (366, 4053);
insert into Citizen (idno, title, firstname, lastname, dateofbirth, gender) VALUES (4054, '', 'Buchholz', 'Christine', '1.1.1971.', 'p');
insert into CandidatesData (idno) VALUES (4054);
insert into PartyMembership (pid, idno) VALUES (3, 4054);
insert into Candidacy (wkid, idno) VALUES (484, 4054);
insert into Landeslistenplatz (llid, idno, position) VALUES (43, 4054, 3);
insert into Citizen (idno, title, firstname, lastname, dateofbirth, gender) VALUES (4055, '', 'Buchholz', 'Conrad', '1.1.1982.', 'p');
insert into CandidatesData (idno) VALUES (4055);
insert into PartyMembership (pid, idno) VALUES (4, 4055);
insert into Candidacy (wkid, idno) VALUES (474, 4055);
insert into Landeslistenplatz (llid, idno, position) VALUES (116, 4055, 18);
insert into Citizen (idno, title, firstname, lastname, dateofbirth, gender) VALUES (4056, '', 'Buchholz', 'Daniel', '1.1.1968.', 'p');
insert into CandidatesData (idno) VALUES (4056);
insert into PartyMembership (pid, idno) VALUES (2, 4056);
insert into LandesListe (llid, year, pid, fsid) VALUES (179, 2013, 2, 1);
insert into Landeslistenplatz (llid, idno, position) VALUES (179, 4056, 12);
insert into Citizen (idno, title, firstname, lastname, dateofbirth, gender) VALUES (4057, 'Dr. ', 'Buchholz', 'Bernd Klaus', '1.1.1961.', 'p');
insert into CandidatesData (idno) VALUES (4057);
insert into PartyMembership (pid, idno) VALUES (4, 4057);
insert into Candidacy (wkid, idno) VALUES (308, 4057);
insert into Landeslistenplatz (llid, idno, position) VALUES (78, 4057, 2);
insert into Citizen (idno, title, firstname, lastname, dateofbirth, gender) VALUES (4058, '', 'Buchmann', 'Daniel', '1.1.1981.', 'p');
insert into CandidatesData (idno) VALUES (4058);
insert into PartyMembership (pid, idno) VALUES (10, 4058);
insert into Candidacy (wkid, idno) VALUES (383, 4058);
insert into LandesListe (llid, year, pid, fsid) VALUES (180, 2013, 10, 1);
insert into Landeslistenplatz (llid, idno, position) VALUES (180, 4058, 4);
insert into Citizen (idno, title, firstname, lastname, dateofbirth, gender) VALUES (4059, 'Dr. ', 'Buchner', 'Klaus', '1.1.1941.', 'p');
insert into CandidatesData (idno) VALUES (4059);
insert into PartyMembership (pid, idno) VALUES (36, 4059);
insert into Candidacy (wkid, idno) VALUES (518, 4059);
insert into Citizen (idno, title, firstname, lastname, dateofbirth, gender) VALUES (4060, '', 'Buchta', 'Herbert', '1.1.1954.', 'p');
insert into CandidatesData (idno) VALUES (4060);
insert into PartyMembership (pid, idno) VALUES (13, 4060);
insert into Landeslistenplatz (llid, idno, position) VALUES (106, 4060, 2);
insert into Citizen (idno, title, firstname, lastname, dateofbirth, gender) VALUES (4061, '', 'Buck', 'Josef', '1.1.1961.', 'p');
insert into CandidatesData (idno) VALUES (4061);
insert into PartyMembership (pid, idno) VALUES (13, 4061);
insert into Candidacy (wkid, idno) VALUES (574, 4061);
insert into Landeslistenplatz (llid, idno, position) VALUES (96, 4061, 5);
insert into Citizen (idno, title, firstname, lastname, dateofbirth, gender) VALUES (4062, '', 'Budina', 'Elfriede Erna', '1.1.1928.', 'p');
insert into CandidatesData (idno) VALUES (4062);
insert into PartyMembership (pid, idno) VALUES (1, 4062);
insert into LandesListe (llid, year, pid, fsid) VALUES (181, 2013, 1, 26);
insert into Landeslistenplatz (llid, idno, position) VALUES (181, 4062, 3);
insert into Citizen (idno, title, firstname, lastname, dateofbirth, gender) VALUES (4063, '', 'Budnick', 'Reiner', '1.1.1954.', 'p');
insert into CandidatesData (idno) VALUES (4063);
insert into PartyMembership (pid, idno) VALUES (7, 4063);
insert into Candidacy (wkid, idno) VALUES (340, 4063);
insert into Citizen (idno, title, firstname, lastname, dateofbirth, gender) VALUES (4064, '', 'Büchner', 'Andreas', '1.1.1982.', 'p');
insert into CandidatesData (idno) VALUES (4064);
insert into PartyMembership (pid, idno) VALUES (1, 4064);
insert into Candidacy (wkid, idno) VALUES (406, 4064);
insert into Citizen (idno, title, firstname, lastname, dateofbirth, gender) VALUES (4065, '', 'Büddemann', 'Manfred', '1.1.1951.', 'p');
insert into CandidatesData (idno) VALUES (4065);
insert into PartyMembership (pid, idno) VALUES (3, 4065);
insert into Candidacy (wkid, idno) VALUES (409, 4065);
insert into Citizen (idno, title, firstname, lastname, dateofbirth, gender) VALUES (4066, '', 'Bügge', 'Christoph', '1.1.1989.', 'p');
insert into CandidatesData (idno) VALUES (4066);
insert into PartyMembership (pid, idno) VALUES (31, 4066);
insert into Landeslistenplatz (llid, idno, position) VALUES (123, 4066, 33);
insert into Citizen (idno, title, firstname, lastname, dateofbirth, gender) VALUES (4067, '', 'Bühler', 'Andreas', '1.1.1975.', 'p');
insert into CandidatesData (idno) VALUES (4067);
insert into PartyMembership (pid, idno) VALUES (19, 4067);
insert into LandesListe (llid, year, pid, fsid) VALUES (182, 2013, 19, 25);
insert into Landeslistenplatz (llid, idno, position) VALUES (182, 4067, 18);
insert into Citizen (idno, title, firstname, lastname, dateofbirth, gender) VALUES (4068, '', 'Bühlmaier', 'Klaus', '1.1.1952.', 'p');
insert into CandidatesData (idno) VALUES (4068);
insert into PartyMembership (pid, idno) VALUES (32, 4068);
insert into Landeslistenplatz (llid, idno, position) VALUES (91, 4068, 18);
insert into Citizen (idno, title, firstname, lastname, dateofbirth, gender) VALUES (4069, '', 'Bühner', 'Robin', '1.1.1992.', 'p');
insert into CandidatesData (idno) VALUES (4069);
insert into PartyMembership (pid, idno) VALUES (1, 4069);
insert into Candidacy (wkid, idno) VALUES (418, 4069);
insert into Citizen (idno, title, firstname, lastname, dateofbirth, gender) VALUES (4070, '', 'Bühren', 'Nadja', '1.1.1977.', 'p');
insert into CandidatesData (idno) VALUES (4070);
insert into PartyMembership (pid, idno) VALUES (3, 4070);
insert into Candidacy (wkid, idno) VALUES (433, 4070);
insert into Citizen (idno, title, firstname, lastname, dateofbirth, gender) VALUES (4071, '', 'Büker', 'Michael', '1.1.1987.', 'p');
insert into CandidatesData (idno) VALUES (4071);
insert into PartyMembership (pid, idno) VALUES (7, 4071);
insert into Candidacy (wkid, idno) VALUES (317, 4071);
insert into Landeslistenplatz (llid, idno, position) VALUES (42, 4071, 4);
insert into Citizen (idno, title, firstname, lastname, dateofbirth, gender) VALUES (4072, '', 'Bülow', 'Jochen', '1.1.1965.', 'p');
insert into CandidatesData (idno) VALUES (4072);
insert into PartyMembership (pid, idno) VALUES (3, 4072);
insert into Candidacy (wkid, idno) VALUES (497, 4072);
insert into LandesListe (llid, year, pid, fsid) VALUES (183, 2013, 3, 2);
insert into Landeslistenplatz (llid, idno, position) VALUES (183, 4072, 4);
insert into Citizen (idno, title, firstname, lastname, dateofbirth, gender) VALUES (4073, '', 'Bülow', 'Marco', '1.1.1971.', 'p');
insert into CandidatesData (idno) VALUES (4073);
insert into PartyMembership (pid, idno) VALUES (2, 4073);
insert into Candidacy (wkid, idno) VALUES (441, 4073);
insert into Landeslistenplatz (llid, idno, position) VALUES (73, 4073, 38);
insert into Citizen (idno, title, firstname, lastname, dateofbirth, gender) VALUES (4074, '', 'Büning', 'Frank', '1.1.1966.', 'p');
insert into CandidatesData (idno) VALUES (4074);
insert into PartyMembership (pid, idno) VALUES (5, 4074);
insert into Candidacy (wkid, idno) VALUES (425, 4074);
insert into Citizen (idno, title, firstname, lastname, dateofbirth, gender) VALUES (4075, '', 'Büning', 'Franz Rudolf', '1.1.1959.', 'p');
insert into CandidatesData (idno) VALUES (4075);
insert into PartyMembership (pid, idno) VALUES (7, 4075);
insert into Candidacy (wkid, idno) VALUES (401, 4075);
insert into Citizen (idno, title, firstname, lastname, dateofbirth, gender) VALUES (4076, '', 'Bünting', 'Stephan', '1.1.1972.', 'p');
insert into CandidatesData (idno) VALUES (4076);
insert into PartyMembership (pid, idno) VALUES (4, 4076);
insert into Candidacy (wkid, idno) VALUES (323, 4076);
insert into Citizen (idno, title, firstname, lastname, dateofbirth, gender) VALUES (4077, '', 'Büntjen', 'Katharina Martina Elisabeth', '1.1.1955.', 'p');
insert into CandidatesData (idno) VALUES (4077);
insert into PartyMembership (pid, idno) VALUES (32, 4077);
insert into LandesListe (llid, year, pid, fsid) VALUES (184, 2013, 32, 26);
insert into Landeslistenplatz (llid, idno, position) VALUES (184, 4077, 1);
insert into Citizen (idno, title, firstname, lastname, dateofbirth, gender) VALUES (4078, '', 'Bürgel', 'Ulrike', '1.1.1984.', 'p');
insert into CandidatesData (idno) VALUES (4078);
insert into PartyMembership (pid, idno) VALUES (5, 4078);
insert into Candidacy (wkid, idno) VALUES (458, 4078);
insert into LandesListe (llid, year, pid, fsid) VALUES (185, 2013, 5, 51);
insert into Landeslistenplatz (llid, idno, position) VALUES (185, 4078, 11);
insert into Citizen (idno, title, firstname, lastname, dateofbirth, gender) VALUES (4079, '', 'Büschel', 'Andreas', '1.1.1955.', 'p');
insert into CandidatesData (idno) VALUES (4079);
insert into PartyMembership (pid, idno) VALUES (18, 4079);
insert into LandesListe (llid, year, pid, fsid) VALUES (186, 2013, 18, 25);
insert into Landeslistenplatz (llid, idno, position) VALUES (186, 4079, 3);
insert into Citizen (idno, title, firstname, lastname, dateofbirth, gender) VALUES (4080, '', 'Büsing', 'Erika Marika', '1.1.1964.', 'p');
insert into CandidatesData (idno) VALUES (4080);
insert into PartyMembership (pid, idno) VALUES (2, 4080);
insert into Landeslistenplatz (llid, idno, position) VALUES (126, 4080, 4);
insert into Citizen (idno, title, firstname, lastname, dateofbirth, gender) VALUES (4081, '', 'Büsing', 'Lars', '1.1.1975.', 'p');
insert into CandidatesData (idno) VALUES (4081);
insert into PartyMembership (pid, idno) VALUES (7, 4081);
insert into Candidacy (wkid, idno) VALUES (431, 4081);
insert into Citizen (idno, title, firstname, lastname, dateofbirth, gender) VALUES (4082, '', 'Büttner', 'René', '1.1.1976.', 'p');
insert into CandidatesData (idno) VALUES (4082);
insert into Candidacy (wkid, idno) VALUES (358, 4082);
insert into Citizen (idno, title, firstname, lastname, dateofbirth, gender) VALUES (4083, '', 'Büttner', 'Thomas', '1.1.1974.', 'p');
insert into CandidatesData (idno) VALUES (4083);
insert into PartyMembership (pid, idno) VALUES (7, 4083);
insert into Candidacy (wkid, idno) VALUES (548, 4083);
insert into Citizen (idno, title, firstname, lastname, dateofbirth, gender) VALUES (4084, '', 'Bulat', 'Selcuk', '1.1.1980.', 'p');
insert into CandidatesData (idno) VALUES (4084);
insert into PartyMembership (pid, idno) VALUES (34, 4084);
insert into Candidacy (wkid, idno) VALUES (374, 4084);
insert into LandesListe (llid, year, pid, fsid) VALUES (187, 2013, 34, 1);
insert into Landeslistenplatz (llid, idno, position) VALUES (187, 4084, 4);
insert into Citizen (idno, title, firstname, lastname, dateofbirth, gender) VALUES (4085, '', 'Buljevic', 'Daniel', '1.1.1983.', 'p');
insert into CandidatesData (idno) VALUES (4085);
insert into PartyMembership (pid, idno) VALUES (12, 4085);
insert into LandesListe (llid, year, pid, fsid) VALUES (188, 2013, 12, 26);
insert into Landeslistenplatz (llid, idno, position) VALUES (188, 4085, 5);
insert into Citizen (idno, title, firstname, lastname, dateofbirth, gender) VALUES (4086, '', 'Buljevic', 'Vesna', '1.1.1954.', 'p');
insert into CandidatesData (idno) VALUES (4086);
insert into PartyMembership (pid, idno) VALUES (13, 4086);
insert into Candidacy (wkid, idno) VALUES (439, 4086);
insert into Landeslistenplatz (llid, idno, position) VALUES (34, 4086, 6);
insert into Citizen (idno, title, firstname, lastname, dateofbirth, gender) VALUES (4087, '', 'Bulke', 'Peter', '1.1.1939.', 'p');
insert into CandidatesData (idno) VALUES (4087);
insert into PartyMembership (pid, idno) VALUES (19, 4087);
insert into Landeslistenplatz (llid, idno, position) VALUES (182, 4087, 7);
insert into Citizen (idno, title, firstname, lastname, dateofbirth, gender) VALUES (4088, '', 'Bulling-Schröter', 'Eva', '1.1.1956.', 'p');
insert into CandidatesData (idno) VALUES (4088);
insert into PartyMembership (pid, idno) VALUES (3, 4088);
insert into Candidacy (wkid, idno) VALUES (516, 4088);
insert into Landeslistenplatz (llid, idno, position) VALUES (174, 4088, 2);
insert into Citizen (idno, title, firstname, lastname, dateofbirth, gender) VALUES (4089, '', 'Bullwinkel', 'Caroline', '1.1.1990.', 'p');
insert into CandidatesData (idno) VALUES (4089);
insert into PartyMembership (pid, idno) VALUES (7, 4089);
insert into Candidacy (wkid, idno) VALUES (354, 4089);
insert into Landeslistenplatz (llid, idno, position) VALUES (115, 4089, 2);
insert into Citizen (idno, title, firstname, lastname, dateofbirth, gender) VALUES (4090, '', 'Bulmahn', 'Edelgard', '1.1.1951.', 'p');
insert into CandidatesData (idno) VALUES (4090);
insert into PartyMembership (pid, idno) VALUES (2, 4090);
insert into Candidacy (wkid, idno) VALUES (341, 4090);
insert into Landeslistenplatz (llid, idno, position) VALUES (69, 4090, 26);
insert into Citizen (idno, title, firstname, lastname, dateofbirth, gender) VALUES (4091, '', 'Bummert', 'Bernd-Ulrich', '1.1.1950.', 'p');
insert into CandidatesData (idno) VALUES (4091);
insert into PartyMembership (pid, idno) VALUES (13, 4091);
insert into LandesListe (llid, year, pid, fsid) VALUES (189, 2013, 13, 40);
insert into Landeslistenplatz (llid, idno, position) VALUES (189, 4091, 3);
insert into Citizen (idno, title, firstname, lastname, dateofbirth, gender) VALUES (4092, '', 'Bund-Becker', 'Sören', '1.1.1993.', 'p');
insert into CandidatesData (idno) VALUES (4092);
insert into PartyMembership (pid, idno) VALUES (5, 4092);
insert into LandesListe (llid, year, pid, fsid) VALUES (190, 2013, 5, 30);
insert into Landeslistenplatz (llid, idno, position) VALUES (190, 4092, 9);
insert into Citizen (idno, title, firstname, lastname, dateofbirth, gender) VALUES (4093, 'Dr. ', 'Bunge', 'Gertrud Paula Martina', '1.1.1951.', 'p');
insert into CandidatesData (idno) VALUES (4093);
insert into PartyMembership (pid, idno) VALUES (3, 4093);
insert into Candidacy (wkid, idno) VALUES (312, 4093);
insert into Landeslistenplatz (llid, idno, position) VALUES (107, 4093, 5);
insert into Citizen (idno, title, firstname, lastname, dateofbirth, gender) VALUES (4094, '', 'Bunge', 'Stephan', '1.1.1980.', 'p');
insert into CandidatesData (idno) VALUES (4094);
insert into PartyMembership (pid, idno) VALUES (12, 4094);
insert into LandesListe (llid, year, pid, fsid) VALUES (191, 2013, 12, 42);
insert into Landeslistenplatz (llid, idno, position) VALUES (191, 4094, 8);
insert into Citizen (idno, title, firstname, lastname, dateofbirth, gender) VALUES (4095, '', 'Burandt', 'Christoph', '1.1.1968.', 'p');
insert into CandidatesData (idno) VALUES (4095);
insert into PartyMembership (pid, idno) VALUES (12, 4095);
insert into Landeslistenplatz (llid, idno, position) VALUES (105, 4095, 28);
insert into Citizen (idno, title, firstname, lastname, dateofbirth, gender) VALUES (4096, 'Dr. ', 'Burger', 'Thomas', '1.1.1970.', 'p');
insert into CandidatesData (idno) VALUES (4096);
insert into PartyMembership (pid, idno) VALUES (2, 4096);
insert into Landeslistenplatz (llid, idno, position) VALUES (87, 4096, 48);
insert into Citizen (idno, title, firstname, lastname, dateofbirth, gender) VALUES (4097, '', 'Burger', 'Jörg', '1.1.1960.', 'p');
insert into CandidatesData (idno) VALUES (4097);
insert into PartyMembership (pid, idno) VALUES (33, 4097);
insert into Landeslistenplatz (llid, idno, position) VALUES (80, 4097, 3);
insert into Citizen (idno, title, firstname, lastname, dateofbirth, gender) VALUES (4098, '', 'Burkert', 'Martin Kurt', '1.1.1964.', 'p');
insert into CandidatesData (idno) VALUES (4098);
insert into PartyMembership (pid, idno) VALUES (2, 4098);
insert into Candidacy (wkid, idno) VALUES (544, 4098);
insert into Landeslistenplatz (llid, idno, position) VALUES (87, 4098, 3);
insert into Citizen (idno, title, firstname, lastname, dateofbirth, gender) VALUES (4099, '', 'Burkhardt', 'Andreas', '1.1.1980.', 'p');
insert into CandidatesData (idno) VALUES (4099);
insert into PartyMembership (pid, idno) VALUES (19, 4099);
insert into Landeslistenplatz (llid, idno, position) VALUES (124, 4099, 6);
insert into Citizen (idno, title, firstname, lastname, dateofbirth, gender) VALUES (4100, '', 'Burmeister', 'Anne', '1.1.1957.', 'p');
insert into CandidatesData (idno) VALUES (4100);
insert into PartyMembership (pid, idno) VALUES (7, 4100);
insert into Candidacy (wkid, idno) VALUES (303, 4100);
insert into LandesListe (llid, year, pid, fsid) VALUES (192, 2013, 7, 39);
insert into Landeslistenplatz (llid, idno, position) VALUES (192, 4100, 6);
insert into Citizen (idno, title, firstname, lastname, dateofbirth, gender) VALUES (4101, '', 'Burmeister', 'Erich Karl', '1.1.1953.', 'p');
insert into CandidatesData (idno) VALUES (4101);
insert into PartyMembership (pid, idno) VALUES (3, 4101);
insert into Candidacy (wkid, idno) VALUES (420, 4101);
insert into Citizen (idno, title, firstname, lastname, dateofbirth, gender) VALUES (4102, '', 'Busch', 'Werner', '1.1.1947.', 'p');
insert into CandidatesData (idno) VALUES (4102);
insert into PartyMembership (pid, idno) VALUES (44, 4102);
insert into LandesListe (llid, year, pid, fsid) VALUES (193, 2013, 44, 5);
insert into Landeslistenplatz (llid, idno, position) VALUES (193, 4102, 4);
insert into Citizen (idno, title, firstname, lastname, dateofbirth, gender) VALUES (4103, '', 'Busch-Hübenbecker', 'Walter', '1.1.1951.', 'p');
insert into CandidatesData (idno) VALUES (4103);
insert into PartyMembership (pid, idno) VALUES (3, 4103);
insert into Candidacy (wkid, idno) VALUES (485, 4103);
insert into Citizen (idno, title, firstname, lastname, dateofbirth, gender) VALUES (4104, '', 'Buschmann', 'Marco', '1.1.1977.', 'p');
insert into CandidatesData (idno) VALUES (4104);
insert into PartyMembership (pid, idno) VALUES (4, 4104);
insert into Candidacy (wkid, idno) VALUES (422, 4104);
insert into Landeslistenplatz (llid, idno, position) VALUES (98, 4104, 8);
insert into Citizen (idno, title, firstname, lastname, dateofbirth, gender) VALUES (4105, '', 'Buschner', 'Stefan', '1.1.1982.', 'p');
insert into CandidatesData (idno) VALUES (4105);
insert into PartyMembership (pid, idno) VALUES (31, 4105);
insert into Landeslistenplatz (llid, idno, position) VALUES (28, 4105, 40);
insert into Citizen (idno, title, firstname, lastname, dateofbirth, gender) VALUES (4106, '', 'Butscher', 'Johannes', '1.1.1938.', 'p');
insert into CandidatesData (idno) VALUES (4106);
insert into PartyMembership (pid, idno) VALUES (32, 4106);
insert into Candidacy (wkid, idno) VALUES (593, 4106);
insert into Landeslistenplatz (llid, idno, position) VALUES (91, 4106, 15);
insert into Citizen (idno, title, firstname, lastname, dateofbirth, gender) VALUES (4107, '', 'Buttgereit', 'Heiko', '1.1.1965.', 'p');
insert into CandidatesData (idno) VALUES (4107);
insert into PartyMembership (pid, idno) VALUES (31, 4107);
insert into Landeslistenplatz (llid, idno, position) VALUES (28, 4107, 36);
insert into Citizen (idno, title, firstname, lastname, dateofbirth, gender) VALUES (4108, '', 'Buttgereit', 'Monika', '1.1.1949.', 'p');
insert into CandidatesData (idno) VALUES (4108);
insert into PartyMembership (pid, idno) VALUES (2, 4108);
insert into Landeslistenplatz (llid, idno, position) VALUES (179, 4108, 9);
insert into Citizen (idno, title, firstname, lastname, dateofbirth, gender) VALUES (4109, '', 'Bystron', 'Petr', '1.1.1972.', 'p');
insert into CandidatesData (idno) VALUES (4109);
insert into PartyMembership (pid, idno) VALUES (33, 4109);
insert into Landeslistenplatz (llid, idno, position) VALUES (166, 4109, 17);
insert into Citizen (idno, title, firstname, lastname, dateofbirth, gender) VALUES (4110, '', 'Caesar', 'Cajus Julius', '1.1.1951.', 'p');
insert into CandidatesData (idno) VALUES (4110);
insert into PartyMembership (pid, idno) VALUES (12, 4110);
insert into Candidacy (wkid, idno) VALUES (434, 4110);
insert into Landeslistenplatz (llid, idno, position) VALUES (136, 4110, 17);
insert into Citizen (idno, title, firstname, lastname, dateofbirth, gender) VALUES (4111, '', 'Cali', 'Mukhtaar', '1.1.1968.', 'p');
insert into CandidatesData (idno) VALUES (4111);
insert into PartyMembership (pid, idno) VALUES (5, 4111);
insert into Landeslistenplatz (llid, idno, position) VALUES (59, 4111, 6);
insert into Citizen (idno, title, firstname, lastname, dateofbirth, gender) VALUES (4112, '', 'Can', 'Ergun', '1.1.1958.', 'p');
insert into CandidatesData (idno) VALUES (4112);
insert into PartyMembership (pid, idno) VALUES (2, 4112);
insert into Candidacy (wkid, idno) VALUES (584, 4112);
insert into Landeslistenplatz (llid, idno, position) VALUES (76, 4112, 33);
insert into Citizen (idno, title, firstname, lastname, dateofbirth, gender) VALUES (4113, '', 'Can', 'Mustafa Sinan', '1.1.1986.', 'p');
insert into CandidatesData (idno) VALUES (4113);
insert into PartyMembership (pid, idno) VALUES (34, 4113);
insert into Candidacy (wkid, idno) VALUES (377, 4113);
insert into Landeslistenplatz (llid, idno, position) VALUES (187, 4113, 5);
insert into Citizen (idno, title, firstname, lastname, dateofbirth, gender) VALUES (4114, '', 'Canel', 'Sylvia', '1.1.1958.', 'p');
insert into CandidatesData (idno) VALUES (4114);
insert into PartyMembership (pid, idno) VALUES (4, 4114);
insert into Candidacy (wkid, idno) VALUES (320, 4114);
insert into Citizen (idno, title, firstname, lastname, dateofbirth, gender) VALUES (4115, '', 'Caroli', 'Dirk', '1.1.1972.', 'p');
insert into CandidatesData (idno) VALUES (4115);
insert into PartyMembership (pid, idno) VALUES (33, 4115);
insert into Candidacy (wkid, idno) VALUES (585, 4115);
insert into Citizen (idno, title, firstname, lastname, dateofbirth, gender) VALUES (4116, '', 'Carstens', 'Tim', '1.1.1989.', 'p');
insert into CandidatesData (idno) VALUES (4116);
insert into PartyMembership (pid, idno) VALUES (33, 4116);
insert into Candidacy (wkid, idno) VALUES (588, 4116);
insert into Citizen (idno, title, firstname, lastname, dateofbirth, gender) VALUES (4117, '', 'Carstensen', 'Christian', '1.1.1973.', 'p');
insert into CandidatesData (idno) VALUES (4117);
insert into PartyMembership (pid, idno) VALUES (2, 4117);
insert into Candidacy (wkid, idno) VALUES (320, 4117);
insert into Landeslistenplatz (llid, idno, position) VALUES (64, 4117, 6);
insert into Citizen (idno, title, firstname, lastname, dateofbirth, gender) VALUES (4118, 'Dr. ', 'Castellucci', 'Lars', '1.1.1974.', 'p');
insert into CandidatesData (idno) VALUES (4118);
insert into PartyMembership (pid, idno) VALUES (2, 4118);
insert into Candidacy (wkid, idno) VALUES (576, 4118);
insert into Landeslistenplatz (llid, idno, position) VALUES (76, 4118, 13);
insert into Citizen (idno, title, firstname, lastname, dateofbirth, gender) VALUES (4119, '', 'Cebulla', 'Manuel', '1.1.1965.', 'p');
insert into CandidatesData (idno) VALUES (4119);
insert into PartyMembership (pid, idno) VALUES (35, 4119);
insert into Landeslistenplatz (llid, idno, position) VALUES (46, 4119, 2);
insert into Citizen (idno, title, firstname, lastname, dateofbirth, gender) VALUES (4120, '', 'Ceglar', 'Michael', '1.1.1963.', 'p');
insert into CandidatesData (idno) VALUES (4120);
insert into PartyMembership (pid, idno) VALUES (7, 4120);
insert into Candidacy (wkid, idno) VALUES (545, 4120);
insert into Citizen (idno, title, firstname, lastname, dateofbirth, gender) VALUES (4121, '', 'Ceglecki', 'Josef', '1.1.1957.', 'p');
insert into CandidatesData (idno) VALUES (4121);
insert into PartyMembership (pid, idno) VALUES (33, 4121);
insert into Landeslistenplatz (llid, idno, position) VALUES (63, 4121, 27);
insert into Citizen (idno, title, firstname, lastname, dateofbirth, gender) VALUES (4122, '', 'Cerveny', 'Wenzel Vaclav', '1.1.1961.', 'p');
insert into CandidatesData (idno) VALUES (4122);
insert into PartyMembership (pid, idno) VALUES (15, 4122);
insert into Landeslistenplatz (llid, idno, position) VALUES (55, 4122, 6);
insert into Citizen (idno, title, firstname, lastname, dateofbirth, gender) VALUES (4123, '', 'Chartier', 'Gabriele', '1.1.1961.', 'p');
insert into CandidatesData (idno) VALUES (4123);
insert into PartyMembership (pid, idno) VALUES (32, 4123);
insert into Candidacy (wkid, idno) VALUES (350, 4123);
insert into Citizen (idno, title, firstname, lastname, dateofbirth, gender) VALUES (4124, '', 'Chieduch', 'Wolfgang Dieter', '1.1.1945.', 'p');
insert into CandidatesData (idno) VALUES (4124);
insert into PartyMembership (pid, idno) VALUES (37, 4124);
insert into LandesListe (llid, year, pid, fsid) VALUES (194, 2013, 37, 2);
insert into Landeslistenplatz (llid, idno, position) VALUES (194, 4124, 2);
insert into Citizen (idno, title, firstname, lastname, dateofbirth, gender) VALUES (4125, '', 'Christen', 'Mario', '1.1.1953.', 'p');
insert into CandidatesData (idno) VALUES (4125);
insert into PartyMembership (pid, idno) VALUES (36, 4125);
insert into Landeslistenplatz (llid, idno, position) VALUES (160, 4125, 3);
insert into Citizen (idno, title, firstname, lastname, dateofbirth, gender) VALUES (4126, '', 'Christiansen', 'Christian Günter', '1.1.1941.', 'p');
insert into CandidatesData (idno) VALUES (4126);
insert into PartyMembership (pid, idno) VALUES (32, 4126);
insert into Candidacy (wkid, idno) VALUES (379, 4126);
insert into LandesListe (llid, year, pid, fsid) VALUES (195, 2013, 32, 1);
insert into Landeslistenplatz (llid, idno, position) VALUES (195, 4126, 1);
insert into Citizen (idno, title, firstname, lastname, dateofbirth, gender) VALUES (4127, '', 'Chudy', 'Agnes', '1.1.1987.', 'p');
insert into CandidatesData (idno) VALUES (4127);
insert into PartyMembership (pid, idno) VALUES (12, 4127);
insert into Landeslistenplatz (llid, idno, position) VALUES (138, 4127, 22);
insert into Citizen (idno, title, firstname, lastname, dateofbirth, gender) VALUES (4128, '', 'Cieschinger', 'Marlene', '1.1.1959.', 'p');
insert into CandidatesData (idno) VALUES (4128);
insert into PartyMembership (pid, idno) VALUES (3, 4128);
insert into Candidacy (wkid, idno) VALUES (379, 4128);
insert into LandesListe (llid, year, pid, fsid) VALUES (196, 2013, 3, 1);
insert into Landeslistenplatz (llid, idno, position) VALUES (196, 4128, 7);
insert into Citizen (idno, title, firstname, lastname, dateofbirth, gender) VALUES (4129, '', 'Cigelski', 'Volker Ernst Jakob', '1.1.1953.', 'p');
insert into CandidatesData (idno) VALUES (4129);
insert into PartyMembership (pid, idno) VALUES (1, 4129);
insert into Candidacy (wkid, idno) VALUES (546, 4129);
insert into Citizen (idno, title, firstname, lastname, dateofbirth, gender) VALUES (4130, '', 'Cirkovic', 'Stevan', '1.1.1991.', 'p');
insert into CandidatesData (idno) VALUES (4130);
insert into PartyMembership (pid, idno) VALUES (7, 4130);
insert into Candidacy (wkid, idno) VALUES (573, 4130);
insert into Landeslistenplatz (llid, idno, position) VALUES (48, 4130, 21);
insert into Citizen (idno, title, firstname, lastname, dateofbirth, gender) VALUES (4131, '', 'Clasen', 'Bernhard', '1.1.1957.', 'p');
insert into CandidatesData (idno) VALUES (4131);
insert into PartyMembership (pid, idno) VALUES (3, 4131);
insert into Candidacy (wkid, idno) VALUES (408, 4131);
insert into Citizen (idno, title, firstname, lastname, dateofbirth, gender) VALUES (4132, '', 'Claus', 'Gerwald', '1.1.1972.', 'p');
insert into CandidatesData (idno) VALUES (4132);
insert into PartyMembership (pid, idno) VALUES (7, 4132);
insert into Candidacy (wkid, idno) VALUES (378, 4132);
insert into Citizen (idno, title, firstname, lastname, dateofbirth, gender) VALUES (4133, '', 'Claus', 'Marcel', '1.1.1976.', 'p');
insert into CandidatesData (idno) VALUES (4133);
insert into PartyMembership (pid, idno) VALUES (33, 4133);
insert into Candidacy (wkid, idno) VALUES (543, 4133);
insert into Landeslistenplatz (llid, idno, position) VALUES (166, 4133, 40);
insert into Citizen (idno, title, firstname, lastname, dateofbirth, gender) VALUES (4134, '', 'Claus', 'Olaf-Rüdiger', '1.1.1959.', 'p');
insert into CandidatesData (idno) VALUES (4134);
insert into PartyMembership (pid, idno) VALUES (32, 4134);
insert into Landeslistenplatz (llid, idno, position) VALUES (101, 4134, 1);
insert into Citizen (idno, title, firstname, lastname, dateofbirth, gender) VALUES (4135, '', 'Claus', 'Roland', '1.1.1954.', 'p');
insert into CandidatesData (idno) VALUES (4135);
insert into PartyMembership (pid, idno) VALUES (3, 4135);
insert into Candidacy (wkid, idno) VALUES (372, 4135);
insert into LandesListe (llid, year, pid, fsid) VALUES (197, 2013, 3, 8);
insert into Landeslistenplatz (llid, idno, position) VALUES (197, 4135, 4);
insert into Citizen (idno, title, firstname, lastname, dateofbirth, gender) VALUES (4136, '', 'Claussen', 'Claus Christian', '1.1.1961.', 'p');
insert into CandidatesData (idno) VALUES (4136);
insert into PartyMembership (pid, idno) VALUES (12, 4136);
insert into Landeslistenplatz (llid, idno, position) VALUES (159, 4136, 15);
insert into Citizen (idno, title, firstname, lastname, dateofbirth, gender) VALUES (4137, '', 'Clostermann', 'Marcel Stephan', '1.1.1987.', 'p');
insert into CandidatesData (idno) VALUES (4137);
insert into PartyMembership (pid, idno) VALUES (7, 4137);
insert into Candidacy (wkid, idno) VALUES (443, 4137);
insert into Citizen (idno, title, firstname, lastname, dateofbirth, gender) VALUES (4138, '', 'Collins', 'Lisa', '1.1.1986.', 'p');
insert into CandidatesData (idno) VALUES (4138);
insert into PartyMembership (pid, idno) VALUES (7, 4138);
insert into Candidacy (wkid, idno) VALUES (590, 4138);
insert into Landeslistenplatz (llid, idno, position) VALUES (48, 4138, 9);
insert into Citizen (idno, title, firstname, lastname, dateofbirth, gender) VALUES (4139, '', 'Connelly', 'Kai Uwe', '1.1.1968.', 'p');
insert into CandidatesData (idno) VALUES (4139);
insert into PartyMembership (pid, idno) VALUES (32, 4139);
insert into Candidacy (wkid, idno) VALUES (320, 4139);
insert into LandesListe (llid, year, pid, fsid) VALUES (198, 2013, 32, 10);
insert into Landeslistenplatz (llid, idno, position) VALUES (198, 4139, 3);
insert into Citizen (idno, title, firstname, lastname, dateofbirth, gender) VALUES (4140, '', 'Connemann', 'Gitta', '1.1.1964.', 'p');
insert into CandidatesData (idno) VALUES (4140);
insert into PartyMembership (pid, idno) VALUES (12, 4140);
insert into Candidacy (wkid, idno) VALUES (324, 4140);
insert into Landeslistenplatz (llid, idno, position) VALUES (44, 4140, 8);
insert into Citizen (idno, title, firstname, lastname, dateofbirth, gender) VALUES (4141, '', 'Conrad', 'Gabriele', '1.1.1960.', 'p');
insert into CandidatesData (idno) VALUES (4141);
insert into PartyMembership (pid, idno) VALUES (13, 4141);
insert into Landeslistenplatz (llid, idno, position) VALUES (96, 4141, 6);
insert into Citizen (idno, title, firstname, lastname, dateofbirth, gender) VALUES (4142, 'Dr. ', 'Conradi', 'Ralf-Günther', '1.1.1956.', 'p');
insert into CandidatesData (idno) VALUES (4142);
insert into PartyMembership (pid, idno) VALUES (33, 4142);
insert into Candidacy (wkid, idno) VALUES (376, 4142);
insert into Landeslistenplatz (llid, idno, position) VALUES (129, 4142, 7);
insert into Citizen (idno, title, firstname, lastname, dateofbirth, gender) VALUES (4143, '', 'Corné de', 'Walter', '1.1.1944.', 'p');
insert into CandidatesData (idno) VALUES (4143);
insert into PartyMembership (pid, idno) VALUES (39, 4143);
insert into Landeslistenplatz (llid, idno, position) VALUES (81, 4143, 6);
insert into Citizen (idno, title, firstname, lastname, dateofbirth, gender) VALUES (4144, '', 'Corz', 'Sabine', '1.1.1967.', 'p');
insert into CandidatesData (idno) VALUES (4144);
insert into PartyMembership (pid, idno) VALUES (35, 4144);
insert into LandesListe (llid, year, pid, fsid) VALUES (199, 2013, 35, 2);
insert into Landeslistenplatz (llid, idno, position) VALUES (199, 4144, 5);
insert into Citizen (idno, title, firstname, lastname, dateofbirth, gender) VALUES (4145, '', 'Coße', 'Jürgen', '1.1.1969.', 'p');
insert into CandidatesData (idno) VALUES (4145);
insert into PartyMembership (pid, idno) VALUES (2, 4145);
insert into Candidacy (wkid, idno) VALUES (427, 4145);
insert into Landeslistenplatz (llid, idno, position) VALUES (73, 4145, 35);
insert into Citizen (idno, title, firstname, lastname, dateofbirth, gender) VALUES (4146, '', 'Cramon-Taubadel von', 'Viola', '1.1.1970.', 'p');
insert into CandidatesData (idno) VALUES (4146);
insert into PartyMembership (pid, idno) VALUES (5, 4146);
insert into Candidacy (wkid, idno) VALUES (351, 4146);
insert into Landeslistenplatz (llid, idno, position) VALUES (142, 4146, 7);
insert into Citizen (idno, title, firstname, lastname, dateofbirth, gender) VALUES (4147, '', 'Cremer', 'Claus', '1.1.1979.', 'p');
insert into CandidatesData (idno) VALUES (4147);
insert into PartyMembership (pid, idno) VALUES (1, 4147);
insert into Candidacy (wkid, idno) VALUES (439, 4147);
insert into LandesListe (llid, year, pid, fsid) VALUES (200, 2013, 1, 5);
insert into Landeslistenplatz (llid, idno, position) VALUES (200, 4147, 1);
insert into Citizen (idno, title, firstname, lastname, dateofbirth, gender) VALUES (4148, '', 'Crone', 'Petra', '1.1.1950.', 'p');
insert into CandidatesData (idno) VALUES (4148);
insert into PartyMembership (pid, idno) VALUES (2, 4148);
insert into Candidacy (wkid, idno) VALUES (448, 4148);
insert into Landeslistenplatz (llid, idno, position) VALUES (73, 4148, 4);
insert into Citizen (idno, title, firstname, lastname, dateofbirth, gender) VALUES (4149, '', 'Curlisca', 'Jaroslav', '1.1.1953.', 'p');
insert into CandidatesData (idno) VALUES (4149);
insert into PartyMembership (pid, idno) VALUES (15, 4149);
insert into Landeslistenplatz (llid, idno, position) VALUES (55, 4149, 12);
insert into Citizen (idno, title, firstname, lastname, dateofbirth, gender) VALUES (4150, '', 'Czich', 'Sebastian', '1.1.1980.', 'p');
insert into CandidatesData (idno) VALUES (4150);
insert into PartyMembership (pid, idno) VALUES (7, 4150);
insert into Candidacy (wkid, idno) VALUES (452, 4150);
insert into Citizen (idno, title, firstname, lastname, dateofbirth, gender) VALUES (4151, '', 'Däschner', 'Karl', '1.1.1954.', 'p');
insert into CandidatesData (idno) VALUES (4151);
insert into PartyMembership (pid, idno) VALUES (1, 4151);
insert into Candidacy (wkid, idno) VALUES (571, 4151);
insert into Citizen (idno, title, firstname, lastname, dateofbirth, gender) VALUES (4152, '', 'Dagdelen', 'Sevim', '1.1.1975.', 'p');
insert into CandidatesData (idno) VALUES (4152);
insert into PartyMembership (pid, idno) VALUES (3, 4152);
insert into Candidacy (wkid, idno) VALUES (439, 4152);
insert into Landeslistenplatz (llid, idno, position) VALUES (95, 4152, 5);
insert into Citizen (idno, title, firstname, lastname, dateofbirth, gender) VALUES (4153, '', 'Dagenbach', 'Alfred', '1.1.1947.', 'p');
insert into CandidatesData (idno) VALUES (4153);
insert into PartyMembership (pid, idno) VALUES (37, 4153);
insert into LandesListe (llid, year, pid, fsid) VALUES (201, 2013, 37, 25);
insert into Landeslistenplatz (llid, idno, position) VALUES (201, 4153, 1);
insert into Citizen (idno, title, firstname, lastname, dateofbirth, gender) VALUES (4154, '', 'Dahl', 'Andreas', '1.1.1970.', 'p');
insert into CandidatesData (idno) VALUES (4154);
insert into PartyMembership (pid, idno) VALUES (33, 4154);
insert into Candidacy (wkid, idno) VALUES (382, 4154);
insert into Citizen (idno, title, firstname, lastname, dateofbirth, gender) VALUES (4155, '', 'Dahlen', 'Sascha', '1.1.1979.', 'p');
insert into CandidatesData (idno) VALUES (4155);
insert into PartyMembership (pid, idno) VALUES (31, 4155);
insert into Landeslistenplatz (llid, idno, position) VALUES (123, 4155, 45);
insert into Citizen (idno, title, firstname, lastname, dateofbirth, gender) VALUES (4156, '', 'Dahlendorf', 'Frank Günter', '1.1.1961.', 'p');
insert into CandidatesData (idno) VALUES (4156);
insert into PartyMembership (pid, idno) VALUES (33, 4156);
insert into Landeslistenplatz (llid, idno, position) VALUES (80, 4156, 44);
insert into Citizen (idno, title, firstname, lastname, dateofbirth, gender) VALUES (4157, '', 'Dahlke', 'Evelyn', '1.1.1969.', 'p');
insert into CandidatesData (idno) VALUES (4157);
insert into PartyMembership (pid, idno) VALUES (4, 4157);
insert into Candidacy (wkid, idno) VALUES (430, 4157);
insert into Landeslistenplatz (llid, idno, position) VALUES (98, 4157, 19);
insert into Citizen (idno, title, firstname, lastname, dateofbirth, gender) VALUES (4158, '', 'Dahmen', 'Janosch', '1.1.1981.', 'p');
insert into CandidatesData (idno) VALUES (4158);
insert into PartyMembership (pid, idno) VALUES (5, 4158);
insert into Candidacy (wkid, idno) VALUES (438, 4158);
insert into Landeslistenplatz (llid, idno, position) VALUES (83, 4158, 14);
insert into Citizen (idno, title, firstname, lastname, dateofbirth, gender) VALUES (4159, '', 'Daldrup', 'Bernhard', '1.1.1956.', 'p');
insert into CandidatesData (idno) VALUES (4159);
insert into PartyMembership (pid, idno) VALUES (2, 4159);
insert into Candidacy (wkid, idno) VALUES (429, 4159);
insert into Landeslistenplatz (llid, idno, position) VALUES (73, 4159, 17);
insert into Citizen (idno, title, firstname, lastname, dateofbirth, gender) VALUES (4160, '', 'Dalmer', 'Julia', '1.1.1990.', 'p');
insert into CandidatesData (idno) VALUES (4160);
insert into PartyMembership (pid, idno) VALUES (31, 4160);
insert into Landeslistenplatz (llid, idno, position) VALUES (28, 4160, 17);
insert into Citizen (idno, title, firstname, lastname, dateofbirth, gender) VALUES (4161, '', 'Damar', 'Ali', '1.1.1970.', 'p');
insert into CandidatesData (idno) VALUES (4161);
insert into PartyMembership (pid, idno) VALUES (3, 4161);
insert into Candidacy (wkid, idno) VALUES (502, 4161);
insert into Citizen (idno, title, firstname, lastname, dateofbirth, gender) VALUES (4162, '', 'Damerau', 'Inka', '1.1.1963.', 'p');
insert into CandidatesData (idno) VALUES (4162);
insert into PartyMembership (pid, idno) VALUES (2, 4162);
insert into Landeslistenplatz (llid, idno, position) VALUES (64, 4162, 3);
insert into Citizen (idno, title, firstname, lastname, dateofbirth, gender) VALUES (4163, '', 'Dammann', 'Manfred', '1.1.1959.', 'p');
insert into CandidatesData (idno) VALUES (4163);
insert into PartyMembership (pid, idno) VALUES (1, 4163);
insert into Candidacy (wkid, idno) VALUES (329, 4163);
insert into Citizen (idno, title, firstname, lastname, dateofbirth, gender) VALUES (4164, '', 'Dammermann', 'Christoph', '1.1.1967.', 'p');
insert into CandidatesData (idno) VALUES (4164);
insert into PartyMembership (pid, idno) VALUES (4, 4164);
insert into Candidacy (wkid, idno) VALUES (444, 4164);
insert into Landeslistenplatz (llid, idno, position) VALUES (98, 4164, 18);
insert into Citizen (idno, title, firstname, lastname, dateofbirth, gender) VALUES (4165, '', 'Damson', 'Thomas', '1.1.1981.', 'p');
insert into CandidatesData (idno) VALUES (4165);
insert into PartyMembership (pid, idno) VALUES (33, 4165);
insert into Landeslistenplatz (llid, idno, position) VALUES (63, 4165, 20);
insert into Citizen (idno, title, firstname, lastname, dateofbirth, gender) VALUES (4166, 'Dr. ', 'Daniels Edler von', 'Gero', '1.1.1968.', 'p');
insert into CandidatesData (idno) VALUES (4166);
insert into PartyMembership (pid, idno) VALUES (12, 4166);
insert into Landeslistenplatz (llid, idno, position) VALUES (44, 4166, 37);
insert into Citizen (idno, title, firstname, lastname, dateofbirth, gender) VALUES (4167, '', 'Dankerl', 'Barbara', '1.1.1970.', 'p');
insert into CandidatesData (idno) VALUES (4167);
insert into PartyMembership (pid, idno) VALUES (9, 4167);
insert into Landeslistenplatz (llid, idno, position) VALUES (47, 4167, 44);
insert into Citizen (idno, title, firstname, lastname, dateofbirth, gender) VALUES (4168, '', 'Danne', 'Andreas', '1.1.1961.', 'p');
insert into CandidatesData (idno) VALUES (4168);
insert into PartyMembership (pid, idno) VALUES (3, 4168);
insert into Candidacy (wkid, idno) VALUES (397, 4168);
insert into Citizen (idno, title, firstname, lastname, dateofbirth, gender) VALUES (4169, '', 'Danter', 'Kai', '1.1.1966.', 'p');
insert into CandidatesData (idno) VALUES (4169);
insert into PartyMembership (pid, idno) VALUES (5, 4169);
insert into Landeslistenplatz (llid, idno, position) VALUES (176, 4169, 9);
insert into Citizen (idno, title, firstname, lastname, dateofbirth, gender) VALUES (4170, '', 'Daratha', 'Ina', '1.1.1984.', 'p');
insert into CandidatesData (idno) VALUES (4170);
insert into PartyMembership (pid, idno) VALUES (31, 4170);
insert into Landeslistenplatz (llid, idno, position) VALUES (135, 4170, 11);
insert into Citizen (idno, title, firstname, lastname, dateofbirth, gender) VALUES (4171, '', 'Daub', 'Helga', '1.1.1942.', 'p');
insert into CandidatesData (idno) VALUES (4171);
insert into PartyMembership (pid, idno) VALUES (4, 4171);
insert into Candidacy (wkid, idno) VALUES (447, 4171);
insert into Citizen (idno, title, firstname, lastname, dateofbirth, gender) VALUES (4172, '', 'Dauert', 'John', '1.1.1985.', 'p');
insert into CandidatesData (idno) VALUES (4172);
insert into PartyMembership (pid, idno) VALUES (5, 4172);
insert into Landeslistenplatz (llid, idno, position) VALUES (172, 4172, 5);
insert into Citizen (idno, title, firstname, lastname, dateofbirth, gender) VALUES (4173, '', 'Dazert', 'Marie-Therese', '1.1.1992.', 'p');
insert into CandidatesData (idno) VALUES (4173);
insert into PartyMembership (pid, idno) VALUES (5, 4173);
insert into Candidacy (wkid, idno) VALUES (444, 4173);
insert into Landeslistenplatz (llid, idno, position) VALUES (83, 4173, 21);
insert into Citizen (idno, title, firstname, lastname, dateofbirth, gender) VALUES (4174, 'Dr. ', 'De', 'Dennis', '1.1.1964.', 'p');
insert into CandidatesData (idno) VALUES (4174);
insert into PartyMembership (pid, idno) VALUES (5, 4174);
insert into Candidacy (wkid, idno) VALUES (562, 4174);
insert into Landeslistenplatz (llid, idno, position) VALUES (61, 4174, 22);
insert into Citizen (idno, title, firstname, lastname, dateofbirth, gender) VALUES (4175, 'Dr. ', 'Debuch', 'Tobias', '1.1.1973.', 'p');
insert into CandidatesData (idno) VALUES (4175);
insert into PartyMembership (pid, idno) VALUES (4, 4175);
insert into Candidacy (wkid, idno) VALUES (336, 4175);
insert into Landeslistenplatz (llid, idno, position) VALUES (127, 4175, 11);
insert into Citizen (idno, title, firstname, lastname, dateofbirth, gender) VALUES (4176, '', 'Decarolis', 'Dominic', '1.1.1982.', 'p');
insert into CandidatesData (idno) VALUES (4176);
insert into PartyMembership (pid, idno) VALUES (31, 4176);
insert into Landeslistenplatz (llid, idno, position) VALUES (123, 4176, 42);
insert into Citizen (idno, title, firstname, lastname, dateofbirth, gender) VALUES (4177, '', 'Decker', 'Ursula', '1.1.1962.', 'p');
insert into CandidatesData (idno) VALUES (4177);
insert into PartyMembership (pid, idno) VALUES (36, 4177);
insert into Landeslistenplatz (llid, idno, position) VALUES (56, 4177, 5);
insert into Citizen (idno, title, firstname, lastname, dateofbirth, gender) VALUES (4178, '', 'Deckert', 'Ines Maria', '1.1.1966.', 'p');
insert into CandidatesData (idno) VALUES (4178);
insert into PartyMembership (pid, idno) VALUES (33, 4178);
insert into LandesListe (llid, year, pid, fsid) VALUES (202, 2013, 33, 19);
insert into Landeslistenplatz (llid, idno, position) VALUES (202, 4178, 7);
insert into Citizen (idno, title, firstname, lastname, dateofbirth, gender) VALUES (4179, '', 'Dederichs', 'Hans Josef', '1.1.1964.', 'p');
insert into CandidatesData (idno) VALUES (4179);
insert into PartyMembership (pid, idno) VALUES (5, 4179);
insert into Candidacy (wkid, idno) VALUES (388, 4179);
insert into Landeslistenplatz (llid, idno, position) VALUES (83, 4179, 28);
insert into Citizen (idno, title, firstname, lastname, dateofbirth, gender) VALUES (4180, '', 'Deger', 'Gökhan', '1.1.1973.', 'p');
insert into CandidatesData (idno) VALUES (4180);
insert into PartyMembership (pid, idno) VALUES (32, 4180);
insert into Candidacy (wkid, idno) VALUES (517, 4180);
insert into Landeslistenplatz (llid, idno, position) VALUES (33, 4180, 26);
insert into Citizen (idno, title, firstname, lastname, dateofbirth, gender) VALUES (4181, '', 'Degler', 'Alois August', '1.1.1949.', 'p');
insert into CandidatesData (idno) VALUES (4181);
insert into Candidacy (wkid, idno) VALUES (572, 4181);
insert into Citizen (idno, title, firstname, lastname, dateofbirth, gender) VALUES (4182, '', 'Dehde', 'Klaus-Peter', '1.1.1959.', 'p');
insert into CandidatesData (idno) VALUES (4182);
insert into PartyMembership (pid, idno) VALUES (2, 4182);
insert into Landeslistenplatz (llid, idno, position) VALUES (69, 4182, 35);
insert into Citizen (idno, title, firstname, lastname, dateofbirth, gender) VALUES (4183, '', 'Dehm', 'Cornelius', '1.1.1991.', 'p');
insert into CandidatesData (idno) VALUES (4183);
insert into PartyMembership (pid, idno) VALUES (5, 4183);
insert into Candidacy (wkid, idno) VALUES (477, 4183);
insert into Citizen (idno, title, firstname, lastname, dateofbirth, gender) VALUES (4184, 'Dr. ', 'Dehm-Desoi', 'Diether', '1.1.1950.', 'p');
insert into CandidatesData (idno) VALUES (4184);
insert into PartyMembership (pid, idno) VALUES (3, 4184);
insert into Candidacy (wkid, idno) VALUES (342, 4184);
insert into Landeslistenplatz (llid, idno, position) VALUES (130, 4184, 1);
insert into Citizen (idno, title, firstname, lastname, dateofbirth, gender) VALUES (4185, '', 'Dehn', 'Jonathan', '1.1.1990.', 'p');
insert into CandidatesData (idno) VALUES (4185);
insert into PartyMembership (pid, idno) VALUES (7, 4185);
insert into Candidacy (wkid, idno) VALUES (358, 4185);
insert into Citizen (idno, title, firstname, lastname, dateofbirth, gender) VALUES (4186, '', 'Dehnke', 'Martin', '1.1.1971.', 'p');
insert into CandidatesData (idno) VALUES (4186);
insert into PartyMembership (pid, idno) VALUES (7, 4186);
insert into Landeslistenplatz (llid, idno, position) VALUES (85, 4186, 6);
insert into Citizen (idno, title, firstname, lastname, dateofbirth, gender) VALUES (4187, '', 'Deicke', 'Alexander', '1.1.1976.', 'p');
insert into CandidatesData (idno) VALUES (4187);
insert into PartyMembership (pid, idno) VALUES (4, 4187);
insert into Candidacy (wkid, idno) VALUES (564, 4187);
insert into Landeslistenplatz (llid, idno, position) VALUES (51, 4187, 37);
insert into Citizen (idno, title, firstname, lastname, dateofbirth, gender) VALUES (4188, '', 'Deininger', 'Heinz', '1.1.1949.', 'p');
insert into CandidatesData (idno) VALUES (4188);
insert into PartyMembership (pid, idno) VALUES (3, 4188);
insert into Candidacy (wkid, idno) VALUES (566, 4188);
insert into Citizen (idno, title, firstname, lastname, dateofbirth, gender) VALUES (4189, '', 'Deistler', 'Martin', '1.1.1956.', 'p');
insert into CandidatesData (idno) VALUES (4189);
insert into PartyMembership (pid, idno) VALUES (3, 4189);
insert into Candidacy (wkid, idno) VALUES (486, 4189);
insert into Citizen (idno, title, firstname, lastname, dateofbirth, gender) VALUES (4190, '', 'Deligöz', 'Ekin', '1.1.1971.', 'p');
insert into CandidatesData (idno) VALUES (4190);
insert into PartyMembership (pid, idno) VALUES (5, 4190);
insert into Candidacy (wkid, idno) VALUES (554, 4190);
insert into Landeslistenplatz (llid, idno, position) VALUES (65, 4190, 3);
insert into Citizen (idno, title, firstname, lastname, dateofbirth, gender) VALUES (4191, '', 'Demir', 'Orhan', '1.1.1975.', 'p');
insert into CandidatesData (idno) VALUES (4191);
insert into PartyMembership (pid, idno) VALUES (34, 4191);
insert into Landeslistenplatz (llid, idno, position) VALUES (50, 4191, 4);
insert into Citizen (idno, title, firstname, lastname, dateofbirth, gender) VALUES (4192, '', 'Demirel', 'Gülseren', '1.1.1964.', 'p');
insert into CandidatesData (idno) VALUES (4192);
insert into PartyMembership (pid, idno) VALUES (5, 4192);
insert into Landeslistenplatz (llid, idno, position) VALUES (65, 4192, 45);
insert into Citizen (idno, title, firstname, lastname, dateofbirth, gender) VALUES (4193, '', 'Demirhan', 'Ali', '1.1.1965.', 'p');
insert into CandidatesData (idno) VALUES (4193);
insert into PartyMembership (pid, idno) VALUES (5, 4193);
insert into Landeslistenplatz (llid, idno, position) VALUES (59, 4193, 12);
insert into Citizen (idno, title, firstname, lastname, dateofbirth, gender) VALUES (4194, '', 'Dempert', 'Martin', '1.1.1971.', 'p');
insert into CandidatesData (idno) VALUES (4194);
insert into PartyMembership (pid, idno) VALUES (15, 4194);
insert into Landeslistenplatz (llid, idno, position) VALUES (55, 4194, 7);
insert into Citizen (idno, title, firstname, lastname, dateofbirth, gender) VALUES (4195, '', 'Demuth', 'Ellen', '1.1.1982.', 'p');
insert into CandidatesData (idno) VALUES (4195);
insert into PartyMembership (pid, idno) VALUES (12, 4195);
insert into Landeslistenplatz (llid, idno, position) VALUES (138, 4195, 33);
insert into Citizen (idno, title, firstname, lastname, dateofbirth, gender) VALUES (4196, '', 'Demuth', 'Kerstin Sara', '1.1.1989.', 'p');
insert into CandidatesData (idno) VALUES (4196);
insert into PartyMembership (pid, idno) VALUES (7, 4196);
insert into Candidacy (wkid, idno) VALUES (338, 4196);
insert into Citizen (idno, title, firstname, lastname, dateofbirth, gender) VALUES (4197, '', 'Deniz', 'Tuncay', '1.1.1963.', 'p');
insert into CandidatesData (idno) VALUES (4197);
insert into PartyMembership (pid, idno) VALUES (33, 4197);
insert into Landeslistenplatz (llid, idno, position) VALUES (166, 4197, 31);
insert into Citizen (idno, title, firstname, lastname, dateofbirth, gender) VALUES (4198, '', 'Dethlefsen', 'Knut Matthias', '1.1.1969.', 'p');
insert into CandidatesData (idno) VALUES (4198);
insert into PartyMembership (pid, idno) VALUES (2, 4198);
insert into Landeslistenplatz (llid, idno, position) VALUES (103, 4198, 13);
insert into Citizen (idno, title, firstname, lastname, dateofbirth, gender) VALUES (4199, '', 'Dethloff', 'Manuel', '1.1.1981.', 'p');
insert into CandidatesData (idno) VALUES (4199);
insert into PartyMembership (pid, idno) VALUES (5, 4199);
insert into Candidacy (wkid, idno) VALUES (537, 4199);
insert into Landeslistenplatz (llid, idno, position) VALUES (65, 4199, 38);
insert into Citizen (idno, title, firstname, lastname, dateofbirth, gender) VALUES (4200, '', 'Dettmann', 'Jürgen', '1.1.1966.', 'p');
insert into CandidatesData (idno) VALUES (4200);
insert into PartyMembership (pid, idno) VALUES (32, 4200);
insert into Candidacy (wkid, idno) VALUES (314, 4200);
insert into Landeslistenplatz (llid, idno, position) VALUES (101, 4200, 5);
insert into Citizen (idno, title, firstname, lastname, dateofbirth, gender) VALUES (4201, '', 'Dettmann', 'Jutta', '1.1.1983.', 'p');
insert into CandidatesData (idno) VALUES (4201);
insert into PartyMembership (pid, idno) VALUES (2, 4201);
insert into Landeslistenplatz (llid, idno, position) VALUES (69, 4201, 54);
insert into Citizen (idno, title, firstname, lastname, dateofbirth, gender) VALUES (4202, '', 'Deuschle', 'Ulrich', '1.1.1952.', 'p');
insert into CandidatesData (idno) VALUES (4202);
insert into PartyMembership (pid, idno) VALUES (19, 4202);
insert into Candidacy (wkid, idno) VALUES (561, 4202);
insert into Landeslistenplatz (llid, idno, position) VALUES (182, 4202, 1);
insert into Citizen (idno, title, firstname, lastname, dateofbirth, gender) VALUES (4203, '', 'Deutsch', 'Paul', '1.1.1951.', 'p');
insert into CandidatesData (idno) VALUES (4203);
insert into PartyMembership (pid, idno) VALUES (13, 4203);
insert into Candidacy (wkid, idno) VALUES (349, 4203);
insert into LandesListe (llid, year, pid, fsid) VALUES (203, 2013, 13, 3);
insert into Landeslistenplatz (llid, idno, position) VALUES (203, 4203, 3);
insert into Citizen (idno, title, firstname, lastname, dateofbirth, gender) VALUES (4204, '', 'Deutschkämer', 'Dennis', '1.1.1988.', 'p');
insert into CandidatesData (idno) VALUES (4204);
insert into PartyMembership (pid, idno) VALUES (7, 4204);
insert into Candidacy (wkid, idno) VALUES (432, 4204);
insert into Citizen (idno, title, firstname, lastname, dateofbirth, gender) VALUES (4205, '', 'Deutschmann', 'Reiner Peter', '1.1.1953.', 'p');
insert into CandidatesData (idno) VALUES (4205);
insert into PartyMembership (pid, idno) VALUES (4, 4205);
insert into Candidacy (wkid, idno) VALUES (455, 4205);
insert into Landeslistenplatz (llid, idno, position) VALUES (158, 4205, 4);
insert into Citizen (idno, title, firstname, lastname, dateofbirth, gender) VALUES (4206, '', 'Dewitz von', 'Susanna', '1.1.1973.', 'p');
insert into CandidatesData (idno) VALUES (4206);
insert into PartyMembership (pid, idno) VALUES (7, 4206);
insert into Candidacy (wkid, idno) VALUES (575, 4206);
insert into Citizen (idno, title, firstname, lastname, dateofbirth, gender) VALUES (4207, '', 'Di Leo', 'Frank', '1.1.1967.', 'p');
insert into CandidatesData (idno) VALUES (4207);
insert into Candidacy (wkid, idno) VALUES (382, 4207);
insert into Citizen (idno, title, firstname, lastname, dateofbirth, gender) VALUES (4208, 'Dr. ', 'Diaby', 'Karamba', '1.1.1961.', 'p');
insert into CandidatesData (idno) VALUES (4208);
insert into PartyMembership (pid, idno) VALUES (2, 4208);
insert into Candidacy (wkid, idno) VALUES (371, 4208);
insert into Landeslistenplatz (llid, idno, position) VALUES (161, 4208, 3);
insert into Citizen (idno, title, firstname, lastname, dateofbirth, gender) VALUES (4209, '', 'Dick', 'Bernhard Dietrich', '1.1.1958.', 'p');
insert into CandidatesData (idno) VALUES (4209);
insert into PartyMembership (pid, idno) VALUES (2, 4209);
insert into Landeslistenplatz (llid, idno, position) VALUES (77, 4209, 14);
insert into Citizen (idno, title, firstname, lastname, dateofbirth, gender) VALUES (4210, '', 'Dickow', 'Claus-Joachim', '1.1.1965.', 'p');
insert into CandidatesData (idno) VALUES (4210);
insert into PartyMembership (pid, idno) VALUES (4, 4210);
insert into Landeslistenplatz (llid, idno, position) VALUES (100, 4210, 7);
insert into Citizen (idno, title, firstname, lastname, dateofbirth, gender) VALUES (4211, '', 'Diebold', 'Gudrun', '1.1.1956.', 'p');
insert into CandidatesData (idno) VALUES (4211);
insert into PartyMembership (pid, idno) VALUES (36, 4211);
insert into Candidacy (wkid, idno) VALUES (591, 4211);
insert into Landeslistenplatz (llid, idno, position) VALUES (118, 4211, 11);
insert into Citizen (idno, title, firstname, lastname, dateofbirth, gender) VALUES (4212, '', 'Diefenbach', 'Beatrix', '1.1.1964.', 'p');
insert into CandidatesData (idno) VALUES (4212);
insert into PartyMembership (pid, idno) VALUES (33, 4212);
insert into Landeslistenplatz (llid, idno, position) VALUES (36, 4212, 12);
insert into Citizen (idno, title, firstname, lastname, dateofbirth, gender) VALUES (4213, '', 'Diem', 'Sven', '1.1.1991.', 'p');
insert into CandidatesData (idno) VALUES (4213);
insert into PartyMembership (pid, idno) VALUES (1, 4213);
insert into Candidacy (wkid, idno) VALUES (535, 4213);
insert into Citizen (idno, title, firstname, lastname, dateofbirth, gender) VALUES (4214, '', 'Diemer', 'Florian', '1.1.1981.', 'p');
insert into CandidatesData (idno) VALUES (4214);
insert into PartyMembership (pid, idno) VALUES (31, 4214);
insert into Landeslistenplatz (llid, idno, position) VALUES (28, 4214, 37);
insert into Citizen (idno, title, firstname, lastname, dateofbirth, gender) VALUES (4215, '', 'Diemer', 'Timo', '1.1.1975.', 'p');
insert into CandidatesData (idno) VALUES (4215);
insert into PartyMembership (pid, idno) VALUES (1, 4215);
insert into Candidacy (wkid, idno) VALUES (416, 4215);
insert into Citizen (idno, title, firstname, lastname, dateofbirth, gender) VALUES (4216, '', 'Dierdorf', 'Bernhard', '1.1.1946.', 'p');
insert into CandidatesData (idno) VALUES (4216);
insert into PartyMembership (pid, idno) VALUES (5, 4216);
insert into Candidacy (wkid, idno) VALUES (305, 4216);
insert into Citizen (idno, title, firstname, lastname, dateofbirth, gender) VALUES (4217, '', 'Dierkes-Morsy', 'Ulrike', '1.1.1975.', 'p');
insert into CandidatesData (idno) VALUES (4217);
insert into PartyMembership (pid, idno) VALUES (3, 4217);
insert into Candidacy (wkid, idno) VALUES (538, 4217);
insert into Landeslistenplatz (llid, idno, position) VALUES (174, 4217, 7);
insert into Citizen (idno, title, firstname, lastname, dateofbirth, gender) VALUES (4218, '', 'Dierks', 'Carsten', '1.1.1957.', 'p');
insert into CandidatesData (idno) VALUES (4218);
insert into PartyMembership (pid, idno) VALUES (4, 4218);
insert into Landeslistenplatz (llid, idno, position) VALUES (120, 4218, 23);
insert into Citizen (idno, title, firstname, lastname, dateofbirth, gender) VALUES (4219, '', 'Diersen', 'Josef', '1.1.1959.', 'p');
insert into CandidatesData (idno) VALUES (4219);
insert into PartyMembership (pid, idno) VALUES (5, 4219);
insert into Candidacy (wkid, idno) VALUES (331, 4219);
insert into Citizen (idno, title, firstname, lastname, dateofbirth, gender) VALUES (4220, 'Dr. ', 'Dietrich', 'Jens', '1.1.1965.', 'p');
insert into CandidatesData (idno) VALUES (4220);
insert into PartyMembership (pid, idno) VALUES (33, 4220);
insert into Candidacy (wkid, idno) VALUES (491, 4220);
insert into Citizen (idno, title, firstname, lastname, dateofbirth, gender) VALUES (4221, '', 'Dietrich', 'Matthias', '1.1.1971.', 'p');
insert into CandidatesData (idno) VALUES (4221);
insert into PartyMembership (pid, idno) VALUES (36, 4221);
insert into Candidacy (wkid, idno) VALUES (588, 4221);
insert into Citizen (idno, title, firstname, lastname, dateofbirth, gender) VALUES (4222, '', 'Dietrich', 'Rolf', '1.1.1944.', 'p');
insert into CandidatesData (idno) VALUES (4222);
insert into PartyMembership (pid, idno) VALUES (1, 4222);
insert into Candidacy (wkid, idno) VALUES (371, 4222);
insert into Landeslistenplatz (llid, idno, position) VALUES (38, 4222, 9);
insert into Citizen (idno, title, firstname, lastname, dateofbirth, gender) VALUES (4223, '', 'Dilcher', 'Esther Anneliese', '1.1.1965.', 'p');
insert into CandidatesData (idno) VALUES (4223);
insert into PartyMembership (pid, idno) VALUES (2, 4223);
insert into Landeslistenplatz (llid, idno, position) VALUES (54, 4223, 24);
insert into Citizen (idno, title, firstname, lastname, dateofbirth, gender) VALUES (4224, 'Prof. Dr. ', 'Dilger', 'Georg Alexander Ludwig', '1.1.1968.', 'p');
insert into CandidatesData (idno) VALUES (4224);
insert into PartyMembership (pid, idno) VALUES (33, 4224);
insert into Candidacy (wkid, idno) VALUES (441, 4224);
insert into Landeslistenplatz (llid, idno, position) VALUES (80, 4224, 1);
insert into Citizen (idno, title, firstname, lastname, dateofbirth, gender) VALUES (4225, '', 'Dillschneider', 'Dirk', '1.1.1974.', 'p');
insert into CandidatesData (idno) VALUES (4225);
insert into PartyMembership (pid, idno) VALUES (12, 4225);
insert into Landeslistenplatz (llid, idno, position) VALUES (53, 4225, 7);
insert into Citizen (idno, title, firstname, lastname, dateofbirth, gender) VALUES (4226, '', 'Dindoyal', 'Randhir', '1.1.1974.', 'p');
insert into CandidatesData (idno) VALUES (4226);
insert into PartyMembership (pid, idno) VALUES (4, 4226);
insert into Candidacy (wkid, idno) VALUES (519, 4226);
insert into Landeslistenplatz (llid, idno, position) VALUES (102, 4226, 17);
insert into Citizen (idno, title, firstname, lastname, dateofbirth, gender) VALUES (4227, '', 'Dinges-Dierig', 'Alexandra', '1.1.1953.', 'p');
insert into CandidatesData (idno) VALUES (4227);
insert into PartyMembership (pid, idno) VALUES (12, 4227);
insert into Candidacy (wkid, idno) VALUES (310, 4227);
insert into Landeslistenplatz (llid, idno, position) VALUES (159, 4227, 3);
insert into Citizen (idno, title, firstname, lastname, dateofbirth, gender) VALUES (4228, '', 'Dinler', 'Arzu', '1.1.1976.', 'p');
insert into CandidatesData (idno) VALUES (4228);
insert into PartyMembership (pid, idno) VALUES (34, 4228);
insert into Landeslistenplatz (llid, idno, position) VALUES (50, 4228, 1);
insert into Citizen (idno, title, firstname, lastname, dateofbirth, gender) VALUES (4229, '', 'Dippel', 'Konrad Willibald', '1.1.1971.', 'p');
insert into CandidatesData (idno) VALUES (4229);
insert into Candidacy (wkid, idno) VALUES (534, 4229);
insert into Citizen (idno, title, firstname, lastname, dateofbirth, gender) VALUES (4230, '', 'Ditsche', 'Frank', '1.1.1966.', 'p');
insert into CandidatesData (idno) VALUES (4230);
insert into Candidacy (wkid, idno) VALUES (376, 4230);
insert into Citizen (idno, title, firstname, lastname, dateofbirth, gender) VALUES (4231, '', 'Dittmann', 'Jens', '1.1.1965.', 'p');
insert into CandidatesData (idno) VALUES (4231);
insert into PartyMembership (pid, idno) VALUES (37, 4231);
insert into LandesListe (llid, year, pid, fsid) VALUES (204, 2013, 37, 4);
insert into Landeslistenplatz (llid, idno, position) VALUES (204, 4231, 5);
insert into Citizen (idno, title, firstname, lastname, dateofbirth, gender) VALUES (4232, '', 'Dittmar', 'Sabine', '1.1.1964.', 'p');
insert into CandidatesData (idno) VALUES (4232);
insert into PartyMembership (pid, idno) VALUES (2, 4232);
insert into Candidacy (wkid, idno) VALUES (547, 4232);
insert into Landeslistenplatz (llid, idno, position) VALUES (87, 4232, 12);
insert into Citizen (idno, title, firstname, lastname, dateofbirth, gender) VALUES (4233, '', 'Dittrich', 'Christoph', '1.1.1989.', 'p');
insert into CandidatesData (idno) VALUES (4233);
insert into PartyMembership (pid, idno) VALUES (31, 4233);
insert into Landeslistenplatz (llid, idno, position) VALUES (28, 4233, 21);
insert into Citizen (idno, title, firstname, lastname, dateofbirth, gender) VALUES (4234, '', 'Djelassi', 'Mathias Moncef', '1.1.1980.', 'p');
insert into CandidatesData (idno) VALUES (4234);
insert into PartyMembership (pid, idno) VALUES (32, 4234);
insert into Candidacy (wkid, idno) VALUES (344, 4234);
insert into Citizen (idno, title, firstname, lastname, dateofbirth, gender) VALUES (4235, '', 'Djir-Sarai', 'Bijan', '1.1.1976.', 'p');
insert into CandidatesData (idno) VALUES (4235);
insert into PartyMembership (pid, idno) VALUES (4, 4235);
insert into Candidacy (wkid, idno) VALUES (407, 4235);
insert into Landeslistenplatz (llid, idno, position) VALUES (98, 4235, 7);
insert into Citizen (idno, title, firstname, lastname, dateofbirth, gender) VALUES (4236, '', 'Dobrindt', 'Alexander', '1.1.1970.', 'p');
insert into CandidatesData (idno) VALUES (4236);
insert into PartyMembership (pid, idno) VALUES (9, 4236);
insert into Candidacy (wkid, idno) VALUES (525, 4236);
insert into Landeslistenplatz (llid, idno, position) VALUES (47, 4236, 4);
insert into Citizen (idno, title, firstname, lastname, dateofbirth, gender) VALUES (4237, '', 'Dobrindt', 'Klaus', '1.1.1966.', 'p');
insert into CandidatesData (idno) VALUES (4237);
insert into PartyMembership (pid, idno) VALUES (36, 4237);
insert into Landeslistenplatz (llid, idno, position) VALUES (84, 4237, 21);
insert into Citizen (idno, title, firstname, lastname, dateofbirth, gender) VALUES (4238, '', 'Dobusch', 'Gabriele', '1.1.1958.', 'p');
insert into CandidatesData (idno) VALUES (4238);
insert into PartyMembership (pid, idno) VALUES (2, 4238);
insert into Landeslistenplatz (llid, idno, position) VALUES (64, 4238, 11);
insert into Citizen (idno, title, firstname, lastname, dateofbirth, gender) VALUES (4239, '', 'Dochan', 'Gisela', '1.1.1931.', 'p');
insert into CandidatesData (idno) VALUES (4239);
insert into PartyMembership (pid, idno) VALUES (19, 4239);
insert into Landeslistenplatz (llid, idno, position) VALUES (114, 4239, 5);
insert into Citizen (idno, title, firstname, lastname, dateofbirth, gender) VALUES (4240, '', 'Döge', 'Ursula', '1.1.1947.', 'p');
insert into CandidatesData (idno) VALUES (4240);
insert into PartyMembership (pid, idno) VALUES (41, 4240);
insert into LandesListe (llid, year, pid, fsid) VALUES (205, 2013, 41, 5);
insert into Landeslistenplatz (llid, idno, position) VALUES (205, 4240, 5);
insert into Citizen (idno, title, firstname, lastname, dateofbirth, gender) VALUES (4241, '', 'Dölle', 'Holger', '1.1.1969.', 'p');
insert into CandidatesData (idno) VALUES (4241);
insert into PartyMembership (pid, idno) VALUES (31, 4241);
insert into Landeslistenplatz (llid, idno, position) VALUES (28, 4241, 42);
insert into Citizen (idno, title, firstname, lastname, dateofbirth, gender) VALUES (4242, '', 'Dörflinger', 'Thomas', '1.1.1965.', 'p');
insert into CandidatesData (idno) VALUES (4242);
insert into PartyMembership (pid, idno) VALUES (12, 4242);
insert into Candidacy (wkid, idno) VALUES (587, 4242);
insert into Citizen (idno, title, firstname, lastname, dateofbirth, gender) VALUES (4243, '', 'Döring', 'Dagmar', '1.1.1960.', 'p');
insert into CandidatesData (idno) VALUES (4243);
insert into PartyMembership (pid, idno) VALUES (4, 4243);
insert into Candidacy (wkid, idno) VALUES (478, 4243);
insert into Landeslistenplatz (llid, idno, position) VALUES (116, 4243, 10);
insert into Citizen (idno, title, firstname, lastname, dateofbirth, gender) VALUES (4244, '', 'Döring', 'Patrick', '1.1.1973.', 'p');
insert into CandidatesData (idno) VALUES (4244);
insert into PartyMembership (pid, idno) VALUES (4, 4244);
insert into Candidacy (wkid, idno) VALUES (341, 4244);
insert into Landeslistenplatz (llid, idno, position) VALUES (127, 4244, 2);
insert into Citizen (idno, title, firstname, lastname, dateofbirth, gender) VALUES (4245, '', 'Döring', 'Waltraud', '1.1.1952.', 'p');
insert into CandidatesData (idno) VALUES (4245);
insert into PartyMembership (pid, idno) VALUES (36, 4245);
insert into Landeslistenplatz (llid, idno, position) VALUES (149, 4245, 13);
insert into Citizen (idno, title, firstname, lastname, dateofbirth, gender) VALUES (4246, '', 'Döring', 'Wilfried', '1.1.1953.', 'p');
insert into CandidatesData (idno) VALUES (4246);
insert into PartyMembership (pid, idno) VALUES (36, 4246);
insert into Landeslistenplatz (llid, idno, position) VALUES (149, 4246, 18);
insert into Citizen (idno, title, firstname, lastname, dateofbirth, gender) VALUES (4247, '', 'Dörlitz', 'Heinz Helmut', '1.1.1963.', 'p');
insert into CandidatesData (idno) VALUES (4247);
insert into PartyMembership (pid, idno) VALUES (1, 4247);
insert into Candidacy (wkid, idno) VALUES (320, 4247);
insert into Landeslistenplatz (llid, idno, position) VALUES (39, 4247, 6);
insert into Citizen (idno, title, firstname, lastname, dateofbirth, gender) VALUES (4248, '', 'Dörmann', 'Martin', '1.1.1962.', 'p');
insert into CandidatesData (idno) VALUES (4248);
insert into PartyMembership (pid, idno) VALUES (2, 4248);
insert into Candidacy (wkid, idno) VALUES (392, 4248);
insert into Landeslistenplatz (llid, idno, position) VALUES (73, 4248, 61);
insert into Citizen (idno, title, firstname, lastname, dateofbirth, gender) VALUES (4249, 'Dr. ', 'Dörner', 'Wolfgang-Marc', '1.1.1960.', 'p');
insert into CandidatesData (idno) VALUES (4249);
insert into PartyMembership (pid, idno) VALUES (33, 4249);
insert into Landeslistenplatz (llid, idno, position) VALUES (166, 4249, 26);
insert into Citizen (idno, title, firstname, lastname, dateofbirth, gender) VALUES (4250, '', 'Dörner', 'Katja', '1.1.1976.', 'p');
insert into CandidatesData (idno) VALUES (4250);
insert into PartyMembership (pid, idno) VALUES (5, 4250);
insert into Candidacy (wkid, idno) VALUES (395, 4250);
insert into Landeslistenplatz (llid, idno, position) VALUES (83, 4250, 5);
insert into Citizen (idno, title, firstname, lastname, dateofbirth, gender) VALUES (4251, '', 'Dörner', 'Lars', '1.1.1982.', 'p');
insert into CandidatesData (idno) VALUES (4251);
insert into PartyMembership (pid, idno) VALUES (5, 4251);
insert into Candidacy (wkid, idno) VALUES (464, 4251);
insert into Citizen (idno, title, firstname, lastname, dateofbirth, gender) VALUES (4252, '', 'Dörnhöfer', 'Doris Anna Wilhelmine', '1.1.1953.', 'p');
insert into CandidatesData (idno) VALUES (4252);
insert into PartyMembership (pid, idno) VALUES (3, 4252);
insert into Candidacy (wkid, idno) VALUES (550, 4252);
insert into Citizen (idno, title, firstname, lastname, dateofbirth, gender) VALUES (4253, '', 'Dörr', 'Johannes Markus', '1.1.1976.', 'p');
insert into CandidatesData (idno) VALUES (4253);
insert into PartyMembership (pid, idno) VALUES (36, 4253);
insert into Landeslistenplatz (llid, idno, position) VALUES (84, 4253, 9);
insert into Citizen (idno, title, firstname, lastname, dateofbirth, gender) VALUES (4254, '', 'Dött', 'Marie-Luise', '1.1.1953.', 'p');
insert into CandidatesData (idno) VALUES (4254);
insert into PartyMembership (pid, idno) VALUES (12, 4254);
insert into Candidacy (wkid, idno) VALUES (416, 4254);
insert into Landeslistenplatz (llid, idno, position) VALUES (136, 4254, 9);
insert into Citizen (idno, title, firstname, lastname, dateofbirth, gender) VALUES (4255, '', 'Dogan', 'Abdülselam', '1.1.1974.', 'p');
insert into CandidatesData (idno) VALUES (4255);
insert into PartyMembership (pid, idno) VALUES (5, 4255);
insert into Candidacy (wkid, idno) VALUES (346, 4255);
insert into Citizen (idno, title, firstname, lastname, dateofbirth, gender) VALUES (4256, '', 'Dogan', 'Sülmez', '1.1.1975.', 'p');
insert into CandidatesData (idno) VALUES (4256);
insert into PartyMembership (pid, idno) VALUES (5, 4256);
insert into Candidacy (wkid, idno) VALUES (354, 4256);
insert into Landeslistenplatz (llid, idno, position) VALUES (119, 4256, 2);
insert into Citizen (idno, title, firstname, lastname, dateofbirth, gender) VALUES (4257, '', 'Domicke', 'Dirk', '1.1.1967.', 'p');
insert into CandidatesData (idno) VALUES (4257);
insert into PartyMembership (pid, idno) VALUES (33, 4257);
insert into Candidacy (wkid, idno) VALUES (371, 4257);
insert into Landeslistenplatz (llid, idno, position) VALUES (164, 4257, 4);
insert into Citizen (idno, title, firstname, lastname, dateofbirth, gender) VALUES (4258, '', 'Dominas', 'Marianne', '1.1.1961.', 'p');
insert into CandidatesData (idno) VALUES (4258);
insert into PartyMembership (pid, idno) VALUES (36, 4258);
insert into Candidacy (wkid, idno) VALUES (424, 4258);
insert into Landeslistenplatz (llid, idno, position) VALUES (84, 4258, 17);
insert into Citizen (idno, title, firstname, lastname, dateofbirth, gender) VALUES (4259, '', 'Domke', 'Hannes', '1.1.1986.', 'p');
insert into CandidatesData (idno) VALUES (4259);
insert into PartyMembership (pid, idno) VALUES (31, 4259);
insert into Landeslistenplatz (llid, idno, position) VALUES (28, 4259, 27);
insert into Citizen (idno, title, firstname, lastname, dateofbirth, gender) VALUES (4260, '', 'Domke', 'René', '1.1.1972.', 'p');
insert into CandidatesData (idno) VALUES (4260);
insert into PartyMembership (pid, idno) VALUES (4, 4260);
insert into Candidacy (wkid, idno) VALUES (312, 4260);
insert into Landeslistenplatz (llid, idno, position) VALUES (104, 4260, 2);
insert into Citizen (idno, title, firstname, lastname, dateofbirth, gender) VALUES (4261, '', 'Domscheit-Berg', 'Anke Margarete', '1.1.1968.', 'p');
insert into CandidatesData (idno) VALUES (4261);
insert into PartyMembership (pid, idno) VALUES (7, 4261);
insert into Candidacy (wkid, idno) VALUES (357, 4261);
insert into Landeslistenplatz (llid, idno, position) VALUES (178, 4261, 2);
insert into Citizen (idno, title, firstname, lastname, dateofbirth, gender) VALUES (4262, '', 'Donth', 'Michael', '1.1.1967.', 'p');
insert into CandidatesData (idno) VALUES (4262);
insert into PartyMembership (pid, idno) VALUES (12, 4262);
insert into Candidacy (wkid, idno) VALUES (588, 4262);
insert into Citizen (idno, title, firstname, lastname, dateofbirth, gender) VALUES (4263, '', 'Dormuth', 'Dennis', '1.1.1980.', 'p');
insert into CandidatesData (idno) VALUES (4263);
insert into PartyMembership (pid, idno) VALUES (1, 4263);
insert into Candidacy (wkid, idno) VALUES (327, 4263);
insert into Citizen (idno, title, firstname, lastname, dateofbirth, gender) VALUES (4264, '', 'Dorn', 'Detlef', '1.1.1954.', 'p');
insert into CandidatesData (idno) VALUES (4264);
insert into PartyMembership (pid, idno) VALUES (32, 4264);
insert into Candidacy (wkid, idno) VALUES (376, 4264);
insert into Citizen (idno, title, firstname, lastname, dateofbirth, gender) VALUES (4265, 'Dr. Dr. ', 'Dorn', 'Matthias Rudolf Helmut', '1.1.1954.', 'p');
insert into CandidatesData (idno) VALUES (4265);
insert into PartyMembership (pid, idno) VALUES (33, 4265);
insert into Candidacy (wkid, idno) VALUES (340, 4265);
insert into Landeslistenplatz (llid, idno, position) VALUES (30, 4265, 6);
insert into Citizen (idno, title, firstname, lastname, dateofbirth, gender) VALUES (4266, '', 'Dornhausen', 'Michael', '1.1.1972.', 'p');
insert into CandidatesData (idno) VALUES (4266);
insert into PartyMembership (pid, idno) VALUES (36, 4266);
insert into Candidacy (wkid, idno) VALUES (564, 4266);
insert into Citizen (idno, title, firstname, lastname, dateofbirth, gender) VALUES (4267, '', 'Dornheim', 'Laura', '1.1.1985.', 'p');
insert into CandidatesData (idno) VALUES (4267);
insert into PartyMembership (pid, idno) VALUES (7, 4267);
insert into LandesListe (llid, year, pid, fsid) VALUES (206, 2013, 7, 1);
insert into Landeslistenplatz (llid, idno, position) VALUES (206, 4267, 6);
insert into Citizen (idno, title, firstname, lastname, dateofbirth, gender) VALUES (4268, 'Dr. ', 'Dorsch', 'Nikolaus Theodor', '1.1.1958.', 'p');
insert into CandidatesData (idno) VALUES (4268);
insert into PartyMembership (pid, idno) VALUES (2, 4268);
insert into Candidacy (wkid, idno) VALUES (494, 4268);
insert into Landeslistenplatz (llid, idno, position) VALUES (154, 4268, 9);
insert into Citizen (idno, title, firstname, lastname, dateofbirth, gender) VALUES (4269, '', 'Dorscht', 'Peter', '1.1.1961.', 'p');
insert into CandidatesData (idno) VALUES (4269);
insert into PartyMembership (pid, idno) VALUES (32, 4269);
insert into Candidacy (wkid, idno) VALUES (535, 4269);
insert into Landeslistenplatz (llid, idno, position) VALUES (33, 4269, 2);
insert into Citizen (idno, title, firstname, lastname, dateofbirth, gender) VALUES (4270, 'Dr. ', 'Dott', 'Manfred', '1.1.1940.', 'p');
insert into CandidatesData (idno) VALUES (4270);
insert into PartyMembership (pid, idno) VALUES (7, 4270);
insert into Candidacy (wkid, idno) VALUES (372, 4270);
insert into Landeslistenplatz (llid, idno, position) VALUES (175, 4270, 5);
insert into Citizen (idno, title, firstname, lastname, dateofbirth, gender) VALUES (4271, '', 'Dotten', 'Horst', '1.1.1957.', 'p');
insert into CandidatesData (idno) VALUES (4271);
insert into PartyMembership (pid, idno) VALUES (13, 4271);
insert into Candidacy (wkid, idno) VALUES (418, 4271);
insert into Citizen (idno, title, firstname, lastname, dateofbirth, gender) VALUES (4272, '', 'Doughan', 'Sina', '1.1.1987.', 'p');
insert into CandidatesData (idno) VALUES (4272);
insert into PartyMembership (pid, idno) VALUES (5, 4272);
insert into Candidacy (wkid, idno) VALUES (540, 4272);
insert into Landeslistenplatz (llid, idno, position) VALUES (65, 4272, 15);
insert into Citizen (idno, title, firstname, lastname, dateofbirth, gender) VALUES (4273, '', 'Dowe', 'Markus', '1.1.1969.', 'p');
insert into CandidatesData (idno) VALUES (4273);
insert into PartyMembership (pid, idno) VALUES (3, 4273);
insert into Candidacy (wkid, idno) VALUES (440, 4273);
insert into Landeslistenplatz (llid, idno, position) VALUES (95, 4273, 25);
insert into Citizen (idno, title, firstname, lastname, dateofbirth, gender) VALUES (4274, '', 'Drage van', 'Alexander', '1.1.1980.', 'p');
insert into CandidatesData (idno) VALUES (4274);
insert into PartyMembership (pid, idno) VALUES (19, 4274);
insert into Landeslistenplatz (llid, idno, position) VALUES (40, 4274, 5);
insert into Citizen (idno, title, firstname, lastname, dateofbirth, gender) VALUES (4275, '', 'Drechsel', 'Edgar Tristan', '1.1.1955.', 'p');
insert into CandidatesData (idno) VALUES (4275);
insert into PartyMembership (pid, idno) VALUES (7, 4275);
insert into Candidacy (wkid, idno) VALUES (464, 4275);
insert into Citizen (idno, title, firstname, lastname, dateofbirth, gender) VALUES (4276, '', 'Drechsel', 'Jörg', '1.1.1956.', 'p');
insert into CandidatesData (idno) VALUES (4276);
insert into PartyMembership (pid, idno) VALUES (3, 4276);
insert into Candidacy (wkid, idno) VALUES (568, 4276);
insert into Citizen (idno, title, firstname, lastname, dateofbirth, gender) VALUES (4277, '', 'Dreher', 'Stefan', '1.1.1955.', 'p');
insert into CandidatesData (idno) VALUES (4277);
insert into PartyMembership (pid, idno) VALUES (3, 4277);
insert into Candidacy (wkid, idno) VALUES (560, 4277);
insert into Landeslistenplatz (llid, idno, position) VALUES (143, 4277, 10);
insert into Citizen (idno, title, firstname, lastname, dateofbirth, gender) VALUES (4278, '', 'Dreiling', 'Steffen Richard', '1.1.1969.', 'p');
insert into CandidatesData (idno) VALUES (4278);
insert into PartyMembership (pid, idno) VALUES (4, 4278);
insert into Candidacy (wkid, idno) VALUES (488, 4278);
insert into Landeslistenplatz (llid, idno, position) VALUES (168, 4278, 3);
insert into Citizen (idno, title, firstname, lastname, dateofbirth, gender) VALUES (4279, 'Dr. ', 'Dreischer', 'Artur', '1.1.1928.', 'p');
insert into CandidatesData (idno) VALUES (4279);
insert into PartyMembership (pid, idno) VALUES (39, 4279);
insert into Landeslistenplatz (llid, idno, position) VALUES (112, 4279, 1);
insert into Citizen (idno, title, firstname, lastname, dateofbirth, gender) VALUES (4280, '', 'Drenger', 'Markus', '1.1.1987.', 'p');
insert into CandidatesData (idno) VALUES (4280);
insert into PartyMembership (pid, idno) VALUES (7, 4280);
insert into Landeslistenplatz (llid, idno, position) VALUES (113, 4280, 3);
insert into Citizen (idno, title, firstname, lastname, dateofbirth, gender) VALUES (4281, '', 'Drephal', 'Rainer', '1.1.1944.', 'p');
insert into CandidatesData (idno) VALUES (4281);
insert into PartyMembership (pid, idno) VALUES (32, 4281);
insert into Candidacy (wkid, idno) VALUES (481, 4281);
insert into Landeslistenplatz (llid, idno, position) VALUES (141, 4281, 8);
insert into Citizen (idno, title, firstname, lastname, dateofbirth, gender) VALUES (4282, 'Dr. ', 'Dresenkamp', 'Dorothea', '1.1.1978.', 'p');
insert into CandidatesData (idno) VALUES (4282);
insert into PartyMembership (pid, idno) VALUES (4, 4282);
insert into Candidacy (wkid, idno) VALUES (416, 4282);
insert into Citizen (idno, title, firstname, lastname, dateofbirth, gender) VALUES (4283, '', 'Drewes', 'Hans Joachim', '1.1.1936.', 'p');
insert into CandidatesData (idno) VALUES (4283);
insert into PartyMembership (pid, idno) VALUES (41, 4283);
insert into LandesListe (llid, year, pid, fsid) VALUES (207, 2013, 41, 26);
insert into Landeslistenplatz (llid, idno, position) VALUES (207, 4283, 1);
insert into Citizen (idno, title, firstname, lastname, dateofbirth, gender) VALUES (4284, '', 'Drexl', 'Richard', '1.1.1952.', 'p');
insert into CandidatesData (idno) VALUES (4284);
insert into PartyMembership (pid, idno) VALUES (32, 4284);
insert into Landeslistenplatz (llid, idno, position) VALUES (33, 4284, 6);
insert into Citizen (idno, title, firstname, lastname, dateofbirth, gender) VALUES (4285, '', 'Dreyer', 'Uwe Bernd', '1.1.1957.', 'p');
insert into CandidatesData (idno) VALUES (4285);
insert into PartyMembership (pid, idno) VALUES (19, 4285);
insert into LandesListe (llid, year, pid, fsid) VALUES (208, 2013, 19, 40);
insert into Landeslistenplatz (llid, idno, position) VALUES (208, 4285, 4);
insert into Citizen (idno, title, firstname, lastname, dateofbirth, gender) VALUES (4286, '', 'Driesang', 'Dirk Klaus', '1.1.1964.', 'p');
insert into CandidatesData (idno) VALUES (4286);
insert into PartyMembership (pid, idno) VALUES (33, 4286);
insert into Landeslistenplatz (llid, idno, position) VALUES (166, 4286, 34);
insert into Citizen (idno, title, firstname, lastname, dateofbirth, gender) VALUES (4287, '', 'Drobinski-Weiß', 'Elvira', '1.1.1951.', 'p');
insert into CandidatesData (idno) VALUES (4287);
insert into PartyMembership (pid, idno) VALUES (2, 4287);
insert into Candidacy (wkid, idno) VALUES (583, 4287);
insert into Landeslistenplatz (llid, idno, position) VALUES (76, 4287, 8);
insert into Citizen (idno, title, firstname, lastname, dateofbirth, gender) VALUES (4288, '', 'Dröge', 'Katharina', '1.1.1984.', 'p');
insert into CandidatesData (idno) VALUES (4288);
insert into PartyMembership (pid, idno) VALUES (5, 4288);
insert into Candidacy (wkid, idno) VALUES (394, 4288);
insert into Landeslistenplatz (llid, idno, position) VALUES (83, 4288, 9);
insert into Citizen (idno, title, firstname, lastname, dateofbirth, gender) VALUES (4289, '', 'Drüner', 'Maxim', '1.1.1984.', 'p');
insert into CandidatesData (idno) VALUES (4289);
insert into PartyMembership (pid, idno) VALUES (31, 4289);
insert into Landeslistenplatz (llid, idno, position) VALUES (28, 4289, 48);
insert into Citizen (idno, title, firstname, lastname, dateofbirth, gender) VALUES (4290, 'Dr. ', 'Drumm', 'Herbert', '1.1.1949.', 'p');
insert into CandidatesData (idno) VALUES (4290);
insert into PartyMembership (pid, idno) VALUES (12, 4290);
insert into Landeslistenplatz (llid, idno, position) VALUES (138, 4290, 24);
insert into Citizen (idno, title, firstname, lastname, dateofbirth, gender) VALUES (4291, '', 'Ducke', 'Kai-Uwe', '1.1.1975.', 'p');
insert into CandidatesData (idno) VALUES (4291);
insert into PartyMembership (pid, idno) VALUES (10, 4291);
insert into Candidacy (wkid, idno) VALUES (464, 4291);
insert into Landeslistenplatz (llid, idno, position) VALUES (180, 4291, 8);
insert into Citizen (idno, title, firstname, lastname, dateofbirth, gender) VALUES (4292, '', 'Dürr', 'Horst Friedrich', '1.1.1942.', 'p');
insert into CandidatesData (idno) VALUES (4292);
insert into PartyMembership (pid, idno) VALUES (32, 4292);
insert into Candidacy (wkid, idno) VALUES (590, 4292);
insert into Landeslistenplatz (llid, idno, position) VALUES (91, 4292, 16);
insert into Citizen (idno, title, firstname, lastname, dateofbirth, gender) VALUES (4293, '', 'Dürre', 'Jörg Friedrich', '1.1.1970.', 'p');
insert into CandidatesData (idno) VALUES (4293);
insert into PartyMembership (pid, idno) VALUES (7, 4293);
insert into Landeslistenplatz (llid, idno, position) VALUES (42, 4293, 6);
insert into Citizen (idno, title, firstname, lastname, dateofbirth, gender) VALUES (4294, '', 'Dürrwanger', 'Helmut', '1.1.1941.', 'p');
insert into CandidatesData (idno) VALUES (4294);
insert into PartyMembership (pid, idno) VALUES (19, 4294);
insert into Candidacy (wkid, idno) VALUES (551, 4294);
insert into Landeslistenplatz (llid, idno, position) VALUES (40, 4294, 45);
insert into Citizen (idno, title, firstname, lastname, dateofbirth, gender) VALUES (4295, '', 'Dullinger', 'Angelica', '1.1.1960.', 'p');
insert into CandidatesData (idno) VALUES (4295);
insert into PartyMembership (pid, idno) VALUES (2, 4295);
insert into Candidacy (wkid, idno) VALUES (525, 4295);
insert into Landeslistenplatz (llid, idno, position) VALUES (87, 4295, 26);
insert into Citizen (idno, title, firstname, lastname, dateofbirth, gender) VALUES (4296, '', 'Dumberger', 'Andrea Brigitte', '1.1.1957.', 'p');
insert into CandidatesData (idno) VALUES (4296);
insert into PartyMembership (pid, idno) VALUES (13, 4296);
insert into Landeslistenplatz (llid, idno, position) VALUES (74, 4296, 5);
insert into Citizen (idno, title, firstname, lastname, dateofbirth, gender) VALUES (4297, '', 'Dumberger', 'Klaus', '1.1.1964.', 'p');
insert into CandidatesData (idno) VALUES (4297);
insert into PartyMembership (pid, idno) VALUES (13, 4297);
insert into Candidacy (wkid, idno) VALUES (517, 4297);
insert into Landeslistenplatz (llid, idno, position) VALUES (74, 4297, 1);
insert into Citizen (idno, title, firstname, lastname, dateofbirth, gender) VALUES (4298, '', 'Durak', 'Bekir', '1.1.1959.', 'p');
insert into CandidatesData (idno) VALUES (4298);
insert into PartyMembership (pid, idno) VALUES (34, 4298);
insert into Landeslistenplatz (llid, idno, position) VALUES (187, 4298, 10);
insert into Citizen (idno, title, firstname, lastname, dateofbirth, gender) VALUES (4299, '', 'Durz', 'Hansjörg', '1.1.1971.', 'p');
insert into CandidatesData (idno) VALUES (4299);
insert into PartyMembership (pid, idno) VALUES (9, 4299);
insert into Candidacy (wkid, idno) VALUES (552, 4299);
insert into Citizen (idno, title, firstname, lastname, dateofbirth, gender) VALUES (4300, '', 'Dusper', 'Nina', '1.1.1975.', 'p');
insert into CandidatesData (idno) VALUES (4300);
insert into PartyMembership (pid, idno) VALUES (13, 4300);
insert into Landeslistenplatz (llid, idno, position) VALUES (170, 4300, 4);
insert into Citizen (idno, title, firstname, lastname, dateofbirth, gender) VALUES (4301, 'Dr. ', 'Duwe', 'Kurt Carlos', '1.1.1951.', 'p');
insert into CandidatesData (idno) VALUES (4301);
insert into PartyMembership (pid, idno) VALUES (4, 4301);
insert into Candidacy (wkid, idno) VALUES (322, 4301);
insert into Landeslistenplatz (llid, idno, position) VALUES (100, 4301, 2);
insert into Citizen (idno, title, firstname, lastname, dateofbirth, gender) VALUES (4302, '', 'Dyken', 'Volker', '1.1.1969.', 'p');
insert into CandidatesData (idno) VALUES (4302);
insert into PartyMembership (pid, idno) VALUES (7, 4302);
insert into Candidacy (wkid, idno) VALUES (563, 4302);
insert into Landeslistenplatz (llid, idno, position) VALUES (48, 4302, 26);
insert into Citizen (idno, title, firstname, lastname, dateofbirth, gender) VALUES (4303, '', 'Ebeling', 'Bernd', '1.1.1966.', 'p');
insert into CandidatesData (idno) VALUES (4303);
insert into PartyMembership (pid, idno) VALUES (5, 4303);
insert into Candidacy (wkid, idno) VALUES (343, 4303);
insert into Citizen (idno, title, firstname, lastname, dateofbirth, gender) VALUES (4304, '', 'Ebeling', 'Ralph Dieter', '1.1.1952.', 'p');
insert into CandidatesData (idno) VALUES (4304);
insert into PartyMembership (pid, idno) VALUES (37, 4304);
insert into LandesListe (llid, year, pid, fsid) VALUES (209, 2013, 37, 3);
insert into Landeslistenplatz (llid, idno, position) VALUES (209, 4304, 3);
insert into Citizen (idno, title, firstname, lastname, dateofbirth, gender) VALUES (4305, '', 'Eberhard', 'Klaus-Peter', '1.1.1962.', 'p');
insert into CandidatesData (idno) VALUES (4305);
insert into PartyMembership (pid, idno) VALUES (4, 4305);
insert into Candidacy (wkid, idno) VALUES (307, 4305);
insert into Landeslistenplatz (llid, idno, position) VALUES (78, 4305, 7);
insert into Citizen (idno, title, firstname, lastname, dateofbirth, gender) VALUES (4306, '', 'Eberl', 'Iris Maria', '1.1.1958.', 'p');
insert into CandidatesData (idno) VALUES (4306);
insert into PartyMembership (pid, idno) VALUES (9, 4306);
insert into Landeslistenplatz (llid, idno, position) VALUES (47, 4306, 41);
insert into Citizen (idno, title, firstname, lastname, dateofbirth, gender) VALUES (4307, '', 'Ebert', 'Detlef', '1.1.1964.', 'p');
insert into CandidatesData (idno) VALUES (4307);
insert into PartyMembership (pid, idno) VALUES (4, 4307);
insert into Candidacy (wkid, idno) VALUES (367, 4307);
insert into Landeslistenplatz (llid, idno, position) VALUES (35, 4307, 5);
insert into Citizen (idno, title, firstname, lastname, dateofbirth, gender) VALUES (4308, '', 'Ebert', 'Harald', '1.1.1961.', 'p');
insert into CandidatesData (idno) VALUES (4308);
insert into PartyMembership (pid, idno) VALUES (35, 4308);
insert into Landeslistenplatz (llid, idno, position) VALUES (57, 4308, 3);
insert into Citizen (idno, title, firstname, lastname, dateofbirth, gender) VALUES (4309, '', 'Ebner', 'Harald', '1.1.1964.', 'p');
insert into CandidatesData (idno) VALUES (4309);
insert into PartyMembership (pid, idno) VALUES (5, 4309);
insert into Candidacy (wkid, idno) VALUES (567, 4309);
insert into Landeslistenplatz (llid, idno, position) VALUES (61, 4309, 8);
insert into Citizen (idno, title, firstname, lastname, dateofbirth, gender) VALUES (4310, '', 'Ebner', 'Matthias', '1.1.1984.', 'p');
insert into CandidatesData (idno) VALUES (4310);
insert into PartyMembership (pid, idno) VALUES (42, 4310);
insert into Landeslistenplatz (llid, idno, position) VALUES (155, 4310, 3);
insert into Citizen (idno, title, firstname, lastname, dateofbirth, gender) VALUES (4311, '', 'Ebser', 'Robin', '1.1.1980.', 'p');
insert into CandidatesData (idno) VALUES (4311);
insert into PartyMembership (pid, idno) VALUES (33, 4311);
insert into Candidacy (wkid, idno) VALUES (384, 4311);
insert into Citizen (idno, title, firstname, lastname, dateofbirth, gender) VALUES (4312, '', 'Eckard', 'Daniel Karl', '1.1.1938.', 'p');
insert into CandidatesData (idno) VALUES (4312);
insert into PartyMembership (pid, idno) VALUES (33, 4312);
insert into Landeslistenplatz (llid, idno, position) VALUES (80, 4312, 16);
insert into Citizen (idno, title, firstname, lastname, dateofbirth, gender) VALUES (4313, '', 'Ecke', 'Nico Alexander', '1.1.1978.', 'p');
insert into CandidatesData (idno) VALUES (4313);
insert into PartyMembership (pid, idno) VALUES (7, 4313);
insert into Candidacy (wkid, idno) VALUES (322, 4313);
insert into Citizen (idno, title, firstname, lastname, dateofbirth, gender) VALUES (4314, '', 'Eckenbach', 'Jutta', '1.1.1952.', 'p');
insert into CandidatesData (idno) VALUES (4314);
insert into PartyMembership (pid, idno) VALUES (12, 4314);
insert into Candidacy (wkid, idno) VALUES (418, 4314);
insert into Landeslistenplatz (llid, idno, position) VALUES (136, 4314, 47);
insert into Citizen (idno, title, firstname, lastname, dateofbirth, gender) VALUES (4315, '', 'Eckert van', 'René', '1.1.1987.', 'p');
insert into CandidatesData (idno) VALUES (4315);
insert into PartyMembership (pid, idno) VALUES (2, 4315);
insert into Landeslistenplatz (llid, idno, position) VALUES (87, 4315, 50);
insert into Citizen (idno, title, firstname, lastname, dateofbirth, gender) VALUES (4316, '', 'Eckert', 'Christian', '1.1.1947.', 'p');
insert into CandidatesData (idno) VALUES (4316);
insert into PartyMembership (pid, idno) VALUES (15, 4316);
insert into Landeslistenplatz (llid, idno, position) VALUES (55, 4316, 13);
insert into Citizen (idno, title, firstname, lastname, dateofbirth, gender) VALUES (4317, '', 'Eckert', 'Florian', '1.1.1971.', 'p');
insert into CandidatesData (idno) VALUES (4317);
insert into PartyMembership (pid, idno) VALUES (5, 4317);
insert into Candidacy (wkid, idno) VALUES (532, 4317);
insert into Landeslistenplatz (llid, idno, position) VALUES (65, 4317, 44);
insert into Citizen (idno, title, firstname, lastname, dateofbirth, gender) VALUES (4318, '', 'Eckhardt', 'Hannelore', '1.1.1954.', 'p');
insert into CandidatesData (idno) VALUES (4318);
insert into PartyMembership (pid, idno) VALUES (2, 4318);
insert into Landeslistenplatz (llid, idno, position) VALUES (54, 4318, 42);
insert into Citizen (idno, title, firstname, lastname, dateofbirth, gender) VALUES (4319, '', 'Eckhoff', 'Anita Caroline', '1.1.1966.', 'p');
insert into CandidatesData (idno) VALUES (4319);
insert into PartyMembership (pid, idno) VALUES (42, 4319);
insert into LandesListe (llid, year, pid, fsid) VALUES (210, 2013, 42, 39);
insert into Landeslistenplatz (llid, idno, position) VALUES (210, 4319, 2);
insert into Citizen (idno, title, firstname, lastname, dateofbirth, gender) VALUES (4320, '', 'Eckl', 'Horst Alexander Josef', '1.1.1970.', 'p');
insert into CandidatesData (idno) VALUES (4320);
insert into PartyMembership (pid, idno) VALUES (29, 4320);
insert into Landeslistenplatz (llid, idno, position) VALUES (31, 4320, 21);
insert into Citizen (idno, title, firstname, lastname, dateofbirth, gender) VALUES (4321, 'Dr. ', 'Eckstein', 'Carola', '1.1.1973.', 'p');
insert into CandidatesData (idno) VALUES (4321);
insert into Candidacy (wkid, idno) VALUES (558, 4321);
insert into Citizen (idno, title, firstname, lastname, dateofbirth, gender) VALUES (4322, '', 'Edathy', 'Sebastian', '1.1.1969.', 'p');
insert into CandidatesData (idno) VALUES (4322);
insert into PartyMembership (pid, idno) VALUES (2, 4322);
insert into Candidacy (wkid, idno) VALUES (339, 4322);
insert into Landeslistenplatz (llid, idno, position) VALUES (69, 4322, 17);
insert into Citizen (idno, title, firstname, lastname, dateofbirth, gender) VALUES (4323, '', 'Edtmaier', 'Thomas', '1.1.1965.', 'p');
insert into CandidatesData (idno) VALUES (4323);
insert into PartyMembership (pid, idno) VALUES (3, 4323);
insert into Candidacy (wkid, idno) VALUES (562, 4323);
insert into Landeslistenplatz (llid, idno, position) VALUES (143, 4323, 12);
insert into Citizen (idno, title, firstname, lastname, dateofbirth, gender) VALUES (4324, '', 'Egg', 'Karl Markus Matthias', '1.1.1963.', 'p');
insert into CandidatesData (idno) VALUES (4324);
insert into PartyMembership (pid, idno) VALUES (33, 4324);
insert into Candidacy (wkid, idno) VALUES (375, 4324);
insert into Citizen (idno, title, firstname, lastname, dateofbirth, gender) VALUES (4325, '', 'Eggelmann', 'Torsten', '1.1.1964.', 'p');
insert into CandidatesData (idno) VALUES (4325);
insert into PartyMembership (pid, idno) VALUES (5, 4325);
insert into Candidacy (wkid, idno) VALUES (332, 4325);
insert into Citizen (idno, title, firstname, lastname, dateofbirth, gender) VALUES (4326, '', 'Eggers', 'Jürgen', '1.1.1957.', 'p');
insert into CandidatesData (idno) VALUES (4326);
insert into PartyMembership (pid, idno) VALUES (3, 4326);
insert into Candidacy (wkid, idno) VALUES (344, 4326);
insert into Citizen (idno, title, firstname, lastname, dateofbirth, gender) VALUES (4327, '', 'Egloff', 'Ingo', '1.1.1956.', 'p');
insert into CandidatesData (idno) VALUES (4327);
insert into PartyMembership (pid, idno) VALUES (2, 4327);
insert into Landeslistenplatz (llid, idno, position) VALUES (64, 4327, 2);
insert into Citizen (idno, title, firstname, lastname, dateofbirth, gender) VALUES (4328, '', 'Ehling', 'Janis', '1.1.1985.', 'p');
insert into CandidatesData (idno) VALUES (4328);
insert into PartyMembership (pid, idno) VALUES (3, 4328);
insert into Candidacy (wkid, idno) VALUES (470, 4328);
insert into Landeslistenplatz (llid, idno, position) VALUES (43, 4328, 8);
insert into Citizen (idno, title, firstname, lastname, dateofbirth, gender) VALUES (4329, '', 'Ehnes', 'Hans-Joachim', '1.1.1956.', 'p');
insert into CandidatesData (idno) VALUES (4329);
insert into PartyMembership (pid, idno) VALUES (3, 4329);
insert into Candidacy (wkid, idno) VALUES (541, 4329);
insert into Landeslistenplatz (llid, idno, position) VALUES (174, 4329, 14);
insert into Citizen (idno, title, firstname, lastname, dateofbirth, gender) VALUES (4330, '', 'Ehrenberg', 'Hans-Werner', '1.1.1952.', 'p');
insert into CandidatesData (idno) VALUES (4330);
insert into PartyMembership (pid, idno) VALUES (4, 4330);
insert into Candidacy (wkid, idno) VALUES (446, 4330);
insert into Landeslistenplatz (llid, idno, position) VALUES (98, 4330, 12);
insert into Citizen (idno, title, firstname, lastname, dateofbirth, gender) VALUES (4331, '', 'Ehrhardt', 'Jutta Christine', '1.1.1973.', 'p');
insert into CandidatesData (idno) VALUES (4331);
insert into PartyMembership (pid, idno) VALUES (36, 4331);
insert into Candidacy (wkid, idno) VALUES (529, 4331);
insert into Landeslistenplatz (llid, idno, position) VALUES (121, 4331, 10);
insert into Citizen (idno, title, firstname, lastname, dateofbirth, gender) VALUES (4332, '', 'Ehrhorn', 'Thomas Ludwig Walter', '1.1.1959.', 'p');
insert into CandidatesData (idno) VALUES (4332);
insert into PartyMembership (pid, idno) VALUES (33, 4332);
insert into Candidacy (wkid, idno) VALUES (343, 4332);
insert into Citizen (idno, title, firstname, lastname, dateofbirth, gender) VALUES (4333, 'Dr. ', 'Ehrich', 'Matthias', '1.1.1937.', 'p');
insert into CandidatesData (idno) VALUES (4333);
insert into PartyMembership (pid, idno) VALUES (33, 4333);
insert into Landeslistenplatz (llid, idno, position) VALUES (111, 4333, 10);
insert into Citizen (idno, title, firstname, lastname, dateofbirth, gender) VALUES (4334, '', 'Ehrmann', 'Siegmund', '1.1.1952.', 'p');
insert into CandidatesData (idno) VALUES (4334);
insert into PartyMembership (pid, idno) VALUES (2, 4334);
insert into Candidacy (wkid, idno) VALUES (413, 4334);
insert into Landeslistenplatz (llid, idno, position) VALUES (73, 4334, 50);
insert into Citizen (idno, title, firstname, lastname, dateofbirth, gender) VALUES (4335, '', 'Ehses', 'Martina', '1.1.1960.', 'p');
insert into CandidatesData (idno) VALUES (4335);
insert into PartyMembership (pid, idno) VALUES (36, 4335);
insert into Landeslistenplatz (llid, idno, position) VALUES (56, 4335, 19);
insert into Citizen (idno, title, firstname, lastname, dateofbirth, gender) VALUES (4336, '', 'Ehses', 'Sabine', '1.1.1960.', 'p');
insert into CandidatesData (idno) VALUES (4336);
insert into PartyMembership (pid, idno) VALUES (36, 4336);
insert into Landeslistenplatz (llid, idno, position) VALUES (56, 4336, 17);
insert into Citizen (idno, title, firstname, lastname, dateofbirth, gender) VALUES (4337, 'Dr. ', 'Eibl', 'Franz', '1.1.1968.', 'p');
insert into CandidatesData (idno) VALUES (4337);
insert into PartyMembership (pid, idno) VALUES (33, 4337);
insert into Candidacy (wkid, idno) VALUES (535, 4337);
insert into Landeslistenplatz (llid, idno, position) VALUES (166, 4337, 4);
insert into Citizen (idno, title, firstname, lastname, dateofbirth, gender) VALUES (4338, '', 'Eich', 'Thorsten', '1.1.1983.', 'p');
insert into CandidatesData (idno) VALUES (4338);
insert into PartyMembership (pid, idno) VALUES (4, 4338);
insert into Candidacy (wkid, idno) VALUES (598, 4338);
insert into Landeslistenplatz (llid, idno, position) VALUES (52, 4338, 4);
insert into Citizen (idno, title, firstname, lastname, dateofbirth, gender) VALUES (4339, '', 'Eichert', 'Martin', '1.1.1965.', 'p');
insert into CandidatesData (idno) VALUES (4339);
insert into PartyMembership (pid, idno) VALUES (32, 4339);
insert into Candidacy (wkid, idno) VALUES (510, 4339);
insert into Landeslistenplatz (llid, idno, position) VALUES (29, 4339, 5);
insert into Citizen (idno, title, firstname, lastname, dateofbirth, gender) VALUES (4340, '', 'Eicker', 'Hermann Josef', '1.1.1949.', 'p');
insert into CandidatesData (idno) VALUES (4340);
insert into PartyMembership (pid, idno) VALUES (13, 4340);
insert into Landeslistenplatz (llid, idno, position) VALUES (34, 4340, 5);
insert into Citizen (idno, title, firstname, lastname, dateofbirth, gender) VALUES (4341, '', 'Eickmeier', 'Andreas', '1.1.1954.', 'p');
insert into CandidatesData (idno) VALUES (4341);
insert into PartyMembership (pid, idno) VALUES (4, 4341);
insert into Candidacy (wkid, idno) VALUES (433, 4341);
insert into Landeslistenplatz (llid, idno, position) VALUES (98, 4341, 30);
insert into Citizen (idno, title, firstname, lastname, dateofbirth, gender) VALUES (4342, '', 'Eidens', 'Matthias Maria', '1.1.1961.', 'p');
insert into CandidatesData (idno) VALUES (4342);
insert into PartyMembership (pid, idno) VALUES (31, 4342);
insert into Landeslistenplatz (llid, idno, position) VALUES (123, 4342, 47);
insert into Citizen (idno, title, firstname, lastname, dateofbirth, gender) VALUES (4343, '', 'Eifler', 'Andreas Stefan', '1.1.1955.', 'p');
insert into CandidatesData (idno) VALUES (4343);
insert into PartyMembership (pid, idno) VALUES (13, 4343);
insert into Candidacy (wkid, idno) VALUES (495, 4343);
insert into LandesListe (llid, year, pid, fsid) VALUES (211, 2013, 13, 19);
insert into Landeslistenplatz (llid, idno, position) VALUES (211, 4343, 1);
insert into Citizen (idno, title, firstname, lastname, dateofbirth, gender) VALUES (4344, '', 'Eifler', 'Manuela Viola', '1.1.1957.', 'p');
insert into CandidatesData (idno) VALUES (4344);
insert into PartyMembership (pid, idno) VALUES (13, 4344);
insert into Landeslistenplatz (llid, idno, position) VALUES (211, 4344, 3);
insert into Citizen (idno, title, firstname, lastname, dateofbirth, gender) VALUES (4345, '', 'Eigenfeld', 'Ulrich', '1.1.1947.', 'p');
insert into CandidatesData (idno) VALUES (4345);
insert into PartyMembership (pid, idno) VALUES (1, 4345);
insert into Candidacy (wkid, idno) VALUES (326, 4345);
insert into Landeslistenplatz (llid, idno, position) VALUES (171, 4345, 1);
insert into Citizen (idno, title, firstname, lastname, dateofbirth, gender) VALUES (4346, '', 'Eilers', 'Thomas', '1.1.1989.', 'p');
insert into CandidatesData (idno) VALUES (4346);
insert into PartyMembership (pid, idno) VALUES (1, 4346);
insert into Landeslistenplatz (llid, idno, position) VALUES (181, 4346, 5);
insert into Citizen (idno, title, firstname, lastname, dateofbirth, gender) VALUES (4347, '', 'Eisele', 'Sven Torsten', '1.1.1961.', 'p');
insert into CandidatesData (idno) VALUES (4347);
insert into PartyMembership (pid, idno) VALUES (10, 4347);
insert into Landeslistenplatz (llid, idno, position) VALUES (162, 4347, 6);
insert into Citizen (idno, title, firstname, lastname, dateofbirth, gender) VALUES (4348, '', 'Eisen', 'Volker', '1.1.1948.', 'p');
insert into CandidatesData (idno) VALUES (4348);
insert into PartyMembership (pid, idno) VALUES (37, 4348);
insert into Landeslistenplatz (llid, idno, position) VALUES (194, 4348, 5);
insert into Citizen (idno, title, firstname, lastname, dateofbirth, gender) VALUES (4349, '', 'Eisinger', 'Thomas Günter', '1.1.1963.', 'p');
insert into CandidatesData (idno) VALUES (4349);
insert into PartyMembership (pid, idno) VALUES (33, 4349);
insert into Candidacy (wkid, idno) VALUES (551, 4349);
insert into Landeslistenplatz (llid, idno, position) VALUES (166, 4349, 12);
insert into Citizen (idno, title, firstname, lastname, dateofbirth, gender) VALUES (4350, '', 'Eisold', 'Klaus', '1.1.1961.', 'p');
insert into CandidatesData (idno) VALUES (4350);
insert into PartyMembership (pid, idno) VALUES (2, 4350);
insert into Landeslistenplatz (llid, idno, position) VALUES (71, 4350, 26);
insert into Citizen (idno, title, firstname, lastname, dateofbirth, gender) VALUES (4351, '', 'Eißrig', 'Andreas', '1.1.1947.', 'p');
insert into CandidatesData (idno) VALUES (4351);
insert into PartyMembership (pid, idno) VALUES (32, 4351);
insert into Candidacy (wkid, idno) VALUES (358, 4351);
insert into Landeslistenplatz (llid, idno, position) VALUES (92, 4351, 2);
insert into Citizen (idno, title, firstname, lastname, dateofbirth, gender) VALUES (4352, '', 'Eitel', 'Henrik', '1.1.1977.', 'p');
insert into CandidatesData (idno) VALUES (4352);
insert into PartyMembership (pid, idno) VALUES (12, 4352);
insert into Landeslistenplatz (llid, idno, position) VALUES (53, 4352, 8);
insert into Citizen (idno, title, firstname, lastname, dateofbirth, gender) VALUES (4353, '', 'El-Masri', 'Ahmed', '1.1.1972.', 'p');
insert into CandidatesData (idno) VALUES (4353);
insert into PartyMembership (pid, idno) VALUES (34, 4353);
insert into Landeslistenplatz (llid, idno, position) VALUES (32, 4353, 4);
insert into Citizen (idno, title, firstname, lastname, dateofbirth, gender) VALUES (4354, '', 'Elbers', 'Matthias', '1.1.1973.', 'p');
insert into CandidatesData (idno) VALUES (4354);
insert into PartyMembership (pid, idno) VALUES (33, 4354);
insert into Landeslistenplatz (llid, idno, position) VALUES (36, 4354, 8);
insert into Citizen (idno, title, firstname, lastname, dateofbirth, gender) VALUES (4355, '', 'Elfenkämper', 'Christoph', '1.1.1957.', 'p');
insert into CandidatesData (idno) VALUES (4355);
insert into PartyMembership (pid, idno) VALUES (33, 4355);
insert into Candidacy (wkid, idno) VALUES (310, 4355);
insert into Landeslistenplatz (llid, idno, position) VALUES (111, 4355, 5);
insert into Citizen (idno, title, firstname, lastname, dateofbirth, gender) VALUES (4356, '', 'Elflein', 'Felix', '1.1.1991.', 'p');
insert into CandidatesData (idno) VALUES (4356);
insert into PartyMembership (pid, idno) VALUES (12, 4356);
insert into LandesListe (llid, year, pid, fsid) VALUES (212, 2013, 12, 19);
insert into Landeslistenplatz (llid, idno, position) VALUES (212, 4356, 14);
insert into Citizen (idno, title, firstname, lastname, dateofbirth, gender) VALUES (4357, '', 'Ellies', 'Michael', '1.1.1989.', 'p');
insert into CandidatesData (idno) VALUES (4357);
insert into PartyMembership (pid, idno) VALUES (1, 4357);
insert into Candidacy (wkid, idno) VALUES (351, 4357);
insert into Citizen (idno, title, firstname, lastname, dateofbirth, gender) VALUES (4358, '', 'Elsenmüller', 'Tobias', '1.1.1989.', 'p');
insert into CandidatesData (idno) VALUES (4358);
insert into PartyMembership (pid, idno) VALUES (7, 4358);
insert into Candidacy (wkid, idno) VALUES (478, 4358);
insert into Citizen (idno, title, firstname, lastname, dateofbirth, gender) VALUES (4359, '', 'Elten van', 'Martin Peter', '1.1.1991.', 'p');
insert into CandidatesData (idno) VALUES (4359);
insert into PartyMembership (pid, idno) VALUES (5, 4359);
insert into Landeslistenplatz (llid, idno, position) VALUES (172, 4359, 4);
insert into Citizen (idno, title, firstname, lastname, dateofbirth, gender) VALUES (4360, '', 'Emmert', 'Gerhard Friedrich', '1.1.1961.', 'p');
insert into CandidatesData (idno) VALUES (4360);
insert into PartyMembership (pid, idno) VALUES (32, 4360);
insert into Candidacy (wkid, idno) VALUES (543, 4360);
insert into Landeslistenplatz (llid, idno, position) VALUES (33, 4360, 28);
insert into Citizen (idno, title, firstname, lastname, dateofbirth, gender) VALUES (4361, '', 'Endemann', 'Heidemarie Gerda', '1.1.1947.', 'p');
insert into CandidatesData (idno) VALUES (4361);
insert into PartyMembership (pid, idno) VALUES (41, 4361);
insert into Landeslistenplatz (llid, idno, position) VALUES (207, 4361, 3);
insert into Citizen (idno, title, firstname, lastname, dateofbirth, gender) VALUES (4362, '', 'Enderl', 'Elvira', '1.1.1974.', 'p');
insert into CandidatesData (idno) VALUES (4362);
insert into PartyMembership (pid, idno) VALUES (15, 4362);
insert into Candidacy (wkid, idno) VALUES (540, 4362);
insert into Landeslistenplatz (llid, idno, position) VALUES (55, 4362, 16);
insert into Citizen (idno, title, firstname, lastname, dateofbirth, gender) VALUES (4363, '', 'Enders', 'Moritz', '1.1.1964.', 'p');
insert into CandidatesData (idno) VALUES (4363);
insert into PartyMembership (pid, idno) VALUES (32, 4363);
insert into Candidacy (wkid, idno) VALUES (380, 4363);
insert into Landeslistenplatz (llid, idno, position) VALUES (195, 4363, 2);
insert into Citizen (idno, title, firstname, lastname, dateofbirth, gender) VALUES (4364, '', 'Enders', 'Susann', '1.1.1967.', 'p');
insert into CandidatesData (idno) VALUES (4364);
insert into PartyMembership (pid, idno) VALUES (32, 4364);
insert into Candidacy (wkid, idno) VALUES (525, 4364);
insert into Landeslistenplatz (llid, idno, position) VALUES (33, 4364, 3);
insert into Citizen (idno, title, firstname, lastname, dateofbirth, gender) VALUES (4365, '', 'Endlicher', 'Sascha', '1.1.1975.', 'p');
insert into CandidatesData (idno) VALUES (4365);
insert into PartyMembership (pid, idno) VALUES (7, 4365);
insert into Candidacy (wkid, idno) VALUES (472, 4365);
insert into Citizen (idno, title, firstname, lastname, dateofbirth, gender) VALUES (4366, '', 'Endres', 'Alice', '1.1.1964.', 'p');
insert into CandidatesData (idno) VALUES (4366);
insert into PartyMembership (pid, idno) VALUES (5, 4366);
insert into Candidacy (wkid, idno) VALUES (502, 4366);
insert into LandesListe (llid, year, pid, fsid) VALUES (213, 2013, 5, 2);
insert into Landeslistenplatz (llid, idno, position) VALUES (213, 4366, 11);
insert into Citizen (idno, title, firstname, lastname, dateofbirth, gender) VALUES (4367, '', 'Engel', 'Stefan Klaus', '1.1.1954.', 'p');
insert into CandidatesData (idno) VALUES (4367);
insert into PartyMembership (pid, idno) VALUES (13, 4367);
insert into Candidacy (wkid, idno) VALUES (422, 4367);
insert into Landeslistenplatz (llid, idno, position) VALUES (34, 4367, 1);
insert into Citizen (idno, title, firstname, lastname, dateofbirth, gender) VALUES (4368, '', 'Engelhardt', 'Jens-Dieter', '1.1.1961.', 'p');
insert into CandidatesData (idno) VALUES (4368);
insert into PartyMembership (pid, idno) VALUES (4, 4368);
insert into Candidacy (wkid, idno) VALUES (355, 4368);
insert into Citizen (idno, title, firstname, lastname, dateofbirth, gender) VALUES (4369, '', 'Engelhardt', 'Tamara', '1.1.1984.', 'p');
insert into CandidatesData (idno) VALUES (4369);
insert into PartyMembership (pid, idno) VALUES (5, 4369);
insert into Landeslistenplatz (llid, idno, position) VALUES (190, 4369, 8);
insert into Citizen (idno, title, firstname, lastname, dateofbirth, gender) VALUES (4370, '', 'Engelke', 'Tanja', '1.1.1977.', 'p');
insert into CandidatesData (idno) VALUES (4370);
insert into PartyMembership (pid, idno) VALUES (18, 4370);
insert into Landeslistenplatz (llid, idno, position) VALUES (37, 4370, 4);
insert into Citizen (idno, title, firstname, lastname, dateofbirth, gender) VALUES (4371, '', 'Engelmeier-Heite', 'Michaela Barbara', '1.1.1960.', 'p');
insert into CandidatesData (idno) VALUES (4371);
insert into PartyMembership (pid, idno) VALUES (2, 4371);
insert into Candidacy (wkid, idno) VALUES (398, 4371);
insert into Landeslistenplatz (llid, idno, position) VALUES (73, 4371, 18);
insert into Citizen (idno, title, firstname, lastname, dateofbirth, gender) VALUES (4372, '', 'Engelschall', 'Christine', '1.1.1965.', 'p');
insert into CandidatesData (idno) VALUES (4372);
insert into PartyMembership (pid, idno) VALUES (42, 4372);
insert into LandesListe (llid, year, pid, fsid) VALUES (214, 2013, 42, 4);
insert into Landeslistenplatz (llid, idno, position) VALUES (214, 4372, 2);
insert into Citizen (idno, title, firstname, lastname, dateofbirth, gender) VALUES (4373, '', 'Englmeier', 'Gaby', '1.1.1967.', 'p');
insert into CandidatesData (idno) VALUES (4373);
insert into PartyMembership (pid, idno) VALUES (5, 4373);
insert into Candidacy (wkid, idno) VALUES (530, 4373);
insert into Landeslistenplatz (llid, idno, position) VALUES (65, 4373, 31);
insert into Citizen (idno, title, firstname, lastname, dateofbirth, gender) VALUES (4374, 'Dr. ', 'Enkelmann', 'Dagmar Gertraud Elsa', '1.1.1956.', 'p');
insert into CandidatesData (idno) VALUES (4374);
insert into PartyMembership (pid, idno) VALUES (3, 4374);
insert into Candidacy (wkid, idno) VALUES (358, 4374);
insert into Citizen (idno, title, firstname, lastname, dateofbirth, gender) VALUES (4375, '', 'Erben', 'Stephanie', '1.1.1971.', 'p');
insert into CandidatesData (idno) VALUES (4375);
insert into PartyMembership (pid, idno) VALUES (5, 4375);
insert into Candidacy (wkid, idno) VALUES (495, 4375);
insert into Landeslistenplatz (llid, idno, position) VALUES (172, 4375, 3);
insert into Citizen (idno, title, firstname, lastname, dateofbirth, gender) VALUES (4376, '', 'Erdel', 'Rainer', '1.1.1955.', 'p');
insert into CandidatesData (idno) VALUES (4376);
insert into PartyMembership (pid, idno) VALUES (4, 4376);
insert into Candidacy (wkid, idno) VALUES (540, 4376);
insert into Landeslistenplatz (llid, idno, position) VALUES (102, 4376, 7);
insert into Citizen (idno, title, firstname, lastname, dateofbirth, gender) VALUES (4377, '', 'Erdmann', 'Tobias', '1.1.1984.', 'p');
insert into CandidatesData (idno) VALUES (4377);
insert into PartyMembership (pid, idno) VALUES (1, 4377);
insert into Candidacy (wkid, idno) VALUES (575, 4377);
insert into Citizen (idno, title, firstname, lastname, dateofbirth, gender) VALUES (4378, '', 'Erdogan', 'Abuzar', '1.1.1993.', 'p');
insert into CandidatesData (idno) VALUES (4378);
insert into PartyMembership (pid, idno) VALUES (2, 4378);
insert into Candidacy (wkid, idno) VALUES (522, 4378);
insert into Landeslistenplatz (llid, idno, position) VALUES (87, 4378, 39);
insert into Citizen (idno, title, firstname, lastname, dateofbirth, gender) VALUES (4379, '', 'Erfurt', 'Christian', '1.1.1981.', 'p');
insert into CandidatesData (idno) VALUES (4379);
insert into PartyMembership (pid, idno) VALUES (31, 4379);
insert into Landeslistenplatz (llid, idno, position) VALUES (28, 4379, 22);
insert into Citizen (idno, title, firstname, lastname, dateofbirth, gender) VALUES (4380, '', 'Erikli', 'Nese', '1.1.1981.', 'p');
insert into CandidatesData (idno) VALUES (4380);
insert into PartyMembership (pid, idno) VALUES (5, 4380);
insert into Candidacy (wkid, idno) VALUES (586, 4380);
insert into Landeslistenplatz (llid, idno, position) VALUES (61, 4380, 21);
insert into Citizen (idno, title, firstname, lastname, dateofbirth, gender) VALUES (4381, '', 'Erlanson', 'Peter Günther', '1.1.1959.', 'p');
insert into CandidatesData (idno) VALUES (4381);
insert into PartyMembership (pid, idno) VALUES (3, 4381);
insert into Landeslistenplatz (llid, idno, position) VALUES (49, 4381, 6);
insert into Citizen (idno, title, firstname, lastname, dateofbirth, gender) VALUES (4382, '', 'Erler', 'Gernot', '1.1.1944.', 'p');
insert into CandidatesData (idno) VALUES (4382);
insert into PartyMembership (pid, idno) VALUES (2, 4382);
insert into Candidacy (wkid, idno) VALUES (580, 4382);
insert into Landeslistenplatz (llid, idno, position) VALUES (76, 4382, 1);
insert into Citizen (idno, title, firstname, lastname, dateofbirth, gender) VALUES (4383, '', 'Erler', 'Ute Tunia', '1.1.1963.', 'p');
insert into CandidatesData (idno) VALUES (4383);
insert into PartyMembership (pid, idno) VALUES (21, 4383);
insert into Candidacy (wkid, idno) VALUES (374, 4383);
insert into Citizen (idno, title, firstname, lastname, dateofbirth, gender) VALUES (4384, '', 'Ermer', 'Siegfried', '1.1.1952.', 'p');
insert into CandidatesData (idno) VALUES (4384);
insert into PartyMembership (pid, idno) VALUES (33, 4384);
insert into Candidacy (wkid, idno) VALUES (541, 4384);
insert into Citizen (idno, title, firstname, lastname, dateofbirth, gender) VALUES (4385, 'Dr. ', 'Ernst', 'Hartmut', '1.1.1949.', 'p');
insert into CandidatesData (idno) VALUES (4385);
insert into PartyMembership (pid, idno) VALUES (7, 4385);
insert into Candidacy (wkid, idno) VALUES (522, 4385);
insert into Landeslistenplatz (llid, idno, position) VALUES (72, 4385, 19);
insert into Citizen (idno, title, firstname, lastname, dateofbirth, gender) VALUES (4386, '', 'Ernst', 'Klaus', '1.1.1954.', 'p');
insert into CandidatesData (idno) VALUES (4386);
insert into PartyMembership (pid, idno) VALUES (3, 4386);
insert into Candidacy (wkid, idno) VALUES (549, 4386);
insert into Landeslistenplatz (llid, idno, position) VALUES (174, 4386, 1);
insert into Citizen (idno, title, firstname, lastname, dateofbirth, gender) VALUES (4387, '', 'Ernst', 'Sarah Katharina', '1.1.1991.', 'p');
insert into CandidatesData (idno) VALUES (4387);
insert into PartyMembership (pid, idno) VALUES (12, 4387);
insert into Landeslistenplatz (llid, idno, position) VALUES (138, 4387, 28);
insert into Citizen (idno, title, firstname, lastname, dateofbirth, gender) VALUES (4388, '', 'Ernstberger', 'Petra', '1.1.1955.', 'p');
insert into CandidatesData (idno) VALUES (4388);
insert into PartyMembership (pid, idno) VALUES (2, 4388);
insert into Candidacy (wkid, idno) VALUES (538, 4388);
insert into Landeslistenplatz (llid, idno, position) VALUES (87, 4388, 10);
insert into Citizen (idno, title, firstname, lastname, dateofbirth, gender) VALUES (4389, '', 'Eroglu', 'Engin', '1.1.1982.', 'p');
insert into CandidatesData (idno) VALUES (4389);
insert into PartyMembership (pid, idno) VALUES (32, 4389);
insert into Candidacy (wkid, idno) VALUES (469, 4389);
insert into Landeslistenplatz (llid, idno, position) VALUES (141, 4389, 1);
insert into Citizen (idno, title, firstname, lastname, dateofbirth, gender) VALUES (4390, 'Dr. ', 'Ertl', 'Ilse', '1.1.1965.', 'p');
insert into CandidatesData (idno) VALUES (4390);
insert into PartyMembership (pid, idno) VALUES (32, 4390);
insert into Candidacy (wkid, idno) VALUES (521, 4390);
insert into Landeslistenplatz (llid, idno, position) VALUES (33, 4390, 29);
insert into Citizen (idno, title, firstname, lastname, dateofbirth, gender) VALUES (4391, '', 'Eschrich', 'Frank', '1.1.1964.', 'p');
insert into CandidatesData (idno) VALUES (4391);
insert into PartyMembership (pid, idno) VALUES (3, 4391);
insert into Candidacy (wkid, idno) VALUES (510, 4391);
insert into Citizen (idno, title, firstname, lastname, dateofbirth, gender) VALUES (4392, '', 'Eser', 'Gerhard', '1.1.1952.', 'p');
insert into CandidatesData (idno) VALUES (4392);
insert into PartyMembership (pid, idno) VALUES (19, 4392);
insert into Landeslistenplatz (llid, idno, position) VALUES (40, 4392, 31);
insert into Citizen (idno, title, firstname, lastname, dateofbirth, gender) VALUES (4393, '', 'Eser-Schuberth', 'Claudia', '1.1.1959.', 'p');
insert into CandidatesData (idno) VALUES (4393);
insert into PartyMembership (pid, idno) VALUES (5, 4393);
insert into Candidacy (wkid, idno) VALUES (552, 4393);
insert into Landeslistenplatz (llid, idno, position) VALUES (65, 4393, 25);
insert into Citizen (idno, title, firstname, lastname, dateofbirth, gender) VALUES (4394, '', 'Esken', 'Saskia', '1.1.1961.', 'p');
insert into CandidatesData (idno) VALUES (4394);
insert into PartyMembership (pid, idno) VALUES (2, 4394);
insert into Candidacy (wkid, idno) VALUES (579, 4394);
insert into Landeslistenplatz (llid, idno, position) VALUES (76, 4394, 18);
insert into Citizen (idno, title, firstname, lastname, dateofbirth, gender) VALUES (4395, '', 'Espendiller', 'Michael', '1.1.1989.', 'p');
insert into CandidatesData (idno) VALUES (4395);
insert into PartyMembership (pid, idno) VALUES (33, 4395);
insert into Landeslistenplatz (llid, idno, position) VALUES (80, 4395, 20);
insert into Citizen (idno, title, firstname, lastname, dateofbirth, gender) VALUES (4396, 'Dr. ', 'Esser-Mönning', 'Kathrin', '1.1.1962.', 'p');
insert into CandidatesData (idno) VALUES (4396);
insert into PartyMembership (pid, idno) VALUES (2, 4396);
insert into Landeslistenplatz (llid, idno, position) VALUES (69, 4396, 46);
insert into Citizen (idno, title, firstname, lastname, dateofbirth, gender) VALUES (4397, '', 'Etzel', 'Steffen', '1.1.1950.', 'p');
insert into CandidatesData (idno) VALUES (4397);
insert into PartyMembership (pid, idno) VALUES (3, 4397);
insert into Candidacy (wkid, idno) VALUES (475, 4397);
insert into Citizen (idno, title, firstname, lastname, dateofbirth, gender) VALUES (4398, '', 'Evens', 'Manfred', '1.1.1953.', 'p');
insert into CandidatesData (idno) VALUES (4398);
insert into PartyMembership (pid, idno) VALUES (32, 4398);
insert into LandesListe (llid, year, pid, fsid) VALUES (215, 2013, 32, 51);
insert into Landeslistenplatz (llid, idno, position) VALUES (215, 4398, 10);
insert into Citizen (idno, title, firstname, lastname, dateofbirth, gender) VALUES (4399, '', 'Everding', 'Cornelius Volker Maria', '1.1.1965.', 'p');
insert into CandidatesData (idno) VALUES (4399);
insert into PartyMembership (pid, idno) VALUES (7, 4399);
insert into Candidacy (wkid, idno) VALUES (360, 4399);
insert into Citizen (idno, title, firstname, lastname, dateofbirth, gender) VALUES (4400, '', 'Evers-Meyer', 'Karin', '1.1.1949.', 'p');
insert into CandidatesData (idno) VALUES (4400);
insert into PartyMembership (pid, idno) VALUES (2, 4400);
insert into Candidacy (wkid, idno) VALUES (325, 4400);
insert into Landeslistenplatz (llid, idno, position) VALUES (69, 4400, 18);
insert into Citizen (idno, title, firstname, lastname, dateofbirth, gender) VALUES (4401, '', 'Faber', 'Marcus', '1.1.1984.', 'p');
insert into CandidatesData (idno) VALUES (4401);
insert into PartyMembership (pid, idno) VALUES (4, 4401);
insert into Candidacy (wkid, idno) VALUES (365, 4401);
insert into Citizen (idno, title, firstname, lastname, dateofbirth, gender) VALUES (4402, '', 'Faber', 'Stefan', '1.1.1951.', 'p');
insert into CandidatesData (idno) VALUES (4402);
insert into PartyMembership (pid, idno) VALUES (1, 4402);
insert into LandesListe (llid, year, pid, fsid) VALUES (216, 2013, 1, 4);
insert into Landeslistenplatz (llid, idno, position) VALUES (216, 4402, 10);
insert into Citizen (idno, title, firstname, lastname, dateofbirth, gender) VALUES (4403, 'Dr. ', 'Fabricius', 'Veronica', '1.1.1971.', 'p');
insert into CandidatesData (idno) VALUES (4403);
insert into PartyMembership (pid, idno) VALUES (12, 4403);
insert into Landeslistenplatz (llid, idno, position) VALUES (88, 4403, 44);
insert into Citizen (idno, title, firstname, lastname, dateofbirth, gender) VALUES (4404, 'Dr. ', 'Fabritius', 'Bernd-Bernhard', '1.1.1965.', 'p');
insert into CandidatesData (idno) VALUES (4404);
insert into PartyMembership (pid, idno) VALUES (9, 4404);
insert into Landeslistenplatz (llid, idno, position) VALUES (47, 4404, 37);
insert into Citizen (idno, title, firstname, lastname, dateofbirth, gender) VALUES (4405, '', 'Fackler-Plump', 'Hannelore', '1.1.1946.', 'p');
insert into CandidatesData (idno) VALUES (4405);
insert into PartyMembership (pid, idno) VALUES (10, 4405);
insert into Candidacy (wkid, idno) VALUES (551, 4405);
insert into LandesListe (llid, year, pid, fsid) VALUES (217, 2013, 10, 4);
insert into Landeslistenplatz (llid, idno, position) VALUES (217, 4405, 5);
insert into Citizen (idno, title, firstname, lastname, dateofbirth, gender) VALUES (4406, '', 'Färber', 'Hermann', '1.1.1963.', 'p');
insert into CandidatesData (idno) VALUES (4406);
insert into PartyMembership (pid, idno) VALUES (12, 4406);
insert into Candidacy (wkid, idno) VALUES (562, 4406);
insert into Citizen (idno, title, firstname, lastname, dateofbirth, gender) VALUES (4407, '', 'Faerber', 'Nils Peter', '1.1.1970.', 'p');
insert into CandidatesData (idno) VALUES (4407);
insert into PartyMembership (pid, idno) VALUES (7, 4407);
insert into Candidacy (wkid, idno) VALUES (447, 4407);
insert into Citizen (idno, title, firstname, lastname, dateofbirth, gender) VALUES (4408, '', 'Fahr', 'Daniel', '1.1.1976.', 'p');
insert into CandidatesData (idno) VALUES (4408);
insert into PartyMembership (pid, idno) VALUES (4, 4408);
insert into Candidacy (wkid, idno) VALUES (426, 4408);
insert into Landeslistenplatz (llid, idno, position) VALUES (98, 4408, 41);
insert into Citizen (idno, title, firstname, lastname, dateofbirth, gender) VALUES (4409, '', 'Faißt', 'Karl Heinz', '1.1.1954.', 'p');
insert into CandidatesData (idno) VALUES (4409);
insert into PartyMembership (pid, idno) VALUES (32, 4409);
insert into Landeslistenplatz (llid, idno, position) VALUES (91, 4409, 26);
insert into Citizen (idno, title, firstname, lastname, dateofbirth, gender) VALUES (4410, '', 'Faku', 'Johannes David Themba', '1.1.1986.', 'p');
insert into CandidatesData (idno) VALUES (4410);
insert into PartyMembership (pid, idno) VALUES (10, 4410);
insert into Candidacy (wkid, idno) VALUES (393, 4410);
insert into Landeslistenplatz (llid, idno, position) VALUES (162, 4410, 3);
insert into Citizen (idno, title, firstname, lastname, dateofbirth, gender) VALUES (4411, '', 'Faku', 'Tobias', '1.1.1988.', 'p');
insert into CandidatesData (idno) VALUES (4411);
insert into PartyMembership (pid, idno) VALUES (10, 4411);
insert into Candidacy (wkid, idno) VALUES (406, 4411);
insert into Landeslistenplatz (llid, idno, position) VALUES (162, 4411, 8);
insert into Citizen (idno, title, firstname, lastname, dateofbirth, gender) VALUES (4412, '', 'Falk', 'Benno', '1.1.1953.', 'p');
insert into CandidatesData (idno) VALUES (4412);
insert into Candidacy (wkid, idno) VALUES (311, 4412);
insert into Citizen (idno, title, firstname, lastname, dateofbirth, gender) VALUES (4413, 'Dr. ', 'Falk', 'Dieter', '1.1.1956.', 'p');
insert into CandidatesData (idno) VALUES (4413);
insert into PartyMembership (pid, idno) VALUES (2, 4413);
insert into Candidacy (wkid, idno) VALUES (480, 4413);
insert into Landeslistenplatz (llid, idno, position) VALUES (54, 4413, 27);
insert into Citizen (idno, title, firstname, lastname, dateofbirth, gender) VALUES (4414, '', 'Falkenbach', 'Katja', '1.1.1986.', 'p');
insert into CandidatesData (idno) VALUES (4414);
insert into PartyMembership (pid, idno) VALUES (7, 4414);
insert into Candidacy (wkid, idno) VALUES (321, 4414);
insert into Landeslistenplatz (llid, idno, position) VALUES (42, 4414, 5);
insert into Citizen (idno, title, firstname, lastname, dateofbirth, gender) VALUES (4415, '', 'Fassel', 'Josef', '1.1.1957.', 'p');
insert into CandidatesData (idno) VALUES (4415);
insert into PartyMembership (pid, idno) VALUES (42, 4415);
insert into Candidacy (wkid, idno) VALUES (368, 4415);
insert into Citizen (idno, title, firstname, lastname, dateofbirth, gender) VALUES (4416, '', 'Faulhaber', 'Gabriele', '1.1.1953.', 'p');
insert into CandidatesData (idno) VALUES (4416);
insert into PartyMembership (pid, idno) VALUES (3, 4416);
insert into Candidacy (wkid, idno) VALUES (476, 4416);
insert into Citizen (idno, title, firstname, lastname, dateofbirth, gender) VALUES (4417, '', 'Faustmann', 'Holger Konrad', '1.1.1975.', 'p');
insert into CandidatesData (idno) VALUES (4417);
insert into PartyMembership (pid, idno) VALUES (33, 4417);
insert into Landeslistenplatz (llid, idno, position) VALUES (30, 4417, 14);
insert into Citizen (idno, title, firstname, lastname, dateofbirth, gender) VALUES (4418, 'Dr. ', 'Fechner', 'Johannes', '1.1.1972.', 'p');
insert into CandidatesData (idno) VALUES (4418);
insert into PartyMembership (pid, idno) VALUES (2, 4418);
insert into Candidacy (wkid, idno) VALUES (582, 4418);
insert into Landeslistenplatz (llid, idno, position) VALUES (76, 4418, 19);
insert into Citizen (idno, title, firstname, lastname, dateofbirth, gender) VALUES (4419, '', 'Fegebank', 'Katharina', '1.1.1977.', 'p');
insert into CandidatesData (idno) VALUES (4419);
insert into PartyMembership (pid, idno) VALUES (5, 4419);
insert into Candidacy (wkid, idno) VALUES (317, 4419);
insert into Landeslistenplatz (llid, idno, position) VALUES (146, 4419, 3);
insert into Citizen (idno, title, firstname, lastname, dateofbirth, gender) VALUES (4420, '', 'Fehimli', 'Ayse', '1.1.1957.', 'p');
insert into CandidatesData (idno) VALUES (4420);
insert into PartyMembership (pid, idno) VALUES (3, 4420);
insert into Landeslistenplatz (llid, idno, position) VALUES (36, 4420, 3);
insert into Citizen (idno, title, firstname, lastname, dateofbirth, gender) VALUES (4421, '', 'Fehlberg', 'Dan', '1.1.1975.', 'p');
insert into CandidatesData (idno) VALUES (4421);
insert into PartyMembership (pid, idno) VALUES (5, 4421);
insert into Candidacy (wkid, idno) VALUES (462, 4421);
insert into Landeslistenplatz (llid, idno, position) VALUES (185, 4421, 8);
insert into Citizen (idno, title, firstname, lastname, dateofbirth, gender) VALUES (4422, '', 'Fehling', 'Thomas', '1.1.1967.', 'p');
insert into CandidatesData (idno) VALUES (4422);
insert into PartyMembership (pid, idno) VALUES (4, 4422);
insert into Landeslistenplatz (llid, idno, position) VALUES (116, 4422, 27);
insert into Citizen (idno, title, firstname, lastname, dateofbirth, gender) VALUES (4423, '', 'Feilen', 'Wilhelm Josef', '1.1.1948.', 'p');
insert into CandidatesData (idno) VALUES (4423);
insert into PartyMembership (pid, idno) VALUES (32, 4423);
insert into Candidacy (wkid, idno) VALUES (500, 4423);
insert into Landeslistenplatz (llid, idno, position) VALUES (29, 4423, 13);
insert into Citizen (idno, title, firstname, lastname, dateofbirth, gender) VALUES (4424, '', 'Feiler', 'Uwe Wolfgang Werner', '1.1.1965.', 'p');
insert into CandidatesData (idno) VALUES (4424);
insert into PartyMembership (pid, idno) VALUES (12, 4424);
insert into Candidacy (wkid, idno) VALUES (357, 4424);
insert into LandesListe (llid, year, pid, fsid) VALUES (218, 2013, 12, 40);
insert into Landeslistenplatz (llid, idno, position) VALUES (218, 4424, 6);
insert into Citizen (idno, title, firstname, lastname, dateofbirth, gender) VALUES (4425, '', 'Feilke', 'Ümit', '1.1.1972.', 'p');
insert into CandidatesData (idno) VALUES (4425);
insert into PartyMembership (pid, idno) VALUES (13, 4425);
insert into LandesListe (llid, year, pid, fsid) VALUES (219, 2013, 13, 26);
insert into Landeslistenplatz (llid, idno, position) VALUES (219, 4425, 4);
insert into Citizen (idno, title, firstname, lastname, dateofbirth, gender) VALUES (4426, 'Dr. ', 'Fein', 'Elke', '1.1.1970.', 'p');
insert into CandidatesData (idno) VALUES (4426);
insert into PartyMembership (pid, idno) VALUES (33, 4426);
insert into Candidacy (wkid, idno) VALUES (580, 4426);
insert into Landeslistenplatz (llid, idno, position) VALUES (140, 4426, 5);
insert into Citizen (idno, title, firstname, lastname, dateofbirth, gender) VALUES (4427, 'Dr. ', 'Feist', 'Thomas Wolfgang', '1.1.1965.', 'p');
insert into CandidatesData (idno) VALUES (4427);
insert into PartyMembership (pid, idno) VALUES (12, 4427);
insert into Candidacy (wkid, idno) VALUES (452, 4427);
insert into Landeslistenplatz (llid, idno, position) VALUES (134, 4427, 9);
insert into Citizen (idno, title, firstname, lastname, dateofbirth, gender) VALUES (4428, '', 'Felde zum', 'Astrid', '1.1.1963.', 'p');
insert into CandidatesData (idno) VALUES (4428);
insert into PartyMembership (pid, idno) VALUES (33, 4428);
insert into Landeslistenplatz (llid, idno, position) VALUES (30, 4428, 19);
insert into Citizen (idno, title, firstname, lastname, dateofbirth, gender) VALUES (4429, 'Dr. ', 'Felgentreu', 'Fritz', '1.1.1968.', 'p');
insert into CandidatesData (idno) VALUES (4429);
insert into PartyMembership (pid, idno) VALUES (2, 4429);
insert into Candidacy (wkid, idno) VALUES (381, 4429);
insert into Landeslistenplatz (llid, idno, position) VALUES (179, 4429, 6);
insert into Citizen (idno, title, firstname, lastname, dateofbirth, gender) VALUES (4430, '', 'Felgner', 'Heidelinde Sylke Kerstin', '1.1.1966.', 'p');
insert into CandidatesData (idno) VALUES (4430);
insert into PartyMembership (pid, idno) VALUES (5, 4430);
insert into Candidacy (wkid, idno) VALUES (316, 4430);
insert into Landeslistenplatz (llid, idno, position) VALUES (176, 4430, 6);
insert into Citizen (idno, title, firstname, lastname, dateofbirth, gender) VALUES (4431, 'Dr. ', 'Fell', 'Bernd', '1.1.1948.', 'p');
insert into CandidatesData (idno) VALUES (4431);
insert into PartyMembership (pid, idno) VALUES (4, 4431);
insert into Candidacy (wkid, idno) VALUES (347, 4431);
insert into Landeslistenplatz (llid, idno, position) VALUES (127, 4431, 22);
insert into Citizen (idno, title, firstname, lastname, dateofbirth, gender) VALUES (4432, '', 'Fell', 'Hans-Josef', '1.1.1952.', 'p');
insert into CandidatesData (idno) VALUES (4432);
insert into PartyMembership (pid, idno) VALUES (5, 4432);
insert into Candidacy (wkid, idno) VALUES (547, 4432);
insert into Landeslistenplatz (llid, idno, position) VALUES (65, 4432, 12);
insert into Citizen (idno, title, firstname, lastname, dateofbirth, gender) VALUES (4433, '', 'Fellauer', 'Madeleine', '1.1.1979.', 'p');
insert into CandidatesData (idno) VALUES (4433);
insert into PartyMembership (pid, idno) VALUES (10, 4433);
insert into Landeslistenplatz (llid, idno, position) VALUES (162, 4433, 5);
insert into Citizen (idno, title, firstname, lastname, dateofbirth, gender) VALUES (4434, '', 'Feller', 'Jörk Henrik', '1.1.1960.', 'p');
insert into CandidatesData (idno) VALUES (4434);
insert into PartyMembership (pid, idno) VALUES (33, 4434);
insert into Landeslistenplatz (llid, idno, position) VALUES (80, 4434, 22);
insert into Citizen (idno, title, firstname, lastname, dateofbirth, gender) VALUES (4435, '', 'Felsch', 'Danny', '1.1.1985.', 'p');
insert into CandidatesData (idno) VALUES (4435);
insert into PartyMembership (pid, idno) VALUES (33, 4435);
insert into Landeslistenplatz (llid, idno, position) VALUES (164, 4435, 15);
insert into Citizen (idno, title, firstname, lastname, dateofbirth, gender) VALUES (4436, '', 'Fengler', 'Tobias Karl-Heinz', '1.1.1970.', 'p');
insert into CandidatesData (idno) VALUES (4436);
insert into PartyMembership (pid, idno) VALUES (36, 4436);
insert into Landeslistenplatz (llid, idno, position) VALUES (121, 4436, 11);
insert into Citizen (idno, title, firstname, lastname, dateofbirth, gender) VALUES (4437, '', 'Fenzl', 'Klaus Engelbert', '1.1.1955.', 'p');
insert into CandidatesData (idno) VALUES (4437);
insert into PartyMembership (pid, idno) VALUES (39, 4437);
insert into Landeslistenplatz (llid, idno, position) VALUES (112, 4437, 6);
insert into Citizen (idno, title, firstname, lastname, dateofbirth, gender) VALUES (4438, '', 'Ferlemann', 'Enak', '1.1.1963.', 'p');
insert into CandidatesData (idno) VALUES (4438);
insert into PartyMembership (pid, idno) VALUES (12, 4438);
insert into Candidacy (wkid, idno) VALUES (328, 4438);
insert into Landeslistenplatz (llid, idno, position) VALUES (44, 4438, 3);
insert into Citizen (idno, title, firstname, lastname, dateofbirth, gender) VALUES (4439, '', 'Ferme', 'Franz-Josef', '1.1.1965.', 'p');
insert into CandidatesData (idno) VALUES (4439);
insert into PartyMembership (pid, idno) VALUES (33, 4439);
insert into Candidacy (wkid, idno) VALUES (424, 4439);
insert into Landeslistenplatz (llid, idno, position) VALUES (80, 4439, 43);
insert into Citizen (idno, title, firstname, lastname, dateofbirth, gender) VALUES (4440, '', 'Ferner', 'Elke', '1.1.1958.', 'p');
insert into CandidatesData (idno) VALUES (4440);
insert into PartyMembership (pid, idno) VALUES (2, 4440);
insert into Candidacy (wkid, idno) VALUES (595, 4440);
insert into Landeslistenplatz (llid, idno, position) VALUES (77, 4440, 1);
insert into Citizen (idno, title, firstname, lastname, dateofbirth, gender) VALUES (4441, '', 'Fey', 'Carola Veronika', '1.1.1961.', 'p');
insert into CandidatesData (idno) VALUES (4441);
insert into PartyMembership (pid, idno) VALUES (19, 4441);
insert into LandesListe (llid, year, pid, fsid) VALUES (220, 2013, 19, 19);
insert into Landeslistenplatz (llid, idno, position) VALUES (220, 4441, 5);
insert into Citizen (idno, title, firstname, lastname, dateofbirth, gender) VALUES (4442, '', 'Fey', 'Frank', '1.1.1956.', 'p');
insert into CandidatesData (idno) VALUES (4442);
insert into PartyMembership (pid, idno) VALUES (19, 4442);
insert into Landeslistenplatz (llid, idno, position) VALUES (220, 4442, 2);
insert into Citizen (idno, title, firstname, lastname, dateofbirth, gender) VALUES (4443, '', 'Feyen', 'Alexander', '1.1.1975.', 'p');
insert into CandidatesData (idno) VALUES (4443);
insert into PartyMembership (pid, idno) VALUES (1, 4443);
insert into Candidacy (wkid, idno) VALUES (553, 4443);
insert into Citizen (idno, title, firstname, lastname, dateofbirth, gender) VALUES (4444, 'Dr. ', 'Fiechtner', 'Heinrich', '1.1.1960.', 'p');
insert into CandidatesData (idno) VALUES (4444);
insert into PartyMembership (pid, idno) VALUES (33, 4444);
insert into Landeslistenplatz (llid, idno, position) VALUES (140, 4444, 8);
insert into Citizen (idno, title, firstname, lastname, dateofbirth, gender) VALUES (4445, '', 'Fiedler', 'Frank', '1.1.1974.', 'p');
insert into CandidatesData (idno) VALUES (4445);
insert into PartyMembership (pid, idno) VALUES (5, 4445);
insert into Candidacy (wkid, idno) VALUES (311, 4445);
insert into Landeslistenplatz (llid, idno, position) VALUES (176, 4445, 7);
insert into Citizen (idno, title, firstname, lastname, dateofbirth, gender) VALUES (4446, '', 'Fiedler', 'Frank', '1.1.1977.', 'p');
insert into CandidatesData (idno) VALUES (4446);
insert into PartyMembership (pid, idno) VALUES (4, 4446);
insert into Candidacy (wkid, idno) VALUES (496, 4446);
insert into Landeslistenplatz (llid, idno, position) VALUES (168, 4446, 7);
insert into Citizen (idno, title, firstname, lastname, dateofbirth, gender) VALUES (4447, '', 'Fiedler', 'Joachim', '1.1.1958.', 'p');
insert into CandidatesData (idno) VALUES (4447);
insert into Candidacy (wkid, idno) VALUES (318, 4447);
insert into Citizen (idno, title, firstname, lastname, dateofbirth, gender) VALUES (4448, '', 'Fiek', 'Sascha', '1.1.1974.', 'p');
insert into CandidatesData (idno) VALUES (4448);
insert into PartyMembership (pid, idno) VALUES (4, 4448);
insert into Candidacy (wkid, idno) VALUES (580, 4448);
insert into Landeslistenplatz (llid, idno, position) VALUES (51, 4448, 13);
insert into Citizen (idno, title, firstname, lastname, dateofbirth, gender) VALUES (4449, '', 'Fimmen', 'Klaus', '1.1.1956.', 'p');
insert into CandidatesData (idno) VALUES (4449);
insert into PartyMembership (pid, idno) VALUES (10, 4449);
insert into Candidacy (wkid, idno) VALUES (482, 4449);
insert into Landeslistenplatz (llid, idno, position) VALUES (67, 4449, 2);
insert into Citizen (idno, title, firstname, lastname, dateofbirth, gender) VALUES (4450, 'Dr. ', 'Finckh-Krämer', 'Ute Elisabeth', '1.1.1956.', 'p');
insert into CandidatesData (idno) VALUES (4450);
insert into PartyMembership (pid, idno) VALUES (2, 4450);
insert into Candidacy (wkid, idno) VALUES (378, 4450);
insert into Landeslistenplatz (llid, idno, position) VALUES (179, 4450, 7);
insert into Citizen (idno, title, firstname, lastname, dateofbirth, gender) VALUES (4451, '', 'Fingerle', 'Jan Niklas', '1.1.1974.', 'p');
insert into CandidatesData (idno) VALUES (4451);
insert into PartyMembership (pid, idno) VALUES (7, 4451);
insert into LandesListe (llid, year, pid, fsid) VALUES (221, 2013, 7, 30);
insert into Landeslistenplatz (llid, idno, position) VALUES (221, 4451, 1);
insert into Citizen (idno, title, firstname, lastname, dateofbirth, gender) VALUES (4452, '', 'Fintel von', 'Victor Alexander', '1.1.1971.', 'p');
insert into CandidatesData (idno) VALUES (4452);
insert into PartyMembership (pid, idno) VALUES (5, 4452);
insert into Candidacy (wkid, idno) VALUES (325, 4452);
insert into Landeslistenplatz (llid, idno, position) VALUES (142, 4452, 14);
insert into Citizen (idno, title, firstname, lastname, dateofbirth, gender) VALUES (4453, '', 'Firat', 'Tuna', '1.1.1981.', 'p');
insert into CandidatesData (idno) VALUES (4453);
insert into PartyMembership (pid, idno) VALUES (2, 4453);
insert into Landeslistenplatz (llid, idno, position) VALUES (54, 4453, 33);
insert into Citizen (idno, title, firstname, lastname, dateofbirth, gender) VALUES (4454, '', 'Fischbach', 'Ingrid Marianne', '1.1.1957.', 'p');
insert into CandidatesData (idno) VALUES (4454);
insert into PartyMembership (pid, idno) VALUES (12, 4454);
insert into Candidacy (wkid, idno) VALUES (440, 4454);
insert into Landeslistenplatz (llid, idno, position) VALUES (136, 4454, 3);
insert into Citizen (idno, title, firstname, lastname, dateofbirth, gender) VALUES (4455, '', 'Fischer', 'Andrea Dagmar', '1.1.1964.', 'p');
insert into CandidatesData (idno) VALUES (4455);
insert into PartyMembership (pid, idno) VALUES (5, 4455);
insert into Landeslistenplatz (llid, idno, position) VALUES (65, 4455, 35);
insert into Citizen (idno, title, firstname, lastname, dateofbirth, gender) VALUES (4456, '', 'Fischer', 'Anton', '1.1.1992.', 'p');
insert into CandidatesData (idno) VALUES (4456);
insert into PartyMembership (pid, idno) VALUES (17, 4456);
insert into Candidacy (wkid, idno) VALUES (337, 4456);
insert into Citizen (idno, title, firstname, lastname, dateofbirth, gender) VALUES (4457, '', 'Fischer', 'Axel Eduard', '1.1.1966.', 'p');
insert into CandidatesData (idno) VALUES (4457);
insert into PartyMembership (pid, idno) VALUES (12, 4457);
insert into Candidacy (wkid, idno) VALUES (571, 4457);
insert into Citizen (idno, title, firstname, lastname, dateofbirth, gender) VALUES (4458, '', 'Fischer', 'Barbara-Maria', '1.1.1942.', 'p');
insert into CandidatesData (idno) VALUES (4458);
insert into PartyMembership (pid, idno) VALUES (36, 4458);
insert into Landeslistenplatz (llid, idno, position) VALUES (118, 4458, 19);
insert into Citizen (idno, title, firstname, lastname, dateofbirth, gender) VALUES (4459, '', 'Fischer', 'Dirk Erik', '1.1.1943.', 'p');
insert into CandidatesData (idno) VALUES (4459);
insert into PartyMembership (pid, idno) VALUES (12, 4459);
insert into Candidacy (wkid, idno) VALUES (320, 4459);
insert into LandesListe (llid, year, pid, fsid) VALUES (222, 2013, 12, 10);
insert into Landeslistenplatz (llid, idno, position) VALUES (222, 4459, 4);
insert into Citizen (idno, title, firstname, lastname, dateofbirth, gender) VALUES (4460, 'Dr. ', 'Fischer', 'Dietrich Eberhard', '1.1.1930.', 'p');
insert into CandidatesData (idno) VALUES (4460);
insert into PartyMembership (pid, idno) VALUES (19, 4460);
insert into Landeslistenplatz (llid, idno, position) VALUES (99, 4460, 6);
insert into Citizen (idno, title, firstname, lastname, dateofbirth, gender) VALUES (4461, 'Dr. ', 'Fischer', 'Guido', '1.1.1959.', 'p');
insert into CandidatesData (idno) VALUES (4461);
insert into PartyMembership (pid, idno) VALUES (4, 4461);
insert into Candidacy (wkid, idno) VALUES (400, 4461);
insert into Landeslistenplatz (llid, idno, position) VALUES (98, 4461, 29);
insert into Citizen (idno, title, firstname, lastname, dateofbirth, gender) VALUES (4462, '', 'Fischer', 'Heinz Peter Karl', '1.1.1967.', 'p');
insert into CandidatesData (idno) VALUES (4462);
insert into PartyMembership (pid, idno) VALUES (3, 4462);
insert into Candidacy (wkid, idno) VALUES (392, 4462);
insert into Citizen (idno, title, firstname, lastname, dateofbirth, gender) VALUES (4463, '', 'Fischer', 'Herbert Franz', '1.1.1963.', 'p');
insert into CandidatesData (idno) VALUES (4463);
insert into PartyMembership (pid, idno) VALUES (19, 4463);
insert into Landeslistenplatz (llid, idno, position) VALUES (40, 4463, 21);
insert into Citizen (idno, title, firstname, lastname, dateofbirth, gender) VALUES (4464, '', 'Fischer', 'Karl-Heinz', '1.1.1952.', 'p');
insert into CandidatesData (idno) VALUES (4464);
insert into PartyMembership (pid, idno) VALUES (19, 4464);
insert into Candidacy (wkid, idno) VALUES (406, 4464);
insert into Landeslistenplatz (llid, idno, position) VALUES (99, 4464, 2);
insert into Citizen (idno, title, firstname, lastname, dateofbirth, gender) VALUES (4465, '', 'Fischer', 'Leonhard Georg', '1.1.1981.', 'p');
insert into CandidatesData (idno) VALUES (4465);
insert into PartyMembership (pid, idno) VALUES (31, 4465);
insert into Candidacy (wkid, idno) VALUES (482, 4465);
insert into Landeslistenplatz (llid, idno, position) VALUES (79, 4465, 13);
insert into Citizen (idno, title, firstname, lastname, dateofbirth, gender) VALUES (4466, '', 'Fischer', 'Lucia Maria', '1.1.1967.', 'p');
insert into CandidatesData (idno) VALUES (4466);
insert into PartyMembership (pid, idno) VALUES (36, 4466);
insert into Candidacy (wkid, idno) VALUES (556, 4466);
insert into Landeslistenplatz (llid, idno, position) VALUES (121, 4466, 12);
insert into Citizen (idno, title, firstname, lastname, dateofbirth, gender) VALUES (4467, '', 'Fischer', 'Patrick Gustav', '1.1.1970.', 'p');
insert into CandidatesData (idno) VALUES (4467);
insert into PartyMembership (pid, idno) VALUES (35, 4467);
insert into Landeslistenplatz (llid, idno, position) VALUES (46, 4467, 10);
insert into Citizen (idno, title, firstname, lastname, dateofbirth, gender) VALUES (4468, '', 'Fischer', 'Roland', '1.1.1961.', 'p');
insert into CandidatesData (idno) VALUES (4468);
insert into PartyMembership (pid, idno) VALUES (2, 4468);
insert into Candidacy (wkid, idno) VALUES (520, 4468);
insert into Landeslistenplatz (llid, idno, position) VALUES (87, 4468, 40);
insert into Citizen (idno, title, firstname, lastname, dateofbirth, gender) VALUES (4469, '', 'Fischer', 'Tina', '1.1.1971.', 'p');
insert into CandidatesData (idno) VALUES (4469);
insert into PartyMembership (pid, idno) VALUES (2, 4469);
insert into Candidacy (wkid, idno) VALUES (361, 4469);
insert into Landeslistenplatz (llid, idno, position) VALUES (147, 4469, 8);
insert into Citizen (idno, title, firstname, lastname, dateofbirth, gender) VALUES (4470, '', 'Fischer', 'Werner', '1.1.1955.', 'p');
insert into CandidatesData (idno) VALUES (4470);
insert into Candidacy (wkid, idno) VALUES (556, 4470);
insert into Citizen (idno, title, firstname, lastname, dateofbirth, gender) VALUES (4471, '', 'Fischer', 'Wolfram', '1.1.1964.', 'p');
insert into CandidatesData (idno) VALUES (4471);
insert into PartyMembership (pid, idno) VALUES (1, 4471);
insert into Candidacy (wkid, idno) VALUES (584, 4471);
insert into Citizen (idno, title, firstname, lastname, dateofbirth, gender) VALUES (4472, '', 'Fitzke', 'Matthias', '1.1.1972.', 'p');
insert into CandidatesData (idno) VALUES (4472);
insert into PartyMembership (pid, idno) VALUES (7, 4472);
insert into Landeslistenplatz (llid, idno, position) VALUES (85, 4472, 10);
insert into Citizen (idno, title, firstname, lastname, dateofbirth, gender) VALUES (4473, 'Dr. ', 'Flachsbarth', 'Maria', '1.1.1963.', 'p');
insert into CandidatesData (idno) VALUES (4473);
insert into PartyMembership (pid, idno) VALUES (12, 4473);
insert into Candidacy (wkid, idno) VALUES (346, 4473);
insert into Landeslistenplatz (llid, idno, position) VALUES (44, 4473, 4);
insert into Citizen (idno, title, firstname, lastname, dateofbirth, gender) VALUES (4474, '', 'Flakus', 'Ole', '1.1.1984.', 'p');
insert into CandidatesData (idno) VALUES (4474);
insert into PartyMembership (pid, idno) VALUES (31, 4474);
insert into Landeslistenplatz (llid, idno, position) VALUES (135, 4474, 13);
insert into Citizen (idno, title, firstname, lastname, dateofbirth, gender) VALUES (4475, 'Dr. ', 'Fleck', 'Helmut', '1.1.1938.', 'p');
insert into CandidatesData (idno) VALUES (4475);
insert into PartyMembership (pid, idno) VALUES (39, 4475);
insert into Candidacy (wkid, idno) VALUES (396, 4475);
insert into Landeslistenplatz (llid, idno, position) VALUES (81, 4475, 1);
insert into Citizen (idno, title, firstname, lastname, dateofbirth, gender) VALUES (4476, '', 'Flegel', 'Susann', '1.1.1979.', 'p');
insert into CandidatesData (idno) VALUES (4476);
insert into PartyMembership (pid, idno) VALUES (7, 4476);
insert into Landeslistenplatz (llid, idno, position) VALUES (94, 4476, 4);
insert into Citizen (idno, title, firstname, lastname, dateofbirth, gender) VALUES (4477, '', 'Fleischer', 'Franz Martin', '1.1.1954.', 'p');
insert into CandidatesData (idno) VALUES (4477);
insert into PartyMembership (pid, idno) VALUES (4, 4477);
insert into Candidacy (wkid, idno) VALUES (542, 4477);
insert into Landeslistenplatz (llid, idno, position) VALUES (102, 4477, 22);
insert into Citizen (idno, title, firstname, lastname, dateofbirth, gender) VALUES (4478, '', 'Fleischer', 'Karsten', '1.1.1971.', 'p');
insert into CandidatesData (idno) VALUES (4478);
insert into PartyMembership (pid, idno) VALUES (31, 4478);
insert into Landeslistenplatz (llid, idno, position) VALUES (123, 4478, 29);
insert into Citizen (idno, title, firstname, lastname, dateofbirth, gender) VALUES (4479, '', 'Flemming', 'Paul Lorenz', '1.1.1943.', 'p');
insert into CandidatesData (idno) VALUES (4479);
insert into PartyMembership (pid, idno) VALUES (4, 4479);
insert into Candidacy (wkid, idno) VALUES (318, 4479);
insert into Citizen (idno, title, firstname, lastname, dateofbirth, gender) VALUES (4480, '', 'Flemming-Schmidt', 'Dominique', '1.1.1991.', 'p');
insert into CandidatesData (idno) VALUES (4480);
insert into PartyMembership (pid, idno) VALUES (36, 4480);
insert into Landeslistenplatz (llid, idno, position) VALUES (84, 4480, 2);
insert into Citizen (idno, title, firstname, lastname, dateofbirth, gender) VALUES (4481, '', 'Flemming-Schmidt', 'Petra', '1.1.1956.', 'p');
insert into CandidatesData (idno) VALUES (4481);
insert into PartyMembership (pid, idno) VALUES (36, 4481);
insert into Landeslistenplatz (llid, idno, position) VALUES (84, 4481, 14);
insert into Citizen (idno, title, firstname, lastname, dateofbirth, gender) VALUES (4482, '', 'Fliegner', 'Anisa', '1.1.1975.', 'p');
insert into CandidatesData (idno) VALUES (4482);
insert into PartyMembership (pid, idno) VALUES (7, 4482);
insert into Landeslistenplatz (llid, idno, position) VALUES (206, 4482, 7);
insert into Citizen (idno, title, firstname, lastname, dateofbirth, gender) VALUES (4483, '', 'Flink', 'Robertine', '1.1.1927.', 'p');
insert into CandidatesData (idno) VALUES (4483);
insert into PartyMembership (pid, idno) VALUES (37, 4483);
insert into LandesListe (llid, year, pid, fsid) VALUES (223, 2013, 37, 5);
insert into Landeslistenplatz (llid, idno, position) VALUES (223, 4483, 2);
insert into Citizen (idno, title, firstname, lastname, dateofbirth, gender) VALUES (4484, '', 'Flisek', 'Christian', '1.1.1974.', 'p');
insert into CandidatesData (idno) VALUES (4484);
insert into PartyMembership (pid, idno) VALUES (2, 4484);
insert into Candidacy (wkid, idno) VALUES (528, 4484);
insert into Landeslistenplatz (llid, idno, position) VALUES (87, 4484, 13);
insert into Citizen (idno, title, firstname, lastname, dateofbirth, gender) VALUES (4485, '', 'Flörchinger', 'Felicitas', '1.1.1966.', 'p');
insert into CandidatesData (idno) VALUES (4485);
insert into PartyMembership (pid, idno) VALUES (5, 4485);
insert into Candidacy (wkid, idno) VALUES (509, 4485);
insert into Landeslistenplatz (llid, idno, position) VALUES (213, 4485, 5);
insert into Citizen (idno, title, firstname, lastname, dateofbirth, gender) VALUES (4486, '', 'Flosbach', 'Klaus-Peter', '1.1.1952.', 'p');
insert into CandidatesData (idno) VALUES (4486);
insert into PartyMembership (pid, idno) VALUES (12, 4486);
insert into Candidacy (wkid, idno) VALUES (398, 4486);
insert into Landeslistenplatz (llid, idno, position) VALUES (136, 4486, 29);
insert into Citizen (idno, title, firstname, lastname, dateofbirth, gender) VALUES (4487, '', 'Flott', 'Günter Walter', '1.1.1968.', 'p');
insert into CandidatesData (idno) VALUES (4487);
insert into PartyMembership (pid, idno) VALUES (31, 4487);
insert into Landeslistenplatz (llid, idno, position) VALUES (135, 4487, 8);
insert into Citizen (idno, title, firstname, lastname, dateofbirth, gender) VALUES (4488, '', 'Flügge', 'Thomas', '1.1.1975.', 'p');
insert into CandidatesData (idno) VALUES (4488);
insert into PartyMembership (pid, idno) VALUES (5, 4488);
insert into Landeslistenplatz (llid, idno, position) VALUES (144, 4488, 12);
insert into Citizen (idno, title, firstname, lastname, dateofbirth, gender) VALUES (4489, '', 'Focken', 'Christel Christiane Cassandra', '1.1.1961.', 'p');
insert into CandidatesData (idno) VALUES (4489);
insert into Candidacy (wkid, idno) VALUES (358, 4489);
insert into Citizen (idno, title, firstname, lastname, dateofbirth, gender) VALUES (4490, '', 'Födisch-Rüstig', 'Sabine', '1.1.1968.', 'p');
insert into CandidatesData (idno) VALUES (4490);
insert into PartyMembership (pid, idno) VALUES (19, 4490);
insert into Landeslistenplatz (llid, idno, position) VALUES (167, 4490, 3);
insert into Citizen (idno, title, firstname, lastname, dateofbirth, gender) VALUES (4491, '', 'Föllmer', 'Hans', '1.1.1948.', 'p');
insert into CandidatesData (idno) VALUES (4491);
insert into PartyMembership (pid, idno) VALUES (36, 4491);
insert into Landeslistenplatz (llid, idno, position) VALUES (149, 4491, 17);
insert into Citizen (idno, title, firstname, lastname, dateofbirth, gender) VALUES (4492, '', 'Förste', 'Oliver', '1.1.1961.', 'p');
insert into CandidatesData (idno) VALUES (4492);
insert into PartyMembership (pid, idno) VALUES (3, 4492);
insert into Candidacy (wkid, idno) VALUES (340, 4492);
insert into Citizen (idno, title, firstname, lastname, dateofbirth, gender) VALUES (4493, '', 'Förster', 'Bert Rüdiger', '1.1.1942.', 'p');
insert into CandidatesData (idno) VALUES (4493);
insert into PartyMembership (pid, idno) VALUES (19, 4493);
insert into LandesListe (llid, year, pid, fsid) VALUES (224, 2013, 19, 9);
insert into Landeslistenplatz (llid, idno, position) VALUES (224, 4493, 4);
insert into Citizen (idno, title, firstname, lastname, dateofbirth, gender) VALUES (4494, '', 'Förster', 'Heinrich', '1.1.1927.', 'p');
insert into CandidatesData (idno) VALUES (4494);
insert into PartyMembership (pid, idno) VALUES (1, 4494);
insert into Candidacy (wkid, idno) VALUES (309, 4494);
insert into Citizen (idno, title, firstname, lastname, dateofbirth, gender) VALUES (4495, '', 'Förster', 'Herbert Walter', '1.1.1966.', 'p');
insert into CandidatesData (idno) VALUES (4495);
insert into PartyMembership (pid, idno) VALUES (7, 4495);
insert into Landeslistenplatz (llid, idno, position) VALUES (113, 4495, 9);
insert into Citizen (idno, title, firstname, lastname, dateofbirth, gender) VALUES (4496, '', 'Förster', 'Rudolf', '1.1.1943.', 'p');
insert into CandidatesData (idno) VALUES (4496);
insert into PartyMembership (pid, idno) VALUES (19, 4496);
insert into Landeslistenplatz (llid, idno, position) VALUES (182, 4496, 6);
insert into Citizen (idno, title, firstname, lastname, dateofbirth, gender) VALUES (4497, '', 'Förster', 'Wolfgang', '1.1.1959.', 'p');
insert into CandidatesData (idno) VALUES (4497);
insert into PartyMembership (pid, idno) VALUES (3, 4497);
insert into Candidacy (wkid, idno) VALUES (508, 4497);
insert into Citizen (idno, title, firstname, lastname, dateofbirth, gender) VALUES (4498, '', 'Föttinger', 'Verena', '1.1.1956.', 'p');
insert into CandidatesData (idno) VALUES (4498);
insert into PartyMembership (pid, idno) VALUES (36, 4498);
insert into Candidacy (wkid, idno) VALUES (579, 4498);
insert into Landeslistenplatz (llid, idno, position) VALUES (118, 4498, 2);
insert into Citizen (idno, title, firstname, lastname, dateofbirth, gender) VALUES (4499, '', 'Fograscher', 'Gabriele', '1.1.1957.', 'p');
insert into CandidatesData (idno) VALUES (4499);
insert into PartyMembership (pid, idno) VALUES (2, 4499);
insert into Candidacy (wkid, idno) VALUES (553, 4499);
insert into Landeslistenplatz (llid, idno, position) VALUES (87, 4499, 4);
insert into Citizen (idno, title, firstname, lastname, dateofbirth, gender) VALUES (4500, '', 'Forberger', 'Olaf', '1.1.1962.', 'p');
insert into CandidatesData (idno) VALUES (4500);
insert into PartyMembership (pid, idno) VALUES (7, 4500);
insert into Candidacy (wkid, idno) VALUES (336, 4500);
insert into Citizen (idno, title, firstname, lastname, dateofbirth, gender) VALUES (4501, '', 'Forster', 'Thomas Erhard Josef', '1.1.1968.', 'p');
insert into CandidatesData (idno) VALUES (4501);
insert into PartyMembership (pid, idno) VALUES (29, 4501);
insert into Landeslistenplatz (llid, idno, position) VALUES (31, 4501, 29);
insert into Citizen (idno, title, firstname, lastname, dateofbirth, gender) VALUES (4502, '', 'Forszpaniak', 'Mirjam', '1.1.1986.', 'p');
insert into CandidatesData (idno) VALUES (4502);
insert into PartyMembership (pid, idno) VALUES (4, 4502);
insert into Candidacy (wkid, idno) VALUES (421, 4502);
insert into Landeslistenplatz (llid, idno, position) VALUES (98, 4502, 35);
insert into Citizen (idno, title, firstname, lastname, dateofbirth, gender) VALUES (4503, '', 'Francke', 'Albert', '1.1.1938.', 'p');
insert into CandidatesData (idno) VALUES (4503);
insert into PartyMembership (pid, idno) VALUES (18, 4503);
insert into Landeslistenplatz (llid, idno, position) VALUES (37, 4503, 7);
insert into Citizen (idno, title, firstname, lastname, dateofbirth, gender) VALUES (4504, '', 'Francke', 'Jutta Ilka', '1.1.1939.', 'p');
insert into CandidatesData (idno) VALUES (4504);
insert into PartyMembership (pid, idno) VALUES (18, 4504);
insert into Landeslistenplatz (llid, idno, position) VALUES (37, 4504, 5);
insert into Citizen (idno, title, firstname, lastname, dateofbirth, gender) VALUES (4505, '', 'Frank', 'Christina', '1.1.1955.', 'p');
insert into CandidatesData (idno) VALUES (4505);
insert into PartyMembership (pid, idno) VALUES (3, 4505);
insert into Candidacy (wkid, idno) VALUES (557, 4505);
insert into Landeslistenplatz (llid, idno, position) VALUES (143, 4505, 7);
insert into Citizen (idno, title, firstname, lastname, dateofbirth, gender) VALUES (4506, '', 'Franke', 'Christian', '1.1.1992.', 'p');
insert into CandidatesData (idno) VALUES (4506);
insert into PartyMembership (pid, idno) VALUES (5, 4506);
insert into Candidacy (wkid, idno) VALUES (365, 4506);
insert into Landeslistenplatz (llid, idno, position) VALUES (151, 4506, 6);
insert into Citizen (idno, title, firstname, lastname, dateofbirth, gender) VALUES (4507, 'Dr. ', 'Franke', 'Edgar Konrad Helmut', '1.1.1960.', 'p');
insert into CandidatesData (idno) VALUES (4507);
insert into PartyMembership (pid, idno) VALUES (2, 4507);
insert into Candidacy (wkid, idno) VALUES (469, 4507);
insert into Landeslistenplatz (llid, idno, position) VALUES (54, 4507, 17);
insert into Citizen (idno, title, firstname, lastname, dateofbirth, gender) VALUES (4508, '', 'Franke', 'Udo Wolfgang', '1.1.1954.', 'p');
insert into CandidatesData (idno) VALUES (4508);
insert into PartyMembership (pid, idno) VALUES (1, 4508);
insert into Candidacy (wkid, idno) VALUES (437, 4508);
insert into Citizen (idno, title, firstname, lastname, dateofbirth, gender) VALUES (4509, '', 'Frankenberg und Proschlitz von', 'Jobst-Egbert', '1.1.1967.', 'p');
insert into CandidatesData (idno) VALUES (4509);
insert into PartyMembership (pid, idno) VALUES (12, 4509);
insert into Landeslistenplatz (llid, idno, position) VALUES (222, 4509, 12);
insert into Citizen (idno, title, firstname, lastname, dateofbirth, gender) VALUES (4510, '', 'Frankenberger', 'Sebastian', '1.1.1981.', 'p');
insert into CandidatesData (idno) VALUES (4510);
insert into PartyMembership (pid, idno) VALUES (36, 4510);
insert into Candidacy (wkid, idno) VALUES (519, 4510);
insert into Landeslistenplatz (llid, idno, position) VALUES (121, 4510, 3);
insert into Citizen (idno, title, firstname, lastname, dateofbirth, gender) VALUES (4511, '', 'Franz', 'Frank', '1.1.1978.', 'p');
insert into CandidatesData (idno) VALUES (4511);
insert into PartyMembership (pid, idno) VALUES (1, 4511);
insert into Candidacy (wkid, idno) VALUES (596, 4511);
insert into Landeslistenplatz (llid, idno, position) VALUES (58, 4511, 2);
insert into Citizen (idno, title, firstname, lastname, dateofbirth, gender) VALUES (4512, '', 'Franz', 'Markus', '1.1.1963.', 'p');
insert into CandidatesData (idno) VALUES (4512);
insert into PartyMembership (pid, idno) VALUES (12, 4512);
insert into Landeslistenplatz (llid, idno, position) VALUES (53, 4512, 14);
insert into Citizen (idno, title, firstname, lastname, dateofbirth, gender) VALUES (4513, '', 'Franz', 'Michael', '1.1.1982.', 'p');
insert into CandidatesData (idno) VALUES (4513);
insert into PartyMembership (pid, idno) VALUES (10, 4513);
insert into Landeslistenplatz (llid, idno, position) VALUES (180, 4513, 16);
insert into Citizen (idno, title, firstname, lastname, dateofbirth, gender) VALUES (4514, '', 'Franz', 'Olaf Torsten', '1.1.1969.', 'p');
insert into CandidatesData (idno) VALUES (4514);
insert into PartyMembership (pid, idno) VALUES (4, 4514);
insert into Candidacy (wkid, idno) VALUES (351, 4514);
insert into Landeslistenplatz (llid, idno, position) VALUES (127, 4514, 23);
insert into Citizen (idno, title, firstname, lastname, dateofbirth, gender) VALUES (4515, '', 'Franz', 'Romeo', '1.1.1966.', 'p');
insert into CandidatesData (idno) VALUES (4515);
insert into PartyMembership (pid, idno) VALUES (5, 4515);
insert into Candidacy (wkid, idno) VALUES (507, 4515);
insert into Landeslistenplatz (llid, idno, position) VALUES (213, 4515, 6);
insert into Citizen (idno, title, firstname, lastname, dateofbirth, gender) VALUES (4516, '', 'Franz', 'Torben', '1.1.1994.', 'p');
insert into CandidatesData (idno) VALUES (4516);
insert into PartyMembership (pid, idno) VALUES (3, 4516);
insert into Candidacy (wkid, idno) VALUES (339, 4516);
insert into Citizen (idno, title, firstname, lastname, dateofbirth, gender) VALUES (4517, '', 'Franzen', 'Marcus', '1.1.1979.', 'p');
insert into CandidatesData (idno) VALUES (4517);
insert into PartyMembership (pid, idno) VALUES (35, 4517);
insert into Landeslistenplatz (llid, idno, position) VALUES (57, 4517, 6);
insert into Citizen (idno, title, firstname, lastname, dateofbirth, gender) VALUES (4518, '', 'Fraschka', 'Mark Alexander', '1.1.1983.', 'p');
insert into CandidatesData (idno) VALUES (4518);
insert into PartyMembership (pid, idno) VALUES (12, 4518);
insert into Landeslistenplatz (llid, idno, position) VALUES (105, 4518, 34);
insert into Citizen (idno, title, firstname, lastname, dateofbirth, gender) VALUES (4519, '', 'Frech', 'Sebastian', '1.1.1982.', 'p');
insert into CandidatesData (idno) VALUES (4519);
insert into PartyMembership (pid, idno) VALUES (3, 4519);
insert into Candidacy (wkid, idno) VALUES (511, 4519);
insert into Citizen (idno, title, firstname, lastname, dateofbirth, gender) VALUES (4520, '', 'Freese', 'Ulrich Ronald', '1.1.1951.', 'p');
insert into CandidatesData (idno) VALUES (4520);
insert into PartyMembership (pid, idno) VALUES (2, 4520);
insert into Candidacy (wkid, idno) VALUES (363, 4520);
insert into Landeslistenplatz (llid, idno, position) VALUES (147, 4520, 3);
insert into Citizen (idno, title, firstname, lastname, dateofbirth, gender) VALUES (4521, '', 'Frei', 'Thorsten', '1.1.1973.', 'p');
insert into CandidatesData (idno) VALUES (4521);
insert into PartyMembership (pid, idno) VALUES (12, 4521);
insert into Candidacy (wkid, idno) VALUES (585, 4521);
insert into Citizen (idno, title, firstname, lastname, dateofbirth, gender) VALUES (4522, '', 'Freier', 'Holm Henning', '1.1.1949.', 'p');
insert into CandidatesData (idno) VALUES (4522);
insert into PartyMembership (pid, idno) VALUES (2, 4522);
insert into Candidacy (wkid, idno) VALUES (315, 4522);
insert into LandesListe (llid, year, pid, fsid) VALUES (225, 2013, 2, 42);
insert into Landeslistenplatz (llid, idno, position) VALUES (225, 4522, 6);
insert into Citizen (idno, title, firstname, lastname, dateofbirth, gender) VALUES (4523, '', 'Freihold', 'Brigitte', '1.1.1955.', 'p');
insert into CandidatesData (idno) VALUES (4523);
insert into PartyMembership (pid, idno) VALUES (3, 4523);
insert into Landeslistenplatz (llid, idno, position) VALUES (183, 4523, 3);
insert into Citizen (idno, title, firstname, lastname, dateofbirth, gender) VALUES (4524, '', 'Freihorst', 'Marcel', '1.1.1991.', 'p');
insert into CandidatesData (idno) VALUES (4524);
insert into PartyMembership (pid, idno) VALUES (12, 4524);
insert into Landeslistenplatz (llid, idno, position) VALUES (188, 4524, 6);
insert into Citizen (idno, title, firstname, lastname, dateofbirth, gender) VALUES (4525, '', 'Freitag', 'Dagmar', '1.1.1953.', 'p');
insert into CandidatesData (idno) VALUES (4525);
insert into PartyMembership (pid, idno) VALUES (2, 4525);
insert into Candidacy (wkid, idno) VALUES (449, 4525);
insert into Landeslistenplatz (llid, idno, position) VALUES (73, 4525, 20);
insert into Citizen (idno, title, firstname, lastname, dateofbirth, gender) VALUES (4526, '', 'Freitag', 'Hagen Fabian', '1.1.1987.', 'p');
insert into CandidatesData (idno) VALUES (4526);
insert into PartyMembership (pid, idno) VALUES (32, 4526);
insert into Candidacy (wkid, idno) VALUES (434, 4526);
insert into Citizen (idno, title, firstname, lastname, dateofbirth, gender) VALUES (4527, '', 'Frensch', 'Waltraud', '1.1.1939.', 'p');
insert into CandidatesData (idno) VALUES (4527);
insert into PartyMembership (pid, idno) VALUES (12, 4527);
insert into Landeslistenplatz (llid, idno, position) VALUES (105, 4527, 39);
insert into Citizen (idno, title, firstname, lastname, dateofbirth, gender) VALUES (4528, '', 'Frensel', 'Ronald Joachim', '1.1.1958.', 'p');
insert into CandidatesData (idno) VALUES (4528);
insert into PartyMembership (pid, idno) VALUES (44, 4528);
insert into Landeslistenplatz (llid, idno, position) VALUES (193, 4528, 6);
insert into Citizen (idno, title, firstname, lastname, dateofbirth, gender) VALUES (4529, '', 'Frentzen', 'Manfred', '1.1.1948.', 'p');
insert into CandidatesData (idno) VALUES (4529);
insert into PartyMembership (pid, idno) VALUES (1, 4529);
insert into Candidacy (wkid, idno) VALUES (408, 4529);
insert into Citizen (idno, title, firstname, lastname, dateofbirth, gender) VALUES (4530, '', 'Frenzel', 'Norbert', '1.1.1952.', 'p');
insert into CandidatesData (idno) VALUES (4530);
insert into PartyMembership (pid, idno) VALUES (32, 4530);
insert into Candidacy (wkid, idno) VALUES (544, 4530);
insert into Landeslistenplatz (llid, idno, position) VALUES (33, 4530, 39);
insert into Citizen (idno, title, firstname, lastname, dateofbirth, gender) VALUES (4531, '', 'Frenzel', 'Ulrich', '1.1.1957.', 'p');
insert into CandidatesData (idno) VALUES (4531);
insert into PartyMembership (pid, idno) VALUES (33, 4531);
insert into Landeslistenplatz (llid, idno, position) VALUES (80, 4531, 38);
insert into Citizen (idno, title, firstname, lastname, dateofbirth, gender) VALUES (4532, '', 'Fresdorf', 'Sven Paul', '1.1.1977.', 'p');
insert into CandidatesData (idno) VALUES (4532);
insert into PartyMembership (pid, idno) VALUES (4, 4532);
insert into Candidacy (wkid, idno) VALUES (377, 4532);
insert into Citizen (idno, title, firstname, lastname, dateofbirth, gender) VALUES (4533, 'Dr. ', 'Freudenstein', 'Astrid', '1.1.1973.', 'p');
insert into CandidatesData (idno) VALUES (4533);
insert into PartyMembership (pid, idno) VALUES (9, 4533);
insert into Landeslistenplatz (llid, idno, position) VALUES (47, 4533, 38);
insert into Citizen (idno, title, firstname, lastname, dateofbirth, gender) VALUES (4534, '', 'Freudigmann', 'Klaus', '1.1.1942.', 'p');
insert into CandidatesData (idno) VALUES (4534);
insert into PartyMembership (pid, idno) VALUES (13, 4534);
insert into LandesListe (llid, year, pid, fsid) VALUES (226, 2013, 13, 1);
insert into Landeslistenplatz (llid, idno, position) VALUES (226, 4534, 7);
insert into Citizen (idno, title, firstname, lastname, dateofbirth, gender) VALUES (4535, '', 'Freund', 'Birsen', '1.1.1977.', 'p');
insert into CandidatesData (idno) VALUES (4535);
insert into PartyMembership (pid, idno) VALUES (7, 4535);
insert into Candidacy (wkid, idno) VALUES (421, 4535);
insert into Citizen (idno, title, firstname, lastname, dateofbirth, gender) VALUES (4536, 'Dr. ', 'Frey', 'Matthias', '1.1.1964.', 'p');
insert into CandidatesData (idno) VALUES (4536);
insert into PartyMembership (pid, idno) VALUES (4, 4536);
insert into Landeslistenplatz (llid, idno, position) VALUES (120, 4536, 12);
insert into Citizen (idno, title, firstname, lastname, dateofbirth, gender) VALUES (4537, '', 'Frick', 'Claudia', '1.1.1983.', 'p');
insert into CandidatesData (idno) VALUES (4537);
insert into PartyMembership (pid, idno) VALUES (7, 4537);
insert into Candidacy (wkid, idno) VALUES (501, 4537);
insert into Landeslistenplatz (llid, idno, position) VALUES (173, 4537, 2);
insert into Citizen (idno, title, firstname, lastname, dateofbirth, gender) VALUES (4538, '', 'Frick', 'Jörg', '1.1.1974.', 'p');
insert into CandidatesData (idno) VALUES (4538);
insert into PartyMembership (pid, idno) VALUES (32, 4538);
insert into Candidacy (wkid, idno) VALUES (410, 4538);
insert into Citizen (idno, title, firstname, lastname, dateofbirth, gender) VALUES (4539, '', 'Fricke', 'Andre Patrick', '1.1.1985.', 'p');
insert into CandidatesData (idno) VALUES (4539);
insert into PartyMembership (pid, idno) VALUES (3, 4539);
insert into Candidacy (wkid, idno) VALUES (349, 4539);
insert into Citizen (idno, title, firstname, lastname, dateofbirth, gender) VALUES (4540, '', 'Fricke', 'Otto', '1.1.1965.', 'p');
insert into CandidatesData (idno) VALUES (4540);
insert into PartyMembership (pid, idno) VALUES (4, 4540);
insert into Candidacy (wkid, idno) VALUES (409, 4540);
insert into Landeslistenplatz (llid, idno, position) VALUES (98, 4540, 4);
insert into Citizen (idno, title, firstname, lastname, dateofbirth, gender) VALUES (4541, '', 'Fricke', 'Sven', '1.1.1964.', 'p');
insert into CandidatesData (idno) VALUES (4541);
insert into PartyMembership (pid, idno) VALUES (4, 4541);
insert into Candidacy (wkid, idno) VALUES (368, 4541);
insert into Landeslistenplatz (llid, idno, position) VALUES (35, 4541, 3);
insert into Citizen (idno, title, firstname, lastname, dateofbirth, gender) VALUES (4542, '', 'Fricke', 'Walter', '1.1.1955.', 'p');
insert into CandidatesData (idno) VALUES (4542);
insert into Candidacy (wkid, idno) VALUES (379, 4542);
insert into Citizen (idno, title, firstname, lastname, dateofbirth, gender) VALUES (4543, '', 'Fricker', 'Sabine', '1.1.1957.', 'p');
insert into CandidatesData (idno) VALUES (4543);
insert into PartyMembership (pid, idno) VALUES (13, 4543);
insert into Landeslistenplatz (llid, idno, position) VALUES (82, 4543, 2);
insert into Citizen (idno, title, firstname, lastname, dateofbirth, gender) VALUES (4544, '', 'Friedel', 'Lea Joy', '1.1.1993.', 'p');
insert into CandidatesData (idno) VALUES (4544);
insert into PartyMembership (pid, idno) VALUES (31, 4544);
insert into Candidacy (wkid, idno) VALUES (384, 4544);
insert into Citizen (idno, title, firstname, lastname, dateofbirth, gender) VALUES (4545, '', 'Friedhoff', 'Peter', '1.1.1970.', 'p');
insert into CandidatesData (idno) VALUES (4545);
insert into PartyMembership (pid, idno) VALUES (4, 4545);
insert into Candidacy (wkid, idno) VALUES (331, 4545);
insert into Landeslistenplatz (llid, idno, position) VALUES (127, 4545, 13);
insert into Citizen (idno, title, firstname, lastname, dateofbirth, gender) VALUES (4546, 'Dr. ', 'Friedrich', 'Hans-Peter', '1.1.1957.', 'p');
insert into CandidatesData (idno) VALUES (4546);
insert into PartyMembership (pid, idno) VALUES (9, 4546);
insert into Candidacy (wkid, idno) VALUES (538, 4546);
insert into Landeslistenplatz (llid, idno, position) VALUES (47, 4546, 2);
insert into Citizen (idno, title, firstname, lastname, dateofbirth, gender) VALUES (4547, '', 'Friedrich', 'Klaus-Jürgen', '1.1.1950.', 'p');
insert into CandidatesData (idno) VALUES (4547);
insert into PartyMembership (pid, idno) VALUES (4, 4547);
insert into Candidacy (wkid, idno) VALUES (501, 4547);
insert into Landeslistenplatz (llid, idno, position) VALUES (120, 4547, 7);
insert into Citizen (idno, title, firstname, lastname, dateofbirth, gender) VALUES (4548, '', 'Friedrich', 'Marcus', '1.1.1973.', 'p');
insert into CandidatesData (idno) VALUES (4548);
insert into PartyMembership (pid, idno) VALUES (7, 4548);
insert into Candidacy (wkid, idno) VALUES (389, 4548);
insert into Citizen (idno, title, firstname, lastname, dateofbirth, gender) VALUES (4549, '', 'Friedrich', 'Peter', '1.1.1957.', 'p');
insert into CandidatesData (idno) VALUES (4549);
insert into PartyMembership (pid, idno) VALUES (33, 4549);
insert into Candidacy (wkid, idno) VALUES (561, 4549);
insert into Citizen (idno, title, firstname, lastname, dateofbirth, gender) VALUES (4550, '', 'Friedrich', 'Ralf', '1.1.1966.', 'p');
insert into CandidatesData (idno) VALUES (4550);
insert into PartyMembership (pid, idno) VALUES (1, 4550);
insert into Landeslistenplatz (llid, idno, position) VALUES (97, 4550, 13);
insert into Citizen (idno, title, firstname, lastname, dateofbirth, gender) VALUES (4551, '', 'Friemann-Jennert', 'Maika', '1.1.1964.', 'p');
insert into CandidatesData (idno) VALUES (4551);
insert into PartyMembership (pid, idno) VALUES (12, 4551);
insert into Landeslistenplatz (llid, idno, position) VALUES (191, 4551, 9);
insert into Citizen (idno, title, firstname, lastname, dateofbirth, gender) VALUES (4552, '', 'Fries', 'Jan Burkhard', '1.1.1984.', 'p');
insert into CandidatesData (idno) VALUES (4552);
insert into PartyMembership (pid, idno) VALUES (1, 4552);
insert into Candidacy (wkid, idno) VALUES (549, 4552);
insert into Citizen (idno, title, firstname, lastname, dateofbirth, gender) VALUES (4553, '', 'Friese', 'Adrian', '1.1.1989.', 'p');
insert into CandidatesData (idno) VALUES (4553);
insert into PartyMembership (pid, idno) VALUES (7, 4553);
insert into Candidacy (wkid, idno) VALUES (579, 4553);
insert into Citizen (idno, title, firstname, lastname, dateofbirth, gender) VALUES (4554, '', 'Frieser', 'Michael Edwin', '1.1.1964.', 'p');
insert into CandidatesData (idno) VALUES (4554);
insert into PartyMembership (pid, idno) VALUES (9, 4554);
insert into Candidacy (wkid, idno) VALUES (544, 4554);
insert into Landeslistenplatz (llid, idno, position) VALUES (47, 4554, 16);
insert into Citizen (idno, title, firstname, lastname, dateofbirth, gender) VALUES (4555, '', 'Frings', 'Hans-Josef', '1.1.1958.', 'p');
insert into CandidatesData (idno) VALUES (4555);
insert into PartyMembership (pid, idno) VALUES (33, 4555);
insert into Candidacy (wkid, idno) VALUES (396, 4555);
insert into Landeslistenplatz (llid, idno, position) VALUES (80, 4555, 37);
insert into Citizen (idno, title, firstname, lastname, dateofbirth, gender) VALUES (4556, '', 'Fritsche', 'Nicole', '1.1.1979.', 'p');
insert into CandidatesData (idno) VALUES (4556);
insert into PartyMembership (pid, idno) VALUES (3, 4556);
insert into Candidacy (wkid, idno) VALUES (520, 4556);
insert into Landeslistenplatz (llid, idno, position) VALUES (174, 4556, 5);
insert into Citizen (idno, title, firstname, lastname, dateofbirth, gender) VALUES (4557, 'Dr. ', 'Fritz', 'Martin Ulrich', '1.1.1956.', 'p');
insert into CandidatesData (idno) VALUES (4557);
insert into PartyMembership (pid, idno) VALUES (33, 4557);
insert into Candidacy (wkid, idno) VALUES (417, 4557);
insert into Citizen (idno, title, firstname, lastname, dateofbirth, gender) VALUES (4558, '', 'Fritzen', 'Maria-Elisabeth', '1.1.1962.', 'p');
insert into CandidatesData (idno) VALUES (4558);
insert into PartyMembership (pid, idno) VALUES (5, 4558);
insert into Candidacy (wkid, idno) VALUES (308, 4558);
insert into Citizen (idno, title, firstname, lastname, dateofbirth, gender) VALUES (4559, 'Dr. ', 'Fröhlich', 'Patrick', '1.1.1981.', 'p');
insert into CandidatesData (idno) VALUES (4559);
insert into PartyMembership (pid, idno) VALUES (9, 4559);
insert into Landeslistenplatz (llid, idno, position) VALUES (47, 4559, 57);
insert into Citizen (idno, title, firstname, lastname, dateofbirth, gender) VALUES (4560, '', 'Fröhlich', 'Jakobus', '1.1.1945.', 'p');
insert into CandidatesData (idno) VALUES (4560);
insert into PartyMembership (pid, idno) VALUES (13, 4560);
insert into Candidacy (wkid, idno) VALUES (438, 4560);
insert into Citizen (idno, title, firstname, lastname, dateofbirth, gender) VALUES (4561, 'Dr. ', 'Frölich', 'Walter', '1.1.1948.', 'p');
insert into CandidatesData (idno) VALUES (4561);
insert into PartyMembership (pid, idno) VALUES (36, 4561);
insert into Candidacy (wkid, idno) VALUES (565, 4561);
insert into Landeslistenplatz (llid, idno, position) VALUES (118, 4561, 14);
insert into Citizen (idno, title, firstname, lastname, dateofbirth, gender) VALUES (4562, '', 'Frölich', 'Günther', '1.1.1954.', 'p');
insert into CandidatesData (idno) VALUES (4562);
insert into PartyMembership (pid, idno) VALUES (32, 4562);
insert into Candidacy (wkid, idno) VALUES (564, 4562);
insert into Landeslistenplatz (llid, idno, position) VALUES (91, 4562, 11);
insert into Citizen (idno, title, firstname, lastname, dateofbirth, gender) VALUES (4563, '', 'Frömgen', 'Wilhelm Alexander', '1.1.1982.', 'p');
insert into CandidatesData (idno) VALUES (4563);
insert into PartyMembership (pid, idno) VALUES (7, 4563);
insert into Candidacy (wkid, idno) VALUES (409, 4563);
insert into Citizen (idno, title, firstname, lastname, dateofbirth, gender) VALUES (4564, '', 'Frömming', 'Götz', '1.1.1968.', 'p');
insert into CandidatesData (idno) VALUES (4564);
insert into PartyMembership (pid, idno) VALUES (33, 4564);
insert into Landeslistenplatz (llid, idno, position) VALUES (129, 4564, 9);
insert into Citizen (idno, title, firstname, lastname, dateofbirth, gender) VALUES (4565, '', 'Frünke', 'Manfred Stefan', '1.1.1955.', 'p');
insert into CandidatesData (idno) VALUES (4565);
insert into PartyMembership (pid, idno) VALUES (4, 4565);
insert into Candidacy (wkid, idno) VALUES (462, 4565);
insert into Landeslistenplatz (llid, idno, position) VALUES (158, 4565, 9);
insert into Citizen (idno, title, firstname, lastname, dateofbirth, gender) VALUES (4566, '', 'Fuchs', 'Claudia', '1.1.1965.', 'p');
insert into CandidatesData (idno) VALUES (4566);
insert into PartyMembership (pid, idno) VALUES (4, 4566);
insert into Landeslistenplatz (llid, idno, position) VALUES (52, 4566, 3);
insert into Citizen (idno, title, firstname, lastname, dateofbirth, gender) VALUES (4567, '', 'Fuchs', 'David', '1.1.1987.', 'p');
insert into CandidatesData (idno) VALUES (4567);
insert into PartyMembership (pid, idno) VALUES (31, 4567);
insert into Landeslistenplatz (llid, idno, position) VALUES (123, 4567, 18);
insert into Citizen (idno, title, firstname, lastname, dateofbirth, gender) VALUES (4568, 'Dr. ', 'Fuchs', 'Michael', '1.1.1949.', 'p');
insert into CandidatesData (idno) VALUES (4568);
insert into PartyMembership (pid, idno) VALUES (12, 4568);
insert into Candidacy (wkid, idno) VALUES (499, 4568);
insert into Landeslistenplatz (llid, idno, position) VALUES (138, 4568, 5);
insert into Citizen (idno, title, firstname, lastname, dateofbirth, gender) VALUES (4569, '', 'Fuchs', 'Harald Roland', '1.1.1966.', 'p');
insert into CandidatesData (idno) VALUES (4569);
insert into PartyMembership (pid, idno) VALUES (5, 4569);
insert into Candidacy (wkid, idno) VALUES (543, 4569);
insert into Landeslistenplatz (llid, idno, position) VALUES (65, 4569, 26);
insert into Citizen (idno, title, firstname, lastname, dateofbirth, gender) VALUES (4570, '', 'Fuchs', 'Horst', '1.1.1944.', 'p');
insert into CandidatesData (idno) VALUES (4570);
insert into PartyMembership (pid, idno) VALUES (1, 4570);
insert into Candidacy (wkid, idno) VALUES (547, 4570);
insert into Citizen (idno, title, firstname, lastname, dateofbirth, gender) VALUES (4571, '', 'Fuchs', 'Klaus', '1.1.1954.', 'p');
insert into CandidatesData (idno) VALUES (4571);
insert into PartyMembership (pid, idno) VALUES (13, 4571);
insert into LandesListe (llid, year, pid, fsid) VALUES (227, 2013, 13, 8);
insert into Landeslistenplatz (llid, idno, position) VALUES (227, 4571, 5);
insert into Citizen (idno, title, firstname, lastname, dateofbirth, gender) VALUES (4572, '', 'Fuchs', 'Marcel', '1.1.1979.', 'p');
insert into CandidatesData (idno) VALUES (4572);
insert into PartyMembership (pid, idno) VALUES (19, 4572);
insert into Landeslistenplatz (llid, idno, position) VALUES (99, 4572, 13);
insert into Citizen (idno, title, firstname, lastname, dateofbirth, gender) VALUES (4573, '', 'Fuchs', 'Sandra', '1.1.1967.', 'p');
insert into CandidatesData (idno) VALUES (4573);
insert into PartyMembership (pid, idno) VALUES (33, 4573);
insert into Landeslistenplatz (llid, idno, position) VALUES (111, 4573, 8);
insert into Citizen (idno, title, firstname, lastname, dateofbirth, gender) VALUES (4574, '', 'Fuchs', 'Steffen', '1.1.1970.', 'p');
insert into CandidatesData (idno) VALUES (4574);
insert into PartyMembership (pid, idno) VALUES (5, 4574);
insert into Candidacy (wkid, idno) VALUES (491, 4574);
insert into Landeslistenplatz (llid, idno, position) VALUES (172, 4574, 8);
insert into Citizen (idno, title, firstname, lastname, dateofbirth, gender) VALUES (4575, '', 'Fuchtel', 'Hans-Joachim', '1.1.1952.', 'p');
insert into CandidatesData (idno) VALUES (4575);
insert into PartyMembership (pid, idno) VALUES (12, 4575);
insert into Candidacy (wkid, idno) VALUES (579, 4575);
insert into Citizen (idno, title, firstname, lastname, dateofbirth, gender) VALUES (4576, '', 'Füsers', 'Stefan', '1.1.1980.', 'p');
insert into CandidatesData (idno) VALUES (4576);
insert into Candidacy (wkid, idno) VALUES (317, 4576);
insert into Citizen (idno, title, firstname, lastname, dateofbirth, gender) VALUES (4577, '', 'Fuhl', 'Wolfgang', '1.1.1960.', 'p');
insert into CandidatesData (idno) VALUES (4577);
insert into PartyMembership (pid, idno) VALUES (33, 4577);
insert into Candidacy (wkid, idno) VALUES (581, 4577);
insert into Citizen (idno, title, firstname, lastname, dateofbirth, gender) VALUES (4578, '', 'Fuhrer', 'Christian', '1.1.1962.', 'p');
insert into CandidatesData (idno) VALUES (4578);
insert into PartyMembership (pid, idno) VALUES (19, 4578);
insert into LandesListe (llid, year, pid, fsid) VALUES (228, 2013, 19, 42);
insert into Landeslistenplatz (llid, idno, position) VALUES (228, 4578, 2);
insert into Citizen (idno, title, firstname, lastname, dateofbirth, gender) VALUES (4579, '', 'Fulde', 'Joachim Paul Bernhard', '1.1.1948.', 'p');
insert into CandidatesData (idno) VALUES (4579);
insert into PartyMembership (pid, idno) VALUES (32, 4579);
insert into Candidacy (wkid, idno) VALUES (542, 4579);
insert into Landeslistenplatz (llid, idno, position) VALUES (33, 4579, 34);
insert into Citizen (idno, title, firstname, lastname, dateofbirth, gender) VALUES (4580, '', 'Funk', 'Alexander', '1.1.1974.', 'p');
insert into CandidatesData (idno) VALUES (4580);
insert into PartyMembership (pid, idno) VALUES (12, 4580);
insert into Candidacy (wkid, idno) VALUES (598, 4580);
insert into Landeslistenplatz (llid, idno, position) VALUES (53, 4580, 4);
insert into Citizen (idno, title, firstname, lastname, dateofbirth, gender) VALUES (4581, '', 'Funk', 'Reinhard Johannes', '1.1.1958.', 'p');
insert into CandidatesData (idno) VALUES (4581);
insert into PartyMembership (pid, idno) VALUES (13, 4581);
insert into Candidacy (wkid, idno) VALUES (437, 4581);
insert into Citizen (idno, title, firstname, lastname, dateofbirth, gender) VALUES (4582, '', 'Funke', 'Anne', '1.1.1988.', 'p');
insert into CandidatesData (idno) VALUES (4582);
insert into PartyMembership (pid, idno) VALUES (7, 4582);
insert into Landeslistenplatz (llid, idno, position) VALUES (175, 4582, 3);
insert into Citizen (idno, title, firstname, lastname, dateofbirth, gender) VALUES (4583, '', 'Furch', 'Bernhard', '1.1.1959.', 'p');
insert into CandidatesData (idno) VALUES (4583);
insert into PartyMembership (pid, idno) VALUES (7, 4583);
insert into Candidacy (wkid, idno) VALUES (506, 4583);
insert into Citizen (idno, title, firstname, lastname, dateofbirth, gender) VALUES (4584, '', 'Gaarz', 'Timo', '1.1.1977.', 'p');
insert into CandidatesData (idno) VALUES (4584);
insert into PartyMembership (pid, idno) VALUES (12, 4584);
insert into Landeslistenplatz (llid, idno, position) VALUES (159, 4584, 23);
insert into Citizen (idno, title, firstname, lastname, dateofbirth, gender) VALUES (4585, '', 'Gabbert', 'Klaus-Dieter', '1.1.1959.', 'p');
insert into CandidatesData (idno) VALUES (4585);
insert into PartyMembership (pid, idno) VALUES (32, 4585);
insert into Candidacy (wkid, idno) VALUES (313, 4585);
insert into Landeslistenplatz (llid, idno, position) VALUES (101, 4585, 4);
insert into Citizen (idno, title, firstname, lastname, dateofbirth, gender) VALUES (4586, '', 'Gabler', 'Norman', '1.1.1958.', 'p');
insert into CandidatesData (idno) VALUES (4586);
insert into PartyMembership (pid, idno) VALUES (4, 4586);
insert into Landeslistenplatz (llid, idno, position) VALUES (116, 4586, 24);
insert into Citizen (idno, title, firstname, lastname, dateofbirth, gender) VALUES (4587, '', 'Gabriel', 'Sigmar', '1.1.1959.', 'p');
insert into CandidatesData (idno) VALUES (4587);
insert into PartyMembership (pid, idno) VALUES (2, 4587);
insert into Candidacy (wkid, idno) VALUES (348, 4587);
insert into Landeslistenplatz (llid, idno, position) VALUES (69, 4587, 1);
insert into Citizen (idno, title, firstname, lastname, dateofbirth, gender) VALUES (4588, '', 'Gabriel', 'Udo', '1.1.1956.', 'p');
insert into CandidatesData (idno) VALUES (4588);
insert into PartyMembership (pid, idno) VALUES (3, 4588);
insert into Candidacy (wkid, idno) VALUES (444, 4588);
insert into Landeslistenplatz (llid, idno, position) VALUES (95, 4588, 28);
insert into Citizen (idno, title, firstname, lastname, dateofbirth, gender) VALUES (4589, 'Dr. ', 'Gade', 'Gunther Dietrich', '1.1.1973.', 'p');
insert into CandidatesData (idno) VALUES (4589);
insert into PartyMembership (pid, idno) VALUES (33, 4589);
insert into LandesListe (llid, year, pid, fsid) VALUES (229, 2013, 33, 42);
insert into Landeslistenplatz (llid, idno, position) VALUES (229, 4589, 3);
insert into Citizen (idno, title, firstname, lastname, dateofbirth, gender) VALUES (4590, '', 'Gäbel', 'Hans-Jürgen', '1.1.1946.', 'p');
insert into CandidatesData (idno) VALUES (4590);
insert into Candidacy (wkid, idno) VALUES (557, 4590);
insert into Citizen (idno, title, firstname, lastname, dateofbirth, gender) VALUES (4591, '', 'Gädechens', 'Ingo', '1.1.1960.', 'p');
insert into CandidatesData (idno) VALUES (4591);
insert into PartyMembership (pid, idno) VALUES (12, 4591);
insert into Candidacy (wkid, idno) VALUES (308, 4591);
insert into Landeslistenplatz (llid, idno, position) VALUES (159, 4591, 7);
insert into Citizen (idno, title, firstname, lastname, dateofbirth, gender) VALUES (4592, '', 'Gärtner', 'Andreas', '1.1.1963.', 'p');
insert into CandidatesData (idno) VALUES (4592);
insert into PartyMembership (pid, idno) VALUES (7, 4592);
insert into Candidacy (wkid, idno) VALUES (393, 4592);
insert into Citizen (idno, title, firstname, lastname, dateofbirth, gender) VALUES (4593, '', 'Gärtner', 'Gabriele', '1.1.1977.', 'p');
insert into CandidatesData (idno) VALUES (4593);
insert into PartyMembership (pid, idno) VALUES (13, 4593);
insert into Candidacy (wkid, idno) VALUES (402, 4593);
insert into Landeslistenplatz (llid, idno, position) VALUES (34, 4593, 2);
insert into Citizen (idno, title, firstname, lastname, dateofbirth, gender) VALUES (4594, '', 'Gärtner', 'Joachim Karl Ludolf', '1.1.1948.', 'p');
insert into CandidatesData (idno) VALUES (4594);
insert into PartyMembership (pid, idno) VALUES (13, 4594);
insert into Candidacy (wkid, idno) VALUES (467, 4594);
insert into LandesListe (llid, year, pid, fsid) VALUES (230, 2013, 13, 9);
insert into Landeslistenplatz (llid, idno, position) VALUES (230, 4594, 3);
insert into Citizen (idno, title, firstname, lastname, dateofbirth, gender) VALUES (4595, '', 'Gärtner', 'Johann Karl', '1.1.1950.', 'p');
insert into CandidatesData (idno) VALUES (4595);
insert into PartyMembership (pid, idno) VALUES (19, 4595);
insert into Landeslistenplatz (llid, idno, position) VALUES (40, 4595, 1);
insert into Citizen (idno, title, firstname, lastname, dateofbirth, gender) VALUES (4596, '', 'Gärtner', 'Lisa Ursula', '1.1.1986.', 'p');
insert into CandidatesData (idno) VALUES (4596);
insert into PartyMembership (pid, idno) VALUES (13, 4596);
insert into Landeslistenplatz (llid, idno, position) VALUES (211, 4596, 4);
insert into Citizen (idno, title, firstname, lastname, dateofbirth, gender) VALUES (4597, '', 'Gärtner', 'Mario', '1.1.1980.', 'p');
insert into CandidatesData (idno) VALUES (4597);
insert into PartyMembership (pid, idno) VALUES (7, 4597);
insert into Candidacy (wkid, idno) VALUES (332, 4597);
insert into Citizen (idno, title, firstname, lastname, dateofbirth, gender) VALUES (4598, '', 'Gärtner', 'Stephan Johann', '1.1.1976.', 'p');
insert into CandidatesData (idno) VALUES (4598);
insert into PartyMembership (pid, idno) VALUES (19, 4598);
insert into Landeslistenplatz (llid, idno, position) VALUES (40, 4598, 37);
insert into Citizen (idno, title, firstname, lastname, dateofbirth, gender) VALUES (4599, '', 'Gaisenkersting', 'Hans Dietmar', '1.1.1967.', 'p');
insert into CandidatesData (idno) VALUES (4599);
insert into PartyMembership (pid, idno) VALUES (26, 4599);
insert into LandesListe (llid, year, pid, fsid) VALUES (231, 2013, 26, 5);
insert into Landeslistenplatz (llid, idno, position) VALUES (231, 4599, 1);
insert into Citizen (idno, title, firstname, lastname, dateofbirth, gender) VALUES (4600, '', 'Gaitzsch', 'Torsten Matthias', '1.1.1981.', 'p');
insert into CandidatesData (idno) VALUES (4600);
insert into PartyMembership (pid, idno) VALUES (31, 4600);
insert into Landeslistenplatz (llid, idno, position) VALUES (79, 4600, 15);
insert into Citizen (idno, title, firstname, lastname, dateofbirth, gender) VALUES (4601, 'Dr. ', 'Gallandi', 'Volker', '1.1.1955.', 'p');
insert into CandidatesData (idno) VALUES (4601);
insert into PartyMembership (pid, idno) VALUES (32, 4601);
insert into Candidacy (wkid, idno) VALUES (487, 4601);
insert into Landeslistenplatz (llid, idno, position) VALUES (141, 4601, 2);
insert into Citizen (idno, title, firstname, lastname, dateofbirth, gender) VALUES (4602, '', 'Galle', 'Ronald', '1.1.1957.', 'p');
insert into CandidatesData (idno) VALUES (4602);
insert into PartyMembership (pid, idno) VALUES (10, 4602);
insert into Landeslistenplatz (llid, idno, position) VALUES (177, 4602, 6);
insert into Citizen (idno, title, firstname, lastname, dateofbirth, gender) VALUES (4603, '', 'Gallina', 'Anna', '1.1.1983.', 'p');
insert into CandidatesData (idno) VALUES (4603);
insert into PartyMembership (pid, idno) VALUES (5, 4603);
insert into Candidacy (wkid, idno) VALUES (319, 4603);
insert into Landeslistenplatz (llid, idno, position) VALUES (146, 4603, 5);
insert into Citizen (idno, title, firstname, lastname, dateofbirth, gender) VALUES (4604, 'Dr. ', 'Gambke', 'Thomas', '1.1.1949.', 'p');
insert into CandidatesData (idno) VALUES (4604);
insert into PartyMembership (pid, idno) VALUES (5, 4604);
insert into Candidacy (wkid, idno) VALUES (527, 4604);
insert into Landeslistenplatz (llid, idno, position) VALUES (65, 4604, 8);
insert into Citizen (idno, title, firstname, lastname, dateofbirth, gender) VALUES (4605, '', 'Ganskow', 'Thomas Ernst Erich Emil', '1.1.1967.', 'p');
insert into CandidatesData (idno) VALUES (4605);
insert into PartyMembership (pid, idno) VALUES (7, 4605);
insert into Landeslistenplatz (llid, idno, position) VALUES (94, 4605, 14);
insert into Citizen (idno, title, firstname, lastname, dateofbirth, gender) VALUES (4606, '', 'Gansky', 'Peter', '1.1.1961.', 'p');
insert into CandidatesData (idno) VALUES (4606);
insert into PartyMembership (pid, idno) VALUES (36, 4606);
insert into Candidacy (wkid, idno) VALUES (567, 4606);
insert into Citizen (idno, title, firstname, lastname, dateofbirth, gender) VALUES (4607, '', 'Garbe', 'Heinrich Theodor', '1.1.1955.', 'p');
insert into CandidatesData (idno) VALUES (4607);
insert into PartyMembership (pid, idno) VALUES (33, 4607);
insert into Landeslistenplatz (llid, idno, position) VALUES (80, 4607, 36);
insert into Citizen (idno, title, firstname, lastname, dateofbirth, gender) VALUES (4608, '', 'Garbracht', 'Kerstin', '1.1.1957.', 'p');
insert into CandidatesData (idno) VALUES (4608);
insert into PartyMembership (pid, idno) VALUES (33, 4608);
insert into Candidacy (wkid, idno) VALUES (405, 4608);
insert into Landeslistenplatz (llid, idno, position) VALUES (80, 4608, 8);
insert into Citizen (idno, title, firstname, lastname, dateofbirth, gender) VALUES (4609, '', 'Garcia Garcia', 'Irene Veronika', '1.1.1957.', 'p');
insert into CandidatesData (idno) VALUES (4609);
insert into PartyMembership (pid, idno) VALUES (29, 4609);
insert into Landeslistenplatz (llid, idno, position) VALUES (31, 4609, 1);
insert into Citizen (idno, title, firstname, lastname, dateofbirth, gender) VALUES (4610, '', 'Garcia', 'Annette', '1.1.1976.', 'p');
insert into CandidatesData (idno) VALUES (4610);
insert into PartyMembership (pid, idno) VALUES (32, 4610);
insert into Candidacy (wkid, idno) VALUES (491, 4610);
insert into Landeslistenplatz (llid, idno, position) VALUES (145, 4610, 2);
insert into Citizen (idno, title, firstname, lastname, dateofbirth, gender) VALUES (4611, '', 'Garnier von', 'Mark Anthony', '1.1.1972.', 'p');
insert into CandidatesData (idno) VALUES (4611);
insert into PartyMembership (pid, idno) VALUES (22, 4611);
insert into Candidacy (wkid, idno) VALUES (508, 4611);
insert into Citizen (idno, title, firstname, lastname, dateofbirth, gender) VALUES (4612, '', 'Gastel', 'Matthias', '1.1.1970.', 'p');
insert into CandidatesData (idno) VALUES (4612);
insert into PartyMembership (pid, idno) VALUES (5, 4612);
insert into Candidacy (wkid, idno) VALUES (561, 4612);
insert into Landeslistenplatz (llid, idno, position) VALUES (61, 4612, 10);
insert into Citizen (idno, title, firstname, lastname, dateofbirth, gender) VALUES (4613, '', 'Gatter', 'Jens', '1.1.1986.', 'p');
insert into CandidatesData (idno) VALUES (4613);
insert into PartyMembership (pid, idno) VALUES (1, 4613);
insert into Candidacy (wkid, idno) VALUES (450, 4613);
insert into Citizen (idno, title, firstname, lastname, dateofbirth, gender) VALUES (4614, '', 'Gattner', 'Thomas', '1.1.1982.', 'p');
insert into CandidatesData (idno) VALUES (4614);
insert into PartyMembership (pid, idno) VALUES (32, 4614);
insert into Candidacy (wkid, idno) VALUES (433, 4614);
insert into Landeslistenplatz (llid, idno, position) VALUES (143, 4614, 9);
insert into Citizen (idno, title, firstname, lastname, dateofbirth, gender) VALUES (4615, '', 'Gatz', 'Cornelia', '1.1.1973.', 'p');
insert into CandidatesData (idno) VALUES (4615);
insert into PartyMembership (pid, idno) VALUES (29, 4615);
insert into Landeslistenplatz (llid, idno, position) VALUES (31, 4615, 33);
insert into Citizen (idno, title, firstname, lastname, dateofbirth, gender) VALUES (4616, 'Dr. ', 'Gauland', 'Alexander Eberhardt', '1.1.1941.', 'p');
insert into CandidatesData (idno) VALUES (4616);
insert into PartyMembership (pid, idno) VALUES (33, 4616);
insert into Landeslistenplatz (llid, idno, position) VALUES (156, 4616, 1);
insert into Citizen (idno, title, firstname, lastname, dateofbirth, gender) VALUES (4617, '', 'Gaus', 'Alexander', '1.1.1984.', 'p');
insert into CandidatesData (idno) VALUES (4617);
insert into PartyMembership (pid, idno) VALUES (5, 4617);
insert into Candidacy (wkid, idno) VALUES (592, 4617);
insert into Landeslistenplatz (llid, idno, position) VALUES (61, 4617, 30);
insert into Citizen (idno, title, firstname, lastname, dateofbirth, gender) VALUES (4618, 'Dr. ', 'Gaus', 'Henning', '1.1.1958.', 'p');
insert into CandidatesData (idno) VALUES (4618);
insert into PartyMembership (pid, idno) VALUES (32, 4618);
insert into Candidacy (wkid, idno) VALUES (571, 4618);
insert into Citizen (idno, title, firstname, lastname, dateofbirth, gender) VALUES (4619, '', 'Gausmann', 'Stephanus', '1.1.1965.', 'p');
insert into CandidatesData (idno) VALUES (4619);
insert into PartyMembership (pid, idno) VALUES (17, 4619);
insert into Landeslistenplatz (llid, idno, position) VALUES (128, 4619, 4);
insert into Citizen (idno, title, firstname, lastname, dateofbirth, gender) VALUES (4620, 'Dr. ', 'Gauweiler', 'Peter', '1.1.1949.', 'p');
insert into CandidatesData (idno) VALUES (4620);
insert into PartyMembership (pid, idno) VALUES (9, 4620);
insert into Candidacy (wkid, idno) VALUES (519, 4620);
insert into Citizen (idno, title, firstname, lastname, dateofbirth, gender) VALUES (4621, '', 'Geb', 'Christiane', '1.1.1958.', 'p');
insert into CandidatesData (idno) VALUES (4621);
insert into PartyMembership (pid, idno) VALUES (33, 4621);
insert into Candidacy (wkid, idno) VALUES (404, 4621);
insert into Citizen (idno, title, firstname, lastname, dateofbirth, gender) VALUES (4622, '', 'Gebauer', 'Steffen Lars', '1.1.1971.', 'p');
insert into CandidatesData (idno) VALUES (4622);
insert into PartyMembership (pid, idno) VALUES (33, 4622);
insert into Landeslistenplatz (llid, idno, position) VALUES (140, 4622, 24);
insert into Citizen (idno, title, firstname, lastname, dateofbirth, gender) VALUES (4623, '', 'Gebert', 'Torsten', '1.1.1972.', 'p');
insert into CandidatesData (idno) VALUES (4623);
insert into PartyMembership (pid, idno) VALUES (4, 4623);
insert into Landeslistenplatz (llid, idno, position) VALUES (104, 4623, 8);
insert into Citizen (idno, title, firstname, lastname, dateofbirth, gender) VALUES (4624, '', 'Gebhardt', 'Herbert Alexander', '1.1.1944.', 'p');
insert into CandidatesData (idno) VALUES (4624);
insert into PartyMembership (pid, idno) VALUES (36, 4624);
insert into Candidacy (wkid, idno) VALUES (575, 4624);
insert into Landeslistenplatz (llid, idno, position) VALUES (118, 4624, 8);
insert into Citizen (idno, title, firstname, lastname, dateofbirth, gender) VALUES (4625, 'Dr. ', 'Gebhart', 'Thomas', '1.1.1971.', 'p');
insert into CandidatesData (idno) VALUES (4625);
insert into PartyMembership (pid, idno) VALUES (12, 4625);
insert into Candidacy (wkid, idno) VALUES (511, 4625);
insert into Landeslistenplatz (llid, idno, position) VALUES (138, 4625, 8);
insert into Citizen (idno, title, firstname, lastname, dateofbirth, gender) VALUES (4626, '', 'Gebhart', 'Viktor Maria', '1.1.1985.', 'p');
insert into CandidatesData (idno) VALUES (4626);
insert into PartyMembership (pid, idno) VALUES (42, 4626);
insert into Landeslistenplatz (llid, idno, position) VALUES (214, 4626, 3);
insert into Citizen (idno, title, firstname, lastname, dateofbirth, gender) VALUES (4627, '', 'Gecgel', 'Ali Riza', '1.1.1970.', 'p');
insert into CandidatesData (idno) VALUES (4627);
insert into PartyMembership (pid, idno) VALUES (13, 4627);
insert into Landeslistenplatz (llid, idno, position) VALUES (34, 4627, 12);
insert into Citizen (idno, title, firstname, lastname, dateofbirth, gender) VALUES (4628, '', 'Gehrcke-Reymann', 'Wolfgang', '1.1.1943.', 'p');
insert into CandidatesData (idno) VALUES (4628);
insert into PartyMembership (pid, idno) VALUES (3, 4628);
insert into Candidacy (wkid, idno) VALUES (482, 4628);
insert into Landeslistenplatz (llid, idno, position) VALUES (43, 4628, 2);
insert into Citizen (idno, title, firstname, lastname, dateofbirth, gender) VALUES (4629, '', 'Gehring', 'Kai Boris', '1.1.1977.', 'p');
insert into CandidatesData (idno) VALUES (4629);
insert into PartyMembership (pid, idno) VALUES (5, 4629);
insert into Candidacy (wkid, idno) VALUES (419, 4629);
insert into Landeslistenplatz (llid, idno, position) VALUES (83, 4629, 10);
insert into Citizen (idno, title, firstname, lastname, dateofbirth, gender) VALUES (4630, 'Dr. ', 'Gehrke', 'Axel', '1.1.1942.', 'p');
insert into CandidatesData (idno) VALUES (4630);
insert into PartyMembership (pid, idno) VALUES (33, 4630);
insert into Candidacy (wkid, idno) VALUES (309, 4630);
insert into Landeslistenplatz (llid, idno, position) VALUES (111, 4630, 9);
insert into Citizen (idno, title, firstname, lastname, dateofbirth, gender) VALUES (4631, '', 'Geider', 'Bernd', '1.1.1953.', 'p');
insert into CandidatesData (idno) VALUES (4631);
insert into PartyMembership (pid, idno) VALUES (1, 4631);
insert into Candidacy (wkid, idno) VALUES (559, 4631);
insert into Citizen (idno, title, firstname, lastname, dateofbirth, gender) VALUES (4632, '', 'Geiger', 'Alexander', '1.1.1981.', 'p');
insert into CandidatesData (idno) VALUES (4632);
insert into PartyMembership (pid, idno) VALUES (5, 4632);
insert into Candidacy (wkid, idno) VALUES (577, 4632);
insert into Landeslistenplatz (llid, idno, position) VALUES (61, 4632, 28);
insert into Citizen (idno, title, firstname, lastname, dateofbirth, gender) VALUES (4633, '', 'Geiger', 'Markus', '1.1.1979.', 'p');
insert into CandidatesData (idno) VALUES (4633);
insert into PartyMembership (pid, idno) VALUES (35, 4633);
insert into Landeslistenplatz (llid, idno, position) VALUES (57, 4633, 15);
insert into Citizen (idno, title, firstname, lastname, dateofbirth, gender) VALUES (4634, '', 'Geiger', 'Ronald', '1.1.1969.', 'p');
insert into CandidatesData (idno) VALUES (4634);
insert into PartyMembership (pid, idno) VALUES (33, 4634);
insert into Candidacy (wkid, idno) VALUES (557, 4634);
insert into Landeslistenplatz (llid, idno, position) VALUES (140, 4634, 2);
insert into Citizen (idno, title, firstname, lastname, dateofbirth, gender) VALUES (4635, '', 'Geis', 'Nedeljka', '1.1.1971.', 'p');
insert into CandidatesData (idno) VALUES (4635);
insert into PartyMembership (pid, idno) VALUES (2, 4635);
insert into Landeslistenplatz (llid, idno, position) VALUES (71, 4635, 23);
insert into Citizen (idno, title, firstname, lastname, dateofbirth, gender) VALUES (4636, '', 'Geislinger', 'Robert', '1.1.1988.', 'p');
insert into CandidatesData (idno) VALUES (4636);
insert into PartyMembership (pid, idno) VALUES (7, 4636);
insert into Candidacy (wkid, idno) VALUES (335, 4636);
insert into Citizen (idno, title, firstname, lastname, dateofbirth, gender) VALUES (4637, '', 'Geissler', 'Jonas Alexander Tecumseh', '1.1.1984.', 'p');
insert into CandidatesData (idno) VALUES (4637);
insert into PartyMembership (pid, idno) VALUES (9, 4637);
insert into Landeslistenplatz (llid, idno, position) VALUES (47, 4637, 62);
insert into Citizen (idno, title, firstname, lastname, dateofbirth, gender) VALUES (4638, '', 'Geißler', 'Lola Beate Friederike', '1.1.1960.', 'p');
insert into CandidatesData (idno) VALUES (4638);
insert into PartyMembership (pid, idno) VALUES (40, 4638);
insert into Landeslistenplatz (llid, idno, position) VALUES (148, 4638, 10);
insert into Citizen (idno, title, firstname, lastname, dateofbirth, gender) VALUES (4639, 'Dr. ', 'Geng', 'Norbert', '1.1.1965.', 'p');
insert into CandidatesData (idno) VALUES (4639);
insert into PartyMembership (pid, idno) VALUES (35, 4639);
insert into Landeslistenplatz (llid, idno, position) VALUES (66, 4639, 3);
insert into Citizen (idno, title, firstname, lastname, dateofbirth, gender) VALUES (4640, '', 'Genschorek', 'Maria', '1.1.1989.', 'p');
insert into CandidatesData (idno) VALUES (4640);
insert into PartyMembership (pid, idno) VALUES (5, 4640);
insert into Landeslistenplatz (llid, idno, position) VALUES (151, 4640, 7);
insert into Citizen (idno, title, firstname, lastname, dateofbirth, gender) VALUES (4641, '', 'Gentsch', 'Patrick', '1.1.1976.', 'p');
insert into CandidatesData (idno) VALUES (4641);
insert into PartyMembership (pid, idno) VALUES (1, 4641);
insert into Candidacy (wkid, idno) VALUES (464, 4641);
insert into Citizen (idno, title, firstname, lastname, dateofbirth, gender) VALUES (4642, '', 'Georgiou', 'Gabriele', '1.1.1955.', 'p');
insert into CandidatesData (idno) VALUES (4642);
insert into PartyMembership (pid, idno) VALUES (13, 4642);
insert into Landeslistenplatz (llid, idno, position) VALUES (219, 4642, 2);
insert into Citizen (idno, title, firstname, lastname, dateofbirth, gender) VALUES (4643, '', 'Gérard', 'Michel Philippe', '1.1.1979.', 'p');
insert into CandidatesData (idno) VALUES (4643);
insert into PartyMembership (pid, idno) VALUES (31, 4643);
insert into Candidacy (wkid, idno) VALUES (317, 4643);
insert into Landeslistenplatz (llid, idno, position) VALUES (135, 4643, 14);
insert into Citizen (idno, title, firstname, lastname, dateofbirth, gender) VALUES (4644, '', 'Gerber', 'Bernd Bruno', '1.1.1953.', 'p');
insert into CandidatesData (idno) VALUES (4644);
insert into PartyMembership (pid, idno) VALUES (32, 4644);
insert into Landeslistenplatz (llid, idno, position) VALUES (215, 4644, 1);
insert into Citizen (idno, title, firstname, lastname, dateofbirth, gender) VALUES (4645, '', 'Gerdes', 'Michael', '1.1.1960.', 'p');
insert into CandidatesData (idno) VALUES (4645);
insert into PartyMembership (pid, idno) VALUES (2, 4645);
insert into Candidacy (wkid, idno) VALUES (424, 4645);
insert into Landeslistenplatz (llid, idno, position) VALUES (73, 4645, 45);
insert into Citizen (idno, title, firstname, lastname, dateofbirth, gender) VALUES (4646, '', 'Gerig', 'Alois', '1.1.1956.', 'p');
insert into CandidatesData (idno) VALUES (4646);
insert into PartyMembership (pid, idno) VALUES (12, 4646);
insert into Candidacy (wkid, idno) VALUES (575, 4646);
insert into Citizen (idno, title, firstname, lastname, dateofbirth, gender) VALUES (4647, '', 'Gernegroß', 'Andreas', '1.1.1972.', 'p');
insert into CandidatesData (idno) VALUES (4647);
insert into PartyMembership (pid, idno) VALUES (5, 4647);
insert into Landeslistenplatz (llid, idno, position) VALUES (151, 4647, 8);
insert into Citizen (idno, title, firstname, lastname, dateofbirth, gender) VALUES (4648, '', 'Gerr', 'Michael', '1.1.1966.', 'p');
insert into CandidatesData (idno) VALUES (4648);
insert into PartyMembership (pid, idno) VALUES (5, 4648);
insert into Landeslistenplatz (llid, idno, position) VALUES (65, 4648, 22);
insert into Citizen (idno, title, firstname, lastname, dateofbirth, gender) VALUES (4649, '', 'Gersberg', 'Nadine', '1.1.1977.', 'p');
insert into CandidatesData (idno) VALUES (4649);
insert into PartyMembership (pid, idno) VALUES (2, 4649);
insert into Landeslistenplatz (llid, idno, position) VALUES (54, 4649, 30);
insert into Citizen (idno, title, firstname, lastname, dateofbirth, gender) VALUES (4650, '', 'Gerster', 'Martin', '1.1.1971.', 'p');
insert into CandidatesData (idno) VALUES (4650);
insert into PartyMembership (pid, idno) VALUES (2, 4650);
insert into Candidacy (wkid, idno) VALUES (591, 4650);
insert into Landeslistenplatz (llid, idno, position) VALUES (76, 4650, 9);
insert into Citizen (idno, title, firstname, lastname, dateofbirth, gender) VALUES (4651, '', 'Gerstle', 'Hans-Günter', '1.1.1959.', 'p');
insert into CandidatesData (idno) VALUES (4651);
insert into PartyMembership (pid, idno) VALUES (33, 4651);
insert into Landeslistenplatz (llid, idno, position) VALUES (63, 4651, 23);
insert into Citizen (idno, title, firstname, lastname, dateofbirth, gender) VALUES (4652, '', 'Gervelmeyer', 'Ralf', '1.1.1970.', 'p');
insert into CandidatesData (idno) VALUES (4652);
insert into PartyMembership (pid, idno) VALUES (17, 4652);
insert into Candidacy (wkid, idno) VALUES (338, 4652);
insert into Citizen (idno, title, firstname, lastname, dateofbirth, gender) VALUES (4653, '', 'Gerwert', 'Thomas-Dieter', '1.1.1969.', 'p');
insert into CandidatesData (idno) VALUES (4653);
insert into PartyMembership (pid, idno) VALUES (7, 4653);
insert into Landeslistenplatz (llid, idno, position) VALUES (94, 4653, 11);
insert into Citizen (idno, title, firstname, lastname, dateofbirth, gender) VALUES (4654, '', 'Gesinn', 'Antje', '1.1.1965.', 'p');
insert into CandidatesData (idno) VALUES (4654);
insert into PartyMembership (pid, idno) VALUES (5, 4654);
insert into Candidacy (wkid, idno) VALUES (476, 4654);
insert into Landeslistenplatz (llid, idno, position) VALUES (144, 4654, 15);
insert into Citizen (idno, title, firstname, lastname, dateofbirth, gender) VALUES (4655, '', 'Giar', 'Johannes', '1.1.1987.', 'p');
insert into CandidatesData (idno) VALUES (4655);
insert into PartyMembership (pid, idno) VALUES (2, 4655);
insert into Landeslistenplatz (llid, idno, position) VALUES (54, 4655, 39);
insert into Citizen (idno, title, firstname, lastname, dateofbirth, gender) VALUES (4656, '', 'Gienger', 'Eberhard', '1.1.1951.', 'p');
insert into CandidatesData (idno) VALUES (4656);
insert into PartyMembership (pid, idno) VALUES (12, 4656);
insert into Candidacy (wkid, idno) VALUES (565, 4656);
insert into Citizen (idno, title, firstname, lastname, dateofbirth, gender) VALUES (4657, '', 'Giermann', 'Rita Maria', '1.1.1941.', 'p');
insert into CandidatesData (idno) VALUES (4657);
insert into PartyMembership (pid, idno) VALUES (13, 4657);
insert into Landeslistenplatz (llid, idno, position) VALUES (90, 4657, 4);
insert into Citizen (idno, title, firstname, lastname, dateofbirth, gender) VALUES (4658, '', 'Giesbert', 'Tim', '1.1.1980.', 'p');
insert into CandidatesData (idno) VALUES (4658);
insert into PartyMembership (pid, idno) VALUES (5, 4658);
insert into Candidacy (wkid, idno) VALUES (417, 4658);
insert into Citizen (idno, title, firstname, lastname, dateofbirth, gender) VALUES (4659, '', 'Giese', 'Herta-Margarete', '1.1.1935.', 'p');
insert into CandidatesData (idno) VALUES (4659);
insert into PartyMembership (pid, idno) VALUES (42, 4659);
insert into LandesListe (llid, year, pid, fsid) VALUES (232, 2013, 42, 3);
insert into Landeslistenplatz (llid, idno, position) VALUES (232, 4659, 1);
insert into Citizen (idno, title, firstname, lastname, dateofbirth, gender) VALUES (4660, '', 'Gillet', 'Elmar', '1.1.1965.', 'p');
insert into CandidatesData (idno) VALUES (4660);
insert into PartyMembership (pid, idno) VALUES (5, 4660);
insert into Candidacy (wkid, idno) VALUES (390, 4660);
insert into Landeslistenplatz (llid, idno, position) VALUES (83, 4660, 22);
insert into Citizen (idno, title, firstname, lastname, dateofbirth, gender) VALUES (4661, '', 'Gilsdorf', 'Cyrill Bernhard Erik', '1.1.1966.', 'p');
insert into CandidatesData (idno) VALUES (4661);
insert into PartyMembership (pid, idno) VALUES (36, 4661);
insert into Landeslistenplatz (llid, idno, position) VALUES (84, 4661, 23);
insert into Citizen (idno, title, firstname, lastname, dateofbirth, gender) VALUES (4662, '', 'Ginsbach', 'Patrick', '1.1.1984.', 'p');
insert into CandidatesData (idno) VALUES (4662);
insert into PartyMembership (pid, idno) VALUES (5, 4662);
insert into Landeslistenplatz (llid, idno, position) VALUES (190, 4662, 6);
insert into Citizen (idno, title, firstname, lastname, dateofbirth, gender) VALUES (4663, '', 'Giousouf', 'Cemile', '1.1.1978.', 'p');
insert into CandidatesData (idno) VALUES (4663);
insert into PartyMembership (pid, idno) VALUES (12, 4663);
insert into Candidacy (wkid, idno) VALUES (437, 4663);
insert into Landeslistenplatz (llid, idno, position) VALUES (136, 4663, 25);
insert into Citizen (idno, title, firstname, lastname, dateofbirth, gender) VALUES (4664, '', 'Gladigau', 'Jürgen', '1.1.1969.', 'p');
insert into CandidatesData (idno) VALUES (4664);
insert into PartyMembership (pid, idno) VALUES (33, 4664);
insert into Candidacy (wkid, idno) VALUES (522, 4664);
insert into Citizen (idno, title, firstname, lastname, dateofbirth, gender) VALUES (4665, '', 'Glas', 'Bärbel', '1.1.1962.', 'p');
insert into CandidatesData (idno) VALUES (4665);
insert into PartyMembership (pid, idno) VALUES (12, 4665);
insert into Landeslistenplatz (llid, idno, position) VALUES (138, 4665, 18);
insert into Citizen (idno, title, firstname, lastname, dateofbirth, gender) VALUES (4666, '', 'Glaser', 'Albrecht Heinz Erhard', '1.1.1942.', 'p');
insert into CandidatesData (idno) VALUES (4666);
insert into PartyMembership (pid, idno) VALUES (33, 4666);
insert into Landeslistenplatz (llid, idno, position) VALUES (36, 4666, 3);
insert into Citizen (idno, title, firstname, lastname, dateofbirth, gender) VALUES (4667, '', 'Glathe-Braun', 'Eva-Maria', '1.1.1958.', 'p');
insert into CandidatesData (idno) VALUES (4667);
insert into PartyMembership (pid, idno) VALUES (3, 4667);
insert into Candidacy (wkid, idno) VALUES (590, 4667);
insert into Landeslistenplatz (llid, idno, position) VALUES (143, 4667, 13);
insert into Citizen (idno, title, firstname, lastname, dateofbirth, gender) VALUES (4668, '', 'Gleicke', 'Iris', '1.1.1964.', 'p');
insert into CandidatesData (idno) VALUES (4668);
insert into PartyMembership (pid, idno) VALUES (2, 4668);
insert into Candidacy (wkid, idno) VALUES (496, 4668);
insert into Landeslistenplatz (llid, idno, position) VALUES (154, 4668, 2);
insert into Citizen (idno, title, firstname, lastname, dateofbirth, gender) VALUES (4669, '', 'Gleisenstein', 'Jörg', '1.1.1973.', 'p');
insert into CandidatesData (idno) VALUES (4669);
insert into PartyMembership (pid, idno) VALUES (5, 4669);
insert into Candidacy (wkid, idno) VALUES (362, 4669);
insert into Citizen (idno, title, firstname, lastname, dateofbirth, gender) VALUES (4670, '', 'Glienke', 'Björn', '1.1.1978.', 'p');
insert into CandidatesData (idno) VALUES (4670);
insert into PartyMembership (pid, idno) VALUES (7, 4670);
insert into Candidacy (wkid, idno) VALUES (384, 4670);
insert into Citizen (idno, title, firstname, lastname, dateofbirth, gender) VALUES (4671, '', 'Glienke', 'Harro', '1.1.1958.', 'p');
insert into CandidatesData (idno) VALUES (4671);
insert into PartyMembership (pid, idno) VALUES (7, 4671);
insert into Candidacy (wkid, idno) VALUES (316, 4671);
insert into Landeslistenplatz (llid, idno, position) VALUES (109, 4671, 7);
insert into Citizen (idno, title, firstname, lastname, dateofbirth, gender) VALUES (4672, '', 'Glöckner', 'Angelika', '1.1.1962.', 'p');
insert into CandidatesData (idno) VALUES (4672);
insert into PartyMembership (pid, idno) VALUES (2, 4672);
insert into Candidacy (wkid, idno) VALUES (510, 4672);
insert into Landeslistenplatz (llid, idno, position) VALUES (71, 4672, 11);
insert into Citizen (idno, title, firstname, lastname, dateofbirth, gender) VALUES (4673, '', 'Glowka', 'Heiko', '1.1.1969.', 'p');
insert into CandidatesData (idno) VALUES (4673);
insert into PartyMembership (pid, idno) VALUES (1, 4673);
insert into Candidacy (wkid, idno) VALUES (388, 4673);
insert into Citizen (idno, title, firstname, lastname, dateofbirth, gender) VALUES (4674, '', 'Gmelch', 'Therese', '1.1.1955.', 'p');
insert into CandidatesData (idno) VALUES (4674);
insert into PartyMembership (pid, idno) VALUES (13, 4674);
insert into Landeslistenplatz (llid, idno, position) VALUES (74, 4674, 2);
insert into Citizen (idno, title, firstname, lastname, dateofbirth, gender) VALUES (4675, '', 'Gminder', 'Franziska', '1.1.1945.', 'p');
insert into CandidatesData (idno) VALUES (4675);
insert into PartyMembership (pid, idno) VALUES (33, 4675);
insert into Landeslistenplatz (llid, idno, position) VALUES (140, 4675, 21);
insert into Citizen (idno, title, firstname, lastname, dateofbirth, gender) VALUES (4676, '', 'Gnann', 'Christa', '1.1.1965.', 'p');
insert into CandidatesData (idno) VALUES (4676);
insert into PartyMembership (pid, idno) VALUES (36, 4676);
insert into Landeslistenplatz (llid, idno, position) VALUES (118, 4676, 6);
insert into Citizen (idno, title, firstname, lastname, dateofbirth, gender) VALUES (4677, '', 'Gockenbach', 'Maria', '1.1.1979.', 'p');
insert into CandidatesData (idno) VALUES (4677);
insert into PartyMembership (pid, idno) VALUES (42, 4677);
insert into Landeslistenplatz (llid, idno, position) VALUES (155, 4677, 4);
insert into Citizen (idno, title, firstname, lastname, dateofbirth, gender) VALUES (4678, '', 'Göbel', 'Michael', '1.1.1963.', 'p');
insert into CandidatesData (idno) VALUES (4678);
insert into PartyMembership (pid, idno) VALUES (32, 4678);
insert into Landeslistenplatz (llid, idno, position) VALUES (29, 4678, 10);
insert into Citizen (idno, title, firstname, lastname, dateofbirth, gender) VALUES (4679, '', 'Goedeke', 'Werner', '1.1.1949.', 'p');
insert into CandidatesData (idno) VALUES (4679);
insert into PartyMembership (pid, idno) VALUES (1, 4679);
insert into Candidacy (wkid, idno) VALUES (420, 4679);
insert into Citizen (idno, title, firstname, lastname, dateofbirth, gender) VALUES (4680, '', 'Göggelmann', 'Britta', '1.1.1992.', 'p');
insert into CandidatesData (idno) VALUES (4680);
insert into PartyMembership (pid, idno) VALUES (36, 4680);
insert into Landeslistenplatz (llid, idno, position) VALUES (118, 4680, 12);
insert into Citizen (idno, title, firstname, lastname, dateofbirth, gender) VALUES (4681, '', 'Göggelmann', 'Klaus', '1.1.1960.', 'p');
insert into CandidatesData (idno) VALUES (4681);
insert into PartyMembership (pid, idno) VALUES (36, 4681);
insert into Landeslistenplatz (llid, idno, position) VALUES (118, 4681, 22);
insert into Citizen (idno, title, firstname, lastname, dateofbirth, gender) VALUES (4682, '', 'Göggelmann', 'Ute', '1.1.1959.', 'p');
insert into CandidatesData (idno) VALUES (4682);
insert into PartyMembership (pid, idno) VALUES (36, 4682);
insert into Landeslistenplatz (llid, idno, position) VALUES (118, 4682, 13);
insert into Citizen (idno, title, firstname, lastname, dateofbirth, gender) VALUES (4683, '', 'Göhler', 'Karel', '1.1.1972.', 'p');
insert into CandidatesData (idno) VALUES (4683);
insert into PartyMembership (pid, idno) VALUES (13, 4683);
insert into LandesListe (llid, year, pid, fsid) VALUES (233, 2013, 13, 51);
insert into Landeslistenplatz (llid, idno, position) VALUES (233, 4683, 4);
insert into Citizen (idno, title, firstname, lastname, dateofbirth, gender) VALUES (4684, '', 'Gökhan', 'Zeki', '1.1.1956.', 'p');
insert into CandidatesData (idno) VALUES (4684);
insert into PartyMembership (pid, idno) VALUES (3, 4684);
insert into Candidacy (wkid, idno) VALUES (390, 4684);
insert into Citizen (idno, title, firstname, lastname, dateofbirth, gender) VALUES (4685, '', 'Göpfert', 'Carsten', '1.1.1973.', 'p');
insert into CandidatesData (idno) VALUES (4685);
insert into PartyMembership (pid, idno) VALUES (7, 4685);
insert into Candidacy (wkid, idno) VALUES (592, 4685);
insert into Citizen (idno, title, firstname, lastname, dateofbirth, gender) VALUES (4686, '', 'Göppel', 'Josef', '1.1.1950.', 'p');
insert into CandidatesData (idno) VALUES (4686);
insert into PartyMembership (pid, idno) VALUES (9, 4686);
insert into Candidacy (wkid, idno) VALUES (540, 4686);
insert into Citizen (idno, title, firstname, lastname, dateofbirth, gender) VALUES (4687, '', 'Goergens', 'Ludwig', '1.1.1949.', 'p');
insert into CandidatesData (idno) VALUES (4687);
insert into PartyMembership (pid, idno) VALUES (37, 4687);
insert into Landeslistenplatz (llid, idno, position) VALUES (209, 4687, 5);
insert into Citizen (idno, title, firstname, lastname, dateofbirth, gender) VALUES (4688, '', 'Göring-Eckardt', 'Katrin Dagmar', '1.1.1966.', 'p');
insert into CandidatesData (idno) VALUES (4688);
insert into PartyMembership (pid, idno) VALUES (5, 4688);
insert into Landeslistenplatz (llid, idno, position) VALUES (172, 4688, 1);
insert into Citizen (idno, title, firstname, lastname, dateofbirth, gender) VALUES (4689, '', 'Göritz', 'Veit', '1.1.1985.', 'p');
insert into CandidatesData (idno) VALUES (4689);
insert into PartyMembership (pid, idno) VALUES (7, 4689);
insert into Landeslistenplatz (llid, idno, position) VALUES (178, 4689, 1);
insert into Citizen (idno, title, firstname, lastname, dateofbirth, gender) VALUES (4690, '', 'Görler', 'Uwe Hans', '1.1.1960.', 'p');
insert into CandidatesData (idno) VALUES (4690);
insert into PartyMembership (pid, idno) VALUES (37, 4690);
insert into Landeslistenplatz (llid, idno, position) VALUES (204, 4690, 2);
insert into Citizen (idno, title, firstname, lastname, dateofbirth, gender) VALUES (4691, '', 'Goerlich', 'Rudolf', '1.1.1943.', 'p');
insert into CandidatesData (idno) VALUES (4691);
insert into PartyMembership (pid, idno) VALUES (32, 4691);
insert into Landeslistenplatz (llid, idno, position) VALUES (91, 4691, 13);
insert into Citizen (idno, title, firstname, lastname, dateofbirth, gender) VALUES (4692, '', 'Görmann', 'Horst Günter', '1.1.1953.', 'p');
insert into CandidatesData (idno) VALUES (4692);
insert into PartyMembership (pid, idno) VALUES (1, 4692);
insert into Candidacy (wkid, idno) VALUES (354, 4692);
insert into Landeslistenplatz (llid, idno, position) VALUES (181, 4692, 1);
insert into Citizen (idno, title, firstname, lastname, dateofbirth, gender) VALUES (4693, '', 'Görnemann', 'Uwe Detlev', '1.1.1953.', 'p');
insert into CandidatesData (idno) VALUES (4693);
insert into PartyMembership (pid, idno) VALUES (37, 4693);
insert into LandesListe (llid, year, pid, fsid) VALUES (234, 2013, 37, 8);
insert into Landeslistenplatz (llid, idno, position) VALUES (234, 4693, 1);
insert into Citizen (idno, title, firstname, lastname, dateofbirth, gender) VALUES (4694, '', 'Görnitz', 'Steve', '1.1.1987.', 'p');
insert into CandidatesData (idno) VALUES (4694);
insert into PartyMembership (pid, idno) VALUES (4, 4694);
insert into Candidacy (wkid, idno) VALUES (453, 4694);
insert into Landeslistenplatz (llid, idno, position) VALUES (158, 4694, 11);
insert into Citizen (idno, title, firstname, lastname, dateofbirth, gender) VALUES (4695, '', 'Görzel', 'Volker', '1.1.1970.', 'p');
insert into CandidatesData (idno) VALUES (4695);
insert into PartyMembership (pid, idno) VALUES (4, 4695);
insert into Candidacy (wkid, idno) VALUES (394, 4695);
insert into Landeslistenplatz (llid, idno, position) VALUES (98, 4695, 50);
insert into Citizen (idno, title, firstname, lastname, dateofbirth, gender) VALUES (4696, '', 'Göschel', 'Ingo Lutz', '1.1.1955.', 'p');
insert into CandidatesData (idno) VALUES (4696);
insert into PartyMembership (pid, idno) VALUES (32, 4696);
insert into Candidacy (wkid, idno) VALUES (464, 4696);
insert into Landeslistenplatz (llid, idno, position) VALUES (215, 4696, 6);
insert into Citizen (idno, title, firstname, lastname, dateofbirth, gender) VALUES (4697, '', 'Göschel', 'Michael Gerhard', '1.1.1975.', 'p');
insert into CandidatesData (idno) VALUES (4697);
insert into PartyMembership (pid, idno) VALUES (33, 4697);
insert into Landeslistenplatz (llid, idno, position) VALUES (166, 4697, 5);
insert into Citizen (idno, title, firstname, lastname, dateofbirth, gender) VALUES (4698, '', 'Göthert', 'Tobias', '1.1.1989.', 'p');
insert into CandidatesData (idno) VALUES (4698);
insert into PartyMembership (pid, idno) VALUES (31, 4698);
insert into Candidacy (wkid, idno) VALUES (461, 4698);
insert into Citizen (idno, title, firstname, lastname, dateofbirth, gender) VALUES (4699, '', 'Göttling', 'Tobias', '1.1.1993.', 'p');
insert into CandidatesData (idno) VALUES (4699);
insert into PartyMembership (pid, idno) VALUES (12, 4699);
insert into Landeslistenplatz (llid, idno, position) VALUES (105, 4699, 22);
insert into Citizen (idno, title, firstname, lastname, dateofbirth, gender) VALUES (4700, 'Dr. ', 'Göttner-Abendroth', 'Heide', '1.1.1941.', 'p');
insert into CandidatesData (idno) VALUES (4700);
insert into PartyMembership (pid, idno) VALUES (40, 4700);
insert into Landeslistenplatz (llid, idno, position) VALUES (148, 4700, 1);
insert into Citizen (idno, title, firstname, lastname, dateofbirth, gender) VALUES (4701, '', 'Goetz', 'Ulrich', '1.1.1980.', 'p');
insert into CandidatesData (idno) VALUES (4701);
insert into PartyMembership (pid, idno) VALUES (31, 4701);
insert into Landeslistenplatz (llid, idno, position) VALUES (28, 4701, 23);
insert into Citizen (idno, title, firstname, lastname, dateofbirth, gender) VALUES (4702, '', 'Goffart', 'Bernd', '1.1.1966.', 'p');
insert into CandidatesData (idno) VALUES (4702);
insert into PartyMembership (pid, idno) VALUES (12, 4702);
insert into Landeslistenplatz (llid, idno, position) VALUES (136, 4702, 59);
insert into Citizen (idno, title, firstname, lastname, dateofbirth, gender) VALUES (4703, 'Dr. ', 'Gohl', 'Christopher', '1.1.1974.', 'p');
insert into CandidatesData (idno) VALUES (4703);
insert into PartyMembership (pid, idno) VALUES (4, 4703);
insert into Candidacy (wkid, idno) VALUES (589, 4703);
insert into Landeslistenplatz (llid, idno, position) VALUES (51, 4703, 15);
insert into Citizen (idno, title, firstname, lastname, dateofbirth, gender) VALUES (4704, '', 'Gohlke', 'Nicole', '1.1.1975.', 'p');
insert into CandidatesData (idno) VALUES (4704);
insert into PartyMembership (pid, idno) VALUES (3, 4704);
insert into Candidacy (wkid, idno) VALUES (519, 4704);
insert into Landeslistenplatz (llid, idno, position) VALUES (174, 4704, 3);
insert into Citizen (idno, title, firstname, lastname, dateofbirth, gender) VALUES (4705, '', 'Gold', 'Ralf', '1.1.1968.', 'p');
insert into CandidatesData (idno) VALUES (4705);
insert into PartyMembership (pid, idno) VALUES (15, 4705);
insert into Candidacy (wkid, idno) VALUES (549, 4705);
insert into Citizen (idno, title, firstname, lastname, dateofbirth, gender) VALUES (4706, '', 'Goldmann', 'Hans-Michael', '1.1.1946.', 'p');
insert into CandidatesData (idno) VALUES (4706);
insert into PartyMembership (pid, idno) VALUES (4, 4706);
insert into Candidacy (wkid, idno) VALUES (324, 4706);
insert into Landeslistenplatz (llid, idno, position) VALUES (127, 4706, 5);
insert into Citizen (idno, title, firstname, lastname, dateofbirth, gender) VALUES (4707, '', 'Goldschmidt', 'Hans-Joachim', '1.1.1950.', 'p');
insert into CandidatesData (idno) VALUES (4707);
insert into PartyMembership (pid, idno) VALUES (37, 4707);
insert into LandesListe (llid, year, pid, fsid) VALUES (235, 2013, 37, 1);
insert into Landeslistenplatz (llid, idno, position) VALUES (235, 4707, 3);
insert into Citizen (idno, title, firstname, lastname, dateofbirth, gender) VALUES (4708, '', 'Goldstein', 'Ulrike', '1.1.1976.', 'p');
insert into CandidatesData (idno) VALUES (4708);
insert into PartyMembership (pid, idno) VALUES (5, 4708);
insert into Candidacy (wkid, idno) VALUES (518, 4708);
insert into Landeslistenplatz (llid, idno, position) VALUES (65, 4708, 27);
insert into Citizen (idno, title, firstname, lastname, dateofbirth, gender) VALUES (4709, '', 'Goletz', 'Philipp Simon', '1.1.1954.', 'p');
insert into CandidatesData (idno) VALUES (4709);
insert into PartyMembership (pid, idno) VALUES (32, 4709);
insert into Candidacy (wkid, idno) VALUES (539, 4709);
insert into Landeslistenplatz (llid, idno, position) VALUES (33, 4709, 16);
insert into Citizen (idno, title, firstname, lastname, dateofbirth, gender) VALUES (4710, '', 'Golombeck', 'Heinz', '1.1.1948.', 'p');
insert into CandidatesData (idno) VALUES (4710);
insert into PartyMembership (pid, idno) VALUES (4, 4710);
insert into Candidacy (wkid, idno) VALUES (570, 4710);
insert into Landeslistenplatz (llid, idno, position) VALUES (51, 4710, 27);
insert into Citizen (idno, title, firstname, lastname, dateofbirth, gender) VALUES (4711, '', 'Golze', 'Diana Hertha', '1.1.1975.', 'p');
insert into CandidatesData (idno) VALUES (4711);
insert into PartyMembership (pid, idno) VALUES (3, 4711);
insert into Candidacy (wkid, idno) VALUES (359, 4711);
insert into LandesListe (llid, year, pid, fsid) VALUES (236, 2013, 3, 40);
insert into Landeslistenplatz (llid, idno, position) VALUES (236, 4711, 1);
insert into Citizen (idno, title, firstname, lastname, dateofbirth, gender) VALUES (4712, '', 'Gornik', 'Charlotte', '1.1.1944.', 'p');
insert into CandidatesData (idno) VALUES (4712);
insert into PartyMembership (pid, idno) VALUES (15, 4712);
insert into Landeslistenplatz (llid, idno, position) VALUES (55, 4712, 20);
insert into Citizen (idno, title, firstname, lastname, dateofbirth, gender) VALUES (4713, '', 'Gorsler', 'Daniel', '1.1.1986.', 'p');
insert into CandidatesData (idno) VALUES (4713);
insert into PartyMembership (pid, idno) VALUES (35, 4713);
insert into Landeslistenplatz (llid, idno, position) VALUES (66, 4713, 9);
insert into Citizen (idno, title, firstname, lastname, dateofbirth, gender) VALUES (4714, '', 'Gottberg von', 'Wilhelm', '1.1.1940.', 'p');
insert into CandidatesData (idno) VALUES (4714);
insert into PartyMembership (pid, idno) VALUES (33, 4714);
insert into Landeslistenplatz (llid, idno, position) VALUES (30, 4714, 8);
insert into Citizen (idno, title, firstname, lastname, dateofbirth, gender) VALUES (4715, '', 'Gottesleben', 'Jörg', '1.1.1968.', 'p');
insert into CandidatesData (idno) VALUES (4715);
insert into PartyMembership (pid, idno) VALUES (32, 4715);
insert into Landeslistenplatz (llid, idno, position) VALUES (145, 4715, 9);
insert into Citizen (idno, title, firstname, lastname, dateofbirth, gender) VALUES (4716, '', 'Gottschalck', 'Ulrike', '1.1.1955.', 'p');
insert into CandidatesData (idno) VALUES (4716);
insert into PartyMembership (pid, idno) VALUES (2, 4716);
insert into Candidacy (wkid, idno) VALUES (467, 4716);
insert into Landeslistenplatz (llid, idno, position) VALUES (54, 4716, 10);
insert into Citizen (idno, title, firstname, lastname, dateofbirth, gender) VALUES (4717, '', 'Gottschalk', 'Kay', '1.1.1965.', 'p');
insert into CandidatesData (idno) VALUES (4717);
insert into PartyMembership (pid, idno) VALUES (33, 4717);
insert into Candidacy (wkid, idno) VALUES (317, 4717);
insert into LandesListe (llid, year, pid, fsid) VALUES (237, 2013, 33, 10);
insert into Landeslistenplatz (llid, idno, position) VALUES (237, 4717, 2);
insert into Citizen (idno, title, firstname, lastname, dateofbirth, gender) VALUES (4718, '', 'Graaf', 'Andreas', '1.1.1982.', 'p');
insert into CandidatesData (idno) VALUES (4718);
insert into PartyMembership (pid, idno) VALUES (7, 4718);
insert into Candidacy (wkid, idno) VALUES (403, 4718);
insert into Landeslistenplatz (llid, idno, position) VALUES (75, 4718, 7);
insert into Citizen (idno, title, firstname, lastname, dateofbirth, gender) VALUES (4719, '', 'Graber', 'Gabriel', '1.1.1980.', 'p');
insert into CandidatesData (idno) VALUES (4719);
insert into PartyMembership (pid, idno) VALUES (34, 4719);
insert into Landeslistenplatz (llid, idno, position) VALUES (50, 4719, 2);
insert into Citizen (idno, title, firstname, lastname, dateofbirth, gender) VALUES (4720, '', 'Grader', 'Wolfgang', '1.1.1960.', 'p');
insert into CandidatesData (idno) VALUES (4720);
insert into PartyMembership (pid, idno) VALUES (5, 4720);
insert into Candidacy (wkid, idno) VALUES (535, 4720);
insert into Landeslistenplatz (llid, idno, position) VALUES (65, 4720, 40);
insert into Citizen (idno, title, firstname, lastname, dateofbirth, gender) VALUES (4721, '', 'Gräntzdörffer', 'Josiane Insa Thembi', '1.1.1984.', 'p');
insert into CandidatesData (idno) VALUES (4721);
insert into PartyMembership (pid, idno) VALUES (7, 4721);
insert into Candidacy (wkid, idno) VALUES (318, 4721);
insert into Landeslistenplatz (llid, idno, position) VALUES (42, 4721, 3);
insert into Citizen (idno, title, firstname, lastname, dateofbirth, gender) VALUES (4722, '', 'Graf', 'Hans-Jürgen', '1.1.1969.', 'p');
insert into CandidatesData (idno) VALUES (4722);
insert into PartyMembership (pid, idno) VALUES (1, 4722);
insert into Landeslistenplatz (llid, idno, position) VALUES (97, 4722, 12);
insert into Citizen (idno, title, firstname, lastname, dateofbirth, gender) VALUES (4723, '', 'Graf', 'Irina', '1.1.1961.', 'p');
insert into CandidatesData (idno) VALUES (4723);
insert into PartyMembership (pid, idno) VALUES (3, 4723);
insert into Candidacy (wkid, idno) VALUES (515, 4723);
insert into Landeslistenplatz (llid, idno, position) VALUES (174, 4723, 15);
insert into Citizen (idno, title, firstname, lastname, dateofbirth, gender) VALUES (4724, '', 'Graf', 'Josef', '1.1.1960.', 'p');
insert into CandidatesData (idno) VALUES (4724);
insert into PartyMembership (pid, idno) VALUES (1, 4724);
insert into Candidacy (wkid, idno) VALUES (378, 4724);
insert into Citizen (idno, title, firstname, lastname, dateofbirth, gender) VALUES (4725, '', 'Grahn', 'René David', '1.1.1992.', 'p');
insert into CandidatesData (idno) VALUES (4725);
insert into PartyMembership (pid, idno) VALUES (1, 4725);
insert into Candidacy (wkid, idno) VALUES (344, 4725);
insert into Landeslistenplatz (llid, idno, position) VALUES (171, 4725, 9);
insert into Citizen (idno, title, firstname, lastname, dateofbirth, gender) VALUES (4726, '', 'Grambow', 'Thomas', '1.1.1963.', 'p');
insert into CandidatesData (idno) VALUES (4726);
insert into PartyMembership (pid, idno) VALUES (2, 4726);
insert into Landeslistenplatz (llid, idno, position) VALUES (69, 4726, 51);
insert into Citizen (idno, title, firstname, lastname, dateofbirth, gender) VALUES (4727, '', 'Gramm', 'Johannes Dieter', '1.1.1964.', 'p');
insert into CandidatesData (idno) VALUES (4727);
insert into Candidacy (wkid, idno) VALUES (419, 4727);
insert into Citizen (idno, title, firstname, lastname, dateofbirth, gender) VALUES (4728, '', 'Granderath', 'Dorothee', '1.1.1966.', 'p');
insert into CandidatesData (idno) VALUES (4728);
insert into PartyMembership (pid, idno) VALUES (5, 4728);
insert into Candidacy (wkid, idno) VALUES (582, 4728);
insert into Landeslistenplatz (llid, idno, position) VALUES (61, 4728, 33);
insert into Citizen (idno, title, firstname, lastname, dateofbirth, gender) VALUES (4729, '', 'Granser', 'Bruno', '1.1.1953.', 'p');
insert into CandidatesData (idno) VALUES (4729);
insert into PartyMembership (pid, idno) VALUES (19, 4729);
insert into Landeslistenplatz (llid, idno, position) VALUES (182, 4729, 13);
insert into Citizen (idno, title, firstname, lastname, dateofbirth, gender) VALUES (4730, '', 'Gras', 'Klaus Alfons', '1.1.1953.', 'p');
insert into CandidatesData (idno) VALUES (4730);
insert into PartyMembership (pid, idno) VALUES (1, 4730);
insert into Candidacy (wkid, idno) VALUES (509, 4730);
insert into Citizen (idno, title, firstname, lastname, dateofbirth, gender) VALUES (4731, '', 'Grasenack-Tente', 'Daniel-Enrico', '1.1.1984.', 'p');
insert into CandidatesData (idno) VALUES (4731);
insert into PartyMembership (pid, idno) VALUES (10, 4731);
insert into Candidacy (wkid, idno) VALUES (385, 4731);
insert into Landeslistenplatz (llid, idno, position) VALUES (180, 4731, 7);
insert into Citizen (idno, title, firstname, lastname, dateofbirth, gender) VALUES (4732, 'Dr. ', 'Graudin', 'Andreas', '1.1.1965.', 'p');
insert into CandidatesData (idno) VALUES (4732);
insert into PartyMembership (pid, idno) VALUES (37, 4732);
insert into Landeslistenplatz (llid, idno, position) VALUES (137, 4732, 1);
insert into Citizen (idno, title, firstname, lastname, dateofbirth, gender) VALUES (4733, '', 'Graue', 'Oliver', '1.1.1967.', 'p');
insert into CandidatesData (idno) VALUES (4733);
insert into PartyMembership (pid, idno) VALUES (36, 4733);
insert into Landeslistenplatz (llid, idno, position) VALUES (122, 4733, 4);
insert into Citizen (idno, title, firstname, lastname, dateofbirth, gender) VALUES (4734, '', 'Graupner', 'Richard', '1.1.1963.', 'p');
insert into CandidatesData (idno) VALUES (4734);
insert into PartyMembership (pid, idno) VALUES (19, 4734);
insert into Landeslistenplatz (llid, idno, position) VALUES (40, 4734, 10);
insert into Citizen (idno, title, firstname, lastname, dateofbirth, gender) VALUES (4735, '', 'Greilich', 'Annette', '1.1.1958.', 'p');
insert into CandidatesData (idno) VALUES (4735);
insert into PartyMembership (pid, idno) VALUES (4, 4735);
insert into Landeslistenplatz (llid, idno, position) VALUES (116, 4735, 38);
insert into Citizen (idno, title, firstname, lastname, dateofbirth, gender) VALUES (4736, '', 'Greim', 'Oswald Emil', '1.1.1954.', 'p');
insert into CandidatesData (idno) VALUES (4736);
insert into PartyMembership (pid, idno) VALUES (3, 4736);
insert into Candidacy (wkid, idno) VALUES (544, 4736);
insert into Citizen (idno, title, firstname, lastname, dateofbirth, gender) VALUES (4737, '', 'Grein', 'Thomas', '1.1.1960.', 'p');
insert into CandidatesData (idno) VALUES (4737);
insert into PartyMembership (pid, idno) VALUES (3, 4737);
insert into Candidacy (wkid, idno) VALUES (581, 4737);
insert into Citizen (idno, title, firstname, lastname, dateofbirth, gender) VALUES (4738, '', 'Greipel', 'Werner Otto', '1.1.1949.', 'p');
insert into CandidatesData (idno) VALUES (4738);
insert into PartyMembership (pid, idno) VALUES (33, 4738);
insert into Candidacy (wkid, idno) VALUES (590, 4738);
insert into Citizen (idno, title, firstname, lastname, dateofbirth, gender) VALUES (4739, 'Dr. ', 'Gremmler', 'Bernhard', '1.1.1948.', 'p');
insert into CandidatesData (idno) VALUES (4739);
insert into PartyMembership (pid, idno) VALUES (36, 4739);
insert into Landeslistenplatz (llid, idno, position) VALUES (84, 4739, 8);
insert into Citizen (idno, title, firstname, lastname, dateofbirth, gender) VALUES (4740, '', 'Gremmler', 'Simon Martin', '1.1.1983.', 'p');
insert into CandidatesData (idno) VALUES (4740);
insert into PartyMembership (pid, idno) VALUES (36, 4740);
insert into Landeslistenplatz (llid, idno, position) VALUES (84, 4740, 5);
insert into Citizen (idno, title, firstname, lastname, dateofbirth, gender) VALUES (4741, '', 'Grenda', 'Frank', '1.1.1967.', 'p');
insert into CandidatesData (idno) VALUES (4741);
insert into PartyMembership (pid, idno) VALUES (7, 4741);
insert into Candidacy (wkid, idno) VALUES (405, 4741);
insert into Citizen (idno, title, firstname, lastname, dateofbirth, gender) VALUES (4742, '', 'Grey', 'Thomas', '1.1.1975.', 'p');
insert into CandidatesData (idno) VALUES (4742);
insert into PartyMembership (pid, idno) VALUES (1, 4742);
insert into Landeslistenplatz (llid, idno, position) VALUES (38, 4742, 4);
insert into Citizen (idno, title, firstname, lastname, dateofbirth, gender) VALUES (4743, '', 'Grieb', 'Bernhard', '1.1.1969.', 'p');
insert into CandidatesData (idno) VALUES (4743);
insert into PartyMembership (pid, idno) VALUES (32, 4743);
insert into Landeslistenplatz (llid, idno, position) VALUES (91, 4743, 21);
insert into Citizen (idno, title, firstname, lastname, dateofbirth, gender) VALUES (4744, '', 'Griesbaum', 'Joachim Robert Maria', '1.1.1955.', 'p');
insert into CandidatesData (idno) VALUES (4744);
insert into PartyMembership (pid, idno) VALUES (13, 4744);
insert into Landeslistenplatz (llid, idno, position) VALUES (90, 4744, 1);
insert into Citizen (idno, title, firstname, lastname, dateofbirth, gender) VALUES (4745, '', 'Griese', 'Kerstin', '1.1.1966.', 'p');
insert into CandidatesData (idno) VALUES (4745);
insert into PartyMembership (pid, idno) VALUES (2, 4745);
insert into Candidacy (wkid, idno) VALUES (404, 4745);
insert into Landeslistenplatz (llid, idno, position) VALUES (73, 4745, 8);
insert into Citizen (idno, title, firstname, lastname, dateofbirth, gender) VALUES (4746, '', 'Grimm', 'Christoph Herbert Walter', '1.1.1957.', 'p');
insert into CandidatesData (idno) VALUES (4746);
insert into PartyMembership (pid, idno) VALUES (33, 4746);
insert into Landeslistenplatz (llid, idno, position) VALUES (229, 4746, 2);
insert into Citizen (idno, title, firstname, lastname, dateofbirth, gender) VALUES (4747, '', 'Grimm', 'Ulrike Eleonore', '1.1.1962.', 'p');
insert into CandidatesData (idno) VALUES (4747);
insert into PartyMembership (pid, idno) VALUES (9, 4747);
insert into Landeslistenplatz (llid, idno, position) VALUES (47, 4747, 49);
insert into Citizen (idno, title, firstname, lastname, dateofbirth, gender) VALUES (4748, '', 'Grindel', 'Reinhard Dieter', '1.1.1961.', 'p');
insert into CandidatesData (idno) VALUES (4748);
insert into PartyMembership (pid, idno) VALUES (12, 4748);
insert into Candidacy (wkid, idno) VALUES (334, 4748);
insert into Landeslistenplatz (llid, idno, position) VALUES (44, 4748, 9);
insert into Citizen (idno, title, firstname, lastname, dateofbirth, gender) VALUES (4749, '', 'Groden-Kranich', 'Ursula', '1.1.1965.', 'p');
insert into CandidatesData (idno) VALUES (4749);
insert into PartyMembership (pid, idno) VALUES (12, 4749);
insert into Candidacy (wkid, idno) VALUES (505, 4749);
insert into Landeslistenplatz (llid, idno, position) VALUES (138, 4749, 15);
insert into Citizen (idno, title, firstname, lastname, dateofbirth, gender) VALUES (4750, '', 'Gröhe', 'Hermann', '1.1.1961.', 'p');
insert into CandidatesData (idno) VALUES (4750);
insert into PartyMembership (pid, idno) VALUES (12, 4750);
insert into Candidacy (wkid, idno) VALUES (407, 4750);
insert into Landeslistenplatz (llid, idno, position) VALUES (136, 4750, 4);
insert into Citizen (idno, title, firstname, lastname, dateofbirth, gender) VALUES (4751, '', 'Gröhler', 'Klaus-Dieter', '1.1.1966.', 'p');
insert into CandidatesData (idno) VALUES (4751);
insert into PartyMembership (pid, idno) VALUES (12, 4751);
insert into Candidacy (wkid, idno) VALUES (379, 4751);
insert into Citizen (idno, title, firstname, lastname, dateofbirth, gender) VALUES (4752, '', 'Gröner', 'Friedrich', '1.1.1947.', 'p');
insert into CandidatesData (idno) VALUES (4752);
insert into PartyMembership (pid, idno) VALUES (10, 4752);
insert into Landeslistenplatz (llid, idno, position) VALUES (150, 4752, 7);
insert into Citizen (idno, title, firstname, lastname, dateofbirth, gender) VALUES (4753, '', 'Groeneveld', 'Hinrich', '1.1.1958.', 'p');
insert into CandidatesData (idno) VALUES (4753);
insert into PartyMembership (pid, idno) VALUES (32, 4753);
insert into Candidacy (wkid, idno) VALUES (514, 4753);
insert into Landeslistenplatz (llid, idno, position) VALUES (33, 4753, 31);
insert into Citizen (idno, title, firstname, lastname, dateofbirth, gender) VALUES (4754, '', 'Grötsch', 'Uli', '1.1.1975.', 'p');
insert into CandidatesData (idno) VALUES (4754);
insert into PartyMembership (pid, idno) VALUES (2, 4754);
insert into Candidacy (wkid, idno) VALUES (534, 4754);
insert into Landeslistenplatz (llid, idno, position) VALUES (87, 4754, 15);
insert into Citizen (idno, title, firstname, lastname, dateofbirth, gender) VALUES (4755, '', 'Grötze', 'Ingo', '1.1.1969.', 'p');
insert into CandidatesData (idno) VALUES (4755);
insert into PartyMembership (pid, idno) VALUES (5, 4755);
insert into Candidacy (wkid, idno) VALUES (370, 4755);
insert into Citizen (idno, title, firstname, lastname, dateofbirth, gender) VALUES (4756, '', 'Grötzsch', 'Manfred', '1.1.1946.', 'p');
insert into CandidatesData (idno) VALUES (4756);
insert into PartyMembership (pid, idno) VALUES (10, 4756);
insert into Landeslistenplatz (llid, idno, position) VALUES (177, 4756, 5);
insert into Citizen (idno, title, firstname, lastname, dateofbirth, gender) VALUES (4757, '', 'Grötzsch', 'Stefan', '1.1.1986.', 'p');
insert into CandidatesData (idno) VALUES (4757);
insert into PartyMembership (pid, idno) VALUES (31, 4757);
insert into Landeslistenplatz (llid, idno, position) VALUES (79, 4757, 9);
insert into Citizen (idno, title, firstname, lastname, dateofbirth, gender) VALUES (4758, '', 'Grohganz', 'Raphael', '1.1.1952.', 'p');
insert into CandidatesData (idno) VALUES (4758);
insert into PartyMembership (pid, idno) VALUES (12, 4758);
insert into Landeslistenplatz (llid, idno, position) VALUES (88, 4758, 28);
insert into Citizen (idno, title, firstname, lastname, dateofbirth, gender) VALUES (4759, '', 'Groll', 'Franz', '1.1.1943.', 'p');
insert into CandidatesData (idno) VALUES (4759);
insert into PartyMembership (pid, idno) VALUES (3, 4759);
insert into Candidacy (wkid, idno) VALUES (579, 4759);
insert into Citizen (idno, title, firstname, lastname, dateofbirth, gender) VALUES (4760, '', 'Groneberg', 'Gabriele', '1.1.1955.', 'p');
insert into CandidatesData (idno) VALUES (4760);
insert into PartyMembership (pid, idno) VALUES (2, 4760);
insert into Candidacy (wkid, idno) VALUES (331, 4760);
insert into Landeslistenplatz (llid, idno, position) VALUES (69, 4760, 22);
insert into Citizen (idno, title, firstname, lastname, dateofbirth, gender) VALUES (4761, '', 'Groß', 'Michael Peter', '1.1.1956.', 'p');
insert into CandidatesData (idno) VALUES (4761);
insert into PartyMembership (pid, idno) VALUES (2, 4761);
insert into Candidacy (wkid, idno) VALUES (421, 4761);
insert into Landeslistenplatz (llid, idno, position) VALUES (73, 4761, 40);
insert into Citizen (idno, title, firstname, lastname, dateofbirth, gender) VALUES (4762, '', 'Große', 'Steffen', '1.1.1967.', 'p');
insert into CandidatesData (idno) VALUES (4762);
insert into PartyMembership (pid, idno) VALUES (32, 4762);
insert into Candidacy (wkid, idno) VALUES (459, 4762);
insert into Landeslistenplatz (llid, idno, position) VALUES (215, 4762, 4);
insert into Citizen (idno, title, firstname, lastname, dateofbirth, gender) VALUES (4763, '', 'Grosse-Brömer', 'Michael', '1.1.1960.', 'p');
insert into CandidatesData (idno) VALUES (4763);
insert into PartyMembership (pid, idno) VALUES (12, 4763);
insert into Candidacy (wkid, idno) VALUES (335, 4763);
insert into Landeslistenplatz (llid, idno, position) VALUES (44, 4763, 2);
insert into Citizen (idno, title, firstname, lastname, dateofbirth, gender) VALUES (4764, '', 'Grosser', 'Lüder', '1.1.1973.', 'p');
insert into CandidatesData (idno) VALUES (4764);
insert into PartyMembership (pid, idno) VALUES (10, 4764);
insert into Landeslistenplatz (llid, idno, position) VALUES (150, 4764, 8);
insert into Citizen (idno, title, firstname, lastname, dateofbirth, gender) VALUES (4765, '', 'Großjean', 'Marc', '1.1.1986.', 'p');
insert into CandidatesData (idno) VALUES (4765);
insert into PartyMembership (pid, idno) VALUES (7, 4765);
insert into Candidacy (wkid, idno) VALUES (595, 4765);
insert into Landeslistenplatz (llid, idno, position) VALUES (221, 4765, 2);
insert into Citizen (idno, title, firstname, lastname, dateofbirth, gender) VALUES (4766, '', 'Grote', 'Burghard', '1.1.1946.', 'p');
insert into CandidatesData (idno) VALUES (4766);
insert into PartyMembership (pid, idno) VALUES (5, 4766);
insert into Candidacy (wkid, idno) VALUES (433, 4766);
insert into Citizen (idno, title, firstname, lastname, dateofbirth, gender) VALUES (4767, '', 'Grotelüschen', 'Astrid', '1.1.1964.', 'p');
insert into CandidatesData (idno) VALUES (4767);
insert into PartyMembership (pid, idno) VALUES (12, 4767);
insert into Candidacy (wkid, idno) VALUES (327, 4767);
insert into Landeslistenplatz (llid, idno, position) VALUES (44, 4767, 11);
insert into Citizen (idno, title, firstname, lastname, dateofbirth, gender) VALUES (4768, '', 'Groth', 'Annette', '1.1.1954.', 'p');
insert into CandidatesData (idno) VALUES (4768);
insert into PartyMembership (pid, idno) VALUES (3, 4768);
insert into Candidacy (wkid, idno) VALUES (592, 4768);
insert into Landeslistenplatz (llid, idno, position) VALUES (143, 4768, 5);
insert into Citizen (idno, title, firstname, lastname, dateofbirth, gender) VALUES (4769, '', 'Grube', 'Oliver', '1.1.1970.', 'p');
insert into CandidatesData (idno) VALUES (4769);
insert into PartyMembership (pid, idno) VALUES (7, 4769);
insert into Candidacy (wkid, idno) VALUES (307, 4769);
insert into Landeslistenplatz (llid, idno, position) VALUES (192, 4769, 2);
insert into Citizen (idno, title, firstname, lastname, dateofbirth, gender) VALUES (4770, '', 'Gruber', 'Daniel', '1.1.1987.', 'p');
insert into CandidatesData (idno) VALUES (4770);
insert into PartyMembership (pid, idno) VALUES (7, 4770);
insert into Candidacy (wkid, idno) VALUES (540, 4770);
insert into Citizen (idno, title, firstname, lastname, dateofbirth, gender) VALUES (4771, '', 'Gruber', 'Sabine Ursula', '1.1.1959.', 'p');
insert into CandidatesData (idno) VALUES (4771);
insert into PartyMembership (pid, idno) VALUES (29, 4771);
insert into Landeslistenplatz (llid, idno, position) VALUES (31, 4771, 28);
insert into Citizen (idno, title, firstname, lastname, dateofbirth, gender) VALUES (4772, '', 'Grübel', 'Markus', '1.1.1959.', 'p');
insert into CandidatesData (idno) VALUES (4772);
insert into PartyMembership (pid, idno) VALUES (12, 4772);
insert into Candidacy (wkid, idno) VALUES (560, 4772);
insert into Citizen (idno, title, firstname, lastname, dateofbirth, gender) VALUES (4773, '', 'Grüllich-Mack', 'Matthias', '1.1.1966.', 'p');
insert into CandidatesData (idno) VALUES (4773);
insert into PartyMembership (pid, idno) VALUES (7, 4773);
insert into Landeslistenplatz (llid, idno, position) VALUES (48, 4773, 17);
insert into Citizen (idno, title, firstname, lastname, dateofbirth, gender) VALUES (4774, '', 'Gründler', 'Birgitta', '1.1.1961.', 'p');
insert into CandidatesData (idno) VALUES (4774);
insert into PartyMembership (pid, idno) VALUES (10, 4774);
insert into Candidacy (wkid, idno) VALUES (457, 4774);
insert into Citizen (idno, title, firstname, lastname, dateofbirth, gender) VALUES (4775, '', 'Gründler', 'Michael Johannes', '1.1.1958.', 'p');
insert into CandidatesData (idno) VALUES (4775);
insert into PartyMembership (pid, idno) VALUES (10, 4775);
insert into Candidacy (wkid, idno) VALUES (458, 4775);
insert into Landeslistenplatz (llid, idno, position) VALUES (177, 4775, 1);
insert into Citizen (idno, title, firstname, lastname, dateofbirth, gender) VALUES (4776, '', 'Grüner', 'Anton', '1.1.1951.', 'p');
insert into CandidatesData (idno) VALUES (4776);
insert into PartyMembership (pid, idno) VALUES (19, 4776);
insert into Landeslistenplatz (llid, idno, position) VALUES (40, 4776, 6);
insert into Citizen (idno, title, firstname, lastname, dateofbirth, gender) VALUES (4777, '', 'Grünewald', 'Heinz Werner', '1.1.1962.', 'p');
insert into CandidatesData (idno) VALUES (4777);
insert into PartyMembership (pid, idno) VALUES (1, 4777);
insert into LandesListe (llid, year, pid, fsid) VALUES (238, 2013, 1, 9);
insert into Landeslistenplatz (llid, idno, position) VALUES (238, 4777, 4);
insert into Citizen (idno, title, firstname, lastname, dateofbirth, gender) VALUES (4778, '', 'Grünler', 'Kai', '1.1.1971.', 'p');
insert into CandidatesData (idno) VALUES (4778);
insert into PartyMembership (pid, idno) VALUES (7, 4778);
insert into Candidacy (wkid, idno) VALUES (465, 4778);
insert into Landeslistenplatz (llid, idno, position) VALUES (85, 4778, 14);
insert into Citizen (idno, title, firstname, lastname, dateofbirth, gender) VALUES (4779, '', 'Grütters', 'Monika', '1.1.1962.', 'p');
insert into CandidatesData (idno) VALUES (4779);
insert into PartyMembership (pid, idno) VALUES (12, 4779);
insert into Candidacy (wkid, idno) VALUES (384, 4779);
insert into Landeslistenplatz (llid, idno, position) VALUES (117, 4779, 1);
insert into Citizen (idno, title, firstname, lastname, dateofbirth, gender) VALUES (4780, '', 'Grumich', 'Horst Josef Walter', '1.1.1950.', 'p');
insert into CandidatesData (idno) VALUES (4780);
insert into PartyMembership (pid, idno) VALUES (4, 4780);
insert into Candidacy (wkid, idno) VALUES (435, 4780);
insert into Landeslistenplatz (llid, idno, position) VALUES (98, 4780, 56);
insert into Citizen (idno, title, firstname, lastname, dateofbirth, gender) VALUES (4781, '', 'Grund', 'Manfred', '1.1.1955.', 'p');
insert into CandidatesData (idno) VALUES (4781);
insert into PartyMembership (pid, idno) VALUES (12, 4781);
insert into Candidacy (wkid, idno) VALUES (488, 4781);
insert into Landeslistenplatz (llid, idno, position) VALUES (212, 4781, 1);
insert into Citizen (idno, title, firstname, lastname, dateofbirth, gender) VALUES (4782, '', 'Grundmann', 'Bastian', '1.1.1982.', 'p');
insert into CandidatesData (idno) VALUES (4782);
insert into PartyMembership (pid, idno) VALUES (7, 4782);
insert into Candidacy (wkid, idno) VALUES (304, 4782);
insert into Citizen (idno, title, firstname, lastname, dateofbirth, gender) VALUES (4783, '', 'Grundmann', 'Oliver', '1.1.1971.', 'p');
insert into CandidatesData (idno) VALUES (4783);
insert into PartyMembership (pid, idno) VALUES (12, 4783);
insert into Candidacy (wkid, idno) VALUES (329, 4783);
insert into Landeslistenplatz (llid, idno, position) VALUES (44, 4783, 20);
insert into Citizen (idno, title, firstname, lastname, dateofbirth, gender) VALUES (4784, '', 'Gruner', 'Stefanie', '1.1.1980.', 'p');
insert into CandidatesData (idno) VALUES (4784);
insert into PartyMembership (pid, idno) VALUES (5, 4784);
insert into Candidacy (wkid, idno) VALUES (451, 4784);
insert into Landeslistenplatz (llid, idno, position) VALUES (185, 4784, 7);
insert into Citizen (idno, title, firstname, lastname, dateofbirth, gender) VALUES (4785, '', 'Grunert', 'Benno', '1.1.1935.', 'p');
insert into CandidatesData (idno) VALUES (4785);
insert into PartyMembership (pid, idno) VALUES (1, 4785);
insert into Candidacy (wkid, idno) VALUES (568, 4785);
insert into Citizen (idno, title, firstname, lastname, dateofbirth, gender) VALUES (4786, '', 'Grunert', 'Jörg', '1.1.1966.', 'p');
insert into CandidatesData (idno) VALUES (4786);
insert into PartyMembership (pid, idno) VALUES (32, 4786);
insert into Candidacy (wkid, idno) VALUES (337, 4786);
insert into Citizen (idno, title, firstname, lastname, dateofbirth, gender) VALUES (4787, '', 'Grunzel', 'Michael', '1.1.1969.', 'p');
insert into CandidatesData (idno) VALUES (4787);
insert into PartyMembership (pid, idno) VALUES (1, 4787);
insert into Candidacy (wkid, idno) VALUES (367, 4787);
insert into Landeslistenplatz (llid, idno, position) VALUES (38, 4787, 5);
insert into Citizen (idno, title, firstname, lastname, dateofbirth, gender) VALUES (4788, '', 'Grupe', 'Alexander', '1.1.1978.', 'p');
insert into CandidatesData (idno) VALUES (4788);
insert into PartyMembership (pid, idno) VALUES (31, 4788);
insert into Landeslistenplatz (llid, idno, position) VALUES (135, 4788, 1);
insert into Citizen (idno, title, firstname, lastname, dateofbirth, gender) VALUES (4789, '', 'Gruß', 'Miriam', '1.1.1975.', 'p');
insert into CandidatesData (idno) VALUES (4789);
insert into PartyMembership (pid, idno) VALUES (4, 4789);
insert into Candidacy (wkid, idno) VALUES (551, 4789);
insert into Landeslistenplatz (llid, idno, position) VALUES (102, 4789, 3);
insert into Citizen (idno, title, firstname, lastname, dateofbirth, gender) VALUES (4790, '', 'Guckenbiehl', 'Oliver', '1.1.1982.', 'p');
insert into CandidatesData (idno) VALUES (4790);
insert into PartyMembership (pid, idno) VALUES (2, 4790);
insert into Landeslistenplatz (llid, idno, position) VALUES (71, 4790, 34);
insert into Citizen (idno, title, firstname, lastname, dateofbirth, gender) VALUES (4791, '', 'Guckert', 'Andreas', '1.1.1980.', 'p');
insert into CandidatesData (idno) VALUES (4791);
insert into PartyMembership (pid, idno) VALUES (7, 4791);
insert into Candidacy (wkid, idno) VALUES (598, 4791);
insert into Landeslistenplatz (llid, idno, position) VALUES (221, 4791, 5);
insert into Citizen (idno, title, firstname, lastname, dateofbirth, gender) VALUES (4792, '', 'Gudella de Graaf', 'Ute', '1.1.1958.', 'p');
insert into CandidatesData (idno) VALUES (4792);
insert into PartyMembership (pid, idno) VALUES (2, 4792);
insert into Landeslistenplatz (llid, idno, position) VALUES (69, 4792, 52);
insert into Citizen (idno, title, firstname, lastname, dateofbirth, gender) VALUES (4793, 'Dr. ', 'Gührs', 'Erik', '1.1.1982.', 'p');
insert into CandidatesData (idno) VALUES (4793);
insert into PartyMembership (pid, idno) VALUES (2, 4793);
insert into Candidacy (wkid, idno) VALUES (385, 4793);
insert into Landeslistenplatz (llid, idno, position) VALUES (179, 4793, 10);
insert into Citizen (idno, title, firstname, lastname, dateofbirth, gender) VALUES (4794, '', 'Güllich', 'Hans-Jürgen', '1.1.1962.', 'p');
insert into CandidatesData (idno) VALUES (4794);
insert into PartyMembership (pid, idno) VALUES (1, 4794);
insert into Candidacy (wkid, idno) VALUES (582, 4794);
insert into Citizen (idno, title, firstname, lastname, dateofbirth, gender) VALUES (4795, '', 'Günther', 'Reinhard', '1.1.1944.', 'p');
insert into CandidatesData (idno) VALUES (4795);
insert into PartyMembership (pid, idno) VALUES (4, 4795);
insert into Candidacy (wkid, idno) VALUES (579, 4795);
insert into Landeslistenplatz (llid, idno, position) VALUES (51, 4795, 35);
insert into Citizen (idno, title, firstname, lastname, dateofbirth, gender) VALUES (4796, '', 'Günther', 'Thomas Joachim', '1.1.1951.', 'p');
insert into CandidatesData (idno) VALUES (4796);
insert into PartyMembership (pid, idno) VALUES (13, 4796);
insert into Landeslistenplatz (llid, idno, position) VALUES (233, 4796, 3);
insert into Citizen (idno, title, firstname, lastname, dateofbirth, gender) VALUES (4797, '', 'Günther', 'Uwe', '1.1.1932.', 'p');
insert into CandidatesData (idno) VALUES (4797);
insert into PartyMembership (pid, idno) VALUES (18, 4797);
insert into LandesListe (llid, year, pid, fsid) VALUES (239, 2013, 18, 39);
insert into Landeslistenplatz (llid, idno, position) VALUES (239, 4797, 2);
insert into Citizen (idno, title, firstname, lastname, dateofbirth, gender) VALUES (4798, '', 'Güntzler', 'Fritz', '1.1.1966.', 'p');
insert into CandidatesData (idno) VALUES (4798);
insert into PartyMembership (pid, idno) VALUES (12, 4798);
insert into Candidacy (wkid, idno) VALUES (352, 4798);
insert into Landeslistenplatz (llid, idno, position) VALUES (44, 4798, 10);
insert into Citizen (idno, title, firstname, lastname, dateofbirth, gender) VALUES (4799, '', 'Gums', 'Rüdiger', '1.1.1959.', 'p');
insert into CandidatesData (idno) VALUES (4799);
insert into Candidacy (wkid, idno) VALUES (332, 4799);
insert into Citizen (idno, title, firstname, lastname, dateofbirth, gender) VALUES (4800, 'Dr. ', 'Gundelach', 'Herlind Magdalena', '1.1.1949.', 'p');
insert into CandidatesData (idno) VALUES (4800);
insert into PartyMembership (pid, idno) VALUES (12, 4800);
insert into Candidacy (wkid, idno) VALUES (322, 4800);
insert into Landeslistenplatz (llid, idno, position) VALUES (222, 4800, 3);
insert into Citizen (idno, title, firstname, lastname, dateofbirth, gender) VALUES (4801, '', 'Gundelbacher', 'Thomas', '1.1.1964.', 'p');
insert into CandidatesData (idno) VALUES (4801);
insert into PartyMembership (pid, idno) VALUES (7, 4801);
insert into Candidacy (wkid, idno) VALUES (346, 4801);
insert into Citizen (idno, title, firstname, lastname, dateofbirth, gender) VALUES (4802, '', 'Gunkel', 'Angelika Eleonore Wilhelmine', '1.1.1955.', 'p');
insert into CandidatesData (idno) VALUES (4802);
insert into PartyMembership (pid, idno) VALUES (5, 4802);
insert into Candidacy (wkid, idno) VALUES (479, 4802);
insert into Landeslistenplatz (llid, idno, position) VALUES (144, 4802, 19);
insert into Citizen (idno, title, firstname, lastname, dateofbirth, gender) VALUES (4803, '', 'Gunkel', 'Wolfgang Michael', '1.1.1947.', 'p');
insert into CandidatesData (idno) VALUES (4803);
insert into PartyMembership (pid, idno) VALUES (2, 4803);
insert into Candidacy (wkid, idno) VALUES (463, 4803);
insert into Landeslistenplatz (llid, idno, position) VALUES (153, 4803, 5);
insert into Citizen (idno, title, firstname, lastname, dateofbirth, gender) VALUES (4804, '', 'Gurack', 'Ditte', '1.1.1973.', 'p');
insert into CandidatesData (idno) VALUES (4804);
insert into PartyMembership (pid, idno) VALUES (5, 4804);
insert into Landeslistenplatz (llid, idno, position) VALUES (83, 4804, 25);
insert into Citizen (idno, title, firstname, lastname, dateofbirth, gender) VALUES (4805, '', 'Gutsch', 'Alexander', '1.1.1989.', 'p');
insert into CandidatesData (idno) VALUES (4805);
insert into Candidacy (wkid, idno) VALUES (434, 4805);
insert into Citizen (idno, title, firstname, lastname, dateofbirth, gender) VALUES (4806, '', 'Gutsche', 'Hermann Josef Andreas', '1.1.1954.', 'p');
insert into CandidatesData (idno) VALUES (4806);
insert into PartyMembership (pid, idno) VALUES (1, 4806);
insert into Candidacy (wkid, idno) VALUES (304, 4806);
insert into Landeslistenplatz (llid, idno, position) VALUES (230, 4806, 2);
insert into Citizen (idno, title, firstname, lastname, dateofbirth, gender) VALUES (4807, '', 'Gutting', 'Olav Steffen', '1.1.1970.', 'p');
insert into CandidatesData (idno) VALUES (4807);
insert into PartyMembership (pid, idno) VALUES (12, 4807);
insert into Candidacy (wkid, idno) VALUES (577, 4807);
insert into Citizen (idno, title, firstname, lastname, dateofbirth, gender) VALUES (4808, '', 'Guzy', 'Joachim Josef', '1.1.1958.', 'p');
insert into CandidatesData (idno) VALUES (4808);
insert into PartyMembership (pid, idno) VALUES (32, 4808);
insert into Candidacy (wkid, idno) VALUES (458, 4808);
insert into Landeslistenplatz (llid, idno, position) VALUES (215, 4808, 7);
insert into Citizen (idno, title, firstname, lastname, dateofbirth, gender) VALUES (4809, 'Dr. ', 'Gysi', 'Gregor', '1.1.1948.', 'p');
insert into CandidatesData (idno) VALUES (4809);
insert into PartyMembership (pid, idno) VALUES (3, 4809);
insert into Candidacy (wkid, idno) VALUES (383, 4809);
insert into Landeslistenplatz (llid, idno, position) VALUES (196, 4809, 1);
insert into Citizen (idno, title, firstname, lastname, dateofbirth, gender) VALUES (4810, '', 'Haack', 'Andreas', '1.1.1979.', 'p');
insert into CandidatesData (idno) VALUES (4810);
insert into PartyMembership (pid, idno) VALUES (1, 4810);
insert into Candidacy (wkid, idno) VALUES (328, 4810);
insert into Citizen (idno, title, firstname, lastname, dateofbirth, gender) VALUES (4811, '', 'Haag', 'Rainer', '1.1.1962.', 'p');
insert into CandidatesData (idno) VALUES (4811);
insert into PartyMembership (pid, idno) VALUES (19, 4811);
insert into Candidacy (wkid, idno) VALUES (570, 4811);
insert into Landeslistenplatz (llid, idno, position) VALUES (182, 4811, 11);
insert into Citizen (idno, title, firstname, lastname, dateofbirth, gender) VALUES (4812, '', 'Haage', 'Gert', '1.1.1948.', 'p');
insert into CandidatesData (idno) VALUES (4812);
insert into PartyMembership (pid, idno) VALUES (32, 4812);
insert into Landeslistenplatz (llid, idno, position) VALUES (215, 4812, 9);
insert into Citizen (idno, title, firstname, lastname, dateofbirth, gender) VALUES (4813, '', 'Haarmann', 'Kerstin', '1.1.1966.', 'p');
insert into CandidatesData (idno) VALUES (4813);
insert into PartyMembership (pid, idno) VALUES (5, 4813);
insert into Candidacy (wkid, idno) VALUES (436, 4813);
insert into Landeslistenplatz (llid, idno, position) VALUES (83, 4813, 23);
insert into Citizen (idno, title, firstname, lastname, dateofbirth, gender) VALUES (4814, '', 'Haas', 'Angelika', '1.1.1941.', 'p');
insert into CandidatesData (idno) VALUES (4814);
insert into PartyMembership (pid, idno) VALUES (19, 4814);
insert into Landeslistenplatz (llid, idno, position) VALUES (40, 4814, 49);
insert into Citizen (idno, title, firstname, lastname, dateofbirth, gender) VALUES (4815, '', 'Haase', 'Christian', '1.1.1966.', 'p');
insert into CandidatesData (idno) VALUES (4815);
insert into PartyMembership (pid, idno) VALUES (12, 4815);
insert into Candidacy (wkid, idno) VALUES (435, 4815);
insert into Citizen (idno, title, firstname, lastname, dateofbirth, gender) VALUES (4816, '', 'Haase', 'Martin', '1.1.1955.', 'p');
insert into CandidatesData (idno) VALUES (4816);
insert into PartyMembership (pid, idno) VALUES (33, 4816);
insert into Candidacy (wkid, idno) VALUES (399, 4816);
insert into Landeslistenplatz (llid, idno, position) VALUES (80, 4816, 12);
insert into Citizen (idno, title, firstname, lastname, dateofbirth, gender) VALUES (4817, '', 'Haase', 'Stephan', '1.1.1968.', 'p');
insert into CandidatesData (idno) VALUES (4817);
insert into PartyMembership (pid, idno) VALUES (1, 4817);
insert into Candidacy (wkid, idno) VALUES (448, 4817);
insert into Landeslistenplatz (llid, idno, position) VALUES (200, 4817, 2);
insert into Citizen (idno, title, firstname, lastname, dateofbirth, gender) VALUES (4818, '', 'Haase', 'Wilfried Harald', '1.1.1940.', 'p');
insert into CandidatesData (idno) VALUES (4818);
insert into PartyMembership (pid, idno) VALUES (32, 4818);
insert into Candidacy (wkid, idno) VALUES (356, 4818);
insert into Landeslistenplatz (llid, idno, position) VALUES (92, 4818, 6);
insert into Citizen (idno, title, firstname, lastname, dateofbirth, gender) VALUES (4819, '', 'Habedank', 'André', '1.1.1972.', 'p');
insert into CandidatesData (idno) VALUES (4819);
insert into PartyMembership (pid, idno) VALUES (33, 4819);
insert into Landeslistenplatz (llid, idno, position) VALUES (164, 4819, 9);
insert into Citizen (idno, title, firstname, lastname, dateofbirth, gender) VALUES (4820, '', 'Habel', 'Peter', '1.1.1963.', 'p');
insert into CandidatesData (idno) VALUES (4820);
insert into PartyMembership (pid, idno) VALUES (4, 4820);
insert into Landeslistenplatz (llid, idno, position) VALUES (52, 4820, 9);
insert into Citizen (idno, title, firstname, lastname, dateofbirth, gender) VALUES (4821, '', 'Habermann', 'Heike Margot', '1.1.1956.', 'p');
insert into CandidatesData (idno) VALUES (4821);
insert into PartyMembership (pid, idno) VALUES (5, 4821);
insert into Landeslistenplatz (llid, idno, position) VALUES (144, 4821, 23);
insert into Citizen (idno, title, firstname, lastname, dateofbirth, gender) VALUES (4822, '', 'Haböck', 'Vera', '1.1.1974.', 'p');
insert into CandidatesData (idno) VALUES (4822);
insert into PartyMembership (pid, idno) VALUES (4, 4822);
insert into Landeslistenplatz (llid, idno, position) VALUES (52, 4822, 6);
insert into Citizen (idno, title, firstname, lastname, dateofbirth, gender) VALUES (4823, '', 'Hacker', 'Hans-Joachim', '1.1.1949.', 'p');
insert into CandidatesData (idno) VALUES (4823);
insert into PartyMembership (pid, idno) VALUES (2, 4823);
insert into Candidacy (wkid, idno) VALUES (311, 4823);
insert into Landeslistenplatz (llid, idno, position) VALUES (225, 4823, 4);
insert into Citizen (idno, title, firstname, lastname, dateofbirth, gender) VALUES (4824, '', 'Hacker', 'Sebastian', '1.1.1984.', 'p');
insert into CandidatesData (idno) VALUES (4824);
insert into PartyMembership (pid, idno) VALUES (7, 4824);
insert into Candidacy (wkid, idno) VALUES (463, 4824);
insert into Citizen (idno, title, firstname, lastname, dateofbirth, gender) VALUES (4825, '', 'Haddouti', 'Mohamed', '1.1.1968.', 'p');
insert into CandidatesData (idno) VALUES (4825);
insert into PartyMembership (pid, idno) VALUES (34, 4825);
insert into Landeslistenplatz (llid, idno, position) VALUES (32, 4825, 9);
insert into Citizen (idno, title, firstname, lastname, dateofbirth, gender) VALUES (4826, '', 'Haderer', 'Roland', '1.1.1949.', 'p');
insert into CandidatesData (idno) VALUES (4826);
insert into PartyMembership (pid, idno) VALUES (10, 4826);
insert into Landeslistenplatz (llid, idno, position) VALUES (67, 4826, 7);
insert into Citizen (idno, title, firstname, lastname, dateofbirth, gender) VALUES (4827, '', 'Häberle', 'Axel', '1.1.1956.', 'p');
insert into CandidatesData (idno) VALUES (4827);
insert into PartyMembership (pid, idno) VALUES (12, 4827);
insert into Landeslistenplatz (llid, idno, position) VALUES (105, 4827, 55);
insert into Citizen (idno, title, firstname, lastname, dateofbirth, gender) VALUES (4828, '', 'Häfen von', 'Sylvia', '1.1.1974.', 'p');
insert into CandidatesData (idno) VALUES (4828);
insert into PartyMembership (pid, idno) VALUES (3, 4828);
insert into Candidacy (wkid, idno) VALUES (417, 4828);
insert into Landeslistenplatz (llid, idno, position) VALUES (95, 4828, 20);
insert into Citizen (idno, title, firstname, lastname, dateofbirth, gender) VALUES (4829, '', 'Häger', 'Iris', '1.1.1971.', 'p');
insert into CandidatesData (idno) VALUES (4829);
insert into PartyMembership (pid, idno) VALUES (32, 4829);
insert into Candidacy (wkid, idno) VALUES (397, 4829);
insert into Citizen (idno, title, firstname, lastname, dateofbirth, gender) VALUES (4830, '', 'Häggberg', 'Florian', '1.1.1972.', 'p');
insert into CandidatesData (idno) VALUES (4830);
insert into PartyMembership (pid, idno) VALUES (36, 4830);
insert into Landeslistenplatz (llid, idno, position) VALUES (122, 4830, 6);
insert into Citizen (idno, title, firstname, lastname, dateofbirth, gender) VALUES (4831, '', 'Häggberg', 'Verena', '1.1.1973.', 'p');
insert into CandidatesData (idno) VALUES (4831);
insert into PartyMembership (pid, idno) VALUES (36, 4831);
insert into Landeslistenplatz (llid, idno, position) VALUES (122, 4831, 3);
insert into Citizen (idno, title, firstname, lastname, dateofbirth, gender) VALUES (4832, '', 'Hähnel', 'Stella', '1.1.1972.', 'p');
insert into CandidatesData (idno) VALUES (4832);
insert into PartyMembership (pid, idno) VALUES (1, 4832);
insert into Landeslistenplatz (llid, idno, position) VALUES (132, 4832, 2);
insert into Citizen (idno, title, firstname, lastname, dateofbirth, gender) VALUES (4833, '', 'Hähnlein', 'René', '1.1.1971.', 'p');
insert into CandidatesData (idno) VALUES (4833);
insert into PartyMembership (pid, idno) VALUES (3, 4833);
insert into Candidacy (wkid, idno) VALUES (537, 4833);
insert into Citizen (idno, title, firstname, lastname, dateofbirth, gender) VALUES (4834, '', 'Händelkes', 'Melanie', '1.1.1977.', 'p');
insert into CandidatesData (idno) VALUES (4834);
insert into PartyMembership (pid, idno) VALUES (1, 4834);
insert into Candidacy (wkid, idno) VALUES (392, 4834);
insert into Landeslistenplatz (llid, idno, position) VALUES (200, 4834, 10);
insert into Citizen (idno, title, firstname, lastname, dateofbirth, gender) VALUES (4835, '', 'Haenschke', 'Gustav Walter', '1.1.1948.', 'p');
insert into CandidatesData (idno) VALUES (4835);
insert into PartyMembership (pid, idno) VALUES (1, 4835);
insert into Candidacy (wkid, idno) VALUES (368, 4835);
insert into Landeslistenplatz (llid, idno, position) VALUES (38, 4835, 7);
insert into Citizen (idno, title, firstname, lastname, dateofbirth, gender) VALUES (4836, '', 'Hänsel', 'Heike', '1.1.1966.', 'p');
insert into CandidatesData (idno) VALUES (4836);
insert into PartyMembership (pid, idno) VALUES (3, 4836);
insert into Candidacy (wkid, idno) VALUES (589, 4836);
insert into Landeslistenplatz (llid, idno, position) VALUES (143, 4836, 2);
insert into Citizen (idno, title, firstname, lastname, dateofbirth, gender) VALUES (4837, '', 'Härting', 'Martina', '1.1.1956.', 'p');
insert into CandidatesData (idno) VALUES (4837);
insert into PartyMembership (pid, idno) VALUES (33, 4837);
insert into Candidacy (wkid, idno) VALUES (330, 4837);
insert into Citizen (idno, title, firstname, lastname, dateofbirth, gender) VALUES (4838, '', 'Haese', 'Peter Joachim Bruno', '1.1.1937.', 'p');
insert into CandidatesData (idno) VALUES (4838);
insert into PartyMembership (pid, idno) VALUES (1, 4838);
insert into Candidacy (wkid, idno) VALUES (532, 4838);
insert into Citizen (idno, title, firstname, lastname, dateofbirth, gender) VALUES (4839, '', 'Hässelbarth', 'Ralf Peter Siegfried', '1.1.1952.', 'p');
insert into CandidatesData (idno) VALUES (4839);
insert into PartyMembership (pid, idno) VALUES (5, 4839);
insert into Candidacy (wkid, idno) VALUES (315, 4839);
insert into Landeslistenplatz (llid, idno, position) VALUES (176, 4839, 5);
insert into Citizen (idno, title, firstname, lastname, dateofbirth, gender) VALUES (4840, '', 'Häusling', 'Hermann', '1.1.1956.', 'p');
insert into CandidatesData (idno) VALUES (4840);
insert into PartyMembership (pid, idno) VALUES (5, 4840);
insert into Candidacy (wkid, idno) VALUES (469, 4840);
insert into Citizen (idno, title, firstname, lastname, dateofbirth, gender) VALUES (4841, '', 'Hagedorn', 'Bettina', '1.1.1955.', 'p');
insert into CandidatesData (idno) VALUES (4841);
insert into PartyMembership (pid, idno) VALUES (2, 4841);
insert into Candidacy (wkid, idno) VALUES (308, 4841);
insert into Landeslistenplatz (llid, idno, position) VALUES (103, 4841, 2);
insert into Citizen (idno, title, firstname, lastname, dateofbirth, gender) VALUES (4842, '', 'Hagedorn', 'Nicolai', '1.1.1976.', 'p');
insert into CandidatesData (idno) VALUES (4842);
insert into PartyMembership (pid, idno) VALUES (31, 4842);
insert into Landeslistenplatz (llid, idno, position) VALUES (79, 4842, 17);
insert into Citizen (idno, title, firstname, lastname, dateofbirth, gender) VALUES (4843, '', 'Hagelstede', 'Guido', '1.1.1967.', 'p');
insert into CandidatesData (idno) VALUES (4843);
insert into PartyMembership (pid, idno) VALUES (3, 4843);
insert into Candidacy (wkid, idno) VALUES (328, 4843);
insert into Citizen (idno, title, firstname, lastname, dateofbirth, gender) VALUES (4844, '', 'Hagelstein', 'Dirk Gene', '1.1.1967.', 'p');
insert into CandidatesData (idno) VALUES (4844);
insert into PartyMembership (pid, idno) VALUES (2, 4844);
insert into Candidacy (wkid, idno) VALUES (484, 4844);
insert into Landeslistenplatz (llid, idno, position) VALUES (54, 4844, 23);
insert into Citizen (idno, title, firstname, lastname, dateofbirth, gender) VALUES (4845, '', 'Hagemann', 'Willy', '1.1.1989.', 'p');
insert into CandidatesData (idno) VALUES (4845);
insert into PartyMembership (pid, idno) VALUES (2, 4845);
insert into Landeslistenplatz (llid, idno, position) VALUES (147, 4845, 15);
insert into Citizen (idno, title, firstname, lastname, dateofbirth, gender) VALUES (4846, '', 'Hagen', 'Heide', '1.1.1956.', 'p');
insert into CandidatesData (idno) VALUES (4846);
insert into PartyMembership (pid, idno) VALUES (7, 4846);
insert into Landeslistenplatz (llid, idno, position) VALUES (206, 4846, 9);
insert into Citizen (idno, title, firstname, lastname, dateofbirth, gender) VALUES (4847, '', 'Hagl-Kehl', 'Rita', '1.1.1970.', 'p');
insert into CandidatesData (idno) VALUES (4847);
insert into PartyMembership (pid, idno) VALUES (2, 4847);
insert into Candidacy (wkid, idno) VALUES (526, 4847);
insert into Landeslistenplatz (llid, idno, position) VALUES (87, 4847, 20);
insert into Citizen (idno, title, firstname, lastname, dateofbirth, gender) VALUES (4848, '', 'Hahn', 'Andreas', '1.1.1971.', 'p');
insert into CandidatesData (idno) VALUES (4848);
insert into PartyMembership (pid, idno) VALUES (7, 4848);
insert into Candidacy (wkid, idno) VALUES (576, 4848);
insert into Landeslistenplatz (llid, idno, position) VALUES (48, 4848, 8);
insert into Citizen (idno, title, firstname, lastname, dateofbirth, gender) VALUES (4849, 'Dr. ', 'Hahn', 'André Peter Frank', '1.1.1963.', 'p');
insert into CandidatesData (idno) VALUES (4849);
insert into PartyMembership (pid, idno) VALUES (3, 4849);
insert into Candidacy (wkid, idno) VALUES (457, 4849);
insert into LandesListe (llid, year, pid, fsid) VALUES (240, 2013, 3, 51);
insert into Landeslistenplatz (llid, idno, position) VALUES (240, 4849, 2);
insert into Citizen (idno, title, firstname, lastname, dateofbirth, gender) VALUES (4850, '', 'Hahn', 'Florian', '1.1.1974.', 'p');
insert into CandidatesData (idno) VALUES (4850);
insert into PartyMembership (pid, idno) VALUES (9, 4850);
insert into Candidacy (wkid, idno) VALUES (521, 4850);
insert into Landeslistenplatz (llid, idno, position) VALUES (47, 4850, 23);
insert into Citizen (idno, title, firstname, lastname, dateofbirth, gender) VALUES (4851, '', 'Hahn', 'Julius', '1.1.1994.', 'p');
insert into CandidatesData (idno) VALUES (4851);
insert into PartyMembership (pid, idno) VALUES (7, 4851);
insert into Candidacy (wkid, idno) VALUES (446, 4851);
insert into Citizen (idno, title, firstname, lastname, dateofbirth, gender) VALUES (4852, '', 'Hahn', 'Peter', '1.1.1958.', 'p');
insert into CandidatesData (idno) VALUES (4852);
insert into PartyMembership (pid, idno) VALUES (19, 4852);
insert into Landeslistenplatz (llid, idno, position) VALUES (124, 4852, 7);
insert into Citizen (idno, title, firstname, lastname, dateofbirth, gender) VALUES (4853, '', 'Haider', 'Bernd', '1.1.1968.', 'p');
insert into CandidatesData (idno) VALUES (4853);
insert into PartyMembership (pid, idno) VALUES (19, 4853);
insert into Landeslistenplatz (llid, idno, position) VALUES (228, 4853, 3);
insert into Citizen (idno, title, firstname, lastname, dateofbirth, gender) VALUES (4854, '', 'Hajduk', 'Anja Margarete Helene', '1.1.1963.', 'p');
insert into CandidatesData (idno) VALUES (4854);
insert into PartyMembership (pid, idno) VALUES (5, 4854);
insert into Candidacy (wkid, idno) VALUES (320, 4854);
insert into Landeslistenplatz (llid, idno, position) VALUES (146, 4854, 1);
insert into Citizen (idno, title, firstname, lastname, dateofbirth, gender) VALUES (4855, '', 'Hajek', 'Rainer', '1.1.1945.', 'p');
insert into CandidatesData (idno) VALUES (4855);
insert into PartyMembership (pid, idno) VALUES (12, 4855);
insert into Landeslistenplatz (llid, idno, position) VALUES (44, 4855, 31);
insert into Citizen (idno, title, firstname, lastname, dateofbirth, gender) VALUES (4856, '', 'Hakverdi', 'Metin', '1.1.1969.', 'p');
insert into CandidatesData (idno) VALUES (4856);
insert into PartyMembership (pid, idno) VALUES (2, 4856);
insert into Candidacy (wkid, idno) VALUES (322, 4856);
insert into Landeslistenplatz (llid, idno, position) VALUES (64, 4856, 8);
insert into Citizen (idno, title, firstname, lastname, dateofbirth, gender) VALUES (4857, '', 'Halbe', 'Bastian', '1.1.1993.', 'p');
insert into CandidatesData (idno) VALUES (4857);
insert into PartyMembership (pid, idno) VALUES (7, 4857);
insert into Candidacy (wkid, idno) VALUES (448, 4857);
insert into Citizen (idno, title, firstname, lastname, dateofbirth, gender) VALUES (4858, '', 'Haliti', 'Marcel', '1.1.1983.', 'p');
insert into CandidatesData (idno) VALUES (4858);
insert into PartyMembership (pid, idno) VALUES (1, 4858);
insert into Candidacy (wkid, idno) VALUES (417, 4858);
insert into Landeslistenplatz (llid, idno, position) VALUES (200, 4858, 6);
insert into Citizen (idno, title, firstname, lastname, dateofbirth, gender) VALUES (4859, '', 'Hall von', 'Peter-René', '1.1.1981.', 'p');
insert into CandidatesData (idno) VALUES (4859);
insert into PartyMembership (pid, idno) VALUES (33, 4859);
insert into Landeslistenplatz (llid, idno, position) VALUES (80, 4859, 11);
insert into Citizen (idno, title, firstname, lastname, dateofbirth, gender) VALUES (4860, '', 'Hallasch', 'Philip-Mario', '1.1.1989.', 'p');
insert into CandidatesData (idno) VALUES (4860);
insert into PartyMembership (pid, idno) VALUES (1, 4860);
insert into Candidacy (wkid, idno) VALUES (587, 4860);
insert into Citizen (idno, title, firstname, lastname, dateofbirth, gender) VALUES (4861, '', 'Hamal', 'Klaus', '1.1.1965.', 'p');
insert into CandidatesData (idno) VALUES (4861);
insert into PartyMembership (pid, idno) VALUES (32, 4861);
insert into Landeslistenplatz (llid, idno, position) VALUES (33, 4861, 41);
insert into Citizen (idno, title, firstname, lastname, dateofbirth, gender) VALUES (4862, '', 'Hamann', 'David', '1.1.1981.', 'p');
insert into CandidatesData (idno) VALUES (4862);
insert into PartyMembership (pid, idno) VALUES (31, 4862);
insert into Candidacy (wkid, idno) VALUES (374, 4862);
insert into Landeslistenplatz (llid, idno, position) VALUES (28, 4862, 54);
insert into Citizen (idno, title, firstname, lastname, dateofbirth, gender) VALUES (4863, '', 'Hamburger', 'Josef', '1.1.1963.', 'p');
insert into CandidatesData (idno) VALUES (4863);
insert into PartyMembership (pid, idno) VALUES (12, 4863);
insert into Landeslistenplatz (llid, idno, position) VALUES (105, 4863, 50);
insert into Citizen (idno, title, firstname, lastname, dateofbirth, gender) VALUES (4864, '', 'Hammer', 'Pirmin', '1.1.1961.', 'p');
insert into CandidatesData (idno) VALUES (4864);
insert into PartyMembership (pid, idno) VALUES (1, 4864);
insert into Landeslistenplatz (llid, idno, position) VALUES (86, 4864, 9);
insert into Citizen (idno, title, firstname, lastname, dateofbirth, gender) VALUES (4865, '', 'Hammer', 'Silke', '1.1.1968.', 'p');
insert into CandidatesData (idno) VALUES (4865);
insert into PartyMembership (pid, idno) VALUES (33, 4865);
insert into Landeslistenplatz (llid, idno, position) VALUES (111, 4865, 25);
insert into Citizen (idno, title, firstname, lastname, dateofbirth, gender) VALUES (4866, '', 'Hammerlindl', 'Klaus Anton', '1.1.1965.', 'p');
insert into CandidatesData (idno) VALUES (4866);
insert into PartyMembership (pid, idno) VALUES (31, 4866);
insert into Candidacy (wkid, idno) VALUES (543, 4866);
insert into Citizen (idno, title, firstname, lastname, dateofbirth, gender) VALUES (4867, '', 'Hammitzsch', 'Gerhard', '1.1.1958.', 'p');
insert into CandidatesData (idno) VALUES (4867);
insert into PartyMembership (pid, idno) VALUES (32, 4867);
insert into Candidacy (wkid, idno) VALUES (557, 4867);
insert into Landeslistenplatz (llid, idno, position) VALUES (91, 4867, 9);
insert into Citizen (idno, title, firstname, lastname, dateofbirth, gender) VALUES (4868, '', 'Hampel', 'Armin-Paulus', '1.1.1957.', 'p');
insert into CandidatesData (idno) VALUES (4868);
insert into PartyMembership (pid, idno) VALUES (33, 4868);
insert into Landeslistenplatz (llid, idno, position) VALUES (30, 4868, 4);
insert into Citizen (idno, title, firstname, lastname, dateofbirth, gender) VALUES (4869, '', 'Hampel', 'Martin', '1.1.1980.', 'p');
insert into CandidatesData (idno) VALUES (4869);
insert into PartyMembership (pid, idno) VALUES (7, 4869);
insert into Candidacy (wkid, idno) VALUES (362, 4869);
insert into Citizen (idno, title, firstname, lastname, dateofbirth, gender) VALUES (4870, '', 'Hampel', 'Ulrich', '1.1.1964.', 'p');
insert into CandidatesData (idno) VALUES (4870);
insert into PartyMembership (pid, idno) VALUES (2, 4870);
insert into Candidacy (wkid, idno) VALUES (426, 4870);
insert into Landeslistenplatz (llid, idno, position) VALUES (73, 4870, 27);
insert into Citizen (idno, title, firstname, lastname, dateofbirth, gender) VALUES (4871, '', 'Hand', 'Gesche', '1.1.1972.', 'p');
insert into CandidatesData (idno) VALUES (4871);
insert into PartyMembership (pid, idno) VALUES (5, 4871);
insert into Candidacy (wkid, idno) VALUES (349, 4871);
insert into Landeslistenplatz (llid, idno, position) VALUES (142, 4871, 13);
insert into Citizen (idno, title, firstname, lastname, dateofbirth, gender) VALUES (4872, '', 'Hanf', 'Martina', '1.1.1967.', 'p');
insert into CandidatesData (idno) VALUES (4872);
insert into PartyMembership (pid, idno) VALUES (36, 4872);
insert into Landeslistenplatz (llid, idno, position) VALUES (149, 4872, 20);
insert into Citizen (idno, title, firstname, lastname, dateofbirth, gender) VALUES (4873, '', 'Hanf', 'Thomas', '1.1.1969.', 'p');
insert into CandidatesData (idno) VALUES (4873);
insert into PartyMembership (pid, idno) VALUES (36, 4873);
insert into Landeslistenplatz (llid, idno, position) VALUES (149, 4873, 8);
insert into Citizen (idno, title, firstname, lastname, dateofbirth, gender) VALUES (4874, '', 'Hanfland', 'Margarita Maria', '1.1.1957.', 'p');
insert into CandidatesData (idno) VALUES (4874);
insert into PartyMembership (pid, idno) VALUES (34, 4874);
insert into Landeslistenplatz (llid, idno, position) VALUES (32, 4874, 10);
insert into Citizen (idno, title, firstname, lastname, dateofbirth, gender) VALUES (4875, '', 'Hanika', 'Christian', '1.1.1986.', 'p');
insert into CandidatesData (idno) VALUES (4875);
insert into PartyMembership (pid, idno) VALUES (32, 4875);
insert into Candidacy (wkid, idno) VALUES (527, 4875);
insert into Landeslistenplatz (llid, idno, position) VALUES (33, 4875, 1);
insert into Citizen (idno, title, firstname, lastname, dateofbirth, gender) VALUES (4876, '', 'Hanisch', 'Angela Anne', '1.1.1957.', 'p');
insert into CandidatesData (idno) VALUES (4876);
insert into PartyMembership (pid, idno) VALUES (5, 4876);
insert into Candidacy (wkid, idno) VALUES (481, 4876);
insert into Landeslistenplatz (llid, idno, position) VALUES (144, 4876, 21);
insert into Citizen (idno, title, firstname, lastname, dateofbirth, gender) VALUES (4877, 'Dr. ', 'Hanisch', 'Karl Hans-Joachim', '1.1.1948.', 'p');
insert into CandidatesData (idno) VALUES (4877);
insert into PartyMembership (pid, idno) VALUES (3, 4877);
insert into Candidacy (wkid, idno) VALUES (317, 4877);
insert into Landeslistenplatz (llid, idno, position) VALUES (41, 4877, 4);
insert into Citizen (idno, title, firstname, lastname, dateofbirth, gender) VALUES (4878, '', 'Hanke', 'Meinhard Franz Helmut', '1.1.1940.', 'p');
insert into CandidatesData (idno) VALUES (4878);
insert into PartyMembership (pid, idno) VALUES (29, 4878);
insert into Landeslistenplatz (llid, idno, position) VALUES (31, 4878, 6);
insert into Citizen (idno, title, firstname, lastname, dateofbirth, gender) VALUES (4879, '', 'Hansen', 'Arnold', '1.1.1956.', 'p');
insert into CandidatesData (idno) VALUES (4879);
insert into PartyMembership (pid, idno) VALUES (32, 4879);
insert into Candidacy (wkid, idno) VALUES (327, 4879);
insert into Landeslistenplatz (llid, idno, position) VALUES (108, 4879, 8);
insert into Citizen (idno, title, firstname, lastname, dateofbirth, gender) VALUES (4880, 'Dr. ', 'Hansen', 'Gerhard', '1.1.1959.', 'p');
insert into CandidatesData (idno) VALUES (4880);
insert into PartyMembership (pid, idno) VALUES (4, 4880);
insert into Candidacy (wkid, idno) VALUES (406, 4880);
insert into Landeslistenplatz (llid, idno, position) VALUES (98, 4880, 42);
insert into Citizen (idno, title, firstname, lastname, dateofbirth, gender) VALUES (4881, '', 'Hansen', 'Frank', '1.1.1973.', 'p');
insert into CandidatesData (idno) VALUES (4881);
insert into PartyMembership (pid, idno) VALUES (4, 4881);
insert into Candidacy (wkid, idno) VALUES (513, 4881);
insert into Landeslistenplatz (llid, idno, position) VALUES (102, 4881, 42);
insert into Citizen (idno, title, firstname, lastname, dateofbirth, gender) VALUES (4882, '', 'Hansmeyer', 'Ramón', '1.1.1975.', 'p');
insert into CandidatesData (idno) VALUES (4882);
insert into PartyMembership (pid, idno) VALUES (33, 4882);
insert into Candidacy (wkid, idno) VALUES (436, 4882);
insert into Citizen (idno, title, firstname, lastname, dateofbirth, gender) VALUES (4883, '', 'Hantusch', 'Thomas', '1.1.1966.', 'p');
insert into CandidatesData (idno) VALUES (4883);
insert into PartyMembership (pid, idno) VALUES (1, 4883);
insert into Candidacy (wkid, idno) VALUES (471, 4883);
insert into Landeslistenplatz (llid, idno, position) VALUES (238, 4883, 1);
insert into Citizen (idno, title, firstname, lastname, dateofbirth, gender) VALUES (4884, 'Dr. ', 'Happach-Kasan', 'Christel Erika', '1.1.1950.', 'p');
insert into CandidatesData (idno) VALUES (4884);
insert into PartyMembership (pid, idno) VALUES (4, 4884);
insert into Candidacy (wkid, idno) VALUES (309, 4884);
insert into Landeslistenplatz (llid, idno, position) VALUES (78, 4884, 4);
insert into Citizen (idno, title, firstname, lastname, dateofbirth, gender) VALUES (4885, '', 'Happe', 'Markus', '1.1.1976.', 'p');
insert into CandidatesData (idno) VALUES (4885);
insert into PartyMembership (pid, idno) VALUES (32, 4885);
insert into Candidacy (wkid, idno) VALUES (441, 4885);
insert into Citizen (idno, title, firstname, lastname, dateofbirth, gender) VALUES (4886, 'Dr. ', 'Harbarth', 'Stephan', '1.1.1971.', 'p');
insert into CandidatesData (idno) VALUES (4886);
insert into PartyMembership (pid, idno) VALUES (12, 4886);
insert into Candidacy (wkid, idno) VALUES (576, 4886);
insert into Citizen (idno, title, firstname, lastname, dateofbirth, gender) VALUES (4887, '', 'Harder', 'Ronald', '1.1.1947.', 'p');
insert into CandidatesData (idno) VALUES (4887);
insert into PartyMembership (pid, idno) VALUES (18, 4887);
insert into Landeslistenplatz (llid, idno, position) VALUES (186, 4887, 2);
insert into Citizen (idno, title, firstname, lastname, dateofbirth, gender) VALUES (4888, '', 'Hardt', 'Jürgen', '1.1.1963.', 'p');
insert into CandidatesData (idno) VALUES (4888);
insert into PartyMembership (pid, idno) VALUES (12, 4888);
insert into Candidacy (wkid, idno) VALUES (402, 4888);
insert into Landeslistenplatz (llid, idno, position) VALUES (136, 4888, 39);
insert into Citizen (idno, title, firstname, lastname, dateofbirth, gender) VALUES (4889, '', 'Harig', 'Klaus', '1.1.1963.', 'p');
insert into CandidatesData (idno) VALUES (4889);
insert into PartyMembership (pid, idno) VALUES (33, 4889);
insert into Candidacy (wkid, idno) VALUES (349, 4889);
insert into Citizen (idno, title, firstname, lastname, dateofbirth, gender) VALUES (4890, '', 'Harling', 'Katharina', '1.1.1985.', 'p');
insert into CandidatesData (idno) VALUES (4890);
insert into PartyMembership (pid, idno) VALUES (31, 4890);
insert into Candidacy (wkid, idno) VALUES (383, 4890);
insert into Landeslistenplatz (llid, idno, position) VALUES (28, 4890, 11);
insert into Citizen (idno, title, firstname, lastname, dateofbirth, gender) VALUES (4891, '', 'Harmel', 'Sebastian', '1.1.1982.', 'p');
insert into CandidatesData (idno) VALUES (4891);
insert into PartyMembership (pid, idno) VALUES (7, 4891);
insert into Candidacy (wkid, idno) VALUES (458, 4891);
insert into Landeslistenplatz (llid, idno, position) VALUES (85, 4891, 1);
insert into Citizen (idno, title, firstname, lastname, dateofbirth, gender) VALUES (4892, '', 'Harms', 'Daniel', '1.1.1981.', 'p');
insert into CandidatesData (idno) VALUES (4892);
insert into PartyMembership (pid, idno) VALUES (31, 4892);
insert into Landeslistenplatz (llid, idno, position) VALUES (135, 4892, 6);
insert into Citizen (idno, title, firstname, lastname, dateofbirth, gender) VALUES (4893, '', 'Hartjen', 'Florian Andreas', '1.1.1990.', 'p');
insert into CandidatesData (idno) VALUES (4893);
insert into PartyMembership (pid, idno) VALUES (4, 4893);
insert into Candidacy (wkid, idno) VALUES (492, 4893);
insert into Citizen (idno, title, firstname, lastname, dateofbirth, gender) VALUES (4894, '', 'Hartmann', 'Alexander', '1.1.1961.', 'p');
insert into CandidatesData (idno) VALUES (4894);
insert into PartyMembership (pid, idno) VALUES (10, 4894);
insert into Candidacy (wkid, idno) VALUES (478, 4894);
insert into Landeslistenplatz (llid, idno, position) VALUES (67, 4894, 1);
insert into Citizen (idno, title, firstname, lastname, dateofbirth, gender) VALUES (4895, '', 'Hartmann', 'Caroline', '1.1.1959.', 'p');
insert into CandidatesData (idno) VALUES (4895);
insert into PartyMembership (pid, idno) VALUES (10, 4895);
insert into Landeslistenplatz (llid, idno, position) VALUES (67, 4895, 9);
insert into Citizen (idno, title, firstname, lastname, dateofbirth, gender) VALUES (4896, '', 'Hartmann', 'Christian', '1.1.1985.', 'p');
insert into CandidatesData (idno) VALUES (4896);
insert into PartyMembership (pid, idno) VALUES (12, 4896);
insert into Landeslistenplatz (llid, idno, position) VALUES (88, 4896, 32);
insert into Citizen (idno, title, firstname, lastname, dateofbirth, gender) VALUES (4897, '', 'Hartmann', 'Kai', '1.1.1971.', 'p');
insert into CandidatesData (idno) VALUES (4897);
insert into PartyMembership (pid, idno) VALUES (41, 4897);
insert into Landeslistenplatz (llid, idno, position) VALUES (207, 4897, 5);
insert into Citizen (idno, title, firstname, lastname, dateofbirth, gender) VALUES (4898, '', 'Hartmann', 'Michael', '1.1.1963.', 'p');
insert into CandidatesData (idno) VALUES (4898);
insert into PartyMembership (pid, idno) VALUES (2, 4898);
insert into Candidacy (wkid, idno) VALUES (505, 4898);
insert into Landeslistenplatz (llid, idno, position) VALUES (71, 4898, 4);
insert into Citizen (idno, title, firstname, lastname, dateofbirth, gender) VALUES (4899, '', 'Hartmann', 'Sebastian', '1.1.1977.', 'p');
insert into CandidatesData (idno) VALUES (4899);
insert into PartyMembership (pid, idno) VALUES (2, 4899);
insert into Candidacy (wkid, idno) VALUES (396, 4899);
insert into Landeslistenplatz (llid, idno, position) VALUES (73, 4899, 15);
insert into Citizen (idno, title, firstname, lastname, dateofbirth, gender) VALUES (4900, '', 'Hartmann', 'Simon', '1.1.1977.', 'p');
insert into CandidatesData (idno) VALUES (4900);
insert into PartyMembership (pid, idno) VALUES (2, 4900);
insert into Landeslistenplatz (llid, idno, position) VALUES (69, 4900, 39);
insert into Citizen (idno, title, firstname, lastname, dateofbirth, gender) VALUES (4901, '', 'Hartmann', 'Uwe', '1.1.1963.', 'p');
insert into CandidatesData (idno) VALUES (4901);
insert into PartyMembership (pid, idno) VALUES (15, 4901);
insert into Landeslistenplatz (llid, idno, position) VALUES (55, 4901, 1);
insert into Citizen (idno, title, firstname, lastname, dateofbirth, gender) VALUES (4902, '', 'Hartrich', 'Michael Richard', '1.1.1967.', 'p');
insert into CandidatesData (idno) VALUES (4902);
insert into PartyMembership (pid, idno) VALUES (7, 4902);
insert into Candidacy (wkid, idno) VALUES (550, 4902);
insert into Landeslistenplatz (llid, idno, position) VALUES (72, 4902, 29);
insert into Citizen (idno, title, firstname, lastname, dateofbirth, gender) VALUES (4903, 'Dr. ', 'Hartung', 'Thomas', '1.1.1962.', 'p');
insert into CandidatesData (idno) VALUES (4903);
insert into PartyMembership (pid, idno) VALUES (33, 4903);
insert into Landeslistenplatz (llid, idno, position) VALUES (163, 4903, 6);
insert into Citizen (idno, title, firstname, lastname, dateofbirth, gender) VALUES (4904, '', 'Hartung', 'Melanie', '1.1.1976.', 'p');
insert into CandidatesData (idno) VALUES (4904);
insert into PartyMembership (pid, idno) VALUES (33, 4904);
insert into Landeslistenplatz (llid, idno, position) VALUES (80, 4904, 10);
insert into Citizen (idno, title, firstname, lastname, dateofbirth, gender) VALUES (4905, '', 'Haschke', 'Mathias', '1.1.1982.', 'p');
insert into CandidatesData (idno) VALUES (4905);
insert into PartyMembership (pid, idno) VALUES (31, 4905);
insert into Candidacy (wkid, idno) VALUES (452, 4905);
insert into Citizen (idno, title, firstname, lastname, dateofbirth, gender) VALUES (4906, '', 'Hasecke', 'Ulrich', '1.1.1963.', 'p');
insert into CandidatesData (idno) VALUES (4906);
insert into PartyMembership (pid, idno) VALUES (7, 4906);
insert into Candidacy (wkid, idno) VALUES (402, 4906);
insert into Citizen (idno, title, firstname, lastname, dateofbirth, gender) VALUES (4907, '', 'Hasenjäger', 'Agnes', '1.1.1950.', 'p');
insert into CandidatesData (idno) VALUES (4907);
insert into PartyMembership (pid, idno) VALUES (3, 4907);
insert into Candidacy (wkid, idno) VALUES (346, 4907);
insert into Citizen (idno, title, firstname, lastname, dateofbirth, gender) VALUES (4908, '', 'Haskic', 'Beate', '1.1.1965.', 'p');
insert into CandidatesData (idno) VALUES (4908);
insert into PartyMembership (pid, idno) VALUES (15, 4908);
insert into Candidacy (wkid, idno) VALUES (541, 4908);
insert into Citizen (idno, title, firstname, lastname, dateofbirth, gender) VALUES (4909, '', 'Haslinger', 'Thomas', '1.1.1986.', 'p');
insert into CandidatesData (idno) VALUES (4909);
insert into PartyMembership (pid, idno) VALUES (9, 4909);
insert into Landeslistenplatz (llid, idno, position) VALUES (47, 4909, 53);
insert into Citizen (idno, title, firstname, lastname, dateofbirth, gender) VALUES (4910, '', 'Hassel', 'Dagmar Luise', '1.1.1958.', 'p');
insert into CandidatesData (idno) VALUES (4910);
insert into PartyMembership (pid, idno) VALUES (12, 4910);
insert into Landeslistenplatz (llid, idno, position) VALUES (138, 4910, 19);
insert into Citizen (idno, title, firstname, lastname, dateofbirth, gender) VALUES (4911, '', 'Hasselfeldt', 'Gerda', '1.1.1950.', 'p');
insert into CandidatesData (idno) VALUES (4911);
insert into PartyMembership (pid, idno) VALUES (9, 4911);
insert into Candidacy (wkid, idno) VALUES (515, 4911);
insert into Landeslistenplatz (llid, idno, position) VALUES (47, 4911, 1);
insert into Citizen (idno, title, firstname, lastname, dateofbirth, gender) VALUES (4912, '', 'Haßelmann', 'Britta', '1.1.1961.', 'p');
insert into CandidatesData (idno) VALUES (4912);
insert into PartyMembership (pid, idno) VALUES (5, 4912);
insert into Candidacy (wkid, idno) VALUES (431, 4912);
insert into Landeslistenplatz (llid, idno, position) VALUES (83, 4912, 3);
insert into Citizen (idno, title, firstname, lastname, dateofbirth, gender) VALUES (4913, '', 'Hastan', 'Christine', '1.1.1961.', 'p');
insert into CandidatesData (idno) VALUES (4913);
insert into PartyMembership (pid, idno) VALUES (10, 4913);
insert into Landeslistenplatz (llid, idno, position) VALUES (67, 4913, 4);
insert into Citizen (idno, title, firstname, lastname, dateofbirth, gender) VALUES (4914, '', 'Hattendorf', 'Arne', '1.1.1967.', 'p');
insert into CandidatesData (idno) VALUES (4914);
insert into PartyMembership (pid, idno) VALUES (7, 4914);
insert into Candidacy (wkid, idno) VALUES (348, 4914);
insert into Citizen (idno, title, firstname, lastname, dateofbirth, gender) VALUES (4915, '', 'Haubrich', 'Melanie Svenja', '1.1.1983.', 'p');
insert into CandidatesData (idno) VALUES (4915);
insert into PartyMembership (pid, idno) VALUES (2, 4915);
insert into Landeslistenplatz (llid, idno, position) VALUES (54, 4915, 16);
insert into Citizen (idno, title, firstname, lastname, dateofbirth, gender) VALUES (4916, '', 'Hauck', 'Albrecht', '1.1.1954.', 'p');
insert into CandidatesData (idno) VALUES (4916);
insert into PartyMembership (pid, idno) VALUES (22, 4916);
insert into LandesListe (llid, year, pid, fsid) VALUES (241, 2013, 22, 30);
insert into Landeslistenplatz (llid, idno, position) VALUES (241, 4916, 4);
insert into Citizen (idno, title, firstname, lastname, dateofbirth, gender) VALUES (4917, '', 'Hauck', 'Marc', '1.1.1978.', 'p');
insert into CandidatesData (idno) VALUES (4917);
insert into PartyMembership (pid, idno) VALUES (4, 4917);
insert into Landeslistenplatz (llid, idno, position) VALUES (120, 4917, 18);
insert into Citizen (idno, title, firstname, lastname, dateofbirth, gender) VALUES (4918, '', 'Hauck', 'Nobert', '1.1.1949.', 'p');
insert into CandidatesData (idno) VALUES (4918);
insert into PartyMembership (pid, idno) VALUES (19, 4918);
insert into Landeslistenplatz (llid, idno, position) VALUES (124, 4918, 1);
insert into Citizen (idno, title, firstname, lastname, dateofbirth, gender) VALUES (4919, '', 'Hauer', 'Matthias', '1.1.1977.', 'p');
insert into CandidatesData (idno) VALUES (4919);
insert into PartyMembership (pid, idno) VALUES (12, 4919);
insert into Candidacy (wkid, idno) VALUES (419, 4919);
insert into Landeslistenplatz (llid, idno, position) VALUES (136, 4919, 30);
insert into Citizen (idno, title, firstname, lastname, dateofbirth, gender) VALUES (4920, '', 'Haug', 'Stefan', '1.1.1958.', 'p');
insert into CandidatesData (idno) VALUES (4920);
insert into PartyMembership (pid, idno) VALUES (5, 4920);
insert into Candidacy (wkid, idno) VALUES (529, 4920);
insert into Citizen (idno, title, firstname, lastname, dateofbirth, gender) VALUES (4921, '', 'Haugk', 'Matthias', '1.1.1962.', 'p');
insert into CandidatesData (idno) VALUES (4921);
insert into PartyMembership (pid, idno) VALUES (19, 4921);
insert into Landeslistenplatz (llid, idno, position) VALUES (182, 4921, 15);
insert into Citizen (idno, title, firstname, lastname, dateofbirth, gender) VALUES (4922, '', 'Hauke', 'Marco', '1.1.1973.', 'p');
insert into CandidatesData (idno) VALUES (4922);
insert into PartyMembership (pid, idno) VALUES (7, 4922);
insert into Candidacy (wkid, idno) VALUES (560, 4922);
insert into Landeslistenplatz (llid, idno, position) VALUES (48, 4922, 20);
insert into Citizen (idno, title, firstname, lastname, dateofbirth, gender) VALUES (4923, '', 'Hauptmann', 'Mark Lars Carsten', '1.1.1984.', 'p');
insert into CandidatesData (idno) VALUES (4923);
insert into PartyMembership (pid, idno) VALUES (12, 4923);
insert into Candidacy (wkid, idno) VALUES (496, 4923);
insert into Landeslistenplatz (llid, idno, position) VALUES (212, 4923, 9);
insert into Citizen (idno, title, firstname, lastname, dateofbirth, gender) VALUES (4924, 'Dr. ', 'Hausberg', 'Dietlind', '1.1.1962.', 'p');
insert into CandidatesData (idno) VALUES (4924);
insert into PartyMembership (pid, idno) VALUES (33, 4924);
insert into Landeslistenplatz (llid, idno, position) VALUES (111, 4924, 7);
insert into Citizen (idno, title, firstname, lastname, dateofbirth, gender) VALUES (4925, 'Dr. ', 'Hauser', 'Rolf Dieter', '1.1.1955.', 'p');
insert into CandidatesData (idno) VALUES (4925);
insert into PartyMembership (pid, idno) VALUES (32, 4925);
insert into Candidacy (wkid, idno) VALUES (580, 4925);
insert into Citizen (idno, title, firstname, lastname, dateofbirth, gender) VALUES (4926, 'Dr. ', 'Hausmann', 'Sebastian', '1.1.1968.', 'p');
insert into CandidatesData (idno) VALUES (4926);
insert into PartyMembership (pid, idno) VALUES (33, 4926);
insert into Candidacy (wkid, idno) VALUES (306, 4926);
insert into Landeslistenplatz (llid, idno, position) VALUES (111, 4926, 2);
insert into Citizen (idno, title, firstname, lastname, dateofbirth, gender) VALUES (4927, '', 'Haustein', 'Heinz-Peter', '1.1.1954.', 'p');
insert into CandidatesData (idno) VALUES (4927);
insert into PartyMembership (pid, idno) VALUES (4, 4927);
insert into Candidacy (wkid, idno) VALUES (463, 4927);
insert into Landeslistenplatz (llid, idno, position) VALUES (158, 4927, 2);
insert into Citizen (idno, title, firstname, lastname, dateofbirth, gender) VALUES (4928, '', 'Haveneth', 'Birgit', '1.1.1975.', 'p');
insert into CandidatesData (idno) VALUES (4928);
insert into PartyMembership (pid, idno) VALUES (4, 4928);
insert into Candidacy (wkid, idno) VALUES (386, 4928);
insert into Landeslistenplatz (llid, idno, position) VALUES (98, 4928, 20);
insert into Citizen (idno, title, firstname, lastname, dateofbirth, gender) VALUES (4929, '', 'Haydt', 'Claudia', '1.1.1966.', 'p');
insert into CandidatesData (idno) VALUES (4929);
insert into PartyMembership (pid, idno) VALUES (3, 4929);
insert into Candidacy (wkid, idno) VALUES (561, 4929);
insert into Landeslistenplatz (llid, idno, position) VALUES (143, 4929, 11);
insert into Citizen (idno, title, firstname, lastname, dateofbirth, gender) VALUES (4930, '', 'Heber', 'Claudia', '1.1.1976.', 'p');
insert into CandidatesData (idno) VALUES (4930);
insert into PartyMembership (pid, idno) VALUES (12, 4930);
insert into Landeslistenplatz (llid, idno, position) VALUES (212, 4930, 12);
insert into Citizen (idno, title, firstname, lastname, dateofbirth, gender) VALUES (4931, '', 'Hebestadt', 'Marco', '1.1.1983.', 'p');
insert into CandidatesData (idno) VALUES (4931);
insert into PartyMembership (pid, idno) VALUES (10, 4931);
insert into Candidacy (wkid, idno) VALUES (459, 4931);
insert into Landeslistenplatz (llid, idno, position) VALUES (177, 4931, 4);
insert into Citizen (idno, title, firstname, lastname, dateofbirth, gender) VALUES (4932, 'Dr. ', 'Heck', 'Stefan', '1.1.1982.', 'p');
insert into CandidatesData (idno) VALUES (4932);
insert into PartyMembership (pid, idno) VALUES (12, 4932);
insert into Candidacy (wkid, idno) VALUES (470, 4932);
insert into Landeslistenplatz (llid, idno, position) VALUES (88, 4932, 12);
insert into Citizen (idno, title, firstname, lastname, dateofbirth, gender) VALUES (4933, '', 'Heck', 'Peter Hubert', '1.1.1951.', 'p');
insert into CandidatesData (idno) VALUES (4933);
insert into PartyMembership (pid, idno) VALUES (32, 4933);
insert into Candidacy (wkid, idno) VALUES (357, 4933);
insert into Landeslistenplatz (llid, idno, position) VALUES (92, 4933, 3);
insert into Citizen (idno, title, firstname, lastname, dateofbirth, gender) VALUES (4934, '', 'Hecker', 'Heinz-Josef', '1.1.1948.', 'p');
insert into CandidatesData (idno) VALUES (4934);
insert into PartyMembership (pid, idno) VALUES (33, 4934);
insert into Candidacy (wkid, idno) VALUES (409, 4934);
insert into Landeslistenplatz (llid, idno, position) VALUES (80, 4934, 28);
insert into Citizen (idno, title, firstname, lastname, dateofbirth, gender) VALUES (4935, '', 'Hecker', 'Hermine', '1.1.1935.', 'p');
insert into CandidatesData (idno) VALUES (4935);
insert into PartyMembership (pid, idno) VALUES (12, 4935);
insert into Landeslistenplatz (llid, idno, position) VALUES (222, 4935, 9);
insert into Citizen (idno, title, firstname, lastname, dateofbirth, gender) VALUES (4936, '', 'Heendorf', 'Michael', '1.1.1964.', 'p');
insert into CandidatesData (idno) VALUES (4936);
insert into PartyMembership (pid, idno) VALUES (33, 4936);
insert into Landeslistenplatz (llid, idno, position) VALUES (164, 4936, 1);
insert into Citizen (idno, title, firstname, lastname, dateofbirth, gender) VALUES (4937, '', 'Heepen', 'Michael Remy', '1.1.1978.', 'p');
insert into CandidatesData (idno) VALUES (4937);
insert into PartyMembership (pid, idno) VALUES (31, 4937);
insert into Landeslistenplatz (llid, idno, position) VALUES (123, 4937, 27);
insert into Citizen (idno, title, firstname, lastname, dateofbirth, gender) VALUES (4938, '', 'Heesen', 'René', '1.1.1992.', 'p');
insert into CandidatesData (idno) VALUES (4938);
insert into PartyMembership (pid, idno) VALUES (5, 4938);
insert into Candidacy (wkid, idno) VALUES (410, 4938);
insert into Landeslistenplatz (llid, idno, position) VALUES (83, 4938, 40);
insert into Citizen (idno, title, firstname, lastname, dateofbirth, gender) VALUES (4939, '', 'Hegeler', 'Beate', '1.1.1955.', 'p');
insert into CandidatesData (idno) VALUES (4939);
insert into PartyMembership (pid, idno) VALUES (19, 4939);
insert into Landeslistenplatz (llid, idno, position) VALUES (40, 4939, 19);
insert into Citizen (idno, title, firstname, lastname, dateofbirth, gender) VALUES (4940, '', 'Hegeler', 'Horst', '1.1.1939.', 'p');
insert into CandidatesData (idno) VALUES (4940);
insert into PartyMembership (pid, idno) VALUES (19, 4940);
insert into Landeslistenplatz (llid, idno, position) VALUES (40, 4940, 40);
insert into Citizen (idno, title, firstname, lastname, dateofbirth, gender) VALUES (4941, '', 'Hegenbarth', 'Thomas', '1.1.1964.', 'p');
insert into CandidatesData (idno) VALUES (4941);
insert into PartyMembership (pid, idno) VALUES (7, 4941);
insert into Candidacy (wkid, idno) VALUES (394, 4941);
insert into Citizen (idno, title, firstname, lastname, dateofbirth, gender) VALUES (4942, '', 'Hegener', 'Wilhelm', '1.1.1955.', 'p');
insert into CandidatesData (idno) VALUES (4942);
insert into PartyMembership (pid, idno) VALUES (37, 4942);
insert into Landeslistenplatz (llid, idno, position) VALUES (234, 4942, 4);
insert into Citizen (idno, title, firstname, lastname, dateofbirth, gender) VALUES (4943, '', 'Hegewald', 'Jann Christian', '1.1.1992.', 'p');
insert into CandidatesData (idno) VALUES (4943);
insert into PartyMembership (pid, idno) VALUES (12, 4943);
insert into Landeslistenplatz (llid, idno, position) VALUES (44, 4943, 43);
insert into Citizen (idno, title, firstname, lastname, dateofbirth, gender) VALUES (4944, '', 'Hehl', 'Christian', '1.1.1969.', 'p');
insert into CandidatesData (idno) VALUES (4944);
insert into PartyMembership (pid, idno) VALUES (1, 4944);
insert into Landeslistenplatz (llid, idno, position) VALUES (86, 4944, 8);
insert into Citizen (idno, title, firstname, lastname, dateofbirth, gender) VALUES (4945, '', 'Heide', 'Srita', '1.1.1968.', 'p');
insert into CandidatesData (idno) VALUES (4945);
insert into PartyMembership (pid, idno) VALUES (12, 4945);
insert into Landeslistenplatz (llid, idno, position) VALUES (88, 4945, 35);
insert into Citizen (idno, title, firstname, lastname, dateofbirth, gender) VALUES (4946, '', 'Heidenblut', 'Dirk', '1.1.1961.', 'p');
insert into CandidatesData (idno) VALUES (4946);
insert into PartyMembership (pid, idno) VALUES (2, 4946);
insert into Candidacy (wkid, idno) VALUES (418, 4946);
insert into Landeslistenplatz (llid, idno, position) VALUES (73, 4946, 59);
insert into Citizen (idno, title, firstname, lastname, dateofbirth, gender) VALUES (4947, '', 'Heidenreich', 'Ralph', '1.1.1957.', 'p');
insert into CandidatesData (idno) VALUES (4947);
insert into PartyMembership (pid, idno) VALUES (3, 4947);
insert into Candidacy (wkid, idno) VALUES (591, 4947);
insert into Citizen (idno, title, firstname, lastname, dateofbirth, gender) VALUES (4948, 'Dr. ', 'Heider', 'Matthias', '1.1.1966.', 'p');
insert into CandidatesData (idno) VALUES (4948);
insert into PartyMembership (pid, idno) VALUES (12, 4948);
insert into Candidacy (wkid, idno) VALUES (448, 4948);
insert into Citizen (idno, title, firstname, lastname, dateofbirth, gender) VALUES (4949, '', 'Heider', 'Maria', '1.1.1959.', 'p');
insert into CandidatesData (idno) VALUES (4949);
insert into PartyMembership (pid, idno) VALUES (5, 4949);
insert into Candidacy (wkid, idno) VALUES (357, 4949);
insert into Landeslistenplatz (llid, idno, position) VALUES (93, 4949, 5);
insert into Citizen (idno, title, firstname, lastname, dateofbirth, gender) VALUES (4950, '', 'Heider', 'Stephan', '1.1.1966.', 'p');
insert into CandidatesData (idno) VALUES (4950);
insert into PartyMembership (pid, idno) VALUES (36, 4950);
insert into Landeslistenplatz (llid, idno, position) VALUES (118, 4950, 5);
insert into Citizen (idno, title, firstname, lastname, dateofbirth, gender) VALUES (4951, '', 'Heiderich', 'Helmut', '1.1.1949.', 'p');
insert into CandidatesData (idno) VALUES (4951);
insert into PartyMembership (pid, idno) VALUES (12, 4951);
insert into Candidacy (wkid, idno) VALUES (468, 4951);
insert into Landeslistenplatz (llid, idno, position) VALUES (88, 4951, 13);
insert into Citizen (idno, title, firstname, lastname, dateofbirth, gender) VALUES (4952, '', 'Heidingsfelder', 'Martin', '1.1.1965.', 'p');
insert into CandidatesData (idno) VALUES (4952);
insert into PartyMembership (pid, idno) VALUES (7, 4952);
insert into Landeslistenplatz (llid, idno, position) VALUES (72, 4952, 25);
insert into Citizen (idno, title, firstname, lastname, dateofbirth, gender) VALUES (4953, '', 'Heidkamp', 'Erich Heinrich', '1.1.1948.', 'p');
insert into CandidatesData (idno) VALUES (4953);
insert into PartyMembership (pid, idno) VALUES (33, 4953);
insert into Candidacy (wkid, idno) VALUES (482, 4953);
insert into Citizen (idno, title, firstname, lastname, dateofbirth, gender) VALUES (4954, '', 'Heidrich', 'Annette Mathilde', '1.1.1967.', 'p');
insert into CandidatesData (idno) VALUES (4954);
insert into PartyMembership (pid, idno) VALUES (2, 4954);
insert into Candidacy (wkid, idno) VALUES (512, 4954);
insert into Landeslistenplatz (llid, idno, position) VALUES (87, 4954, 36);
insert into Citizen (idno, title, firstname, lastname, dateofbirth, gender) VALUES (4955, '', 'Heidt', 'Peter', '1.1.1965.', 'p');
insert into CandidatesData (idno) VALUES (4955);
insert into PartyMembership (pid, idno) VALUES (4, 4955);
insert into Landeslistenplatz (llid, idno, position) VALUES (116, 4955, 25);
insert into Citizen (idno, title, firstname, lastname, dateofbirth, gender) VALUES (4956, '', 'Heike', 'Anny', '1.1.1948.', 'p');
insert into CandidatesData (idno) VALUES (4956);
insert into PartyMembership (pid, idno) VALUES (3, 4956);
insert into Candidacy (wkid, idno) VALUES (542, 4956);
insert into Landeslistenplatz (llid, idno, position) VALUES (174, 4956, 13);
insert into Citizen (idno, title, firstname, lastname, dateofbirth, gender) VALUES (4957, 'Dr. ', 'Heil', 'Matthias', '1.1.1963.', 'p');
insert into CandidatesData (idno) VALUES (4957);
insert into PartyMembership (pid, idno) VALUES (31, 4957);
insert into Landeslistenplatz (llid, idno, position) VALUES (28, 4957, 24);
insert into Citizen (idno, title, firstname, lastname, dateofbirth, gender) VALUES (4958, '', 'Heil', 'Hubertus', '1.1.1972.', 'p');
insert into CandidatesData (idno) VALUES (4958);
insert into PartyMembership (pid, idno) VALUES (2, 4958);
insert into Candidacy (wkid, idno) VALUES (344, 4958);
insert into Landeslistenplatz (llid, idno, position) VALUES (69, 4958, 5);
insert into Citizen (idno, title, firstname, lastname, dateofbirth, gender) VALUES (4959, '', 'Heil', 'Mechthild', '1.1.1961.', 'p');
insert into CandidatesData (idno) VALUES (4959);
insert into PartyMembership (pid, idno) VALUES (12, 4959);
insert into Candidacy (wkid, idno) VALUES (498, 4959);
insert into Landeslistenplatz (llid, idno, position) VALUES (138, 4959, 7);
insert into Citizen (idno, title, firstname, lastname, dateofbirth, gender) VALUES (4960, '', 'Heilig', 'Martin Michael', '1.1.1975.', 'p');
insert into CandidatesData (idno) VALUES (4960);
insert into PartyMembership (pid, idno) VALUES (5, 4960);
insert into Candidacy (wkid, idno) VALUES (550, 4960);
insert into Landeslistenplatz (llid, idno, position) VALUES (65, 4960, 28);
insert into Citizen (idno, title, firstname, lastname, dateofbirth, gender) VALUES (4961, '', 'Heilig', 'Thomas', '1.1.1964.', 'p');
insert into CandidatesData (idno) VALUES (4961);
insert into PartyMembership (pid, idno) VALUES (32, 4961);
insert into Candidacy (wkid, idno) VALUES (394, 4961);
insert into Citizen (idno, title, firstname, lastname, dateofbirth, gender) VALUES (4962, '', 'Heilmeier', 'Bernd', '1.1.1959.', 'p');
insert into CandidatesData (idno) VALUES (4962);
insert into PartyMembership (pid, idno) VALUES (32, 4962);
insert into Candidacy (wkid, idno) VALUES (515, 4962);
insert into Landeslistenplatz (llid, idno, position) VALUES (33, 4962, 21);
insert into Citizen (idno, title, firstname, lastname, dateofbirth, gender) VALUES (4963, '', 'Heim', 'Adrian', '1.1.1964.', 'p');
insert into CandidatesData (idno) VALUES (4963);
insert into PartyMembership (pid, idno) VALUES (36, 4963);
insert into Candidacy (wkid, idno) VALUES (515, 4963);
insert into Landeslistenplatz (llid, idno, position) VALUES (121, 4963, 13);
insert into Citizen (idno, title, firstname, lastname, dateofbirth, gender) VALUES (4964, '', 'Heim', 'Elmar', '1.1.1952.', 'p');
insert into CandidatesData (idno) VALUES (4964);
insert into PartyMembership (pid, idno) VALUES (3, 4964);
insert into Candidacy (wkid, idno) VALUES (554, 4964);
insert into Landeslistenplatz (llid, idno, position) VALUES (174, 4964, 10);
insert into Citizen (idno, title, firstname, lastname, dateofbirth, gender) VALUES (4965, '', 'Heim', 'Ulrich Wolfgang', '1.1.1957.', 'p');
insert into CandidatesData (idno) VALUES (4965);
insert into PartyMembership (pid, idno) VALUES (1, 4965);
insert into Candidacy (wkid, idno) VALUES (335, 4965);
insert into Citizen (idno, title, firstname, lastname, dateofbirth, gender) VALUES (4966, 'Dr. ', 'Heimann', 'Christian Jörg Johannes Hinrich', '1.1.1961.', 'p');
insert into CandidatesData (idno) VALUES (4966);
insert into PartyMembership (pid, idno) VALUES (32, 4966);
insert into Candidacy (wkid, idno) VALUES (368, 4966);
insert into Landeslistenplatz (llid, idno, position) VALUES (165, 4966, 3);
insert into Citizen (idno, title, firstname, lastname, dateofbirth, gender) VALUES (4967, '', 'Heimann', 'Wolfgang', '1.1.1960.', 'p');
insert into CandidatesData (idno) VALUES (4967);
insert into Candidacy (wkid, idno) VALUES (309, 4967);
insert into Citizen (idno, title, firstname, lastname, dateofbirth, gender) VALUES (4968, '', 'Heimsoth', 'Dirk', '1.1.1956.', 'p');
insert into CandidatesData (idno) VALUES (4968);
insert into PartyMembership (pid, idno) VALUES (1, 4968);
insert into Candidacy (wkid, idno) VALUES (337, 4968);
insert into Citizen (idno, title, firstname, lastname, dateofbirth, gender) VALUES (4969, 'Dr. ', 'Hein', 'Rosemarie Anna Gertrud', '1.1.1953.', 'p');
insert into CandidatesData (idno) VALUES (4969);
insert into PartyMembership (pid, idno) VALUES (3, 4969);
insert into Candidacy (wkid, idno) VALUES (368, 4969);
insert into Landeslistenplatz (llid, idno, position) VALUES (197, 4969, 5);
insert into Citizen (idno, title, firstname, lastname, dateofbirth, gender) VALUES (4970, '', 'Hein', 'Olaf', '1.1.1956.', 'p');
insert into CandidatesData (idno) VALUES (4970);
insert into PartyMembership (pid, idno) VALUES (33, 4970);
insert into Landeslistenplatz (llid, idno, position) VALUES (80, 4970, 41);
insert into Citizen (idno, title, firstname, lastname, dateofbirth, gender) VALUES (4971, '', 'Hein', 'Wilfried', '1.1.1952.', 'p');
insert into CandidatesData (idno) VALUES (4971);
insert into PartyMembership (pid, idno) VALUES (19, 4971);
insert into Landeslistenplatz (llid, idno, position) VALUES (167, 4971, 4);
insert into Citizen (idno, title, firstname, lastname, dateofbirth, gender) VALUES (4972, '', 'Heine', 'Tobias', '1.1.1986.', 'p');
insert into CandidatesData (idno) VALUES (4972);
insert into PartyMembership (pid, idno) VALUES (7, 4972);
insert into Landeslistenplatz (llid, idno, position) VALUES (94, 4972, 12);
insert into Citizen (idno, title, firstname, lastname, dateofbirth, gender) VALUES (4973, '', 'Heineke', 'Heinrich', '1.1.1949.', 'p');
insert into CandidatesData (idno) VALUES (4973);
insert into PartyMembership (pid, idno) VALUES (4, 4973);
insert into Candidacy (wkid, idno) VALUES (436, 4973);
insert into Landeslistenplatz (llid, idno, position) VALUES (98, 4973, 39);
insert into Citizen (idno, title, firstname, lastname, dateofbirth, gender) VALUES (4974, '', 'Heinel', 'Silvia', '1.1.1988.', 'p');
insert into CandidatesData (idno) VALUES (4974);
insert into PartyMembership (pid, idno) VALUES (10, 4974);
insert into Landeslistenplatz (llid, idno, position) VALUES (177, 4974, 2);
insert into Citizen (idno, title, firstname, lastname, dateofbirth, gender) VALUES (4975, 'Dr. ', 'Heinemann', 'Uwe', '1.1.1975.', 'p');
insert into CandidatesData (idno) VALUES (4975);
insert into PartyMembership (pid, idno) VALUES (2, 4975);
insert into Landeslistenplatz (llid, idno, position) VALUES (54, 4975, 45);
insert into Citizen (idno, title, firstname, lastname, dateofbirth, gender) VALUES (4976, '', 'Heinen', 'Alexandra', '1.1.1971.', 'p');
insert into CandidatesData (idno) VALUES (4976);
insert into PartyMembership (pid, idno) VALUES (12, 4976);
insert into Landeslistenplatz (llid, idno, position) VALUES (53, 4976, 16);
insert into Citizen (idno, title, firstname, lastname, dateofbirth, gender) VALUES (4977, '', 'Heinlein', 'Filip', '1.1.1985.', 'p');
insert into CandidatesData (idno) VALUES (4977);
insert into PartyMembership (pid, idno) VALUES (5, 4977);
insert into Landeslistenplatz (llid, idno, position) VALUES (172, 4977, 11);
insert into Citizen (idno, title, firstname, lastname, dateofbirth, gender) VALUES (4978, '', 'Heinrich', 'Detlef', '1.1.1942.', 'p');
insert into CandidatesData (idno) VALUES (4978);
insert into PartyMembership (pid, idno) VALUES (37, 4978);
insert into Landeslistenplatz (llid, idno, position) VALUES (201, 4978, 5);
insert into Citizen (idno, title, firstname, lastname, dateofbirth, gender) VALUES (4979, '', 'Heinrich', 'Frank', '1.1.1964.', 'p');
insert into CandidatesData (idno) VALUES (4979);
insert into PartyMembership (pid, idno) VALUES (12, 4979);
insert into Candidacy (wkid, idno) VALUES (461, 4979);
insert into Citizen (idno, title, firstname, lastname, dateofbirth, gender) VALUES (4980, '', 'Heinrich', 'Gabriela', '1.1.1963.', 'p');
insert into CandidatesData (idno) VALUES (4980);
insert into PartyMembership (pid, idno) VALUES (2, 4980);
insert into Candidacy (wkid, idno) VALUES (543, 4980);
insert into Landeslistenplatz (llid, idno, position) VALUES (87, 4980, 22);
insert into Citizen (idno, title, firstname, lastname, dateofbirth, gender) VALUES (4981, '', 'Heinrich', 'Ralf', '1.1.1962.', 'p');
insert into CandidatesData (idno) VALUES (4981);
insert into PartyMembership (pid, idno) VALUES (10, 4981);
insert into Landeslistenplatz (llid, idno, position) VALUES (217, 4981, 10);
insert into Citizen (idno, title, firstname, lastname, dateofbirth, gender) VALUES (4982, '', 'Heinrich', 'Ronald', '1.1.1976.', 'p');
insert into CandidatesData (idno) VALUES (4982);
insert into PartyMembership (pid, idno) VALUES (7, 4982);
insert into Candidacy (wkid, idno) VALUES (520, 4982);
insert into Citizen (idno, title, firstname, lastname, dateofbirth, gender) VALUES (4983, '', 'Heinrich', 'Torsten', '1.1.1982.', 'p');
insert into CandidatesData (idno) VALUES (4983);
insert into PartyMembership (pid, idno) VALUES (33, 4983);
insert into Candidacy (wkid, idno) VALUES (550, 4983);
insert into Citizen (idno, title, firstname, lastname, dateofbirth, gender) VALUES (4984, '', 'Heintze', 'Roland', '1.1.1973.', 'p');
insert into CandidatesData (idno) VALUES (4984);
insert into PartyMembership (pid, idno) VALUES (12, 4984);
insert into Landeslistenplatz (llid, idno, position) VALUES (222, 4984, 11);
insert into Citizen (idno, title, firstname, lastname, dateofbirth, gender) VALUES (4985, '', 'Heinzmann', 'Axel Werner', '1.1.1946.', 'p');
insert into CandidatesData (idno) VALUES (4985);
insert into PartyMembership (pid, idno) VALUES (1, 4985);
insert into Candidacy (wkid, idno) VALUES (588, 4985);
insert into Citizen (idno, title, firstname, lastname, dateofbirth, gender) VALUES (4986, '', 'Heinzmann-Jiménez', 'Gabriel', '1.1.1991.', 'p');
insert into CandidatesData (idno) VALUES (4986);
insert into PartyMembership (pid, idno) VALUES (7, 4986);
insert into Candidacy (wkid, idno) VALUES (404, 4986);
insert into Citizen (idno, title, firstname, lastname, dateofbirth, gender) VALUES (4987, '', 'Heipel', 'Tabea', '1.1.1988.', 'p');
insert into CandidatesData (idno) VALUES (4987);
insert into PartyMembership (pid, idno) VALUES (2, 4987);
insert into Landeslistenplatz (llid, idno, position) VALUES (54, 4987, 38);
insert into Citizen (idno, title, firstname, lastname, dateofbirth, gender) VALUES (4988, '', 'Heise', 'Thorsten', '1.1.1969.', 'p');
insert into CandidatesData (idno) VALUES (4988);
insert into PartyMembership (pid, idno) VALUES (1, 4988);
insert into Candidacy (wkid, idno) VALUES (488, 4988);
insert into Landeslistenplatz (llid, idno, position) VALUES (97, 4988, 2);
insert into Citizen (idno, title, firstname, lastname, dateofbirth, gender) VALUES (4989, '', 'Heiske', 'Thomas Martin', '1.1.1966.', 'p');
insert into CandidatesData (idno) VALUES (4989);
insert into PartyMembership (pid, idno) VALUES (4, 4989);
insert into Candidacy (wkid, idno) VALUES (412, 4989);
insert into Landeslistenplatz (llid, idno, position) VALUES (98, 4989, 55);
insert into Citizen (idno, title, firstname, lastname, dateofbirth, gender) VALUES (4990, '', 'Heiß', 'Michael', '1.1.1947.', 'p');
insert into CandidatesData (idno) VALUES (4990);
insert into PartyMembership (pid, idno) VALUES (1, 4990);
insert into Candidacy (wkid, idno) VALUES (540, 4990);
insert into Citizen (idno, title, firstname, lastname, dateofbirth, gender) VALUES (4991, '', 'Heitmann', 'Alfred', '1.1.1948.', 'p');
insert into CandidatesData (idno) VALUES (4991);
insert into PartyMembership (pid, idno) VALUES (33, 4991);
insert into Candidacy (wkid, idno) VALUES (425, 4991);
insert into Citizen (idno, title, firstname, lastname, dateofbirth, gender) VALUES (4992, '', 'Held', 'Marcus', '1.1.1977.', 'p');
insert into CandidatesData (idno) VALUES (4992);
insert into PartyMembership (pid, idno) VALUES (2, 4992);
insert into Candidacy (wkid, idno) VALUES (506, 4992);
insert into Landeslistenplatz (llid, idno, position) VALUES (71, 4992, 10);
insert into Citizen (idno, title, firstname, lastname, dateofbirth, gender) VALUES (4993, '', 'Heldberg', 'Thomas', '1.1.1977.', 'p');
insert into CandidatesData (idno) VALUES (4993);
insert into PartyMembership (pid, idno) VALUES (4, 4993);
insert into Candidacy (wkid, idno) VALUES (311, 4993);
insert into Landeslistenplatz (llid, idno, position) VALUES (104, 4993, 3);
insert into Citizen (idno, title, firstname, lastname, dateofbirth, gender) VALUES (4994, '', 'Heldmann', 'Eva-Maria Helene', '1.1.1982.', 'p');
insert into CandidatesData (idno) VALUES (4994);
insert into PartyMembership (pid, idno) VALUES (2, 4994);
insert into Landeslistenplatz (llid, idno, position) VALUES (54, 4994, 36);
insert into Citizen (idno, title, firstname, lastname, dateofbirth, gender) VALUES (4995, '', 'Helfrich', 'Marc André', '1.1.1978.', 'p');
insert into CandidatesData (idno) VALUES (4995);
insert into PartyMembership (pid, idno) VALUES (12, 4995);
insert into Candidacy (wkid, idno) VALUES (302, 4995);
insert into Landeslistenplatz (llid, idno, position) VALUES (159, 4995, 11);
insert into Citizen (idno, title, firstname, lastname, dateofbirth, gender) VALUES (4996, '', 'Helge', 'Ingo Rüdiger', '1.1.1976.', 'p');
insert into CandidatesData (idno) VALUES (4996);
insert into PartyMembership (pid, idno) VALUES (1, 4996);
insert into Candidacy (wkid, idno) VALUES (334, 4996);
insert into Landeslistenplatz (llid, idno, position) VALUES (171, 4996, 8);
insert into Citizen (idno, title, firstname, lastname, dateofbirth, gender) VALUES (4997, '', 'Heller', 'Hendrick Tilmann', '1.1.1986.', 'p');
insert into CandidatesData (idno) VALUES (4997);
insert into PartyMembership (pid, idno) VALUES (1, 4997);
insert into Landeslistenplatz (llid, idno, position) VALUES (97, 4997, 8);
insert into Citizen (idno, title, firstname, lastname, dateofbirth, gender) VALUES (4998, '', 'Heller', 'Uda Carmen Freia', '1.1.1951.', 'p');
insert into CandidatesData (idno) VALUES (4998);
insert into PartyMembership (pid, idno) VALUES (12, 4998);
insert into Candidacy (wkid, idno) VALUES (373, 4998);
insert into Landeslistenplatz (llid, idno, position) VALUES (131, 4998, 6);
insert into Citizen (idno, title, firstname, lastname, dateofbirth, gender) VALUES (4999, '', 'Heller-Elspaß', 'Alexander', '1.1.1953.', 'p');
insert into CandidatesData (idno) VALUES (4999);
insert into PartyMembership (pid, idno) VALUES (31, 4999);
insert into Landeslistenplatz (llid, idno, position) VALUES (28, 4999, 46);
insert into Citizen (idno, title, firstname, lastname, dateofbirth, gender) VALUES (5000, '', 'Helling', 'Harald', '1.1.1958.', 'p');
insert into CandidatesData (idno) VALUES (5000);
insert into PartyMembership (pid, idno) VALUES (2, 5000);
insert into Landeslistenplatz (llid, idno, position) VALUES (69, 5000, 59);
insert into Citizen (idno, title, firstname, lastname, dateofbirth, gender) VALUES (5001, '', 'Helling-Plahr', 'Katrin', '1.1.1986.', 'p');
insert into CandidatesData (idno) VALUES (5001);
insert into PartyMembership (pid, idno) VALUES (4, 5001);
insert into Candidacy (wkid, idno) VALUES (437, 5001);
insert into Landeslistenplatz (llid, idno, position) VALUES (98, 5001, 23);
insert into Citizen (idno, title, firstname, lastname, dateofbirth, gender) VALUES (5002, '', 'Hellmich', 'Wolfgang', '1.1.1958.', 'p');
insert into CandidatesData (idno) VALUES (5002);
insert into PartyMembership (pid, idno) VALUES (2, 5002);
insert into Candidacy (wkid, idno) VALUES (445, 5002);
insert into Landeslistenplatz (llid, idno, position) VALUES (73, 5002, 13);
insert into Citizen (idno, title, firstname, lastname, dateofbirth, gender) VALUES (5003, '', 'Hellmuth', 'Jörg', '1.1.1957.', 'p');
insert into CandidatesData (idno) VALUES (5003);
insert into PartyMembership (pid, idno) VALUES (12, 5003);
insert into Candidacy (wkid, idno) VALUES (365, 5003);
insert into Landeslistenplatz (llid, idno, position) VALUES (131, 5003, 7);
insert into Citizen (idno, title, firstname, lastname, dateofbirth, gender) VALUES (5004, '', 'Hellriegel', 'Ronnie', '1.1.1978.', 'p');
insert into CandidatesData (idno) VALUES (5004);
insert into PartyMembership (pid, idno) VALUES (1, 5004);
insert into Candidacy (wkid, idno) VALUES (557, 5004);
insert into Citizen (idno, title, firstname, lastname, dateofbirth, gender) VALUES (5005, '', 'Helm', 'Anne', '1.1.1986.', 'p');
insert into CandidatesData (idno) VALUES (5005);
insert into PartyMembership (pid, idno) VALUES (7, 5005);
insert into Candidacy (wkid, idno) VALUES (381, 5005);
insert into Citizen (idno, title, firstname, lastname, dateofbirth, gender) VALUES (5006, '', 'Hemmerich', 'Kai-Uwe', '1.1.1969.', 'p');
insert into CandidatesData (idno) VALUES (5006);
insert into PartyMembership (pid, idno) VALUES (12, 5006);
insert into Landeslistenplatz (llid, idno, position) VALUES (88, 5006, 34);
insert into Citizen (idno, title, firstname, lastname, dateofbirth, gender) VALUES (5007, 'Dr. ', 'Hendricks', 'Barbara', '1.1.1952.', 'p');
insert into CandidatesData (idno) VALUES (5007);
insert into PartyMembership (pid, idno) VALUES (2, 5007);
insert into Candidacy (wkid, idno) VALUES (411, 5007);
insert into Landeslistenplatz (llid, idno, position) VALUES (73, 5007, 2);
insert into Citizen (idno, title, firstname, lastname, dateofbirth, gender) VALUES (5008, '', 'Henjes', 'Lutz-Michael', '1.1.1959.', 'p');
insert into CandidatesData (idno) VALUES (5008);
insert into PartyMembership (pid, idno) VALUES (33, 5008);
insert into Landeslistenplatz (llid, idno, position) VALUES (164, 5008, 16);
insert into Citizen (idno, title, firstname, lastname, dateofbirth, gender) VALUES (5009, '', 'Henke', 'Jürgen Christoph', '1.1.1958.', 'p');
insert into CandidatesData (idno) VALUES (5009);
insert into PartyMembership (pid, idno) VALUES (1, 5009);
insert into Landeslistenplatz (llid, idno, position) VALUES (171, 5009, 7);
insert into Citizen (idno, title, firstname, lastname, dateofbirth, gender) VALUES (5010, '', 'Henke', 'Rudolf', '1.1.1954.', 'p');
insert into CandidatesData (idno) VALUES (5010);
insert into PartyMembership (pid, idno) VALUES (12, 5010);
insert into Candidacy (wkid, idno) VALUES (386, 5010);
insert into Landeslistenplatz (llid, idno, position) VALUES (136, 5010, 32);
insert into Citizen (idno, title, firstname, lastname, dateofbirth, gender) VALUES (5011, '', 'Henn', 'Heidtrud', '1.1.1962.', 'p');
insert into CandidatesData (idno) VALUES (5011);
insert into PartyMembership (pid, idno) VALUES (2, 5011);
insert into Landeslistenplatz (llid, idno, position) VALUES (77, 5011, 3);
insert into Citizen (idno, title, firstname, lastname, dateofbirth, gender) VALUES (5012, '', 'Hennes', 'Benjamin Herbert', '1.1.1987.', 'p');
insert into CandidatesData (idno) VALUES (5012);
insert into PartyMembership (pid, idno) VALUES (1, 5012);
insert into Candidacy (wkid, idno) VALUES (593, 5012);
insert into Citizen (idno, title, firstname, lastname, dateofbirth, gender) VALUES (5013, '', 'Hennig', 'Holger', '1.1.1974.', 'p');
insert into CandidatesData (idno) VALUES (5013);
insert into PartyMembership (pid, idno) VALUES (7, 5013);
insert into Landeslistenplatz (llid, idno, position) VALUES (75, 5013, 24);
insert into Citizen (idno, title, firstname, lastname, dateofbirth, gender) VALUES (5014, '', 'Hennig', 'Mario', '1.1.1966.', 'p');
insert into CandidatesData (idno) VALUES (5014);
insert into PartyMembership (pid, idno) VALUES (2, 5014);
insert into Candidacy (wkid, idno) VALUES (367, 5014);
insert into Landeslistenplatz (llid, idno, position) VALUES (161, 5014, 8);
insert into Citizen (idno, title, firstname, lastname, dateofbirth, gender) VALUES (5015, '', 'Hennig', 'Martin', '1.1.1970.', 'p');
insert into CandidatesData (idno) VALUES (5015);
insert into PartyMembership (pid, idno) VALUES (10, 5015);
insert into Candidacy (wkid, idno) VALUES (517, 5015);
insert into Landeslistenplatz (llid, idno, position) VALUES (217, 5015, 7);
insert into Citizen (idno, title, firstname, lastname, dateofbirth, gender) VALUES (5016, '', 'Henning', 'Joachim H.', '1.1.1952.', 'p');
insert into CandidatesData (idno) VALUES (5016);
insert into PartyMembership (pid, idno) VALUES (32, 5016);
insert into Candidacy (wkid, idno) VALUES (382, 5016);
insert into Citizen (idno, title, firstname, lastname, dateofbirth, gender) VALUES (5017, '', 'Henninger', 'Hans-Dieter', '1.1.1952.', 'p');
insert into CandidatesData (idno) VALUES (5017);
insert into PartyMembership (pid, idno) VALUES (33, 5017);
insert into Landeslistenplatz (llid, idno, position) VALUES (63, 5017, 25);
insert into Citizen (idno, title, firstname, lastname, dateofbirth, gender) VALUES (5018, '', 'Hennrich', 'Michael', '1.1.1965.', 'p');
insert into CandidatesData (idno) VALUES (5018);
insert into PartyMembership (pid, idno) VALUES (12, 5018);
insert into Candidacy (wkid, idno) VALUES (561, 5018);
insert into Citizen (idno, title, firstname, lastname, dateofbirth, gender) VALUES (5019, '', 'Henrichs', 'Wener', '1.1.1938.', 'p');
insert into CandidatesData (idno) VALUES (5019);
insert into PartyMembership (pid, idno) VALUES (39, 5019);
insert into Landeslistenplatz (llid, idno, position) VALUES (81, 5019, 10);
insert into Citizen (idno, title, firstname, lastname, dateofbirth, gender) VALUES (5020, '', 'Hense', 'Norbert', '1.1.1990.', 'p');
insert into CandidatesData (idno) VALUES (5020);
insert into PartyMembership (pid, idno) VALUES (7, 5020);
insert into Candidacy (wkid, idno) VALUES (583, 5020);
insert into Landeslistenplatz (llid, idno, position) VALUES (48, 5020, 18);
insert into Citizen (idno, title, firstname, lastname, dateofbirth, gender) VALUES (5021, 'Dr. ', 'Hentschel', 'Stephanie', '1.1.1963.', 'p');
insert into CandidatesData (idno) VALUES (5021);
insert into PartyMembership (pid, idno) VALUES (32, 5021);
insert into Candidacy (wkid, idno) VALUES (518, 5021);
insert into Landeslistenplatz (llid, idno, position) VALUES (33, 5021, 8);
insert into Citizen (idno, title, firstname, lastname, dateofbirth, gender) VALUES (5022, '', 'Hentschel', 'Michael', '1.1.1964.', 'p');
insert into CandidatesData (idno) VALUES (5022);
insert into PartyMembership (pid, idno) VALUES (33, 5022);
insert into Candidacy (wkid, idno) VALUES (434, 5022);
insert into Citizen (idno, title, firstname, lastname, dateofbirth, gender) VALUES (5023, '', 'Heppding', 'Achim', '1.1.1954.', 'p');
insert into CandidatesData (idno) VALUES (5023);
insert into PartyMembership (pid, idno) VALUES (26, 5023);
insert into Landeslistenplatz (llid, idno, position) VALUES (70, 5023, 2);
insert into Citizen (idno, title, firstname, lastname, dateofbirth, gender) VALUES (5024, 'Dr. ', 'Herbert', 'Ernst Albert', '1.1.1952.', 'p');
insert into CandidatesData (idno) VALUES (5024);
insert into PartyMembership (pid, idno) VALUES (13, 5024);
insert into Candidacy (wkid, idno) VALUES (400, 5024);
insert into Citizen (idno, title, firstname, lastname, dateofbirth, gender) VALUES (5025, 'Dr. ', 'Herbert', 'Ulrich', '1.1.1952.', 'p');
insert into CandidatesData (idno) VALUES (5025);
insert into PartyMembership (pid, idno) VALUES (4, 5025);
insert into Candidacy (wkid, idno) VALUES (537, 5025);
insert into Landeslistenplatz (llid, idno, position) VALUES (102, 5025, 14);
insert into Citizen (idno, title, firstname, lastname, dateofbirth, gender) VALUES (5026, '', 'Herbert', 'Reinhold', '1.1.1961.', 'p');
insert into CandidatesData (idno) VALUES (5026);
insert into PartyMembership (pid, idno) VALUES (32, 5026);
insert into Candidacy (wkid, idno) VALUES (520, 5026);
insert into Landeslistenplatz (llid, idno, position) VALUES (33, 5026, 11);
insert into Citizen (idno, title, firstname, lastname, dateofbirth, gender) VALUES (5027, '', 'Herbert', 'Sibylle Bärbel', '1.1.1942.', 'p');
insert into CandidatesData (idno) VALUES (5027);
insert into PartyMembership (pid, idno) VALUES (4, 5027);
insert into Landeslistenplatz (llid, idno, position) VALUES (116, 5027, 32);
insert into Citizen (idno, title, firstname, lastname, dateofbirth, gender) VALUES (5028, '', 'Herbig', 'Günter Franz Wilhelm', '1.1.1948.', 'p');
insert into CandidatesData (idno) VALUES (5028);
insert into PartyMembership (pid, idno) VALUES (3, 5028);
insert into Candidacy (wkid, idno) VALUES (588, 5028);
insert into Citizen (idno, title, firstname, lastname, dateofbirth, gender) VALUES (5029, '', 'Herbold', 'Peter', '1.1.1965.', 'p');
insert into CandidatesData (idno) VALUES (5029);
insert into PartyMembership (pid, idno) VALUES (19, 5029);
insert into Candidacy (wkid, idno) VALUES (576, 5029);
insert into Landeslistenplatz (llid, idno, position) VALUES (182, 5029, 17);
insert into Citizen (idno, title, firstname, lastname, dateofbirth, gender) VALUES (5030, '', 'Herbold', 'Philipp Alexander', '1.1.1983.', 'p');
insert into CandidatesData (idno) VALUES (5030);
insert into PartyMembership (pid, idno) VALUES (4, 5030);
insert into Landeslistenplatz (llid, idno, position) VALUES (116, 5030, 30);
insert into Citizen (idno, title, firstname, lastname, dateofbirth, gender) VALUES (5031, '', 'Hercher', 'Rolf', '1.1.1937.', 'p');
insert into CandidatesData (idno) VALUES (5031);
insert into Candidacy (wkid, idno) VALUES (360, 5031);
insert into Citizen (idno, title, firstname, lastname, dateofbirth, gender) VALUES (5032, '', 'Herdan', 'Marion Marga', '1.1.1958.', 'p');
insert into CandidatesData (idno) VALUES (5032);
insert into PartyMembership (pid, idno) VALUES (12, 5032);
insert into Landeslistenplatz (llid, idno, position) VALUES (159, 5032, 12);
insert into Citizen (idno, title, firstname, lastname, dateofbirth, gender) VALUES (5033, '', 'Herff', 'Janina', '1.1.1983.', 'p');
insert into CandidatesData (idno) VALUES (5033);
insert into PartyMembership (pid, idno) VALUES (3, 5033);
insert into Candidacy (wkid, idno) VALUES (418, 5033);
insert into Landeslistenplatz (llid, idno, position) VALUES (95, 5033, 13);
insert into Citizen (idno, title, firstname, lastname, dateofbirth, gender) VALUES (5034, 'Dr. ', 'Herget von', 'Harald', '1.1.1963.', 'p');
insert into CandidatesData (idno) VALUES (5034);
insert into PartyMembership (pid, idno) VALUES (32, 5034);
insert into Landeslistenplatz (llid, idno, position) VALUES (195, 5034, 5);
insert into Citizen (idno, title, firstname, lastname, dateofbirth, gender) VALUES (5035, '', 'Herion', 'Peter', '1.1.1941.', 'p');
insert into CandidatesData (idno) VALUES (5035);
insert into PartyMembership (pid, idno) VALUES (37, 5035);
insert into Landeslistenplatz (llid, idno, position) VALUES (234, 5035, 3);
insert into Citizen (idno, title, firstname, lastname, dateofbirth, gender) VALUES (5036, '', 'Herlitzius', 'Bettina', '1.1.1960.', 'p');
insert into CandidatesData (idno) VALUES (5036);
insert into PartyMembership (pid, idno) VALUES (5, 5036);
insert into Candidacy (wkid, idno) VALUES (387, 5036);
insert into Landeslistenplatz (llid, idno, position) VALUES (83, 5036, 17);
insert into Citizen (idno, title, firstname, lastname, dateofbirth, gender) VALUES (5037, '', 'Hermann', 'Frank-Uwe', '1.1.1943.', 'p');
insert into CandidatesData (idno) VALUES (5037);
insert into PartyMembership (pid, idno) VALUES (19, 5037);
insert into Landeslistenplatz (llid, idno, position) VALUES (40, 5037, 22);
insert into Citizen (idno, title, firstname, lastname, dateofbirth, gender) VALUES (5038, '', 'Hermann', 'Petra', '1.1.1960.', 'p');
insert into CandidatesData (idno) VALUES (5038);
insert into PartyMembership (pid, idno) VALUES (4, 5038);
insert into Candidacy (wkid, idno) VALUES (419, 5038);
insert into Landeslistenplatz (llid, idno, position) VALUES (98, 5038, 45);
insert into Citizen (idno, title, firstname, lastname, dateofbirth, gender) VALUES (5039, '', 'Herr', 'Alfred', '1.1.1948.', 'p');
insert into CandidatesData (idno) VALUES (5039);
insert into PartyMembership (pid, idno) VALUES (12, 5039);
insert into Landeslistenplatz (llid, idno, position) VALUES (53, 5039, 20);
insert into Citizen (idno, title, firstname, lastname, dateofbirth, gender) VALUES (5040, '', 'Herre', 'Caroline', '1.1.1946.', 'p');
insert into CandidatesData (idno) VALUES (5040);
insert into PartyMembership (pid, idno) VALUES (13, 5040);
insert into Landeslistenplatz (llid, idno, position) VALUES (96, 5040, 12);
insert into Citizen (idno, title, firstname, lastname, dateofbirth, gender) VALUES (5041, '', 'Herrmann', 'Franz-Rudolf', '1.1.1948.', 'p');
insert into CandidatesData (idno) VALUES (5041);
insert into PartyMembership (pid, idno) VALUES (22, 5041);
insert into Landeslistenplatz (llid, idno, position) VALUES (241, 5041, 2);
insert into Citizen (idno, title, firstname, lastname, dateofbirth, gender) VALUES (5042, '', 'Herrmann', 'Klaus Lars', '1.1.1977.', 'p');
insert into CandidatesData (idno) VALUES (5042);
insert into PartyMembership (pid, idno) VALUES (33, 5042);
insert into Landeslistenplatz (llid, idno, position) VALUES (163, 5042, 4);
insert into Citizen (idno, title, firstname, lastname, dateofbirth, gender) VALUES (5043, '', 'Herzog', 'Gustav', '1.1.1958.', 'p');
insert into CandidatesData (idno) VALUES (5043);
insert into PartyMembership (pid, idno) VALUES (2, 5043);
insert into Candidacy (wkid, idno) VALUES (509, 5043);
insert into Landeslistenplatz (llid, idno, position) VALUES (71, 5043, 2);
insert into Citizen (idno, title, firstname, lastname, dateofbirth, gender) VALUES (5044, '', 'Herzog', 'Tibor', '1.1.1963.', 'p');
insert into CandidatesData (idno) VALUES (5044);
insert into PartyMembership (pid, idno) VALUES (1, 5044);
insert into Candidacy (wkid, idno) VALUES (394, 5044);
insert into Citizen (idno, title, firstname, lastname, dateofbirth, gender) VALUES (5045, '', 'Heß', 'Petra', '1.1.1959.', 'p');
insert into CandidatesData (idno) VALUES (5045);
insert into PartyMembership (pid, idno) VALUES (2, 5045);
insert into Candidacy (wkid, idno) VALUES (491, 5045);
insert into Landeslistenplatz (llid, idno, position) VALUES (154, 5045, 4);
insert into Citizen (idno, title, firstname, lastname, dateofbirth, gender) VALUES (5046, '', 'Hesse', 'Klaus-Peter', '1.1.1967.', 'p');
insert into CandidatesData (idno) VALUES (5046);
insert into PartyMembership (pid, idno) VALUES (12, 5046);
insert into Landeslistenplatz (llid, idno, position) VALUES (222, 5046, 10);
insert into Citizen (idno, title, firstname, lastname, dateofbirth, gender) VALUES (5047, '', 'Hesse', 'Markus Arthur', '1.1.1966.', 'p');
insert into CandidatesData (idno) VALUES (5047);
insert into PartyMembership (pid, idno) VALUES (33, 5047);
insert into Candidacy (wkid, idno) VALUES (530, 5047);
insert into Citizen (idno, title, firstname, lastname, dateofbirth, gender) VALUES (5048, '', 'Hesse', 'Patricia', '1.1.1959.', 'p');
insert into CandidatesData (idno) VALUES (5048);
insert into PartyMembership (pid, idno) VALUES (44, 5048);
insert into Landeslistenplatz (llid, idno, position) VALUES (193, 5048, 3);
insert into Citizen (idno, title, firstname, lastname, dateofbirth, gender) VALUES (5049, '', 'Heublein', 'Sven', '1.1.1984.', 'p');
insert into CandidatesData (idno) VALUES (5049);
insert into PartyMembership (pid, idno) VALUES (9, 5049);
insert into Landeslistenplatz (llid, idno, position) VALUES (47, 5049, 63);
insert into Citizen (idno, title, firstname, lastname, dateofbirth, gender) VALUES (5050, '', 'Heumos', 'Joachim', '1.1.1962.', 'p');
insert into CandidatesData (idno) VALUES (5050);
insert into PartyMembership (pid, idno) VALUES (36, 5050);
insert into Landeslistenplatz (llid, idno, position) VALUES (118, 5050, 20);
insert into Citizen (idno, title, firstname, lastname, dateofbirth, gender) VALUES (5051, '', 'Heun', 'Susanne', '1.1.1956.', 'p');
insert into CandidatesData (idno) VALUES (5051);
insert into PartyMembership (pid, idno) VALUES (4, 5051);
insert into Landeslistenplatz (llid, idno, position) VALUES (120, 5051, 25);
insert into Citizen (idno, title, firstname, lastname, dateofbirth, gender) VALUES (5052, '', 'Heveling', 'Ansgar', '1.1.1972.', 'p');
insert into CandidatesData (idno) VALUES (5052);
insert into PartyMembership (pid, idno) VALUES (12, 5052);
insert into Candidacy (wkid, idno) VALUES (409, 5052);
insert into Citizen (idno, title, firstname, lastname, dateofbirth, gender) VALUES (5053, '', 'Hewald', 'Georg', '1.1.1957.', 'p');
insert into CandidatesData (idno) VALUES (5053);
insert into PartyMembership (pid, idno) VALUES (3, 5053);
insert into Candidacy (wkid, idno) VALUES (398, 5053);
insert into Citizen (idno, title, firstname, lastname, dateofbirth, gender) VALUES (5054, 'Dr. ', 'Heydrich', 'Carl Allwill Jürgen', '1.1.1933.', 'p');
insert into CandidatesData (idno) VALUES (5054);
insert into PartyMembership (pid, idno) VALUES (19, 5054);
insert into Landeslistenplatz (llid, idno, position) VALUES (99, 5054, 4);
insert into Citizen (idno, title, firstname, lastname, dateofbirth, gender) VALUES (5055, '', 'Hiekisch', 'Antje', '1.1.1977.', 'p');
insert into CandidatesData (idno) VALUES (5055);
insert into PartyMembership (pid, idno) VALUES (1, 5055);
insert into Landeslistenplatz (llid, idno, position) VALUES (68, 5055, 3);
insert into Citizen (idno, title, firstname, lastname, dateofbirth, gender) VALUES (5056, 'Dr. ', 'Hiery', 'Hermann', '1.1.1957.', 'p');
insert into CandidatesData (idno) VALUES (5056);
insert into PartyMembership (pid, idno) VALUES (4, 5056);
insert into Candidacy (wkid, idno) VALUES (536, 5056);
insert into Landeslistenplatz (llid, idno, position) VALUES (102, 5056, 32);
insert into Citizen (idno, title, firstname, lastname, dateofbirth, gender) VALUES (5057, '', 'Hildebrand', 'Anna-Maria', '1.1.1985.', 'p');
insert into CandidatesData (idno) VALUES (5057);
insert into PartyMembership (pid, idno) VALUES (10, 5057);
insert into Candidacy (wkid, idno) VALUES (379, 5057);
insert into Landeslistenplatz (llid, idno, position) VALUES (180, 5057, 12);
insert into Citizen (idno, title, firstname, lastname, dateofbirth, gender) VALUES (5058, '', 'Hilger', 'Katrin Cornelia', '1.1.1966.', 'p');
insert into CandidatesData (idno) VALUES (5058);
insert into PartyMembership (pid, idno) VALUES (7, 5058);
insert into Landeslistenplatz (llid, idno, position) VALUES (113, 5058, 6);
insert into Citizen (idno, title, firstname, lastname, dateofbirth, gender) VALUES (5059, '', 'Hilgers', 'Mirko', '1.1.1967.', 'p');
insert into CandidatesData (idno) VALUES (5059);
insert into PartyMembership (pid, idno) VALUES (1, 5059);
insert into Candidacy (wkid, idno) VALUES (409, 5059);
insert into Citizen (idno, title, firstname, lastname, dateofbirth, gender) VALUES (5060, '', 'Hilgert', 'Erik', '1.1.1987.', 'p');
insert into CandidatesData (idno) VALUES (5060);
insert into PartyMembership (pid, idno) VALUES (31, 5060);
insert into Landeslistenplatz (llid, idno, position) VALUES (123, 5060, 24);
insert into Citizen (idno, title, firstname, lastname, dateofbirth, gender) VALUES (5061, '', 'Hilgert', 'Rainer Josef', '1.1.1953.', 'p');
insert into CandidatesData (idno) VALUES (5061);
insert into PartyMembership (pid, idno) VALUES (36, 5061);
insert into Candidacy (wkid, idno) VALUES (498, 5061);
insert into Landeslistenplatz (llid, idno, position) VALUES (56, 5061, 1);
insert into Citizen (idno, title, firstname, lastname, dateofbirth, gender) VALUES (5062, '', 'Hill', 'Hans-Kurt', '1.1.1950.', 'p');
insert into CandidatesData (idno) VALUES (5062);
insert into PartyMembership (pid, idno) VALUES (3, 5062);
insert into LandesListe (llid, year, pid, fsid) VALUES (242, 2013, 3, 30);
insert into Landeslistenplatz (llid, idno, position) VALUES (242, 5062, 4);
insert into Citizen (idno, title, firstname, lastname, dateofbirth, gender) VALUES (5063, '', 'Hille', 'Dieter', '1.1.1961.', 'p');
insert into CandidatesData (idno) VALUES (5063);
insert into PartyMembership (pid, idno) VALUES (3, 5063);
insert into Candidacy (wkid, idno) VALUES (466, 5063);
insert into Citizen (idno, title, firstname, lastname, dateofbirth, gender) VALUES (5064, '', 'Hillebrand', 'Klaus-Jürgen', '1.1.1950.', 'p');
insert into CandidatesData (idno) VALUES (5064);
insert into PartyMembership (pid, idno) VALUES (33, 5064);
insert into Landeslistenplatz (llid, idno, position) VALUES (111, 5064, 16);
insert into Citizen (idno, title, firstname, lastname, dateofbirth, gender) VALUES (5065, '', 'Hiller', 'Claus- Detlev', '1.1.1946.', 'p');
insert into CandidatesData (idno) VALUES (5065);
insert into PartyMembership (pid, idno) VALUES (33, 5065);
insert into Landeslistenplatz (llid, idno, position) VALUES (30, 5065, 9);
insert into Citizen (idno, title, firstname, lastname, dateofbirth, gender) VALUES (5066, '', 'Hiller-Ohm', 'Gabriele Therese Hedwig', '1.1.1953.', 'p');
insert into CandidatesData (idno) VALUES (5066);
insert into PartyMembership (pid, idno) VALUES (2, 5066);
insert into Candidacy (wkid, idno) VALUES (310, 5066);
insert into Landeslistenplatz (llid, idno, position) VALUES (103, 5066, 4);
insert into Citizen (idno, title, firstname, lastname, dateofbirth, gender) VALUES (5067, '', 'Hillingshäuser', 'Armin', '1.1.1961.', 'p');
insert into CandidatesData (idno) VALUES (5067);
insert into PartyMembership (pid, idno) VALUES (32, 5067);
insert into Candidacy (wkid, idno) VALUES (504, 5067);
insert into Landeslistenplatz (llid, idno, position) VALUES (29, 5067, 11);
insert into Citizen (idno, title, firstname, lastname, dateofbirth, gender) VALUES (5068, '', 'Hilpert', 'Bernd', '1.1.1965.', 'p');
insert into CandidatesData (idno) VALUES (5068);
insert into PartyMembership (pid, idno) VALUES (1, 5068);
insert into Candidacy (wkid, idno) VALUES (479, 5068);
insert into Citizen (idno, title, firstname, lastname, dateofbirth, gender) VALUES (5069, '', 'Hilpert', 'Peter', '1.1.1962.', 'p');
insert into CandidatesData (idno) VALUES (5069);
insert into PartyMembership (pid, idno) VALUES (1, 5069);
insert into Candidacy (wkid, idno) VALUES (429, 5069);
insert into Citizen (idno, title, firstname, lastname, dateofbirth, gender) VALUES (5070, 'Dr. ', 'Hilscher', 'Thomas', '1.1.1955.', 'p');
insert into CandidatesData (idno) VALUES (5070);
insert into PartyMembership (pid, idno) VALUES (15, 5070);
insert into Candidacy (wkid, idno) VALUES (556, 5070);
insert into Landeslistenplatz (llid, idno, position) VALUES (55, 5070, 3);
insert into Citizen (idno, title, firstname, lastname, dateofbirth, gender) VALUES (5071, 'Dr. ', 'Hilz', 'Hauke', '1.1.1977.', 'p');
insert into CandidatesData (idno) VALUES (5071);
insert into PartyMembership (pid, idno) VALUES (4, 5071);
insert into Candidacy (wkid, idno) VALUES (354, 5071);
insert into LandesListe (llid, year, pid, fsid) VALUES (243, 2013, 4, 26);
insert into Landeslistenplatz (llid, idno, position) VALUES (243, 5071, 2);
insert into Citizen (idno, title, firstname, lastname, dateofbirth, gender) VALUES (5072, '', 'Hinkel', 'Heinz Karl', '1.1.1949.', 'p');
insert into CandidatesData (idno) VALUES (5072);
insert into PartyMembership (pid, idno) VALUES (19, 5072);
insert into Candidacy (wkid, idno) VALUES (510, 5072);
insert into Landeslistenplatz (llid, idno, position) VALUES (124, 5072, 3);
insert into Citizen (idno, title, firstname, lastname, dateofbirth, gender) VALUES (5073, '', 'Hintner', 'Thomas', '1.1.1960.', 'p');
insert into CandidatesData (idno) VALUES (5073);
insert into PartyMembership (pid, idno) VALUES (31, 5073);
insert into Landeslistenplatz (llid, idno, position) VALUES (79, 5073, 12);
insert into Citizen (idno, title, firstname, lastname, dateofbirth, gender) VALUES (5074, '', 'Hintze', 'Peter', '1.1.1950.', 'p');
insert into CandidatesData (idno) VALUES (5074);
insert into PartyMembership (pid, idno) VALUES (12, 5074);
insert into Candidacy (wkid, idno) VALUES (401, 5074);
insert into Landeslistenplatz (llid, idno, position) VALUES (136, 5074, 5);
insert into Citizen (idno, title, firstname, lastname, dateofbirth, gender) VALUES (5075, 'Dr. ', 'Hinz', 'Peter', '1.1.1958.', 'p');
insert into CandidatesData (idno) VALUES (5075);
insert into PartyMembership (pid, idno) VALUES (12, 5075);
insert into Landeslistenplatz (llid, idno, position) VALUES (105, 5075, 16);
insert into Citizen (idno, title, firstname, lastname, dateofbirth, gender) VALUES (5076, '', 'Hinz', 'Martina', '1.1.1957.', 'p');
insert into CandidatesData (idno) VALUES (5076);
insert into PartyMembership (pid, idno) VALUES (10, 5076);
insert into Landeslistenplatz (llid, idno, position) VALUES (180, 5076, 17);
insert into Citizen (idno, title, firstname, lastname, dateofbirth, gender) VALUES (5077, '', 'Hinz', 'Petra', '1.1.1962.', 'p');
insert into CandidatesData (idno) VALUES (5077);
insert into PartyMembership (pid, idno) VALUES (2, 5077);
insert into Candidacy (wkid, idno) VALUES (419, 5077);
insert into Landeslistenplatz (llid, idno, position) VALUES (73, 5077, 26);
insert into Citizen (idno, title, firstname, lastname, dateofbirth, gender) VALUES (5078, '', 'Hinz', 'Priska Margarete', '1.1.1959.', 'p');
insert into CandidatesData (idno) VALUES (5078);
insert into PartyMembership (pid, idno) VALUES (5, 5078);
insert into Candidacy (wkid, idno) VALUES (471, 5078);
insert into Landeslistenplatz (llid, idno, position) VALUES (144, 5078, 1);
insert into Citizen (idno, title, firstname, lastname, dateofbirth, gender) VALUES (5079, '', 'Hipp', 'Simson', '1.1.1984.', 'p');
insert into CandidatesData (idno) VALUES (5079);
insert into PartyMembership (pid, idno) VALUES (32, 5079);
insert into Candidacy (wkid, idno) VALUES (548, 5079);
insert into Landeslistenplatz (llid, idno, position) VALUES (33, 5079, 7);
insert into Citizen (idno, title, firstname, lastname, dateofbirth, gender) VALUES (5080, '', 'Hirte', 'Christian', '1.1.1976.', 'p');
insert into CandidatesData (idno) VALUES (5080);
insert into PartyMembership (pid, idno) VALUES (12, 5080);
insert into Candidacy (wkid, idno) VALUES (489, 5080);
insert into Landeslistenplatz (llid, idno, position) VALUES (212, 5080, 4);
insert into Citizen (idno, title, firstname, lastname, dateofbirth, gender) VALUES (5081, 'Prof. Dr. ', 'Hirte', 'Heribert', '1.1.1958.', 'p');
insert into CandidatesData (idno) VALUES (5081);
insert into PartyMembership (pid, idno) VALUES (12, 5081);
insert into Candidacy (wkid, idno) VALUES (393, 5081);
insert into Landeslistenplatz (llid, idno, position) VALUES (136, 5081, 55);
insert into Citizen (idno, title, firstname, lastname, dateofbirth, gender) VALUES (5082, '', 'Hirtz', 'Lukas Maximilian', '1.1.1989.', 'p');
insert into CandidatesData (idno) VALUES (5082);
insert into PartyMembership (pid, idno) VALUES (3, 5082);
insert into Candidacy (wkid, idno) VALUES (415, 5082);
insert into Landeslistenplatz (llid, idno, position) VALUES (95, 5082, 16);
insert into Citizen (idno, title, firstname, lastname, dateofbirth, gender) VALUES (5083, '', 'Hitschler', 'Thomas', '1.1.1982.', 'p');
insert into CandidatesData (idno) VALUES (5083);
insert into PartyMembership (pid, idno) VALUES (2, 5083);
insert into Candidacy (wkid, idno) VALUES (511, 5083);
insert into Landeslistenplatz (llid, idno, position) VALUES (71, 5083, 6);
insert into Citizen (idno, title, firstname, lastname, dateofbirth, gender) VALUES (5084, '', 'Hnida', 'Jeannette', '1.1.1965.', 'p');
insert into CandidatesData (idno) VALUES (5084);
insert into PartyMembership (pid, idno) VALUES (32, 5084);
insert into Landeslistenplatz (llid, idno, position) VALUES (195, 5084, 3);
insert into Citizen (idno, title, firstname, lastname, dateofbirth, gender) VALUES (5085, '', 'Hochbaum', 'Robert', '1.1.1954.', 'p');
insert into CandidatesData (idno) VALUES (5085);
insert into PartyMembership (pid, idno) VALUES (12, 5085);
insert into Candidacy (wkid, idno) VALUES (465, 5085);
insert into Citizen (idno, title, firstname, lastname, dateofbirth, gender) VALUES (5086, 'Dr. ', 'Hochrainer', 'Thomas', '1.1.1975.', 'p');
insert into CandidatesData (idno) VALUES (5086);
insert into PartyMembership (pid, idno) VALUES (33, 5086);
insert into Candidacy (wkid, idno) VALUES (333, 5086);
insert into Landeslistenplatz (llid, idno, position) VALUES (30, 5086, 7);
insert into Citizen (idno, title, firstname, lastname, dateofbirth, gender) VALUES (5087, '', 'Hochstein', 'Stephan', '1.1.1983.', 'p');
insert into CandidatesData (idno) VALUES (5087);
insert into PartyMembership (pid, idno) VALUES (10, 5087);
insert into Candidacy (wkid, idno) VALUES (394, 5087);
insert into Landeslistenplatz (llid, idno, position) VALUES (162, 5087, 2);
insert into Citizen (idno, title, firstname, lastname, dateofbirth, gender) VALUES (5088, '', 'Hock', 'Georg', '1.1.1950.', 'p');
insert into CandidatesData (idno) VALUES (5088);
insert into PartyMembership (pid, idno) VALUES (33, 5088);
insert into Candidacy (wkid, idno) VALUES (539, 5088);
insert into Landeslistenplatz (llid, idno, position) VALUES (166, 5088, 35);
insert into Citizen (idno, title, firstname, lastname, dateofbirth, gender) VALUES (5089, '', 'Hoeck', 'Martin', '1.1.1985.', 'p');
insert into CandidatesData (idno) VALUES (5089);
insert into PartyMembership (pid, idno) VALUES (4, 5089);
insert into Candidacy (wkid, idno) VALUES (356, 5089);
insert into Citizen (idno, title, firstname, lastname, dateofbirth, gender) VALUES (5090, '', 'Höcke', 'Björn', '1.1.1972.', 'p');
insert into CandidatesData (idno) VALUES (5090);
insert into PartyMembership (pid, idno) VALUES (33, 5090);
insert into Landeslistenplatz (llid, idno, position) VALUES (202, 5090, 2);
insert into Citizen (idno, title, firstname, lastname, dateofbirth, gender) VALUES (5091, '', 'Höckendorff', 'Uwe', '1.1.1957.', 'p');
insert into CandidatesData (idno) VALUES (5091);
insert into PartyMembership (pid, idno) VALUES (33, 5091);
insert into Landeslistenplatz (llid, idno, position) VALUES (164, 5091, 12);
insert into Citizen (idno, title, firstname, lastname, dateofbirth, gender) VALUES (5092, '', 'Höcker', 'Annegret', '1.1.1954.', 'p');
insert into CandidatesData (idno) VALUES (5092);
insert into PartyMembership (pid, idno) VALUES (13, 5092);
insert into Candidacy (wkid, idno) VALUES (374, 5092);
insert into Landeslistenplatz (llid, idno, position) VALUES (226, 5092, 4);
insert into Citizen (idno, title, firstname, lastname, dateofbirth, gender) VALUES (5093, '', 'Höfer', 'Heike', '1.1.1966.', 'p');
insert into CandidatesData (idno) VALUES (5093);
insert into PartyMembership (pid, idno) VALUES (1, 5093);
insert into Candidacy (wkid, idno) VALUES (421, 5093);
insert into Citizen (idno, title, firstname, lastname, dateofbirth, gender) VALUES (5094, '', 'Höferlin', 'Manuel', '1.1.1973.', 'p');
insert into CandidatesData (idno) VALUES (5094);
insert into PartyMembership (pid, idno) VALUES (4, 5094);
insert into Candidacy (wkid, idno) VALUES (506, 5094);
insert into Landeslistenplatz (llid, idno, position) VALUES (120, 5094, 3);
insert into Citizen (idno, title, firstname, lastname, dateofbirth, gender) VALUES (5095, '', 'Höft', 'Ingo', '1.1.1949.', 'p');
insert into CandidatesData (idno) VALUES (5095);
insert into PartyMembership (pid, idno) VALUES (7, 5095);
insert into Landeslistenplatz (llid, idno, position) VALUES (173, 5095, 5);
insert into Citizen (idno, title, firstname, lastname, dateofbirth, gender) VALUES (5096, '', 'Höger', 'Inge Dora Minna', '1.1.1950.', 'p');
insert into CandidatesData (idno) VALUES (5096);
insert into PartyMembership (pid, idno) VALUES (3, 5096);
insert into Candidacy (wkid, idno) VALUES (432, 5096);
insert into Landeslistenplatz (llid, idno, position) VALUES (95, 5096, 9);
insert into Citizen (idno, title, firstname, lastname, dateofbirth, gender) VALUES (5097, 'Dr. ', 'Högl', 'Eva Alexandra Ingrid Irmgard Anna', '1.1.1969.', 'p');
insert into CandidatesData (idno) VALUES (5097);
insert into PartyMembership (pid, idno) VALUES (2, 5097);
insert into Candidacy (wkid, idno) VALUES (374, 5097);
insert into Landeslistenplatz (llid, idno, position) VALUES (179, 5097, 1);
insert into Citizen (idno, title, firstname, lastname, dateofbirth, gender) VALUES (5098, '', 'Höhn', 'Bärbel', '1.1.1952.', 'p');
insert into CandidatesData (idno) VALUES (5098);
insert into PartyMembership (pid, idno) VALUES (5, 5098);
insert into Candidacy (wkid, idno) VALUES (416, 5098);
insert into Landeslistenplatz (llid, idno, position) VALUES (83, 5098, 1);
insert into Citizen (idno, title, firstname, lastname, dateofbirth, gender) VALUES (5099, 'Dr. ', 'Höll', 'Barbara', '1.1.1957.', 'p');
insert into CandidatesData (idno) VALUES (5099);
insert into PartyMembership (pid, idno) VALUES (3, 5099);
insert into Candidacy (wkid, idno) VALUES (451, 5099);
insert into Landeslistenplatz (llid, idno, position) VALUES (240, 5099, 9);
insert into Citizen (idno, title, firstname, lastname, dateofbirth, gender) VALUES (5100, 'Dr. ', 'Höller', 'Kurt Emmerich', '1.1.1980.', 'p');
insert into CandidatesData (idno) VALUES (5100);
insert into PartyMembership (pid, idno) VALUES (9, 5100);
insert into Landeslistenplatz (llid, idno, position) VALUES (47, 5100, 46);
insert into Citizen (idno, title, firstname, lastname, dateofbirth, gender) VALUES (5101, '', 'Höltke', 'Markus Alfred', '1.1.1967.', 'p');
insert into CandidatesData (idno) VALUES (5101);
insert into PartyMembership (pid, idno) VALUES (42, 5101);
insert into LandesListe (llid, year, pid, fsid) VALUES (244, 2013, 42, 26);
insert into Landeslistenplatz (llid, idno, position) VALUES (244, 5101, 2);
insert into Citizen (idno, title, firstname, lastname, dateofbirth, gender) VALUES (5102, '', 'Hönig', 'Günter', '1.1.1951.', 'p');
insert into CandidatesData (idno) VALUES (5102);
insert into Candidacy (wkid, idno) VALUES (350, 5102);
insert into Citizen (idno, title, firstname, lastname, dateofbirth, gender) VALUES (5103, '', 'Hönig', 'Manfred', '1.1.1971.', 'p');
insert into CandidatesData (idno) VALUES (5103);
insert into PartyMembership (pid, idno) VALUES (1, 5103);
insert into Candidacy (wkid, idno) VALUES (486, 5103);
insert into Citizen (idno, title, firstname, lastname, dateofbirth, gender) VALUES (5104, '', 'Hönlinger', 'Ingrid', '1.1.1964.', 'p');
insert into CandidatesData (idno) VALUES (5104);
insert into PartyMembership (pid, idno) VALUES (5, 5104);
insert into Candidacy (wkid, idno) VALUES (564, 5104);
insert into Landeslistenplatz (llid, idno, position) VALUES (61, 5104, 17);
insert into Citizen (idno, title, firstname, lastname, dateofbirth, gender) VALUES (5105, '', 'Hörhold', 'Andreas', '1.1.1969.', 'p');
insert into CandidatesData (idno) VALUES (5105);
insert into PartyMembership (pid, idno) VALUES (13, 5105);
insert into Landeslistenplatz (llid, idno, position) VALUES (125, 5105, 2);
insert into Citizen (idno, title, firstname, lastname, dateofbirth, gender) VALUES (5106, '', 'Hörner', 'Erich Paul Manfred', '1.1.1951.', 'p');
insert into CandidatesData (idno) VALUES (5106);
insert into PartyMembership (pid, idno) VALUES (13, 5106);
insert into Landeslistenplatz (llid, idno, position) VALUES (74, 5106, 4);
insert into Citizen (idno, title, firstname, lastname, dateofbirth, gender) VALUES (5107, '', 'Hörstel', 'Christoph', '1.1.1956.', 'p');
insert into CandidatesData (idno) VALUES (5107);
insert into Candidacy (wkid, idno) VALUES (360, 5107);
insert into Citizen (idno, title, firstname, lastname, dateofbirth, gender) VALUES (5108, 'Dr. ', 'Höschel', 'Mathias Edwin', '1.1.1967.', 'p');
insert into CandidatesData (idno) VALUES (5108);
insert into PartyMembership (pid, idno) VALUES (12, 5108);
insert into Landeslistenplatz (llid, idno, position) VALUES (136, 5108, 57);
insert into Citizen (idno, title, firstname, lastname, dateofbirth, gender) VALUES (5109, '', 'Höschen', 'Frank', '1.1.1965.', 'p');
insert into CandidatesData (idno) VALUES (5109);
insert into PartyMembership (pid, idno) VALUES (7, 5109);
insert into Candidacy (wkid, idno) VALUES (419, 5109);
insert into Citizen (idno, title, firstname, lastname, dateofbirth, gender) VALUES (5110, '', 'Hofe von', 'Erich', '1.1.1956.', 'p');
insert into CandidatesData (idno) VALUES (5110);
insert into PartyMembership (pid, idno) VALUES (5, 5110);
insert into Candidacy (wkid, idno) VALUES (333, 5110);
insert into Citizen (idno, title, firstname, lastname, dateofbirth, gender) VALUES (5111, '', 'Hoff von', 'Sebastian', '1.1.1982.', 'p');
insert into CandidatesData (idno) VALUES (5111);
insert into PartyMembership (pid, idno) VALUES (7, 5111);
insert into Candidacy (wkid, idno) VALUES (382, 5111);
insert into Citizen (idno, title, firstname, lastname, dateofbirth, gender) VALUES (5112, '', 'Hoffmann', 'Alexander', '1.1.1975.', 'p');
insert into CandidatesData (idno) VALUES (5112);
insert into PartyMembership (pid, idno) VALUES (9, 5112);
insert into Candidacy (wkid, idno) VALUES (548, 5112);
insert into Landeslistenplatz (llid, idno, position) VALUES (47, 5112, 27);
insert into Citizen (idno, title, firstname, lastname, dateofbirth, gender) VALUES (5113, '', 'Hoffmann', 'Angeline Marie', '1.1.1990.', 'p');
insert into CandidatesData (idno) VALUES (5113);
insert into PartyMembership (pid, idno) VALUES (33, 5113);
insert into Landeslistenplatz (llid, idno, position) VALUES (166, 5113, 11);
insert into Citizen (idno, title, firstname, lastname, dateofbirth, gender) VALUES (5114, '', 'Hoffmann', 'Dustin', '1.1.1987.', 'p');
insert into CandidatesData (idno) VALUES (5114);
insert into PartyMembership (pid, idno) VALUES (31, 5114);
insert into Landeslistenplatz (llid, idno, position) VALUES (28, 5114, 2);
insert into Citizen (idno, title, firstname, lastname, dateofbirth, gender) VALUES (5115, '', 'Hoffmann', 'Hans-Gerd', '1.1.1947.', 'p');
insert into CandidatesData (idno) VALUES (5115);
insert into PartyMembership (pid, idno) VALUES (32, 5115);
insert into Candidacy (wkid, idno) VALUES (584, 5115);
insert into Citizen (idno, title, firstname, lastname, dateofbirth, gender) VALUES (5116, '', 'Hoffmann', 'Jens Edgar', '1.1.1983.', 'p');
insert into CandidatesData (idno) VALUES (5116);
insert into PartyMembership (pid, idno) VALUES (12, 5116);
insert into Landeslistenplatz (llid, idno, position) VALUES (138, 5116, 23);
insert into Citizen (idno, title, firstname, lastname, dateofbirth, gender) VALUES (5117, '', 'Hoffmann', 'Rainer', '1.1.1962.', 'p');
insert into CandidatesData (idno) VALUES (5117);
insert into PartyMembership (pid, idno) VALUES (35, 5117);
insert into Candidacy (wkid, idno) VALUES (502, 5117);
insert into Landeslistenplatz (llid, idno, position) VALUES (199, 5117, 1);
insert into Citizen (idno, title, firstname, lastname, dateofbirth, gender) VALUES (5118, '', 'Hoffmann', 'Sandra Cordula', '1.1.1968.', 'p');
insert into CandidatesData (idno) VALUES (5118);
insert into PartyMembership (pid, idno) VALUES (33, 5118);
insert into Landeslistenplatz (llid, idno, position) VALUES (166, 5118, 24);
insert into Citizen (idno, title, firstname, lastname, dateofbirth, gender) VALUES (5119, '', 'Hoffmann', 'Susanne', '1.1.1960.', 'p');
insert into CandidatesData (idno) VALUES (5119);
insert into PartyMembership (pid, idno) VALUES (1, 5119);
insert into Candidacy (wkid, idno) VALUES (586, 5119);
insert into Citizen (idno, title, firstname, lastname, dateofbirth, gender) VALUES (5120, '', 'Hoffmann', 'Thorsten', '1.1.1961.', 'p');
insert into CandidatesData (idno) VALUES (5120);
insert into PartyMembership (pid, idno) VALUES (12, 5120);
insert into Candidacy (wkid, idno) VALUES (441, 5120);
insert into Landeslistenplatz (llid, idno, position) VALUES (136, 5120, 52);
insert into Citizen (idno, title, firstname, lastname, dateofbirth, gender) VALUES (5121, '', 'Hoffmann', 'Timo', '1.1.1978.', 'p');
insert into CandidatesData (idno) VALUES (5121);
insert into PartyMembership (pid, idno) VALUES (10, 5121);
insert into Landeslistenplatz (llid, idno, position) VALUES (180, 5121, 20);
insert into Citizen (idno, title, firstname, lastname, dateofbirth, gender) VALUES (5122, '', 'Hoffmann', 'Wolfgang', '1.1.1951.', 'p');
insert into CandidatesData (idno) VALUES (5122);
insert into PartyMembership (pid, idno) VALUES (3, 5122);
insert into Candidacy (wkid, idno) VALUES (448, 5122);
insert into Citizen (idno, title, firstname, lastname, dateofbirth, gender) VALUES (5123, '', 'Hofmann', 'Erik', '1.1.1986.', 'p');
insert into CandidatesData (idno) VALUES (5123);
insert into PartyMembership (pid, idno) VALUES (36, 5123);
insert into Candidacy (wkid, idno) VALUES (500, 5123);
insert into Landeslistenplatz (llid, idno, position) VALUES (56, 5123, 6);
insert into Citizen (idno, title, firstname, lastname, dateofbirth, gender) VALUES (5124, '', 'Hofmann', 'Martin Horst', '1.1.1977.', 'p');
insert into CandidatesData (idno) VALUES (5124);
insert into PartyMembership (pid, idno) VALUES (29, 5124);
insert into Landeslistenplatz (llid, idno, position) VALUES (31, 5124, 19);
insert into Citizen (idno, title, firstname, lastname, dateofbirth, gender) VALUES (5125, '', 'Hofmann', 'Ralf', '1.1.1967.', 'p');
insert into CandidatesData (idno) VALUES (5125);
insert into PartyMembership (pid, idno) VALUES (2, 5125);
insert into Candidacy (wkid, idno) VALUES (549, 5125);
insert into Landeslistenplatz (llid, idno, position) VALUES (87, 5125, 35);
insert into Citizen (idno, title, firstname, lastname, dateofbirth, gender) VALUES (5126, '', 'Hofmeister', 'Andreas', '1.1.1961.', 'p');
insert into CandidatesData (idno) VALUES (5126);
insert into PartyMembership (pid, idno) VALUES (33, 5126);
insert into Landeslistenplatz (llid, idno, position) VALUES (63, 5126, 17);
insert into Citizen (idno, title, firstname, lastname, dateofbirth, gender) VALUES (5127, 'Dr. ', 'Hofreiter', 'Anton', '1.1.1970.', 'p');
insert into CandidatesData (idno) VALUES (5127);
insert into PartyMembership (pid, idno) VALUES (5, 5127);
insert into Candidacy (wkid, idno) VALUES (521, 5127);
insert into Landeslistenplatz (llid, idno, position) VALUES (65, 5127, 2);
insert into Citizen (idno, title, firstname, lastname, dateofbirth, gender) VALUES (5128, '', 'Hohenadl', 'Ruth', '1.1.1960.', 'p');
insert into CandidatesData (idno) VALUES (5128);
insert into PartyMembership (pid, idno) VALUES (4, 5128);
insert into Candidacy (wkid, idno) VALUES (517, 5128);
insert into Landeslistenplatz (llid, idno, position) VALUES (102, 5128, 28);
insert into Citizen (idno, title, firstname, lastname, dateofbirth, gender) VALUES (5129, '', 'Hohmann', 'Gerald', '1.1.1959.', 'p');
insert into CandidatesData (idno) VALUES (5129);
insert into Candidacy (wkid, idno) VALUES (304, 5129);
insert into Citizen (idno, title, firstname, lastname, dateofbirth, gender) VALUES (5130, '', 'Hollack', 'Carin', '1.1.1940.', 'p');
insert into CandidatesData (idno) VALUES (5130);
insert into PartyMembership (pid, idno) VALUES (1, 5130);
insert into Candidacy (wkid, idno) VALUES (341, 5130);
insert into Citizen (idno, title, firstname, lastname, dateofbirth, gender) VALUES (5131, '', 'Hollenberg', 'Hartmut', '1.1.1937.', 'p');
insert into CandidatesData (idno) VALUES (5131);
insert into PartyMembership (pid, idno) VALUES (36, 5131);
insert into Landeslistenplatz (llid, idno, position) VALUES (118, 5131, 28);
insert into Citizen (idno, title, firstname, lastname, dateofbirth, gender) VALUES (5132, '', 'Holler', 'Robert', '1.1.1946.', 'p');
insert into CandidatesData (idno) VALUES (5132);
insert into PartyMembership (pid, idno) VALUES (19, 5132);
insert into Landeslistenplatz (llid, idno, position) VALUES (40, 5132, 17);
insert into Citizen (idno, title, firstname, lastname, dateofbirth, gender) VALUES (5133, '', 'Holm', 'Leif-Erik', '1.1.1970.', 'p');
insert into CandidatesData (idno) VALUES (5133);
insert into PartyMembership (pid, idno) VALUES (33, 5133);
insert into Landeslistenplatz (llid, idno, position) VALUES (229, 5133, 1);
insert into Citizen (idno, title, firstname, lastname, dateofbirth, gender) VALUES (5134, '', 'Holmeier', 'Karl', '1.1.1956.', 'p');
insert into CandidatesData (idno) VALUES (5134);
insert into PartyMembership (pid, idno) VALUES (9, 5134);
insert into Candidacy (wkid, idno) VALUES (533, 5134);
insert into Citizen (idno, title, firstname, lastname, dateofbirth, gender) VALUES (5135, '', 'Holtermann', 'Sandra', '1.1.1971.', 'p');
insert into CandidatesData (idno) VALUES (5135);
insert into PartyMembership (pid, idno) VALUES (31, 5135);
insert into Landeslistenplatz (llid, idno, position) VALUES (28, 5135, 35);
insert into Citizen (idno, title, firstname, lastname, dateofbirth, gender) VALUES (5136, '', 'Holz', 'Angela', '1.1.1979.', 'p');
insert into CandidatesData (idno) VALUES (5136);
insert into PartyMembership (pid, idno) VALUES (2, 5136);
insert into Landeslistenplatz (llid, idno, position) VALUES (69, 5136, 38);
insert into Citizen (idno, title, firstname, lastname, dateofbirth, gender) VALUES (5137, '', 'Holzapfel', 'Dietmar', '1.1.1966.', 'p');
insert into CandidatesData (idno) VALUES (5137);
insert into PartyMembership (pid, idno) VALUES (32, 5137);
insert into LandesListe (llid, year, pid, fsid) VALUES (245, 2013, 32, 30);
insert into Landeslistenplatz (llid, idno, position) VALUES (245, 5137, 1);
insert into Citizen (idno, title, firstname, lastname, dateofbirth, gender) VALUES (5138, '', 'Holzenkamp', 'Franz-Josef', '1.1.1960.', 'p');
insert into CandidatesData (idno) VALUES (5138);
insert into PartyMembership (pid, idno) VALUES (12, 5138);
insert into Candidacy (wkid, idno) VALUES (331, 5138);
insert into Citizen (idno, title, firstname, lastname, dateofbirth, gender) VALUES (5139, '', 'Holzhäuser', 'Reiner', '1.1.1938.', 'p');
insert into CandidatesData (idno) VALUES (5139);
insert into PartyMembership (pid, idno) VALUES (32, 5139);
insert into Landeslistenplatz (llid, idno, position) VALUES (91, 5139, 14);
insert into Citizen (idno, title, firstname, lastname, dateofbirth, gender) VALUES (5140, '', 'Holzheu', 'Johann', '1.1.1944.', 'p');
insert into CandidatesData (idno) VALUES (5140);
insert into PartyMembership (pid, idno) VALUES (21, 5140);
insert into Candidacy (wkid, idno) VALUES (569, 5140);
insert into Citizen (idno, title, firstname, lastname, dateofbirth, gender) VALUES (5141, '', 'Holzner', 'Martina', '1.1.1976.', 'p');
insert into CandidatesData (idno) VALUES (5141);
insert into PartyMembership (pid, idno) VALUES (2, 5141);
insert into Landeslistenplatz (llid, idno, position) VALUES (77, 5141, 5);
insert into Citizen (idno, title, firstname, lastname, dateofbirth, gender) VALUES (5142, '', 'Holzwarth', 'Ursula', '1.1.1949.', 'p');
insert into CandidatesData (idno) VALUES (5142);
insert into PartyMembership (pid, idno) VALUES (19, 5142);
insert into Candidacy (wkid, idno) VALUES (571, 5142);
insert into Citizen (idno, title, firstname, lastname, dateofbirth, gender) VALUES (5143, '', 'Homa', 'Frank-Michael', '1.1.1957.', 'p');
insert into CandidatesData (idno) VALUES (5143);
insert into PartyMembership (pid, idno) VALUES (19, 5143);
insert into Candidacy (wkid, idno) VALUES (481, 5143);
insert into Citizen (idno, title, firstname, lastname, dateofbirth, gender) VALUES (5144, '', 'Homburger', 'Birgit', '1.1.1965.', 'p');
insert into CandidatesData (idno) VALUES (5144);
insert into PartyMembership (pid, idno) VALUES (4, 5144);
insert into Candidacy (wkid, idno) VALUES (586, 5144);
insert into Landeslistenplatz (llid, idno, position) VALUES (51, 5144, 2);
insert into Citizen (idno, title, firstname, lastname, dateofbirth, gender) VALUES (5145, '', 'Hopfensperger', 'Sebastian', '1.1.1984.', 'p');
insert into CandidatesData (idno) VALUES (5145);
insert into PartyMembership (pid, idno) VALUES (32, 5145);
insert into Candidacy (wkid, idno) VALUES (532, 5145);
insert into Landeslistenplatz (llid, idno, position) VALUES (33, 5145, 4);
insert into Citizen (idno, title, firstname, lastname, dateofbirth, gender) VALUES (5146, '', 'Hoppe', 'Thilo', '1.1.1958.', 'p');
insert into CandidatesData (idno) VALUES (5146);
insert into PartyMembership (pid, idno) VALUES (5, 5146);
insert into Candidacy (wkid, idno) VALUES (323, 5146);
insert into Landeslistenplatz (llid, idno, position) VALUES (142, 5146, 8);
insert into Citizen (idno, title, firstname, lastname, dateofbirth, gender) VALUES (5147, 'Dr. ', 'Hoppenstedt', 'Hendrik', '1.1.1972.', 'p');
insert into CandidatesData (idno) VALUES (5147);
insert into PartyMembership (pid, idno) VALUES (12, 5147);
insert into Candidacy (wkid, idno) VALUES (342, 5147);
insert into Landeslistenplatz (llid, idno, position) VALUES (44, 5147, 17);
insert into Citizen (idno, title, firstname, lastname, dateofbirth, gender) VALUES (5148, '', 'Hoppenstedt', 'Petra', '1.1.1982.', 'p');
insert into CandidatesData (idno) VALUES (5148);
insert into PartyMembership (pid, idno) VALUES (12, 5148);
insert into Landeslistenplatz (llid, idno, position) VALUES (191, 5148, 11);
insert into Citizen (idno, title, firstname, lastname, dateofbirth, gender) VALUES (5149, '', 'Horb', 'Margaret', '1.1.1967.', 'p');
insert into CandidatesData (idno) VALUES (5149);
insert into PartyMembership (pid, idno) VALUES (12, 5149);
insert into Landeslistenplatz (llid, idno, position) VALUES (105, 5149, 15);
insert into Citizen (idno, title, firstname, lastname, dateofbirth, gender) VALUES (5150, '', 'Hornberger', 'Reinhard', '1.1.1948.', 'p');
insert into CandidatesData (idno) VALUES (5150);
insert into PartyMembership (pid, idno) VALUES (19, 5150);
insert into Landeslistenplatz (llid, idno, position) VALUES (40, 5150, 7);
insert into Citizen (idno, title, firstname, lastname, dateofbirth, gender) VALUES (5151, '', 'Hornbostel', 'Steffi Thea', '1.1.1959.', 'p');
insert into CandidatesData (idno) VALUES (5151);
insert into PartyMembership (pid, idno) VALUES (3, 5151);
insert into Landeslistenplatz (llid, idno, position) VALUES (79, 5151, 7);
insert into Citizen (idno, title, firstname, lastname, dateofbirth, gender) VALUES (5152, '', 'Hornhues', 'Else Katharina Bettina', '1.1.1972.', 'p');
insert into CandidatesData (idno) VALUES (5152);
insert into PartyMembership (pid, idno) VALUES (12, 5152);
insert into Candidacy (wkid, idno) VALUES (354, 5152);
insert into Landeslistenplatz (llid, idno, position) VALUES (188, 5152, 2);
insert into Citizen (idno, title, firstname, lastname, dateofbirth, gender) VALUES (5153, '', 'Hornung', 'Fritz-Walter', '1.1.1957.', 'p');
insert into CandidatesData (idno) VALUES (5153);
insert into PartyMembership (pid, idno) VALUES (3, 5153);
insert into Candidacy (wkid, idno) VALUES (480, 5153);
insert into Landeslistenplatz (llid, idno, position) VALUES (43, 5153, 14);
insert into Citizen (idno, title, firstname, lastname, dateofbirth, gender) VALUES (5154, '', 'Horst', 'Alfred Hermann', '1.1.1952.', 'p');
insert into CandidatesData (idno) VALUES (5154);
insert into PartyMembership (pid, idno) VALUES (1, 5154);
insert into Candidacy (wkid, idno) VALUES (470, 5154);
insert into Citizen (idno, title, firstname, lastname, dateofbirth, gender) VALUES (5155, '', 'Horst', 'Timo', '1.1.1979.', 'p');
insert into CandidatesData (idno) VALUES (5155);
insert into PartyMembership (pid, idno) VALUES (2, 5155);
insert into Landeslistenplatz (llid, idno, position) VALUES (71, 5155, 25);
insert into Citizen (idno, title, firstname, lastname, dateofbirth, gender) VALUES (5156, '', 'Hotter', 'Lucas', '1.1.1989.', 'p');
insert into CandidatesData (idno) VALUES (5156);
insert into PartyMembership (pid, idno) VALUES (15, 5156);
insert into Landeslistenplatz (llid, idno, position) VALUES (55, 5156, 22);
insert into Citizen (idno, title, firstname, lastname, dateofbirth, gender) VALUES (5157, '', 'Huber', 'Karl-Heinz (Charles M.)', '1.1.1956.', 'p');
insert into CandidatesData (idno) VALUES (5157);
insert into PartyMembership (pid, idno) VALUES (12, 5157);
insert into Candidacy (wkid, idno) VALUES (485, 5157);
insert into Landeslistenplatz (llid, idno, position) VALUES (88, 5157, 19);
insert into Citizen (idno, title, firstname, lastname, dateofbirth, gender) VALUES (5158, '', 'Huber', 'Martin', '1.1.1960.', 'p');
insert into CandidatesData (idno) VALUES (5158);
insert into PartyMembership (pid, idno) VALUES (19, 5158);
insert into Landeslistenplatz (llid, idno, position) VALUES (40, 5158, 18);
insert into Citizen (idno, title, firstname, lastname, dateofbirth, gender) VALUES (5159, '', 'Huber', 'Wilfried', '1.1.1954.', 'p');
insert into CandidatesData (idno) VALUES (5159);
insert into PartyMembership (pid, idno) VALUES (4, 5159);
insert into Candidacy (wkid, idno) VALUES (569, 5159);
insert into Landeslistenplatz (llid, idno, position) VALUES (51, 5159, 26);
insert into Citizen (idno, title, firstname, lastname, dateofbirth, gender) VALUES (5160, '', 'Hubig', 'Ute', '1.1.1947.', 'p');
insert into CandidatesData (idno) VALUES (5160);
insert into PartyMembership (pid, idno) VALUES (12, 5160);
insert into Landeslistenplatz (llid, idno, position) VALUES (53, 5160, 11);
insert into Citizen (idno, title, firstname, lastname, dateofbirth, gender) VALUES (5161, '', 'Hudyma', 'Christine-Maria', '1.1.1961.', 'p');
insert into CandidatesData (idno) VALUES (5161);
insert into PartyMembership (pid, idno) VALUES (32, 5161);
insert into Candidacy (wkid, idno) VALUES (392, 5161);
insert into Citizen (idno, title, firstname, lastname, dateofbirth, gender) VALUES (5162, '', 'Hübener', 'Thomas', '1.1.1974.', 'p');
insert into CandidatesData (idno) VALUES (5162);
insert into PartyMembership (pid, idno) VALUES (1, 5162);
insert into Candidacy (wkid, idno) VALUES (380, 5162);
insert into LandesListe (llid, year, pid, fsid) VALUES (246, 2013, 1, 1);
insert into Landeslistenplatz (llid, idno, position) VALUES (246, 5162, 8);
insert into Citizen (idno, title, firstname, lastname, dateofbirth, gender) VALUES (5163, '', 'Hübinger', 'Anette', '1.1.1955.', 'p');
insert into CandidatesData (idno) VALUES (5163);
insert into PartyMembership (pid, idno) VALUES (12, 5163);
insert into Candidacy (wkid, idno) VALUES (595, 5163);
insert into Landeslistenplatz (llid, idno, position) VALUES (53, 5163, 3);
insert into Citizen (idno, title, firstname, lastname, dateofbirth, gender) VALUES (5164, '', 'Hübner', 'Thomas', '1.1.1971.', 'p');
insert into CandidatesData (idno) VALUES (5164);
insert into PartyMembership (pid, idno) VALUES (7, 5164);
insert into Landeslistenplatz (llid, idno, position) VALUES (175, 5164, 8);
insert into Citizen (idno, title, firstname, lastname, dateofbirth, gender) VALUES (5165, '', 'Hüfner', 'Florian', '1.1.1987.', 'p');
insert into CandidatesData (idno) VALUES (5165);
insert into PartyMembership (pid, idno) VALUES (2, 5165);
insert into Candidacy (wkid, idno) VALUES (372, 5165);
insert into Landeslistenplatz (llid, idno, position) VALUES (161, 5165, 9);
insert into Citizen (idno, title, firstname, lastname, dateofbirth, gender) VALUES (5166, '', 'Hühnlein', 'Johannes', '1.1.1984.', 'p');
insert into CandidatesData (idno) VALUES (5166);
insert into PartyMembership (pid, idno) VALUES (1, 5166);
insert into Candidacy (wkid, idno) VALUES (539, 5166);
insert into Landeslistenplatz (llid, idno, position) VALUES (216, 5166, 9);
insert into Citizen (idno, title, firstname, lastname, dateofbirth, gender) VALUES (5167, '', 'Hülfemann', 'Hartmut', '1.1.1941.', 'p');
insert into CandidatesData (idno) VALUES (5167);
insert into PartyMembership (pid, idno) VALUES (32, 5167);
insert into Landeslistenplatz (llid, idno, position) VALUES (143, 5167, 13);
insert into Citizen (idno, title, firstname, lastname, dateofbirth, gender) VALUES (5168, '', 'Huemer', 'Robert', '1.1.1967.', 'p');
insert into CandidatesData (idno) VALUES (5168);
insert into PartyMembership (pid, idno) VALUES (36, 5168);
insert into Landeslistenplatz (llid, idno, position) VALUES (121, 5168, 14);
insert into Citizen (idno, title, firstname, lastname, dateofbirth, gender) VALUES (5169, '', 'Hüppe', 'Hubert Wilhelm', '1.1.1956.', 'p');
insert into CandidatesData (idno) VALUES (5169);
insert into PartyMembership (pid, idno) VALUES (12, 5169);
insert into Candidacy (wkid, idno) VALUES (443, 5169);
insert into Landeslistenplatz (llid, idno, position) VALUES (136, 5169, 19);
insert into Citizen (idno, title, firstname, lastname, dateofbirth, gender) VALUES (5170, '', 'Huff', 'Manuel', '1.1.1984.', 'p');
insert into CandidatesData (idno) VALUES (5170);
insert into PartyMembership (pid, idno) VALUES (3, 5170);
insert into Candidacy (wkid, idno) VALUES (449, 5170);
insert into Citizen (idno, title, firstname, lastname, dateofbirth, gender) VALUES (5171, '', 'Hufgard', 'Christian', '1.1.1979.', 'p');
insert into CandidatesData (idno) VALUES (5171);
insert into PartyMembership (pid, idno) VALUES (7, 5171);
insert into Candidacy (wkid, idno) VALUES (483, 5171);
insert into Citizen (idno, title, firstname, lastname, dateofbirth, gender) VALUES (5172, '', 'Huger', 'Mark Daniel', '1.1.1983.', 'p');
insert into CandidatesData (idno) VALUES (5172);
insert into PartyMembership (pid, idno) VALUES (7, 5172);
insert into Landeslistenplatz (llid, idno, position) VALUES (72, 5172, 9);
insert into Citizen (idno, title, firstname, lastname, dateofbirth, gender) VALUES (5173, '', 'Hugo von', 'Merlyn Meikel Moritz Manfred', '1.1.1991.', 'p');
insert into CandidatesData (idno) VALUES (5173);
insert into PartyMembership (pid, idno) VALUES (36, 5173);
insert into Candidacy (wkid, idno) VALUES (493, 5173);
insert into Citizen (idno, title, firstname, lastname, dateofbirth, gender) VALUES (5174, '', 'Huhn', 'Claus', '1.1.1956.', 'p');
insert into CandidatesData (idno) VALUES (5174);
insert into PartyMembership (pid, idno) VALUES (32, 5174);
insert into Landeslistenplatz (llid, idno, position) VALUES (245, 5174, 4);
insert into Citizen (idno, title, firstname, lastname, dateofbirth, gender) VALUES (5175, '', 'Human', 'Karl-Justus', '1.1.1969.', 'p');
insert into CandidatesData (idno) VALUES (5175);
insert into Candidacy (wkid, idno) VALUES (534, 5175);
insert into Citizen (idno, title, firstname, lastname, dateofbirth, gender) VALUES (5176, '', 'Hummel', 'Frank Detlef', '1.1.1960.', 'p');
insert into CandidatesData (idno) VALUES (5176);
insert into PartyMembership (pid, idno) VALUES (37, 5176);
insert into Landeslistenplatz (llid, idno, position) VALUES (60, 5176, 2);
insert into Citizen (idno, title, firstname, lastname, dateofbirth, gender) VALUES (5177, '', 'Hummel', 'Melanie', '1.1.1984.', 'p');
insert into CandidatesData (idno) VALUES (5177);
insert into PartyMembership (pid, idno) VALUES (15, 5177);
insert into Landeslistenplatz (llid, idno, position) VALUES (55, 5177, 21);
insert into Citizen (idno, title, firstname, lastname, dateofbirth, gender) VALUES (5178, '', 'Hummel', 'Rebecca', '1.1.1983.', 'p');
insert into CandidatesData (idno) VALUES (5178);
insert into PartyMembership (pid, idno) VALUES (2, 5178);
insert into Candidacy (wkid, idno) VALUES (588, 5178);
insert into Landeslistenplatz (llid, idno, position) VALUES (76, 5178, 26);
insert into Citizen (idno, title, firstname, lastname, dateofbirth, gender) VALUES (5179, '', 'Humml', 'Stephan Udo', '1.1.1976.', 'p');
insert into CandidatesData (idno) VALUES (5179);
insert into PartyMembership (pid, idno) VALUES (35, 5179);
insert into Landeslistenplatz (llid, idno, position) VALUES (57, 5179, 17);
insert into Citizen (idno, title, firstname, lastname, dateofbirth, gender) VALUES (5180, '', 'Hundeiker', 'Ulf Henning', '1.1.1972.', 'p');
insert into CandidatesData (idno) VALUES (5180);
insert into PartyMembership (pid, idno) VALUES (31, 5180);
insert into Landeslistenplatz (llid, idno, position) VALUES (123, 5180, 51);
insert into Citizen (idno, title, firstname, lastname, dateofbirth, gender) VALUES (5181, '', 'Hundeshagen', 'Birgitta Maria Klara', '1.1.1953.', 'p');
insert into CandidatesData (idno) VALUES (5181);
insert into PartyMembership (pid, idno) VALUES (12, 5181);
insert into Landeslistenplatz (llid, idno, position) VALUES (44, 5181, 32);
insert into Citizen (idno, title, firstname, lastname, dateofbirth, gender) VALUES (5182, '', 'Hunko', 'Andrej Konstantin', '1.1.1963.', 'p');
insert into CandidatesData (idno) VALUES (5182);
insert into PartyMembership (pid, idno) VALUES (3, 5182);
insert into Candidacy (wkid, idno) VALUES (386, 5182);
insert into Landeslistenplatz (llid, idno, position) VALUES (95, 5182, 4);
insert into Citizen (idno, title, firstname, lastname, dateofbirth, gender) VALUES (5183, '', 'Huonker', 'Birgit', '1.1.1961.', 'p');
insert into CandidatesData (idno) VALUES (5183);
insert into PartyMembership (pid, idno) VALUES (3, 5183);
insert into Landeslistenplatz (llid, idno, position) VALUES (242, 5183, 3);
insert into Citizen (idno, title, firstname, lastname, dateofbirth, gender) VALUES (5184, '', 'Hupach', 'Sigrid', '1.1.1968.', 'p');
insert into CandidatesData (idno) VALUES (5184);
insert into PartyMembership (pid, idno) VALUES (3, 5184);
insert into Candidacy (wkid, idno) VALUES (488, 5184);
insert into Landeslistenplatz (llid, idno, position) VALUES (79, 5184, 5);
insert into Citizen (idno, title, firstname, lastname, dateofbirth, gender) VALUES (5185, '', 'Husen', 'Katja', '1.1.1976.', 'p');
insert into CandidatesData (idno) VALUES (5185);
insert into PartyMembership (pid, idno) VALUES (5, 5185);
insert into Candidacy (wkid, idno) VALUES (321, 5185);
insert into Landeslistenplatz (llid, idno, position) VALUES (146, 5185, 7);
insert into Citizen (idno, title, firstname, lastname, dateofbirth, gender) VALUES (5186, '', 'Huth', 'Patrick', '1.1.1978.', 'p');
insert into CandidatesData (idno) VALUES (5186);
insert into PartyMembership (pid, idno) VALUES (1, 5186);
insert into Candidacy (wkid, idno) VALUES (475, 5186);
insert into Citizen (idno, title, firstname, lastname, dateofbirth, gender) VALUES (5187, '', 'Igelmann', 'Richard', '1.1.1977.', 'p');
insert into CandidatesData (idno) VALUES (5187);
insert into PartyMembership (pid, idno) VALUES (37, 5187);
insert into Landeslistenplatz (llid, idno, position) VALUES (157, 5187, 3);
insert into Citizen (idno, title, firstname, lastname, dateofbirth, gender) VALUES (5188, '', 'Ihle', 'Volkmar', '1.1.1952.', 'p');
insert into CandidatesData (idno) VALUES (5188);
insert into PartyMembership (pid, idno) VALUES (5, 5188);
insert into Landeslistenplatz (llid, idno, position) VALUES (185, 5188, 13);
insert into Citizen (idno, title, firstname, lastname, dateofbirth, gender) VALUES (5189, '', 'Ilgen', 'Matthias', '1.1.1983.', 'p');
insert into CandidatesData (idno) VALUES (5189);
insert into PartyMembership (pid, idno) VALUES (2, 5189);
insert into Candidacy (wkid, idno) VALUES (301, 5189);
insert into Landeslistenplatz (llid, idno, position) VALUES (103, 5189, 9);
insert into Citizen (idno, title, firstname, lastname, dateofbirth, gender) VALUES (5190, '', 'Ilius', 'Klaus-Dieter', '1.1.1948.', 'p');
insert into CandidatesData (idno) VALUES (5190);
insert into PartyMembership (pid, idno) VALUES (13, 5190);
insert into Landeslistenplatz (llid, idno, position) VALUES (226, 5190, 5);
insert into Citizen (idno, title, firstname, lastname, dateofbirth, gender) VALUES (5191, '', 'Ilius', 'Petra', '1.1.1950.', 'p');
insert into CandidatesData (idno) VALUES (5191);
insert into PartyMembership (pid, idno) VALUES (13, 5191);
insert into Candidacy (wkid, idno) VALUES (383, 5191);
insert into Landeslistenplatz (llid, idno, position) VALUES (226, 5191, 2);
insert into Citizen (idno, title, firstname, lastname, dateofbirth, gender) VALUES (5192, '', 'Ilsanker', 'Josef', '1.1.1975.', 'p');
insert into CandidatesData (idno) VALUES (5192);
insert into PartyMembership (pid, idno) VALUES (3, 5192);
insert into Candidacy (wkid, idno) VALUES (528, 5192);
insert into Citizen (idno, title, firstname, lastname, dateofbirth, gender) VALUES (5193, '', 'Imamura', 'Alan Daniel', '1.1.1973.', 'p');
insert into CandidatesData (idno) VALUES (5193);
insert into PartyMembership (pid, idno) VALUES (33, 5193);
insert into Candidacy (wkid, idno) VALUES (415, 5193);
insert into Landeslistenplatz (llid, idno, position) VALUES (80, 5193, 26);
insert into Citizen (idno, title, firstname, lastname, dateofbirth, gender) VALUES (5194, '', 'Imken', 'Sonja', '1.1.1967.', 'p');
insert into CandidatesData (idno) VALUES (5194);
insert into PartyMembership (pid, idno) VALUES (5, 5194);
insert into Landeslistenplatz (llid, idno, position) VALUES (176, 5194, 8);
insert into Citizen (idno, title, firstname, lastname, dateofbirth, gender) VALUES (5195, '', 'Imre', 'Güney', '1.1.1990.', 'p');
insert into CandidatesData (idno) VALUES (5195);
insert into PartyMembership (pid, idno) VALUES (32, 5195);
insert into Candidacy (wkid, idno) VALUES (377, 5195);
insert into Citizen (idno, title, firstname, lastname, dateofbirth, gender) VALUES (5196, '', 'Insinger', 'Monika', '1.1.1956.', 'p');
insert into CandidatesData (idno) VALUES (5196);
insert into PartyMembership (pid, idno) VALUES (12, 5196);
insert into Landeslistenplatz (llid, idno, position) VALUES (44, 5196, 34);
insert into Citizen (idno, title, firstname, lastname, dateofbirth, gender) VALUES (5197, '', 'Ipach', 'Frank', '1.1.1962.', 'p');
insert into CandidatesData (idno) VALUES (5197);
insert into PartyMembership (pid, idno) VALUES (1, 5197);
insert into Candidacy (wkid, idno) VALUES (398, 5197);
insert into Citizen (idno, title, firstname, lastname, dateofbirth, gender) VALUES (5198, '', 'Irion', 'Jörg Joachim', '1.1.1939.', 'p');
insert into CandidatesData (idno) VALUES (5198);
insert into PartyMembership (pid, idno) VALUES (13, 5198);
insert into Landeslistenplatz (llid, idno, position) VALUES (189, 5198, 4);
insert into Citizen (idno, title, firstname, lastname, dateofbirth, gender) VALUES (5199, '', 'Irlstorfer', 'Erich', '1.1.1970.', 'p');
insert into CandidatesData (idno) VALUES (5199);
insert into PartyMembership (pid, idno) VALUES (9, 5199);
insert into Candidacy (wkid, idno) VALUES (514, 5199);
insert into Citizen (idno, title, firstname, lastname, dateofbirth, gender) VALUES (5200, '', 'Isberner', 'Daniel Andreas', '1.1.1985.', 'p');
insert into CandidatesData (idno) VALUES (5200);
insert into PartyMembership (pid, idno) VALUES (7, 5200);
insert into Landeslistenplatz (llid, idno, position) VALUES (72, 5200, 27);
insert into Citizen (idno, title, firstname, lastname, dateofbirth, gender) VALUES (5201, '', 'Iseke', 'Thomas', '1.1.1963.', 'p');
insert into CandidatesData (idno) VALUES (5201);
insert into PartyMembership (pid, idno) VALUES (4, 5201);
insert into Candidacy (wkid, idno) VALUES (340, 5201);
insert into Landeslistenplatz (llid, idno, position) VALUES (127, 5201, 8);
insert into Citizen (idno, title, firstname, lastname, dateofbirth, gender) VALUES (5202, '', 'Jacken', 'Christian Alexander Eugen Johannes', '1.1.1977.', 'p');
insert into CandidatesData (idno) VALUES (5202);
insert into PartyMembership (pid, idno) VALUES (33, 5202);
insert into Candidacy (wkid, idno) VALUES (385, 5202);
insert into Citizen (idno, title, firstname, lastname, dateofbirth, gender) VALUES (5203, '', 'Jacob', 'Andreas', '1.1.1976.', 'p');
insert into CandidatesData (idno) VALUES (5203);
insert into PartyMembership (pid, idno) VALUES (7, 5203);
insert into Candidacy (wkid, idno) VALUES (489, 5203);
insert into Landeslistenplatz (llid, idno, position) VALUES (45, 5203, 6);
insert into Citizen (idno, title, firstname, lastname, dateofbirth, gender) VALUES (5204, '', 'Jacob-Reisinger', 'Ursula', '1.1.1957.', 'p');
insert into CandidatesData (idno) VALUES (5204);
insert into PartyMembership (pid, idno) VALUES (3, 5204);
insert into Candidacy (wkid, idno) VALUES (435, 5204);
insert into Citizen (idno, title, firstname, lastname, dateofbirth, gender) VALUES (5205, 'Dr. ', 'Jacobitz', 'Klaus', '1.1.1937.', 'p');
insert into CandidatesData (idno) VALUES (5205);
insert into PartyMembership (pid, idno) VALUES (15, 5205);
insert into Candidacy (wkid, idno) VALUES (525, 5205);
insert into Citizen (idno, title, firstname, lastname, dateofbirth, gender) VALUES (5206, '', 'Jacobsen', 'Telse', '1.1.1954.', 'p');
insert into CandidatesData (idno) VALUES (5206);
insert into PartyMembership (pid, idno) VALUES (12, 5206);
insert into Landeslistenplatz (llid, idno, position) VALUES (159, 5206, 26);
insert into Citizen (idno, title, firstname, lastname, dateofbirth, gender) VALUES (5207, '', 'Jacobson', 'Sten', '1.1.1978.', 'p');
insert into CandidatesData (idno) VALUES (5207);
insert into PartyMembership (pid, idno) VALUES (5, 5207);
insert into Candidacy (wkid, idno) VALUES (455, 5207);
insert into Landeslistenplatz (llid, idno, position) VALUES (185, 5207, 6);
insert into Citizen (idno, title, firstname, lastname, dateofbirth, gender) VALUES (5208, '', 'Jäckel', 'Lutz', '1.1.1956.', 'p');
insert into CandidatesData (idno) VALUES (5208);
insert into PartyMembership (pid, idno) VALUES (4, 5208);
insert into Candidacy (wkid, idno) VALUES (572, 5208);
insert into Landeslistenplatz (llid, idno, position) VALUES (51, 5208, 32);
insert into Citizen (idno, title, firstname, lastname, dateofbirth, gender) VALUES (5209, '', 'Jäckel', 'Markus', '1.1.1965.', 'p');
insert into CandidatesData (idno) VALUES (5209);
insert into PartyMembership (pid, idno) VALUES (33, 5209);
insert into Candidacy (wkid, idno) VALUES (435, 5209);
insert into Citizen (idno, title, firstname, lastname, dateofbirth, gender) VALUES (5210, '', 'Jäger', 'Alexander', '1.1.1986.', 'p');
insert into CandidatesData (idno) VALUES (5210);
insert into PartyMembership (pid, idno) VALUES (7, 5210);
insert into Candidacy (wkid, idno) VALUES (433, 5210);
insert into Citizen (idno, title, firstname, lastname, dateofbirth, gender) VALUES (5211, '', 'Jäger', 'Benjamin', '1.1.1988.', 'p');
insert into CandidatesData (idno) VALUES (5211);
insert into PartyMembership (pid, idno) VALUES (36, 5211);
insert into Landeslistenplatz (llid, idno, position) VALUES (84, 5211, 3);
insert into Citizen (idno, title, firstname, lastname, dateofbirth, gender) VALUES (5212, '', 'Jäger', 'Edmond', '1.1.1982.', 'p');
insert into CandidatesData (idno) VALUES (5212);
insert into PartyMembership (pid, idno) VALUES (3, 5212);
insert into Candidacy (wkid, idno) VALUES (584, 5212);
insert into Citizen (idno, title, firstname, lastname, dateofbirth, gender) VALUES (5213, '', 'Jäger', 'Florian', '1.1.1971.', 'p');
insert into CandidatesData (idno) VALUES (5213);
insert into PartyMembership (pid, idno) VALUES (33, 5213);
insert into Candidacy (wkid, idno) VALUES (515, 5213);
insert into Landeslistenplatz (llid, idno, position) VALUES (166, 5213, 22);
insert into Citizen (idno, title, firstname, lastname, dateofbirth, gender) VALUES (5214, '', 'Jaeschke', 'Jan', '1.1.1990.', 'p');
insert into CandidatesData (idno) VALUES (5214);
insert into PartyMembership (pid, idno) VALUES (1, 5214);
insert into Candidacy (wkid, idno) VALUES (573, 5214);
insert into Landeslistenplatz (llid, idno, position) VALUES (136, 5214, 4);
insert into Citizen (idno, title, firstname, lastname, dateofbirth, gender) VALUES (5215, '', 'Jagau', 'Karsten Erich Theodor', '1.1.1956.', 'p');
insert into CandidatesData (idno) VALUES (5215);
insert into PartyMembership (pid, idno) VALUES (7, 5215);
insert into Candidacy (wkid, idno) VALUES (311, 5215);
insert into Landeslistenplatz (llid, idno, position) VALUES (109, 5215, 8);
insert into Citizen (idno, title, firstname, lastname, dateofbirth, gender) VALUES (5216, '', 'Jagsch', 'Stefan', '1.1.1986.', 'p');
insert into CandidatesData (idno) VALUES (5216);
insert into PartyMembership (pid, idno) VALUES (1, 5216);
insert into Candidacy (wkid, idno) VALUES (476, 5216);
insert into Citizen (idno, title, firstname, lastname, dateofbirth, gender) VALUES (5217, '', 'Jahn', 'Wiebke', '1.1.1980.', 'p');
insert into CandidatesData (idno) VALUES (5217);
insert into PartyMembership (pid, idno) VALUES (31, 5217);
insert into Landeslistenplatz (llid, idno, position) VALUES (28, 5217, 15);
insert into Citizen (idno, title, firstname, lastname, dateofbirth, gender) VALUES (5218, '', 'Jakobs', 'Hans-Georg', '1.1.1959.', 'p');
insert into CandidatesData (idno) VALUES (5218);
insert into PartyMembership (pid, idno) VALUES (32, 5218);
insert into Landeslistenplatz (llid, idno, position) VALUES (29, 5218, 17);
insert into Citizen (idno, title, firstname, lastname, dateofbirth, gender) VALUES (5219, '', 'Jakobs', 'Heidrun', '1.1.1963.', 'p');
insert into CandidatesData (idno) VALUES (5219);
insert into PartyMembership (pid, idno) VALUES (33, 5219);
insert into Landeslistenplatz (llid, idno, position) VALUES (63, 5219, 3);
insert into Citizen (idno, title, firstname, lastname, dateofbirth, gender) VALUES (5220, '', 'Jalboot', 'Mahmoud', '1.1.1954.', 'p');
insert into CandidatesData (idno) VALUES (5220);
insert into PartyMembership (pid, idno) VALUES (13, 5220);
insert into Landeslistenplatz (llid, idno, position) VALUES (227, 5220, 6);
insert into Citizen (idno, title, firstname, lastname, dateofbirth, gender) VALUES (5221, '', 'Jalowy', 'Roland', '1.1.1969.', 'p');
insert into CandidatesData (idno) VALUES (5221);
insert into PartyMembership (pid, idno) VALUES (37, 5221);
insert into Landeslistenplatz (llid, idno, position) VALUES (137, 5221, 4);
insert into Citizen (idno, title, firstname, lastname, dateofbirth, gender) VALUES (5222, '', 'Janecek', 'Dieter', '1.1.1976.', 'p');
insert into CandidatesData (idno) VALUES (5222);
insert into PartyMembership (pid, idno) VALUES (5, 5222);
insert into Candidacy (wkid, idno) VALUES (520, 5222);
insert into Landeslistenplatz (llid, idno, position) VALUES (65, 5222, 4);
insert into Citizen (idno, title, firstname, lastname, dateofbirth, gender) VALUES (5223, '', 'Janich', 'Oliver Markus Raoul', '1.1.1969.', 'p');
insert into CandidatesData (idno) VALUES (5223);
insert into PartyMembership (pid, idno) VALUES (35, 5223);
insert into Landeslistenplatz (llid, idno, position) VALUES (57, 5223, 1);
insert into Citizen (idno, title, firstname, lastname, dateofbirth, gender) VALUES (5224, '', 'Jansen', 'Alfred', '1.1.1969.', 'p');
insert into CandidatesData (idno) VALUES (5224);
insert into PartyMembership (pid, idno) VALUES (31, 5224);
insert into Landeslistenplatz (llid, idno, position) VALUES (123, 5224, 23);
insert into Citizen (idno, title, firstname, lastname, dateofbirth, gender) VALUES (5225, '', 'Jansen', 'Antje', '1.1.1950.', 'p');
insert into CandidatesData (idno) VALUES (5225);
insert into PartyMembership (pid, idno) VALUES (3, 5225);
insert into Landeslistenplatz (llid, idno, position) VALUES (36, 5225, 5);
insert into Citizen (idno, title, firstname, lastname, dateofbirth, gender) VALUES (5226, '', 'Jansen', 'Franz', '1.1.1935.', 'p');
insert into CandidatesData (idno) VALUES (5226);
insert into Candidacy (wkid, idno) VALUES (501, 5226);
insert into Citizen (idno, title, firstname, lastname, dateofbirth, gender) VALUES (5227, '', 'Jansen', 'Frederik', '1.1.1983.', 'p');
insert into CandidatesData (idno) VALUES (5227);
insert into PartyMembership (pid, idno) VALUES (31, 5227);
insert into Landeslistenplatz (llid, idno, position) VALUES (123, 5227, 28);
insert into Citizen (idno, title, firstname, lastname, dateofbirth, gender) VALUES (5228, '', 'Jansen', 'Richard Jörg', '1.1.1965.', 'p');
insert into CandidatesData (idno) VALUES (5228);
insert into PartyMembership (pid, idno) VALUES (31, 5228);
insert into Candidacy (wkid, idno) VALUES (413, 5228);
insert into Landeslistenplatz (llid, idno, position) VALUES (123, 5228, 21);
insert into Citizen (idno, title, firstname, lastname, dateofbirth, gender) VALUES (5229, 'Dr. ', 'Janson', 'Gerd', '1.1.1961.', 'p');
insert into CandidatesData (idno) VALUES (5229);
insert into PartyMembership (pid, idno) VALUES (4, 5229);
insert into Landeslistenplatz (llid, idno, position) VALUES (120, 5229, 20);
insert into Citizen (idno, title, firstname, lastname, dateofbirth, gender) VALUES (5230, '', 'Janßen', 'Marco', '1.1.1973.', 'p');
insert into CandidatesData (idno) VALUES (5230);
insert into PartyMembership (pid, idno) VALUES (17, 5230);
insert into Landeslistenplatz (llid, idno, position) VALUES (128, 5230, 9);
insert into Citizen (idno, title, firstname, lastname, dateofbirth, gender) VALUES (5231, '', 'Jante', 'Martin', '1.1.1983.', 'p');
insert into CandidatesData (idno) VALUES (5231);
insert into PartyMembership (pid, idno) VALUES (35, 5231);
insert into Landeslistenplatz (llid, idno, position) VALUES (66, 5231, 7);
insert into Citizen (idno, title, firstname, lastname, dateofbirth, gender) VALUES (5232, '', 'Jantz', 'Christina', '1.1.1978.', 'p');
insert into CandidatesData (idno) VALUES (5232);
insert into PartyMembership (pid, idno) VALUES (2, 5232);
insert into Candidacy (wkid, idno) VALUES (333, 5232);
insert into Landeslistenplatz (llid, idno, position) VALUES (69, 5232, 16);
insert into Citizen (idno, title, firstname, lastname, dateofbirth, gender) VALUES (5233, '', 'Janus', 'Richard Johannes', '1.1.1970.', 'p');
insert into CandidatesData (idno) VALUES (5233);
insert into PartyMembership (pid, idno) VALUES (5, 5233);
insert into Landeslistenplatz (llid, idno, position) VALUES (83, 5233, 34);
insert into Citizen (idno, title, firstname, lastname, dateofbirth, gender) VALUES (5234, '', 'Janz', 'Sven-Oliver', '1.1.1964.', 'p');
insert into CandidatesData (idno) VALUES (5234);
insert into PartyMembership (pid, idno) VALUES (31, 5234);
insert into Landeslistenplatz (llid, idno, position) VALUES (123, 5234, 8);
insert into Citizen (idno, title, firstname, lastname, dateofbirth, gender) VALUES (5235, '', 'Jaroslawsky', 'Nikolaus', '1.1.1960.', 'p');
insert into CandidatesData (idno) VALUES (5235);
insert into PartyMembership (pid, idno) VALUES (7, 5235);
insert into Candidacy (wkid, idno) VALUES (519, 5235);
insert into Landeslistenplatz (llid, idno, position) VALUES (72, 5235, 15);
insert into Citizen (idno, title, firstname, lastname, dateofbirth, gender) VALUES (5236, '', 'Jarzombek', 'Thomas', '1.1.1973.', 'p');
insert into CandidatesData (idno) VALUES (5236);
insert into PartyMembership (pid, idno) VALUES (12, 5236);
insert into Candidacy (wkid, idno) VALUES (405, 5236);
insert into Landeslistenplatz (llid, idno, position) VALUES (136, 5236, 35);
insert into Citizen (idno, title, firstname, lastname, dateofbirth, gender) VALUES (5237, '', 'Jaschkowski', 'Erich', '1.1.1952.', 'p');
insert into CandidatesData (idno) VALUES (5237);
insert into Candidacy (wkid, idno) VALUES (372, 5237);
insert into Citizen (idno, title, firstname, lastname, dateofbirth, gender) VALUES (5238, '', 'Jaser', 'Dietrich', '1.1.1961.', 'p');
insert into CandidatesData (idno) VALUES (5238);
insert into PartyMembership (pid, idno) VALUES (33, 5238);
insert into Candidacy (wkid, idno) VALUES (554, 5238);
insert into Citizen (idno, title, firstname, lastname, dateofbirth, gender) VALUES (5239, '', 'Jasinski', 'Romuald', '1.1.1952.', 'p');
insert into CandidatesData (idno) VALUES (5239);
insert into Candidacy (wkid, idno) VALUES (317, 5239);
insert into Citizen (idno, title, firstname, lastname, dateofbirth, gender) VALUES (5240, '', 'Jehle', 'Jochen', '1.1.1968.', 'p');
insert into CandidatesData (idno) VALUES (5240);
insert into PartyMembership (pid, idno) VALUES (2, 5240);
insert into Candidacy (wkid, idno) VALUES (592, 5240);
insert into Landeslistenplatz (llid, idno, position) VALUES (76, 5240, 37);
insert into Citizen (idno, title, firstname, lastname, dateofbirth, gender) VALUES (5241, '', 'Jelpke', 'Ursula', '1.1.1951.', 'p');
insert into CandidatesData (idno) VALUES (5241);
insert into PartyMembership (pid, idno) VALUES (3, 5241);
insert into Candidacy (wkid, idno) VALUES (441, 5241);
insert into Landeslistenplatz (llid, idno, position) VALUES (95, 5241, 3);
insert into Citizen (idno, title, firstname, lastname, dateofbirth, gender) VALUES (5242, '', 'Jenne', 'Helmut', '1.1.1962.', 'p');
insert into CandidatesData (idno) VALUES (5242);
insert into PartyMembership (pid, idno) VALUES (36, 5242);
insert into Candidacy (wkid, idno) VALUES (523, 5242);
insert into Citizen (idno, title, firstname, lastname, dateofbirth, gender) VALUES (5243, '', 'Jens', 'Karina Annemarie', '1.1.1958.', 'p');
insert into CandidatesData (idno) VALUES (5243);
insert into PartyMembership (pid, idno) VALUES (12, 5243);
insert into Landeslistenplatz (llid, idno, position) VALUES (191, 5243, 10);
insert into Citizen (idno, title, firstname, lastname, dateofbirth, gender) VALUES (5244, '', 'Jenssen', 'Jens', '1.1.1979.', 'p');
insert into CandidatesData (idno) VALUES (5244);
insert into PartyMembership (pid, idno) VALUES (2, 5244);
insert into Candidacy (wkid, idno) VALUES (502, 5244);
insert into Landeslistenplatz (llid, idno, position) VALUES (71, 5244, 14);
insert into Citizen (idno, title, firstname, lastname, dateofbirth, gender) VALUES (5245, '', 'Jepsen', 'Thomas', '1.1.1973.', 'p');
insert into CandidatesData (idno) VALUES (5245);
insert into PartyMembership (pid, idno) VALUES (12, 5245);
insert into Landeslistenplatz (llid, idno, position) VALUES (159, 5245, 13);
insert into Citizen (idno, title, firstname, lastname, dateofbirth, gender) VALUES (5246, '', 'Jesinghausen', 'Elke', '1.1.1955.', 'p');
insert into CandidatesData (idno) VALUES (5246);
insert into PartyMembership (pid, idno) VALUES (12, 5246);
insert into Landeslistenplatz (llid, idno, position) VALUES (88, 5246, 29);
insert into Citizen (idno, title, firstname, lastname, dateofbirth, gender) VALUES (5247, '', 'Jeske', 'Thomas', '1.1.1972.', 'p');
insert into CandidatesData (idno) VALUES (5247);
insert into PartyMembership (pid, idno) VALUES (31, 5247);
insert into Landeslistenplatz (llid, idno, position) VALUES (28, 5247, 18);
insert into Citizen (idno, title, firstname, lastname, dateofbirth, gender) VALUES (5248, '', 'Jess', 'Gunter Harald Wilfried', '1.1.1951.', 'p');
insert into CandidatesData (idno) VALUES (5248);
insert into PartyMembership (pid, idno) VALUES (33, 5248);
insert into Landeslistenplatz (llid, idno, position) VALUES (229, 5248, 6);
insert into Citizen (idno, title, firstname, lastname, dateofbirth, gender) VALUES (5249, '', 'Jeßberger', 'Kurt', '1.1.1951.', 'p');
insert into CandidatesData (idno) VALUES (5249);
insert into PartyMembership (pid, idno) VALUES (32, 5249);
insert into Candidacy (wkid, idno) VALUES (422, 5249);
insert into Landeslistenplatz (llid, idno, position) VALUES (143, 5249, 11);
insert into Citizen (idno, title, firstname, lastname, dateofbirth, gender) VALUES (5250, '', 'Jezewski', 'Heinz-Werner', '1.1.1958.', 'p');
insert into CandidatesData (idno) VALUES (5250);
insert into PartyMembership (pid, idno) VALUES (3, 5250);
insert into Candidacy (wkid, idno) VALUES (300, 5250);
insert into Citizen (idno, title, firstname, lastname, dateofbirth, gender) VALUES (5251, '', 'Jochum', 'Mathias', '1.1.1981.', 'p');
insert into CandidatesData (idno) VALUES (5251);
insert into PartyMembership (pid, idno) VALUES (12, 5251);
insert into Landeslistenplatz (llid, idno, position) VALUES (53, 5251, 21);
insert into Citizen (idno, title, firstname, lastname, dateofbirth, gender) VALUES (5252, '', 'Jöbkes', 'Bruno', '1.1.1967.', 'p');
insert into CandidatesData (idno) VALUES (5252);
insert into PartyMembership (pid, idno) VALUES (5, 5252);
insert into Candidacy (wkid, idno) VALUES (411, 5252);
insert into Landeslistenplatz (llid, idno, position) VALUES (83, 5252, 20);
insert into Citizen (idno, title, firstname, lastname, dateofbirth, gender) VALUES (5253, '', 'Jöckle', 'Wolfgang', '1.1.1950.', 'p');
insert into CandidatesData (idno) VALUES (5253);
insert into PartyMembership (pid, idno) VALUES (36, 5253);
insert into Landeslistenplatz (llid, idno, position) VALUES (56, 5253, 11);
insert into Citizen (idno, title, firstname, lastname, dateofbirth, gender) VALUES (5254, '', 'Jörns', 'Sven Wolfgang', '1.1.1970.', 'p');
insert into CandidatesData (idno) VALUES (5254);
insert into PartyMembership (pid, idno) VALUES (7, 5254);
insert into Candidacy (wkid, idno) VALUES (308, 5254);
insert into Citizen (idno, title, firstname, lastname, dateofbirth, gender) VALUES (5255, '', 'Jörrißen', 'Sylvia Sabine', '1.1.1967.', 'p');
insert into CandidatesData (idno) VALUES (5255);
insert into PartyMembership (pid, idno) VALUES (12, 5255);
insert into Candidacy (wkid, idno) VALUES (444, 5255);
insert into Landeslistenplatz (llid, idno, position) VALUES (136, 5255, 42);
insert into Citizen (idno, title, firstname, lastname, dateofbirth, gender) VALUES (5256, 'Dr. ', 'Johach', 'Helmut', '1.1.1941.', 'p');
insert into CandidatesData (idno) VALUES (5256);
insert into PartyMembership (pid, idno) VALUES (3, 5256);
insert into Candidacy (wkid, idno) VALUES (545, 5256);
insert into Citizen (idno, title, firstname, lastname, dateofbirth, gender) VALUES (5257, '', 'Johannsen', 'Henry Karl Heinrich', '1.1.1944.', 'p');
insert into CandidatesData (idno) VALUES (5257);
insert into PartyMembership (pid, idno) VALUES (1, 5257);
insert into Candidacy (wkid, idno) VALUES (307, 5257);
insert into Citizen (idno, title, firstname, lastname, dateofbirth, gender) VALUES (5258, '', 'John', 'Franz Siegmar', '1.1.1939.', 'p');
insert into CandidatesData (idno) VALUES (5258);
insert into PartyMembership (pid, idno) VALUES (10, 5258);
insert into Candidacy (wkid, idno) VALUES (456, 5258);
insert into Landeslistenplatz (llid, idno, position) VALUES (177, 5258, 9);
insert into Citizen (idno, title, firstname, lastname, dateofbirth, gender) VALUES (5259, '', 'John', 'Rüdiger', '1.1.1977.', 'p');
insert into CandidatesData (idno) VALUES (5259);
insert into PartyMembership (pid, idno) VALUES (36, 5259);
insert into Candidacy (wkid, idno) VALUES (511, 5259);
insert into Landeslistenplatz (llid, idno, position) VALUES (56, 5259, 7);
insert into Citizen (idno, title, firstname, lastname, dateofbirth, gender) VALUES (5260, '', 'Johnson', 'Sabine', '1.1.1956.', 'p');
insert into CandidatesData (idno) VALUES (5260);
insert into PartyMembership (pid, idno) VALUES (19, 5260);
insert into Landeslistenplatz (llid, idno, position) VALUES (182, 5260, 10);
insert into Citizen (idno, title, firstname, lastname, dateofbirth, gender) VALUES (5261, 'Dr. ', 'Jongen', 'Marc', '1.1.1968.', 'p');
insert into CandidatesData (idno) VALUES (5261);
insert into PartyMembership (pid, idno) VALUES (33, 5261);
insert into Candidacy (wkid, idno) VALUES (570, 5261);
insert into Landeslistenplatz (llid, idno, position) VALUES (140, 5261, 10);
insert into Citizen (idno, title, firstname, lastname, dateofbirth, gender) VALUES (5262, '', 'Jonik', 'Kevin', '1.1.1979.', 'p');
insert into CandidatesData (idno) VALUES (5262);
insert into Candidacy (wkid, idno) VALUES (364, 5262);
insert into Citizen (idno, title, firstname, lastname, dateofbirth, gender) VALUES (5263, '', 'Joosten', 'Arnold', '1.1.1982.', 'p');
insert into CandidatesData (idno) VALUES (5263);
insert into PartyMembership (pid, idno) VALUES (2, 5263);
insert into Landeslistenplatz (llid, idno, position) VALUES (71, 5263, 24);
insert into Citizen (idno, title, firstname, lastname, dateofbirth, gender) VALUES (5264, '', 'Jost', 'Reinhold', '1.1.1966.', 'p');
insert into CandidatesData (idno) VALUES (5264);
insert into PartyMembership (pid, idno) VALUES (2, 5264);
insert into Candidacy (wkid, idno) VALUES (596, 5264);
insert into Landeslistenplatz (llid, idno, position) VALUES (77, 5264, 2);
insert into Citizen (idno, title, firstname, lastname, dateofbirth, gender) VALUES (5265, '', 'Jütten', 'Christiane', '1.1.1971.', 'p');
insert into CandidatesData (idno) VALUES (5265);
insert into PartyMembership (pid, idno) VALUES (1, 5265);
insert into Candidacy (wkid, idno) VALUES (391, 5265);
insert into Citizen (idno, title, firstname, lastname, dateofbirth, gender) VALUES (5266, '', 'Jüttendonk', 'Christian', '1.1.1957.', 'p');
insert into CandidatesData (idno) VALUES (5266);
insert into PartyMembership (pid, idno) VALUES (29, 5266);
insert into Landeslistenplatz (llid, idno, position) VALUES (31, 5266, 27);
insert into Citizen (idno, title, firstname, lastname, dateofbirth, gender) VALUES (5267, 'Dr. ', 'Jüttner', 'Egon', '1.1.1942.', 'p');
insert into CandidatesData (idno) VALUES (5267);
insert into PartyMembership (pid, idno) VALUES (12, 5267);
insert into Candidacy (wkid, idno) VALUES (574, 5267);
insert into Landeslistenplatz (llid, idno, position) VALUES (105, 5267, 12);
insert into Citizen (idno, title, firstname, lastname, dateofbirth, gender) VALUES (5268, '', 'Jung', 'Andreas', '1.1.1975.', 'p');
insert into CandidatesData (idno) VALUES (5268);
insert into PartyMembership (pid, idno) VALUES (12, 5268);
insert into Candidacy (wkid, idno) VALUES (586, 5268);
insert into Citizen (idno, title, firstname, lastname, dateofbirth, gender) VALUES (5269, '', 'Jung', 'Armin', '1.1.1959.', 'p');
insert into CandidatesData (idno) VALUES (5269);
insert into PartyMembership (pid, idno) VALUES (5, 5269);
insert into Candidacy (wkid, idno) VALUES (468, 5269);
insert into Landeslistenplatz (llid, idno, position) VALUES (144, 5269, 18);
insert into Citizen (idno, title, firstname, lastname, dateofbirth, gender) VALUES (5270, 'Dr. ', 'Jung', 'Franz Josef Friedrich', '1.1.1949.', 'p');
insert into CandidatesData (idno) VALUES (5270);
insert into PartyMembership (pid, idno) VALUES (12, 5270);
insert into Candidacy (wkid, idno) VALUES (483, 5270);
insert into Landeslistenplatz (llid, idno, position) VALUES (88, 5270, 1);
insert into Citizen (idno, title, firstname, lastname, dateofbirth, gender) VALUES (5271, 'Dr. ', 'Jung', 'Karsten', '1.1.1977.', 'p');
insert into CandidatesData (idno) VALUES (5271);
insert into PartyMembership (pid, idno) VALUES (4, 5271);
insert into Candidacy (wkid, idno) VALUES (587, 5271);
insert into Landeslistenplatz (llid, idno, position) VALUES (51, 5271, 34);
insert into Citizen (idno, title, firstname, lastname, dateofbirth, gender) VALUES (5272, '', 'Jung', 'Hermann Thomas', '1.1.1957.', 'p');
insert into CandidatesData (idno) VALUES (5272);
insert into PartyMembership (pid, idno) VALUES (33, 5272);
insert into Landeslistenplatz (llid, idno, position) VALUES (156, 5272, 10);
insert into Citizen (idno, title, firstname, lastname, dateofbirth, gender) VALUES (5273, '', 'Jung', 'Norbert', '1.1.1964.', 'p');
insert into CandidatesData (idno) VALUES (5273);
insert into PartyMembership (pid, idno) VALUES (5, 5273);
insert into Candidacy (wkid, idno) VALUES (373, 5273);
insert into Citizen (idno, title, firstname, lastname, dateofbirth, gender) VALUES (5274, '', 'Jung', 'Xaver', '1.1.1962.', 'p');
insert into CandidatesData (idno) VALUES (5274);
insert into PartyMembership (pid, idno) VALUES (12, 5274);
insert into Candidacy (wkid, idno) VALUES (509, 5274);
insert into Landeslistenplatz (llid, idno, position) VALUES (138, 5274, 13);
insert into Citizen (idno, title, firstname, lastname, dateofbirth, gender) VALUES (5275, 'Dr. ', 'Jung-Klein', 'Freia', '1.1.1958.', 'p');
insert into CandidatesData (idno) VALUES (5275);
insert into PartyMembership (pid, idno) VALUES (5, 5275);
insert into Landeslistenplatz (llid, idno, position) VALUES (213, 5275, 9);
insert into Citizen (idno, title, firstname, lastname, dateofbirth, gender) VALUES (5276, '', 'Jungblut', 'Marika', '1.1.1964.', 'p');
insert into CandidatesData (idno) VALUES (5276);
insert into PartyMembership (pid, idno) VALUES (3, 5276);
insert into Candidacy (wkid, idno) VALUES (387, 5276);
insert into Citizen (idno, title, firstname, lastname, dateofbirth, gender) VALUES (5277, '', 'Jungbluth', 'Torsten', '1.1.1967.', 'p');
insert into CandidatesData (idno) VALUES (5277);
insert into PartyMembership (pid, idno) VALUES (33, 5277);
insert into Landeslistenplatz (llid, idno, position) VALUES (80, 5277, 30);
insert into Citizen (idno, title, firstname, lastname, dateofbirth, gender) VALUES (5278, '', 'Jungclaus', 'Michael Peter', '1.1.1964.', 'p');
insert into CandidatesData (idno) VALUES (5278);
insert into PartyMembership (pid, idno) VALUES (5, 5278);
insert into Candidacy (wkid, idno) VALUES (358, 5278);
insert into Citizen (idno, title, firstname, lastname, dateofbirth, gender) VALUES (5279, '', 'Junge', 'Frank Michael', '1.1.1967.', 'p');
insert into CandidatesData (idno) VALUES (5279);
insert into PartyMembership (pid, idno) VALUES (2, 5279);
insert into Candidacy (wkid, idno) VALUES (312, 5279);
insert into Landeslistenplatz (llid, idno, position) VALUES (225, 5279, 2);
insert into Citizen (idno, title, firstname, lastname, dateofbirth, gender) VALUES (5280, '', 'Junker', 'Franziska', '1.1.1963.', 'p');
insert into CandidatesData (idno) VALUES (5280);
insert into PartyMembership (pid, idno) VALUES (3, 5280);
insert into Landeslistenplatz (llid, idno, position) VALUES (130, 5280, 11);
insert into Citizen (idno, title, firstname, lastname, dateofbirth, gender) VALUES (5281, '', 'Juratovic', 'Josip', '1.1.1959.', 'p');
insert into CandidatesData (idno) VALUES (5281);
insert into PartyMembership (pid, idno) VALUES (2, 5281);
insert into Candidacy (wkid, idno) VALUES (566, 5281);
insert into Landeslistenplatz (llid, idno, position) VALUES (76, 5281, 11);
insert into Citizen (idno, title, firstname, lastname, dateofbirth, gender) VALUES (5282, '', 'Juresa', 'Ivica', '1.1.1961.', 'p');
insert into CandidatesData (idno) VALUES (5282);
insert into PartyMembership (pid, idno) VALUES (7, 5282);
insert into Landeslistenplatz (llid, idno, position) VALUES (48, 5282, 27);
insert into Citizen (idno, title, firstname, lastname, dateofbirth, gender) VALUES (5283, '', 'Jurk', 'Thomas Edmund', '1.1.1962.', 'p');
insert into CandidatesData (idno) VALUES (5283);
insert into PartyMembership (pid, idno) VALUES (2, 5283);
insert into Candidacy (wkid, idno) VALUES (456, 5283);
insert into Landeslistenplatz (llid, idno, position) VALUES (153, 5283, 1);
insert into Citizen (idno, title, firstname, lastname, dateofbirth, gender) VALUES (5284, '', 'Jutt', 'Fabian', '1.1.1982.', 'p');
insert into CandidatesData (idno) VALUES (5284);
insert into PartyMembership (pid, idno) VALUES (12, 5284);
insert into Landeslistenplatz (llid, idno, position) VALUES (105, 5284, 32);
insert into Citizen (idno, title, firstname, lastname, dateofbirth, gender) VALUES (5285, '', 'Kachel', 'Thomas', '1.1.1970.', 'p');
insert into CandidatesData (idno) VALUES (5285);
insert into PartyMembership (pid, idno) VALUES (3, 5285);
insert into Landeslistenplatz (llid, idno, position) VALUES (240, 5285, 14);
insert into Citizen (idno, title, firstname, lastname, dateofbirth, gender) VALUES (5286, '', 'Kaczmarek', 'Oliver', '1.1.1970.', 'p');
insert into CandidatesData (idno) VALUES (5286);
insert into PartyMembership (pid, idno) VALUES (2, 5286);
insert into Candidacy (wkid, idno) VALUES (443, 5286);
insert into Landeslistenplatz (llid, idno, position) VALUES (73, 5286, 42);
insert into Citizen (idno, title, firstname, lastname, dateofbirth, gender) VALUES (5287, '', 'Kader', 'Sabine', '1.1.1967.', 'p');
insert into CandidatesData (idno) VALUES (5287);
insert into PartyMembership (pid, idno) VALUES (31, 5287);
insert into Landeslistenplatz (llid, idno, position) VALUES (123, 5287, 9);
insert into Citizen (idno, title, firstname, lastname, dateofbirth, gender) VALUES (5288, '', 'Kämpfer', 'Jens Klaus', '1.1.1972.', 'p');
insert into CandidatesData (idno) VALUES (5288);
insert into PartyMembership (pid, idno) VALUES (5, 5288);
insert into Candidacy (wkid, idno) VALUES (494, 5288);
insert into Citizen (idno, title, firstname, lastname, dateofbirth, gender) VALUES (5289, '', 'Kaenders', 'Gabriele', '1.1.1951.', 'p');
insert into CandidatesData (idno) VALUES (5289);
insert into PartyMembership (pid, idno) VALUES (3, 5289);
insert into Candidacy (wkid, idno) VALUES (413, 5289);
insert into Citizen (idno, title, firstname, lastname, dateofbirth, gender) VALUES (5290, '', 'Käsling', 'Verena', '1.1.1983.', 'p');
insert into CandidatesData (idno) VALUES (5290);
insert into PartyMembership (pid, idno) VALUES (12, 5290);
insert into Landeslistenplatz (llid, idno, position) VALUES (136, 5290, 61);
insert into Citizen (idno, title, firstname, lastname, dateofbirth, gender) VALUES (5291, '', 'Kästner', 'Toni', '1.1.1985.', 'p');
insert into CandidatesData (idno) VALUES (5291);
insert into PartyMembership (pid, idno) VALUES (10, 5291);
insert into Landeslistenplatz (llid, idno, position) VALUES (162, 5291, 10);
insert into Citizen (idno, title, firstname, lastname, dateofbirth, gender) VALUES (5292, '', 'Kahle', 'Sascha', '1.1.1986.', 'p');
insert into CandidatesData (idno) VALUES (5292);
insert into PartyMembership (pid, idno) VALUES (7, 5292);
insert into Candidacy (wkid, idno) VALUES (363, 5292);
insert into Citizen (idno, title, firstname, lastname, dateofbirth, gender) VALUES (5293, '', 'Kahler', 'Adrian', '1.1.1990.', 'p');
insert into CandidatesData (idno) VALUES (5293);
insert into PartyMembership (pid, idno) VALUES (31, 5293);
insert into Landeslistenplatz (llid, idno, position) VALUES (123, 5293, 44);
insert into Citizen (idno, title, firstname, lastname, dateofbirth, gender) VALUES (5294, '', 'Kahler', 'Birgit Angelika', '1.1.1950.', 'p');
insert into CandidatesData (idno) VALUES (5294);
insert into PartyMembership (pid, idno) VALUES (29, 5294);
insert into Landeslistenplatz (llid, idno, position) VALUES (31, 5294, 11);
insert into Citizen (idno, title, firstname, lastname, dateofbirth, gender) VALUES (5295, '', 'Kahraman-Meister', 'Yazgülü', '1.1.1962.', 'p');
insert into CandidatesData (idno) VALUES (5295);
insert into PartyMembership (pid, idno) VALUES (13, 5295);
insert into Landeslistenplatz (llid, idno, position) VALUES (34, 5295, 4);
insert into Citizen (idno, title, firstname, lastname, dateofbirth, gender) VALUES (5296, '', 'Kahrs', 'Johannes', '1.1.1963.', 'p');
insert into CandidatesData (idno) VALUES (5296);
insert into PartyMembership (pid, idno) VALUES (2, 5296);
insert into Candidacy (wkid, idno) VALUES (317, 5296);
insert into Citizen (idno, title, firstname, lastname, dateofbirth, gender) VALUES (5297, '', 'Kail', 'Wilhelm', '1.1.1964.', 'p');
insert into CandidatesData (idno) VALUES (5297);
insert into PartyMembership (pid, idno) VALUES (35, 5297);
insert into Landeslistenplatz (llid, idno, position) VALUES (57, 5297, 11);
insert into Citizen (idno, title, firstname, lastname, dateofbirth, gender) VALUES (5298, '', 'Kailer', 'Arno', '1.1.1953.', 'p');
insert into CandidatesData (idno) VALUES (5298);
insert into PartyMembership (pid, idno) VALUES (19, 5298);
insert into Landeslistenplatz (llid, idno, position) VALUES (167, 5298, 2);
insert into Citizen (idno, title, firstname, lastname, dateofbirth, gender) VALUES (5299, '', 'Kaiser', 'Christa', '1.1.1953.', 'p');
insert into CandidatesData (idno) VALUES (5299);
insert into PartyMembership (pid, idno) VALUES (10, 5299);
insert into Candidacy (wkid, idno) VALUES (519, 5299);
insert into Landeslistenplatz (llid, idno, position) VALUES (217, 5299, 2);
insert into Citizen (idno, title, firstname, lastname, dateofbirth, gender) VALUES (5300, 'Dr. ', 'Kaiser', 'Karin Sigrid Elisabeth', '1.1.1962.', 'p');
insert into CandidatesData (idno) VALUES (5300);
insert into PartyMembership (pid, idno) VALUES (33, 5300);
insert into Candidacy (wkid, idno) VALUES (305, 5300);
insert into Landeslistenplatz (llid, idno, position) VALUES (111, 5300, 3);
insert into Citizen (idno, title, firstname, lastname, dateofbirth, gender) VALUES (5301, '', 'Kaiser', 'Manfred', '1.1.1968.', 'p');
insert into CandidatesData (idno) VALUES (5301);
insert into PartyMembership (pid, idno) VALUES (36, 5301);
insert into Landeslistenplatz (llid, idno, position) VALUES (149, 5301, 15);
insert into Citizen (idno, title, firstname, lastname, dateofbirth, gender) VALUES (5302, '', 'Kaiser', 'Sandra', '1.1.1974.', 'p');
insert into CandidatesData (idno) VALUES (5302);
insert into PartyMembership (pid, idno) VALUES (36, 5302);
insert into Landeslistenplatz (llid, idno, position) VALUES (149, 5302, 11);
insert into Citizen (idno, title, firstname, lastname, dateofbirth, gender) VALUES (5303, '', 'Kaiser', 'Stefan', '1.1.1985.', 'p');
insert into CandidatesData (idno) VALUES (5303);
insert into PartyMembership (pid, idno) VALUES (32, 5303);
insert into Candidacy (wkid, idno) VALUES (526, 5303);
insert into Landeslistenplatz (llid, idno, position) VALUES (33, 5303, 17);
insert into Citizen (idno, title, firstname, lastname, dateofbirth, gender) VALUES (5304, '', 'Kaiser-Wirz', 'Birgit', '1.1.1959.', 'p');
insert into CandidatesData (idno) VALUES (5304);
insert into PartyMembership (pid, idno) VALUES (12, 5304);
insert into Landeslistenplatz (llid, idno, position) VALUES (88, 5304, 45);
insert into Citizen (idno, title, firstname, lastname, dateofbirth, gender) VALUES (5305, '', 'Kaisersberger', 'Erich', '1.1.1967.', 'p');
insert into CandidatesData (idno) VALUES (5305);
insert into PartyMembership (pid, idno) VALUES (10, 5305);
insert into Candidacy (wkid, idno) VALUES (518, 5305);
insert into Landeslistenplatz (llid, idno, position) VALUES (217, 5305, 9);
insert into Citizen (idno, title, firstname, lastname, dateofbirth, gender) VALUES (5306, '', 'Kalb', 'Bartholomäus', '1.1.1949.', 'p');
insert into CandidatesData (idno) VALUES (5306);
insert into PartyMembership (pid, idno) VALUES (9, 5306);
insert into Candidacy (wkid, idno) VALUES (526, 5306);
insert into Citizen (idno, title, firstname, lastname, dateofbirth, gender) VALUES (5307, '', 'Kalben von', 'Erika Ingeborg', '1.1.1964.', 'p');
insert into CandidatesData (idno) VALUES (5307);
insert into PartyMembership (pid, idno) VALUES (5, 5307);
insert into Candidacy (wkid, idno) VALUES (302, 5307);
insert into Citizen (idno, title, firstname, lastname, dateofbirth, gender) VALUES (5308, '', 'Kalbhenn', 'Jan Hendrik', '1.1.1986.', 'p');
insert into CandidatesData (idno) VALUES (5308);
insert into PartyMembership (pid, idno) VALUES (37, 5308);
insert into Landeslistenplatz (llid, idno, position) VALUES (133, 5308, 1);
insert into Citizen (idno, title, firstname, lastname, dateofbirth, gender) VALUES (5309, '', 'Kalinka', 'Gerhard', '1.1.1962.', 'p');
insert into CandidatesData (idno) VALUES (5309);
insert into PartyMembership (pid, idno) VALUES (5, 5309);
insert into Landeslistenplatz (llid, idno, position) VALUES (93, 5309, 4);
insert into Citizen (idno, title, firstname, lastname, dateofbirth, gender) VALUES (5310, '', 'Kalkoffen', 'Martin', '1.1.1956.', 'p');
insert into CandidatesData (idno) VALUES (5310);
insert into PartyMembership (pid, idno) VALUES (3, 5310);
insert into Landeslistenplatz (llid, idno, position) VALUES (242, 5310, 5);
insert into Citizen (idno, title, firstname, lastname, dateofbirth, gender) VALUES (5311, '', 'Kalkowski', 'Christoph', '1.1.1982.', 'p');
insert into CandidatesData (idno) VALUES (5311);
insert into PartyMembership (pid, idno) VALUES (32, 5311);
insert into Candidacy (wkid, idno) VALUES (516, 5311);
insert into Landeslistenplatz (llid, idno, position) VALUES (33, 5311, 38);
insert into Citizen (idno, title, firstname, lastname, dateofbirth, gender) VALUES (5312, '', 'Kalkowski', 'Melanie', '1.1.1978.', 'p');
insert into CandidatesData (idno) VALUES (5312);
insert into PartyMembership (pid, idno) VALUES (7, 5312);
insert into Landeslistenplatz (llid, idno, position) VALUES (75, 5312, 1);
insert into Citizen (idno, title, firstname, lastname, dateofbirth, gender) VALUES (5313, 'Dr. ', 'Kallrath', 'Josef', '1.1.1959.', 'p');
insert into CandidatesData (idno) VALUES (5313);
insert into PartyMembership (pid, idno) VALUES (33, 5313);
insert into Landeslistenplatz (llid, idno, position) VALUES (63, 5313, 2);
insert into Citizen (idno, title, firstname, lastname, dateofbirth, gender) VALUES (5314, '', 'Kallweit', 'Brigitte', '1.1.1956.', 'p');
insert into CandidatesData (idno) VALUES (5314);
insert into PartyMembership (pid, idno) VALUES (1, 5314);
insert into Candidacy (wkid, idno) VALUES (339, 5314);
insert into Landeslistenplatz (llid, idno, position) VALUES (171, 5314, 3);
insert into Citizen (idno, title, firstname, lastname, dateofbirth, gender) VALUES (5315, 'Dr. ', 'Kaltenhauser', 'Helmut', '1.1.1961.', 'p');
insert into CandidatesData (idno) VALUES (5315);
insert into PartyMembership (pid, idno) VALUES (4, 5315);
insert into Candidacy (wkid, idno) VALUES (546, 5315);
insert into Landeslistenplatz (llid, idno, position) VALUES (102, 5315, 27);
insert into Citizen (idno, title, firstname, lastname, dateofbirth, gender) VALUES (5316, '', 'Kamke', 'Doris', '1.1.1968.', 'p');
insert into CandidatesData (idno) VALUES (5316);
insert into PartyMembership (pid, idno) VALUES (10, 5316);
insert into Landeslistenplatz (llid, idno, position) VALUES (162, 5316, 9);
insert into Citizen (idno, title, firstname, lastname, dateofbirth, gender) VALUES (5317, '', 'Kamlah', 'Cédric', '1.1.1992.', 'p');
insert into CandidatesData (idno) VALUES (5317);
insert into PartyMembership (pid, idno) VALUES (4, 5317);
insert into Candidacy (wkid, idno) VALUES (333, 5317);
insert into Landeslistenplatz (llid, idno, position) VALUES (127, 5317, 16);
insert into Citizen (idno, title, firstname, lastname, dateofbirth, gender) VALUES (5318, '', 'Kammer', 'Hans-Werner', '1.1.1948.', 'p');
insert into CandidatesData (idno) VALUES (5318);
insert into PartyMembership (pid, idno) VALUES (12, 5318);
insert into Candidacy (wkid, idno) VALUES (325, 5318);
insert into Landeslistenplatz (llid, idno, position) VALUES (44, 5318, 15);
insert into Citizen (idno, title, firstname, lastname, dateofbirth, gender) VALUES (5319, '', 'Kammer', 'Uwe', '1.1.1966.', 'p');
insert into CandidatesData (idno) VALUES (5319);
insert into PartyMembership (pid, idno) VALUES (32, 5319);
insert into Landeslistenplatz (llid, idno, position) VALUES (245, 5319, 2);
insert into Citizen (idno, title, firstname, lastname, dateofbirth, gender) VALUES (5320, '', 'Kammerer', 'Georg Friedrich', '1.1.1981.', 'p');
insert into CandidatesData (idno) VALUES (5320);
insert into PartyMembership (pid, idno) VALUES (31, 5320);
insert into Candidacy (wkid, idno) VALUES (381, 5320);
insert into Landeslistenplatz (llid, idno, position) VALUES (28, 5320, 6);
insert into Citizen (idno, title, firstname, lastname, dateofbirth, gender) VALUES (5321, '', 'Kammler', 'Tobias', '1.1.1986.', 'p');
insert into CandidatesData (idno) VALUES (5321);
insert into PartyMembership (pid, idno) VALUES (1, 5321);
insert into Candidacy (wkid, idno) VALUES (496, 5321);
insert into Landeslistenplatz (llid, idno, position) VALUES (97, 5321, 4);
insert into Citizen (idno, title, firstname, lastname, dateofbirth, gender) VALUES (5322, '', 'Kampeter', 'Steffen', '1.1.1963.', 'p');
insert into CandidatesData (idno) VALUES (5322);
insert into PartyMembership (pid, idno) VALUES (12, 5322);
insert into Candidacy (wkid, idno) VALUES (433, 5322);
insert into Landeslistenplatz (llid, idno, position) VALUES (136, 5322, 8);
insert into Citizen (idno, title, firstname, lastname, dateofbirth, gender) VALUES (5323, '', 'Kampmann', 'Christina', '1.1.1980.', 'p');
insert into CandidatesData (idno) VALUES (5323);
insert into PartyMembership (pid, idno) VALUES (2, 5323);
insert into Candidacy (wkid, idno) VALUES (431, 5323);
insert into Landeslistenplatz (llid, idno, position) VALUES (73, 5323, 16);
insert into Citizen (idno, title, firstname, lastname, dateofbirth, gender) VALUES (5324, '', 'Kanand', 'Helmut Johannes', '1.1.1953.', 'p');
insert into CandidatesData (idno) VALUES (5324);
insert into PartyMembership (pid, idno) VALUES (3, 5324);
insert into Candidacy (wkid, idno) VALUES (438, 5324);
insert into Citizen (idno, title, firstname, lastname, dateofbirth, gender) VALUES (5325, '', 'Kandar', 'Niels', '1.1.1984.', 'p');
insert into CandidatesData (idno) VALUES (5325);
insert into PartyMembership (pid, idno) VALUES (1, 5325);
insert into Candidacy (wkid, idno) VALUES (598, 5325);
insert into Landeslistenplatz (llid, idno, position) VALUES (58, 5325, 4);
insert into Citizen (idno, title, firstname, lastname, dateofbirth, gender) VALUES (5326, '', 'Kandziora', 'Norbert', '1.1.1951.', 'p');
insert into CandidatesData (idno) VALUES (5326);
insert into PartyMembership (pid, idno) VALUES (18, 5326);
insert into Landeslistenplatz (llid, idno, position) VALUES (186, 5326, 1);
insert into Citizen (idno, title, firstname, lastname, dateofbirth, gender) VALUES (5327, '', 'Kanis', 'Paul-Gerhard', '1.1.1955.', 'p');
insert into CandidatesData (idno) VALUES (5327);
insert into Candidacy (wkid, idno) VALUES (593, 5327);
insert into Citizen (idno, title, firstname, lastname, dateofbirth, gender) VALUES (5328, '', 'Kanitz', 'Steffen', '1.1.1984.', 'p');
insert into CandidatesData (idno) VALUES (5328);
insert into PartyMembership (pid, idno) VALUES (12, 5328);
insert into Candidacy (wkid, idno) VALUES (442, 5328);
insert into Landeslistenplatz (llid, idno, position) VALUES (136, 5328, 20);
insert into Citizen (idno, title, firstname, lastname, dateofbirth, gender) VALUES (5329, '', 'Kanschat', 'Sebastian', '1.1.1987.', 'p');
insert into CandidatesData (idno) VALUES (5329);
insert into PartyMembership (pid, idno) VALUES (7, 5329);
insert into Candidacy (wkid, idno) VALUES (514, 5329);
insert into Citizen (idno, title, firstname, lastname, dateofbirth, gender) VALUES (5330, '', 'Kaplan', 'Ayten', '1.1.1970.', 'p');
insert into CandidatesData (idno) VALUES (5330);
insert into PartyMembership (pid, idno) VALUES (3, 5330);
insert into Candidacy (wkid, idno) VALUES (388, 5330);
insert into Landeslistenplatz (llid, idno, position) VALUES (95, 5330, 11);
insert into Citizen (idno, title, firstname, lastname, dateofbirth, gender) VALUES (5331, '', 'Kapp', 'Helena', '1.1.1951.', 'p');
insert into CandidatesData (idno) VALUES (5331);
insert into PartyMembership (pid, idno) VALUES (12, 5331);
insert into Landeslistenplatz (llid, idno, position) VALUES (105, 5331, 25);
insert into Citizen (idno, title, firstname, lastname, dateofbirth, gender) VALUES (5332, '', 'Kappe', 'Tilmann', '1.1.1960.', 'p');
insert into CandidatesData (idno) VALUES (5332);
insert into PartyMembership (pid, idno) VALUES (35, 5332);
insert into Landeslistenplatz (llid, idno, position) VALUES (46, 5332, 11);
insert into Citizen (idno, title, firstname, lastname, dateofbirth, gender) VALUES (5333, '', 'Kappner', 'Klaus', '1.1.1959.', 'p');
insert into CandidatesData (idno) VALUES (5333);
insert into PartyMembership (pid, idno) VALUES (13, 5333);
insert into Landeslistenplatz (llid, idno, position) VALUES (96, 5333, 7);
insert into Citizen (idno, title, firstname, lastname, dateofbirth, gender) VALUES (5334, '', 'Kapschack', 'Ralf', '1.1.1954.', 'p');
insert into CandidatesData (idno) VALUES (5334);
insert into PartyMembership (pid, idno) VALUES (2, 5334);
insert into Candidacy (wkid, idno) VALUES (438, 5334);
insert into Landeslistenplatz (llid, idno, position) VALUES (73, 5334, 37);
insert into Citizen (idno, title, firstname, lastname, dateofbirth, gender) VALUES (5335, '', 'Karaahmetoglu', 'Macit', '1.1.1968.', 'p');
insert into CandidatesData (idno) VALUES (5335);
insert into PartyMembership (pid, idno) VALUES (2, 5335);
insert into Candidacy (wkid, idno) VALUES (564, 5335);
insert into Landeslistenplatz (llid, idno, position) VALUES (76, 5335, 21);
insert into Citizen (idno, title, firstname, lastname, dateofbirth, gender) VALUES (5336, '', 'Karawanskij', 'Susanna', '1.1.1980.', 'p');
insert into CandidatesData (idno) VALUES (5336);
insert into PartyMembership (pid, idno) VALUES (3, 5336);
insert into Candidacy (wkid, idno) VALUES (450, 5336);
insert into Landeslistenplatz (llid, idno, position) VALUES (240, 5336, 3);
insert into Citizen (idno, title, firstname, lastname, dateofbirth, gender) VALUES (5337, 'Dr. ', 'Karim', 'Najibulla', '1.1.1973.', 'p');
insert into CandidatesData (idno) VALUES (5337);
insert into PartyMembership (pid, idno) VALUES (4, 5337);
insert into Candidacy (wkid, idno) VALUES (317, 5337);
insert into Citizen (idno, title, firstname, lastname, dateofbirth, gender) VALUES (5338, '', 'Karl', 'Alfred Friedrich', '1.1.1947.', 'p');
insert into CandidatesData (idno) VALUES (5338);
insert into PartyMembership (pid, idno) VALUES (33, 5338);
insert into Landeslistenplatz (llid, idno, position) VALUES (164, 5338, 8);
insert into Citizen (idno, title, firstname, lastname, dateofbirth, gender) VALUES (5339, '', 'Karl', 'Alois', '1.1.1950.', 'p');
insert into CandidatesData (idno) VALUES (5339);
insert into PartyMembership (pid, idno) VALUES (9, 5339);
insert into Candidacy (wkid, idno) VALUES (531, 5339);
insert into Citizen (idno, title, firstname, lastname, dateofbirth, gender) VALUES (5340, '', 'Karli', 'Manuela', '1.1.1975.', 'p');
insert into CandidatesData (idno) VALUES (5340);
insert into PartyMembership (pid, idno) VALUES (3, 5340);
insert into Landeslistenplatz (llid, idno, position) VALUES (95, 5340, 27);
insert into Citizen (idno, title, firstname, lastname, dateofbirth, gender) VALUES (5341, '', 'Karliczek', 'Anja Maria-Antonia', '1.1.1971.', 'p');
insert into CandidatesData (idno) VALUES (5341);
insert into PartyMembership (pid, idno) VALUES (12, 5341);
insert into Candidacy (wkid, idno) VALUES (427, 5341);
insert into Landeslistenplatz (llid, idno, position) VALUES (136, 5341, 15);
insert into Citizen (idno, title, firstname, lastname, dateofbirth, gender) VALUES (5342, '', 'Karpowski', 'Ilja Bertold', '1.1.1981.', 'p');
insert into CandidatesData (idno) VALUES (5342);
insert into PartyMembership (pid, idno) VALUES (10, 5342);
insert into Candidacy (wkid, idno) VALUES (481, 5342);
insert into Citizen (idno, title, firstname, lastname, dateofbirth, gender) VALUES (5343, 'Dr. ', 'Karstedt von', 'Wulf-Christof', '1.1.1970.', 'p');
insert into CandidatesData (idno) VALUES (5343);
insert into PartyMembership (pid, idno) VALUES (31, 5343);
insert into Landeslistenplatz (llid, idno, position) VALUES (139, 5343, 5);
insert into Citizen (idno, title, firstname, lastname, dateofbirth, gender) VALUES (5344, '', 'Karstedt von', 'Imke', '1.1.1980.', 'p');
insert into CandidatesData (idno) VALUES (5344);
insert into PartyMembership (pid, idno) VALUES (31, 5344);
insert into Candidacy (wkid, idno) VALUES (353, 5344);
insert into Landeslistenplatz (llid, idno, position) VALUES (139, 5344, 1);
insert into Citizen (idno, title, firstname, lastname, dateofbirth, gender) VALUES (5345, '', 'Karsten', 'Heidelore', '1.1.1946.', 'p');
insert into CandidatesData (idno) VALUES (5345);
insert into PartyMembership (pid, idno) VALUES (1, 5345);
insert into Candidacy (wkid, idno) VALUES (460, 5345);
insert into Citizen (idno, title, firstname, lastname, dateofbirth, gender) VALUES (5346, 'Dr. ', 'Karstens', 'Detleff', '1.1.1941.', 'p');
insert into CandidatesData (idno) VALUES (5346);
insert into PartyMembership (pid, idno) VALUES (17, 5346);
insert into Candidacy (wkid, idno) VALUES (350, 5346);
insert into Landeslistenplatz (llid, idno, position) VALUES (128, 5346, 1);
insert into Citizen (idno, title, firstname, lastname, dateofbirth, gender) VALUES (5347, '', 'Karstens', 'Stefan', '1.1.1981.', 'p');
insert into CandidatesData (idno) VALUES (5347);
insert into PartyMembership (pid, idno) VALUES (3, 5347);
insert into Candidacy (wkid, idno) VALUES (303, 5347);
insert into Landeslistenplatz (llid, idno, position) VALUES (36, 5347, 6);
insert into Citizen (idno, title, firstname, lastname, dateofbirth, gender) VALUES (5348, '', 'Kaschner', 'Georg', '1.1.1955.', 'p');
insert into CandidatesData (idno) VALUES (5348);
insert into PartyMembership (pid, idno) VALUES (3, 5348);
insert into Candidacy (wkid, idno) VALUES (533, 5348);
insert into Citizen (idno, title, firstname, lastname, dateofbirth, gender) VALUES (5349, 'Prof. Dr. ', 'Kaschny', 'Martin', '1.1.1964.', 'p');
insert into CandidatesData (idno) VALUES (5349);
insert into PartyMembership (pid, idno) VALUES (4, 5349);
insert into Candidacy (wkid, idno) VALUES (499, 5349);
insert into Landeslistenplatz (llid, idno, position) VALUES (120, 5349, 14);
insert into Citizen (idno, title, firstname, lastname, dateofbirth, gender) VALUES (5350, '', 'Kasperidus', 'Bernd', '1.1.1970.', 'p');
insert into CandidatesData (idno) VALUES (5350);
insert into PartyMembership (pid, idno) VALUES (7, 5350);
insert into Landeslistenplatz (llid, idno, position) VALUES (72, 5350, 22);
insert into Citizen (idno, title, firstname, lastname, dateofbirth, gender) VALUES (5351, '', 'Kaßbohm', 'Andreas', '1.1.1960.', 'p');
insert into CandidatesData (idno) VALUES (5351);
insert into PartyMembership (pid, idno) VALUES (7, 5351);
insert into Candidacy (wkid, idno) VALUES (491, 5351);
insert into Landeslistenplatz (llid, idno, position) VALUES (45, 5351, 1);
insert into Citizen (idno, title, firstname, lastname, dateofbirth, gender) VALUES (5352, '', 'Kassner', 'Karin Kerstin', '1.1.1958.', 'p');
insert into CandidatesData (idno) VALUES (5352);
insert into PartyMembership (pid, idno) VALUES (3, 5352);
insert into Candidacy (wkid, idno) VALUES (314, 5352);
insert into Landeslistenplatz (llid, idno, position) VALUES (107, 5352, 3);
insert into Citizen (idno, title, firstname, lastname, dateofbirth, gender) VALUES (5353, '', 'Kast', 'Achim', '1.1.1982.', 'p');
insert into CandidatesData (idno) VALUES (5353);
insert into PartyMembership (pid, idno) VALUES (1, 5353);
insert into Candidacy (wkid, idno) VALUES (554, 5353);
insert into Citizen (idno, title, firstname, lastname, dateofbirth, gender) VALUES (5354, '', 'Kaste', 'Maren', '1.1.1962.', 'p');
insert into CandidatesData (idno) VALUES (5354);
insert into PartyMembership (pid, idno) VALUES (36, 5354);
insert into LandesListe (llid, year, pid, fsid) VALUES (247, 2013, 36, 8);
insert into Landeslistenplatz (llid, idno, position) VALUES (247, 5354, 3);
insert into Citizen (idno, title, firstname, lastname, dateofbirth, gender) VALUES (5355, '', 'Kaster', 'Bernhard', '1.1.1957.', 'p');
insert into CandidatesData (idno) VALUES (5355);
insert into PartyMembership (pid, idno) VALUES (12, 5355);
insert into Candidacy (wkid, idno) VALUES (503, 5355);
insert into Landeslistenplatz (llid, idno, position) VALUES (138, 5355, 3);
insert into Citizen (idno, title, firstname, lastname, dateofbirth, gender) VALUES (5356, '', 'Kastner', 'Jan', '1.1.1990.', 'p');
insert into CandidatesData (idno) VALUES (5356);
insert into PartyMembership (pid, idno) VALUES (7, 5356);
insert into Candidacy (wkid, idno) VALUES (532, 5356);
insert into Landeslistenplatz (llid, idno, position) VALUES (72, 5356, 14);
insert into Citizen (idno, title, firstname, lastname, dateofbirth, gender) VALUES (5357, '', 'Kastner', 'Ulrich', '1.1.1962.', 'p');
insert into CandidatesData (idno) VALUES (5357);
insert into PartyMembership (pid, idno) VALUES (4, 5357);
insert into Candidacy (wkid, idno) VALUES (512, 5357);
insert into Landeslistenplatz (llid, idno, position) VALUES (102, 5357, 47);
insert into Citizen (idno, title, firstname, lastname, dateofbirth, gender) VALUES (5358, '', 'Kater', 'Kristian', '1.1.1983.', 'p');
insert into CandidatesData (idno) VALUES (5358);
insert into PartyMembership (pid, idno) VALUES (2, 5358);
insert into Landeslistenplatz (llid, idno, position) VALUES (69, 5358, 43);
insert into Citizen (idno, title, firstname, lastname, dateofbirth, gender) VALUES (5359, '', 'Kathe', 'Harald', '1.1.1964.', 'p');
insert into CandidatesData (idno) VALUES (5359);
insert into PartyMembership (pid, idno) VALUES (32, 5359);
insert into Landeslistenplatz (llid, idno, position) VALUES (245, 5359, 3);
insert into Citizen (idno, title, firstname, lastname, dateofbirth, gender) VALUES (5360, '', 'Katte', 'Nicolas', '1.1.1990.', 'p');
insert into CandidatesData (idno) VALUES (5360);
insert into PartyMembership (pid, idno) VALUES (4, 5360);
insert into Landeslistenplatz (llid, idno, position) VALUES (120, 5360, 10);
insert into Citizen (idno, title, firstname, lastname, dateofbirth, gender) VALUES (5361, '', 'Katte', 'Robert', '1.1.1957.', 'p');
insert into CandidatesData (idno) VALUES (5361);
insert into PartyMembership (pid, idno) VALUES (33, 5361);
insert into Landeslistenplatz (llid, idno, position) VALUES (63, 5361, 19);
insert into Citizen (idno, title, firstname, lastname, dateofbirth, gender) VALUES (5362, 'Dr. ', 'Katterle', 'Dieter Hans Heinrich', '1.1.1950.', 'p');
insert into CandidatesData (idno) VALUES (5362);
insert into PartyMembership (pid, idno) VALUES (4, 5362);
insert into Candidacy (wkid, idno) VALUES (544, 5362);
insert into Landeslistenplatz (llid, idno, position) VALUES (102, 5362, 21);
insert into Citizen (idno, title, firstname, lastname, dateofbirth, gender) VALUES (5363, '', 'Katzer', 'Dietmar Fritz', '1.1.1952.', 'p');
insert into CandidatesData (idno) VALUES (5363);
insert into PartyMembership (pid, idno) VALUES (2, 5363);
insert into Landeslistenplatz (llid, idno, position) VALUES (103, 5363, 18);
insert into Citizen (idno, title, firstname, lastname, dateofbirth, gender) VALUES (5364, '', 'Katzmarek', 'Gabriele', '1.1.1960.', 'p');
insert into CandidatesData (idno) VALUES (5364);
insert into PartyMembership (pid, idno) VALUES (2, 5364);
insert into Candidacy (wkid, idno) VALUES (572, 5364);
insert into Landeslistenplatz (llid, idno, position) VALUES (76, 5364, 12);
insert into Citizen (idno, title, firstname, lastname, dateofbirth, gender) VALUES (5365, '', 'Kauch', 'Michael', '1.1.1967.', 'p');
insert into CandidatesData (idno) VALUES (5365);
insert into PartyMembership (pid, idno) VALUES (4, 5365);
insert into Candidacy (wkid, idno) VALUES (441, 5365);
insert into Landeslistenplatz (llid, idno, position) VALUES (98, 5365, 6);
insert into Citizen (idno, title, firstname, lastname, dateofbirth, gender) VALUES (5366, '', 'Kauder', 'Siegfried', '1.1.1950.', 'p');
insert into CandidatesData (idno) VALUES (5366);
insert into Candidacy (wkid, idno) VALUES (585, 5366);
insert into Citizen (idno, title, firstname, lastname, dateofbirth, gender) VALUES (5367, '', 'Kauder', 'Volker', '1.1.1949.', 'p');
insert into CandidatesData (idno) VALUES (5367);
insert into PartyMembership (pid, idno) VALUES (12, 5367);
insert into Candidacy (wkid, idno) VALUES (584, 5367);
insert into Landeslistenplatz (llid, idno, position) VALUES (105, 5367, 3);
insert into Citizen (idno, title, firstname, lastname, dateofbirth, gender) VALUES (5368, '', 'Kauer', 'Thomas', '1.1.1982.', 'p');
insert into CandidatesData (idno) VALUES (5368);
insert into PartyMembership (pid, idno) VALUES (33, 5368);
insert into Landeslistenplatz (llid, idno, position) VALUES (140, 5368, 16);
insert into Citizen (idno, title, firstname, lastname, dateofbirth, gender) VALUES (5369, '', 'Kaufmann', 'Alexander', '1.1.1964.', 'p');
insert into CandidatesData (idno) VALUES (5369);
insert into PartyMembership (pid, idno) VALUES (7, 5369);
insert into Candidacy (wkid, idno) VALUES (469, 5369);
insert into Citizen (idno, title, firstname, lastname, dateofbirth, gender) VALUES (5370, 'Dr. ', 'Kaufmann', 'Stefan', '1.1.1969.', 'p');
insert into CandidatesData (idno) VALUES (5370);
insert into PartyMembership (pid, idno) VALUES (12, 5370);
insert into Candidacy (wkid, idno) VALUES (557, 5370);
insert into Landeslistenplatz (llid, idno, position) VALUES (105, 5370, 10);
insert into Citizen (idno, title, firstname, lastname, dateofbirth, gender) VALUES (5371, 'Prof. Dr. ', 'Kaufmann', 'Michael Heinz', '1.1.1964.', 'p');
insert into CandidatesData (idno) VALUES (5371);
insert into PartyMembership (pid, idno) VALUES (33, 5371);
insert into Candidacy (wkid, idno) VALUES (493, 5371);
insert into Landeslistenplatz (llid, idno, position) VALUES (202, 5371, 1);
insert into Citizen (idno, title, firstname, lastname, dateofbirth, gender) VALUES (5372, '', 'Kaup', 'Andrea', '1.1.1969.', 'p');
insert into CandidatesData (idno) VALUES (5372);
insert into PartyMembership (pid, idno) VALUES (4, 5372);
insert into Landeslistenplatz (llid, idno, position) VALUES (116, 5372, 23);
insert into Citizen (idno, title, firstname, lastname, dateofbirth, gender) VALUES (5373, '', 'Kaußen', 'Jessica', '1.1.1990.', 'p');
insert into CandidatesData (idno) VALUES (5373);
insert into PartyMembership (pid, idno) VALUES (3, 5373);
insert into Landeslistenplatz (llid, idno, position) VALUES (130, 5373, 9);
insert into Citizen (idno, title, firstname, lastname, dateofbirth, gender) VALUES (5374, '', 'Kayser', 'Jonas', '1.1.1994.', 'p');
insert into CandidatesData (idno) VALUES (5374);
insert into Candidacy (wkid, idno) VALUES (355, 5374);
insert into Citizen (idno, title, firstname, lastname, dateofbirth, gender) VALUES (5375, '', 'Keckstein', 'Johann', '1.1.1950.', 'p');
insert into CandidatesData (idno) VALUES (5375);
insert into PartyMembership (pid, idno) VALUES (32, 5375);
insert into Candidacy (wkid, idno) VALUES (444, 5375);
insert into Citizen (idno, title, firstname, lastname, dateofbirth, gender) VALUES (5376, '', 'Kefer', 'Michael', '1.1.1968.', 'p');
insert into CandidatesData (idno) VALUES (5376);
insert into PartyMembership (pid, idno) VALUES (36, 5376);
insert into Candidacy (wkid, idno) VALUES (582, 5376);
insert into Citizen (idno, title, firstname, lastname, dateofbirth, gender) VALUES (5377, '', 'Kehm', 'Max', '1.1.1986.', 'p');
insert into CandidatesData (idno) VALUES (5377);
insert into PartyMembership (pid, idno) VALUES (7, 5377);
insert into Candidacy (wkid, idno) VALUES (581, 5377);
insert into Citizen (idno, title, firstname, lastname, dateofbirth, gender) VALUES (5378, '', 'Kehrmann', 'Kai-Sören', '1.1.1959.', 'p');
insert into CandidatesData (idno) VALUES (5378);
insert into PartyMembership (pid, idno) VALUES (32, 5378);
insert into Candidacy (wkid, idno) VALUES (482, 5378);
insert into Landeslistenplatz (llid, idno, position) VALUES (141, 5378, 4);
insert into Citizen (idno, title, firstname, lastname, dateofbirth, gender) VALUES (5379, '', 'Keiner', 'Lukas', '1.1.1986.', 'p');
insert into CandidatesData (idno) VALUES (5379);
insert into PartyMembership (pid, idno) VALUES (1, 5379);
insert into Candidacy (wkid, idno) VALUES (477, 5379);
insert into Citizen (idno, title, firstname, lastname, dateofbirth, gender) VALUES (5380, '', 'Keins', 'Peter', '1.1.1961.', 'p');
insert into CandidatesData (idno) VALUES (5380);
insert into PartyMembership (pid, idno) VALUES (31, 5380);
insert into Landeslistenplatz (llid, idno, position) VALUES (28, 5380, 29);
insert into Citizen (idno, title, firstname, lastname, dateofbirth, gender) VALUES (5381, '', 'Kekeritz', 'Uwe', '1.1.1953.', 'p');
insert into CandidatesData (idno) VALUES (5381);
insert into PartyMembership (pid, idno) VALUES (5, 5381);
insert into Candidacy (wkid, idno) VALUES (542, 5381);
insert into Landeslistenplatz (llid, idno, position) VALUES (65, 5381, 6);
insert into Citizen (idno, title, firstname, lastname, dateofbirth, gender) VALUES (5382, '', 'Kelber', 'Ulrich Wolfgang', '1.1.1968.', 'p');
insert into CandidatesData (idno) VALUES (5382);
insert into PartyMembership (pid, idno) VALUES (2, 5382);
insert into Candidacy (wkid, idno) VALUES (395, 5382);
insert into Landeslistenplatz (llid, idno, position) VALUES (73, 5382, 56);
insert into Citizen (idno, title, firstname, lastname, dateofbirth, gender) VALUES (5383, '', 'Kellermann', 'Friedrich', '1.1.1953.', 'p');
insert into CandidatesData (idno) VALUES (5383);
insert into PartyMembership (pid, idno) VALUES (1, 5383);
insert into Candidacy (wkid, idno) VALUES (567, 5383);
insert into Citizen (idno, title, firstname, lastname, dateofbirth, gender) VALUES (5384, '', 'Kellermann', 'Otto', '1.1.1944.', 'p');
insert into CandidatesData (idno) VALUES (5384);
insert into PartyMembership (pid, idno) VALUES (19, 5384);
insert into Landeslistenplatz (llid, idno, position) VALUES (40, 5384, 25);
insert into Citizen (idno, title, firstname, lastname, dateofbirth, gender) VALUES (5385, '', 'Kellmer', 'Oliver', '1.1.1976.', 'p');
insert into CandidatesData (idno) VALUES (5385);
insert into PartyMembership (pid, idno) VALUES (2, 5385);
insert into Candidacy (wkid, idno) VALUES (329, 5385);
insert into Landeslistenplatz (llid, idno, position) VALUES (69, 5385, 25);
insert into Citizen (idno, title, firstname, lastname, dateofbirth, gender) VALUES (5386, '', 'Kellner', 'Henny', '1.1.1956.', 'p');
insert into CandidatesData (idno) VALUES (5386);
insert into PartyMembership (pid, idno) VALUES (7, 5386);
insert into Candidacy (wkid, idno) VALUES (450, 5386);
insert into Citizen (idno, title, firstname, lastname, dateofbirth, gender) VALUES (5387, '', 'Kemmer', 'Birgit', '1.1.1960.', 'p');
insert into CandidatesData (idno) VALUES (5387);
insert into PartyMembership (pid, idno) VALUES (5, 5387);
insert into Candidacy (wkid, idno) VALUES (330, 5387);
insert into Landeslistenplatz (llid, idno, position) VALUES (142, 5387, 11);
insert into Citizen (idno, title, firstname, lastname, dateofbirth, gender) VALUES (5388, '', 'Kempe', 'Jannis', '1.1.1991.', 'p');
insert into CandidatesData (idno) VALUES (5388);
insert into PartyMembership (pid, idno) VALUES (31, 5388);
insert into Landeslistenplatz (llid, idno, position) VALUES (28, 5388, 51);
insert into Citizen (idno, title, firstname, lastname, dateofbirth, gender) VALUES (5389, '', 'Kempf', 'Martina', '1.1.1964.', 'p');
insert into CandidatesData (idno) VALUES (5389);
insert into PartyMembership (pid, idno) VALUES (33, 5389);
insert into Landeslistenplatz (llid, idno, position) VALUES (140, 5389, 17);
insert into Citizen (idno, title, firstname, lastname, dateofbirth, gender) VALUES (5390, '', 'Kempf', 'Timm Richard', '1.1.1941.', 'p');
insert into CandidatesData (idno) VALUES (5390);
insert into PartyMembership (pid, idno) VALUES (33, 5390);
insert into Landeslistenplatz (llid, idno, position) VALUES (140, 5390, 23);
insert into Citizen (idno, title, firstname, lastname, dateofbirth, gender) VALUES (5391, '', 'Kerber', 'Michael', '1.1.1978.', 'p');
insert into CandidatesData (idno) VALUES (5391);
insert into PartyMembership (pid, idno) VALUES (1, 5391);
insert into Candidacy (wkid, idno) VALUES (580, 5391);
insert into Citizen (idno, title, firstname, lastname, dateofbirth, gender) VALUES (5392, '', 'Keren', 'Franz', '1.1.1951.', 'p');
insert into CandidatesData (idno) VALUES (5392);
insert into PartyMembership (pid, idno) VALUES (4, 5392);
insert into Landeslistenplatz (llid, idno, position) VALUES (52, 5392, 5);
insert into Citizen (idno, title, firstname, lastname, dateofbirth, gender) VALUES (5393, '', 'Kerkhoff', 'Siegfried', '1.1.1958.', 'p');
insert into CandidatesData (idno) VALUES (5393);
insert into PartyMembership (pid, idno) VALUES (7, 5393);
insert into Candidacy (wkid, idno) VALUES (425, 5393);
insert into Citizen (idno, title, firstname, lastname, dateofbirth, gender) VALUES (5394, '', 'Kermer', 'Marina Angela', '1.1.1960.', 'p');
insert into CandidatesData (idno) VALUES (5394);
insert into PartyMembership (pid, idno) VALUES (2, 5394);
insert into Candidacy (wkid, idno) VALUES (365, 5394);
insert into Landeslistenplatz (llid, idno, position) VALUES (161, 5394, 4);
insert into Citizen (idno, title, firstname, lastname, dateofbirth, gender) VALUES (5395, '', 'Kern', 'Daniel', '1.1.1983.', 'p');
insert into CandidatesData (idno) VALUES (5395);
insert into PartyMembership (pid, idno) VALUES (12, 5395);
insert into Landeslistenplatz (llid, idno, position) VALUES (138, 5395, 25);
insert into Citizen (idno, title, firstname, lastname, dateofbirth, gender) VALUES (5396, '', 'Kern', 'Georg', '1.1.1966.', 'p');
insert into CandidatesData (idno) VALUES (5396);
insert into PartyMembership (pid, idno) VALUES (12, 5396);
insert into Landeslistenplatz (llid, idno, position) VALUES (138, 5396, 32);
insert into Citizen (idno, title, firstname, lastname, dateofbirth, gender) VALUES (5397, '', 'Kern', 'Julian', '1.1.1982.', 'p');
insert into CandidatesData (idno) VALUES (5397);
insert into PartyMembership (pid, idno) VALUES (31, 5397);
insert into Landeslistenplatz (llid, idno, position) VALUES (123, 5397, 40);
insert into Citizen (idno, title, firstname, lastname, dateofbirth, gender) VALUES (5398, '', 'Kern', 'Martin', '1.1.1985.', 'p');
insert into CandidatesData (idno) VALUES (5398);
insert into PartyMembership (pid, idno) VALUES (31, 5398);
insert into Landeslistenplatz (llid, idno, position) VALUES (123, 5398, 41);
insert into Citizen (idno, title, firstname, lastname, dateofbirth, gender) VALUES (5399, '', 'Kerschbaum', 'Irmgard', '1.1.1945.', 'p');
insert into CandidatesData (idno) VALUES (5399);
insert into PartyMembership (pid, idno) VALUES (36, 5399);
insert into Landeslistenplatz (llid, idno, position) VALUES (118, 5399, 25);
insert into Citizen (idno, title, firstname, lastname, dateofbirth, gender) VALUES (5400, '', 'Kersken', 'Bärbel', '1.1.1964.', 'p');
insert into CandidatesData (idno) VALUES (5400);
insert into PartyMembership (pid, idno) VALUES (13, 5400);
insert into Landeslistenplatz (llid, idno, position) VALUES (211, 5400, 5);
insert into Citizen (idno, title, firstname, lastname, dateofbirth, gender) VALUES (5401, '', 'Kerstan', 'Axel', '1.1.1958.', 'p');
insert into CandidatesData (idno) VALUES (5401);
insert into PartyMembership (pid, idno) VALUES (7, 5401);
insert into Candidacy (wkid, idno) VALUES (422, 5401);
insert into Citizen (idno, title, firstname, lastname, dateofbirth, gender) VALUES (5402, '', 'Kersting', 'Gerd', '1.1.1956.', 'p');
insert into CandidatesData (idno) VALUES (5402);
insert into PartyMembership (pid, idno) VALUES (36, 5402);
insert into Landeslistenplatz (llid, idno, position) VALUES (84, 5402, 1);
insert into Citizen (idno, title, firstname, lastname, dateofbirth, gender) VALUES (5403, '', 'Kersting', 'Sieglinde Ingrid Edith', '1.1.1957.', 'p');
insert into CandidatesData (idno) VALUES (5403);
insert into PartyMembership (pid, idno) VALUES (36, 5403);
insert into Candidacy (wkid, idno) VALUES (428, 5403);
insert into Landeslistenplatz (llid, idno, position) VALUES (84, 5403, 7);
insert into Citizen (idno, title, firstname, lastname, dateofbirth, gender) VALUES (5404, '', 'Kerth', 'Cornelia Lieselotte', '1.1.1954.', 'p');
insert into CandidatesData (idno) VALUES (5404);
insert into PartyMembership (pid, idno) VALUES (3, 5404);
insert into Candidacy (wkid, idno) VALUES (321, 5404);
insert into Landeslistenplatz (llid, idno, position) VALUES (41, 5404, 3);
insert into Citizen (idno, title, firstname, lastname, dateofbirth, gender) VALUES (5405, '', 'Kesper', 'Beate Elvira', '1.1.1968.', 'p');
insert into CandidatesData (idno) VALUES (5405);
insert into PartyMembership (pid, idno) VALUES (7, 5405);
insert into Candidacy (wkid, idno) VALUES (549, 5405);
insert into Landeslistenplatz (llid, idno, position) VALUES (72, 5405, 12);
insert into Citizen (idno, title, firstname, lastname, dateofbirth, gender) VALUES (5406, '', 'Keßler', 'Ilko', '1.1.1971.', 'p');
insert into CandidatesData (idno) VALUES (5406);
insert into PartyMembership (pid, idno) VALUES (2, 5406);
insert into Candidacy (wkid, idno) VALUES (455, 5406);
insert into Landeslistenplatz (llid, idno, position) VALUES (153, 5406, 13);
insert into Citizen (idno, title, firstname, lastname, dateofbirth, gender) VALUES (5407, '', 'Keßler-Rosa', 'Jochen', '1.1.1956.', 'p');
insert into CandidatesData (idno) VALUES (5407);
insert into PartyMembership (pid, idno) VALUES (32, 5407);
insert into Candidacy (wkid, idno) VALUES (549, 5407);
insert into Landeslistenplatz (llid, idno, position) VALUES (33, 5407, 20);
insert into Citizen (idno, title, firstname, lastname, dateofbirth, gender) VALUES (5408, '', 'Kettnaker', 'Ralf Matthias', '1.1.1972.', 'p');
insert into CandidatesData (idno) VALUES (5408);
insert into PartyMembership (pid, idno) VALUES (33, 5408);
insert into Candidacy (wkid, idno) VALUES (318, 5408);
insert into Citizen (idno, title, firstname, lastname, dateofbirth, gender) VALUES (5409, '', 'Keul', 'Katja', '1.1.1969.', 'p');
insert into CandidatesData (idno) VALUES (5409);
insert into PartyMembership (pid, idno) VALUES (5, 5409);
insert into Candidacy (wkid, idno) VALUES (339, 5409);
insert into Landeslistenplatz (llid, idno, position) VALUES (142, 5409, 1);
insert into Citizen (idno, title, firstname, lastname, dateofbirth, gender) VALUES (5410, '', 'Kiauka', 'Robert Heinrich', '1.1.1971.', 'p');
insert into CandidatesData (idno) VALUES (5410);
insert into PartyMembership (pid, idno) VALUES (32, 5410);
insert into Candidacy (wkid, idno) VALUES (338, 5410);
insert into Landeslistenplatz (llid, idno, position) VALUES (108, 5410, 5);
insert into Citizen (idno, title, firstname, lastname, dateofbirth, gender) VALUES (5411, '', 'Kieckbusch', 'Susanne', '1.1.1961.', 'p');
insert into CandidatesData (idno) VALUES (5411);
insert into PartyMembership (pid, idno) VALUES (5, 5411);
insert into Candidacy (wkid, idno) VALUES (584, 5411);
insert into Landeslistenplatz (llid, idno, position) VALUES (61, 5411, 35);
insert into Citizen (idno, title, firstname, lastname, dateofbirth, gender) VALUES (5412, '', 'Kiehn', 'Karsten', '1.1.1974.', 'p');
insert into CandidatesData (idno) VALUES (5412);
insert into PartyMembership (pid, idno) VALUES (7, 5412);
insert into Candidacy (wkid, idno) VALUES (309, 5412);
insert into Citizen (idno, title, firstname, lastname, dateofbirth, gender) VALUES (5413, '', 'Kienlein', 'Theresa', '1.1.1989.', 'p');
insert into CandidatesData (idno) VALUES (5413);
insert into PartyMembership (pid, idno) VALUES (7, 5413);
insert into Landeslistenplatz (llid, idno, position) VALUES (72, 5413, 7);
insert into Citizen (idno, title, firstname, lastname, dateofbirth, gender) VALUES (5414, '', 'Kienlin von', 'Marie-Madeleine', '1.1.1976.', 'p');
insert into CandidatesData (idno) VALUES (5414);
insert into PartyMembership (pid, idno) VALUES (33, 5414);
insert into Candidacy (wkid, idno) VALUES (514, 5414);
insert into Citizen (idno, title, firstname, lastname, dateofbirth, gender) VALUES (5415, '', 'Kiesewetter', 'Roderich', '1.1.1963.', 'p');
insert into CandidatesData (idno) VALUES (5415);
insert into PartyMembership (pid, idno) VALUES (12, 5415);
insert into Candidacy (wkid, idno) VALUES (569, 5415);
insert into Citizen (idno, title, firstname, lastname, dateofbirth, gender) VALUES (5416, '', 'Kießling', 'Olaf', '1.1.1967.', 'p');
insert into CandidatesData (idno) VALUES (5416);
insert into PartyMembership (pid, idno) VALUES (33, 5416);
insert into Landeslistenplatz (llid, idno, position) VALUES (202, 5416, 6);
insert into Citizen (idno, title, firstname, lastname, dateofbirth, gender) VALUES (5417, '', 'Kießling', 'Tilo', '1.1.1970.', 'p');
insert into CandidatesData (idno) VALUES (5417);
insert into PartyMembership (pid, idno) VALUES (3, 5417);
insert into Candidacy (wkid, idno) VALUES (459, 5417);
insert into Citizen (idno, title, firstname, lastname, dateofbirth, gender) VALUES (5418, '', 'Kietz', 'Karsten', '1.1.1966.', 'p');
insert into CandidatesData (idno) VALUES (5418);
insert into PartyMembership (pid, idno) VALUES (32, 5418);
insert into Landeslistenplatz (llid, idno, position) VALUES (215, 5418, 11);
insert into Citizen (idno, title, firstname, lastname, dateofbirth, gender) VALUES (5419, '', 'Kik', 'Thomas', '1.1.1965.', 'p');
insert into CandidatesData (idno) VALUES (5419);
insert into PartyMembership (pid, idno) VALUES (19, 5419);
insert into Landeslistenplatz (llid, idno, position) VALUES (99, 5419, 3);
insert into Citizen (idno, title, firstname, lastname, dateofbirth, gender) VALUES (5420, '', 'Kikow', 'Peter Wilhelm Georg', '1.1.1944.', 'p');
insert into CandidatesData (idno) VALUES (5420);
insert into PartyMembership (pid, idno) VALUES (32, 5420);
insert into Landeslistenplatz (llid, idno, position) VALUES (92, 5420, 4);
insert into Citizen (idno, title, firstname, lastname, dateofbirth, gender) VALUES (5421, '', 'Kilian', 'Andrej', '1.1.1987.', 'p');
insert into CandidatesData (idno) VALUES (5421);
insert into PartyMembership (pid, idno) VALUES (31, 5421);
insert into Candidacy (wkid, idno) VALUES (573, 5421);
insert into Citizen (idno, title, firstname, lastname, dateofbirth, gender) VALUES (5422, '', 'Kilic', 'Memet', '1.1.1967.', 'p');
insert into CandidatesData (idno) VALUES (5422);
insert into PartyMembership (pid, idno) VALUES (5, 5422);
insert into Candidacy (wkid, idno) VALUES (578, 5422);
insert into Landeslistenplatz (llid, idno, position) VALUES (61, 5422, 18);
insert into Citizen (idno, title, firstname, lastname, dateofbirth, gender) VALUES (5423, '', 'Kimmle', 'Bernhard', '1.1.1960.', 'p');
insert into CandidatesData (idno) VALUES (5423);
insert into PartyMembership (pid, idno) VALUES (2, 5423);
insert into Landeslistenplatz (llid, idno, position) VALUES (71, 5423, 28);
insert into Citizen (idno, title, firstname, lastname, dateofbirth, gender) VALUES (5424, '', 'Kimpel', 'Michael', '1.1.1982.', 'p');
insert into CandidatesData (idno) VALUES (5424);
insert into PartyMembership (pid, idno) VALUES (33, 5424);
insert into Landeslistenplatz (llid, idno, position) VALUES (140, 5424, 13);
insert into Citizen (idno, title, firstname, lastname, dateofbirth, gender) VALUES (5425, '', 'Kindler', 'Daniel', '1.1.1945.', 'p');
insert into CandidatesData (idno) VALUES (5425);
insert into PartyMembership (pid, idno) VALUES (37, 5425);
insert into LandesListe (llid, year, pid, fsid) VALUES (248, 2013, 37, 26);
insert into Landeslistenplatz (llid, idno, position) VALUES (248, 5425, 2);
insert into Citizen (idno, title, firstname, lastname, dateofbirth, gender) VALUES (5426, '', 'Kindler', 'Sven-Christian', '1.1.1985.', 'p');
insert into CandidatesData (idno) VALUES (5426);
insert into PartyMembership (pid, idno) VALUES (5, 5426);
insert into Candidacy (wkid, idno) VALUES (341, 5426);
insert into Landeslistenplatz (llid, idno, position) VALUES (142, 5426, 4);
insert into Citizen (idno, title, firstname, lastname, dateofbirth, gender) VALUES (5427, '', 'Kinzler', 'Nikolaus', '1.1.1957.', 'p');
insert into CandidatesData (idno) VALUES (5427);
insert into PartyMembership (pid, idno) VALUES (33, 5427);
insert into Candidacy (wkid, idno) VALUES (584, 5427);
insert into Citizen (idno, title, firstname, lastname, dateofbirth, gender) VALUES (5428, '', 'Kipp', 'Holger', '1.1.1968.', 'p');
insert into CandidatesData (idno) VALUES (5428);
insert into PartyMembership (pid, idno) VALUES (7, 5428);
insert into Landeslistenplatz (llid, idno, position) VALUES (178, 5428, 4);
insert into Citizen (idno, title, firstname, lastname, dateofbirth, gender) VALUES (5429, 'Dr. ', 'Kippels', 'Georg', '1.1.1959.', 'p');
insert into CandidatesData (idno) VALUES (5429);
insert into PartyMembership (pid, idno) VALUES (12, 5429);
insert into Candidacy (wkid, idno) VALUES (390, 5429);
insert into Landeslistenplatz (llid, idno, position) VALUES (136, 5429, 33);
insert into Citizen (idno, title, firstname, lastname, dateofbirth, gender) VALUES (5430, '', 'Kipping', 'Katja', '1.1.1978.', 'p');
insert into CandidatesData (idno) VALUES (5430);
insert into PartyMembership (pid, idno) VALUES (3, 5430);
insert into Candidacy (wkid, idno) VALUES (458, 5430);
insert into Landeslistenplatz (llid, idno, position) VALUES (240, 5430, 1);
insert into Citizen (idno, title, firstname, lastname, dateofbirth, gender) VALUES (5431, '', 'Kirchschlager', 'Simone', '1.1.1972.', 'p');
insert into CandidatesData (idno) VALUES (5431);
insert into PartyMembership (pid, idno) VALUES (2, 5431);
insert into Landeslistenplatz (llid, idno, position) VALUES (54, 5431, 40);
insert into Citizen (idno, title, firstname, lastname, dateofbirth, gender) VALUES (5432, '', 'Kirgiane', 'Stella', '1.1.1965.', 'p');
insert into CandidatesData (idno) VALUES (5432);
insert into PartyMembership (pid, idno) VALUES (2, 5432);
insert into Candidacy (wkid, idno) VALUES (594, 5432);
insert into Landeslistenplatz (llid, idno, position) VALUES (76, 5432, 22);
insert into Citizen (idno, title, firstname, lastname, dateofbirth, gender) VALUES (5433, '', 'Kirsch', 'André Werner', '1.1.1970.', 'p');
insert into CandidatesData (idno) VALUES (5433);
insert into PartyMembership (pid, idno) VALUES (33, 5433);
insert into Landeslistenplatz (llid, idno, position) VALUES (80, 5433, 19);
insert into Citizen (idno, title, firstname, lastname, dateofbirth, gender) VALUES (5434, '', 'Kirsch', 'Steffen', '1.1.1981.', 'p');
insert into CandidatesData (idno) VALUES (5434);
insert into PartyMembership (pid, idno) VALUES (12, 5434);
insert into Landeslistenplatz (llid, idno, position) VALUES (105, 5434, 23);
insert into Citizen (idno, title, firstname, lastname, dateofbirth, gender) VALUES (5435, '', 'Kirschmann', 'Dieter', '1.1.1963.', 'p');
insert into CandidatesData (idno) VALUES (5435);
insert into PartyMembership (pid, idno) VALUES (35, 5435);
insert into Landeslistenplatz (llid, idno, position) VALUES (66, 5435, 6);
insert into Citizen (idno, title, firstname, lastname, dateofbirth, gender) VALUES (5436, '', 'Kirschner', 'Franz Friedrich', '1.1.1965.', 'p');
insert into CandidatesData (idno) VALUES (5436);
insert into PartyMembership (pid, idno) VALUES (29, 5436);
insert into Landeslistenplatz (llid, idno, position) VALUES (31, 5436, 32);
insert into Citizen (idno, title, firstname, lastname, dateofbirth, gender) VALUES (5437, 'Dr. ', 'Kirstan', 'Ralf', '1.1.1974.', 'p');
insert into CandidatesData (idno) VALUES (5437);
insert into PartyMembership (pid, idno) VALUES (4, 5437);
insert into Candidacy (wkid, idno) VALUES (339, 5437);
insert into Citizen (idno, title, firstname, lastname, dateofbirth, gender) VALUES (5438, '', 'Kirsten', 'Thomas Egon', '1.1.1953.', 'p');
insert into CandidatesData (idno) VALUES (5438);
insert into PartyMembership (pid, idno) VALUES (32, 5438);
insert into Landeslistenplatz (llid, idno, position) VALUES (215, 5438, 8);
insert into Citizen (idno, title, firstname, lastname, dateofbirth, gender) VALUES (5439, '', 'Kissel', 'Martin', '1.1.1958.', 'p');
insert into CandidatesData (idno) VALUES (5439);
insert into Candidacy (wkid, idno) VALUES (580, 5439);
insert into Citizen (idno, title, firstname, lastname, dateofbirth, gender) VALUES (5440, '', 'Kistermann', 'Thomas', '1.1.1970.', 'p');
insert into CandidatesData (idno) VALUES (5440);
insert into PartyMembership (pid, idno) VALUES (13, 5440);
insert into Landeslistenplatz (llid, idno, position) VALUES (34, 5440, 15);
insert into Citizen (idno, title, firstname, lastname, dateofbirth, gender) VALUES (5441, '', 'Kisters', 'Stefan', '1.1.1966.', 'p');
insert into CandidatesData (idno) VALUES (5441);
insert into PartyMembership (pid, idno) VALUES (5, 5441);
insert into Candidacy (wkid, idno) VALUES (513, 5441);
insert into Landeslistenplatz (llid, idno, position) VALUES (65, 5441, 50);
insert into Citizen (idno, title, firstname, lastname, dateofbirth, gender) VALUES (5442, '', 'Kiziltepe', 'Cansel', '1.1.1975.', 'p');
insert into CandidatesData (idno) VALUES (5442);
insert into PartyMembership (pid, idno) VALUES (2, 5442);
insert into Candidacy (wkid, idno) VALUES (382, 5442);
insert into Landeslistenplatz (llid, idno, position) VALUES (179, 5442, 5);
insert into Citizen (idno, title, firstname, lastname, dateofbirth, gender) VALUES (5443, '', 'Klampe', 'Olaf', '1.1.1955.', 'p');
insert into CandidatesData (idno) VALUES (5443);
insert into PartyMembership (pid, idno) VALUES (4, 5443);
insert into Candidacy (wkid, idno) VALUES (306, 5443);
insert into Landeslistenplatz (llid, idno, position) VALUES (78, 5443, 11);
insert into Citizen (idno, title, firstname, lastname, dateofbirth, gender) VALUES (5444, '', 'Klamt', 'Guido', '1.1.1970.', 'p');
insert into CandidatesData (idno) VALUES (5444);
insert into PartyMembership (pid, idno) VALUES (36, 5444);
insert into Candidacy (wkid, idno) VALUES (566, 5444);
insert into Landeslistenplatz (llid, idno, position) VALUES (118, 5444, 9);
insert into Citizen (idno, title, firstname, lastname, dateofbirth, gender) VALUES (5445, 'Prof. Dr. ', 'Klapdor', 'Ralf', '1.1.1969.', 'p');
insert into CandidatesData (idno) VALUES (5445);
insert into PartyMembership (pid, idno) VALUES (4, 5445);
insert into Candidacy (wkid, idno) VALUES (411, 5445);
insert into Landeslistenplatz (llid, idno, position) VALUES (98, 5445, 17);
insert into Citizen (idno, title, firstname, lastname, dateofbirth, gender) VALUES (5446, '', 'Klapproth', 'Arndt', '1.1.1971.', 'p');
insert into CandidatesData (idno) VALUES (5446);
insert into PartyMembership (pid, idno) VALUES (33, 5446);
insert into Candidacy (wkid, idno) VALUES (369, 5446);
insert into Citizen (idno, title, firstname, lastname, dateofbirth, gender) VALUES (5447, '', 'Klar', 'Andreas', '1.1.1959.', 'p');
insert into CandidatesData (idno) VALUES (5447);
insert into PartyMembership (pid, idno) VALUES (1, 5447);
insert into Candidacy (wkid, idno) VALUES (370, 5447);
insert into Citizen (idno, title, firstname, lastname, dateofbirth, gender) VALUES (5448, '', 'Klare', 'Arno', '1.1.1952.', 'p');
insert into CandidatesData (idno) VALUES (5448);
insert into PartyMembership (pid, idno) VALUES (2, 5448);
insert into Candidacy (wkid, idno) VALUES (417, 5448);
insert into Landeslistenplatz (llid, idno, position) VALUES (73, 5448, 51);
insert into Citizen (idno, title, firstname, lastname, dateofbirth, gender) VALUES (5449, '', 'Klare', 'Wilfried Otto Erich', '1.1.1938.', 'p');
insert into CandidatesData (idno) VALUES (5449);
insert into PartyMembership (pid, idno) VALUES (21, 5449);
insert into Candidacy (wkid, idno) VALUES (364, 5449);
insert into Citizen (idno, title, firstname, lastname, dateofbirth, gender) VALUES (5450, '', 'Klaus', 'Helmut', '1.1.1949.', 'p');
insert into CandidatesData (idno) VALUES (5450);
insert into PartyMembership (pid, idno) VALUES (19, 5450);
insert into Landeslistenplatz (llid, idno, position) VALUES (40, 5450, 32);
insert into Citizen (idno, title, firstname, lastname, dateofbirth, gender) VALUES (5451, '', 'Klaus', 'Richard Bodo', '1.1.1965.', 'p');
insert into CandidatesData (idno) VALUES (5451);
insert into PartyMembership (pid, idno) VALUES (7, 5451);
insert into Candidacy (wkid, idno) VALUES (329, 5451);
insert into Citizen (idno, title, firstname, lastname, dateofbirth, gender) VALUES (5452, '', 'Klaus', 'Roland', '1.1.1970.', 'p');
insert into CandidatesData (idno) VALUES (5452);
insert into PartyMembership (pid, idno) VALUES (33, 5452);
insert into Landeslistenplatz (llid, idno, position) VALUES (36, 5452, 2);
insert into Citizen (idno, title, firstname, lastname, dateofbirth, gender) VALUES (5453, '', 'Klawun', 'Werner Georg', '1.1.1942.', 'p');
insert into CandidatesData (idno) VALUES (5453);
insert into Candidacy (wkid, idno) VALUES (458, 5453);
insert into Citizen (idno, title, firstname, lastname, dateofbirth, gender) VALUES (5454, '', 'Klebe', 'Torben', '1.1.1976.', 'p');
insert into CandidatesData (idno) VALUES (5454);
insert into PartyMembership (pid, idno) VALUES (1, 5454);
insert into Candidacy (wkid, idno) VALUES (317, 5454);
insert into Landeslistenplatz (llid, idno, position) VALUES (39, 5454, 2);
insert into Citizen (idno, title, firstname, lastname, dateofbirth, gender) VALUES (5455, '', 'Kleem', 'Harald', '1.1.1954.', 'p');
insert into CandidatesData (idno) VALUES (5455);
insert into PartyMembership (pid, idno) VALUES (5, 5455);
insert into Candidacy (wkid, idno) VALUES (324, 5455);
insert into Citizen (idno, title, firstname, lastname, dateofbirth, gender) VALUES (5456, '', 'Kleemann', 'Peter', '1.1.1982.', 'p');
insert into CandidatesData (idno) VALUES (5456);
insert into PartyMembership (pid, idno) VALUES (19, 5456);
insert into Landeslistenplatz (llid, idno, position) VALUES (208, 5456, 3);
insert into Citizen (idno, title, firstname, lastname, dateofbirth, gender) VALUES (5457, '', 'Kleffel', 'Käthe', '1.1.1951.', 'p');
insert into CandidatesData (idno) VALUES (5457);
insert into PartyMembership (pid, idno) VALUES (13, 5457);
insert into Landeslistenplatz (llid, idno, position) VALUES (203, 5457, 2);
insert into Citizen (idno, title, firstname, lastname, dateofbirth, gender) VALUES (5458, '', 'Kleffel', 'Kurt-Peter', '1.1.1953.', 'p');
insert into CandidatesData (idno) VALUES (5458);
insert into PartyMembership (pid, idno) VALUES (13, 5458);
insert into Candidacy (wkid, idno) VALUES (340, 5458);
insert into Citizen (idno, title, firstname, lastname, dateofbirth, gender) VALUES (5459, '', 'Kleiber', 'Michael', '1.1.1984.', 'p');
insert into CandidatesData (idno) VALUES (5459);
insert into PartyMembership (pid, idno) VALUES (2, 5459);
insert into Landeslistenplatz (llid, idno, position) VALUES (64, 5459, 10);
insert into Citizen (idno, title, firstname, lastname, dateofbirth, gender) VALUES (5460, '', 'Kleiminger', 'Christian', '1.1.1965.', 'p');
insert into CandidatesData (idno) VALUES (5460);
insert into PartyMembership (pid, idno) VALUES (2, 5460);
insert into Candidacy (wkid, idno) VALUES (313, 5460);
insert into Landeslistenplatz (llid, idno, position) VALUES (225, 5460, 5);
insert into Citizen (idno, title, firstname, lastname, dateofbirth, gender) VALUES (5461, '', 'Klein', 'Christian', '1.1.1981.', 'p');
insert into CandidatesData (idno) VALUES (5461);
insert into PartyMembership (pid, idno) VALUES (12, 5461);
insert into Landeslistenplatz (llid, idno, position) VALUES (212, 5461, 11);
insert into Citizen (idno, title, firstname, lastname, dateofbirth, gender) VALUES (5462, '', 'Klein', 'Elfriede', '1.1.1955.', 'p');
insert into CandidatesData (idno) VALUES (5462);
insert into PartyMembership (pid, idno) VALUES (5, 5462);
insert into Candidacy (wkid, idno) VALUES (556, 5462);
insert into Landeslistenplatz (llid, idno, position) VALUES (65, 5462, 37);
insert into Citizen (idno, title, firstname, lastname, dateofbirth, gender) VALUES (5463, '', 'Klein', 'Kurt Alexander', '1.1.1967.', 'p');
insert into CandidatesData (idno) VALUES (5463);
insert into PartyMembership (pid, idno) VALUES (7, 5463);
insert into Candidacy (wkid, idno) VALUES (415, 5463);
insert into Citizen (idno, title, firstname, lastname, dateofbirth, gender) VALUES (5464, '', 'Klein', 'Manuel', '1.1.1991.', 'p');
insert into CandidatesData (idno) VALUES (5464);
insert into PartyMembership (pid, idno) VALUES (1, 5464);
insert into Landeslistenplatz (llid, idno, position) VALUES (86, 5464, 6);
insert into Citizen (idno, title, firstname, lastname, dateofbirth, gender) VALUES (5465, '', 'Klein', 'Markus', '1.1.1973.', 'p');
insert into CandidatesData (idno) VALUES (5465);
insert into PartyMembership (pid, idno) VALUES (33, 5465);
insert into Landeslistenplatz (llid, idno, position) VALUES (63, 5465, 22);
insert into Citizen (idno, title, firstname, lastname, dateofbirth, gender) VALUES (5466, '', 'Klein', 'Martin', '1.1.1959.', 'p');
insert into CandidatesData (idno) VALUES (5466);
insert into PartyMembership (pid, idno) VALUES (3, 5466);
insert into Candidacy (wkid, idno) VALUES (504, 5466);
insert into Landeslistenplatz (llid, idno, position) VALUES (183, 5466, 6);
insert into Citizen (idno, title, firstname, lastname, dateofbirth, gender) VALUES (5467, '', 'Klein', 'Michael', '1.1.1980.', 'p');
insert into CandidatesData (idno) VALUES (5467);
insert into PartyMembership (pid, idno) VALUES (7, 5467);
insert into Candidacy (wkid, idno) VALUES (596, 5467);
insert into Citizen (idno, title, firstname, lastname, dateofbirth, gender) VALUES (5468, '', 'Klein', 'Peter', '1.1.1965.', 'p');
insert into CandidatesData (idno) VALUES (5468);
insert into PartyMembership (pid, idno) VALUES (7, 5468);
insert into Candidacy (wkid, idno) VALUES (413, 5468);
insert into Citizen (idno, title, firstname, lastname, dateofbirth, gender) VALUES (5469, '', 'Klein', 'Volkmar', '1.1.1960.', 'p');
insert into CandidatesData (idno) VALUES (5469);
insert into PartyMembership (pid, idno) VALUES (12, 5469);
insert into Candidacy (wkid, idno) VALUES (447, 5469);
insert into Landeslistenplatz (llid, idno, position) VALUES (136, 5469, 27);
insert into Citizen (idno, title, firstname, lastname, dateofbirth, gender) VALUES (5470, '', 'Klein-Ridder', 'Ludger', '1.1.1948.', 'p');
insert into CandidatesData (idno) VALUES (5470);
insert into PartyMembership (pid, idno) VALUES (3, 5470);
insert into Candidacy (wkid, idno) VALUES (430, 5470);
insert into Citizen (idno, title, firstname, lastname, dateofbirth, gender) VALUES (5471, '', 'Klein-Schmeink', 'Maria Anna', '1.1.1958.', 'p');
insert into CandidatesData (idno) VALUES (5471);
insert into PartyMembership (pid, idno) VALUES (5, 5471);
insert into Candidacy (wkid, idno) VALUES (428, 5471);
insert into Landeslistenplatz (llid, idno, position) VALUES (83, 5471, 11);
insert into Citizen (idno, title, firstname, lastname, dateofbirth, gender) VALUES (5472, '', 'Klemptner', 'Ronald', '1.1.1949.', 'p');
insert into CandidatesData (idno) VALUES (5472);
insert into PartyMembership (pid, idno) VALUES (31, 5472);
insert into Landeslistenplatz (llid, idno, position) VALUES (123, 5472, 19);
insert into Citizen (idno, title, firstname, lastname, dateofbirth, gender) VALUES (5473, '', 'Klenhart', 'Heidrich Torwald', '1.1.1975.', 'p');
insert into CandidatesData (idno) VALUES (5473);
insert into PartyMembership (pid, idno) VALUES (1, 5473);
insert into Candidacy (wkid, idno) VALUES (531, 5473);
insert into Landeslistenplatz (llid, idno, position) VALUES (216, 5473, 7);
insert into Citizen (idno, title, firstname, lastname, dateofbirth, gender) VALUES (5474, '', 'Klepper', 'Martin', '1.1.1961.', 'p');
insert into CandidatesData (idno) VALUES (5474);
insert into PartyMembership (pid, idno) VALUES (29, 5474);
insert into Landeslistenplatz (llid, idno, position) VALUES (31, 5474, 17);
insert into Citizen (idno, title, firstname, lastname, dateofbirth, gender) VALUES (5475, '', 'Klepper', 'Nora', '1.1.1994.', 'p');
insert into CandidatesData (idno) VALUES (5475);
insert into PartyMembership (pid, idno) VALUES (29, 5475);
insert into Landeslistenplatz (llid, idno, position) VALUES (31, 5475, 34);
insert into Citizen (idno, title, firstname, lastname, dateofbirth, gender) VALUES (5476, '', 'Kleppisius', 'Joachim Harri', '1.1.1953.', 'p');
insert into CandidatesData (idno) VALUES (5476);
insert into PartyMembership (pid, idno) VALUES (1, 5476);
insert into Candidacy (wkid, idno) VALUES (449, 5476);
insert into Citizen (idno, title, firstname, lastname, dateofbirth, gender) VALUES (5477, '', 'Kleudgen', 'Wolfgang', '1.1.1963.', 'p');
insert into CandidatesData (idno) VALUES (5477);
insert into PartyMembership (pid, idno) VALUES (3, 5477);
insert into Candidacy (wkid, idno) VALUES (501, 5477);
insert into Citizen (idno, title, firstname, lastname, dateofbirth, gender) VALUES (5478, '', 'Klie', 'Hermann', '1.1.1978.', 'p');
insert into CandidatesData (idno) VALUES (5478);
insert into PartyMembership (pid, idno) VALUES (33, 5478);
insert into Candidacy (wkid, idno) VALUES (538, 5478);
insert into Landeslistenplatz (llid, idno, position) VALUES (166, 5478, 38);
insert into Citizen (idno, title, firstname, lastname, dateofbirth, gender) VALUES (5479, '', 'Klimke', 'Jürgen', '1.1.1948.', 'p');
insert into CandidatesData (idno) VALUES (5479);
insert into PartyMembership (pid, idno) VALUES (12, 5479);
insert into Landeslistenplatz (llid, idno, position) VALUES (222, 5479, 5);
insert into Citizen (idno, title, firstname, lastname, dateofbirth, gender) VALUES (5480, '', 'Klingbeil', 'Lars', '1.1.1978.', 'p');
insert into CandidatesData (idno) VALUES (5480);
insert into PartyMembership (pid, idno) VALUES (2, 5480);
insert into Candidacy (wkid, idno) VALUES (334, 5480);
insert into Landeslistenplatz (llid, idno, position) VALUES (69, 5480, 9);
insert into Citizen (idno, title, firstname, lastname, dateofbirth, gender) VALUES (5481, 'Dr. ', 'Klinge', 'Marcel', '1.1.1980.', 'p');
insert into CandidatesData (idno) VALUES (5481);
insert into PartyMembership (pid, idno) VALUES (4, 5481);
insert into Candidacy (wkid, idno) VALUES (585, 5481);
insert into Landeslistenplatz (llid, idno, position) VALUES (51, 5481, 18);
insert into Citizen (idno, title, firstname, lastname, dateofbirth, gender) VALUES (5482, '', 'Klinge', 'Jörg', '1.1.1970.', 'p');
insert into CandidatesData (idno) VALUES (5482);
insert into PartyMembership (pid, idno) VALUES (2, 5482);
insert into Landeslistenplatz (llid, idno, position) VALUES (54, 5482, 31);
insert into Citizen (idno, title, firstname, lastname, dateofbirth, gender) VALUES (5483, '', 'Klingel', 'Beatrix', '1.1.1954.', 'p');
insert into CandidatesData (idno) VALUES (5483);
insert into PartyMembership (pid, idno) VALUES (33, 5483);
insert into Landeslistenplatz (llid, idno, position) VALUES (63, 5483, 10);
insert into Citizen (idno, title, firstname, lastname, dateofbirth, gender) VALUES (5484, '', 'Klingenberg', 'Birgit', '1.1.1964.', 'p');
insert into CandidatesData (idno) VALUES (5484);
insert into PartyMembership (pid, idno) VALUES (7, 5484);
insert into Landeslistenplatz (llid, idno, position) VALUES (221, 5484, 4);
insert into Citizen (idno, title, firstname, lastname, dateofbirth, gender) VALUES (5485, '', 'Klingenberg', 'Willy Walter', '1.1.1962.', 'p');
insert into CandidatesData (idno) VALUES (5485);
insert into PartyMembership (pid, idno) VALUES (32, 5485);
insert into Candidacy (wkid, idno) VALUES (335, 5485);
insert into Landeslistenplatz (llid, idno, position) VALUES (108, 5485, 1);
insert into Citizen (idno, title, firstname, lastname, dateofbirth, gender) VALUES (5486, '', 'Klingenburg-Pülm', 'Silvia Brigitte', '1.1.1953.', 'p');
insert into CandidatesData (idno) VALUES (5486);
insert into PartyMembership (pid, idno) VALUES (5, 5486);
insert into Candidacy (wkid, idno) VALUES (340, 5486);
insert into Landeslistenplatz (llid, idno, position) VALUES (142, 5486, 19);
insert into Citizen (idno, title, firstname, lastname, dateofbirth, gender) VALUES (5487, '', 'Klis', 'Peter Karol', '1.1.1956.', 'p');
insert into CandidatesData (idno) VALUES (5487);
insert into Candidacy (wkid, idno) VALUES (472, 5487);
insert into Citizen (idno, title, firstname, lastname, dateofbirth, gender) VALUES (5488, '', 'Klitzsch', 'Klaus', '1.1.1969.', 'p');
insert into CandidatesData (idno) VALUES (5488);
insert into PartyMembership (pid, idno) VALUES (32, 5488);
insert into Candidacy (wkid, idno) VALUES (323, 5488);
insert into Citizen (idno, title, firstname, lastname, dateofbirth, gender) VALUES (5489, '', 'Klobuczynski', 'Christian Bruno', '1.1.1966.', 'p');
insert into CandidatesData (idno) VALUES (5489);
insert into PartyMembership (pid, idno) VALUES (32, 5489);
insert into Landeslistenplatz (llid, idno, position) VALUES (141, 5489, 11);
insert into Citizen (idno, title, firstname, lastname, dateofbirth, gender) VALUES (5490, '', 'Klömmer', 'Thomas', '1.1.1982.', 'p');
insert into CandidatesData (idno) VALUES (5490);
insert into PartyMembership (pid, idno) VALUES (12, 5490);
insert into Landeslistenplatz (llid, idno, position) VALUES (159, 5490, 27);
insert into Citizen (idno, title, firstname, lastname, dateofbirth, gender) VALUES (5491, '', 'Klostermann', 'Michael', '1.1.1978.', 'p');
insert into CandidatesData (idno) VALUES (5491);
insert into PartyMembership (pid, idno) VALUES (2, 5491);
insert into Candidacy (wkid, idno) VALUES (489, 5491);
insert into Landeslistenplatz (llid, idno, position) VALUES (154, 5491, 8);
insert into Citizen (idno, title, firstname, lastname, dateofbirth, gender) VALUES (5492, '', 'Klotzsche', 'Günther Mario', '1.1.1977.', 'p');
insert into CandidatesData (idno) VALUES (5492);
insert into PartyMembership (pid, idno) VALUES (4, 5492);
insert into Candidacy (wkid, idno) VALUES (473, 5492);
insert into Landeslistenplatz (llid, idno, position) VALUES (116, 5492, 14);
insert into Citizen (idno, title, firstname, lastname, dateofbirth, gender) VALUES (5493, 'Dr. ', 'Kluckert', 'Sebastian', '1.1.1974.', 'p');
insert into CandidatesData (idno) VALUES (5493);
insert into PartyMembership (pid, idno) VALUES (4, 5493);
insert into Candidacy (wkid, idno) VALUES (381, 5493);
insert into Citizen (idno, title, firstname, lastname, dateofbirth, gender) VALUES (5494, '', 'Klüver', 'Dennis', '1.1.1965.', 'p');
insert into CandidatesData (idno) VALUES (5494);
insert into PartyMembership (pid, idno) VALUES (7, 5494);
insert into Candidacy (wkid, idno) VALUES (312, 5494);
insert into Landeslistenplatz (llid, idno, position) VALUES (109, 5494, 5);
insert into Citizen (idno, title, firstname, lastname, dateofbirth, gender) VALUES (5495, '', 'Klute', 'Thorsten', '1.1.1974.', 'p');
insert into CandidatesData (idno) VALUES (5495);
insert into PartyMembership (pid, idno) VALUES (2, 5495);
insert into Candidacy (wkid, idno) VALUES (430, 5495);
insert into Citizen (idno, title, firstname, lastname, dateofbirth, gender) VALUES (5496, '', 'Kmietczyk', 'Dieter', '1.1.1949.', 'p');
insert into CandidatesData (idno) VALUES (5496);
insert into PartyMembership (pid, idno) VALUES (5, 5496);
insert into Candidacy (wkid, idno) VALUES (372, 5496);
insert into Citizen (idno, title, firstname, lastname, dateofbirth, gender) VALUES (5497, '', 'Knapp', 'Franz Jochen', '1.1.1955.', 'p');
insert into CandidatesData (idno) VALUES (5497);
insert into PartyMembership (pid, idno) VALUES (33, 5497);
insert into Candidacy (wkid, idno) VALUES (556, 5497);
insert into Citizen (idno, title, firstname, lastname, dateofbirth, gender) VALUES (5498, '', 'Knebel', 'Daniel', '1.1.1984.', 'p');
insert into CandidatesData (idno) VALUES (5498);
insert into PartyMembership (pid, idno) VALUES (1, 5498);
insert into Candidacy (wkid, idno) VALUES (478, 5498);
insert into Citizen (idno, title, firstname, lastname, dateofbirth, gender) VALUES (5499, '', 'Knies', 'Hans-Horst', '1.1.1954.', 'p');
insert into CandidatesData (idno) VALUES (5499);
insert into PartyMembership (pid, idno) VALUES (3, 5499);
insert into Candidacy (wkid, idno) VALUES (471, 5499);
insert into Citizen (idno, title, firstname, lastname, dateofbirth, gender) VALUES (5500, '', 'Knobloch', 'Michael', '1.1.1977.', 'p');
insert into CandidatesData (idno) VALUES (5500);
insert into PartyMembership (pid, idno) VALUES (1, 5500);
insert into Landeslistenplatz (llid, idno, position) VALUES (171, 5500, 6);
insert into Citizen (idno, title, firstname, lastname, dateofbirth, gender) VALUES (5501, '', 'Knoche', 'Matthias', '1.1.1961.', 'p');
insert into CandidatesData (idno) VALUES (5501);
insert into PartyMembership (pid, idno) VALUES (5, 5501);
insert into Candidacy (wkid, idno) VALUES (470, 5501);
insert into Landeslistenplatz (llid, idno, position) VALUES (144, 5501, 8);
insert into Citizen (idno, title, firstname, lastname, dateofbirth, gender) VALUES (5502, '', 'Knoerig', 'Axel', '1.1.1967.', 'p');
insert into CandidatesData (idno) VALUES (5502);
insert into PartyMembership (pid, idno) VALUES (12, 5502);
insert into Candidacy (wkid, idno) VALUES (332, 5502);
insert into Landeslistenplatz (llid, idno, position) VALUES (44, 5502, 13);
insert into Citizen (idno, title, firstname, lastname, dateofbirth, gender) VALUES (5503, 'Dr. ', 'Knopek', 'Lutz', '1.1.1958.', 'p');
insert into CandidatesData (idno) VALUES (5503);
insert into PartyMembership (pid, idno) VALUES (4, 5503);
insert into Candidacy (wkid, idno) VALUES (352, 5503);
insert into Citizen (idno, title, firstname, lastname, dateofbirth, gender) VALUES (5504, '', 'Knopf', 'Sebastian', '1.1.1977.', 'p');
insert into CandidatesData (idno) VALUES (5504);
insert into PartyMembership (pid, idno) VALUES (3, 5504);
insert into Candidacy (wkid, idno) VALUES (506, 5504);
insert into Citizen (idno, title, firstname, lastname, dateofbirth, gender) VALUES (5505, '', 'Knott', 'Thorsten', '1.1.1974.', 'p');
insert into CandidatesData (idno) VALUES (5505);
insert into PartyMembership (pid, idno) VALUES (4, 5505);
insert into Candidacy (wkid, idno) VALUES (397, 5505);
insert into Landeslistenplatz (llid, idno, position) VALUES (98, 5505, 47);
insert into Citizen (idno, title, firstname, lastname, dateofbirth, gender) VALUES (5506, '', 'Knotte', 'Heiko', '1.1.1973.', 'p');
insert into CandidatesData (idno) VALUES (5506);
insert into PartyMembership (pid, idno) VALUES (7, 5506);
insert into Candidacy (wkid, idno) VALUES (398, 5506);
insert into Citizen (idno, title, firstname, lastname, dateofbirth, gender) VALUES (5507, '', 'Knuffke', 'Frank', '1.1.1965.', 'p');
insert into CandidatesData (idno) VALUES (5507);
insert into PartyMembership (pid, idno) VALUES (1, 5507);
insert into Candidacy (wkid, idno) VALUES (361, 5507);
insert into Landeslistenplatz (llid, idno, position) VALUES (132, 5507, 7);
insert into Citizen (idno, title, firstname, lastname, dateofbirth, gender) VALUES (5508, '', 'Knur', 'Sabine', '1.1.1964.', 'p');
insert into CandidatesData (idno) VALUES (5508);
insert into PartyMembership (pid, idno) VALUES (33, 5508);
insert into Candidacy (wkid, idno) VALUES (576, 5508);
insert into Landeslistenplatz (llid, idno, position) VALUES (140, 5508, 15);
insert into Citizen (idno, title, firstname, lastname, dateofbirth, gender) VALUES (5509, '', 'Kober', 'Pascal', '1.1.1971.', 'p');
insert into CandidatesData (idno) VALUES (5509);
insert into PartyMembership (pid, idno) VALUES (4, 5509);
insert into Candidacy (wkid, idno) VALUES (588, 5509);
insert into Landeslistenplatz (llid, idno, position) VALUES (51, 5509, 7);
insert into Citizen (idno, title, firstname, lastname, dateofbirth, gender) VALUES (5510, '', 'Kocak', 'Ali', '1.1.1970.', 'p');
insert into CandidatesData (idno) VALUES (5510);
insert into PartyMembership (pid, idno) VALUES (34, 5510);
insert into Landeslistenplatz (llid, idno, position) VALUES (50, 5510, 6);
insert into Citizen (idno, title, firstname, lastname, dateofbirth, gender) VALUES (5511, '', 'Kocak', 'Yilmaz', '1.1.1968.', 'p');
insert into CandidatesData (idno) VALUES (5511);
insert into PartyMembership (pid, idno) VALUES (34, 5511);
insert into Landeslistenplatz (llid, idno, position) VALUES (50, 5511, 10);
insert into Citizen (idno, title, firstname, lastname, dateofbirth, gender) VALUES (5512, '', 'Koch', 'Gerrit', '1.1.1969.', 'p');
insert into CandidatesData (idno) VALUES (5512);
insert into PartyMembership (pid, idno) VALUES (4, 5512);
insert into Candidacy (wkid, idno) VALUES (310, 5512);
insert into Landeslistenplatz (llid, idno, position) VALUES (78, 5512, 10);
insert into Citizen (idno, title, firstname, lastname, dateofbirth, gender) VALUES (5513, '', 'Koch', 'Harald', '1.1.1954.', 'p');
insert into CandidatesData (idno) VALUES (5513);
insert into PartyMembership (pid, idno) VALUES (3, 5513);
insert into Candidacy (wkid, idno) VALUES (373, 5513);
insert into Citizen (idno, title, firstname, lastname, dateofbirth, gender) VALUES (5514, '', 'Koch', 'Hildegunde', '1.1.1956.', 'p');
insert into CandidatesData (idno) VALUES (5514);
insert into PartyMembership (pid, idno) VALUES (36, 5514);
insert into Landeslistenplatz (llid, idno, position) VALUES (149, 5514, 22);
insert into Citizen (idno, title, firstname, lastname, dateofbirth, gender) VALUES (5515, '', 'Koch', 'Klaus', '1.1.1959.', 'p');
insert into CandidatesData (idno) VALUES (5515);
insert into PartyMembership (pid, idno) VALUES (4, 5515);
insert into Landeslistenplatz (llid, idno, position) VALUES (120, 5515, 22);
insert into Citizen (idno, title, firstname, lastname, dateofbirth, gender) VALUES (5516, '', 'Koch', 'Martina', '1.1.1968.', 'p');
insert into CandidatesData (idno) VALUES (5516);
insert into PartyMembership (pid, idno) VALUES (12, 5516);
insert into Landeslistenplatz (llid, idno, position) VALUES (159, 5516, 22);
insert into Citizen (idno, title, firstname, lastname, dateofbirth, gender) VALUES (5517, '', 'Koch', 'Matthias', '1.1.1960.', 'p');
insert into CandidatesData (idno) VALUES (5517);
insert into PartyMembership (pid, idno) VALUES (1, 5517);
insert into Candidacy (wkid, idno) VALUES (452, 5517);
insert into Citizen (idno, title, firstname, lastname, dateofbirth, gender) VALUES (5518, '', 'Koch', 'Sandra', '1.1.1971.', 'p');
insert into CandidatesData (idno) VALUES (5518);
insert into PartyMembership (pid, idno) VALUES (2, 5518);
insert into Landeslistenplatz (llid, idno, position) VALUES (77, 5518, 13);
insert into Citizen (idno, title, firstname, lastname, dateofbirth, gender) VALUES (5519, '', 'Koch', 'Stefan', '1.1.1966.', 'p');
insert into CandidatesData (idno) VALUES (5519);
insert into PartyMembership (pid, idno) VALUES (1, 5519);
insert into Candidacy (wkid, idno) VALUES (308, 5519);
insert into Landeslistenplatz (llid, idno, position) VALUES (230, 5519, 5);
insert into Citizen (idno, title, firstname, lastname, dateofbirth, gender) VALUES (5520, '', 'Koczy', 'Ute Maria Christine', '1.1.1961.', 'p');
insert into CandidatesData (idno) VALUES (5520);
insert into PartyMembership (pid, idno) VALUES (5, 5520);
insert into Candidacy (wkid, idno) VALUES (434, 5520);
insert into Landeslistenplatz (llid, idno, position) VALUES (83, 5520, 15);
insert into Citizen (idno, title, firstname, lastname, dateofbirth, gender) VALUES (5521, '', 'Köhler', 'Eberhard', '1.1.1938.', 'p');
insert into CandidatesData (idno) VALUES (5521);
insert into PartyMembership (pid, idno) VALUES (19, 5521);
insert into Candidacy (wkid, idno) VALUES (560, 5521);
insert into Citizen (idno, title, firstname, lastname, dateofbirth, gender) VALUES (5522, '', 'Köhler', 'Florian', '1.1.1983.', 'p');
insert into CandidatesData (idno) VALUES (5522);
insert into PartyMembership (pid, idno) VALUES (7, 5522);
insert into Landeslistenplatz (llid, idno, position) VALUES (48, 5522, 23);
insert into Citizen (idno, title, firstname, lastname, dateofbirth, gender) VALUES (5523, '', 'Köhler', 'Frank Herbert Karl', '1.1.1961.', 'p');
insert into CandidatesData (idno) VALUES (5523);
insert into PartyMembership (pid, idno) VALUES (19, 5523);
insert into Candidacy (wkid, idno) VALUES (511, 5523);
insert into Citizen (idno, title, firstname, lastname, dateofbirth, gender) VALUES (5524, '', 'Köhler', 'Heiko', '1.1.1974.', 'p');
insert into CandidatesData (idno) VALUES (5524);
insert into PartyMembership (pid, idno) VALUES (1, 5524);
insert into Candidacy (wkid, idno) VALUES (570, 5524);
insert into Landeslistenplatz (llid, idno, position) VALUES (136, 5524, 5);
insert into Citizen (idno, title, firstname, lastname, dateofbirth, gender) VALUES (5525, '', 'Köhler', 'Jens', '1.1.1965.', 'p');
insert into CandidatesData (idno) VALUES (5525);
insert into Candidacy (wkid, idno) VALUES (435, 5525);
insert into Citizen (idno, title, firstname, lastname, dateofbirth, gender) VALUES (5526, '', 'Köhler', 'Klaus Dieter', '1.1.1961.', 'p');
insert into CandidatesData (idno) VALUES (5526);
insert into PartyMembership (pid, idno) VALUES (3, 5526);
insert into Candidacy (wkid, idno) VALUES (569, 5526);
insert into Citizen (idno, title, firstname, lastname, dateofbirth, gender) VALUES (5527, '', 'Köhler-Hohlfeld', 'Torsten', '1.1.1963.', 'p');
insert into CandidatesData (idno) VALUES (5527);
insert into PartyMembership (pid, idno) VALUES (4, 5527);
insert into Candidacy (wkid, idno) VALUES (491, 5527);
insert into Landeslistenplatz (llid, idno, position) VALUES (168, 5527, 2);
insert into Citizen (idno, title, firstname, lastname, dateofbirth, gender) VALUES (5528, '', 'Kölblin', 'Karl', '1.1.1949.', 'p');
insert into CandidatesData (idno) VALUES (5528);
insert into PartyMembership (pid, idno) VALUES (19, 5528);
insert into Landeslistenplatz (llid, idno, position) VALUES (182, 5528, 16);
insert into Citizen (idno, title, firstname, lastname, dateofbirth, gender) VALUES (5529, '', 'Kölle', 'Christian Traugott', '1.1.1952.', 'p');
insert into CandidatesData (idno) VALUES (5529);
insert into PartyMembership (pid, idno) VALUES (13, 5529);
insert into Landeslistenplatz (llid, idno, position) VALUES (90, 5529, 6);
insert into Citizen (idno, title, firstname, lastname, dateofbirth, gender) VALUES (5530, '', 'Köllner', 'Martina Katharina', '1.1.1963.', 'p');
insert into CandidatesData (idno) VALUES (5530);
insert into PartyMembership (pid, idno) VALUES (2, 5530);
insert into Landeslistenplatz (llid, idno, position) VALUES (54, 5530, 22);
insert into Citizen (idno, title, firstname, lastname, dateofbirth, gender) VALUES (5531, '', 'Kölmel', 'Bernd', '1.1.1958.', 'p');
insert into CandidatesData (idno) VALUES (5531);
insert into PartyMembership (pid, idno) VALUES (33, 5531);
insert into Candidacy (wkid, idno) VALUES (572, 5531);
insert into Landeslistenplatz (llid, idno, position) VALUES (140, 5531, 1);
insert into Citizen (idno, title, firstname, lastname, dateofbirth, gender) VALUES (5532, '', 'Kömpel', 'Birgit', '1.1.1967.', 'p');
insert into CandidatesData (idno) VALUES (5532);
insert into PartyMembership (pid, idno) VALUES (2, 5532);
insert into Candidacy (wkid, idno) VALUES (473, 5532);
insert into Landeslistenplatz (llid, idno, position) VALUES (54, 5532, 14);
insert into Citizen (idno, title, firstname, lastname, dateofbirth, gender) VALUES (5533, '', 'König', 'Dagmar', '1.1.1955.', 'p');
insert into CandidatesData (idno) VALUES (5533);
insert into PartyMembership (pid, idno) VALUES (12, 5533);
insert into Landeslistenplatz (llid, idno, position) VALUES (117, 5533, 12);
insert into Citizen (idno, title, firstname, lastname, dateofbirth, gender) VALUES (5534, '', 'König', 'Hans-Peter', '1.1.1957.', 'p');
insert into CandidatesData (idno) VALUES (5534);
insert into PartyMembership (pid, idno) VALUES (7, 5534);
insert into Candidacy (wkid, idno) VALUES (497, 5534);
insert into Citizen (idno, title, firstname, lastname, dateofbirth, gender) VALUES (5535, '', 'König', 'Jörn Harald', '1.1.1967.', 'p');
insert into CandidatesData (idno) VALUES (5535);
insert into PartyMembership (pid, idno) VALUES (33, 5535);
insert into Candidacy (wkid, idno) VALUES (341, 5535);
insert into Landeslistenplatz (llid, idno, position) VALUES (30, 5535, 10);
insert into Citizen (idno, title, firstname, lastname, dateofbirth, gender) VALUES (5536, '', 'König', 'Roland', '1.1.1966.', 'p');
insert into CandidatesData (idno) VALUES (5536);
insert into PartyMembership (pid, idno) VALUES (4, 5536);
insert into Candidacy (wkid, idno) VALUES (595, 5536);
insert into Landeslistenplatz (llid, idno, position) VALUES (52, 5536, 2);
insert into Citizen (idno, title, firstname, lastname, dateofbirth, gender) VALUES (5537, '', 'König', 'Uta', '1.1.1975.', 'p');
insert into CandidatesData (idno) VALUES (5537);
insert into PartyMembership (pid, idno) VALUES (32, 5537);
insert into Landeslistenplatz (llid, idno, position) VALUES (29, 5537, 19);
insert into Citizen (idno, title, firstname, lastname, dateofbirth, gender) VALUES (5538, '', 'Königer', 'Steffen', '1.1.1972.', 'p');
insert into CandidatesData (idno) VALUES (5538);
insert into PartyMembership (pid, idno) VALUES (33, 5538);
insert into Landeslistenplatz (llid, idno, position) VALUES (156, 5538, 5);
insert into Citizen (idno, title, firstname, lastname, dateofbirth, gender) VALUES (5539, '', 'Koenigs', 'Thomas', '1.1.1944.', 'p');
insert into CandidatesData (idno) VALUES (5539);
insert into PartyMembership (pid, idno) VALUES (5, 5539);
insert into Candidacy (wkid, idno) VALUES (472, 5539);
insert into Landeslistenplatz (llid, idno, position) VALUES (144, 5539, 4);
insert into Citizen (idno, title, firstname, lastname, dateofbirth, gender) VALUES (5540, '', 'Köppen', 'Daniel', '1.1.1984.', 'p');
insert into CandidatesData (idno) VALUES (5540);
insert into PartyMembership (pid, idno) VALUES (10, 5540);
insert into Candidacy (wkid, idno) VALUES (374, 5540);
insert into Landeslistenplatz (llid, idno, position) VALUES (180, 5540, 9);
insert into Citizen (idno, title, firstname, lastname, dateofbirth, gender) VALUES (5541, '', 'Koeppen', 'Jens', '1.1.1962.', 'p');
insert into CandidatesData (idno) VALUES (5541);
insert into PartyMembership (pid, idno) VALUES (12, 5541);
insert into Candidacy (wkid, idno) VALUES (356, 5541);
insert into Landeslistenplatz (llid, idno, position) VALUES (218, 5541, 3);
insert into Citizen (idno, title, firstname, lastname, dateofbirth, gender) VALUES (5542, '', 'Körber', 'Carsten', '1.1.1979.', 'p');
insert into CandidatesData (idno) VALUES (5542);
insert into PartyMembership (pid, idno) VALUES (12, 5542);
insert into Candidacy (wkid, idno) VALUES (464, 5542);
insert into Landeslistenplatz (llid, idno, position) VALUES (134, 5542, 5);
insert into Citizen (idno, title, firstname, lastname, dateofbirth, gender) VALUES (5543, '', 'Körber', 'Sebastian', '1.1.1980.', 'p');
insert into CandidatesData (idno) VALUES (5543);
insert into PartyMembership (pid, idno) VALUES (4, 5543);
insert into Candidacy (wkid, idno) VALUES (535, 5543);
insert into Landeslistenplatz (llid, idno, position) VALUES (102, 5543, 6);
insert into Citizen (idno, title, firstname, lastname, dateofbirth, gender) VALUES (5544, '', 'Körndl', 'Georg', '1.1.1958.', 'p');
insert into CandidatesData (idno) VALUES (5544);
insert into PartyMembership (pid, idno) VALUES (10, 5544);
insert into Landeslistenplatz (llid, idno, position) VALUES (217, 5544, 8);
insert into Citizen (idno, title, firstname, lastname, dateofbirth, gender) VALUES (5545, 'Dr. Dr. ', 'Körner', 'Joachim', '1.1.1947.', 'p');
insert into CandidatesData (idno) VALUES (5545);
insert into PartyMembership (pid, idno) VALUES (33, 5545);
insert into Candidacy (wkid, idno) VALUES (321, 5545);
insert into Citizen (idno, title, firstname, lastname, dateofbirth, gender) VALUES (5546, '', 'Körner', 'Karlheinz', '1.1.1953.', 'p');
insert into CandidatesData (idno) VALUES (5546);
insert into PartyMembership (pid, idno) VALUES (32, 5546);
insert into Landeslistenplatz (llid, idno, position) VALUES (165, 5546, 15);
insert into Citizen (idno, title, firstname, lastname, dateofbirth, gender) VALUES (5547, '', 'Körner', 'Kerstin', '1.1.1971.', 'p');
insert into CandidatesData (idno) VALUES (5547);
insert into PartyMembership (pid, idno) VALUES (12, 5547);
insert into Landeslistenplatz (llid, idno, position) VALUES (134, 5547, 16);
insert into Citizen (idno, title, firstname, lastname, dateofbirth, gender) VALUES (5548, '', 'Körner', 'Moritz', '1.1.1990.', 'p');
insert into CandidatesData (idno) VALUES (5548);
insert into PartyMembership (pid, idno) VALUES (4, 5548);
insert into Candidacy (wkid, idno) VALUES (403, 5548);
insert into Landeslistenplatz (llid, idno, position) VALUES (98, 5548, 27);
insert into Citizen (idno, title, firstname, lastname, dateofbirth, gender) VALUES (5549, '', 'Körner', 'Roland', '1.1.1972.', 'p');
insert into CandidatesData (idno) VALUES (5549);
insert into PartyMembership (pid, idno) VALUES (22, 5549);
insert into Landeslistenplatz (llid, idno, position) VALUES (241, 5549, 1);
insert into Citizen (idno, title, firstname, lastname, dateofbirth, gender) VALUES (5550, '', 'Körner', 'Stefan Herbert', '1.1.1968.', 'p');
insert into CandidatesData (idno) VALUES (5550);
insert into PartyMembership (pid, idno) VALUES (7, 5550);
insert into Candidacy (wkid, idno) VALUES (531, 5550);
insert into Landeslistenplatz (llid, idno, position) VALUES (72, 5550, 4);
insert into Citizen (idno, title, firstname, lastname, dateofbirth, gender) VALUES (5551, '', 'Körper', 'Fritz Rudolf', '1.1.1954.', 'p');
insert into CandidatesData (idno) VALUES (5551);
insert into PartyMembership (pid, idno) VALUES (2, 5551);
insert into Candidacy (wkid, idno) VALUES (501, 5551);
insert into Landeslistenplatz (llid, idno, position) VALUES (71, 5551, 12);
insert into Citizen (idno, title, firstname, lastname, dateofbirth, gender) VALUES (5552, '', 'Köster', 'Rainer', '1.1.1948.', 'p');
insert into CandidatesData (idno) VALUES (5552);
insert into PartyMembership (pid, idno) VALUES (3, 5552);
insert into Candidacy (wkid, idno) VALUES (403, 5552);
insert into Citizen (idno, title, firstname, lastname, dateofbirth, gender) VALUES (5553, '', 'Köster', 'Stefan', '1.1.1973.', 'p');
insert into CandidatesData (idno) VALUES (5553);
insert into PartyMembership (pid, idno) VALUES (1, 5553);
insert into Candidacy (wkid, idno) VALUES (312, 5553);
insert into Citizen (idno, title, firstname, lastname, dateofbirth, gender) VALUES (5554, '', 'Köster-Flashar', 'Martina Paola', '1.1.1962.', 'p');
insert into CandidatesData (idno) VALUES (5554);
insert into PartyMembership (pid, idno) VALUES (5, 5554);
insert into Landeslistenplatz (llid, idno, position) VALUES (83, 5554, 33);
insert into Citizen (idno, title, firstname, lastname, dateofbirth, gender) VALUES (5555, '', 'Kofbinger', 'Anja', '1.1.1960.', 'p');
insert into CandidatesData (idno) VALUES (5555);
insert into PartyMembership (pid, idno) VALUES (5, 5555);
insert into Candidacy (wkid, idno) VALUES (381, 5555);
insert into LandesListe (llid, year, pid, fsid) VALUES (249, 2013, 5, 1);
insert into Landeslistenplatz (llid, idno, position) VALUES (249, 5555, 12);
insert into Citizen (idno, title, firstname, lastname, dateofbirth, gender) VALUES (5556, 'Dr. ', 'Kofler', 'Bärbel', '1.1.1967.', 'p');
insert into CandidatesData (idno) VALUES (5556);
insert into PartyMembership (pid, idno) VALUES (2, 5556);
insert into Candidacy (wkid, idno) VALUES (524, 5556);
insert into Landeslistenplatz (llid, idno, position) VALUES (87, 5556, 8);
insert into Citizen (idno, title, firstname, lastname, dateofbirth, gender) VALUES (5557, '', 'Kohde-Kilsch', 'Claudia', '1.1.1963.', 'p');
insert into CandidatesData (idno) VALUES (5557);
insert into PartyMembership (pid, idno) VALUES (3, 5557);
insert into Candidacy (wkid, idno) VALUES (595, 5557);
insert into Citizen (idno, title, firstname, lastname, dateofbirth, gender) VALUES (5558, '', 'Kohl', 'Hartwig', '1.1.1956.', 'p');
insert into CandidatesData (idno) VALUES (5558);
insert into PartyMembership (pid, idno) VALUES (32, 5558);
insert into Candidacy (wkid, idno) VALUES (545, 5558);
insert into Landeslistenplatz (llid, idno, position) VALUES (33, 5558, 13);
insert into Citizen (idno, title, firstname, lastname, dateofbirth, gender) VALUES (5559, '', 'Kohlert', 'Arno', '1.1.1955.', 'p');
insert into CandidatesData (idno) VALUES (5559);
insert into PartyMembership (pid, idno) VALUES (36, 5559);
insert into Landeslistenplatz (llid, idno, position) VALUES (84, 5559, 20);
insert into Citizen (idno, title, firstname, lastname, dateofbirth, gender) VALUES (5560, '', 'Kohlmann', 'Sascha', '1.1.1975.', 'p');
insert into CandidatesData (idno) VALUES (5560);
insert into PartyMembership (pid, idno) VALUES (12, 5560);
insert into Landeslistenplatz (llid, idno, position) VALUES (138, 5560, 20);
insert into Citizen (idno, title, firstname, lastname, dateofbirth, gender) VALUES (5561, '', 'Kohlmorgen', 'Karin', '1.1.1961.', 'p');
insert into CandidatesData (idno) VALUES (5561);
insert into PartyMembership (pid, idno) VALUES (3, 5561);
insert into Candidacy (wkid, idno) VALUES (308, 5561);
insert into Citizen (idno, title, firstname, lastname, dateofbirth, gender) VALUES (5562, '', 'Kohls', 'Gerriet Hermann', '1.1.1959.', 'p');
insert into CandidatesData (idno) VALUES (5562);
insert into PartyMembership (pid, idno) VALUES (32, 5562);
insert into Candidacy (wkid, idno) VALUES (342, 5562);
insert into Landeslistenplatz (llid, idno, position) VALUES (108, 5562, 6);
insert into Citizen (idno, title, firstname, lastname, dateofbirth, gender) VALUES (5563, '', 'Kokott', 'Manuela', '1.1.1968.', 'p');
insert into CandidatesData (idno) VALUES (5563);
insert into PartyMembership (pid, idno) VALUES (1, 5563);
insert into Candidacy (wkid, idno) VALUES (364, 5563);
insert into Landeslistenplatz (llid, idno, position) VALUES (132, 5563, 4);
insert into Citizen (idno, title, firstname, lastname, dateofbirth, gender) VALUES (5564, 'Dr. ', 'Kolb', 'Heinrich Leonhard', '1.1.1956.', 'p');
insert into CandidatesData (idno) VALUES (5564);
insert into PartyMembership (pid, idno) VALUES (4, 5564);
insert into Candidacy (wkid, idno) VALUES (486, 5564);
insert into Landeslistenplatz (llid, idno, position) VALUES (116, 5564, 1);
insert into Citizen (idno, title, firstname, lastname, dateofbirth, gender) VALUES (5565, '', 'Kolb', 'Marianne', '1.1.1958.', 'p');
insert into CandidatesData (idno) VALUES (5565);
insert into PartyMembership (pid, idno) VALUES (13, 5565);
insert into Landeslistenplatz (llid, idno, position) VALUES (96, 5565, 8);
insert into Citizen (idno, title, firstname, lastname, dateofbirth, gender) VALUES (5566, '', 'Kolb', 'Michael', '1.1.1974.', 'p');
insert into CandidatesData (idno) VALUES (5566);
insert into PartyMembership (pid, idno) VALUES (12, 5566);
insert into Landeslistenplatz (llid, idno, position) VALUES (105, 5566, 46);
insert into Citizen (idno, title, firstname, lastname, dateofbirth, gender) VALUES (5567, '', 'Kolb', 'Rainer', '1.1.1957.', 'p');
insert into CandidatesData (idno) VALUES (5567);
insert into PartyMembership (pid, idno) VALUES (7, 5567);
insert into Candidacy (wkid, idno) VALUES (414, 5567);
insert into Citizen (idno, title, firstname, lastname, dateofbirth, gender) VALUES (5568, '', 'Kolb', 'Sarina', '1.1.1992.', 'p');
insert into CandidatesData (idno) VALUES (5568);
insert into PartyMembership (pid, idno) VALUES (12, 5568);
insert into Landeslistenplatz (llid, idno, position) VALUES (105, 5568, 24);
insert into Citizen (idno, title, firstname, lastname, dateofbirth, gender) VALUES (5569, '', 'Kolbe', 'Daniela', '1.1.1980.', 'p');
insert into CandidatesData (idno) VALUES (5569);
insert into PartyMembership (pid, idno) VALUES (2, 5569);
insert into Candidacy (wkid, idno) VALUES (451, 5569);
insert into Landeslistenplatz (llid, idno, position) VALUES (153, 5569, 4);
insert into Citizen (idno, title, firstname, lastname, dateofbirth, gender) VALUES (5570, '', 'Kolkmann-Lutz', 'Dagmar Marie', '1.1.1953.', 'p');
insert into CandidatesData (idno) VALUES (5570);
insert into PartyMembership (pid, idno) VALUES (13, 5570);
insert into Landeslistenplatz (llid, idno, position) VALUES (233, 5570, 2);
insert into Citizen (idno, title, firstname, lastname, dateofbirth, gender) VALUES (5571, '', 'Kompa', 'Markus', '1.1.1972.', 'p');
insert into CandidatesData (idno) VALUES (5571);
insert into PartyMembership (pid, idno) VALUES (7, 5571);
insert into Landeslistenplatz (llid, idno, position) VALUES (75, 5571, 6);
insert into Citizen (idno, title, firstname, lastname, dateofbirth, gender) VALUES (5572, '', 'Konieczny', 'Michael', '1.1.1966.', 'p');
insert into CandidatesData (idno) VALUES (5572);
insert into PartyMembership (pid, idno) VALUES (3, 5572);
insert into Candidacy (wkid, idno) VALUES (593, 5572);
insert into Citizen (idno, title, firstname, lastname, dateofbirth, gender) VALUES (5573, '', 'Konorza', 'Andrea', '1.1.1955.', 'p');
insert into CandidatesData (idno) VALUES (5573);
insert into PartyMembership (pid, idno) VALUES (33, 5573);
insert into Candidacy (wkid, idno) VALUES (395, 5573);
insert into Citizen (idno, title, firstname, lastname, dateofbirth, gender) VALUES (5574, '', 'Konrad', 'Sonja', '1.1.1973.', 'p');
insert into CandidatesData (idno) VALUES (5574);
insert into PartyMembership (pid, idno) VALUES (22, 5574);
insert into Landeslistenplatz (llid, idno, position) VALUES (241, 5574, 5);
insert into Citizen (idno, title, firstname, lastname, dateofbirth, gender) VALUES (5575, '', 'Konrad', 'Walter', '1.1.1955.', 'p');
insert into CandidatesData (idno) VALUES (5575);
insert into PartyMembership (pid, idno) VALUES (36, 5575);
insert into Landeslistenplatz (llid, idno, position) VALUES (56, 5575, 18);
insert into Citizen (idno, title, firstname, lastname, dateofbirth, gender) VALUES (5576, '', 'Konzack', 'Walter', '1.1.1941.', 'p');
insert into CandidatesData (idno) VALUES (5576);
insert into PartyMembership (pid, idno) VALUES (39, 5576);
insert into Landeslistenplatz (llid, idno, position) VALUES (81, 5576, 5);
insert into Citizen (idno, title, firstname, lastname, dateofbirth, gender) VALUES (5577, '', 'Koob', 'Markus Benjamin', '1.1.1977.', 'p');
insert into CandidatesData (idno) VALUES (5577);
insert into PartyMembership (pid, idno) VALUES (12, 5577);
insert into Candidacy (wkid, idno) VALUES (475, 5577);
insert into Landeslistenplatz (llid, idno, position) VALUES (88, 5577, 22);
insert into Citizen (idno, title, firstname, lastname, dateofbirth, gender) VALUES (5578, '', 'Koplin', 'Torsten Martin', '1.1.1962.', 'p');
insert into CandidatesData (idno) VALUES (5578);
insert into PartyMembership (pid, idno) VALUES (3, 5578);
insert into Candidacy (wkid, idno) VALUES (315, 5578);
insert into Landeslistenplatz (llid, idno, position) VALUES (107, 5578, 6);
insert into Citizen (idno, title, firstname, lastname, dateofbirth, gender) VALUES (5579, '', 'Kopp', 'Christian', '1.1.1977.', 'p');
insert into CandidatesData (idno) VALUES (5579);
insert into PartyMembership (pid, idno) VALUES (4, 5579);
insert into Candidacy (wkid, idno) VALUES (509, 5579);
insert into Landeslistenplatz (llid, idno, position) VALUES (120, 5579, 6);
insert into Citizen (idno, title, firstname, lastname, dateofbirth, gender) VALUES (5580, '', 'Kopperschläger', 'Frank', '1.1.1966.', 'p');
insert into CandidatesData (idno) VALUES (5580);
insert into PartyMembership (pid, idno) VALUES (31, 5580);
insert into Landeslistenplatz (llid, idno, position) VALUES (28, 5580, 8);
insert into Citizen (idno, title, firstname, lastname, dateofbirth, gender) VALUES (5581, '', 'Kopriva', 'Milan', '1.1.1978.', 'p');
insert into CandidatesData (idno) VALUES (5581);
insert into PartyMembership (pid, idno) VALUES (3, 5581);
insert into Candidacy (wkid, idno) VALUES (578, 5581);
insert into Landeslistenplatz (llid, idno, position) VALUES (143, 5581, 14);
insert into Citizen (idno, title, firstname, lastname, dateofbirth, gender) VALUES (5582, '', 'Korden', 'Michael', '1.1.1973.', 'p');
insert into CandidatesData (idno) VALUES (5582);
insert into PartyMembership (pid, idno) VALUES (12, 5582);
insert into Landeslistenplatz (llid, idno, position) VALUES (138, 5582, 17);
insert into Citizen (idno, title, firstname, lastname, dateofbirth, gender) VALUES (5583, '', 'Kordes', 'Henrik', '1.1.1948.', 'p');
insert into CandidatesData (idno) VALUES (5583);
insert into PartyMembership (pid, idno) VALUES (13, 5583);
insert into Landeslistenplatz (llid, idno, position) VALUES (230, 5583, 1);
insert into Citizen (idno, title, firstname, lastname, dateofbirth, gender) VALUES (5584, '', 'Kornmayer', 'Heike', '1.1.1977.', 'p');
insert into CandidatesData (idno) VALUES (5584);
insert into PartyMembership (pid, idno) VALUES (12, 5584);
insert into Landeslistenplatz (llid, idno, position) VALUES (105, 5584, 27);
insert into Citizen (idno, title, firstname, lastname, dateofbirth, gender) VALUES (5585, '', 'Kornmeier', 'Ludwig', '1.1.1955.', 'p');
insert into CandidatesData (idno) VALUES (5585);
insert into PartyMembership (pid, idno) VALUES (5, 5585);
insert into Candidacy (wkid, idno) VALUES (583, 5585);
insert into Landeslistenplatz (llid, idno, position) VALUES (61, 5585, 26);
insert into Citizen (idno, title, firstname, lastname, dateofbirth, gender) VALUES (5586, '', 'Korntreff', 'Ina', '1.1.1967.', 'p');
insert into CandidatesData (idno) VALUES (5586);
insert into PartyMembership (pid, idno) VALUES (13, 5586);
insert into Candidacy (wkid, idno) VALUES (370, 5586);
insert into Landeslistenplatz (llid, idno, position) VALUES (227, 5586, 3);
insert into Citizen (idno, title, firstname, lastname, dateofbirth, gender) VALUES (5587, '', 'Korschewsky', 'Knut', '1.1.1960.', 'p');
insert into CandidatesData (idno) VALUES (5587);
insert into PartyMembership (pid, idno) VALUES (3, 5587);
insert into Candidacy (wkid, idno) VALUES (495, 5587);
insert into Citizen (idno, title, firstname, lastname, dateofbirth, gender) VALUES (5588, '', 'Korte', 'Jan', '1.1.1977.', 'p');
insert into CandidatesData (idno) VALUES (5588);
insert into PartyMembership (pid, idno) VALUES (3, 5588);
insert into Candidacy (wkid, idno) VALUES (370, 5588);
insert into Landeslistenplatz (llid, idno, position) VALUES (197, 5588, 2);
insert into Citizen (idno, title, firstname, lastname, dateofbirth, gender) VALUES (5589, '', 'Koschyk', 'Hartmut', '1.1.1959.', 'p');
insert into CandidatesData (idno) VALUES (5589);
insert into PartyMembership (pid, idno) VALUES (9, 5589);
insert into Candidacy (wkid, idno) VALUES (536, 5589);
insert into Landeslistenplatz (llid, idno, position) VALUES (47, 5589, 12);
insert into Citizen (idno, title, firstname, lastname, dateofbirth, gender) VALUES (5590, '', 'Kost', 'Michael', '1.1.1985.', 'p');
insert into CandidatesData (idno) VALUES (5590);
insert into PartyMembership (pid, idno) VALUES (5, 5590);
insert into Landeslistenplatz (llid, idno, position) VALUES (172, 5590, 9);
insert into Citizen (idno, title, firstname, lastname, dateofbirth, gender) VALUES (5591, '', 'Kosub', 'Karin', '1.1.1968.', 'p');
insert into CandidatesData (idno) VALUES (5591);
insert into PartyMembership (pid, idno) VALUES (2, 5591);
insert into Landeslistenplatz (llid, idno, position) VALUES (54, 5591, 18);
insert into Citizen (idno, title, firstname, lastname, dateofbirth, gender) VALUES (5592, '', 'Kotte', 'Björn', '1.1.1978.', 'p');
insert into CandidatesData (idno) VALUES (5592);
insert into PartyMembership (pid, idno) VALUES (31, 5592);
insert into Landeslistenplatz (llid, idno, position) VALUES (135, 5592, 4);
insert into Citizen (idno, title, firstname, lastname, dateofbirth, gender) VALUES (5593, '', 'Kotte', 'Dirk', '1.1.1978.', 'p');
insert into CandidatesData (idno) VALUES (5593);
insert into PartyMembership (pid, idno) VALUES (31, 5593);
insert into Landeslistenplatz (llid, idno, position) VALUES (135, 5593, 9);
insert into Citizen (idno, title, firstname, lastname, dateofbirth, gender) VALUES (5594, '', 'Kotting-Uhl', 'Sylvia', '1.1.1952.', 'p');
insert into CandidatesData (idno) VALUES (5594);
insert into PartyMembership (pid, idno) VALUES (5, 5594);
insert into Candidacy (wkid, idno) VALUES (570, 5594);
insert into Landeslistenplatz (llid, idno, position) VALUES (61, 5594, 3);
insert into Citizen (idno, title, firstname, lastname, dateofbirth, gender) VALUES (5595, '', 'Kotzian', 'Emanuel Wojtiech', '1.1.1972.', 'p');
insert into CandidatesData (idno) VALUES (5595);
insert into PartyMembership (pid, idno) VALUES (7, 5595);
insert into Candidacy (wkid, idno) VALUES (543, 5595);
insert into Citizen (idno, title, firstname, lastname, dateofbirth, gender) VALUES (5596, '', 'Kovac', 'Kordula', '1.1.1957.', 'p');
insert into CandidatesData (idno) VALUES (5596);
insert into PartyMembership (pid, idno) VALUES (12, 5596);
insert into Landeslistenplatz (llid, idno, position) VALUES (105, 5596, 17);
insert into Citizen (idno, title, firstname, lastname, dateofbirth, gender) VALUES (5597, '', 'Kowal', 'Ulf', '1.1.1966.', 'p');
insert into CandidatesData (idno) VALUES (5597);
insert into PartyMembership (pid, idno) VALUES (36, 5597);
insert into Landeslistenplatz (llid, idno, position) VALUES (56, 5597, 12);
insert into Citizen (idno, title, firstname, lastname, dateofbirth, gender) VALUES (5598, '', 'Kowitz', 'Harry', '1.1.1938.', 'p');
insert into CandidatesData (idno) VALUES (5598);
insert into PartyMembership (pid, idno) VALUES (41, 5598);
insert into Candidacy (wkid, idno) VALUES (327, 5598);
insert into Citizen (idno, title, firstname, lastname, dateofbirth, gender) VALUES (5599, '', 'Koziolek', 'Max', '1.1.1989.', 'p');
insert into CandidatesData (idno) VALUES (5599);
insert into PartyMembership (pid, idno) VALUES (4, 5599);
insert into Candidacy (wkid, idno) VALUES (359, 5599);
insert into LandesListe (llid, year, pid, fsid) VALUES (250, 2013, 4, 40);
insert into Landeslistenplatz (llid, idno, position) VALUES (250, 5599, 2);
insert into Citizen (idno, title, firstname, lastname, dateofbirth, gender) VALUES (5600, '', 'Kräher', 'Wolfgang', '1.1.1949.', 'p');
insert into CandidatesData (idno) VALUES (5600);
insert into PartyMembership (pid, idno) VALUES (33, 5600);
insert into Landeslistenplatz (llid, idno, position) VALUES (63, 5600, 7);
insert into Citizen (idno, title, firstname, lastname, dateofbirth, gender) VALUES (5601, '', 'Krämer', 'Martin', '1.1.1986.', 'p');
insert into CandidatesData (idno) VALUES (5601);
insert into PartyMembership (pid, idno) VALUES (1, 5601);
insert into Candidacy (wkid, idno) VALUES (560, 5601);
insert into Citizen (idno, title, firstname, lastname, dateofbirth, gender) VALUES (5602, '', 'Kraft', 'Heinz', '1.1.1959.', 'p');
insert into CandidatesData (idno) VALUES (5602);
insert into PartyMembership (pid, idno) VALUES (7, 5602);
insert into Candidacy (wkid, idno) VALUES (572, 5602);
insert into Citizen (idno, title, firstname, lastname, dateofbirth, gender) VALUES (5603, '', 'Kraft', 'Volker', '1.1.1953.', 'p');
insert into CandidatesData (idno) VALUES (5603);
insert into PartyMembership (pid, idno) VALUES (13, 5603);
insert into Candidacy (wkid, idno) VALUES (558, 5603);
insert into Landeslistenplatz (llid, idno, position) VALUES (96, 5603, 2);
insert into Citizen (idno, title, firstname, lastname, dateofbirth, gender) VALUES (5604, 'Dr. ', 'Krah', 'Maximilian Eugen', '1.1.1977.', 'p');
insert into CandidatesData (idno) VALUES (5604);
insert into PartyMembership (pid, idno) VALUES (12, 5604);
insert into Landeslistenplatz (llid, idno, position) VALUES (134, 5604, 17);
insert into Citizen (idno, title, firstname, lastname, dateofbirth, gender) VALUES (5605, '', 'Krahmer', 'Holger', '1.1.1970.', 'p');
insert into CandidatesData (idno) VALUES (5605);
insert into PartyMembership (pid, idno) VALUES (4, 5605);
insert into Candidacy (wkid, idno) VALUES (452, 5605);
insert into Landeslistenplatz (llid, idno, position) VALUES (158, 5605, 3);
insert into Citizen (idno, title, firstname, lastname, dateofbirth, gender) VALUES (5606, '', 'Kramer', 'Manuel', '1.1.1988.', 'p');
insert into CandidatesData (idno) VALUES (5606);
insert into PartyMembership (pid, idno) VALUES (2, 5606);
insert into Landeslistenplatz (llid, idno, position) VALUES (69, 5606, 45);
insert into Citizen (idno, title, firstname, lastname, dateofbirth, gender) VALUES (5607, '', 'Krames', 'Erich Wilhelm', '1.1.1934.', 'p');
insert into CandidatesData (idno) VALUES (5607);
insert into PartyMembership (pid, idno) VALUES (1, 5607);
insert into Candidacy (wkid, idno) VALUES (502, 5607);
insert into Citizen (idno, title, firstname, lastname, dateofbirth, gender) VALUES (5608, '', 'Kramm', 'Bruno Gerd', '1.1.1967.', 'p');
insert into CandidatesData (idno) VALUES (5608);
insert into PartyMembership (pid, idno) VALUES (7, 5608);
insert into Candidacy (wkid, idno) VALUES (539, 5608);
insert into Landeslistenplatz (llid, idno, position) VALUES (72, 5608, 1);
insert into Citizen (idno, title, firstname, lastname, dateofbirth, gender) VALUES (5609, '', 'Kramme', 'Anette', '1.1.1967.', 'p');
insert into CandidatesData (idno) VALUES (5609);
insert into PartyMembership (pid, idno) VALUES (2, 5609);
insert into Candidacy (wkid, idno) VALUES (536, 5609);
insert into Landeslistenplatz (llid, idno, position) VALUES (87, 5609, 2);
insert into Citizen (idno, title, firstname, lastname, dateofbirth, gender) VALUES (5610, '', 'Krampitz', 'Jürgen Dieter', '1.1.1943.', 'p');
insert into CandidatesData (idno) VALUES (5610);
insert into PartyMembership (pid, idno) VALUES (37, 5610);
insert into Landeslistenplatz (llid, idno, position) VALUES (204, 5610, 4);
insert into Citizen (idno, title, firstname, lastname, dateofbirth, gender) VALUES (5611, 'Dr. ', 'Kranich', 'Bernhard Sebastian', '1.1.1969.', 'p');
insert into CandidatesData (idno) VALUES (5611);
insert into PartyMembership (pid, idno) VALUES (5, 5611);
insert into Candidacy (wkid, idno) VALUES (371, 5611);
insert into Citizen (idno, title, firstname, lastname, dateofbirth, gender) VALUES (5612, '', 'Kranzfelder-Poth', 'Rose-Marie', '1.1.1951.', 'p');
insert into CandidatesData (idno) VALUES (5612);
insert into PartyMembership (pid, idno) VALUES (32, 5612);
insert into Candidacy (wkid, idno) VALUES (551, 5612);
insert into Landeslistenplatz (llid, idno, position) VALUES (33, 5612, 12);
insert into Citizen (idno, title, firstname, lastname, dateofbirth, gender) VALUES (5613, '', 'Kraume', 'Matthias', '1.1.1982.', 'p');
insert into CandidatesData (idno) VALUES (5613);
insert into PartyMembership (pid, idno) VALUES (10, 5613);
insert into Landeslistenplatz (llid, idno, position) VALUES (180, 5613, 15);
insert into Citizen (idno, title, firstname, lastname, dateofbirth, gender) VALUES (5614, '', 'Kraus', 'Hans-Georg', '1.1.1956.', 'p');
insert into CandidatesData (idno) VALUES (5614);
insert into PartyMembership (pid, idno) VALUES (31, 5614);
insert into Landeslistenplatz (llid, idno, position) VALUES (79, 5614, 8);
insert into Citizen (idno, title, firstname, lastname, dateofbirth, gender) VALUES (5615, '', 'Kraus', 'Hasso', '1.1.1957.', 'p');
insert into CandidatesData (idno) VALUES (5615);
insert into PartyMembership (pid, idno) VALUES (32, 5615);
insert into Candidacy (wkid, idno) VALUES (559, 5615);
insert into Landeslistenplatz (llid, idno, position) VALUES (91, 5615, 3);
insert into Citizen (idno, title, firstname, lastname, dateofbirth, gender) VALUES (5616, '', 'Kraus', 'Yorck Alexander', '1.1.1959.', 'p');
insert into CandidatesData (idno) VALUES (5616);
insert into PartyMembership (pid, idno) VALUES (33, 5616);
insert into Landeslistenplatz (llid, idno, position) VALUES (80, 5616, 17);
insert into Citizen (idno, title, firstname, lastname, dateofbirth, gender) VALUES (5617, '', 'Krause', 'Andreas Erich', '1.1.1959.', 'p');
insert into CandidatesData (idno) VALUES (5617);
insert into PartyMembership (pid, idno) VALUES (36, 5617);
insert into Landeslistenplatz (llid, idno, position) VALUES (149, 5617, 21);
insert into Citizen (idno, title, firstname, lastname, dateofbirth, gender) VALUES (5618, 'Dr. ', 'Krause', 'Dietrich-Eckard', '1.1.1941.', 'p');
insert into CandidatesData (idno) VALUES (5618);
insert into PartyMembership (pid, idno) VALUES (4, 5618);
insert into Candidacy (wkid, idno) VALUES (316, 5618);
insert into Landeslistenplatz (llid, idno, position) VALUES (104, 5618, 10);
insert into Citizen (idno, title, firstname, lastname, dateofbirth, gender) VALUES (5619, 'Dr. ', 'Krause', 'Klaus Peter', '1.1.1936.', 'p');
insert into CandidatesData (idno) VALUES (5619);
insert into PartyMembership (pid, idno) VALUES (33, 5619);
insert into Landeslistenplatz (llid, idno, position) VALUES (111, 5619, 22);
insert into Citizen (idno, title, firstname, lastname, dateofbirth, gender) VALUES (5620, '', 'Krause', 'Heiko', '1.1.1969.', 'p');
insert into CandidatesData (idno) VALUES (5620);
insert into PartyMembership (pid, idno) VALUES (1, 5620);
insert into Candidacy (wkid, idno) VALUES (365, 5620);
insert into Landeslistenplatz (llid, idno, position) VALUES (38, 5620, 2);
insert into Citizen (idno, title, firstname, lastname, dateofbirth, gender) VALUES (5621, '', 'Krause', 'Lars', '1.1.1973.', 'p');
insert into CandidatesData (idno) VALUES (5621);
insert into PartyMembership (pid, idno) VALUES (31, 5621);
insert into Candidacy (wkid, idno) VALUES (363, 5621);
insert into Citizen (idno, title, firstname, lastname, dateofbirth, gender) VALUES (5622, '', 'Krause', 'Rainer', '1.1.1951.', 'p');
insert into CandidatesData (idno) VALUES (5622);
insert into PartyMembership (pid, idno) VALUES (19, 5622);
insert into Landeslistenplatz (llid, idno, position) VALUES (40, 5622, 48);
insert into Citizen (idno, title, firstname, lastname, dateofbirth, gender) VALUES (5623, '', 'Krause-Uhl', 'Fritz Hans Karl', '1.1.1945.', 'p');
insert into CandidatesData (idno) VALUES (5623);
insert into PartyMembership (pid, idno) VALUES (4, 5623);
insert into Candidacy (wkid, idno) VALUES (358, 5623);
insert into Landeslistenplatz (llid, idno, position) VALUES (250, 5623, 8);
insert into Citizen (idno, title, firstname, lastname, dateofbirth, gender) VALUES (5624, '', 'Krebs', 'Mathias', '1.1.1982.', 'p');
insert into CandidatesData (idno) VALUES (5624);
insert into Candidacy (wkid, idno) VALUES (355, 5624);
insert into Citizen (idno, title, firstname, lastname, dateofbirth, gender) VALUES (5625, '', 'Kreft', 'Lorenz Fabian', '1.1.1992.', 'p');
insert into CandidatesData (idno) VALUES (5625);
insert into PartyMembership (pid, idno) VALUES (33, 5625);
insert into Candidacy (wkid, idno) VALUES (512, 5625);
insert into Citizen (idno, title, firstname, lastname, dateofbirth, gender) VALUES (5626, '', 'Kreidemann', 'Alexander Friedrich', '1.1.1959.', 'p');
insert into CandidatesData (idno) VALUES (5626);
insert into PartyMembership (pid, idno) VALUES (1, 5626);
insert into Landeslistenplatz (llid, idno, position) VALUES (216, 5626, 8);
insert into Citizen (idno, title, firstname, lastname, dateofbirth, gender) VALUES (5627, '', 'Kreil', 'Horst', '1.1.1946.', 'p');
insert into CandidatesData (idno) VALUES (5627);
insert into PartyMembership (pid, idno) VALUES (10, 5627);
insert into Landeslistenplatz (llid, idno, position) VALUES (180, 5627, 21);
insert into Citizen (idno, title, firstname, lastname, dateofbirth, gender) VALUES (5628, '', 'Kreilinger', 'Martha', '1.1.1962.', 'p');
insert into CandidatesData (idno) VALUES (5628);
insert into PartyMembership (pid, idno) VALUES (40, 5628);
insert into Landeslistenplatz (llid, idno, position) VALUES (148, 5628, 6);
insert into Citizen (idno, title, firstname, lastname, dateofbirth, gender) VALUES (5629, 'Dr. ', 'Kreitz', 'Jutta Liddy Ida', '1.1.1954.', 'p');
insert into CandidatesData (idno) VALUES (5629);
insert into PartyMembership (pid, idno) VALUES (4, 5629);
insert into Candidacy (wkid, idno) VALUES (450, 5629);
insert into Landeslistenplatz (llid, idno, position) VALUES (158, 5629, 6);
insert into Citizen (idno, title, firstname, lastname, dateofbirth, gender) VALUES (5630, '', 'Krell', 'Stephan', '1.1.1957.', 'p');
insert into CandidatesData (idno) VALUES (5630);
insert into PartyMembership (pid, idno) VALUES (36, 5630);
insert into Candidacy (wkid, idno) VALUES (506, 5630);
insert into Landeslistenplatz (llid, idno, position) VALUES (56, 5630, 9);
insert into Citizen (idno, title, firstname, lastname, dateofbirth, gender) VALUES (5631, '', 'Krellmann', 'Jutta', '1.1.1956.', 'p');
insert into CandidatesData (idno) VALUES (5631);
insert into PartyMembership (pid, idno) VALUES (3, 5631);
insert into Candidacy (wkid, idno) VALUES (345, 5631);
insert into Landeslistenplatz (llid, idno, position) VALUES (130, 5631, 2);
insert into Citizen (idno, title, firstname, lastname, dateofbirth, gender) VALUES (5632, '', 'Krentz', 'Rüdiger', '1.1.1959.', 'p');
insert into CandidatesData (idno) VALUES (5632);
insert into PartyMembership (pid, idno) VALUES (32, 5632);
insert into Candidacy (wkid, idno) VALUES (435, 5632);
insert into Landeslistenplatz (llid, idno, position) VALUES (143, 5632, 2);
insert into Citizen (idno, title, firstname, lastname, dateofbirth, gender) VALUES (5633, '', 'Kreßmann', 'Günter', '1.1.1964.', 'p');
insert into CandidatesData (idno) VALUES (5633);
insert into PartyMembership (pid, idno) VALUES (3, 5633);
insert into Candidacy (wkid, idno) VALUES (331, 5633);
insert into Citizen (idno, title, firstname, lastname, dateofbirth, gender) VALUES (5634, '', 'Krestel', 'Holger', '1.1.1955.', 'p');
insert into CandidatesData (idno) VALUES (5634);
insert into PartyMembership (pid, idno) VALUES (4, 5634);
insert into Candidacy (wkid, idno) VALUES (380, 5634);
insert into Landeslistenplatz (llid, idno, position) VALUES (89, 5634, 3);
insert into Citizen (idno, title, firstname, lastname, dateofbirth, gender) VALUES (5635, '', 'Kretschmar', 'Floyd Ralf', '1.1.1992.', 'p');
insert into CandidatesData (idno) VALUES (5635);
insert into PartyMembership (pid, idno) VALUES (7, 5635);
insert into Candidacy (wkid, idno) VALUES (534, 5635);
insert into Citizen (idno, title, firstname, lastname, dateofbirth, gender) VALUES (5636, '', 'Kretschmar', 'Stefan', '1.1.1969.', 'p');
insert into CandidatesData (idno) VALUES (5636);
insert into PartyMembership (pid, idno) VALUES (32, 5636);
insert into Landeslistenplatz (llid, idno, position) VALUES (165, 5636, 11);
insert into Citizen (idno, title, firstname, lastname, dateofbirth, gender) VALUES (5637, '', 'Kretschmer', 'Michael', '1.1.1975.', 'p');
insert into CandidatesData (idno) VALUES (5637);
insert into PartyMembership (pid, idno) VALUES (12, 5637);
insert into Candidacy (wkid, idno) VALUES (456, 5637);
insert into Citizen (idno, title, firstname, lastname, dateofbirth, gender) VALUES (5638, '', 'Kretschmer', 'Volker', '1.1.1954.', 'p');
insert into CandidatesData (idno) VALUES (5638);
insert into PartyMembership (pid, idno) VALUES (33, 5638);
insert into Landeslistenplatz (llid, idno, position) VALUES (164, 5638, 6);
insert into Citizen (idno, title, firstname, lastname, dateofbirth, gender) VALUES (5639, '', 'Kretzschmann', 'Rolf Gunter', '1.1.1951.', 'p');
insert into CandidatesData (idno) VALUES (5639);
insert into PartyMembership (pid, idno) VALUES (1, 5639);
insert into Candidacy (wkid, idno) VALUES (410, 5639);
insert into Citizen (idno, title, firstname, lastname, dateofbirth, gender) VALUES (5640, '', 'Krichbaum', 'Gunther', '1.1.1964.', 'p');
insert into CandidatesData (idno) VALUES (5640);
insert into PartyMembership (pid, idno) VALUES (12, 5640);
insert into Candidacy (wkid, idno) VALUES (578, 5640);
insert into Citizen (idno, title, firstname, lastname, dateofbirth, gender) VALUES (5641, '', 'Krichel', 'Wolfgang', '1.1.1953.', 'p');
insert into CandidatesData (idno) VALUES (5641);
insert into PartyMembership (pid, idno) VALUES (4, 5641);
insert into Candidacy (wkid, idno) VALUES (596, 5641);
insert into Citizen (idno, title, firstname, lastname, dateofbirth, gender) VALUES (5642, '', 'Krieger', 'Christina', '1.1.1990.', 'p');
insert into CandidatesData (idno) VALUES (5642);
insert into PartyMembership (pid, idno) VALUES (1, 5642);
insert into Candidacy (wkid, idno) VALUES (342, 5642);
insert into Landeslistenplatz (llid, idno, position) VALUES (171, 5642, 4);
insert into Citizen (idno, title, firstname, lastname, dateofbirth, gender) VALUES (5643, '', 'Krieger', 'Wilfried', '1.1.1966.', 'p');
insert into CandidatesData (idno) VALUES (5643);
insert into PartyMembership (pid, idno) VALUES (39, 5643);
insert into Landeslistenplatz (llid, idno, position) VALUES (81, 5643, 9);
insert into Citizen (idno, title, firstname, lastname, dateofbirth, gender) VALUES (5644, '', 'Krien', 'Frank Hartmut', '1.1.1956.', 'p');
insert into CandidatesData (idno) VALUES (5644);
insert into PartyMembership (pid, idno) VALUES (1, 5644);
insert into Candidacy (wkid, idno) VALUES (458, 5644);
insert into Citizen (idno, title, firstname, lastname, dateofbirth, gender) VALUES (5645, '', 'Krikau', 'Briga Friederike', '1.1.1969.', 'p');
insert into CandidatesData (idno) VALUES (5645);
insert into PartyMembership (pid, idno) VALUES (33, 5645);
insert into Candidacy (wkid, idno) VALUES (303, 5645);
insert into Landeslistenplatz (llid, idno, position) VALUES (111, 5645, 19);
insert into Citizen (idno, title, firstname, lastname, dateofbirth, gender) VALUES (5646, 'Dr. ', 'Krings', 'Günter', '1.1.1969.', 'p');
insert into CandidatesData (idno) VALUES (5646);
insert into PartyMembership (pid, idno) VALUES (12, 5646);
insert into Candidacy (wkid, idno) VALUES (408, 5646);
insert into Landeslistenplatz (llid, idno, position) VALUES (136, 5646, 24);
insert into Citizen (idno, title, firstname, lastname, dateofbirth, gender) VALUES (5647, '', 'Krischer', 'Oliver', '1.1.1969.', 'p');
insert into CandidatesData (idno) VALUES (5647);
insert into PartyMembership (pid, idno) VALUES (5, 5647);
insert into Candidacy (wkid, idno) VALUES (389, 5647);
insert into Landeslistenplatz (llid, idno, position) VALUES (83, 5647, 6);
insert into Citizen (idno, title, firstname, lastname, dateofbirth, gender) VALUES (5648, 'Dr. ', 'Krischke-Ramaswamy', 'Mohan', '1.1.1953.', 'p');
insert into CandidatesData (idno) VALUES (5648);
insert into PartyMembership (pid, idno) VALUES (7, 5648);
insert into Candidacy (wkid, idno) VALUES (351, 5648);
insert into Citizen (idno, title, firstname, lastname, dateofbirth, gender) VALUES (5649, '', 'Kröger', 'Andreas', '1.1.1982.', 'p');
insert into CandidatesData (idno) VALUES (5649);
insert into PartyMembership (pid, idno) VALUES (2, 5649);
insert into Landeslistenplatz (llid, idno, position) VALUES (69, 5649, 41);
insert into Citizen (idno, title, firstname, lastname, dateofbirth, gender) VALUES (5650, '', 'Krögner', 'Walter', '1.1.1963.', 'p');
insert into CandidatesData (idno) VALUES (5650);
insert into PartyMembership (pid, idno) VALUES (2, 5650);
insert into Landeslistenplatz (llid, idno, position) VALUES (76, 5650, 38);
insert into Citizen (idno, title, firstname, lastname, dateofbirth, gender) VALUES (5651, '', 'Krönauer', 'Manfred', '1.1.1974.', 'p');
insert into CandidatesData (idno) VALUES (5651);
insert into PartyMembership (pid, idno) VALUES (4, 5651);
insert into Candidacy (wkid, idno) VALUES (518, 5651);
insert into Landeslistenplatz (llid, idno, position) VALUES (102, 5651, 8);
insert into Citizen (idno, title, firstname, lastname, dateofbirth, gender) VALUES (5652, '', 'Krötz', 'Martin', '1.1.1971.', 'p');
insert into CandidatesData (idno) VALUES (5652);
insert into PartyMembership (pid, idno) VALUES (3, 5652);
insert into Candidacy (wkid, idno) VALUES (500, 5652);
insert into Citizen (idno, title, firstname, lastname, dateofbirth, gender) VALUES (5653, '', 'Krogloth', 'Oliver', '1.1.1976.', 'p');
insert into CandidatesData (idno) VALUES (5653);
insert into PartyMembership (pid, idno) VALUES (35, 5653);
insert into Landeslistenplatz (llid, idno, position) VALUES (57, 5653, 12);
insert into Citizen (idno, title, firstname, lastname, dateofbirth, gender) VALUES (5654, '', 'Krohlas', 'Sven', '1.1.1982.', 'p');
insert into CandidatesData (idno) VALUES (5654);
insert into PartyMembership (pid, idno) VALUES (7, 5654);
insert into Landeslistenplatz (llid, idno, position) VALUES (48, 5654, 2);
insert into Citizen (idno, title, firstname, lastname, dateofbirth, gender) VALUES (5655, '', 'Krolzig', 'Sascha Marcel', '1.1.1987.', 'p');
insert into CandidatesData (idno) VALUES (5655);
insert into PartyMembership (pid, idno) VALUES (43, 5655);
insert into Landeslistenplatz (llid, idno, position) VALUES (169, 5655, 2);
insert into Citizen (idno, title, firstname, lastname, dateofbirth, gender) VALUES (5656, '', 'Kronimus', 'Kilian', '1.1.1965.', 'p');
insert into CandidatesData (idno) VALUES (5656);
insert into PartyMembership (pid, idno) VALUES (36, 5656);
insert into Landeslistenplatz (llid, idno, position) VALUES (118, 5656, 3);
insert into Citizen (idno, title, firstname, lastname, dateofbirth, gender) VALUES (5657, '', 'Kronschnabel', 'Manuel', '1.1.1985.', 'p');
insert into CandidatesData (idno) VALUES (5657);
insert into PartyMembership (pid, idno) VALUES (9, 5657);
insert into Landeslistenplatz (llid, idno, position) VALUES (47, 5657, 67);
insert into Citizen (idno, title, firstname, lastname, dateofbirth, gender) VALUES (5658, '', 'Krossa', 'Lutz Heinrich', '1.1.1969.', 'p');
insert into CandidatesData (idno) VALUES (5658);
insert into PartyMembership (pid, idno) VALUES (31, 5658);
insert into Landeslistenplatz (llid, idno, position) VALUES (123, 5658, 38);
insert into Citizen (idno, title, firstname, lastname, dateofbirth, gender) VALUES (5659, '', 'Kruczkowski', 'Katarzyna Dorota', '1.1.1979.', 'p');
insert into CandidatesData (idno) VALUES (5659);
insert into PartyMembership (pid, idno) VALUES (10, 5659);
insert into Candidacy (wkid, idno) VALUES (418, 5659);
insert into Landeslistenplatz (llid, idno, position) VALUES (162, 5659, 1);
insert into Citizen (idno, title, firstname, lastname, dateofbirth, gender) VALUES (5660, 'Dr. ', 'Krüger', 'Hans-Ulrich', '1.1.1952.', 'p');
insert into CandidatesData (idno) VALUES (5660);
insert into PartyMembership (pid, idno) VALUES (2, 5660);
insert into Candidacy (wkid, idno) VALUES (412, 5660);
insert into Landeslistenplatz (llid, idno, position) VALUES (73, 5660, 21);
insert into Citizen (idno, title, firstname, lastname, dateofbirth, gender) VALUES (5661, '', 'Krüger', 'Harald', '1.1.1957.', 'p');
insert into CandidatesData (idno) VALUES (5661);
insert into PartyMembership (pid, idno) VALUES (12, 5661);
insert into Landeslistenplatz (llid, idno, position) VALUES (222, 5661, 8);
insert into Citizen (idno, title, firstname, lastname, dateofbirth, gender) VALUES (5662, '', 'Krüger', 'Jacqueline', '1.1.1973.', 'p');
insert into CandidatesData (idno) VALUES (5662);
insert into PartyMembership (pid, idno) VALUES (4, 5662);
insert into Candidacy (wkid, idno) VALUES (360, 5662);
insert into Landeslistenplatz (llid, idno, position) VALUES (250, 5662, 3);
insert into Citizen (idno, title, firstname, lastname, dateofbirth, gender) VALUES (5663, '', 'Krüger-Jacob', 'Jutta', '1.1.1963.', 'p');
insert into CandidatesData (idno) VALUES (5663);
insert into PartyMembership (pid, idno) VALUES (5, 5663);
insert into Landeslistenplatz (llid, idno, position) VALUES (190, 5663, 5);
insert into Citizen (idno, title, firstname, lastname, dateofbirth, gender) VALUES (5664, '', 'Krüger-Leißner', 'Angelika', '1.1.1951.', 'p');
insert into CandidatesData (idno) VALUES (5664);
insert into PartyMembership (pid, idno) VALUES (2, 5664);
insert into Candidacy (wkid, idno) VALUES (357, 5664);
insert into Landeslistenplatz (llid, idno, position) VALUES (147, 5664, 6);
insert into Citizen (idno, title, firstname, lastname, dateofbirth, gender) VALUES (5665, '', 'Krümmel', 'Gerd', '1.1.1951.', 'p');
insert into CandidatesData (idno) VALUES (5665);
insert into PartyMembership (pid, idno) VALUES (32, 5665);
insert into Candidacy (wkid, idno) VALUES (329, 5665);
insert into Citizen (idno, title, firstname, lastname, dateofbirth, gender) VALUES (5666, '', 'Krützen', 'Klaus', '1.1.1968.', 'p');
insert into CandidatesData (idno) VALUES (5666);
insert into PartyMembership (pid, idno) VALUES (2, 5666);
insert into Candidacy (wkid, idno) VALUES (407, 5666);
insert into Landeslistenplatz (llid, idno, position) VALUES (73, 5666, 31);
insert into Citizen (idno, title, firstname, lastname, dateofbirth, gender) VALUES (5667, '', 'Krumbachner', 'Alois', '1.1.1953.', 'p');
insert into CandidatesData (idno) VALUES (5667);
insert into PartyMembership (pid, idno) VALUES (10, 5667);
insert into Landeslistenplatz (llid, idno, position) VALUES (217, 5667, 13);
insert into Citizen (idno, title, firstname, lastname, dateofbirth, gender) VALUES (5668, '', 'Krumpen', 'Horst', '1.1.1966.', 'p');
insert into CandidatesData (idno) VALUES (5668);
insert into PartyMembership (pid, idno) VALUES (3, 5668);
insert into Landeslistenplatz (llid, idno, position) VALUES (107, 5668, 8);
insert into Citizen (idno, title, firstname, lastname, dateofbirth, gender) VALUES (5669, '', 'Krumpholz', 'Jürgen Uwe', '1.1.1964.', 'p');
insert into CandidatesData (idno) VALUES (5669);
insert into PartyMembership (pid, idno) VALUES (37, 5669);
insert into LandesListe (llid, year, pid, fsid) VALUES (251, 2013, 37, 51);
insert into Landeslistenplatz (llid, idno, position) VALUES (251, 5669, 3);
insert into Citizen (idno, title, firstname, lastname, dateofbirth, gender) VALUES (5670, '', 'Krumwiede', 'Agnes', '1.1.1977.', 'p');
insert into CandidatesData (idno) VALUES (5670);
insert into PartyMembership (pid, idno) VALUES (5, 5670);
insert into Candidacy (wkid, idno) VALUES (516, 5670);
insert into Landeslistenplatz (llid, idno, position) VALUES (65, 5670, 11);
insert into Citizen (idno, title, firstname, lastname, dateofbirth, gender) VALUES (5671, '', 'Krusche', 'Helge', '1.1.1965.', 'p');
insert into CandidatesData (idno) VALUES (5671);
insert into PartyMembership (pid, idno) VALUES (31, 5671);
insert into Landeslistenplatz (llid, idno, position) VALUES (123, 5671, 20);
insert into Citizen (idno, title, firstname, lastname, dateofbirth, gender) VALUES (5672, 'Dr. ', 'Kruse', 'Hans Jörn', '1.1.1948.', 'p');
insert into CandidatesData (idno) VALUES (5672);
insert into PartyMembership (pid, idno) VALUES (33, 5672);
insert into Candidacy (wkid, idno) VALUES (320, 5672);
insert into Landeslistenplatz (llid, idno, position) VALUES (237, 5672, 1);
insert into Citizen (idno, title, firstname, lastname, dateofbirth, gender) VALUES (5673, '', 'Kruse', 'Rüdiger', '1.1.1961.', 'p');
insert into CandidatesData (idno) VALUES (5673);
insert into PartyMembership (pid, idno) VALUES (12, 5673);
insert into Candidacy (wkid, idno) VALUES (319, 5673);
insert into Landeslistenplatz (llid, idno, position) VALUES (222, 5673, 2);
insert into Citizen (idno, title, firstname, lastname, dateofbirth, gender) VALUES (5674, '', 'Kubach', 'Walter', '1.1.1955.', 'p');
insert into CandidatesData (idno) VALUES (5674);
insert into PartyMembership (pid, idno) VALUES (3, 5674);
insert into Candidacy (wkid, idno) VALUES (565, 5674);
insert into Citizen (idno, title, firstname, lastname, dateofbirth, gender) VALUES (5675, '', 'Kubicki', 'Wolfgang', '1.1.1952.', 'p');
insert into CandidatesData (idno) VALUES (5675);
insert into PartyMembership (pid, idno) VALUES (4, 5675);
insert into Candidacy (wkid, idno) VALUES (302, 5675);
insert into Landeslistenplatz (llid, idno, position) VALUES (78, 5675, 1);
insert into Citizen (idno, title, firstname, lastname, dateofbirth, gender) VALUES (5676, 'Dr. ', 'Kuchlbauer', 'Simon Franz Jakob', '1.1.1976.', 'p');
insert into CandidatesData (idno) VALUES (5676);
insert into PartyMembership (pid, idno) VALUES (33, 5676);
insert into Landeslistenplatz (llid, idno, position) VALUES (166, 5676, 30);
insert into Citizen (idno, title, firstname, lastname, dateofbirth, gender) VALUES (5677, '', 'Kuck', 'Feline Sabrina', '1.1.1988.', 'p');
insert into CandidatesData (idno) VALUES (5677);
insert into PartyMembership (pid, idno) VALUES (31, 5677);
insert into Candidacy (wkid, idno) VALUES (376, 5677);
insert into Citizen (idno, title, firstname, lastname, dateofbirth, gender) VALUES (5678, '', 'Kudla', 'Bettina Irene', '1.1.1962.', 'p');
insert into CandidatesData (idno) VALUES (5678);
insert into PartyMembership (pid, idno) VALUES (12, 5678);
insert into Candidacy (wkid, idno) VALUES (451, 5678);
insert into Landeslistenplatz (llid, idno, position) VALUES (134, 5678, 10);
insert into Citizen (idno, title, firstname, lastname, dateofbirth, gender) VALUES (5679, '', 'Küffen', 'Dirk', '1.1.1980.', 'p');
insert into CandidatesData (idno) VALUES (5679);
insert into PartyMembership (pid, idno) VALUES (36, 5679);
insert into Landeslistenplatz (llid, idno, position) VALUES (84, 5679, 11);
insert into Citizen (idno, title, firstname, lastname, dateofbirth, gender) VALUES (5680, '', 'Kügle', 'Karl-Heinz', '1.1.1963.', 'p');
insert into CandidatesData (idno) VALUES (5680);
insert into PartyMembership (pid, idno) VALUES (1, 5680);
insert into Candidacy (wkid, idno) VALUES (552, 5680);
insert into Citizen (idno, title, firstname, lastname, dateofbirth, gender) VALUES (5681, '', 'Kühlthau', 'Phillipp', '1.1.1988.', 'p');
insert into CandidatesData (idno) VALUES (5681);
insert into PartyMembership (pid, idno) VALUES (31, 5681);
insert into Landeslistenplatz (llid, idno, position) VALUES (79, 5681, 14);
insert into Citizen (idno, title, firstname, lastname, dateofbirth, gender) VALUES (5682, '', 'Kühn', 'Christian', '1.1.1979.', 'p');
insert into CandidatesData (idno) VALUES (5682);
insert into PartyMembership (pid, idno) VALUES (5, 5682);
insert into Candidacy (wkid, idno) VALUES (589, 5682);
insert into Landeslistenplatz (llid, idno, position) VALUES (61, 5682, 6);
insert into Citizen (idno, title, firstname, lastname, dateofbirth, gender) VALUES (5683, '', 'Kühn', 'Dirk Alexander', '1.1.1974.', 'p');
insert into CandidatesData (idno) VALUES (5683);
insert into PartyMembership (pid, idno) VALUES (31, 5683);
insert into Landeslistenplatz (llid, idno, position) VALUES (123, 5683, 37);
insert into Citizen (idno, title, firstname, lastname, dateofbirth, gender) VALUES (5684, '', 'Kühn', 'Stephan', '1.1.1979.', 'p');
insert into CandidatesData (idno) VALUES (5684);
insert into PartyMembership (pid, idno) VALUES (5, 5684);
insert into Candidacy (wkid, idno) VALUES (459, 5684);
insert into Landeslistenplatz (llid, idno, position) VALUES (185, 5684, 2);
insert into Citizen (idno, title, firstname, lastname, dateofbirth, gender) VALUES (5685, '', 'Kühn-Mengel', 'Helga', '1.1.1947.', 'p');
insert into CandidatesData (idno) VALUES (5685);
insert into PartyMembership (pid, idno) VALUES (2, 5685);
insert into Candidacy (wkid, idno) VALUES (391, 5685);
insert into Landeslistenplatz (llid, idno, position) VALUES (73, 5685, 28);
insert into Citizen (idno, title, firstname, lastname, dateofbirth, gender) VALUES (5686, 'Dr. ', 'Kühne', 'Roy', '1.1.1967.', 'p');
insert into CandidatesData (idno) VALUES (5686);
insert into PartyMembership (pid, idno) VALUES (12, 5686);
insert into Candidacy (wkid, idno) VALUES (351, 5686);
insert into Landeslistenplatz (llid, idno, position) VALUES (44, 5686, 22);
insert into Citizen (idno, title, firstname, lastname, dateofbirth, gender) VALUES (5687, '', 'Kühne', 'Henner', '1.1.1959.', 'p');
insert into CandidatesData (idno) VALUES (5687);
insert into PartyMembership (pid, idno) VALUES (32, 5687);
insert into Candidacy (wkid, idno) VALUES (317, 5687);
insert into Citizen (idno, title, firstname, lastname, dateofbirth, gender) VALUES (5688, '', 'Kühne', 'Steffen', '1.1.1981.', 'p');
insert into CandidatesData (idno) VALUES (5688);
insert into PartyMembership (pid, idno) VALUES (3, 5688);
insert into Candidacy (wkid, idno) VALUES (361, 5688);
insert into Landeslistenplatz (llid, idno, position) VALUES (236, 5688, 8);
insert into Citizen (idno, title, firstname, lastname, dateofbirth, gender) VALUES (5689, 'Dr. ', 'Kühnel', 'Katharina Rosemarie', '1.1.1958.', 'p');
insert into CandidatesData (idno) VALUES (5689);
insert into PartyMembership (pid, idno) VALUES (7, 5689);
insert into Landeslistenplatz (llid, idno, position) VALUES (178, 5689, 5);
insert into Citizen (idno, title, firstname, lastname, dateofbirth, gender) VALUES (5690, '', 'Künast', 'Renate Elly', '1.1.1955.', 'p');
insert into CandidatesData (idno) VALUES (5690);
insert into PartyMembership (pid, idno) VALUES (5, 5690);
insert into Candidacy (wkid, idno) VALUES (380, 5690);
insert into Landeslistenplatz (llid, idno, position) VALUES (249, 5690, 1);
insert into Citizen (idno, title, firstname, lastname, dateofbirth, gender) VALUES (5691, '', 'Kuenheim von', 'Kai-Gilg Volmar Georg', '1.1.1982.', 'p');
insert into CandidatesData (idno) VALUES (5691);
insert into PartyMembership (pid, idno) VALUES (33, 5691);
insert into Landeslistenplatz (llid, idno, position) VALUES (163, 5691, 8);
insert into Citizen (idno, title, firstname, lastname, dateofbirth, gender) VALUES (5692, '', 'Küppers', 'Thomas', '1.1.1976.', 'p');
insert into CandidatesData (idno) VALUES (5692);
insert into PartyMembership (pid, idno) VALUES (7, 5692);
insert into Landeslistenplatz (llid, idno, position) VALUES (75, 5692, 17);
insert into Citizen (idno, title, firstname, lastname, dateofbirth, gender) VALUES (5693, '', 'Küsel-Ferber', 'Karin', '1.1.1966.', 'p');
insert into CandidatesData (idno) VALUES (5693);
insert into PartyMembership (pid, idno) VALUES (2, 5693);
insert into Landeslistenplatz (llid, idno, position) VALUES (71, 5693, 18);
insert into Citizen (idno, title, firstname, lastname, dateofbirth, gender) VALUES (5694, '', 'Kuessner', 'Andreas Philipp', '1.1.1973.', 'p');
insert into CandidatesData (idno) VALUES (5694);
insert into PartyMembership (pid, idno) VALUES (33, 5694);
insert into Landeslistenplatz (llid, idno, position) VALUES (229, 5694, 5);
insert into Citizen (idno, title, firstname, lastname, dateofbirth, gender) VALUES (5695, '', 'Kuhlmann', 'Lars', '1.1.1976.', 'p');
insert into CandidatesData (idno) VALUES (5695);
insert into PartyMembership (pid, idno) VALUES (12, 5695);
insert into Landeslistenplatz (llid, idno, position) VALUES (159, 5695, 28);
insert into Citizen (idno, title, firstname, lastname, dateofbirth, gender) VALUES (5696, 'Dr. ', 'Kuhn', 'Arnd', '1.1.1957.', 'p');
insert into CandidatesData (idno) VALUES (5696);
insert into PartyMembership (pid, idno) VALUES (5, 5696);
insert into Candidacy (wkid, idno) VALUES (397, 5696);
insert into Citizen (idno, title, firstname, lastname, dateofbirth, gender) VALUES (5697, '', 'Kuhnert', 'Cornelia', '1.1.1961.', 'p');
insert into CandidatesData (idno) VALUES (5697);
insert into PartyMembership (pid, idno) VALUES (4, 5697);
insert into Candidacy (wkid, idno) VALUES (369, 5697);
insert into Citizen (idno, title, firstname, lastname, dateofbirth, gender) VALUES (5698, '', 'Kulikowsky', 'Ralf', '1.1.1961.', 'p');
insert into CandidatesData (idno) VALUES (5698);
insert into PartyMembership (pid, idno) VALUES (33, 5698);
insert into Landeslistenplatz (llid, idno, position) VALUES (111, 5698, 20);
insert into Citizen (idno, title, firstname, lastname, dateofbirth, gender) VALUES (5699, '', 'Kunert', 'Katrin', '1.1.1964.', 'p');
insert into CandidatesData (idno) VALUES (5699);
insert into PartyMembership (pid, idno) VALUES (3, 5699);
insert into Candidacy (wkid, idno) VALUES (365, 5699);
insert into Landeslistenplatz (llid, idno, position) VALUES (197, 5699, 3);
insert into Citizen (idno, title, firstname, lastname, dateofbirth, gender) VALUES (5700, '', 'Kunkel', 'Willibert', '1.1.1950.', 'p');
insert into CandidatesData (idno) VALUES (5700);
insert into PartyMembership (pid, idno) VALUES (1, 5700);
insert into Candidacy (wkid, idno) VALUES (387, 5700);
insert into Citizen (idno, title, firstname, lastname, dateofbirth, gender) VALUES (5701, '', 'Kunkis-Becker', 'Cornelia', '1.1.1960.', 'p');
insert into CandidatesData (idno) VALUES (5701);
insert into PartyMembership (pid, idno) VALUES (5, 5701);
insert into Candidacy (wkid, idno) VALUES (585, 5701);
insert into Landeslistenplatz (llid, idno, position) VALUES (61, 5701, 19);
insert into Citizen (idno, title, firstname, lastname, dateofbirth, gender) VALUES (5702, '', 'Kunstein', 'Karl-Ludwig Georg Richard', '1.1.1951.', 'p');
insert into CandidatesData (idno) VALUES (5702);
insert into PartyMembership (pid, idno) VALUES (33, 5702);
insert into Landeslistenplatz (llid, idno, position) VALUES (36, 5702, 20);
insert into Citizen (idno, title, firstname, lastname, dateofbirth, gender) VALUES (5703, '', 'Kunz', 'Georg Bernd', '1.1.1953.', 'p');
insert into CandidatesData (idno) VALUES (5703);
insert into PartyMembership (pid, idno) VALUES (5, 5703);
insert into Landeslistenplatz (llid, idno, position) VALUES (144, 5703, 20);
insert into Citizen (idno, title, firstname, lastname, dateofbirth, gender) VALUES (5704, '', 'Kunz', 'Silvia', '1.1.1990.', 'p');
insert into CandidatesData (idno) VALUES (5704);
insert into PartyMembership (pid, idno) VALUES (5, 5704);
insert into Landeslistenplatz (llid, idno, position) VALUES (185, 5704, 9);
insert into Citizen (idno, title, firstname, lastname, dateofbirth, gender) VALUES (5705, '', 'Kunze', 'Christian', '1.1.1984.', 'p');
insert into CandidatesData (idno) VALUES (5705);
insert into PartyMembership (pid, idno) VALUES (7, 5705);
insert into Candidacy (wkid, idno) VALUES (373, 5705);
insert into Landeslistenplatz (llid, idno, position) VALUES (175, 5705, 9);
insert into Citizen (idno, title, firstname, lastname, dateofbirth, gender) VALUES (5706, '', 'Kunze', 'Sylvia', '1.1.1979.', 'p');
insert into CandidatesData (idno) VALUES (5706);
insert into PartyMembership (pid, idno) VALUES (2, 5706);
insert into Landeslistenplatz (llid, idno, position) VALUES (54, 5706, 32);
insert into Citizen (idno, title, firstname, lastname, dateofbirth, gender) VALUES (5707, '', 'Kunze', 'Volker', '1.1.1963.', 'p');
insert into CandidatesData (idno) VALUES (5707);
insert into PartyMembership (pid, idno) VALUES (7, 5707);
insert into Candidacy (wkid, idno) VALUES (521, 5707);
insert into Citizen (idno, title, firstname, lastname, dateofbirth, gender) VALUES (5708, 'Dr. ', 'Kurth', 'Hartwig Werner Heins', '1.1.1950.', 'p');
insert into CandidatesData (idno) VALUES (5708);
insert into PartyMembership (pid, idno) VALUES (32, 5708);
insert into Candidacy (wkid, idno) VALUES (316, 5708);
insert into Landeslistenplatz (llid, idno, position) VALUES (101, 5708, 8);
insert into Citizen (idno, title, firstname, lastname, dateofbirth, gender) VALUES (5709, '', 'Kurth', 'Gunnar Günther', '1.1.1969.', 'p');
insert into CandidatesData (idno) VALUES (5709);
insert into PartyMembership (pid, idno) VALUES (2, 5709);
insert into Landeslistenplatz (llid, idno, position) VALUES (147, 5709, 13);
insert into Citizen (idno, title, firstname, lastname, dateofbirth, gender) VALUES (5710, '', 'Kurth', 'Markus', '1.1.1966.', 'p');
insert into CandidatesData (idno) VALUES (5710);
insert into PartyMembership (pid, idno) VALUES (5, 5710);
insert into Candidacy (wkid, idno) VALUES (441, 5710);
insert into Landeslistenplatz (llid, idno, position) VALUES (83, 5710, 8);
insert into Citizen (idno, title, firstname, lastname, dateofbirth, gender) VALUES (5711, '', 'Kurth', 'Patrick', '1.1.1976.', 'p');
insert into CandidatesData (idno) VALUES (5711);
insert into PartyMembership (pid, idno) VALUES (4, 5711);
insert into Candidacy (wkid, idno) VALUES (490, 5711);
insert into Landeslistenplatz (llid, idno, position) VALUES (168, 5711, 1);
insert into Citizen (idno, title, firstname, lastname, dateofbirth, gender) VALUES (5712, '', 'Kurtz', 'Bernhard', '1.1.1956.', 'p');
insert into CandidatesData (idno) VALUES (5712);
insert into PartyMembership (pid, idno) VALUES (33, 5712);
insert into LandesListe (llid, year, pid, fsid) VALUES (252, 2013, 33, 30);
insert into Landeslistenplatz (llid, idno, position) VALUES (252, 5712, 6);
insert into Citizen (idno, title, firstname, lastname, dateofbirth, gender) VALUES (5713, '', 'Kuschke', 'Dietmar Oliver', '1.1.1967.', 'p');
insert into CandidatesData (idno) VALUES (5713);
insert into PartyMembership (pid, idno) VALUES (3, 5713);
insert into Candidacy (wkid, idno) VALUES (530, 5713);
insert into Citizen (idno, title, firstname, lastname, dateofbirth, gender) VALUES (5714, '', 'Kuske', 'Bernhard Christian', '1.1.1990.', 'p');
insert into CandidatesData (idno) VALUES (5714);
insert into PartyMembership (pid, idno) VALUES (4, 5714);
insert into Landeslistenplatz (llid, idno, position) VALUES (168, 5714, 8);
insert into Citizen (idno, title, firstname, lastname, dateofbirth, gender) VALUES (5715, '', 'Kuske', 'Monika', '1.1.1957.', 'p');
insert into CandidatesData (idno) VALUES (5715);
insert into PartyMembership (pid, idno) VALUES (13, 5715);
insert into Landeslistenplatz (llid, idno, position) VALUES (227, 5715, 1);
insert into Citizen (idno, title, firstname, lastname, dateofbirth, gender) VALUES (5716, '', 'Kutzer', 'Jörg', '1.1.1980.', 'p');
insert into CandidatesData (idno) VALUES (5716);
insert into PartyMembership (pid, idno) VALUES (5, 5716);
insert into Candidacy (wkid, idno) VALUES (391, 5716);
insert into Landeslistenplatz (llid, idno, position) VALUES (83, 5716, 38);
insert into Citizen (idno, title, firstname, lastname, dateofbirth, gender) VALUES (5717, '', 'Kuylkens', 'Patricia', '1.1.1983.', 'p');
insert into CandidatesData (idno) VALUES (5717);
insert into PartyMembership (pid, idno) VALUES (31, 5717);
insert into Landeslistenplatz (llid, idno, position) VALUES (123, 5717, 43);
insert into Citizen (idno, title, firstname, lastname, dateofbirth, gender) VALUES (5718, 'Dr. ', 'Labitzke Rathert', 'Anna', '1.1.1977.', 'p');
insert into CandidatesData (idno) VALUES (5718);
insert into PartyMembership (pid, idno) VALUES (33, 5718);
insert into Landeslistenplatz (llid, idno, position) VALUES (140, 5718, 19);
insert into Citizen (idno, title, firstname, lastname, dateofbirth, gender) VALUES (5719, '', 'Lach', 'Günter', '1.1.1954.', 'p');
insert into CandidatesData (idno) VALUES (5719);
insert into PartyMembership (pid, idno) VALUES (12, 5719);
insert into Candidacy (wkid, idno) VALUES (350, 5719);
insert into Landeslistenplatz (llid, idno, position) VALUES (44, 5719, 19);
insert into Citizen (idno, title, firstname, lastname, dateofbirth, gender) VALUES (5720, '', 'Lachmann', 'Daniel', '1.1.1980.', 'p');
insert into CandidatesData (idno) VALUES (5720);
insert into PartyMembership (pid, idno) VALUES (1, 5720);
insert into Candidacy (wkid, idno) VALUES (474, 5720);
insert into Citizen (idno, title, firstname, lastname, dateofbirth, gender) VALUES (5721, '', 'Lachmann', 'Peter', '1.1.1941.', 'p');
insert into CandidatesData (idno) VALUES (5721);
insert into PartyMembership (pid, idno) VALUES (41, 5721);
insert into Candidacy (wkid, idno) VALUES (521, 5721);
insert into Landeslistenplatz (llid, idno, position) VALUES (152, 5721, 2);
insert into Citizen (idno, title, firstname, lastname, dateofbirth, gender) VALUES (5722, '', 'Ladig', 'Roman', '1.1.1978.', 'p');
insert into CandidatesData (idno) VALUES (5722);
insert into PartyMembership (pid, idno) VALUES (7, 5722);
insert into Landeslistenplatz (llid, idno, position) VALUES (175, 5722, 6);
insert into Citizen (idno, title, firstname, lastname, dateofbirth, gender) VALUES (5723, 'Dr. ', 'Läger', 'Matthias Frank', '1.1.1961.', 'p');
insert into CandidatesData (idno) VALUES (5723);
insert into PartyMembership (pid, idno) VALUES (33, 5723);
insert into Landeslistenplatz (llid, idno, position) VALUES (164, 5723, 13);
insert into Citizen (idno, title, firstname, lastname, dateofbirth, gender) VALUES (5724, '', 'Lämmel', 'Andreas Gottfried', '1.1.1959.', 'p');
insert into CandidatesData (idno) VALUES (5724);
insert into PartyMembership (pid, idno) VALUES (12, 5724);
insert into Candidacy (wkid, idno) VALUES (458, 5724);
insert into Landeslistenplatz (llid, idno, position) VALUES (134, 5724, 8);
insert into Citizen (idno, title, firstname, lastname, dateofbirth, gender) VALUES (5725, 'Dr. ', 'Lagodinsky', 'Sergey', '1.1.1975.', 'p');
insert into CandidatesData (idno) VALUES (5725);
insert into PartyMembership (pid, idno) VALUES (5, 5725);
insert into Landeslistenplatz (llid, idno, position) VALUES (249, 5725, 10);
insert into Citizen (idno, title, firstname, lastname, dateofbirth, gender) VALUES (5726, '', 'Lagosky', 'Uwe', '1.1.1962.', 'p');
insert into CandidatesData (idno) VALUES (5726);
insert into PartyMembership (pid, idno) VALUES (12, 5726);
insert into Candidacy (wkid, idno) VALUES (348, 5726);
insert into Landeslistenplatz (llid, idno, position) VALUES (44, 5726, 23);
insert into Citizen (idno, title, firstname, lastname, dateofbirth, gender) VALUES (5727, '', 'Lakemann', 'Miriam', '1.1.1983.', 'p');
insert into CandidatesData (idno) VALUES (5727);
insert into PartyMembership (pid, idno) VALUES (7, 5727);
insert into Landeslistenplatz (llid, idno, position) VALUES (72, 5727, 13);
insert into Citizen (idno, title, firstname, lastname, dateofbirth, gender) VALUES (5728, '', 'Lambeck', 'Thomas', '1.1.1972.', 'p');
insert into CandidatesData (idno) VALUES (5728);
insert into PartyMembership (pid, idno) VALUES (7, 5728);
insert into Candidacy (wkid, idno) VALUES (564, 5728);
insert into Landeslistenplatz (llid, idno, position) VALUES (48, 5728, 12);
insert into Citizen (idno, title, firstname, lastname, dateofbirth, gender) VALUES (5729, '', 'Lambertz', 'Jochen', '1.1.1972.', 'p');
insert into CandidatesData (idno) VALUES (5729);
insert into PartyMembership (pid, idno) VALUES (31, 5729);
insert into Landeslistenplatz (llid, idno, position) VALUES (123, 5729, 32);
insert into Citizen (idno, title, firstname, lastname, dateofbirth, gender) VALUES (5730, '', 'Lambrecht', 'Christine', '1.1.1965.', 'p');
insert into CandidatesData (idno) VALUES (5730);
insert into PartyMembership (pid, idno) VALUES (2, 5730);
insert into Candidacy (wkid, idno) VALUES (487, 5730);
insert into Landeslistenplatz (llid, idno, position) VALUES (54, 5730, 2);
insert into Citizen (idno, title, firstname, lastname, dateofbirth, gender) VALUES (5731, 'Dr. ', 'Lamers', 'Karl', '1.1.1951.', 'p');
insert into CandidatesData (idno) VALUES (5731);
insert into PartyMembership (pid, idno) VALUES (12, 5731);
insert into Candidacy (wkid, idno) VALUES (573, 5731);
insert into Landeslistenplatz (llid, idno, position) VALUES (105, 5731, 8);
insert into Citizen (idno, title, firstname, lastname, dateofbirth, gender) VALUES (5732, '', 'Lammers', 'Martina', '1.1.1966.', 'p');
insert into CandidatesData (idno) VALUES (5732);
insert into PartyMembership (pid, idno) VALUES (5, 5732);
insert into Candidacy (wkid, idno) VALUES (335, 5732);
insert into Landeslistenplatz (llid, idno, position) VALUES (142, 5732, 15);
insert into Citizen (idno, title, firstname, lastname, dateofbirth, gender) VALUES (5733, 'Prof. Dr. ', 'Lammert', 'Norbert', '1.1.1948.', 'p');
insert into CandidatesData (idno) VALUES (5733);
insert into PartyMembership (pid, idno) VALUES (12, 5733);
insert into Candidacy (wkid, idno) VALUES (439, 5733);
insert into Landeslistenplatz (llid, idno, position) VALUES (136, 5733, 1);
insert into Citizen (idno, title, firstname, lastname, dateofbirth, gender) VALUES (5734, '', 'Lampe', 'Dirk', '1.1.1964.', 'p');
insert into CandidatesData (idno) VALUES (5734);
insert into PartyMembership (pid, idno) VALUES (1, 5734);
insert into Landeslistenplatz (llid, idno, position) VALUES (181, 5734, 4);
insert into Citizen (idno, title, firstname, lastname, dateofbirth, gender) VALUES (5735, '', 'Land', 'Günter Adolf Otto', '1.1.1935.', 'p');
insert into CandidatesData (idno) VALUES (5735);
insert into PartyMembership (pid, idno) VALUES (29, 5735);
insert into Landeslistenplatz (llid, idno, position) VALUES (31, 5735, 10);
insert into Citizen (idno, title, firstname, lastname, dateofbirth, gender) VALUES (5736, '', 'Landgraf', 'Barbara Katharina', '1.1.1954.', 'p');
insert into CandidatesData (idno) VALUES (5736);
insert into PartyMembership (pid, idno) VALUES (12, 5736);
insert into Candidacy (wkid, idno) VALUES (453, 5736);
insert into Landeslistenplatz (llid, idno, position) VALUES (134, 5736, 4);
insert into Citizen (idno, title, firstname, lastname, dateofbirth, gender) VALUES (5737, '', 'Lang', 'Johann', '1.1.1934.', 'p');
insert into CandidatesData (idno) VALUES (5737);
insert into PartyMembership (pid, idno) VALUES (44, 5737);
insert into Landeslistenplatz (llid, idno, position) VALUES (193, 5737, 5);
insert into Citizen (idno, title, firstname, lastname, dateofbirth, gender) VALUES (5738, '', 'Lang', 'Rudolf Edelbert', '1.1.1953.', 'p');
insert into CandidatesData (idno) VALUES (5738);
insert into PartyMembership (pid, idno) VALUES (36, 5738);
insert into Candidacy (wkid, idno) VALUES (546, 5738);
insert into Landeslistenplatz (llid, idno, position) VALUES (121, 5738, 15);
insert into Citizen (idno, title, firstname, lastname, dateofbirth, gender) VALUES (5739, '', 'Lang', 'Simone', '1.1.1971.', 'p');
insert into CandidatesData (idno) VALUES (5739);
insert into PartyMembership (pid, idno) VALUES (2, 5739);
insert into Landeslistenplatz (llid, idno, position) VALUES (153, 5739, 12);
insert into Citizen (idno, title, firstname, lastname, dateofbirth, gender) VALUES (5740, '', 'Lang', 'Susanne', '1.1.1969.', 'p');
insert into CandidatesData (idno) VALUES (5740);
insert into PartyMembership (pid, idno) VALUES (42, 5740);
insert into Landeslistenplatz (llid, idno, position) VALUES (155, 5740, 2);
insert into Citizen (idno, title, firstname, lastname, dateofbirth, gender) VALUES (5741, '', 'Langanki', 'Jürgen', '1.1.1972.', 'p');
insert into CandidatesData (idno) VALUES (5741);
insert into PartyMembership (pid, idno) VALUES (19, 5741);
insert into Candidacy (wkid, idno) VALUES (548, 5741);
insert into Citizen (idno, title, firstname, lastname, dateofbirth, gender) VALUES (5742, '', 'Lange', 'Andreas', '1.1.1962.', 'p');
insert into CandidatesData (idno) VALUES (5742);
insert into PartyMembership (pid, idno) VALUES (41, 5742);
insert into Landeslistenplatz (llid, idno, position) VALUES (207, 5742, 4);
insert into Citizen (idno, title, firstname, lastname, dateofbirth, gender) VALUES (5743, '', 'Lange', 'Bernd', '1.1.1957.', 'p');
insert into CandidatesData (idno) VALUES (5743);
insert into PartyMembership (pid, idno) VALUES (4, 5743);
insert into Landeslistenplatz (llid, idno, position) VALUES (104, 5743, 7);
insert into Citizen (idno, title, firstname, lastname, dateofbirth, gender) VALUES (5744, '', 'Lange', 'Christian', '1.1.1964.', 'p');
insert into CandidatesData (idno) VALUES (5744);
insert into PartyMembership (pid, idno) VALUES (2, 5744);
insert into Candidacy (wkid, idno) VALUES (568, 5744);
insert into Landeslistenplatz (llid, idno, position) VALUES (76, 5744, 3);
insert into Citizen (idno, title, firstname, lastname, dateofbirth, gender) VALUES (5745, '', 'Lange', 'Claudia', '1.1.1981.', 'p');
insert into CandidatesData (idno) VALUES (5745);
insert into PartyMembership (pid, idno) VALUES (2, 5745);
insert into Landeslistenplatz (llid, idno, position) VALUES (69, 5745, 36);
insert into Citizen (idno, title, firstname, lastname, dateofbirth, gender) VALUES (5746, '', 'Lange', 'Helmut Walter Wolfgang', '1.1.1952.', 'p');
insert into CandidatesData (idno) VALUES (5746);
insert into PartyMembership (pid, idno) VALUES (13, 5746);
insert into Candidacy (wkid, idno) VALUES (353, 5746);
insert into Landeslistenplatz (llid, idno, position) VALUES (219, 5746, 1);
insert into Citizen (idno, title, firstname, lastname, dateofbirth, gender) VALUES (5747, '', 'Lange', 'Maria Cornelia', '1.1.1959.', 'p');
insert into CandidatesData (idno) VALUES (5747);
insert into PartyMembership (pid, idno) VALUES (12, 5747);
insert into Landeslistenplatz (llid, idno, position) VALUES (88, 5747, 27);
insert into Citizen (idno, title, firstname, lastname, dateofbirth, gender) VALUES (5748, '', 'Lange', 'Ulrich', '1.1.1969.', 'p');
insert into CandidatesData (idno) VALUES (5748);
insert into PartyMembership (pid, idno) VALUES (9, 5748);
insert into Candidacy (wkid, idno) VALUES (553, 5748);
insert into Citizen (idno, title, firstname, lastname, dateofbirth, gender) VALUES (5749, '', 'Lange', 'Wanja Max', '1.1.1987.', 'p');
insert into CandidatesData (idno) VALUES (5749);
insert into PartyMembership (pid, idno) VALUES (13, 5749);
insert into Landeslistenplatz (llid, idno, position) VALUES (219, 5749, 3);
insert into Citizen (idno, title, firstname, lastname, dateofbirth, gender) VALUES (5750, '', 'Langefeld', 'Jörg', '1.1.1964.', 'p');
insert into CandidatesData (idno) VALUES (5750);
insert into PartyMembership (pid, idno) VALUES (4, 5750);
insert into Candidacy (wkid, idno) VALUES (389, 5750);
insert into Landeslistenplatz (llid, idno, position) VALUES (98, 5750, 60);
insert into Citizen (idno, title, firstname, lastname, dateofbirth, gender) VALUES (5751, 'Dr. ', 'Langer', 'Vera', '1.1.1978.', 'p');
insert into CandidatesData (idno) VALUES (5751);
insert into PartyMembership (pid, idno) VALUES (4, 5751);
insert into Landeslistenplatz (llid, idno, position) VALUES (116, 5751, 37);
insert into Citizen (idno, title, firstname, lastname, dateofbirth, gender) VALUES (5752, '', 'Langguth', 'Iris', '1.1.1959.', 'p');
insert into CandidatesData (idno) VALUES (5752);
insert into PartyMembership (pid, idno) VALUES (5, 5752);
insert into Candidacy (wkid, idno) VALUES (597, 5752);
insert into Citizen (idno, title, firstname, lastname, dateofbirth, gender) VALUES (5753, '', 'Langmack', 'Karen Gisela', '1.1.1962.', 'p');
insert into CandidatesData (idno) VALUES (5753);
insert into PartyMembership (pid, idno) VALUES (33, 5753);
insert into Landeslistenplatz (llid, idno, position) VALUES (164, 5753, 3);
insert into Citizen (idno, title, firstname, lastname, dateofbirth, gender) VALUES (5754, '', 'Langner', 'Michaela', '1.1.1977.', 'p');
insert into CandidatesData (idno) VALUES (5754);
insert into PartyMembership (pid, idno) VALUES (12, 5754);
insert into Landeslistenplatz (llid, idno, position) VALUES (138, 5754, 21);
insert into Citizen (idno, title, firstname, lastname, dateofbirth, gender) VALUES (5755, '', 'Lanio', 'Kai Alexander', '1.1.1973.', 'p');
insert into CandidatesData (idno) VALUES (5755);
insert into PartyMembership (pid, idno) VALUES (7, 5755);
insert into Candidacy (wkid, idno) VALUES (479, 5755);
insert into Citizen (idno, title, firstname, lastname, dateofbirth, gender) VALUES (5756, 'Dr. ', 'Lanzendörfer', 'Christoph', '1.1.1954.', 'p');
insert into CandidatesData (idno) VALUES (5756);
insert into PartyMembership (pid, idno) VALUES (2, 5756);
insert into Candidacy (wkid, idno) VALUES (332, 5756);
insert into Citizen (idno, title, firstname, lastname, dateofbirth, gender) VALUES (5757, '', 'Lanzinger', 'Barbara', '1.1.1954.', 'p');
insert into CandidatesData (idno) VALUES (5757);
insert into PartyMembership (pid, idno) VALUES (9, 5757);
insert into Landeslistenplatz (llid, idno, position) VALUES (47, 5757, 31);
insert into Citizen (idno, title, firstname, lastname, dateofbirth, gender) VALUES (5758, 'Dr. ', 'Lardon', 'Hartmut', '1.1.1953.', 'p');
insert into CandidatesData (idno) VALUES (5758);
insert into PartyMembership (pid, idno) VALUES (4, 5758);
insert into Candidacy (wkid, idno) VALUES (508, 5758);
insert into Landeslistenplatz (llid, idno, position) VALUES (120, 5758, 9);
insert into Citizen (idno, title, firstname, lastname, dateofbirth, gender) VALUES (5759, '', 'Lau', 'Bettina', '1.1.1966.', 'p');
insert into CandidatesData (idno) VALUES (5759);
insert into PartyMembership (pid, idno) VALUES (3, 5759);
insert into Candidacy (wkid, idno) VALUES (499, 5759);
insert into Landeslistenplatz (llid, idno, position) VALUES (183, 5759, 5);
insert into Citizen (idno, title, firstname, lastname, dateofbirth, gender) VALUES (5760, '', 'Lauberger', 'Norbert', '1.1.1970.', 'p');
insert into CandidatesData (idno) VALUES (5760);
insert into PartyMembership (pid, idno) VALUES (35, 5760);
insert into Landeslistenplatz (llid, idno, position) VALUES (57, 5760, 19);
insert into Citizen (idno, title, firstname, lastname, dateofbirth, gender) VALUES (5761, 'Dr. ', 'Laude', 'Gernot Fritz', '1.1.1938.', 'p');
insert into CandidatesData (idno) VALUES (5761);
insert into PartyMembership (pid, idno) VALUES (33, 5761);
insert into Landeslistenplatz (llid, idno, position) VALUES (36, 5761, 19);
insert into Citizen (idno, title, firstname, lastname, dateofbirth, gender) VALUES (5762, '', 'Lauer', 'Ralf', '1.1.1961.', 'p');
insert into CandidatesData (idno) VALUES (5762);
insert into PartyMembership (pid, idno) VALUES (31, 5762);
insert into Landeslistenplatz (llid, idno, position) VALUES (28, 5762, 16);
insert into Citizen (idno, title, firstname, lastname, dateofbirth, gender) VALUES (5763, '', 'Lauinger', 'Dieter', '1.1.1962.', 'p');
insert into CandidatesData (idno) VALUES (5763);
insert into PartyMembership (pid, idno) VALUES (5, 5763);
insert into Candidacy (wkid, idno) VALUES (492, 5763);
insert into Landeslistenplatz (llid, idno, position) VALUES (172, 5763, 2);
insert into Citizen (idno, title, firstname, lastname, dateofbirth, gender) VALUES (5764, '', 'Launert', 'Silke', '1.1.1976.', 'p');
insert into CandidatesData (idno) VALUES (5764);
insert into PartyMembership (pid, idno) VALUES (9, 5764);
insert into Landeslistenplatz (llid, idno, position) VALUES (47, 5764, 32);
insert into Citizen (idno, title, firstname, lastname, dateofbirth, gender) VALUES (5765, '', 'Lausch', 'Josef', '1.1.1970.', 'p');
insert into CandidatesData (idno) VALUES (5765);
insert into PartyMembership (pid, idno) VALUES (15, 5765);
insert into Landeslistenplatz (llid, idno, position) VALUES (55, 5765, 17);
insert into Citizen (idno, title, firstname, lastname, dateofbirth, gender) VALUES (5766, 'Prof. Dr. ', 'Lauterbach', 'Karl Wilhelm', '1.1.1963.', 'p');
insert into CandidatesData (idno) VALUES (5766);
insert into PartyMembership (pid, idno) VALUES (2, 5766);
insert into Candidacy (wkid, idno) VALUES (400, 5766);
insert into Landeslistenplatz (llid, idno, position) VALUES (73, 5766, 62);
insert into Citizen (idno, title, firstname, lastname, dateofbirth, gender) VALUES (5767, '', 'Laux', 'Antje', '1.1.1964.', 'p');
insert into CandidatesData (idno) VALUES (5767);
insert into PartyMembership (pid, idno) VALUES (5, 5767);
insert into Candidacy (wkid, idno) VALUES (526, 5767);
insert into Citizen (idno, title, firstname, lastname, dateofbirth, gender) VALUES (5768, '', 'Lay', 'Caren Nicole', '1.1.1972.', 'p');
insert into CandidatesData (idno) VALUES (5768);
insert into PartyMembership (pid, idno) VALUES (3, 5768);
insert into Candidacy (wkid, idno) VALUES (455, 5768);
insert into Landeslistenplatz (llid, idno, position) VALUES (240, 5768, 5);
insert into Citizen (idno, title, firstname, lastname, dateofbirth, gender) VALUES (5769, '', 'Lazar', 'Monika', '1.1.1967.', 'p');
insert into CandidatesData (idno) VALUES (5769);
insert into PartyMembership (pid, idno) VALUES (5, 5769);
insert into Candidacy (wkid, idno) VALUES (452, 5769);
insert into Landeslistenplatz (llid, idno, position) VALUES (185, 5769, 1);
insert into Citizen (idno, title, firstname, lastname, dateofbirth, gender) VALUES (5770, '', 'Lebedew', 'Alexander', '1.1.1966.', 'p');
insert into CandidatesData (idno) VALUES (5770);
insert into PartyMembership (pid, idno) VALUES (3, 5770);
insert into Candidacy (wkid, idno) VALUES (512, 5770);
insert into Citizen (idno, title, firstname, lastname, dateofbirth, gender) VALUES (5771, '', 'Lebmeier', 'Josef', '1.1.1963.', 'p');
insert into CandidatesData (idno) VALUES (5771);
insert into PartyMembership (pid, idno) VALUES (10, 5771);
insert into Landeslistenplatz (llid, idno, position) VALUES (217, 5771, 6);
insert into Citizen (idno, title, firstname, lastname, dateofbirth, gender) VALUES (5772, 'Dr. ', 'Leder', 'Gerhard', '1.1.1962.', 'p');
insert into CandidatesData (idno) VALUES (5772);
insert into PartyMembership (pid, idno) VALUES (33, 5772);
insert into Landeslistenplatz (llid, idno, position) VALUES (80, 5772, 14);
insert into Citizen (idno, title, firstname, lastname, dateofbirth, gender) VALUES (5773, 'Dr. ', 'Lederer', 'Klaus', '1.1.1974.', 'p');
insert into CandidatesData (idno) VALUES (5773);
insert into PartyMembership (pid, idno) VALUES (3, 5773);
insert into Candidacy (wkid, idno) VALUES (374, 5773);
insert into Citizen (idno, title, firstname, lastname, dateofbirth, gender) VALUES (5774, '', 'Lee van der', 'Felix', '1.1.1990.', 'p');
insert into CandidatesData (idno) VALUES (5774);
insert into PartyMembership (pid, idno) VALUES (1, 5774);
insert into Candidacy (wkid, idno) VALUES (386, 5774);
insert into Citizen (idno, title, firstname, lastname, dateofbirth, gender) VALUES (5775, '', 'Lehmann', 'Regina', '1.1.1953.', 'p');
insert into CandidatesData (idno) VALUES (5775);
insert into PartyMembership (pid, idno) VALUES (32, 5775);
insert into Landeslistenplatz (llid, idno, position) VALUES (92, 5775, 8);
insert into Citizen (idno, title, firstname, lastname, dateofbirth, gender) VALUES (5776, '', 'Lehnen', 'Therese', '1.1.1963.', 'p');
insert into CandidatesData (idno) VALUES (5776);
insert into PartyMembership (pid, idno) VALUES (7, 5776);
insert into Candidacy (wkid, idno) VALUES (374, 5776);
insert into Citizen (idno, title, firstname, lastname, dateofbirth, gender) VALUES (5777, '', 'Lehnert', 'Ruben', '1.1.1978.', 'p');
insert into CandidatesData (idno) VALUES (5777);
insert into PartyMembership (pid, idno) VALUES (3, 5777);
insert into Candidacy (wkid, idno) VALUES (381, 5777);
insert into Citizen (idno, title, firstname, lastname, dateofbirth, gender) VALUES (5778, '', 'Lehnhardt', 'Heiko', '1.1.1974.', 'p');
insert into CandidatesData (idno) VALUES (5778);
insert into PartyMembership (pid, idno) VALUES (37, 5778);
insert into Landeslistenplatz (llid, idno, position) VALUES (157, 5778, 1);
insert into Citizen (idno, title, firstname, lastname, dateofbirth, gender) VALUES (5779, '', 'Lehrieder', 'Paul Alois', '1.1.1959.', 'p');
insert into CandidatesData (idno) VALUES (5779);
insert into PartyMembership (pid, idno) VALUES (9, 5779);
insert into Candidacy (wkid, idno) VALUES (550, 5779);
insert into Landeslistenplatz (llid, idno, position) VALUES (47, 5779, 24);
insert into Citizen (idno, title, firstname, lastname, dateofbirth, gender) VALUES (5780, '', 'Leibig', 'Michael', '1.1.1963.', 'p');
insert into CandidatesData (idno) VALUES (5780);
insert into PartyMembership (pid, idno) VALUES (12, 5780);
insert into Landeslistenplatz (llid, idno, position) VALUES (53, 5780, 10);
insert into Citizen (idno, title, firstname, lastname, dateofbirth, gender) VALUES (5781, '', 'Leidecker', 'Jörn Jan', '1.1.1977.', 'p');
insert into CandidatesData (idno) VALUES (5781);
insert into PartyMembership (pid, idno) VALUES (3, 5781);
insert into Candidacy (wkid, idno) VALUES (341, 5781);
insert into Citizen (idno, title, firstname, lastname, dateofbirth, gender) VALUES (5782, '', 'Leidig', 'Sabine Ingeborg', '1.1.1961.', 'p');
insert into CandidatesData (idno) VALUES (5782);
insert into PartyMembership (pid, idno) VALUES (3, 5782);
insert into Candidacy (wkid, idno) VALUES (479, 5782);
insert into Landeslistenplatz (llid, idno, position) VALUES (43, 5782, 1);
insert into Citizen (idno, title, firstname, lastname, dateofbirth, gender) VALUES (5783, '', 'Leidig', 'Tobias', '1.1.1991.', 'p');
insert into CandidatesData (idno) VALUES (5783);
insert into PartyMembership (pid, idno) VALUES (31, 5783);
insert into Landeslistenplatz (llid, idno, position) VALUES (28, 5783, 47);
insert into Citizen (idno, title, firstname, lastname, dateofbirth, gender) VALUES (5784, '', 'Leidreiter', 'Piet Stefan', '1.1.1965.', 'p');
insert into CandidatesData (idno) VALUES (5784);
insert into PartyMembership (pid, idno) VALUES (33, 5784);
insert into LandesListe (llid, year, pid, fsid) VALUES (253, 2013, 33, 26);
insert into Landeslistenplatz (llid, idno, position) VALUES (253, 5784, 2);
insert into Citizen (idno, title, firstname, lastname, dateofbirth, gender) VALUES (5785, 'Dr. ', 'Leikert', 'Katja Isabel', '1.1.1975.', 'p');
insert into CandidatesData (idno) VALUES (5785);
insert into PartyMembership (pid, idno) VALUES (12, 5785);
insert into Candidacy (wkid, idno) VALUES (479, 5785);
insert into Landeslistenplatz (llid, idno, position) VALUES (88, 5785, 14);
insert into Citizen (idno, title, firstname, lastname, dateofbirth, gender) VALUES (5786, '', 'Leiminer', 'Friedrich Albert', '1.1.1948.', 'p');
insert into CandidatesData (idno) VALUES (5786);
insert into PartyMembership (pid, idno) VALUES (29, 5786);
insert into Candidacy (wkid, idno) VALUES (512, 5786);
insert into Citizen (idno, title, firstname, lastname, dateofbirth, gender) VALUES (5787, 'Prof. Dr. ', 'Leinen', 'Felix', '1.1.1957.', 'p');
insert into CandidatesData (idno) VALUES (5787);
insert into PartyMembership (pid, idno) VALUES (36, 5787);
insert into Landeslistenplatz (llid, idno, position) VALUES (56, 5787, 8);
insert into Citizen (idno, title, firstname, lastname, dateofbirth, gender) VALUES (5788, '', 'Leise', 'Fred', '1.1.1965.', 'p');
insert into CandidatesData (idno) VALUES (5788);
insert into PartyMembership (pid, idno) VALUES (4, 5788);
insert into Candidacy (wkid, idno) VALUES (489, 5788);
insert into Citizen (idno, title, firstname, lastname, dateofbirth, gender) VALUES (5789, '', 'Leißner', 'Dirk', '1.1.1970.', 'p');
insert into CandidatesData (idno) VALUES (5789);
insert into PartyMembership (pid, idno) VALUES (32, 5789);
insert into Landeslistenplatz (llid, idno, position) VALUES (165, 5789, 14);
insert into Citizen (idno, title, firstname, lastname, dateofbirth, gender) VALUES (5790, '', 'Lembcke', 'Birka Bettina', '1.1.1961.', 'p');
insert into CandidatesData (idno) VALUES (5790);
insert into PartyMembership (pid, idno) VALUES (12, 5790);
insert into Landeslistenplatz (llid, idno, position) VALUES (159, 5790, 20);
insert into Citizen (idno, title, firstname, lastname, dateofbirth, gender) VALUES (5791, '', 'Lemke', 'Helmut', '1.1.1942.', 'p');
insert into CandidatesData (idno) VALUES (5791);
insert into PartyMembership (pid, idno) VALUES (18, 5791);
insert into Candidacy (wkid, idno) VALUES (304, 5791);
insert into Landeslistenplatz (llid, idno, position) VALUES (239, 5791, 1);
insert into Citizen (idno, title, firstname, lastname, dateofbirth, gender) VALUES (5792, '', 'Lemke', 'Michael', '1.1.1968.', 'p');
insert into CandidatesData (idno) VALUES (5792);
insert into PartyMembership (pid, idno) VALUES (5, 5792);
insert into Candidacy (wkid, idno) VALUES (329, 5792);
insert into Landeslistenplatz (llid, idno, position) VALUES (142, 5792, 16);
insert into Citizen (idno, title, firstname, lastname, dateofbirth, gender) VALUES (5793, '', 'Lemke', 'Steffi', '1.1.1968.', 'p');
insert into CandidatesData (idno) VALUES (5793);
insert into PartyMembership (pid, idno) VALUES (5, 5793);
insert into Candidacy (wkid, idno) VALUES (369, 5793);
insert into Landeslistenplatz (llid, idno, position) VALUES (151, 5793, 1);
insert into Citizen (idno, title, firstname, lastname, dateofbirth, gender) VALUES (5794, '', 'Lemme', 'Steffen-Claudio', '1.1.1965.', 'p');
insert into CandidatesData (idno) VALUES (5794);
insert into PartyMembership (pid, idno) VALUES (2, 5794);
insert into Candidacy (wkid, idno) VALUES (490, 5794);
insert into Landeslistenplatz (llid, idno, position) VALUES (154, 5794, 3);
insert into Citizen (idno, title, firstname, lastname, dateofbirth, gender) VALUES (5795, '', 'Lengerich van', 'Holger', '1.1.1972.', 'p');
insert into CandidatesData (idno) VALUES (5795);
insert into PartyMembership (pid, idno) VALUES (7, 5795);
insert into Candidacy (wkid, idno) VALUES (518, 5795);
insert into Landeslistenplatz (llid, idno, position) VALUES (72, 5795, 16);
insert into Citizen (idno, title, firstname, lastname, dateofbirth, gender) VALUES (5796, '', 'Lengsfeld', 'Philipp David', '1.1.1972.', 'p');
insert into CandidatesData (idno) VALUES (5796);
insert into PartyMembership (pid, idno) VALUES (12, 5796);
insert into Candidacy (wkid, idno) VALUES (374, 5796);
insert into Landeslistenplatz (llid, idno, position) VALUES (117, 5796, 8);
insert into Citizen (idno, title, firstname, lastname, dateofbirth, gender) VALUES (5797, '', 'Lenkert', 'Ralph', '1.1.1967.', 'p');
insert into CandidatesData (idno) VALUES (5797);
insert into PartyMembership (pid, idno) VALUES (3, 5797);
insert into Candidacy (wkid, idno) VALUES (493, 5797);
insert into Landeslistenplatz (llid, idno, position) VALUES (79, 5797, 2);
insert into Citizen (idno, title, firstname, lastname, dateofbirth, gender) VALUES (5798, 'Dr. ', 'Lenz', 'Andreas', '1.1.1981.', 'p');
insert into CandidatesData (idno) VALUES (5798);
insert into PartyMembership (pid, idno) VALUES (9, 5798);
insert into Candidacy (wkid, idno) VALUES (513, 5798);
insert into Landeslistenplatz (llid, idno, position) VALUES (47, 5798, 28);
insert into Citizen (idno, title, firstname, lastname, dateofbirth, gender) VALUES (5799, '', 'Lenz', 'Karl-Heinz', '1.1.1953.', 'p');
insert into CandidatesData (idno) VALUES (5799);
insert into PartyMembership (pid, idno) VALUES (33, 5799);
insert into Landeslistenplatz (llid, idno, position) VALUES (111, 5799, 17);
insert into Citizen (idno, title, firstname, lastname, dateofbirth, gender) VALUES (5800, '', 'Lenz', 'Ronny', '1.1.1985.', 'p');
insert into CandidatesData (idno) VALUES (5800);
insert into PartyMembership (pid, idno) VALUES (33, 5800);
insert into Landeslistenplatz (llid, idno, position) VALUES (164, 5800, 14);
insert into Citizen (idno, title, firstname, lastname, dateofbirth, gender) VALUES (5801, '', 'Lenze', 'Enno', '1.1.1982.', 'p');
insert into CandidatesData (idno) VALUES (5801);
insert into PartyMembership (pid, idno) VALUES (7, 5801);
insert into Landeslistenplatz (llid, idno, position) VALUES (206, 5801, 8);
insert into Citizen (idno, title, firstname, lastname, dateofbirth, gender) VALUES (5802, '', 'Lenzen', 'Charlotte', '1.1.1956.', 'p');
insert into CandidatesData (idno) VALUES (5802);
insert into PartyMembership (pid, idno) VALUES (3, 5802);
insert into Candidacy (wkid, idno) VALUES (324, 5802);
insert into Citizen (idno, title, firstname, lastname, dateofbirth, gender) VALUES (5803, '', 'Lenzen', 'Katharina', '1.1.1965.', 'p');
insert into CandidatesData (idno) VALUES (5803);
insert into PartyMembership (pid, idno) VALUES (7, 5803);
insert into Candidacy (wkid, idno) VALUES (388, 5803);
insert into Citizen (idno, title, firstname, lastname, dateofbirth, gender) VALUES (5804, 'Dr. ', 'Leonhard', 'Melanie', '1.1.1977.', 'p');
insert into CandidatesData (idno) VALUES (5804);
insert into PartyMembership (pid, idno) VALUES (2, 5804);
insert into Landeslistenplatz (llid, idno, position) VALUES (64, 5804, 7);
insert into Citizen (idno, title, firstname, lastname, dateofbirth, gender) VALUES (5805, '', 'Leonhard', 'Gino', '1.1.1972.', 'p');
insert into CandidatesData (idno) VALUES (5805);
insert into PartyMembership (pid, idno) VALUES (4, 5805);
insert into Candidacy (wkid, idno) VALUES (314, 5805);
insert into Landeslistenplatz (llid, idno, position) VALUES (104, 5805, 5);
insert into Citizen (idno, title, firstname, lastname, dateofbirth, gender) VALUES (5806, '', 'Leopold', 'Lars', '1.1.1977.', 'p');
insert into CandidatesData (idno) VALUES (5806);
insert into PartyMembership (pid, idno) VALUES (3, 5806);
insert into Candidacy (wkid, idno) VALUES (347, 5806);
insert into Landeslistenplatz (llid, idno, position) VALUES (130, 5806, 8);
insert into Citizen (idno, title, firstname, lastname, dateofbirth, gender) VALUES (5807, '', 'Leopold', 'Sabine', '1.1.1958.', 'p');
insert into CandidatesData (idno) VALUES (5807);
insert into PartyMembership (pid, idno) VALUES (13, 5807);
insert into Landeslistenplatz (llid, idno, position) VALUES (34, 5807, 11);
insert into Citizen (idno, title, firstname, lastname, dateofbirth, gender) VALUES (5808, '', 'Leppkes', 'Tobias', '1.1.1983.', 'p');
insert into CandidatesData (idno) VALUES (5808);
insert into PartyMembership (pid, idno) VALUES (7, 5808);
insert into Candidacy (wkid, idno) VALUES (410, 5808);
insert into Citizen (idno, title, firstname, lastname, dateofbirth, gender) VALUES (5809, '', 'Lerchenfeld Graf von und zu', 'Philipp', '1.1.1952.', 'p');
insert into CandidatesData (idno) VALUES (5809);
insert into PartyMembership (pid, idno) VALUES (9, 5809);
insert into Candidacy (wkid, idno) VALUES (532, 5809);
insert into Landeslistenplatz (llid, idno, position) VALUES (47, 5809, 29);
insert into Citizen (idno, title, firstname, lastname, dateofbirth, gender) VALUES (5810, '', 'Leschowski', 'Frank', '1.1.1968.', 'p');
insert into CandidatesData (idno) VALUES (5810);
insert into PartyMembership (pid, idno) VALUES (4, 5810);
insert into Candidacy (wkid, idno) VALUES (440, 5810);
insert into Landeslistenplatz (llid, idno, position) VALUES (98, 5810, 59);
insert into Citizen (idno, title, firstname, lastname, dateofbirth, gender) VALUES (5811, '', 'Leucht', 'Maximilian Benjamin', '1.1.1979.', 'p');
insert into CandidatesData (idno) VALUES (5811);
insert into PartyMembership (pid, idno) VALUES (35, 5811);
insert into Candidacy (wkid, idno) VALUES (521, 5811);
insert into Landeslistenplatz (llid, idno, position) VALUES (57, 5811, 4);
insert into Citizen (idno, title, firstname, lastname, dateofbirth, gender) VALUES (5812, '', 'Leue-Köruglu', 'Christiane', '1.1.1977.', 'p');
insert into CandidatesData (idno) VALUES (5812);
insert into PartyMembership (pid, idno) VALUES (34, 5812);
insert into Landeslistenplatz (llid, idno, position) VALUES (32, 5812, 3);
insert into Citizen (idno, title, firstname, lastname, dateofbirth, gender) VALUES (5813, '', 'Leutert', 'Michael Gerhard', '1.1.1974.', 'p');
insert into CandidatesData (idno) VALUES (5813);
insert into PartyMembership (pid, idno) VALUES (3, 5813);
insert into Candidacy (wkid, idno) VALUES (461, 5813);
insert into Landeslistenplatz (llid, idno, position) VALUES (240, 5813, 8);
insert into Citizen (idno, title, firstname, lastname, dateofbirth, gender) VALUES (5814, '', 'Leutheusser-Schnarrenberger', 'Sabine', '1.1.1951.', 'p');
insert into CandidatesData (idno) VALUES (5814);
insert into PartyMembership (pid, idno) VALUES (4, 5814);
insert into Candidacy (wkid, idno) VALUES (523, 5814);
insert into Landeslistenplatz (llid, idno, position) VALUES (102, 5814, 1);
insert into Citizen (idno, title, firstname, lastname, dateofbirth, gender) VALUES (5815, '', 'Leutner', 'Gerd', '1.1.1958.', 'p');
insert into CandidatesData (idno) VALUES (5815);
insert into PartyMembership (pid, idno) VALUES (41, 5815);
insert into Landeslistenplatz (llid, idno, position) VALUES (152, 5815, 9);
insert into Citizen (idno, title, firstname, lastname, dateofbirth, gender) VALUES (5816, 'Dr. ', 'Levante', 'Tilo', '1.1.1962.', 'p');
insert into CandidatesData (idno) VALUES (5816);
insert into PartyMembership (pid, idno) VALUES (4, 5816);
insert into Candidacy (wkid, idno) VALUES (581, 5816);
insert into Landeslistenplatz (llid, idno, position) VALUES (51, 5816, 30);
insert into Citizen (idno, title, firstname, lastname, dateofbirth, gender) VALUES (5817, '', 'Lewis', 'Christopher Gene', '1.1.1945.', 'p');
insert into CandidatesData (idno) VALUES (5817);
insert into PartyMembership (pid, idno) VALUES (10, 5817);
insert into Landeslistenplatz (llid, idno, position) VALUES (67, 5817, 3);
insert into Citizen (idno, title, firstname, lastname, dateofbirth, gender) VALUES (5818, 'Dr. ', 'Leyen von der', 'Ursula', '1.1.1958.', 'p');
insert into CandidatesData (idno) VALUES (5818);
insert into PartyMembership (pid, idno) VALUES (12, 5818);
insert into Candidacy (wkid, idno) VALUES (341, 5818);
insert into Landeslistenplatz (llid, idno, position) VALUES (44, 5818, 1);
insert into Citizen (idno, title, firstname, lastname, dateofbirth, gender) VALUES (5819, '', 'Lezius', 'Antje', '1.1.1960.', 'p');
insert into CandidatesData (idno) VALUES (5819);
insert into PartyMembership (pid, idno) VALUES (12, 5819);
insert into Candidacy (wkid, idno) VALUES (501, 5819);
insert into Landeslistenplatz (llid, idno, position) VALUES (138, 5819, 12);
insert into Citizen (idno, title, firstname, lastname, dateofbirth, gender) VALUES (5820, '', 'Lichdi', 'Johannes', '1.1.1964.', 'p');
insert into CandidatesData (idno) VALUES (5820);
insert into PartyMembership (pid, idno) VALUES (5, 5820);
insert into Candidacy (wkid, idno) VALUES (454, 5820);
insert into Landeslistenplatz (llid, idno, position) VALUES (185, 5820, 4);
insert into Citizen (idno, title, firstname, lastname, dateofbirth, gender) VALUES (5821, '', 'Licht', 'Hans-Jürgen', '1.1.1972.', 'p');
insert into CandidatesData (idno) VALUES (5821);
insert into PartyMembership (pid, idno) VALUES (2, 5821);
insert into Landeslistenplatz (llid, idno, position) VALUES (69, 5821, 57);
insert into Citizen (idno, title, firstname, lastname, dateofbirth, gender) VALUES (5822, '', 'Lieb', 'Robert', '1.1.1963.', 'p');
insert into CandidatesData (idno) VALUES (5822);
insert into PartyMembership (pid, idno) VALUES (19, 5822);
insert into Landeslistenplatz (llid, idno, position) VALUES (40, 5822, 12);
insert into Citizen (idno, title, firstname, lastname, dateofbirth, gender) VALUES (5823, '', 'Liebe', 'Luda A.', '1.1.1952.', 'p');
insert into CandidatesData (idno) VALUES (5823);
insert into PartyMembership (pid, idno) VALUES (32, 5823);
insert into Candidacy (wkid, idno) VALUES (503, 5823);
insert into Citizen (idno, title, firstname, lastname, dateofbirth, gender) VALUES (5824, '', 'Liebenow', 'Fritz Kurt', '1.1.1949.', 'p');
insert into CandidatesData (idno) VALUES (5824);
insert into PartyMembership (pid, idno) VALUES (1, 5824);
insert into Candidacy (wkid, idno) VALUES (384, 5824);
insert into Landeslistenplatz (llid, idno, position) VALUES (246, 5824, 7);
insert into Citizen (idno, title, firstname, lastname, dateofbirth, gender) VALUES (5825, '', 'Liebhardt', 'Bernd Wolfgang', '1.1.1977.', 'p');
insert into CandidatesData (idno) VALUES (5825);
insert into PartyMembership (pid, idno) VALUES (9, 5825);
insert into Landeslistenplatz (llid, idno, position) VALUES (47, 5825, 66);
insert into Citizen (idno, title, firstname, lastname, dateofbirth, gender) VALUES (5826, '', 'Liebich', 'Stefan', '1.1.1972.', 'p');
insert into CandidatesData (idno) VALUES (5826);
insert into PartyMembership (pid, idno) VALUES (3, 5826);
insert into Candidacy (wkid, idno) VALUES (375, 5826);
insert into Landeslistenplatz (llid, idno, position) VALUES (196, 5826, 4);
insert into Citizen (idno, title, firstname, lastname, dateofbirth, gender) VALUES (5827, '', 'Liebing', 'Ingbert', '1.1.1963.', 'p');
insert into CandidatesData (idno) VALUES (5827);
insert into PartyMembership (pid, idno) VALUES (12, 5827);
insert into Candidacy (wkid, idno) VALUES (301, 5827);
insert into Landeslistenplatz (llid, idno, position) VALUES (159, 5827, 5);
insert into Citizen (idno, title, firstname, lastname, dateofbirth, gender) VALUES (5828, '', 'Liebl', 'Georg', '1.1.1947.', 'p');
insert into CandidatesData (idno) VALUES (5828);
insert into PartyMembership (pid, idno) VALUES (3, 5828);
insert into Candidacy (wkid, idno) VALUES (548, 5828);
insert into Landeslistenplatz (llid, idno, position) VALUES (174, 5828, 16);
insert into Citizen (idno, title, firstname, lastname, dateofbirth, gender) VALUES (5829, '', 'Liebram', 'Sebastian', '1.1.1990.', 'p');
insert into CandidatesData (idno) VALUES (5829);
insert into PartyMembership (pid, idno) VALUES (4, 5829);
insert into Landeslistenplatz (llid, idno, position) VALUES (100, 5829, 3);
insert into Citizen (idno, title, firstname, lastname, dateofbirth, gender) VALUES (5830, '', 'Liedgens', 'André', '1.1.1971.', 'p');
insert into CandidatesData (idno) VALUES (5830);
insert into PartyMembership (pid, idno) VALUES (35, 5830);
insert into Landeslistenplatz (llid, idno, position) VALUES (46, 5830, 5);
insert into Citizen (idno, title, firstname, lastname, dateofbirth, gender) VALUES (5831, '', 'Liehr', 'Heinz', '1.1.1975.', 'p');
insert into CandidatesData (idno) VALUES (5831);
insert into PartyMembership (pid, idno) VALUES (4, 5831);
insert into Candidacy (wkid, idno) VALUES (553, 5831);
insert into Landeslistenplatz (llid, idno, position) VALUES (102, 5831, 18);
insert into Citizen (idno, title, firstname, lastname, dateofbirth, gender) VALUES (5832, '', 'Lierse', 'Lore', '1.1.1955.', 'p');
insert into CandidatesData (idno) VALUES (5832);
insert into PartyMembership (pid, idno) VALUES (1, 5832);
insert into Candidacy (wkid, idno) VALUES (358, 5832);
insert into Landeslistenplatz (llid, idno, position) VALUES (132, 5832, 6);
insert into Citizen (idno, title, firstname, lastname, dateofbirth, gender) VALUES (5833, '', 'Liesendahl', 'Anna-Verena', '1.1.1988.', 'p');
insert into CandidatesData (idno) VALUES (5833);
insert into PartyMembership (pid, idno) VALUES (37, 5833);
insert into Landeslistenplatz (llid, idno, position) VALUES (235, 5833, 2);
insert into Citizen (idno, title, firstname, lastname, dateofbirth, gender) VALUES (5834, '', 'Liesendahl', 'Ursula', '1.1.1959.', 'p');
insert into CandidatesData (idno) VALUES (5834);
insert into PartyMembership (pid, idno) VALUES (37, 5834);
insert into Landeslistenplatz (llid, idno, position) VALUES (234, 5834, 2);
insert into Citizen (idno, title, firstname, lastname, dateofbirth, gender) VALUES (5835, '', 'Lietz', 'Arne', '1.1.1976.', 'p');
insert into CandidatesData (idno) VALUES (5835);
insert into PartyMembership (pid, idno) VALUES (2, 5835);
insert into Candidacy (wkid, idno) VALUES (369, 5835);
insert into Landeslistenplatz (llid, idno, position) VALUES (161, 5835, 7);
insert into Citizen (idno, title, firstname, lastname, dateofbirth, gender) VALUES (5836, '', 'Lietz', 'Matthias', '1.1.1953.', 'p');
insert into CandidatesData (idno) VALUES (5836);
insert into PartyMembership (pid, idno) VALUES (12, 5836);
insert into Candidacy (wkid, idno) VALUES (315, 5836);
insert into Landeslistenplatz (llid, idno, position) VALUES (191, 5836, 3);
insert into Citizen (idno, title, firstname, lastname, dateofbirth, gender) VALUES (5837, '', 'Lill', 'Karen', '1.1.1958.', 'p');
insert into CandidatesData (idno) VALUES (5837);
insert into PartyMembership (pid, idno) VALUES (4, 5837);
insert into Landeslistenplatz (llid, idno, position) VALUES (120, 5837, 26);
insert into Citizen (idno, title, firstname, lastname, dateofbirth, gender) VALUES (5838, 'Dr. ', 'Lillge', 'Wolfgang', '1.1.1950.', 'p');
insert into CandidatesData (idno) VALUES (5838);
insert into PartyMembership (pid, idno) VALUES (10, 5838);
insert into Candidacy (wkid, idno) VALUES (380, 5838);
insert into Landeslistenplatz (llid, idno, position) VALUES (180, 5838, 3);
insert into Citizen (idno, title, firstname, lastname, dateofbirth, gender) VALUES (5839, '', 'Linde', 'Marc', '1.1.1986.', 'p');
insert into CandidatesData (idno) VALUES (5839);
insert into PartyMembership (pid, idno) VALUES (19, 5839);
insert into Landeslistenplatz (llid, idno, position) VALUES (208, 5839, 2);
insert into Citizen (idno, title, firstname, lastname, dateofbirth, gender) VALUES (5840, '', 'Lindemann', 'David', '1.1.1977.', 'p');
insert into CandidatesData (idno) VALUES (5840);
insert into PartyMembership (pid, idno) VALUES (2, 5840);
insert into Candidacy (wkid, idno) VALUES (598, 5840);
insert into Citizen (idno, title, firstname, lastname, dateofbirth, gender) VALUES (5841, '', 'Lindemann', 'Lars Friedrich', '1.1.1971.', 'p');
insert into CandidatesData (idno) VALUES (5841);
insert into PartyMembership (pid, idno) VALUES (4, 5841);
insert into Candidacy (wkid, idno) VALUES (379, 5841);
insert into Landeslistenplatz (llid, idno, position) VALUES (89, 5841, 2);
insert into Citizen (idno, title, firstname, lastname, dateofbirth, gender) VALUES (5842, '', 'Lindemann', 'Thomas', '1.1.1980.', 'p');
insert into CandidatesData (idno) VALUES (5842);
insert into PartyMembership (pid, idno) VALUES (1, 5842);
insert into Candidacy (wkid, idno) VALUES (369, 5842);
insert into Landeslistenplatz (llid, idno, position) VALUES (38, 5842, 8);
insert into Citizen (idno, title, firstname, lastname, dateofbirth, gender) VALUES (5843, '', 'Linden', 'André', '1.1.1969.', 'p');
insert into CandidatesData (idno) VALUES (5843);
insert into PartyMembership (pid, idno) VALUES (33, 5843);
insert into Landeslistenplatz (llid, idno, position) VALUES (36, 5843, 14);
insert into Citizen (idno, title, firstname, lastname, dateofbirth, gender) VALUES (5844, '', 'Lindenberg', 'Nadine', '1.1.1983.', 'p');
insert into CandidatesData (idno) VALUES (5844);
insert into PartyMembership (pid, idno) VALUES (7, 5844);
insert into Candidacy (wkid, idno) VALUES (300, 5844);
insert into Citizen (idno, title, firstname, lastname, dateofbirth, gender) VALUES (5845, '', 'Lindenblatt', 'Gerd', '1.1.1945.', 'p');
insert into CandidatesData (idno) VALUES (5845);
insert into PartyMembership (pid, idno) VALUES (7, 5845);
insert into Candidacy (wkid, idno) VALUES (376, 5845);
insert into Citizen (idno, title, firstname, lastname, dateofbirth, gender) VALUES (5846, '', 'Lindholz', 'Andrea', '1.1.1970.', 'p');
insert into CandidatesData (idno) VALUES (5846);
insert into PartyMembership (pid, idno) VALUES (9, 5846);
insert into Candidacy (wkid, idno) VALUES (546, 5846);
insert into Landeslistenplatz (llid, idno, position) VALUES (47, 5846, 20);
insert into Citizen (idno, title, firstname, lastname, dateofbirth, gender) VALUES (5847, '', 'Lindlacher', 'Franz', '1.1.1954.', 'p');
insert into CandidatesData (idno) VALUES (5847);
insert into PartyMembership (pid, idno) VALUES (3, 5847);
insert into Candidacy (wkid, idno) VALUES (524, 5847);
insert into Citizen (idno, title, firstname, lastname, dateofbirth, gender) VALUES (5848, 'Dr. ', 'Lindner', 'Frank Martin', '1.1.1964.', 'p');
insert into CandidatesData (idno) VALUES (5848);
insert into PartyMembership (pid, idno) VALUES (4, 5848);
insert into Candidacy (wkid, idno) VALUES (378, 5848);
insert into Landeslistenplatz (llid, idno, position) VALUES (89, 5848, 1);
insert into Citizen (idno, title, firstname, lastname, dateofbirth, gender) VALUES (5849, 'Dr. ', 'Lindner', 'Tobias', '1.1.1982.', 'p');
insert into CandidatesData (idno) VALUES (5849);
insert into PartyMembership (pid, idno) VALUES (5, 5849);
insert into Candidacy (wkid, idno) VALUES (511, 5849);
insert into Landeslistenplatz (llid, idno, position) VALUES (213, 5849, 2);
insert into Citizen (idno, title, firstname, lastname, dateofbirth, gender) VALUES (5850, '', 'Lindner', 'Edeltraud', '1.1.1943.', 'p');
insert into CandidatesData (idno) VALUES (5850);
insert into PartyMembership (pid, idno) VALUES (39, 5850);
insert into Landeslistenplatz (llid, idno, position) VALUES (81, 5850, 7);
insert into Citizen (idno, title, firstname, lastname, dateofbirth, gender) VALUES (5851, '', 'Lindner', 'Sebastian', '1.1.1986.', 'p');
insert into CandidatesData (idno) VALUES (5851);
insert into PartyMembership (pid, idno) VALUES (2, 5851);
insert into Landeslistenplatz (llid, idno, position) VALUES (54, 5851, 43);
insert into Citizen (idno, title, firstname, lastname, dateofbirth, gender) VALUES (5852, '', 'Link', 'Christiana', '1.1.1958.', 'p');
insert into CandidatesData (idno) VALUES (5852);
insert into PartyMembership (pid, idno) VALUES (13, 5852);
insert into Landeslistenplatz (llid, idno, position) VALUES (34, 5852, 10);
insert into Citizen (idno, title, firstname, lastname, dateofbirth, gender) VALUES (5853, 'Dr. ', 'Link', 'Manfred', '1.1.1941.', 'p');
insert into CandidatesData (idno) VALUES (5853);
insert into PartyMembership (pid, idno) VALUES (41, 5853);
insert into Candidacy (wkid, idno) VALUES (552, 5853);
insert into Landeslistenplatz (llid, idno, position) VALUES (152, 5853, 1);
insert into Citizen (idno, title, firstname, lastname, dateofbirth, gender) VALUES (5854, '', 'Link', 'Maria', '1.1.1947.', 'p');
insert into CandidatesData (idno) VALUES (5854);
insert into PartyMembership (pid, idno) VALUES (41, 5854);
insert into Landeslistenplatz (llid, idno, position) VALUES (152, 5854, 10);
insert into Citizen (idno, title, firstname, lastname, dateofbirth, gender) VALUES (5855, '', 'Link', 'Michael Georg', '1.1.1963.', 'p');
insert into CandidatesData (idno) VALUES (5855);
insert into PartyMembership (pid, idno) VALUES (4, 5855);
insert into Candidacy (wkid, idno) VALUES (566, 5855);
insert into Landeslistenplatz (llid, idno, position) VALUES (51, 5855, 4);
insert into Citizen (idno, title, firstname, lastname, dateofbirth, gender) VALUES (5856, 'Dr. ', 'Linnemann', 'Carsten', '1.1.1977.', 'p');
insert into CandidatesData (idno) VALUES (5856);
insert into PartyMembership (pid, idno) VALUES (12, 5856);
insert into Candidacy (wkid, idno) VALUES (436, 5856);
insert into Citizen (idno, title, firstname, lastname, dateofbirth, gender) VALUES (5857, '', 'Linnert', 'Patrick', '1.1.1985.', 'p');
insert into CandidatesData (idno) VALUES (5857);
insert into PartyMembership (pid, idno) VALUES (7, 5857);
insert into Candidacy (wkid, idno) VALUES (544, 5857);
insert into Landeslistenplatz (llid, idno, position) VALUES (72, 5857, 5);
insert into Citizen (idno, title, firstname, lastname, dateofbirth, gender) VALUES (5858, '', 'Lips', 'Patricia', '1.1.1963.', 'p');
insert into CandidatesData (idno) VALUES (5858);
insert into PartyMembership (pid, idno) VALUES (12, 5858);
insert into Candidacy (wkid, idno) VALUES (486, 5858);
insert into Landeslistenplatz (llid, idno, position) VALUES (88, 5858, 11);
insert into Citizen (idno, title, firstname, lastname, dateofbirth, gender) VALUES (5859, '', 'Lischka', 'Burkhard', '1.1.1965.', 'p');
insert into CandidatesData (idno) VALUES (5859);
insert into PartyMembership (pid, idno) VALUES (2, 5859);
insert into Candidacy (wkid, idno) VALUES (368, 5859);
insert into Landeslistenplatz (llid, idno, position) VALUES (161, 5859, 1);
insert into Citizen (idno, title, firstname, lastname, dateofbirth, gender) VALUES (5860, '', 'Listemann', 'Carmen', '1.1.1961.', 'p');
insert into CandidatesData (idno) VALUES (5860);
insert into PartyMembership (pid, idno) VALUES (2, 5860);
insert into Candidacy (wkid, idno) VALUES (488, 5860);
insert into Landeslistenplatz (llid, idno, position) VALUES (154, 5860, 6);
insert into Citizen (idno, title, firstname, lastname, dateofbirth, gender) VALUES (5861, '', 'Lister', 'Manfred', '1.1.1960.', 'p');
insert into CandidatesData (idno) VALUES (5861);
insert into PartyMembership (pid, idno) VALUES (4, 5861);
insert into Candidacy (wkid, idno) VALUES (468, 5861);
insert into Landeslistenplatz (llid, idno, position) VALUES (116, 5861, 17);
insert into Citizen (idno, title, firstname, lastname, dateofbirth, gender) VALUES (5862, '', 'Lockfisch', 'Klemens', '1.1.1961.', 'p');
insert into CandidatesData (idno) VALUES (5862);
insert into PartyMembership (pid, idno) VALUES (1, 5862);
insert into Candidacy (wkid, idno) VALUES (564, 5862);
insert into Citizen (idno, title, firstname, lastname, dateofbirth, gender) VALUES (5863, '', 'Löbe', 'Jörg', '1.1.1962.', 'p');
insert into CandidatesData (idno) VALUES (5863);
insert into PartyMembership (pid, idno) VALUES (4, 5863);
insert into Candidacy (wkid, idno) VALUES (414, 5863);
insert into Citizen (idno, title, firstname, lastname, dateofbirth, gender) VALUES (5864, '', 'Löhr', 'Marlene', '1.1.1985.', 'p');
insert into CandidatesData (idno) VALUES (5864);
insert into PartyMembership (pid, idno) VALUES (5, 5864);
insert into Candidacy (wkid, idno) VALUES (300, 5864);
insert into Landeslistenplatz (llid, idno, position) VALUES (59, 5864, 5);
insert into Citizen (idno, title, firstname, lastname, dateofbirth, gender) VALUES (5865, '', 'Löning', 'Alice Magdalena', '1.1.1951.', 'p');
insert into CandidatesData (idno) VALUES (5865);
insert into PartyMembership (pid, idno) VALUES (4, 5865);
insert into Candidacy (wkid, idno) VALUES (361, 5865);
insert into Landeslistenplatz (llid, idno, position) VALUES (250, 5865, 5);
insert into Citizen (idno, title, firstname, lastname, dateofbirth, gender) VALUES (5866, '', 'Löpke', 'Roland Willi', '1.1.1955.', 'p');
insert into CandidatesData (idno) VALUES (5866);
insert into PartyMembership (pid, idno) VALUES (7, 5866);
insert into Candidacy (wkid, idno) VALUES (438, 5866);
insert into Citizen (idno, title, firstname, lastname, dateofbirth, gender) VALUES (5867, '', 'Lörcher', 'Karl', '1.1.1961.', 'p');
insert into CandidatesData (idno) VALUES (5867);
insert into PartyMembership (pid, idno) VALUES (36, 5867);
insert into Landeslistenplatz (llid, idno, position) VALUES (118, 5867, 27);
insert into Citizen (idno, title, firstname, lastname, dateofbirth, gender) VALUES (5868, '', 'Lörcher', 'Wolfgang', '1.1.1963.', 'p');
insert into CandidatesData (idno) VALUES (5868);
insert into PartyMembership (pid, idno) VALUES (3, 5868);
insert into Candidacy (wkid, idno) VALUES (473, 5868);
insert into Citizen (idno, title, firstname, lastname, dateofbirth, gender) VALUES (5869, '', 'Loesch', 'Martin Werner Otto', '1.1.1945.', 'p');
insert into CandidatesData (idno) VALUES (5869);
insert into PartyMembership (pid, idno) VALUES (37, 5869);
insert into Landeslistenplatz (llid, idno, position) VALUES (157, 5869, 2);
insert into Citizen (idno, title, firstname, lastname, dateofbirth, gender) VALUES (5870, '', 'Lösekrug-Möller', 'Gabriele', '1.1.1951.', 'p');
insert into CandidatesData (idno) VALUES (5870);
insert into PartyMembership (pid, idno) VALUES (2, 5870);
insert into Candidacy (wkid, idno) VALUES (345, 5870);
insert into Landeslistenplatz (llid, idno, position) VALUES (69, 5870, 2);
insert into Citizen (idno, title, firstname, lastname, dateofbirth, gender) VALUES (5871, '', 'Löser', 'Julia Erika Gudrun', '1.1.1991.', 'p');
insert into CandidatesData (idno) VALUES (5871);
insert into PartyMembership (pid, idno) VALUES (32, 5871);
insert into Candidacy (wkid, idno) VALUES (373, 5871);
insert into Citizen (idno, title, firstname, lastname, dateofbirth, gender) VALUES (5872, 'Dr. ', 'Lötzsch', 'Gesine', '1.1.1961.', 'p');
insert into CandidatesData (idno) VALUES (5872);
insert into PartyMembership (pid, idno) VALUES (3, 5872);
insert into Candidacy (wkid, idno) VALUES (385, 5872);
insert into Landeslistenplatz (llid, idno, position) VALUES (196, 5872, 3);
insert into Citizen (idno, title, firstname, lastname, dateofbirth, gender) VALUES (5873, '', 'Löw', 'Jens', '1.1.1962.', 'p');
insert into CandidatesData (idno) VALUES (5873);
insert into PartyMembership (pid, idno) VALUES (2, 5873);
insert into Candidacy (wkid, idno) VALUES (585, 5873);
insert into Landeslistenplatz (llid, idno, position) VALUES (76, 5873, 23);
insert into Citizen (idno, title, firstname, lastname, dateofbirth, gender) VALUES (5874, 'Dr. ', 'Lohmann', 'Niels', '1.1.1981.', 'p');
insert into CandidatesData (idno) VALUES (5874);
insert into PartyMembership (pid, idno) VALUES (7, 5874);
insert into Landeslistenplatz (llid, idno, position) VALUES (109, 5874, 2);
insert into Citizen (idno, title, firstname, lastname, dateofbirth, gender) VALUES (5875, '', 'Lohmeyer', 'Johannes Hubertus', '1.1.1964.', 'p');
insert into CandidatesData (idno) VALUES (5875);
insert into PartyMembership (pid, idno) VALUES (4, 5875);
insert into Candidacy (wkid, idno) VALUES (458, 5875);
insert into Citizen (idno, title, firstname, lastname, dateofbirth, gender) VALUES (5876, '', 'Lohnes', 'Stefanie', '1.1.1973.', 'p');
insert into CandidatesData (idno) VALUES (5876);
insert into PartyMembership (pid, idno) VALUES (3, 5876);
insert into Landeslistenplatz (llid, idno, position) VALUES (43, 5876, 7);
insert into Citizen (idno, title, firstname, lastname, dateofbirth, gender) VALUES (5877, '', 'Lokar', 'Christiane', '1.1.1972.', 'p');
insert into CandidatesData (idno) VALUES (5877);
insert into PartyMembership (pid, idno) VALUES (31, 5877);
insert into Landeslistenplatz (llid, idno, position) VALUES (28, 5877, 9);
insert into Citizen (idno, title, firstname, lastname, dateofbirth, gender) VALUES (5878, 'Dr. ', 'Lommer', 'Sebastian', '1.1.1973.', 'p');
insert into CandidatesData (idno) VALUES (5878);
insert into PartyMembership (pid, idno) VALUES (4, 5878);
insert into Candidacy (wkid, idno) VALUES (526, 5878);
insert into Landeslistenplatz (llid, idno, position) VALUES (102, 5878, 34);
insert into Citizen (idno, title, firstname, lastname, dateofbirth, gender) VALUES (5879, '', 'Loos', 'Bernhard', '1.1.1955.', 'p');
insert into CandidatesData (idno) VALUES (5879);
insert into PartyMembership (pid, idno) VALUES (9, 5879);
insert into Landeslistenplatz (llid, idno, position) VALUES (47, 5879, 59);
insert into Citizen (idno, title, firstname, lastname, dateofbirth, gender) VALUES (5880, 'Dr. ', 'Loos', 'Dorit', '1.1.1944.', 'p');
insert into CandidatesData (idno) VALUES (5880);
insert into PartyMembership (pid, idno) VALUES (12, 5880);
insert into Landeslistenplatz (llid, idno, position) VALUES (105, 5880, 54);
insert into Citizen (idno, title, firstname, lastname, dateofbirth, gender) VALUES (5881, '', 'Loosz', 'Hans Detlef', '1.1.1953.', 'p');
insert into CandidatesData (idno) VALUES (5881);
insert into PartyMembership (pid, idno) VALUES (2, 5881);
insert into Candidacy (wkid, idno) VALUES (387, 5881);
insert into Landeslistenplatz (llid, idno, position) VALUES (73, 5881, 43);
insert into Citizen (idno, title, firstname, lastname, dateofbirth, gender) VALUES (5882, '', 'Lorch', 'Gotthilf', '1.1.1961.', 'p');
insert into CandidatesData (idno) VALUES (5882);
insert into PartyMembership (pid, idno) VALUES (3, 5882);
insert into Candidacy (wkid, idno) VALUES (585, 5882);
insert into Citizen (idno, title, firstname, lastname, dateofbirth, gender) VALUES (5883, '', 'Lorenz', 'Christopher', '1.1.1968.', 'p');
insert into CandidatesData (idno) VALUES (5883);
insert into PartyMembership (pid, idno) VALUES (31, 5883);
insert into Landeslistenplatz (llid, idno, position) VALUES (28, 5883, 20);
insert into Citizen (idno, title, firstname, lastname, dateofbirth, gender) VALUES (5884, 'Dr. ', 'Lorenz', 'Martin', '1.1.1977.', 'p');
insert into CandidatesData (idno) VALUES (5884);
insert into PartyMembership (pid, idno) VALUES (2, 5884);
insert into Landeslistenplatz (llid, idno, position) VALUES (71, 5884, 32);
insert into Citizen (idno, title, firstname, lastname, dateofbirth, gender) VALUES (5885, '', 'Lorenz', 'Joseph', '1.1.1941.', 'p');
insert into CandidatesData (idno) VALUES (5885);
insert into PartyMembership (pid, idno) VALUES (19, 5885);
insert into Landeslistenplatz (llid, idno, position) VALUES (40, 5885, 50);
insert into Citizen (idno, title, firstname, lastname, dateofbirth, gender) VALUES (5886, '', 'Lorenz', 'Wilfried', '1.1.1942.', 'p');
insert into CandidatesData (idno) VALUES (5886);
insert into PartyMembership (pid, idno) VALUES (12, 5886);
insert into Candidacy (wkid, idno) VALUES (340, 5886);
insert into Landeslistenplatz (llid, idno, position) VALUES (44, 5886, 28);
insert into Citizen (idno, title, firstname, lastname, dateofbirth, gender) VALUES (5887, '', 'Lorenzen', 'Florian', '1.1.1986.', 'p');
insert into CandidatesData (idno) VALUES (5887);
insert into PartyMembership (pid, idno) VALUES (12, 5887);
insert into Landeslistenplatz (llid, idno, position) VALUES (159, 5887, 16);
insert into Citizen (idno, title, firstname, lastname, dateofbirth, gender) VALUES (5888, '', 'Lotarewicz', 'Bartosz Jerzy', '1.1.1982.', 'p');
insert into CandidatesData (idno) VALUES (5888);
insert into PartyMembership (pid, idno) VALUES (5, 5888);
insert into Candidacy (wkid, idno) VALUES (385, 5888);
insert into Citizen (idno, title, firstname, lastname, dateofbirth, gender) VALUES (5889, '', 'Lotze', 'Hiltrud', '1.1.1958.', 'p');
insert into CandidatesData (idno) VALUES (5889);
insert into PartyMembership (pid, idno) VALUES (2, 5889);
insert into Candidacy (wkid, idno) VALUES (336, 5889);
insert into Landeslistenplatz (llid, idno, position) VALUES (69, 5889, 20);
insert into Citizen (idno, title, firstname, lastname, dateofbirth, gender) VALUES (5890, '', 'Louwers', 'Marcel', '1.1.1981.', 'p');
insert into CandidatesData (idno) VALUES (5890);
insert into PartyMembership (pid, idno) VALUES (7, 5890);
insert into Landeslistenplatz (llid, idno, position) VALUES (192, 5890, 5);
insert into Citizen (idno, title, firstname, lastname, dateofbirth, gender) VALUES (5891, '', 'Lubitz', 'Holger', '1.1.1971.', 'p');
insert into CandidatesData (idno) VALUES (5891);
insert into PartyMembership (pid, idno) VALUES (7, 5891);
insert into Candidacy (wkid, idno) VALUES (326, 5891);
insert into Citizen (idno, title, firstname, lastname, dateofbirth, gender) VALUES (5892, 'Dr. ', 'Lucke', 'Bernd', '1.1.1962.', 'p');
insert into CandidatesData (idno) VALUES (5892);
insert into PartyMembership (pid, idno) VALUES (33, 5892);
insert into Candidacy (wkid, idno) VALUES (335, 5892);
insert into Landeslistenplatz (llid, idno, position) VALUES (30, 5892, 1);
insert into Citizen (idno, title, firstname, lastname, dateofbirth, gender) VALUES (5893, '', 'Luckert', 'Martin Thomas', '1.1.1988.', 'p');
insert into CandidatesData (idno) VALUES (5893);
insert into PartyMembership (pid, idno) VALUES (2, 5893);
insert into Landeslistenplatz (llid, idno, position) VALUES (154, 5893, 12);
insert into Citizen (idno, title, firstname, lastname, dateofbirth, gender) VALUES (5894, 'Dr. ', 'Luczak', 'Jan-Marco', '1.1.1975.', 'p');
insert into CandidatesData (idno) VALUES (5894);
insert into PartyMembership (pid, idno) VALUES (12, 5894);
insert into Candidacy (wkid, idno) VALUES (380, 5894);
insert into Landeslistenplatz (llid, idno, position) VALUES (117, 5894, 5);
insert into Citizen (idno, title, firstname, lastname, dateofbirth, gender) VALUES (5895, 'Dr. ', 'Ludemann', 'Peter', '1.1.1946.', 'p');
insert into CandidatesData (idno) VALUES (5895);
insert into PartyMembership (pid, idno) VALUES (4, 5895);
insert into Candidacy (wkid, idno) VALUES (399, 5895);
insert into Landeslistenplatz (llid, idno, position) VALUES (98, 5895, 46);
insert into Citizen (idno, title, firstname, lastname, dateofbirth, gender) VALUES (5896, '', 'Ludewig', 'Bianca', '1.1.1971.', 'p');
insert into CandidatesData (idno) VALUES (5896);
insert into PartyMembership (pid, idno) VALUES (31, 5896);
insert into Landeslistenplatz (llid, idno, position) VALUES (28, 5896, 30);
insert into Citizen (idno, title, firstname, lastname, dateofbirth, gender) VALUES (5897, 'Dr. ', 'Ludewig', 'Hans-Peter', '1.1.1946.', 'p');
insert into CandidatesData (idno) VALUES (5897);
insert into PartyMembership (pid, idno) VALUES (5, 5897);
insert into Candidacy (wkid, idno) VALUES (334, 5897);
insert into Citizen (idno, title, firstname, lastname, dateofbirth, gender) VALUES (5898, '', 'Ludwig', 'Arne', '1.1.1968.', 'p');
insert into CandidatesData (idno) VALUES (5898);
insert into PartyMembership (pid, idno) VALUES (7, 5898);
insert into Landeslistenplatz (llid, idno, position) VALUES (94, 5898, 10);
insert into Citizen (idno, title, firstname, lastname, dateofbirth, gender) VALUES (5899, '', 'Ludwig', 'Dagmar Anita', '1.1.1940.', 'p');
insert into CandidatesData (idno) VALUES (5899);
insert into PartyMembership (pid, idno) VALUES (41, 5899);
insert into Candidacy (wkid, idno) VALUES (441, 5899);
insert into Landeslistenplatz (llid, idno, position) VALUES (205, 5899, 1);
insert into Citizen (idno, title, firstname, lastname, dateofbirth, gender) VALUES (5900, '', 'Ludwig', 'Daniela', '1.1.1975.', 'p');
insert into CandidatesData (idno) VALUES (5900);
insert into PartyMembership (pid, idno) VALUES (9, 5900);
insert into Candidacy (wkid, idno) VALUES (522, 5900);
insert into Landeslistenplatz (llid, idno, position) VALUES (47, 5900, 15);
insert into Citizen (idno, title, firstname, lastname, dateofbirth, gender) VALUES (5901, '', 'Lübbers', 'Henning', '1.1.1988.', 'p');
insert into CandidatesData (idno) VALUES (5901);
insert into PartyMembership (pid, idno) VALUES (7, 5901);
insert into Candidacy (wkid, idno) VALUES (367, 5901);
insert into Citizen (idno, title, firstname, lastname, dateofbirth, gender) VALUES (5902, '', 'Lübcke', 'Silvia', '1.1.1961.', 'p');
insert into CandidatesData (idno) VALUES (5902);
insert into PartyMembership (pid, idno) VALUES (12, 5902);
insert into Landeslistenplatz (llid, idno, position) VALUES (44, 5902, 35);
insert into Citizen (idno, title, firstname, lastname, dateofbirth, gender) VALUES (5903, '', 'Lück', 'Gisela', '1.1.1953.', 'p');
insert into CandidatesData (idno) VALUES (5903);
insert into PartyMembership (pid, idno) VALUES (1, 5903);
insert into Candidacy (wkid, idno) VALUES (468, 5903);
insert into Citizen (idno, title, firstname, lastname, dateofbirth, gender) VALUES (5904, '', 'Lücke', 'Matthias', '1.1.1972.', 'p');
insert into CandidatesData (idno) VALUES (5904);
insert into PartyMembership (pid, idno) VALUES (33, 5904);
insert into Landeslistenplatz (llid, idno, position) VALUES (140, 5904, 26);
insert into Citizen (idno, title, firstname, lastname, dateofbirth, gender) VALUES (5905, 'Dr. ', 'Lücking-Michel', 'Claudia Maria', '1.1.1962.', 'p');
insert into CandidatesData (idno) VALUES (5905);
insert into PartyMembership (pid, idno) VALUES (12, 5905);
insert into Candidacy (wkid, idno) VALUES (395, 5905);
insert into Landeslistenplatz (llid, idno, position) VALUES (136, 5905, 28);
insert into Citizen (idno, title, firstname, lastname, dateofbirth, gender) VALUES (5906, '', 'Lüdecke', 'Sebastian', '1.1.1987.', 'p');
insert into CandidatesData (idno) VALUES (5906);
insert into PartyMembership (pid, idno) VALUES (5, 5906);
insert into Landeslistenplatz (llid, idno, position) VALUES (151, 5906, 4);
insert into Citizen (idno, title, firstname, lastname, dateofbirth, gender) VALUES (5907, '', 'Lüdtke-Reißmann', 'Jan', '1.1.1969.', 'p');
insert into CandidatesData (idno) VALUES (5907);
insert into PartyMembership (pid, idno) VALUES (7, 5907);
insert into Candidacy (wkid, idno) VALUES (561, 5907);
insert into Landeslistenplatz (llid, idno, position) VALUES (48, 5907, 10);
insert into Citizen (idno, title, firstname, lastname, dateofbirth, gender) VALUES (5908, '', 'Lühmann', 'Kirsten', '1.1.1964.', 'p');
insert into CandidatesData (idno) VALUES (5908);
insert into PartyMembership (pid, idno) VALUES (2, 5908);
insert into Candidacy (wkid, idno) VALUES (343, 5908);
insert into Landeslistenplatz (llid, idno, position) VALUES (69, 5908, 14);
insert into Citizen (idno, title, firstname, lastname, dateofbirth, gender) VALUES (5909, '', 'Lükensmeier', 'Ralf', '1.1.1963.', 'p');
insert into CandidatesData (idno) VALUES (5909);
insert into Candidacy (wkid, idno) VALUES (324, 5909);
insert into Citizen (idno, title, firstname, lastname, dateofbirth, gender) VALUES (5910, '', 'Lüle', 'Oguz', '1.1.1960.', 'p');
insert into CandidatesData (idno) VALUES (5910);
insert into PartyMembership (pid, idno) VALUES (3, 5910);
insert into Candidacy (wkid, idno) VALUES (518, 5910);
insert into Citizen (idno, title, firstname, lastname, dateofbirth, gender) VALUES (5911, '', 'Lüpke', 'Mario', '1.1.1979.', 'p');
insert into CandidatesData (idno) VALUES (5911);
insert into PartyMembership (pid, idno) VALUES (13, 5911);
insert into Landeslistenplatz (llid, idno, position) VALUES (227, 5911, 4);
insert into Citizen (idno, title, firstname, lastname, dateofbirth, gender) VALUES (5912, '', 'Lüsgens', 'Wolfgang', '1.1.1946.', 'p');
insert into CandidatesData (idno) VALUES (5912);
insert into PartyMembership (pid, idno) VALUES (19, 5912);
insert into Landeslistenplatz (llid, idno, position) VALUES (99, 5912, 12);
insert into Citizen (idno, title, firstname, lastname, dateofbirth, gender) VALUES (5913, '', 'Lüst', 'Christiane Gisela Erika', '1.1.1966.', 'p');
insert into CandidatesData (idno) VALUES (5913);
insert into PartyMembership (pid, idno) VALUES (36, 5913);
insert into Candidacy (wkid, idno) VALUES (521, 5913);
insert into Landeslistenplatz (llid, idno, position) VALUES (121, 5913, 4);
insert into Citizen (idno, title, firstname, lastname, dateofbirth, gender) VALUES (5914, '', 'Lütge', 'Holger', '1.1.1969.', 'p');
insert into CandidatesData (idno) VALUES (5914);
insert into PartyMembership (pid, idno) VALUES (5, 5914);
insert into Candidacy (wkid, idno) VALUES (376, 5914);
insert into Citizen (idno, title, firstname, lastname, dateofbirth, gender) VALUES (5915, '', 'Luetkens', 'Sascha', '1.1.1976.', 'p');
insert into CandidatesData (idno) VALUES (5915);
insert into PartyMembership (pid, idno) VALUES (3, 5915);
insert into Landeslistenplatz (llid, idno, position) VALUES (36, 5915, 4);
insert into Citizen (idno, title, firstname, lastname, dateofbirth, gender) VALUES (5916, '', 'Lüttgen', 'Markus', '1.1.1968.', 'p');
insert into CandidatesData (idno) VALUES (5916);
insert into PartyMembership (pid, idno) VALUES (35, 5916);
insert into Landeslistenplatz (llid, idno, position) VALUES (46, 5916, 8);
insert into Citizen (idno, title, firstname, lastname, dateofbirth, gender) VALUES (5917, '', 'Lüttmann', 'Christophe', '1.1.1966.', 'p');
insert into CandidatesData (idno) VALUES (5917);
insert into PartyMembership (pid, idno) VALUES (4, 5917);
insert into Candidacy (wkid, idno) VALUES (427, 5917);
insert into Landeslistenplatz (llid, idno, position) VALUES (98, 5917, 54);
insert into Citizen (idno, title, firstname, lastname, dateofbirth, gender) VALUES (5918, '', 'Lützler', 'Jan', '1.1.1994.', 'p');
insert into CandidatesData (idno) VALUES (5918);
insert into PartyMembership (pid, idno) VALUES (31, 5918);
insert into Landeslistenplatz (llid, idno, position) VALUES (123, 5918, 12);
insert into Citizen (idno, title, firstname, lastname, dateofbirth, gender) VALUES (5919, '', 'Lugert', 'Barbara', '1.1.1978.', 'p');
insert into CandidatesData (idno) VALUES (5919);
insert into PartyMembership (pid, idno) VALUES (2, 5919);
insert into Landeslistenplatz (llid, idno, position) VALUES (87, 5919, 47);
insert into Citizen (idno, title, firstname, lastname, dateofbirth, gender) VALUES (5920, '', 'Luhr', 'Heinrich', '1.1.1953.', 'p');
insert into CandidatesData (idno) VALUES (5920);
insert into PartyMembership (pid, idno) VALUES (32, 5920);
insert into Candidacy (wkid, idno) VALUES (331, 5920);
insert into Citizen (idno, title, firstname, lastname, dateofbirth, gender) VALUES (5921, '', 'Lukas', 'Gerald', '1.1.1943.', 'p');
insert into CandidatesData (idno) VALUES (5921);
insert into PartyMembership (pid, idno) VALUES (41, 5921);
insert into Candidacy (wkid, idno) VALUES (328, 5921);
insert into Citizen (idno, title, firstname, lastname, dateofbirth, gender) VALUES (5922, '', 'Lukat', 'Jürgen', '1.1.1970.', 'p');
insert into CandidatesData (idno) VALUES (5922);
insert into PartyMembership (pid, idno) VALUES (31, 5922);
insert into Candidacy (wkid, idno) VALUES (418, 5922);
insert into Landeslistenplatz (llid, idno, position) VALUES (123, 5922, 16);
insert into Citizen (idno, title, firstname, lastname, dateofbirth, gender) VALUES (5923, '', 'Luksic', 'Oliver', '1.1.1979.', 'p');
insert into CandidatesData (idno) VALUES (5923);
insert into PartyMembership (pid, idno) VALUES (4, 5923);
insert into Candidacy (wkid, idno) VALUES (597, 5923);
insert into Landeslistenplatz (llid, idno, position) VALUES (52, 5923, 1);
insert into Citizen (idno, title, firstname, lastname, dateofbirth, gender) VALUES (5924, '', 'Lust', 'Dietmar', '1.1.1972.', 'p');
insert into CandidatesData (idno) VALUES (5924);
insert into PartyMembership (pid, idno) VALUES (5, 5924);
insert into Candidacy (wkid, idno) VALUES (579, 5924);
insert into Landeslistenplatz (llid, idno, position) VALUES (61, 5924, 36);
insert into Citizen (idno, title, firstname, lastname, dateofbirth, gender) VALUES (5925, '', 'Lutze', 'Thomas', '1.1.1969.', 'p');
insert into CandidatesData (idno) VALUES (5925);
insert into PartyMembership (pid, idno) VALUES (3, 5925);
insert into Landeslistenplatz (llid, idno, position) VALUES (242, 5925, 1);
insert into Citizen (idno, title, firstname, lastname, dateofbirth, gender) VALUES (5926, '', 'Lux', 'Gudrun', '1.1.1980.', 'p');
insert into CandidatesData (idno) VALUES (5926);
insert into PartyMembership (pid, idno) VALUES (5, 5926);
insert into Landeslistenplatz (llid, idno, position) VALUES (65, 5926, 17);
insert into Citizen (idno, title, firstname, lastname, dateofbirth, gender) VALUES (5927, '', 'Lux', 'Stefan', '1.1.1959.', 'p');
insert into CandidatesData (idno) VALUES (5927);
insert into PartyMembership (pid, idno) VALUES (1, 5927);
insert into Landeslistenplatz (llid, idno, position) VALUES (246, 5927, 6);
insert into Citizen (idno, title, firstname, lastname, dateofbirth, gender) VALUES (5928, '', 'Lux', 'Stefan', '1.1.1960.', 'p');
insert into CandidatesData (idno) VALUES (5928);
insert into PartyMembership (pid, idno) VALUES (2, 5928);
insert into Candidacy (wkid, idno) VALUES (476, 5928);
insert into Landeslistenplatz (llid, idno, position) VALUES (54, 5928, 25);
insert into Citizen (idno, title, firstname, lastname, dateofbirth, gender) VALUES (5929, '', 'Lyncker-Ehrenkrook Freiherr von', 'Konrad', '1.1.1986.', 'p');
insert into CandidatesData (idno) VALUES (5929);
insert into PartyMembership (pid, idno) VALUES (33, 5929);
insert into Landeslistenplatz (llid, idno, position) VALUES (237, 5929, 3);
insert into Citizen (idno, title, firstname, lastname, dateofbirth, gender) VALUES (5930, '', 'Maag', 'Karin', '1.1.1962.', 'p');
insert into CandidatesData (idno) VALUES (5930);
insert into PartyMembership (pid, idno) VALUES (12, 5930);
insert into Candidacy (wkid, idno) VALUES (558, 5930);
insert into Landeslistenplatz (llid, idno, position) VALUES (105, 5930, 9);
insert into Citizen (idno, title, firstname, lastname, dateofbirth, gender) VALUES (5931, '', 'Maas', 'Ulrich', '1.1.1962.', 'p');
insert into CandidatesData (idno) VALUES (5931);
insert into PartyMembership (pid, idno) VALUES (31, 5931);
insert into Landeslistenplatz (llid, idno, position) VALUES (123, 5931, 50);
insert into Citizen (idno, title, firstname, lastname, dateofbirth, gender) VALUES (5932, '', 'Maaß', 'Simone', '1.1.1967.', 'p');
insert into CandidatesData (idno) VALUES (5932);
insert into PartyMembership (pid, idno) VALUES (5, 5932);
insert into Candidacy (wkid, idno) VALUES (496, 5932);
insert into Citizen (idno, title, firstname, lastname, dateofbirth, gender) VALUES (5933, '', 'Macit', 'Burak', '1.1.1990.', 'p');
insert into CandidatesData (idno) VALUES (5933);
insert into PartyMembership (pid, idno) VALUES (32, 5933);
insert into Candidacy (wkid, idno) VALUES (378, 5933);
insert into Citizen (idno, title, firstname, lastname, dateofbirth, gender) VALUES (5934, '', 'Mack', 'Günther', '1.1.1949.', 'p');
insert into CandidatesData (idno) VALUES (5934);
insert into PartyMembership (pid, idno) VALUES (32, 5934);
insert into Landeslistenplatz (llid, idno, position) VALUES (29, 5934, 16);
insert into Citizen (idno, title, firstname, lastname, dateofbirth, gender) VALUES (5935, '', 'Mack', 'Hermann', '1.1.1953.', 'p');
insert into CandidatesData (idno) VALUES (5935);
insert into PartyMembership (pid, idno) VALUES (19, 5935);
insert into Landeslistenplatz (llid, idno, position) VALUES (40, 5935, 8);
insert into Citizen (idno, title, firstname, lastname, dateofbirth, gender) VALUES (5936, '', 'März', 'Thorsten Peter', '1.1.1972.', 'p');
insert into CandidatesData (idno) VALUES (5936);
insert into PartyMembership (pid, idno) VALUES (1, 5936);
insert into Candidacy (wkid, idno) VALUES (393, 5936);
insert into Citizen (idno, title, firstname, lastname, dateofbirth, gender) VALUES (5937, '', 'Magar', 'Axel', '1.1.1954.', 'p');
insert into CandidatesData (idno) VALUES (5937);
insert into PartyMembership (pid, idno) VALUES (35, 5937);
insert into Candidacy (wkid, idno) VALUES (597, 5937);
insert into Citizen (idno, title, firstname, lastname, dateofbirth, gender) VALUES (5938, '', 'Maggutiak', 'Taras', '1.1.1973.', 'p');
insert into CandidatesData (idno) VALUES (5938);
insert into PartyMembership (pid, idno) VALUES (33, 5938);
insert into Landeslistenplatz (llid, idno, position) VALUES (140, 5938, 27);
insert into Citizen (idno, title, firstname, lastname, dateofbirth, gender) VALUES (5939, '', 'Magwas', 'Yvonne', '1.1.1979.', 'p');
insert into CandidatesData (idno) VALUES (5939);
insert into PartyMembership (pid, idno) VALUES (12, 5939);
insert into Landeslistenplatz (llid, idno, position) VALUES (134, 5939, 12);
insert into Citizen (idno, title, firstname, lastname, dateofbirth, gender) VALUES (5940, '', 'Mahlberg', 'Thomas', '1.1.1965.', 'p');
insert into CandidatesData (idno) VALUES (5940);
insert into PartyMembership (pid, idno) VALUES (12, 5940);
insert into Candidacy (wkid, idno) VALUES (414, 5940);
insert into Landeslistenplatz (llid, idno, position) VALUES (136, 5940, 38);
insert into Citizen (idno, title, firstname, lastname, dateofbirth, gender) VALUES (5941, '', 'Mahn-Gauseweg', 'Carolin', '1.1.1981.', 'p');
insert into CandidatesData (idno) VALUES (5941);
insert into PartyMembership (pid, idno) VALUES (7, 5941);
insert into Landeslistenplatz (llid, idno, position) VALUES (85, 5941, 2);
insert into Citizen (idno, title, firstname, lastname, dateofbirth, gender) VALUES (5942, '', 'Mai', 'Franz-Josef', '1.1.1943.', 'p');
insert into CandidatesData (idno) VALUES (5942);
insert into PartyMembership (pid, idno) VALUES (36, 5942);
insert into Landeslistenplatz (llid, idno, position) VALUES (149, 5942, 4);
insert into Citizen (idno, title, firstname, lastname, dateofbirth, gender) VALUES (5943, '', 'Mai', 'Hannelore Anna', '1.1.1943.', 'p');
insert into CandidatesData (idno) VALUES (5943);
insert into PartyMembership (pid, idno) VALUES (36, 5943);
insert into Landeslistenplatz (llid, idno, position) VALUES (149, 5943, 19);
insert into Citizen (idno, title, firstname, lastname, dateofbirth, gender) VALUES (5944, '', 'Mai', 'Susann', '1.1.1967.', 'p');
insert into CandidatesData (idno) VALUES (5944);
insert into PartyMembership (pid, idno) VALUES (36, 5944);
insert into Candidacy (wkid, idno) VALUES (488, 5944);
insert into Landeslistenplatz (llid, idno, position) VALUES (149, 5944, 1);
insert into Citizen (idno, title, firstname, lastname, dateofbirth, gender) VALUES (5945, 'Dr. ', 'Maier', 'Lothar', '1.1.1944.', 'p');
insert into CandidatesData (idno) VALUES (5945);
insert into PartyMembership (pid, idno) VALUES (33, 5945);
insert into Landeslistenplatz (llid, idno, position) VALUES (140, 5945, 12);
insert into Citizen (idno, title, firstname, lastname, dateofbirth, gender) VALUES (5946, '', 'Maier', 'Edeltraud', '1.1.1938.', 'p');
insert into CandidatesData (idno) VALUES (5946);
insert into PartyMembership (pid, idno) VALUES (36, 5946);
insert into Landeslistenplatz (llid, idno, position) VALUES (118, 5946, 23);
insert into Citizen (idno, title, firstname, lastname, dateofbirth, gender) VALUES (5947, '', 'Maier', 'Franz', '1.1.1963.', 'p');
insert into CandidatesData (idno) VALUES (5947);
insert into PartyMembership (pid, idno) VALUES (10, 5947);
insert into Candidacy (wkid, idno) VALUES (512, 5947);
insert into Landeslistenplatz (llid, idno, position) VALUES (217, 5947, 4);
insert into Citizen (idno, title, firstname, lastname, dateofbirth, gender) VALUES (5948, '', 'Maier', 'Ludwig', '1.1.1961.', 'p');
insert into CandidatesData (idno) VALUES (5948);
insert into PartyMembership (pid, idno) VALUES (36, 5948);
insert into Candidacy (wkid, idno) VALUES (522, 5948);
insert into Landeslistenplatz (llid, idno, position) VALUES (121, 5948, 16);
insert into Citizen (idno, title, firstname, lastname, dateofbirth, gender) VALUES (5949, '', 'Maier', 'Mario', '1.1.1961.', 'p');
insert into CandidatesData (idno) VALUES (5949);
insert into PartyMembership (pid, idno) VALUES (19, 5949);
insert into Landeslistenplatz (llid, idno, position) VALUES (114, 5949, 6);
insert into Citizen (idno, title, firstname, lastname, dateofbirth, gender) VALUES (5950, '', 'Mainka', 'Anne', '1.1.1978.', 'p');
insert into CandidatesData (idno) VALUES (5950);
insert into PartyMembership (pid, idno) VALUES (13, 5950);
insert into Landeslistenplatz (llid, idno, position) VALUES (96, 5950, 15);
insert into Citizen (idno, title, firstname, lastname, dateofbirth, gender) VALUES (5951, '', 'Mair', 'Katrin', '1.1.1981.', 'p');
insert into CandidatesData (idno) VALUES (5951);
insert into PartyMembership (pid, idno) VALUES (9, 5951);
insert into Landeslistenplatz (llid, idno, position) VALUES (47, 5951, 43);
insert into Citizen (idno, title, firstname, lastname, dateofbirth, gender) VALUES (5952, '', 'Maisch', 'Heidi', '1.1.1960.', 'p');
insert into CandidatesData (idno) VALUES (5952);
insert into PartyMembership (pid, idno) VALUES (33, 5952);
insert into Landeslistenplatz (llid, idno, position) VALUES (140, 5952, 20);
insert into Citizen (idno, title, firstname, lastname, dateofbirth, gender) VALUES (5953, '', 'Maisch', 'Nicole Christa', '1.1.1981.', 'p');
insert into CandidatesData (idno) VALUES (5953);
insert into PartyMembership (pid, idno) VALUES (5, 5953);
insert into Candidacy (wkid, idno) VALUES (467, 5953);
insert into Landeslistenplatz (llid, idno, position) VALUES (144, 5953, 3);
insert into Citizen (idno, title, firstname, lastname, dateofbirth, gender) VALUES (5954, 'Dr. ', 'Maizière de', 'Karl Ernst Thomas', '1.1.1954.', 'p');
insert into CandidatesData (idno) VALUES (5954);
insert into PartyMembership (pid, idno) VALUES (12, 5954);
insert into Candidacy (wkid, idno) VALUES (454, 5954);
insert into Landeslistenplatz (llid, idno, position) VALUES (134, 5954, 1);
insert into Citizen (idno, title, firstname, lastname, dateofbirth, gender) VALUES (5955, '', 'Majer', 'Thorsten', '1.1.1978.', 'p');
insert into CandidatesData (idno) VALUES (5955);
insert into PartyMembership (pid, idno) VALUES (2, 5955);
insert into Candidacy (wkid, idno) VALUES (565, 5955);
insert into Landeslistenplatz (llid, idno, position) VALUES (76, 5955, 27);
insert into Citizen (idno, title, firstname, lastname, dateofbirth, gender) VALUES (5956, '', 'Majewski', 'Christoph', '1.1.1972.', 'p');
insert into CandidatesData (idno) VALUES (5956);
insert into PartyMembership (pid, idno) VALUES (2, 5956);
insert into Candidacy (wkid, idno) VALUES (495, 5956);
insert into Landeslistenplatz (llid, idno, position) VALUES (154, 5956, 5);
insert into Citizen (idno, title, firstname, lastname, dateofbirth, gender) VALUES (5957, '', 'Majewski', 'Dennis', '1.1.1983.', 'p');
insert into CandidatesData (idno) VALUES (5957);
insert into PartyMembership (pid, idno) VALUES (4, 5957);
insert into Candidacy (wkid, idno) VALUES (469, 5957);
insert into Landeslistenplatz (llid, idno, position) VALUES (116, 5957, 19);
insert into Citizen (idno, title, firstname, lastname, dateofbirth, gender) VALUES (5958, '', 'Makarov', 'Nina', '1.1.1956.', 'p');
insert into CandidatesData (idno) VALUES (5958);
insert into PartyMembership (pid, idno) VALUES (33, 5958);
insert into Landeslistenplatz (llid, idno, position) VALUES (164, 5958, 5);
insert into Citizen (idno, title, firstname, lastname, dateofbirth, gender) VALUES (5959, 'Dr. ', 'Malecha-Nissen', 'Birgit', '1.1.1958.', 'p');
insert into CandidatesData (idno) VALUES (5959);
insert into PartyMembership (pid, idno) VALUES (2, 5959);
insert into Candidacy (wkid, idno) VALUES (305, 5959);
insert into Landeslistenplatz (llid, idno, position) VALUES (103, 5959, 8);
insert into Citizen (idno, title, firstname, lastname, dateofbirth, gender) VALUES (5960, '', 'Mallon', 'Bernd Klaus', '1.1.1955.', 'p');
insert into CandidatesData (idno) VALUES (5960);
insert into PartyMembership (pid, idno) VALUES (42, 5960);
insert into Landeslistenplatz (llid, idno, position) VALUES (210, 5960, 1);
insert into Citizen (idno, title, firstname, lastname, dateofbirth, gender) VALUES (5961, '', 'Malmberg', 'Bernd', '1.1.1955.', 'p');
insert into CandidatesData (idno) VALUES (5961);
insert into PartyMembership (pid, idno) VALUES (3, 5961);
insert into Candidacy (wkid, idno) VALUES (576, 5961);
insert into Citizen (idno, title, firstname, lastname, dateofbirth, gender) VALUES (5962, '', 'Malonn', 'Mario André', '1.1.1965.', 'p');
insert into CandidatesData (idno) VALUES (5962);
insert into PartyMembership (pid, idno) VALUES (37, 5962);
insert into Landeslistenplatz (llid, idno, position) VALUES (60, 5962, 1);
insert into Citizen (idno, title, firstname, lastname, dateofbirth, gender) VALUES (5963, '', 'Mandel', 'Sören', '1.1.1989.', 'p');
insert into CandidatesData (idno) VALUES (5963);
insert into PartyMembership (pid, idno) VALUES (2, 5963);
insert into Landeslistenplatz (llid, idno, position) VALUES (69, 5963, 31);
insert into Citizen (idno, title, firstname, lastname, dateofbirth, gender) VALUES (5964, '', 'Manderla', 'Gisela', '1.1.1958.', 'p');
insert into CandidatesData (idno) VALUES (5964);
insert into PartyMembership (pid, idno) VALUES (12, 5964);
insert into Candidacy (wkid, idno) VALUES (394, 5964);
insert into Landeslistenplatz (llid, idno, position) VALUES (136, 5964, 22);
insert into Citizen (idno, title, firstname, lastname, dateofbirth, gender) VALUES (5965, '', 'Manfredini', 'Marco Timo Ermanno', '1.1.1967.', 'p');
insert into CandidatesData (idno) VALUES (5965);
insert into PartyMembership (pid, idno) VALUES (31, 5965);
insert into Landeslistenplatz (llid, idno, position) VALUES (139, 5965, 2);
insert into Citizen (idno, title, firstname, lastname, dateofbirth, gender) VALUES (5966, '', 'Mang', 'Markus', '1.1.1966.', 'p');
insert into CandidatesData (idno) VALUES (5966);
insert into PartyMembership (pid, idno) VALUES (1, 5966);
insert into Candidacy (wkid, idno) VALUES (548, 5966);
insert into Landeslistenplatz (llid, idno, position) VALUES (86, 5966, 5);
insert into Citizen (idno, title, firstname, lastname, dateofbirth, gender) VALUES (5967, '', 'Mang', 'Michael', '1.1.1981.', 'p');
insert into CandidatesData (idno) VALUES (5967);
insert into PartyMembership (pid, idno) VALUES (2, 5967);
insert into Landeslistenplatz (llid, idno, position) VALUES (71, 5967, 29);
insert into Citizen (idno, title, firstname, lastname, dateofbirth, gender) VALUES (5968, '', 'Mangold', 'Olaf', '1.1.1970.', 'p');
insert into CandidatesData (idno) VALUES (5968);
insert into PartyMembership (pid, idno) VALUES (2, 5968);
insert into Candidacy (wkid, idno) VALUES (358, 5968);
insert into Landeslistenplatz (llid, idno, position) VALUES (147, 5968, 9);
insert into Citizen (idno, title, firstname, lastname, dateofbirth, gender) VALUES (5969, '', 'Maniera', 'André', '1.1.1973.', 'p');
insert into CandidatesData (idno) VALUES (5969);
insert into PartyMembership (pid, idno) VALUES (19, 5969);
insert into Candidacy (wkid, idno) VALUES (405, 5969);
insert into Landeslistenplatz (llid, idno, position) VALUES (99, 5969, 1);
insert into Citizen (idno, title, firstname, lastname, dateofbirth, gender) VALUES (5970, '', 'Mans', 'Johannes Erwin', '1.1.1958.', 'p');
insert into CandidatesData (idno) VALUES (5970);
insert into PartyMembership (pid, idno) VALUES (32, 5970);
insert into Candidacy (wkid, idno) VALUES (502, 5970);
insert into Landeslistenplatz (llid, idno, position) VALUES (29, 5970, 6);
insert into Citizen (idno, title, firstname, lastname, dateofbirth, gender) VALUES (5971, '', 'Mansmann', 'Till Berthold', '1.1.1968.', 'p');
insert into CandidatesData (idno) VALUES (5971);
insert into PartyMembership (pid, idno) VALUES (4, 5971);
insert into Candidacy (wkid, idno) VALUES (487, 5971);
insert into Landeslistenplatz (llid, idno, position) VALUES (116, 5971, 13);
insert into Citizen (idno, title, firstname, lastname, dateofbirth, gender) VALUES (5972, '', 'Mansouri', 'Marcel Scherwien', '1.1.1985.', 'p');
insert into CandidatesData (idno) VALUES (5972);
insert into PartyMembership (pid, idno) VALUES (3, 5972);
insert into Candidacy (wkid, idno) VALUES (302, 5972);
insert into Landeslistenplatz (llid, idno, position) VALUES (36, 5972, 2);
insert into Citizen (idno, title, firstname, lastname, dateofbirth, gender) VALUES (5973, '', 'Mansury', 'Homaira', '1.1.1978.', 'p');
insert into CandidatesData (idno) VALUES (5973);
insert into PartyMembership (pid, idno) VALUES (2, 5973);
insert into Candidacy (wkid, idno) VALUES (550, 5973);
insert into Landeslistenplatz (llid, idno, position) VALUES (87, 5973, 24);
insert into Citizen (idno, title, firstname, lastname, dateofbirth, gender) VALUES (5974, '', 'Mantovanelli', 'Marco Gérard', '1.1.1965.', 'p');
insert into CandidatesData (idno) VALUES (5974);
insert into PartyMembership (pid, idno) VALUES (5, 5974);
insert into Candidacy (wkid, idno) VALUES (430, 5974);
insert into Landeslistenplatz (llid, idno, position) VALUES (83, 5974, 32);
insert into Citizen (idno, title, firstname, lastname, dateofbirth, gender) VALUES (5975, '', 'Maragota Silva', 'Emanuel', '1.1.1989.', 'p');
insert into CandidatesData (idno) VALUES (5975);
insert into PartyMembership (pid, idno) VALUES (37, 5975);
insert into Landeslistenplatz (llid, idno, position) VALUES (209, 5975, 2);
insert into Citizen (idno, title, firstname, lastname, dateofbirth, gender) VALUES (5976, '', 'Mariacher', 'Vanessa', '1.1.1995.', 'p');
insert into CandidatesData (idno) VALUES (5976);
insert into PartyMembership (pid, idno) VALUES (15, 5976);
insert into Landeslistenplatz (llid, idno, position) VALUES (55, 5976, 11);
insert into Citizen (idno, title, firstname, lastname, dateofbirth, gender) VALUES (5977, '', 'Marinello', 'Karin', '1.1.1951.', 'p');
insert into CandidatesData (idno) VALUES (5977);
insert into PartyMembership (pid, idno) VALUES (13, 5977);
insert into Landeslistenplatz (llid, idno, position) VALUES (230, 5977, 2);
insert into Citizen (idno, title, firstname, lastname, dateofbirth, gender) VALUES (5978, '', 'Markau', 'André', '1.1.1964.', 'p');
insert into CandidatesData (idno) VALUES (5978);
insert into PartyMembership (pid, idno) VALUES (1, 5978);
insert into Candidacy (wkid, idno) VALUES (376, 5978);
insert into Citizen (idno, title, firstname, lastname, dateofbirth, gender) VALUES (5979, '', 'Marks', 'Caren', '1.1.1963.', 'p');
insert into CandidatesData (idno) VALUES (5979);
insert into PartyMembership (pid, idno) VALUES (2, 5979);
insert into Candidacy (wkid, idno) VALUES (342, 5979);
insert into Landeslistenplatz (llid, idno, position) VALUES (69, 5979, 6);
insert into Citizen (idno, title, firstname, lastname, dateofbirth, gender) VALUES (5980, '', 'Marks', 'Michael', '1.1.1971.', 'p');
insert into CandidatesData (idno) VALUES (5980);
insert into PartyMembership (pid, idno) VALUES (32, 5980);
insert into Candidacy (wkid, idno) VALUES (369, 5980);
insert into Landeslistenplatz (llid, idno, position) VALUES (165, 5980, 4);
insert into Citizen (idno, title, firstname, lastname, dateofbirth, gender) VALUES (5981, '', 'Marky', 'Dirk', '1.1.1966.', 'p');
insert into CandidatesData (idno) VALUES (5981);
insert into PartyMembership (pid, idno) VALUES (7, 5981);
insert into Candidacy (wkid, idno) VALUES (536, 5981);
insert into Landeslistenplatz (llid, idno, position) VALUES (72, 5981, 11);
insert into Citizen (idno, title, firstname, lastname, dateofbirth, gender) VALUES (5982, '', 'Marquardt', 'Erich', '1.1.1953.', 'p');
insert into CandidatesData (idno) VALUES (5982);
insert into PartyMembership (pid, idno) VALUES (32, 5982);
insert into Candidacy (wkid, idno) VALUES (588, 5982);
insert into Landeslistenplatz (llid, idno, position) VALUES (91, 5982, 4);
insert into Citizen (idno, title, firstname, lastname, dateofbirth, gender) VALUES (5983, '', 'Marsch', 'Lothar Volker', '1.1.1956.', 'p');
insert into CandidatesData (idno) VALUES (5983);
insert into PartyMembership (pid, idno) VALUES (19, 5983);
insert into Landeslistenplatz (llid, idno, position) VALUES (99, 5983, 10);
insert into Citizen (idno, title, firstname, lastname, dateofbirth, gender) VALUES (5984, '', 'Marschner', 'Frank', '1.1.1957.', 'p');
insert into CandidatesData (idno) VALUES (5984);
insert into PartyMembership (pid, idno) VALUES (1, 5984);
insert into Candidacy (wkid, idno) VALUES (484, 5984);
insert into Landeslistenplatz (llid, idno, position) VALUES (238, 5984, 5);
insert into Citizen (idno, title, firstname, lastname, dateofbirth, gender) VALUES (5985, '', 'Martens', 'André', '1.1.1970.', 'p');
insert into CandidatesData (idno) VALUES (5985);
insert into PartyMembership (pid, idno) VALUES (7, 5985);
insert into Candidacy (wkid, idno) VALUES (580, 5985);
insert into Landeslistenplatz (llid, idno, position) VALUES (48, 5985, 4);
insert into Citizen (idno, title, firstname, lastname, dateofbirth, gender) VALUES (5986, 'Dr. ', 'Martin', 'Jürgen', '1.1.1955.', 'p');
insert into CandidatesData (idno) VALUES (5986);
insert into PartyMembership (pid, idno) VALUES (7, 5986);
insert into Candidacy (wkid, idno) VALUES (558, 5986);
insert into Landeslistenplatz (llid, idno, position) VALUES (48, 5986, 25);
insert into Citizen (idno, title, firstname, lastname, dateofbirth, gender) VALUES (5987, '', 'Martins do Canto', 'Fabricio', '1.1.1969.', 'p');
insert into CandidatesData (idno) VALUES (5987);
insert into PartyMembership (pid, idno) VALUES (7, 5987);
insert into Candidacy (wkid, idno) VALUES (375, 5987);
insert into Citizen (idno, title, firstname, lastname, dateofbirth, gender) VALUES (5988, '', 'Martiny', 'Sabine', '1.1.1944.', 'p');
insert into CandidatesData (idno) VALUES (5988);
insert into PartyMembership (pid, idno) VALUES (7, 5988);
insert into Candidacy (wkid, idno) VALUES (436, 5988);
insert into Citizen (idno, title, firstname, lastname, dateofbirth, gender) VALUES (5989, '', 'Marvi', 'Parsa', '1.1.1982.', 'p');
insert into CandidatesData (idno) VALUES (5989);
insert into PartyMembership (pid, idno) VALUES (2, 5989);
insert into Candidacy (wkid, idno) VALUES (570, 5989);
insert into Landeslistenplatz (llid, idno, position) VALUES (76, 5989, 31);
insert into Citizen (idno, title, firstname, lastname, dateofbirth, gender) VALUES (5990, '', 'Marwitz von der', 'Hans-Georg', '1.1.1961.', 'p');
insert into CandidatesData (idno) VALUES (5990);
insert into PartyMembership (pid, idno) VALUES (12, 5990);
insert into Candidacy (wkid, idno) VALUES (358, 5990);
insert into Landeslistenplatz (llid, idno, position) VALUES (218, 5990, 5);
insert into Citizen (idno, title, firstname, lastname, dateofbirth, gender) VALUES (5991, '', 'Marx', 'Dirk Christian', '1.1.1965.', 'p');
insert into CandidatesData (idno) VALUES (5991);
insert into PartyMembership (pid, idno) VALUES (12, 5991);
insert into Candidacy (wkid, idno) VALUES (317, 5991);
insert into Landeslistenplatz (llid, idno, position) VALUES (222, 5991, 6);
insert into Citizen (idno, title, firstname, lastname, dateofbirth, gender) VALUES (5992, '', 'Marx', 'Peter', '1.1.1956.', 'p');
insert into CandidatesData (idno) VALUES (5992);
insert into PartyMembership (pid, idno) VALUES (1, 5992);
insert into Candidacy (wkid, idno) VALUES (595, 5992);
insert into Landeslistenplatz (llid, idno, position) VALUES (58, 5992, 1);
insert into Citizen (idno, title, firstname, lastname, dateofbirth, gender) VALUES (5993, '', 'Maskos', 'Wolfgang Heinrich', '1.1.1955.', 'p');
insert into CandidatesData (idno) VALUES (5993);
insert into PartyMembership (pid, idno) VALUES (19, 5993);
insert into Landeslistenplatz (llid, idno, position) VALUES (99, 5993, 11);
insert into Citizen (idno, title, firstname, lastname, dateofbirth, gender) VALUES (5994, '', 'Maßon', 'Norbert', '1.1.1957.', 'p');
insert into CandidatesData (idno) VALUES (5994);
insert into PartyMembership (pid, idno) VALUES (3, 5994);
insert into Candidacy (wkid, idno) VALUES (572, 5994);
insert into Citizen (idno, title, firstname, lastname, dateofbirth, gender) VALUES (5995, '', 'Mast', 'Katja', '1.1.1971.', 'p');
insert into CandidatesData (idno) VALUES (5995);
insert into PartyMembership (pid, idno) VALUES (2, 5995);
insert into Candidacy (wkid, idno) VALUES (578, 5995);
insert into Landeslistenplatz (llid, idno, position) VALUES (76, 5995, 2);
insert into Citizen (idno, title, firstname, lastname, dateofbirth, gender) VALUES (5996, '', 'Mast', 'Willi Alfred', '1.1.1947.', 'p');
insert into CandidatesData (idno) VALUES (5996);
insert into PartyMembership (pid, idno) VALUES (13, 5996);
insert into Landeslistenplatz (llid, idno, position) VALUES (34, 5996, 16);
insert into Citizen (idno, title, firstname, lastname, dateofbirth, gender) VALUES (5997, '', 'Matheis', 'Ralf', '1.1.1969.', 'p');
insert into CandidatesData (idno) VALUES (5997);
insert into Candidacy (wkid, idno) VALUES (588, 5997);
insert into Citizen (idno, title, firstname, lastname, dateofbirth, gender) VALUES (5998, '', 'Mathes', 'Sophie-Marie', '1.1.1990.', 'p');
insert into CandidatesData (idno) VALUES (5998);
insert into PartyMembership (pid, idno) VALUES (7, 5998);
insert into Landeslistenplatz (llid, idno, position) VALUES (48, 5998, 15);
insert into Citizen (idno, title, firstname, lastname, dateofbirth, gender) VALUES (5999, '', 'Matschke', 'Danny', '1.1.1975.', 'p');
insert into CandidatesData (idno) VALUES (5999);
insert into PartyMembership (pid, idno) VALUES (1, 5999);
insert into Landeslistenplatz (llid, idno, position) VALUES (246, 5999, 9);
insert into Citizen (idno, title, firstname, lastname, dateofbirth, gender) VALUES (6000, '', 'Mattfeldt', 'Andreas', '1.1.1969.', 'p');
insert into CandidatesData (idno) VALUES (6000);
insert into PartyMembership (pid, idno) VALUES (12, 6000);
insert into Candidacy (wkid, idno) VALUES (333, 6000);
insert into Landeslistenplatz (llid, idno, position) VALUES (44, 6000, 18);
insert into Citizen (idno, title, firstname, lastname, dateofbirth, gender) VALUES (6001, '', 'Mattheis', 'Hildegard', '1.1.1954.', 'p');
insert into CandidatesData (idno) VALUES (6001);
insert into PartyMembership (pid, idno) VALUES (2, 6001);
insert into Candidacy (wkid, idno) VALUES (590, 6001);
insert into Landeslistenplatz (llid, idno, position) VALUES (76, 6001, 4);
insert into Citizen (idno, title, firstname, lastname, dateofbirth, gender) VALUES (6002, '', 'Matthes', 'Daniela', '1.1.1981.', 'p');
insert into CandidatesData (idno) VALUES (6002);
insert into PartyMembership (pid, idno) VALUES (10, 6002);
insert into Landeslistenplatz (llid, idno, position) VALUES (180, 6002, 14);
insert into Citizen (idno, title, firstname, lastname, dateofbirth, gender) VALUES (6003, '', 'Matthes', 'Marcella Giovanna', '1.1.1983.', 'p');
insert into CandidatesData (idno) VALUES (6003);
insert into PartyMembership (pid, idno) VALUES (4, 6003);
insert into Candidacy (wkid, idno) VALUES (483, 6003);
insert into Landeslistenplatz (llid, idno, position) VALUES (116, 6003, 8);
insert into Citizen (idno, title, firstname, lastname, dateofbirth, gender) VALUES (6004, '', 'Matthiesen', 'Peter Heinz', '1.1.1946.', 'p');
insert into CandidatesData (idno) VALUES (6004);
insert into PartyMembership (pid, idno) VALUES (7, 6004);
insert into Candidacy (wkid, idno) VALUES (305, 6004);
insert into Citizen (idno, title, firstname, lastname, dateofbirth, gender) VALUES (6005, '', 'Matthiessen', 'Detlef Martin', '1.1.1954.', 'p');
insert into CandidatesData (idno) VALUES (6005);
insert into PartyMembership (pid, idno) VALUES (5, 6005);
insert into Candidacy (wkid, idno) VALUES (303, 6005);
insert into Citizen (idno, title, firstname, lastname, dateofbirth, gender) VALUES (6006, 'Dr. ', 'Matthiessen', 'Günter', '1.1.1947.', 'p');
insert into CandidatesData (idno) VALUES (6006);
insert into PartyMembership (pid, idno) VALUES (3, 6006);
insert into Landeslistenplatz (llid, idno, position) VALUES (49, 6006, 2);
insert into Citizen (idno, title, firstname, lastname, dateofbirth, gender) VALUES (6007, '', 'Matti', 'Lars', '1.1.1973.', 'p');
insert into CandidatesData (idno) VALUES (6007);
insert into PartyMembership (pid, idno) VALUES (7, 6007);
insert into Landeslistenplatz (llid, idno, position) VALUES (173, 6007, 7);
insert into Citizen (idno, title, firstname, lastname, dateofbirth, gender) VALUES (6008, '', 'Mattis', 'Manfred Günther Ernst Leopold', '1.1.1956.', 'p');
insert into CandidatesData (idno) VALUES (6008);
insert into PartyMembership (pid, idno) VALUES (33, 6008);
insert into Landeslistenplatz (llid, idno, position) VALUES (36, 6008, 6);
insert into Citizen (idno, title, firstname, lastname, dateofbirth, gender) VALUES (6009, '', 'Matulla', 'Daniel Alexander', '1.1.1988.', 'p');
insert into CandidatesData (idno) VALUES (6009);
insert into PartyMembership (pid, idno) VALUES (9, 6009);
insert into Landeslistenplatz (llid, idno, position) VALUES (47, 6009, 60);
insert into Citizen (idno, title, firstname, lastname, dateofbirth, gender) VALUES (6010, '', 'Matys', 'Nico', '1.1.1979.', 'p');
insert into CandidatesData (idno) VALUES (6010);
insert into PartyMembership (pid, idno) VALUES (42, 6010);
insert into Landeslistenplatz (llid, idno, position) VALUES (244, 6010, 4);
insert into Citizen (idno, title, firstname, lastname, dateofbirth, gender) VALUES (6011, '', 'Matzat', 'Jörg', '1.1.1972.', 'p');
insert into CandidatesData (idno) VALUES (6011);
insert into PartyMembership (pid, idno) VALUES (33, 6011);
insert into Landeslistenplatz (llid, idno, position) VALUES (63, 6011, 5);
insert into Citizen (idno, title, firstname, lastname, dateofbirth, gender) VALUES (6012, '', 'Maurer', 'Wolfgang', '1.1.1953.', 'p');
insert into CandidatesData (idno) VALUES (6012);
insert into PartyMembership (pid, idno) VALUES (32, 6012);
insert into Candidacy (wkid, idno) VALUES (579, 6012);
insert into Citizen (idno, title, firstname, lastname, dateofbirth, gender) VALUES (6013, '', 'Mauritz', 'Mario', '1.1.1960.', 'p');
insert into CandidatesData (idno) VALUES (6013);
insert into PartyMembership (pid, idno) VALUES (19, 6013);
insert into Candidacy (wkid, idno) VALUES (387, 6013);
insert into Landeslistenplatz (llid, idno, position) VALUES (99, 6013, 8);
insert into Citizen (idno, title, firstname, lastname, dateofbirth, gender) VALUES (6014, '', 'Maxim', 'Ursula', '1.1.1967.', 'p');
insert into CandidatesData (idno) VALUES (6014);
insert into PartyMembership (pid, idno) VALUES (3, 6014);
insert into Landeslistenplatz (llid, idno, position) VALUES (174, 6014, 11);
insert into Citizen (idno, title, firstname, lastname, dateofbirth, gender) VALUES (6015, 'Dr. ', 'May', 'Karl-Dietrich', '1.1.1948.', 'p');
insert into CandidatesData (idno) VALUES (6015);
insert into PartyMembership (pid, idno) VALUES (32, 6015);
insert into Landeslistenplatz (llid, idno, position) VALUES (91, 6015, 12);
insert into Citizen (idno, title, firstname, lastname, dateofbirth, gender) VALUES (6016, '', 'May', 'Iryna', '1.1.1990.', 'p');
insert into CandidatesData (idno) VALUES (6016);
insert into PartyMembership (pid, idno) VALUES (32, 6016);
insert into Candidacy (wkid, idno) VALUES (396, 6016);
insert into Citizen (idno, title, firstname, lastname, dateofbirth, gender) VALUES (6017, '', 'May', 'Michael', '1.1.1949.', 'p');
insert into CandidatesData (idno) VALUES (6017);
insert into PartyMembership (pid, idno) VALUES (13, 6017);
insert into Landeslistenplatz (llid, idno, position) VALUES (82, 6017, 5);
insert into Citizen (idno, title, firstname, lastname, dateofbirth, gender) VALUES (6018, 'Dr. ', 'Mayer', 'Norbert', '1.1.1947.', 'p');
insert into CandidatesData (idno) VALUES (6018);
insert into PartyMembership (pid, idno) VALUES (4, 6018);
insert into Candidacy (wkid, idno) VALUES (591, 6018);
insert into Landeslistenplatz (llid, idno, position) VALUES (51, 6018, 29);
insert into Citizen (idno, title, firstname, lastname, dateofbirth, gender) VALUES (6019, '', 'Mayer', 'Hermann', '1.1.1952.', 'p');
insert into CandidatesData (idno) VALUES (6019);
insert into PartyMembership (pid, idno) VALUES (33, 6019);
insert into Candidacy (wkid, idno) VALUES (552, 6019);
insert into Landeslistenplatz (llid, idno, position) VALUES (166, 6019, 6);
insert into Citizen (idno, title, firstname, lastname, dateofbirth, gender) VALUES (6020, '', 'Mayer', 'Johann', '1.1.1960.', 'p');
insert into CandidatesData (idno) VALUES (6020);
insert into PartyMembership (pid, idno) VALUES (5, 6020);
insert into Candidacy (wkid, idno) VALUES (534, 6020);
insert into Landeslistenplatz (llid, idno, position) VALUES (65, 6020, 48);
insert into Citizen (idno, title, firstname, lastname, dateofbirth, gender) VALUES (6021, '', 'Mayer', 'Maximilian', '1.1.1991.', 'p');
insert into CandidatesData (idno) VALUES (6021);
insert into PartyMembership (pid, idno) VALUES (29, 6021);
insert into Landeslistenplatz (llid, idno, position) VALUES (31, 6021, 15);
insert into Citizen (idno, title, firstname, lastname, dateofbirth, gender) VALUES (6022, '', 'Mayer', 'Stephan Ernst Johann', '1.1.1973.', 'p');
insert into CandidatesData (idno) VALUES (6022);
insert into PartyMembership (pid, idno) VALUES (9, 6022);
insert into Candidacy (wkid, idno) VALUES (512, 6022);
insert into Citizen (idno, title, firstname, lastname, dateofbirth, gender) VALUES (6023, '', 'Mayr', 'Thomas Johann', '1.1.1988.', 'p');
insert into CandidatesData (idno) VALUES (6023);
insert into PartyMembership (pid, idno) VALUES (15, 6023);
insert into Landeslistenplatz (llid, idno, position) VALUES (55, 6023, 18);
insert into Citizen (idno, title, firstname, lastname, dateofbirth, gender) VALUES (6024, '', 'McDevitt', 'Dieter', '1.1.1964.', 'p');
insert into CandidatesData (idno) VALUES (6024);
insert into PartyMembership (pid, idno) VALUES (7, 6024);
insert into Candidacy (wkid, idno) VALUES (441, 6024);
insert into Landeslistenplatz (llid, idno, position) VALUES (75, 6024, 20);
insert into Citizen (idno, title, firstname, lastname, dateofbirth, gender) VALUES (6025, '', 'Mebus', 'Gernot', '1.1.1960.', 'p');
insert into CandidatesData (idno) VALUES (6025);
insert into PartyMembership (pid, idno) VALUES (13, 6025);
insert into Landeslistenplatz (llid, idno, position) VALUES (106, 6025, 5);
insert into Citizen (idno, title, firstname, lastname, dateofbirth, gender) VALUES (6026, '', 'Meenen', 'Uwe', '1.1.1965.', 'p');
insert into CandidatesData (idno) VALUES (6026);
insert into PartyMembership (pid, idno) VALUES (1, 6026);
insert into Candidacy (wkid, idno) VALUES (375, 6026);
insert into Landeslistenplatz (llid, idno, position) VALUES (246, 6026, 4);
insert into Citizen (idno, title, firstname, lastname, dateofbirth, gender) VALUES (6027, '', 'Meffert', 'Hildegard', '1.1.1958.', 'p');
insert into CandidatesData (idno) VALUES (6027);
insert into PartyMembership (pid, idno) VALUES (10, 6027);
insert into Landeslistenplatz (llid, idno, position) VALUES (180, 6027, 18);
insert into Citizen (idno, title, firstname, lastname, dateofbirth, gender) VALUES (6028, '', 'Meichelböck', 'Paul', '1.1.1960.', 'p');
insert into CandidatesData (idno) VALUES (6028);
insert into PartyMembership (pid, idno) VALUES (3, 6028);
insert into Candidacy (wkid, idno) VALUES (556, 6028);
insert into Citizen (idno, title, firstname, lastname, dateofbirth, gender) VALUES (6029, '', 'Meier', 'Edmund', '1.1.1959.', 'p');
insert into CandidatesData (idno) VALUES (6029);
insert into PartyMembership (pid, idno) VALUES (13, 6029);
insert into Landeslistenplatz (llid, idno, position) VALUES (233, 6029, 6);
insert into Citizen (idno, title, firstname, lastname, dateofbirth, gender) VALUES (6030, '', 'Meier', 'Karl', '1.1.1955.', 'p');
insert into CandidatesData (idno) VALUES (6030);
insert into PartyMembership (pid, idno) VALUES (32, 6030);
insert into Candidacy (wkid, idno) VALUES (534, 6030);
insert into Landeslistenplatz (llid, idno, position) VALUES (33, 6030, 36);
insert into Citizen (idno, title, firstname, lastname, dateofbirth, gender) VALUES (6031, '', 'Meier', 'Matin', '1.1.1976.', 'p');
insert into CandidatesData (idno) VALUES (6031);
insert into PartyMembership (pid, idno) VALUES (31, 6031);
insert into Landeslistenplatz (llid, idno, position) VALUES (28, 6031, 41);
insert into Citizen (idno, title, firstname, lastname, dateofbirth, gender) VALUES (6032, '', 'Meier', 'Reiner', '1.1.1953.', 'p');
insert into CandidatesData (idno) VALUES (6032);
insert into PartyMembership (pid, idno) VALUES (9, 6032);
insert into Landeslistenplatz (llid, idno, position) VALUES (47, 6032, 36);
insert into Citizen (idno, title, firstname, lastname, dateofbirth, gender) VALUES (6033, '', 'Meier', 'Stephan', '1.1.1991.', 'p');
insert into CandidatesData (idno) VALUES (6033);
insert into PartyMembership (pid, idno) VALUES (9, 6033);
insert into Landeslistenplatz (llid, idno, position) VALUES (47, 6033, 51);
insert into Citizen (idno, title, firstname, lastname, dateofbirth, gender) VALUES (6034, '', 'Meier', 'Wolfgang', '1.1.1942.', 'p');
insert into CandidatesData (idno) VALUES (6034);
insert into PartyMembership (pid, idno) VALUES (19, 6034);
insert into Landeslistenplatz (llid, idno, position) VALUES (182, 6034, 3);
insert into Citizen (idno, title, firstname, lastname, dateofbirth, gender) VALUES (6035, '', 'Meierhofer', 'Horst', '1.1.1972.', 'p');
insert into CandidatesData (idno) VALUES (6035);
insert into PartyMembership (pid, idno) VALUES (4, 6035);
insert into Candidacy (wkid, idno) VALUES (532, 6035);
insert into Landeslistenplatz (llid, idno, position) VALUES (102, 6035, 2);
insert into Citizen (idno, title, firstname, lastname, dateofbirth, gender) VALUES (6036, '', 'Meine', 'Henrick', '1.1.1976.', 'p');
insert into CandidatesData (idno) VALUES (6036);
insert into PartyMembership (pid, idno) VALUES (4, 6036);
insert into Candidacy (wkid, idno) VALUES (503, 6036);
insert into Landeslistenplatz (llid, idno, position) VALUES (120, 6036, 15);
insert into Citizen (idno, title, firstname, lastname, dateofbirth, gender) VALUES (6037, '', 'Meinhardt', 'Patrick', '1.1.1966.', 'p');
insert into CandidatesData (idno) VALUES (6037);
insert into PartyMembership (pid, idno) VALUES (4, 6037);
insert into Candidacy (wkid, idno) VALUES (571, 6037);
insert into Landeslistenplatz (llid, idno, position) VALUES (51, 6037, 9);
insert into Citizen (idno, title, firstname, lastname, dateofbirth, gender) VALUES (6038, '', 'Meinke', 'Sanna Milena', '1.1.1971.', 'p');
insert into CandidatesData (idno) VALUES (6038);
insert into PartyMembership (pid, idno) VALUES (2, 6038);
insert into Landeslistenplatz (llid, idno, position) VALUES (54, 6038, 26);
insert into Citizen (idno, title, firstname, lastname, dateofbirth, gender) VALUES (6039, '', 'Meisberger', 'Dennis', '1.1.1988.', 'p');
insert into CandidatesData (idno) VALUES (6039);
insert into PartyMembership (pid, idno) VALUES (12, 6039);
insert into Landeslistenplatz (llid, idno, position) VALUES (53, 6039, 13);
insert into Citizen (idno, title, firstname, lastname, dateofbirth, gender) VALUES (6040, '', 'Meischner', 'Wolfgang', '1.1.1954.', 'p');
insert into CandidatesData (idno) VALUES (6040);
insert into PartyMembership (pid, idno) VALUES (36, 6040);
insert into Candidacy (wkid, idno) VALUES (533, 6040);
insert into Landeslistenplatz (llid, idno, position) VALUES (121, 6040, 17);
insert into Citizen (idno, title, firstname, lastname, dateofbirth, gender) VALUES (6041, '', 'Meise', 'Ariane Christine', '1.1.1960.', 'p');
insert into CandidatesData (idno) VALUES (6041);
insert into PartyMembership (pid, idno) VALUES (1, 6041);
insert into Candidacy (wkid, idno) VALUES (397, 6041);
insert into Landeslistenplatz (llid, idno, position) VALUES (200, 6041, 3);
insert into Citizen (idno, title, firstname, lastname, dateofbirth, gender) VALUES (6042, '', 'Meiser', 'Ute Maria', '1.1.1959.', 'p');
insert into CandidatesData (idno) VALUES (6042);
insert into PartyMembership (pid, idno) VALUES (5, 6042);
insert into Landeslistenplatz (llid, idno, position) VALUES (190, 6042, 7);
insert into Citizen (idno, title, firstname, lastname, dateofbirth, gender) VALUES (6043, '', 'Meiser', 'Wolfgang', '1.1.1961.', 'p');
insert into CandidatesData (idno) VALUES (6043);
insert into PartyMembership (pid, idno) VALUES (33, 6043);
insert into Landeslistenplatz (llid, idno, position) VALUES (252, 6043, 4);
insert into Citizen (idno, title, firstname, lastname, dateofbirth, gender) VALUES (6044, '', 'Meißner', 'Heidi', '1.1.1980.', 'p');
insert into CandidatesData (idno) VALUES (6044);
insert into PartyMembership (pid, idno) VALUES (5, 6044);
insert into Candidacy (wkid, idno) VALUES (457, 6044);
insert into Landeslistenplatz (llid, idno, position) VALUES (185, 6044, 5);
insert into Citizen (idno, title, firstname, lastname, dateofbirth, gender) VALUES (6045, '', 'Meißner', 'Wilfried Kurt Albin', '1.1.1957.', 'p');
insert into CandidatesData (idno) VALUES (6045);
insert into Candidacy (wkid, idno) VALUES (495, 6045);
insert into Citizen (idno, title, firstname, lastname, dateofbirth, gender) VALUES (6046, 'Dr. ', 'Meister', 'Michael Günther', '1.1.1961.', 'p');
insert into CandidatesData (idno) VALUES (6046);
insert into PartyMembership (pid, idno) VALUES (12, 6046);
insert into Candidacy (wkid, idno) VALUES (487, 6046);
insert into Landeslistenplatz (llid, idno, position) VALUES (88, 6046, 3);
insert into Citizen (idno, title, firstname, lastname, dateofbirth, gender) VALUES (6047, '', 'Meister', 'Roland Matthäus', '1.1.1953.', 'p');
insert into CandidatesData (idno) VALUES (6047);
insert into PartyMembership (pid, idno) VALUES (13, 6047);
insert into Landeslistenplatz (llid, idno, position) VALUES (34, 6047, 7);
insert into Citizen (idno, title, firstname, lastname, dateofbirth, gender) VALUES (6048, '', 'Meister', 'Thomas', '1.1.1974.', 'p');
insert into CandidatesData (idno) VALUES (6048);
insert into PartyMembership (pid, idno) VALUES (33, 6048);
insert into Candidacy (wkid, idno) VALUES (322, 6048);
insert into Citizen (idno, title, firstname, lastname, dateofbirth, gender) VALUES (6049, '', 'Meiwald', 'Peter', '1.1.1966.', 'p');
insert into CandidatesData (idno) VALUES (6049);
insert into PartyMembership (pid, idno) VALUES (5, 6049);
insert into Candidacy (wkid, idno) VALUES (326, 6049);
insert into Landeslistenplatz (llid, idno, position) VALUES (142, 6049, 6);
insert into Citizen (idno, title, firstname, lastname, dateofbirth, gender) VALUES (6050, '', 'Meixner', 'André', '1.1.1965.', 'p');
insert into CandidatesData (idno) VALUES (6050);
insert into PartyMembership (pid, idno) VALUES (33, 6050);
insert into Landeslistenplatz (llid, idno, position) VALUES (156, 6050, 7);
insert into Citizen (idno, title, firstname, lastname, dateofbirth, gender) VALUES (6051, '', 'Meixner', 'Norbert', '1.1.1945.', 'p');
insert into CandidatesData (idno) VALUES (6051);
insert into PartyMembership (pid, idno) VALUES (3, 6051);
insert into Candidacy (wkid, idno) VALUES (301, 6051);
insert into Citizen (idno, title, firstname, lastname, dateofbirth, gender) VALUES (6052, '', 'Melter', 'Michael', '1.1.1959.', 'p');
insert into CandidatesData (idno) VALUES (6052);
insert into PartyMembership (pid, idno) VALUES (7, 6052);
insert into Landeslistenplatz (llid, idno, position) VALUES (206, 6052, 10);
insert into Citizen (idno, title, firstname, lastname, dateofbirth, gender) VALUES (6053, '', 'Memenga', 'Bernd', '1.1.1973.', 'p');
insert into CandidatesData (idno) VALUES (6053);
insert into PartyMembership (pid, idno) VALUES (12, 6053);
insert into Landeslistenplatz (llid, idno, position) VALUES (44, 6053, 41);
insert into Citizen (idno, title, firstname, lastname, dateofbirth, gender) VALUES (6054, '', 'Mendelsohn', 'Peter', '1.1.1972.', 'p');
insert into CandidatesData (idno) VALUES (6054);
insert into PartyMembership (pid, idno) VALUES (31, 6054);
insert into Candidacy (wkid, idno) VALUES (574, 6054);
insert into Citizen (idno, title, firstname, lastname, dateofbirth, gender) VALUES (6055, 'Dr. ', 'Mengel', 'Thomas', '1.1.1959.', 'p');
insert into CandidatesData (idno) VALUES (6055);
insert into PartyMembership (pid, idno) VALUES (2, 6055);
insert into Candidacy (wkid, idno) VALUES (581, 6055);
insert into Landeslistenplatz (llid, idno, position) VALUES (76, 6055, 30);
insert into Citizen (idno, title, firstname, lastname, dateofbirth, gender) VALUES (6056, '', 'Menz', 'Brigit', '1.1.1962.', 'p');
insert into CandidatesData (idno) VALUES (6056);
insert into PartyMembership (pid, idno) VALUES (3, 6056);
insert into Landeslistenplatz (llid, idno, position) VALUES (49, 6056, 3);
insert into Citizen (idno, title, firstname, lastname, dateofbirth, gender) VALUES (6057, '', 'Menzel', 'Jürgen', '1.1.1963.', 'p');
insert into CandidatesData (idno) VALUES (6057);
insert into PartyMembership (pid, idno) VALUES (5, 6057);
insert into Candidacy (wkid, idno) VALUES (560, 6057);
insert into Landeslistenplatz (llid, idno, position) VALUES (61, 6057, 20);
insert into Citizen (idno, title, firstname, lastname, dateofbirth, gender) VALUES (6058, '', 'Menzner', 'Dorothée', '1.1.1965.', 'p');
insert into CandidatesData (idno) VALUES (6058);
insert into PartyMembership (pid, idno) VALUES (3, 6058);
insert into Candidacy (wkid, idno) VALUES (348, 6058);
insert into Citizen (idno, title, firstname, lastname, dateofbirth, gender) VALUES (6059, '', 'Meppen', 'Lübbo', '1.1.1956.', 'p');
insert into CandidatesData (idno) VALUES (6059);
insert into PartyMembership (pid, idno) VALUES (4, 6059);
insert into Candidacy (wkid, idno) VALUES (325, 6059);
insert into Landeslistenplatz (llid, idno, position) VALUES (127, 6059, 15);
insert into Citizen (idno, title, firstname, lastname, dateofbirth, gender) VALUES (6060, '', 'Meral', 'Derya', '1.1.1989.', 'p');
insert into CandidatesData (idno) VALUES (6060);
insert into PartyMembership (pid, idno) VALUES (13, 6060);
insert into Landeslistenplatz (llid, idno, position) VALUES (96, 6060, 4);
insert into Citizen (idno, title, firstname, lastname, dateofbirth, gender) VALUES (6061, '', 'Mergen', 'Moritz', '1.1.1988.', 'p');
insert into CandidatesData (idno) VALUES (6061);
insert into PartyMembership (pid, idno) VALUES (4, 6061);
insert into Landeslistenplatz (llid, idno, position) VALUES (120, 6061, 21);
insert into Citizen (idno, title, firstname, lastname, dateofbirth, gender) VALUES (6062, '', 'Meridies', 'Jochen', '1.1.1931.', 'p');
insert into CandidatesData (idno) VALUES (6062);
insert into PartyMembership (pid, idno) VALUES (19, 6062);
insert into Landeslistenplatz (llid, idno, position) VALUES (167, 6062, 6);
insert into Citizen (idno, title, firstname, lastname, dateofbirth, gender) VALUES (6063, '', 'Merk', 'Christoph', '1.1.1973.', 'p');
insert into CandidatesData (idno) VALUES (6063);
insert into PartyMembership (pid, idno) VALUES (36, 6063);
insert into Candidacy (wkid, idno) VALUES (586, 6063);
insert into Citizen (idno, title, firstname, lastname, dateofbirth, gender) VALUES (6064, '', 'Merk', 'Monika Manuela Carmen', '1.1.1963.', 'p');
insert into CandidatesData (idno) VALUES (6064);
insert into PartyMembership (pid, idno) VALUES (3, 6064);
insert into Candidacy (wkid, idno) VALUES (377, 6064);
insert into Landeslistenplatz (llid, idno, position) VALUES (196, 6064, 9);
insert into Citizen (idno, title, firstname, lastname, dateofbirth, gender) VALUES (6065, 'Dr. ', 'Merkel', 'Angela Dorothea', '1.1.1954.', 'p');
insert into CandidatesData (idno) VALUES (6065);
insert into PartyMembership (pid, idno) VALUES (12, 6065);
insert into Candidacy (wkid, idno) VALUES (314, 6065);
insert into Landeslistenplatz (llid, idno, position) VALUES (191, 6065, 1);
insert into Citizen (idno, title, firstname, lastname, dateofbirth, gender) VALUES (6066, '', 'Merkert', 'Johannes', '1.1.1984.', 'p');
insert into CandidatesData (idno) VALUES (6066);
insert into PartyMembership (pid, idno) VALUES (7, 6066);
insert into Candidacy (wkid, idno) VALUES (509, 6066);
insert into Landeslistenplatz (llid, idno, position) VALUES (173, 6066, 10);
insert into Citizen (idno, title, firstname, lastname, dateofbirth, gender) VALUES (6067, '', 'Merkl-Zierer', 'Bettina', '1.1.1959.', 'p');
insert into CandidatesData (idno) VALUES (6067);
insert into PartyMembership (pid, idno) VALUES (5, 6067);
insert into Candidacy (wkid, idno) VALUES (553, 6067);
insert into Landeslistenplatz (llid, idno, position) VALUES (65, 6067, 39);
insert into Citizen (idno, title, firstname, lastname, dateofbirth, gender) VALUES (6068, '', 'Merl', 'Harald', '1.1.1970.', 'p');
insert into CandidatesData (idno) VALUES (6068);
insert into PartyMembership (pid, idno) VALUES (1, 6068);
insert into Candidacy (wkid, idno) VALUES (533, 6068);
insert into Citizen (idno, title, firstname, lastname, dateofbirth, gender) VALUES (6069, '', 'Mert', 'Mustafa', '1.1.1969.', 'p');
insert into CandidatesData (idno) VALUES (6069);
insert into PartyMembership (pid, idno) VALUES (34, 6069);
insert into Landeslistenplatz (llid, idno, position) VALUES (187, 6069, 3);
insert into Citizen (idno, title, firstname, lastname, dateofbirth, gender) VALUES (6070, '', 'Mert', 'Yasar', '1.1.1973.', 'p');
insert into CandidatesData (idno) VALUES (6070);
insert into PartyMembership (pid, idno) VALUES (34, 6070);
insert into Landeslistenplatz (llid, idno, position) VALUES (50, 6070, 3);
insert into Citizen (idno, title, firstname, lastname, dateofbirth, gender) VALUES (6071, 'Dr. ', 'Mertel', 'Robert', '1.1.1940.', 'p');
insert into CandidatesData (idno) VALUES (6071);
insert into Candidacy (wkid, idno) VALUES (520, 6071);
insert into Citizen (idno, title, firstname, lastname, dateofbirth, gender) VALUES (6072, '', 'Merten', 'Ingo Friedrich', '1.1.1973.', 'p');
insert into CandidatesData (idno) VALUES (6072);
insert into PartyMembership (pid, idno) VALUES (31, 6072);
insert into Landeslistenplatz (llid, idno, position) VALUES (135, 6072, 5);
insert into Citizen (idno, title, firstname, lastname, dateofbirth, gender) VALUES (6073, '', 'Merz', 'Engelbert', '1.1.1965.', 'p');
insert into CandidatesData (idno) VALUES (6073);
insert into Candidacy (wkid, idno) VALUES (455, 6073);
insert into Citizen (idno, title, firstname, lastname, dateofbirth, gender) VALUES (6074, '', 'Messinger', 'Jessica', '1.1.1988.', 'p');
insert into CandidatesData (idno) VALUES (6074);
insert into PartyMembership (pid, idno) VALUES (5, 6074);
insert into Landeslistenplatz (llid, idno, position) VALUES (61, 6074, 29);
insert into Citizen (idno, title, firstname, lastname, dateofbirth, gender) VALUES (6075, '', 'Meßmer', 'Ullrich Karl Wolfgang', '1.1.1954.', 'p');
insert into CandidatesData (idno) VALUES (6075);
insert into PartyMembership (pid, idno) VALUES (2, 6075);
insert into Candidacy (wkid, idno) VALUES (466, 6075);
insert into Landeslistenplatz (llid, idno, position) VALUES (54, 6075, 21);
insert into Citizen (idno, title, firstname, lastname, dateofbirth, gender) VALUES (6076, '', 'Metterhausen', 'Carlo', '1.1.1991.', 'p');
insert into CandidatesData (idno) VALUES (6076);
insert into PartyMembership (pid, idno) VALUES (31, 6076);
insert into Candidacy (wkid, idno) VALUES (395, 6076);
insert into Citizen (idno, title, firstname, lastname, dateofbirth, gender) VALUES (6077, 'Dr. ', 'Metz', 'Horst Georg', '1.1.1973.', 'p');
insert into CandidatesData (idno) VALUES (6077);
insert into PartyMembership (pid, idno) VALUES (33, 6077);
insert into Landeslistenplatz (llid, idno, position) VALUES (163, 6077, 2);
insert into Citizen (idno, title, firstname, lastname, dateofbirth, gender) VALUES (6078, '', 'Metzger', 'Anette Sabine', '1.1.1964.', 'p');
insert into CandidatesData (idno) VALUES (6078);
insert into PartyMembership (pid, idno) VALUES (22, 6078);
insert into Candidacy (wkid, idno) VALUES (509, 6078);
insert into Citizen (idno, title, firstname, lastname, dateofbirth, gender) VALUES (6079, '', 'Metzler', 'Jan', '1.1.1981.', 'p');
insert into CandidatesData (idno) VALUES (6079);
insert into PartyMembership (pid, idno) VALUES (12, 6079);
insert into Candidacy (wkid, idno) VALUES (506, 6079);
insert into Landeslistenplatz (llid, idno, position) VALUES (138, 6079, 11);
insert into Citizen (idno, title, firstname, lastname, dateofbirth, gender) VALUES (6080, '', 'Metzner', 'Helmut', '1.1.1968.', 'p');
insert into CandidatesData (idno) VALUES (6080);
insert into PartyMembership (pid, idno) VALUES (4, 6080);
insert into Candidacy (wkid, idno) VALUES (382, 6080);
insert into Landeslistenplatz (llid, idno, position) VALUES (89, 6080, 4);
insert into Citizen (idno, title, firstname, lastname, dateofbirth, gender) VALUES (6081, '', 'Meurer', 'Klaus', '1.1.1961.', 'p');
insert into CandidatesData (idno) VALUES (6081);
insert into PartyMembership (pid, idno) VALUES (5, 6081);
insert into Candidacy (wkid, idno) VALUES (498, 6081);
insert into Citizen (idno, title, firstname, lastname, dateofbirth, gender) VALUES (6082, '', 'Meusel', 'Stephan Hans-Willy', '1.1.1952.', 'p');
insert into CandidatesData (idno) VALUES (6082);
insert into PartyMembership (pid, idno) VALUES (33, 6082);
insert into Landeslistenplatz (llid, idno, position) VALUES (202, 6082, 4);
insert into Citizen (idno, title, firstname, lastname, dateofbirth, gender) VALUES (6083, '', 'Meusel', 'Torsten', '1.1.1964.', 'p');
insert into CandidatesData (idno) VALUES (6083);
insert into PartyMembership (pid, idno) VALUES (37, 6083);
insert into Landeslistenplatz (llid, idno, position) VALUES (60, 6083, 6);
insert into Citizen (idno, title, firstname, lastname, dateofbirth, gender) VALUES (6084, '', 'Meuser', 'André', '1.1.1978.', 'p');
insert into CandidatesData (idno) VALUES (6084);
insert into PartyMembership (pid, idno) VALUES (35, 6084);
insert into Landeslistenplatz (llid, idno, position) VALUES (199, 6084, 2);
insert into Citizen (idno, title, firstname, lastname, dateofbirth, gender) VALUES (6085, '', 'Meyenburg', 'Lorenz Volker', '1.1.1983.', 'p');
insert into CandidatesData (idno) VALUES (6085);
insert into PartyMembership (pid, idno) VALUES (33, 6085);
insert into Landeslistenplatz (llid, idno, position) VALUES (80, 6085, 39);
insert into Citizen (idno, title, firstname, lastname, dateofbirth, gender) VALUES (6086, '', 'Meyer', 'Barbara', '1.1.1984.', 'p');
insert into CandidatesData (idno) VALUES (6086);
insert into PartyMembership (pid, idno) VALUES (5, 6086);
insert into Candidacy (wkid, idno) VALUES (595, 6086);
insert into Landeslistenplatz (llid, idno, position) VALUES (190, 6086, 3);
insert into Citizen (idno, title, firstname, lastname, dateofbirth, gender) VALUES (6087, '', 'Meyer', 'Barbara', '1.1.1978.', 'p');
insert into CandidatesData (idno) VALUES (6087);
insert into PartyMembership (pid, idno) VALUES (13, 6087);
insert into Landeslistenplatz (llid, idno, position) VALUES (230, 6087, 4);
insert into Citizen (idno, title, firstname, lastname, dateofbirth, gender) VALUES (6088, '', 'Meyer', 'Bert', '1.1.1975.', 'p');
insert into CandidatesData (idno) VALUES (6088);
insert into PartyMembership (pid, idno) VALUES (5, 6088);
insert into Candidacy (wkid, idno) VALUES (463, 6088);
insert into Landeslistenplatz (llid, idno, position) VALUES (185, 6088, 12);
insert into Citizen (idno, title, firstname, lastname, dateofbirth, gender) VALUES (6089, '', 'Meyer', 'Christian', '1.1.1962.', 'p');
insert into CandidatesData (idno) VALUES (6089);
insert into PartyMembership (pid, idno) VALUES (4, 6089);
insert into Candidacy (wkid, idno) VALUES (565, 6089);
insert into Citizen (idno, title, firstname, lastname, dateofbirth, gender) VALUES (6090, 'Dr. ', 'Meyer', 'Jürgen', '1.1.1957.', 'p');
insert into CandidatesData (idno) VALUES (6090);
insert into PartyMembership (pid, idno) VALUES (32, 6090);
insert into Landeslistenplatz (llid, idno, position) VALUES (91, 6090, 20);
insert into Citizen (idno, title, firstname, lastname, dateofbirth, gender) VALUES (6091, '', 'Meyer', 'Gerd', '1.1.1947.', 'p');
insert into CandidatesData (idno) VALUES (6091);
insert into PartyMembership (pid, idno) VALUES (19, 6091);
insert into Landeslistenplatz (llid, idno, position) VALUES (40, 6091, 38);
insert into Citizen (idno, title, firstname, lastname, dateofbirth, gender) VALUES (6092, '', 'Meyer', 'Hans-Jakob', '1.1.1964.', 'p');
insert into CandidatesData (idno) VALUES (6092);
insert into PartyMembership (pid, idno) VALUES (12, 6092);
insert into Landeslistenplatz (llid, idno, position) VALUES (138, 6092, 31);
insert into Citizen (idno, title, firstname, lastname, dateofbirth, gender) VALUES (6093, '', 'Meyer', 'Heike', '1.1.1962.', 'p');
insert into CandidatesData (idno) VALUES (6093);
insert into PartyMembership (pid, idno) VALUES (12, 6093);
insert into Landeslistenplatz (llid, idno, position) VALUES (88, 6093, 23);
insert into Citizen (idno, title, firstname, lastname, dateofbirth, gender) VALUES (6094, '', 'Meyer', 'Ingo', '1.1.1978.', 'p');
insert into CandidatesData (idno) VALUES (6094);
insert into Candidacy (wkid, idno) VALUES (441, 6094);
insert into Citizen (idno, title, firstname, lastname, dateofbirth, gender) VALUES (6095, '', 'Meyer', 'Jens Gerd', '1.1.1957.', 'p');
insert into CandidatesData (idno) VALUES (6095);
insert into PartyMembership (pid, idno) VALUES (2, 6095);
insert into Landeslistenplatz (llid, idno, position) VALUES (103, 6095, 15);
insert into Citizen (idno, title, firstname, lastname, dateofbirth, gender) VALUES (6096, '', 'Meyer', 'Leona', '1.1.1987.', 'p');
insert into CandidatesData (idno) VALUES (6096);
insert into PartyMembership (pid, idno) VALUES (10, 6096);
insert into Landeslistenplatz (llid, idno, position) VALUES (150, 6096, 2);
insert into Citizen (idno, title, firstname, lastname, dateofbirth, gender) VALUES (6097, '', 'Meyer', 'Maria', '1.1.1954.', 'p');
insert into CandidatesData (idno) VALUES (6097);
insert into PartyMembership (pid, idno) VALUES (13, 6097);
insert into Landeslistenplatz (llid, idno, position) VALUES (170, 6097, 1);
insert into Citizen (idno, title, firstname, lastname, dateofbirth, gender) VALUES (6098, '', 'Meyer', 'Rolf Karl Heinrich', '1.1.1941.', 'p');
insert into CandidatesData (idno) VALUES (6098);
insert into PartyMembership (pid, idno) VALUES (4, 6098);
insert into Landeslistenplatz (llid, idno, position) VALUES (116, 6098, 21);
insert into Citizen (idno, title, firstname, lastname, dateofbirth, gender) VALUES (6099, '', 'Meyer', 'Stefan Franz', '1.1.1984.', 'p');
insert into CandidatesData (idno) VALUES (6099);
insert into PartyMembership (pid, idno) VALUES (9, 6099);
insert into Landeslistenplatz (llid, idno, position) VALUES (47, 6099, 54);
insert into Citizen (idno, title, firstname, lastname, dateofbirth, gender) VALUES (6100, '', 'Meyer', 'Ute', '1.1.1967.', 'p');
insert into CandidatesData (idno) VALUES (6100);
insert into PartyMembership (pid, idno) VALUES (4, 6100);
insert into Landeslistenplatz (llid, idno, position) VALUES (52, 6100, 10);
insert into Citizen (idno, title, firstname, lastname, dateofbirth, gender) VALUES (6101, '', 'Meyer-Kainer', 'Marita', '1.1.1954.', 'p');
insert into CandidatesData (idno) VALUES (6101);
insert into PartyMembership (pid, idno) VALUES (12, 6101);
insert into Landeslistenplatz (llid, idno, position) VALUES (222, 6101, 7);
insert into Citizen (idno, title, firstname, lastname, dateofbirth, gender) VALUES (6102, '', 'Michaelis', 'Axel', '1.1.1965.', 'p');
insert into CandidatesData (idno) VALUES (6102);
insert into PartyMembership (pid, idno) VALUES (1, 6102);
insert into Candidacy (wkid, idno) VALUES (541, 6102);
insert into Landeslistenplatz (llid, idno, position) VALUES (216, 6102, 6);
insert into Citizen (idno, title, firstname, lastname, dateofbirth, gender) VALUES (6103, '', 'Michaelis', 'Dirk', '1.1.1978.', 'p');
insert into CandidatesData (idno) VALUES (6103);
insert into PartyMembership (pid, idno) VALUES (4, 6103);
insert into Candidacy (wkid, idno) VALUES (348, 6103);
insert into Citizen (idno, title, firstname, lastname, dateofbirth, gender) VALUES (6104, '', 'Michalak', 'Ursula', '1.1.1952.', 'p');
insert into CandidatesData (idno) VALUES (6104);
insert into PartyMembership (pid, idno) VALUES (12, 6104);
insert into Landeslistenplatz (llid, idno, position) VALUES (159, 6104, 19);
insert into Citizen (idno, title, firstname, lastname, dateofbirth, gender) VALUES (6105, '', 'Michalk', 'Maria Ludwiga', '1.1.1949.', 'p');
insert into CandidatesData (idno) VALUES (6105);
insert into PartyMembership (pid, idno) VALUES (12, 6105);
insert into Candidacy (wkid, idno) VALUES (455, 6105);
insert into Landeslistenplatz (llid, idno, position) VALUES (134, 6105, 3);
insert into Citizen (idno, title, firstname, lastname, dateofbirth, gender) VALUES (6106, '', 'Michelbach', 'Hans', '1.1.1949.', 'p');
insert into CandidatesData (idno) VALUES (6106);
insert into PartyMembership (pid, idno) VALUES (9, 6106);
insert into Candidacy (wkid, idno) VALUES (537, 6106);
insert into Landeslistenplatz (llid, idno, position) VALUES (47, 6106, 14);
insert into Citizen (idno, title, firstname, lastname, dateofbirth, gender) VALUES (6107, '', 'Michels', 'Martin Alexander', '1.1.1979.', 'p');
insert into CandidatesData (idno) VALUES (6107);
insert into PartyMembership (pid, idno) VALUES (3, 6107);
insert into Candidacy (wkid, idno) VALUES (326, 6107);
insert into Landeslistenplatz (llid, idno, position) VALUES (130, 6107, 6);
insert into Citizen (idno, title, firstname, lastname, dateofbirth, gender) VALUES (6108, '', 'Michlbauer', 'Matthäus Josef', '1.1.1966.', 'p');
insert into CandidatesData (idno) VALUES (6108);
insert into PartyMembership (pid, idno) VALUES (10, 6108);
insert into Landeslistenplatz (llid, idno, position) VALUES (217, 6108, 12);
insert into Citizen (idno, title, firstname, lastname, dateofbirth, gender) VALUES (6109, 'Dr. ', 'Middelberg', 'Mathias', '1.1.1964.', 'p');
insert into CandidatesData (idno) VALUES (6109);
insert into PartyMembership (pid, idno) VALUES (12, 6109);
insert into Candidacy (wkid, idno) VALUES (338, 6109);
insert into Landeslistenplatz (llid, idno, position) VALUES (44, 6109, 6);
insert into Citizen (idno, title, firstname, lastname, dateofbirth, gender) VALUES (6110, 'Dr. ', 'Miersch', 'Matthias', '1.1.1968.', 'p');
insert into CandidatesData (idno) VALUES (6110);
insert into PartyMembership (pid, idno) VALUES (2, 6110);
insert into Candidacy (wkid, idno) VALUES (346, 6110);
insert into Landeslistenplatz (llid, idno, position) VALUES (69, 6110, 11);
insert into Citizen (idno, title, firstname, lastname, dateofbirth, gender) VALUES (6111, '', 'Mieruch', 'Mario', '1.1.1975.', 'p');
insert into CandidatesData (idno) VALUES (6111);
insert into PartyMembership (pid, idno) VALUES (33, 6111);
insert into Candidacy (wkid, idno) VALUES (427, 6111);
insert into Citizen (idno, title, firstname, lastname, dateofbirth, gender) VALUES (6112, '', 'Mieth', 'Matthias', '1.1.1981.', 'p');
insert into CandidatesData (idno) VALUES (6112);
insert into PartyMembership (pid, idno) VALUES (17, 6112);
insert into Landeslistenplatz (llid, idno, position) VALUES (128, 6112, 6);
insert into Citizen (idno, title, firstname, lastname, dateofbirth, gender) VALUES (6113, 'Dr. ', 'Mifka', 'Kai', '1.1.1971.', 'p');
insert into CandidatesData (idno) VALUES (6113);
insert into PartyMembership (pid, idno) VALUES (4, 6113);
insert into Candidacy (wkid, idno) VALUES (504, 6113);
insert into Landeslistenplatz (llid, idno, position) VALUES (120, 6113, 8);
insert into Citizen (idno, title, firstname, lastname, dateofbirth, gender) VALUES (6114, '', 'Mihalic', 'Irene', '1.1.1976.', 'p');
insert into CandidatesData (idno) VALUES (6114);
insert into PartyMembership (pid, idno) VALUES (5, 6114);
insert into Candidacy (wkid, idno) VALUES (422, 6114);
insert into Landeslistenplatz (llid, idno, position) VALUES (83, 6114, 7);
insert into Citizen (idno, title, firstname, lastname, dateofbirth, gender) VALUES (6115, '', 'Mikolajtzyk', 'Manuel', '1.1.1982.', 'p');
insert into CandidatesData (idno) VALUES (6115);
insert into PartyMembership (pid, idno) VALUES (1, 6115);
insert into Candidacy (wkid, idno) VALUES (419, 6115);
insert into Citizen (idno, title, firstname, lastname, dateofbirth, gender) VALUES (6116, '', 'Mildenberger', 'Christian', '1.1.1984.', 'p');
insert into CandidatesData (idno) VALUES (6116);
insert into PartyMembership (pid, idno) VALUES (12, 6116);
insert into Landeslistenplatz (llid, idno, position) VALUES (105, 6116, 30);
insert into Citizen (idno, title, firstname, lastname, dateofbirth, gender) VALUES (6117, '', 'Mindrup', 'Klaus', '1.1.1964.', 'p');
insert into CandidatesData (idno) VALUES (6117);
insert into PartyMembership (pid, idno) VALUES (2, 6117);
insert into Candidacy (wkid, idno) VALUES (375, 6117);
insert into Landeslistenplatz (llid, idno, position) VALUES (179, 6117, 4);
insert into Citizen (idno, title, firstname, lastname, dateofbirth, gender) VALUES (6118, '', 'Mini', 'Walter', '1.1.1952.', 'p');
insert into CandidatesData (idno) VALUES (6118);
insert into PartyMembership (pid, idno) VALUES (3, 6118);
insert into Candidacy (wkid, idno) VALUES (522, 6118);
insert into Citizen (idno, title, firstname, lastname, dateofbirth, gender) VALUES (6119, '', 'Minte', 'Sefika', '1.1.1980.', 'p');
insert into CandidatesData (idno) VALUES (6119);
insert into PartyMembership (pid, idno) VALUES (3, 6119);
insert into Landeslistenplatz (llid, idno, position) VALUES (95, 6119, 24);
insert into Citizen (idno, title, firstname, lastname, dateofbirth, gender) VALUES (6120, '', 'Miosga', 'Richard Franz', '1.1.1944.', 'p');
insert into CandidatesData (idno) VALUES (6120);
insert into PartyMembership (pid, idno) VALUES (1, 6120);
insert into Candidacy (wkid, idno) VALUES (374, 6120);
insert into Citizen (idno, title, firstname, lastname, dateofbirth, gender) VALUES (6121, '', 'Mirow', 'Sahra', '1.1.1984.', 'p');
insert into CandidatesData (idno) VALUES (6121);
insert into PartyMembership (pid, idno) VALUES (3, 6121);
insert into Candidacy (wkid, idno) VALUES (573, 6121);
insert into Landeslistenplatz (llid, idno, position) VALUES (143, 6121, 9);
insert into Citizen (idno, title, firstname, lastname, dateofbirth, gender) VALUES (6122, '', 'Misch', 'Thomas Walter Friedrich', '1.1.1957.', 'p');
insert into CandidatesData (idno) VALUES (6122);
insert into PartyMembership (pid, idno) VALUES (32, 6122);
insert into Candidacy (wkid, idno) VALUES (310, 6122);
insert into LandesListe (llid, year, pid, fsid) VALUES (254, 2013, 32, 39);
insert into Landeslistenplatz (llid, idno, position) VALUES (254, 6122, 2);
insert into Citizen (idno, title, firstname, lastname, dateofbirth, gender) VALUES (6123, '', 'Mischau', 'Gertrud Evmarie', '1.1.1958.', 'p');
insert into CandidatesData (idno) VALUES (6123);
insert into PartyMembership (pid, idno) VALUES (13, 6123);
insert into Landeslistenplatz (llid, idno, position) VALUES (74, 6123, 13);
insert into Citizen (idno, title, firstname, lastname, dateofbirth, gender) VALUES (6124, '', 'Mischau', 'Klaus', '1.1.1961.', 'p');
insert into CandidatesData (idno) VALUES (6124);
insert into PartyMembership (pid, idno) VALUES (13, 6124);
insert into Landeslistenplatz (llid, idno, position) VALUES (74, 6124, 9);
insert into Citizen (idno, title, firstname, lastname, dateofbirth, gender) VALUES (6125, '', 'Misirlioglu', 'Ismet', '1.1.1966.', 'p');
insert into CandidatesData (idno) VALUES (6125);
insert into PartyMembership (pid, idno) VALUES (34, 6125);
insert into Candidacy (wkid, idno) VALUES (382, 6125);
insert into Landeslistenplatz (llid, idno, position) VALUES (187, 6125, 1);
insert into Citizen (idno, title, firstname, lastname, dateofbirth, gender) VALUES (6126, '', 'Mißfelder', 'Philipp', '1.1.1979.', 'p');
insert into CandidatesData (idno) VALUES (6126);
insert into PartyMembership (pid, idno) VALUES (12, 6126);
insert into Candidacy (wkid, idno) VALUES (420, 6126);
insert into Landeslistenplatz (llid, idno, position) VALUES (136, 6126, 14);
insert into Citizen (idno, title, firstname, lastname, dateofbirth, gender) VALUES (6127, '', 'Mittag', 'Susanne', '1.1.1958.', 'p');
insert into CandidatesData (idno) VALUES (6127);
insert into PartyMembership (pid, idno) VALUES (2, 6127);
insert into Candidacy (wkid, idno) VALUES (327, 6127);
insert into Landeslistenplatz (llid, idno, position) VALUES (69, 6127, 4);
insert into Citizen (idno, title, firstname, lastname, dateofbirth, gender) VALUES (6128, '', 'Mittelstädt', 'Andreas', '1.1.1987.', 'p');
insert into CandidatesData (idno) VALUES (6128);
insert into PartyMembership (pid, idno) VALUES (5, 6128);
insert into Candidacy (wkid, idno) VALUES (386, 6128);
insert into Landeslistenplatz (llid, idno, position) VALUES (83, 6128, 30);
insert into Citizen (idno, title, firstname, lastname, dateofbirth, gender) VALUES (6129, '', 'Mittelstein', 'Mona Isabell', '1.1.1984.', 'p');
insert into CandidatesData (idno) VALUES (6129);
insert into PartyMembership (pid, idno) VALUES (3, 6129);
insert into Landeslistenplatz (llid, idno, position) VALUES (36, 6129, 9);
insert into Citizen (idno, title, firstname, lastname, dateofbirth, gender) VALUES (6130, '', 'Mnich', 'Matthias', '1.1.1971.', 'p');
insert into CandidatesData (idno) VALUES (6130);
insert into PartyMembership (pid, idno) VALUES (3, 6130);
insert into Candidacy (wkid, idno) VALUES (364, 6130);
insert into Landeslistenplatz (llid, idno, position) VALUES (236, 6130, 10);
insert into Citizen (idno, title, firstname, lastname, dateofbirth, gender) VALUES (6131, '', 'Moch', 'Torsten', '1.1.1975.', 'p');
insert into CandidatesData (idno) VALUES (6131);
insert into PartyMembership (pid, idno) VALUES (12, 6131);
insert into Landeslistenplatz (llid, idno, position) VALUES (105, 6131, 53);
insert into Citizen (idno, title, firstname, lastname, dateofbirth, gender) VALUES (6132, '', 'Moczarski', 'Martin', '1.1.1979.', 'p');
insert into CandidatesData (idno) VALUES (6132);
insert into PartyMembership (pid, idno) VALUES (35, 6132);
insert into Landeslistenplatz (llid, idno, position) VALUES (46, 6132, 3);
insert into Citizen (idno, title, firstname, lastname, dateofbirth, gender) VALUES (6133, 'Dr. ', 'Möbius', 'Gert Walter', '1.1.1962.', 'p');
insert into CandidatesData (idno) VALUES (6133);
insert into PartyMembership (pid, idno) VALUES (32, 6133);
insert into Landeslistenplatz (llid, idno, position) VALUES (165, 6133, 12);
insert into Citizen (idno, title, firstname, lastname, dateofbirth, gender) VALUES (6134, '', 'Möhring', 'Cornelia Ilse', '1.1.1960.', 'p');
insert into CandidatesData (idno) VALUES (6134);
insert into PartyMembership (pid, idno) VALUES (3, 6134);
insert into Candidacy (wkid, idno) VALUES (306, 6134);
insert into Landeslistenplatz (llid, idno, position) VALUES (36, 6134, 1);
insert into Citizen (idno, title, firstname, lastname, dateofbirth, gender) VALUES (6135, '', 'Möll', 'Volker', '1.1.1964.', 'p');
insert into CandidatesData (idno) VALUES (6135);
insert into PartyMembership (pid, idno) VALUES (5, 6135);
insert into Candidacy (wkid, idno) VALUES (350, 6135);
insert into Landeslistenplatz (llid, idno, position) VALUES (142, 6135, 18);
insert into Citizen (idno, title, firstname, lastname, dateofbirth, gender) VALUES (6136, '', 'Möller', 'Dirk', '1.1.1991.', 'p');
insert into CandidatesData (idno) VALUES (6136);
insert into PartyMembership (pid, idno) VALUES (2, 6136);
insert into Landeslistenplatz (llid, idno, position) VALUES (103, 6136, 17);
insert into Citizen (idno, title, firstname, lastname, dateofbirth, gender) VALUES (6137, '', 'Möller', 'Felix', '1.1.1986.', 'p');
insert into CandidatesData (idno) VALUES (6137);
insert into PartyMembership (pid, idno) VALUES (5, 6137);
insert into Candidacy (wkid, idno) VALUES (486, 6137);
insert into Landeslistenplatz (llid, idno, position) VALUES (144, 6137, 24);
insert into Citizen (idno, title, firstname, lastname, dateofbirth, gender) VALUES (6138, '', 'Möller', 'Lüder', '1.1.1949.', 'p');
insert into CandidatesData (idno) VALUES (6138);
insert into PartyMembership (pid, idno) VALUES (13, 6138);
insert into Landeslistenplatz (llid, idno, position) VALUES (170, 6138, 2);
insert into Citizen (idno, title, firstname, lastname, dateofbirth, gender) VALUES (6139, '', 'Möller', 'Monique', '1.1.1982.', 'p');
insert into CandidatesData (idno) VALUES (6139);
insert into PartyMembership (pid, idno) VALUES (1, 6139);
insert into Landeslistenplatz (llid, idno, position) VALUES (97, 6139, 10);
insert into Citizen (idno, title, firstname, lastname, dateofbirth, gender) VALUES (6140, '', 'Möller', 'Wolfgang', '1.1.1957.', 'p');
insert into CandidatesData (idno) VALUES (6140);
insert into PartyMembership (pid, idno) VALUES (1, 6140);
insert into Candidacy (wkid, idno) VALUES (319, 6140);
insert into Landeslistenplatz (llid, idno, position) VALUES (39, 6140, 5);
insert into Citizen (idno, title, firstname, lastname, dateofbirth, gender) VALUES (6141, '', 'Möring', 'Karsten', '1.1.1949.', 'p');
insert into CandidatesData (idno) VALUES (6141);
insert into PartyMembership (pid, idno) VALUES (12, 6141);
insert into Candidacy (wkid, idno) VALUES (392, 6141);
insert into Landeslistenplatz (llid, idno, position) VALUES (136, 6141, 46);
insert into Citizen (idno, title, firstname, lastname, dateofbirth, gender) VALUES (6142, '', 'Mößner', 'Elias', '1.1.1983.', 'p');
insert into CandidatesData (idno) VALUES (6142);
insert into PartyMembership (pid, idno) VALUES (33, 6142);
insert into Landeslistenplatz (llid, idno, position) VALUES (140, 6142, 28);
insert into Citizen (idno, title, firstname, lastname, dateofbirth, gender) VALUES (6143, '', 'Mohammed', 'Furat', '1.1.1989.', 'p');
insert into CandidatesData (idno) VALUES (6143);
insert into PartyMembership (pid, idno) VALUES (32, 6143);
insert into Candidacy (wkid, idno) VALUES (374, 6143);
insert into Citizen (idno, title, firstname, lastname, dateofbirth, gender) VALUES (6144, '', 'Mohs', 'Christoph', '1.1.1971.', 'p');
insert into CandidatesData (idno) VALUES (6144);
insert into PartyMembership (pid, idno) VALUES (10, 6144);
insert into Landeslistenplatz (llid, idno, position) VALUES (150, 6144, 4);
insert into Citizen (idno, title, firstname, lastname, dateofbirth, gender) VALUES (6145, '', 'Mohs', 'Hubertus', '1.1.1939.', 'p');
insert into CandidatesData (idno) VALUES (6145);
insert into PartyMembership (pid, idno) VALUES (10, 6145);
insert into Candidacy (wkid, idno) VALUES (557, 6145);
insert into Landeslistenplatz (llid, idno, position) VALUES (150, 6145, 3);
insert into Citizen (idno, title, firstname, lastname, dateofbirth, gender) VALUES (6146, '', 'Molitor', 'Carsten', '1.1.1975.', 'p');
insert into CandidatesData (idno) VALUES (6146);
insert into PartyMembership (pid, idno) VALUES (42, 6146);
insert into Landeslistenplatz (llid, idno, position) VALUES (232, 6146, 3);
insert into Citizen (idno, title, firstname, lastname, dateofbirth, gender) VALUES (6147, '', 'Molitor', 'Gabriele', '1.1.1962.', 'p');
insert into CandidatesData (idno) VALUES (6147);
insert into PartyMembership (pid, idno) VALUES (4, 6147);
insert into Candidacy (wkid, idno) VALUES (391, 6147);
insert into Landeslistenplatz (llid, idno, position) VALUES (98, 6147, 11);
insert into Citizen (idno, title, firstname, lastname, dateofbirth, gender) VALUES (6148, '', 'Molnar', 'Brigitte', '1.1.1952.', 'p');
insert into CandidatesData (idno) VALUES (6148);
insert into PartyMembership (pid, idno) VALUES (29, 6148);
insert into Landeslistenplatz (llid, idno, position) VALUES (31, 6148, 24);
insert into Citizen (idno, title, firstname, lastname, dateofbirth, gender) VALUES (6149, '', 'Monstadt', 'Dietrich', '1.1.1957.', 'p');
insert into CandidatesData (idno) VALUES (6149);
insert into PartyMembership (pid, idno) VALUES (12, 6149);
insert into Candidacy (wkid, idno) VALUES (311, 6149);
insert into Landeslistenplatz (llid, idno, position) VALUES (191, 6149, 4);
insert into Citizen (idno, title, firstname, lastname, dateofbirth, gender) VALUES (6150, '', 'Montag', 'Jerzy', '1.1.1947.', 'p');
insert into CandidatesData (idno) VALUES (6150);
insert into PartyMembership (pid, idno) VALUES (5, 6150);
insert into Candidacy (wkid, idno) VALUES (519, 6150);
insert into Landeslistenplatz (llid, idno, position) VALUES (65, 6150, 16);
insert into Citizen (idno, title, firstname, lastname, dateofbirth, gender) VALUES (6151, '', 'Morassi', 'Marion', '1.1.1963.', 'p');
insert into CandidatesData (idno) VALUES (6151);
insert into PartyMembership (pid, idno) VALUES (3, 6151);
insert into Candidacy (wkid, idno) VALUES (498, 6151);
insert into Citizen (idno, title, firstname, lastname, dateofbirth, gender) VALUES (6152, '', 'Morgenroth', 'Jan', '1.1.1975.', 'p');
insert into CandidatesData (idno) VALUES (6152);
insert into PartyMembership (pid, idno) VALUES (1, 6152);
insert into Candidacy (wkid, idno) VALUES (492, 6152);
insert into Landeslistenplatz (llid, idno, position) VALUES (97, 6152, 5);
insert into Citizen (idno, title, firstname, lastname, dateofbirth, gender) VALUES (6153, '', 'Morgenstern', 'Christopher', '1.1.1983.', 'p');
insert into CandidatesData (idno) VALUES (6153);
insert into PartyMembership (pid, idno) VALUES (7, 6153);
insert into Landeslistenplatz (llid, idno, position) VALUES (72, 6153, 30);
insert into Citizen (idno, title, firstname, lastname, dateofbirth, gender) VALUES (6154, '', 'Morgenthal', 'Heike', '1.1.1965.', 'p');
insert into CandidatesData (idno) VALUES (6154);
insert into PartyMembership (pid, idno) VALUES (2, 6154);
insert into Landeslistenplatz (llid, idno, position) VALUES (77, 6154, 15);
insert into Citizen (idno, title, firstname, lastname, dateofbirth, gender) VALUES (6155, '', 'Moritz', 'Harald', '1.1.1957.', 'p');
insert into CandidatesData (idno) VALUES (6155);
insert into PartyMembership (pid, idno) VALUES (5, 6155);
insert into Candidacy (wkid, idno) VALUES (383, 6155);
insert into Citizen (idno, title, firstname, lastname, dateofbirth, gender) VALUES (6156, '', 'Moritz', 'Simon', '1.1.1984.', 'p');
insert into CandidatesData (idno) VALUES (6156);
insert into PartyMembership (pid, idno) VALUES (2, 6156);
insert into Candidacy (wkid, idno) VALUES (539, 6156);
insert into Landeslistenplatz (llid, idno, position) VALUES (87, 6156, 31);
insert into Citizen (idno, title, firstname, lastname, dateofbirth, gender) VALUES (6157, '', 'Morteza Ghazvini', 'Daniel', '1.1.1991.', 'p');
insert into CandidatesData (idno) VALUES (6157);
insert into PartyMembership (pid, idno) VALUES (3, 6157);
insert into Candidacy (wkid, idno) VALUES (594, 6157);
insert into Citizen (idno, title, firstname, lastname, dateofbirth, gender) VALUES (6158, '', 'Mortler', 'Marlene', '1.1.1955.', 'p');
insert into CandidatesData (idno) VALUES (6158);
insert into PartyMembership (pid, idno) VALUES (9, 6158);
insert into Candidacy (wkid, idno) VALUES (545, 6158);
insert into Landeslistenplatz (llid, idno, position) VALUES (47, 6158, 5);
insert into Citizen (idno, title, firstname, lastname, dateofbirth, gender) VALUES (6159, '', 'Mosblech', 'Volker Peter', '1.1.1955.', 'p');
insert into CandidatesData (idno) VALUES (6159);
insert into PartyMembership (pid, idno) VALUES (12, 6159);
insert into Candidacy (wkid, idno) VALUES (415, 6159);
insert into Landeslistenplatz (llid, idno, position) VALUES (136, 6159, 53);
insert into Citizen (idno, title, firstname, lastname, dateofbirth, gender) VALUES (6160, '', 'Mosebach', 'Gerhard', '1.1.1948.', 'p');
insert into CandidatesData (idno) VALUES (6160);
insert into PartyMembership (pid, idno) VALUES (33, 6160);
insert into Landeslistenplatz (llid, idno, position) VALUES (63, 6160, 21);
insert into Citizen (idno, title, firstname, lastname, dateofbirth, gender) VALUES (6161, '', 'Moseler', 'Christa', '1.1.1960.', 'p');
insert into CandidatesData (idno) VALUES (6161);
insert into PartyMembership (pid, idno) VALUES (36, 6161);
insert into Landeslistenplatz (llid, idno, position) VALUES (56, 6161, 15);
insert into Citizen (idno, title, firstname, lastname, dateofbirth, gender) VALUES (6162, '', 'Moser', 'Anneliese', '1.1.1958.', 'p');
insert into CandidatesData (idno) VALUES (6162);
insert into PartyMembership (pid, idno) VALUES (4, 6162);
insert into Landeslistenplatz (llid, idno, position) VALUES (120, 6162, 19);
insert into Citizen (idno, title, firstname, lastname, dateofbirth, gender) VALUES (6163, '', 'Motschmann', 'Elisabeth Charlotte', '1.1.1952.', 'p');
insert into CandidatesData (idno) VALUES (6163);
insert into PartyMembership (pid, idno) VALUES (12, 6163);
insert into Candidacy (wkid, idno) VALUES (353, 6163);
insert into Landeslistenplatz (llid, idno, position) VALUES (188, 6163, 1);
insert into Citizen (idno, title, firstname, lastname, dateofbirth, gender) VALUES (6164, '', 'Motschmann', 'Valentin', '1.1.1987.', 'p');
insert into CandidatesData (idno) VALUES (6164);
insert into PartyMembership (pid, idno) VALUES (5, 6164);
insert into Candidacy (wkid, idno) VALUES (539, 6164);
insert into Landeslistenplatz (llid, idno, position) VALUES (65, 6164, 32);
insert into Citizen (idno, title, firstname, lastname, dateofbirth, gender) VALUES (6165, '', 'Mouget', 'Nicole', '1.1.1967.', 'p');
insert into CandidatesData (idno) VALUES (6165);
insert into PartyMembership (pid, idno) VALUES (4, 6165);
insert into Landeslistenplatz (llid, idno, position) VALUES (52, 6165, 7);
insert into Citizen (idno, title, firstname, lastname, dateofbirth, gender) VALUES (6166, '', 'Mougoui', 'Khadjeh Nadjaf Gholi', '1.1.1954.', 'p');
insert into CandidatesData (idno) VALUES (6166);
insert into PartyMembership (pid, idno) VALUES (4, 6166);
insert into Landeslistenplatz (llid, idno, position) VALUES (116, 6166, 31);
insert into Citizen (idno, title, firstname, lastname, dateofbirth, gender) VALUES (6167, 'Dr. ', 'Mousiol', 'Wolfgang Horst Herbert', '1.1.1956.', 'p');
insert into CandidatesData (idno) VALUES (6167);
insert into PartyMembership (pid, idno) VALUES (33, 6167);
insert into Landeslistenplatz (llid, idno, position) VALUES (36, 6167, 10);
insert into Citizen (idno, title, firstname, lastname, dateofbirth, gender) VALUES (6168, '', 'Movassat', 'Niema', '1.1.1984.', 'p');
insert into CandidatesData (idno) VALUES (6168);
insert into PartyMembership (pid, idno) VALUES (3, 6168);
insert into Candidacy (wkid, idno) VALUES (416, 6168);
insert into Landeslistenplatz (llid, idno, position) VALUES (95, 6168, 6);
insert into Citizen (idno, title, firstname, lastname, dateofbirth, gender) VALUES (6169, '', 'Mpanu-Mpanu-Plato', 'Nzimbu', '1.1.1964.', 'p');
insert into CandidatesData (idno) VALUES (6169);
insert into PartyMembership (pid, idno) VALUES (12, 6169);
insert into Landeslistenplatz (llid, idno, position) VALUES (105, 6169, 37);
insert into Citizen (idno, title, firstname, lastname, dateofbirth, gender) VALUES (6170, '', 'Mrosek-Handwerk', 'Heike-Maria', '1.1.1957.', 'p');
insert into CandidatesData (idno) VALUES (6170);
insert into PartyMembership (pid, idno) VALUES (2, 6170);
insert into Candidacy (wkid, idno) VALUES (508, 6170);
insert into Landeslistenplatz (llid, idno, position) VALUES (71, 6170, 13);
insert into Citizen (idno, title, firstname, lastname, dateofbirth, gender) VALUES (6171, '', 'Mrotzeck', 'Dirk', '1.1.1966.', 'p');
insert into CandidatesData (idno) VALUES (6171);
insert into PartyMembership (pid, idno) VALUES (4, 6171);
insert into Candidacy (wkid, idno) VALUES (594, 6171);
insert into Landeslistenplatz (llid, idno, position) VALUES (51, 6171, 22);
insert into Citizen (idno, title, firstname, lastname, dateofbirth, gender) VALUES (6172, '', 'Mtibaa', 'Tarak', '1.1.1975.', 'p');
insert into CandidatesData (idno) VALUES (6172);
insert into PartyMembership (pid, idno) VALUES (34, 6172);
insert into Landeslistenplatz (llid, idno, position) VALUES (50, 6172, 9);
insert into Citizen (idno, title, firstname, lastname, dateofbirth, gender) VALUES (6173, '', 'Mücke', 'Jan', '1.1.1973.', 'p');
insert into CandidatesData (idno) VALUES (6173);
insert into PartyMembership (pid, idno) VALUES (4, 6173);
insert into Candidacy (wkid, idno) VALUES (454, 6173);
insert into Landeslistenplatz (llid, idno, position) VALUES (158, 6173, 1);
insert into Citizen (idno, title, firstname, lastname, dateofbirth, gender) VALUES (6174, '', 'Mücke', 'Oliver', '1.1.1970.', 'p');
insert into CandidatesData (idno) VALUES (6174);
insert into PartyMembership (pid, idno) VALUES (7, 6174);
insert into Candidacy (wkid, idno) VALUES (361, 6174);
insert into Citizen (idno, title, firstname, lastname, dateofbirth, gender) VALUES (6175, '', 'Mühlbauer', 'Günter', '1.1.1958.', 'p');
insert into CandidatesData (idno) VALUES (6175);
insert into Candidacy (wkid, idno) VALUES (532, 6175);
insert into Citizen (idno, title, firstname, lastname, dateofbirth, gender) VALUES (6176, '', 'Mühlen von der', 'Rebecca', '1.1.1980.', 'p');
insert into CandidatesData (idno) VALUES (6176);
insert into PartyMembership (pid, idno) VALUES (33, 6176);
insert into Landeslistenplatz (llid, idno, position) VALUES (63, 6176, 16);
insert into Citizen (idno, title, firstname, lastname, dateofbirth, gender) VALUES (6177, '', 'Müller', 'Achim', '1.1.1964.', 'p');
insert into CandidatesData (idno) VALUES (6177);
insert into PartyMembership (pid, idno) VALUES (7, 6177);
insert into Landeslistenplatz (llid, idno, position) VALUES (75, 6177, 10);
insert into Citizen (idno, title, firstname, lastname, dateofbirth, gender) VALUES (6178, '', 'Müller', 'Alexander', '1.1.1969.', 'p');
insert into CandidatesData (idno) VALUES (6178);
insert into PartyMembership (pid, idno) VALUES (4, 6178);
insert into Candidacy (wkid, idno) VALUES (477, 6178);
insert into Landeslistenplatz (llid, idno, position) VALUES (116, 6178, 9);
insert into Citizen (idno, title, firstname, lastname, dateofbirth, gender) VALUES (6179, '', 'Müller', 'Andreas', '1.1.1964.', 'p');
insert into CandidatesData (idno) VALUES (6179);
insert into PartyMembership (pid, idno) VALUES (3, 6179);
insert into Candidacy (wkid, idno) VALUES (474, 6179);
insert into Landeslistenplatz (llid, idno, position) VALUES (43, 6179, 10);
insert into Citizen (idno, title, firstname, lastname, dateofbirth, gender) VALUES (6180, '', 'Müller', 'Anja', '1.1.1973.', 'p');
insert into CandidatesData (idno) VALUES (6180);
insert into PartyMembership (pid, idno) VALUES (3, 6180);
insert into Candidacy (wkid, idno) VALUES (489, 6180);
insert into Citizen (idno, title, firstname, lastname, dateofbirth, gender) VALUES (6181, '', 'Müller', 'Bettina', '1.1.1959.', 'p');
insert into CandidatesData (idno) VALUES (6181);
insert into PartyMembership (pid, idno) VALUES (2, 6181);
insert into Candidacy (wkid, idno) VALUES (474, 6181);
insert into Landeslistenplatz (llid, idno, position) VALUES (54, 6181, 12);
insert into Citizen (idno, title, firstname, lastname, dateofbirth, gender) VALUES (6182, '', 'Müller', 'Brigitte Charlotte Hedwig', '1.1.1941.', 'p');
insert into CandidatesData (idno) VALUES (6182);
insert into PartyMembership (pid, idno) VALUES (21, 6182);
insert into Candidacy (wkid, idno) VALUES (357, 6182);
insert into Citizen (idno, title, firstname, lastname, dateofbirth, gender) VALUES (6183, '', 'Müller', 'Carsten', '1.1.1970.', 'p');
insert into CandidatesData (idno) VALUES (6183);
insert into PartyMembership (pid, idno) VALUES (12, 6183);
insert into Candidacy (wkid, idno) VALUES (349, 6183);
insert into Landeslistenplatz (llid, idno, position) VALUES (44, 6183, 7);
insert into Citizen (idno, title, firstname, lastname, dateofbirth, gender) VALUES (6184, '', 'Müller', 'Claudia Heike', '1.1.1981.', 'p');
insert into CandidatesData (idno) VALUES (6184);
insert into PartyMembership (pid, idno) VALUES (5, 6184);
insert into Candidacy (wkid, idno) VALUES (314, 6184);
insert into Landeslistenplatz (llid, idno, position) VALUES (176, 6184, 3);
insert into Citizen (idno, title, firstname, lastname, dateofbirth, gender) VALUES (6185, '', 'Müller', 'Detlef', '1.1.1964.', 'p');
insert into CandidatesData (idno) VALUES (6185);
insert into PartyMembership (pid, idno) VALUES (2, 6185);
insert into Candidacy (wkid, idno) VALUES (461, 6185);
insert into Landeslistenplatz (llid, idno, position) VALUES (153, 6185, 7);
insert into Citizen (idno, title, firstname, lastname, dateofbirth, gender) VALUES (6186, 'Dr. ', 'Müller', 'Gerd', '1.1.1955.', 'p');
insert into CandidatesData (idno) VALUES (6186);
insert into PartyMembership (pid, idno) VALUES (9, 6186);
insert into Candidacy (wkid, idno) VALUES (555, 6186);
insert into Landeslistenplatz (llid, idno, position) VALUES (47, 6186, 10);
insert into Citizen (idno, title, firstname, lastname, dateofbirth, gender) VALUES (6187, 'Dr. ', 'Müller', 'Johannes', '1.1.1969.', 'p');
insert into CandidatesData (idno) VALUES (6187);
insert into PartyMembership (pid, idno) VALUES (1, 6187);
insert into Candidacy (wkid, idno) VALUES (457, 6187);
insert into Citizen (idno, title, firstname, lastname, dateofbirth, gender) VALUES (6188, '', 'Müller', 'Edmund Ernst', '1.1.1969.', 'p');
insert into CandidatesData (idno) VALUES (6188);
insert into Candidacy (wkid, idno) VALUES (360, 6188);
insert into Citizen (idno, title, firstname, lastname, dateofbirth, gender) VALUES (6189, '', 'Müller', 'Fabian', '1.1.1990.', 'p');
insert into CandidatesData (idno) VALUES (6189);
insert into PartyMembership (pid, idno) VALUES (7, 6189);
insert into Candidacy (wkid, idno) VALUES (523, 6189);
insert into Landeslistenplatz (llid, idno, position) VALUES (72, 6189, 21);
insert into Citizen (idno, title, firstname, lastname, dateofbirth, gender) VALUES (6190, '', 'Müller', 'Götz', '1.1.1967.', 'p');
insert into CandidatesData (idno) VALUES (6190);
insert into PartyMembership (pid, idno) VALUES (12, 6190);
insert into Candidacy (wkid, idno) VALUES (382, 6190);
insert into Landeslistenplatz (llid, idno, position) VALUES (117, 6190, 10);
insert into Citizen (idno, title, firstname, lastname, dateofbirth, gender) VALUES (6191, '', 'Müller', 'Hans Peter Heinz Arthur', '1.1.1952.', 'p');
insert into CandidatesData (idno) VALUES (6191);
insert into PartyMembership (pid, idno) VALUES (10, 6191);
insert into Landeslistenplatz (llid, idno, position) VALUES (67, 6191, 5);
insert into Citizen (idno, title, firstname, lastname, dateofbirth, gender) VALUES (6192, '', 'Müller', 'Heiko', '1.1.1972.', 'p');
insert into CandidatesData (idno) VALUES (6192);
insert into PartyMembership (pid, idno) VALUES (7, 6192);
insert into Candidacy (wkid, idno) VALUES (499, 6192);
insert into Landeslistenplatz (llid, idno, position) VALUES (173, 6192, 4);
insert into Citizen (idno, title, firstname, lastname, dateofbirth, gender) VALUES (6193, '', 'Müller', 'Heiko Michael', '1.1.1971.', 'p');
insert into CandidatesData (idno) VALUES (6193);
insert into PartyMembership (pid, idno) VALUES (19, 6193);
insert into Candidacy (wkid, idno) VALUES (361, 6193);
insert into Landeslistenplatz (llid, idno, position) VALUES (208, 6193, 1);
insert into Citizen (idno, title, firstname, lastname, dateofbirth, gender) VALUES (6194, '', 'Müller', 'Herbert', '1.1.1942.', 'p');
insert into CandidatesData (idno) VALUES (6194);
insert into PartyMembership (pid, idno) VALUES (37, 6194);
insert into Landeslistenplatz (llid, idno, position) VALUES (133, 6194, 4);
insert into Citizen (idno, title, firstname, lastname, dateofbirth, gender) VALUES (6195, '', 'Müller', 'Jochen', '1.1.1964.', 'p');
insert into CandidatesData (idno) VALUES (6195);
insert into PartyMembership (pid, idno) VALUES (33, 6195);
insert into Landeslistenplatz (llid, idno, position) VALUES (63, 6195, 14);
insert into Citizen (idno, title, firstname, lastname, dateofbirth, gender) VALUES (6196, '', 'Müller', 'Klaus', '1.1.1964.', 'p');
insert into CandidatesData (idno) VALUES (6196);
insert into PartyMembership (pid, idno) VALUES (33, 6196);
insert into Landeslistenplatz (llid, idno, position) VALUES (63, 6196, 1);
insert into Citizen (idno, title, firstname, lastname, dateofbirth, gender) VALUES (6197, '', 'Müller', 'Marcel', '1.1.1982.', 'p');
insert into CandidatesData (idno) VALUES (6197);
insert into PartyMembership (pid, idno) VALUES (1, 6197);
insert into Candidacy (wkid, idno) VALUES (504, 6197);
insert into Citizen (idno, title, firstname, lastname, dateofbirth, gender) VALUES (6198, '', 'Müller', 'Margit', '1.1.1959.', 'p');
insert into CandidatesData (idno) VALUES (6198);
insert into PartyMembership (pid, idno) VALUES (33, 6198);
insert into Landeslistenplatz (llid, idno, position) VALUES (252, 6198, 7);
insert into Citizen (idno, title, firstname, lastname, dateofbirth, gender) VALUES (6199, '', 'Müller', 'Margot', '1.1.1952.', 'p');
insert into CandidatesData (idno) VALUES (6199);
insert into PartyMembership (pid, idno) VALUES (40, 6199);
insert into Landeslistenplatz (llid, idno, position) VALUES (148, 6199, 8);
insert into Citizen (idno, title, firstname, lastname, dateofbirth, gender) VALUES (6200, '', 'Müller', 'Marko', '1.1.1969.', 'p');
insert into CandidatesData (idno) VALUES (6200);
insert into PartyMembership (pid, idno) VALUES (3, 6200);
insert into Candidacy (wkid, idno) VALUES (539, 6200);
insert into Citizen (idno, title, firstname, lastname, dateofbirth, gender) VALUES (6201, '', 'Müller', 'Marko', '1.1.1982.', 'p');
insert into CandidatesData (idno) VALUES (6201);
insert into PartyMembership (pid, idno) VALUES (1, 6201);
insert into Landeslistenplatz (llid, idno, position) VALUES (62, 6201, 4);
insert into Citizen (idno, title, firstname, lastname, dateofbirth, gender) VALUES (6202, '', 'Müller', 'Melanie', '1.1.1992.', 'p');
insert into CandidatesData (idno) VALUES (6202);
insert into PartyMembership (pid, idno) VALUES (2, 6202);
insert into Landeslistenplatz (llid, idno, position) VALUES (77, 6202, 11);
insert into Citizen (idno, title, firstname, lastname, dateofbirth, gender) VALUES (6203, '', 'Müller', 'Norbert Carl', '1.1.1986.', 'p');
insert into CandidatesData (idno) VALUES (6203);
insert into PartyMembership (pid, idno) VALUES (3, 6203);
insert into Candidacy (wkid, idno) VALUES (360, 6203);
insert into Landeslistenplatz (llid, idno, position) VALUES (236, 6203, 6);
insert into Citizen (idno, title, firstname, lastname, dateofbirth, gender) VALUES (6204, '', 'Müller', 'Olaf', '1.1.1963.', 'p');
insert into CandidatesData (idno) VALUES (6204);
insert into PartyMembership (pid, idno) VALUES (5, 6204);
insert into Candidacy (wkid, idno) VALUES (493, 6204);
insert into Landeslistenplatz (llid, idno, position) VALUES (172, 6204, 6);
insert into Citizen (idno, title, firstname, lastname, dateofbirth, gender) VALUES (6205, '', 'Müller', 'Petra', '1.1.1960.', 'p');
insert into CandidatesData (idno) VALUES (6205);
insert into PartyMembership (pid, idno) VALUES (4, 6205);
insert into Candidacy (wkid, idno) VALUES (387, 6205);
insert into Landeslistenplatz (llid, idno, position) VALUES (98, 6205, 33);
insert into Citizen (idno, title, firstname, lastname, dateofbirth, gender) VALUES (6206, '', 'Müller', 'René', '1.1.1982.', 'p');
insert into CandidatesData (idno) VALUES (6206);
insert into PartyMembership (pid, idno) VALUES (4, 6206);
insert into Candidacy (wkid, idno) VALUES (556, 6206);
insert into Landeslistenplatz (llid, idno, position) VALUES (102, 6206, 41);
insert into Citizen (idno, title, firstname, lastname, dateofbirth, gender) VALUES (6207, '', 'Müller', 'Rudolf', '1.1.1951.', 'p');
insert into CandidatesData (idno) VALUES (6207);
insert into PartyMembership (pid, idno) VALUES (33, 6207);
insert into Candidacy (wkid, idno) VALUES (595, 6207);
insert into Landeslistenplatz (llid, idno, position) VALUES (252, 6207, 5);
insert into Citizen (idno, title, firstname, lastname, dateofbirth, gender) VALUES (6208, '', 'Müller', 'Stefan', '1.1.1988.', 'p');
insert into CandidatesData (idno) VALUES (6208);
insert into PartyMembership (pid, idno) VALUES (7, 6208);
insert into Candidacy (wkid, idno) VALUES (569, 6208);
insert into Citizen (idno, title, firstname, lastname, dateofbirth, gender) VALUES (6209, '', 'Müller', 'Stefan', '1.1.1964.', 'p');
insert into CandidatesData (idno) VALUES (6209);
insert into PartyMembership (pid, idno) VALUES (17, 6209);
insert into LandesListe (llid, year, pid, fsid) VALUES (255, 2013, 17, 25);
insert into Landeslistenplatz (llid, idno, position) VALUES (255, 6209, 5);
insert into Citizen (idno, title, firstname, lastname, dateofbirth, gender) VALUES (6210, '', 'Müller', 'Stefan', '1.1.1975.', 'p');
insert into CandidatesData (idno) VALUES (6210);
insert into PartyMembership (pid, idno) VALUES (9, 6210);
insert into Candidacy (wkid, idno) VALUES (541, 6210);
insert into Landeslistenplatz (llid, idno, position) VALUES (47, 6210, 11);
insert into Citizen (idno, title, firstname, lastname, dateofbirth, gender) VALUES (6211, '', 'Müller', 'Thomas', '1.1.1954.', 'p');
insert into CandidatesData (idno) VALUES (6211);
insert into PartyMembership (pid, idno) VALUES (36, 6211);
insert into Candidacy (wkid, idno) VALUES (539, 6211);
insert into Landeslistenplatz (llid, idno, position) VALUES (121, 6211, 6);
insert into Citizen (idno, title, firstname, lastname, dateofbirth, gender) VALUES (6212, '', 'Müller', 'Tino', '1.1.1978.', 'p');
insert into CandidatesData (idno) VALUES (6212);
insert into PartyMembership (pid, idno) VALUES (1, 6212);
insert into Candidacy (wkid, idno) VALUES (315, 6212);
insert into Citizen (idno, title, firstname, lastname, dateofbirth, gender) VALUES (6213, '', 'Müller', 'Ulrich', '1.1.1951.', 'p');
insert into CandidatesData (idno) VALUES (6213);
insert into PartyMembership (pid, idno) VALUES (32, 6213);
insert into Landeslistenplatz (llid, idno, position) VALUES (29, 6213, 18);
insert into Citizen (idno, title, firstname, lastname, dateofbirth, gender) VALUES (6214, '', 'Müller', 'Veit-Harald', '1.1.1941.', 'p');
insert into CandidatesData (idno) VALUES (6214);
insert into PartyMembership (pid, idno) VALUES (13, 6214);
insert into Landeslistenplatz (llid, idno, position) VALUES (230, 6214, 7);
insert into Citizen (idno, title, firstname, lastname, dateofbirth, gender) VALUES (6215, '', 'Müller-Gemmeke', 'Beate', '1.1.1960.', 'p');
insert into CandidatesData (idno) VALUES (6215);
insert into PartyMembership (pid, idno) VALUES (5, 6215);
insert into Candidacy (wkid, idno) VALUES (588, 6215);
insert into Landeslistenplatz (llid, idno, position) VALUES (61, 6215, 7);
insert into Citizen (idno, title, firstname, lastname, dateofbirth, gender) VALUES (6216, '', 'Müller-Horn', 'Kai', '1.1.1944.', 'p');
insert into CandidatesData (idno) VALUES (6216);
insert into PartyMembership (pid, idno) VALUES (13, 6216);
insert into Candidacy (wkid, idno) VALUES (405, 6216);
insert into Citizen (idno, title, firstname, lastname, dateofbirth, gender) VALUES (6217, '', 'Müller-Sönksen', 'Burkhardt', '1.1.1959.', 'p');
insert into CandidatesData (idno) VALUES (6217);
insert into PartyMembership (pid, idno) VALUES (4, 6217);
insert into Candidacy (wkid, idno) VALUES (319, 6217);
insert into Landeslistenplatz (llid, idno, position) VALUES (100, 6217, 1);
insert into Citizen (idno, title, firstname, lastname, dateofbirth, gender) VALUES (6218, '', 'Müller-Späth', 'Henning', '1.1.1954.', 'p');
insert into CandidatesData (idno) VALUES (6218);
insert into PartyMembership (pid, idno) VALUES (32, 6218);
insert into Candidacy (wkid, idno) VALUES (442, 6218);
insert into Citizen (idno, title, firstname, lastname, dateofbirth, gender) VALUES (6219, '', 'Müller-Wehlau', 'Wolfgang', '1.1.1944.', 'p');
insert into CandidatesData (idno) VALUES (6219);
insert into PartyMembership (pid, idno) VALUES (33, 6219);
insert into Landeslistenplatz (llid, idno, position) VALUES (111, 6219, 23);
insert into Citizen (idno, title, firstname, lastname, dateofbirth, gender) VALUES (6220, '', 'Münch', 'Niels-Arne', '1.1.1972.', 'p');
insert into CandidatesData (idno) VALUES (6220);
insert into PartyMembership (pid, idno) VALUES (7, 6220);
insert into Candidacy (wkid, idno) VALUES (352, 6220);
insert into Landeslistenplatz (llid, idno, position) VALUES (94, 6220, 13);
insert into Citizen (idno, title, firstname, lastname, dateofbirth, gender) VALUES (6221, '', 'Münch', 'Peter Hermann Gert Mario', '1.1.1960.', 'p');
insert into CandidatesData (idno) VALUES (6221);
insert into PartyMembership (pid, idno) VALUES (33, 6221);
insert into Landeslistenplatz (llid, idno, position) VALUES (36, 6221, 7);
insert into Citizen (idno, title, firstname, lastname, dateofbirth, gender) VALUES (6222, '', 'Münd', 'Hans-Joachim', '1.1.1962.', 'p');
insert into CandidatesData (idno) VALUES (6222);
insert into PartyMembership (pid, idno) VALUES (19, 6222);
insert into Landeslistenplatz (llid, idno, position) VALUES (224, 6222, 1);
insert into Citizen (idno, title, firstname, lastname, dateofbirth, gender) VALUES (6223, '', 'Müntefering', 'Michelle', '1.1.1980.', 'p');
insert into CandidatesData (idno) VALUES (6223);
insert into PartyMembership (pid, idno) VALUES (2, 6223);
insert into Candidacy (wkid, idno) VALUES (440, 6223);
insert into Landeslistenplatz (llid, idno, position) VALUES (73, 6223, 24);
insert into Citizen (idno, title, firstname, lastname, dateofbirth, gender) VALUES (6224, '', 'Münz', 'Volker', '1.1.1964.', 'p');
insert into CandidatesData (idno) VALUES (6224);
insert into PartyMembership (pid, idno) VALUES (33, 6224);
insert into Candidacy (wkid, idno) VALUES (562, 6224);
insert into Landeslistenplatz (llid, idno, position) VALUES (140, 6224, 22);
insert into Citizen (idno, title, firstname, lastname, dateofbirth, gender) VALUES (6225, '', 'Münz', 'Wilfried', '1.1.1960.', 'p');
insert into CandidatesData (idno) VALUES (6225);
insert into PartyMembership (pid, idno) VALUES (32, 6225);
insert into Landeslistenplatz (llid, idno, position) VALUES (29, 6225, 15);
insert into Citizen (idno, title, firstname, lastname, dateofbirth, gender) VALUES (6226, 'Dr. ', 'Mützenich', 'Rolf', '1.1.1959.', 'p');
insert into CandidatesData (idno) VALUES (6226);
insert into PartyMembership (pid, idno) VALUES (2, 6226);
insert into Candidacy (wkid, idno) VALUES (394, 6226);
insert into Landeslistenplatz (llid, idno, position) VALUES (73, 6226, 63);
insert into Citizen (idno, title, firstname, lastname, dateofbirth, gender) VALUES (6227, '', 'Mulia', 'Marc', '1.1.1969.', 'p');
insert into CandidatesData (idno) VALUES (6227);
insert into PartyMembership (pid, idno) VALUES (3, 6227);
insert into Candidacy (wkid, idno) VALUES (414, 6227);
insert into Landeslistenplatz (llid, idno, position) VALUES (95, 6227, 14);
insert into Citizen (idno, title, firstname, lastname, dateofbirth, gender) VALUES (6228, '', 'Multrus', 'Robert', '1.1.1959.', 'p');
insert into CandidatesData (idno) VALUES (6228);
insert into PartyMembership (pid, idno) VALUES (32, 6228);
insert into Candidacy (wkid, idno) VALUES (522, 6228);
insert into Landeslistenplatz (llid, idno, position) VALUES (33, 6228, 15);
insert into Citizen (idno, title, firstname, lastname, dateofbirth, gender) VALUES (6229, '', 'Munzinger', 'Hannes', '1.1.1988.', 'p');
insert into CandidatesData (idno) VALUES (6229);
insert into PartyMembership (pid, idno) VALUES (2, 6229);
insert into Candidacy (wkid, idno) VALUES (593, 6229);
insert into Landeslistenplatz (llid, idno, position) VALUES (76, 6229, 29);
insert into Citizen (idno, title, firstname, lastname, dateofbirth, gender) VALUES (6230, 'Dr. ', 'Murmann', 'Philipp Alexander', '1.1.1964.', 'p');
insert into CandidatesData (idno) VALUES (6230);
insert into PartyMembership (pid, idno) VALUES (12, 6230);
insert into Candidacy (wkid, idno) VALUES (305, 6230);
insert into Landeslistenplatz (llid, idno, position) VALUES (159, 6230, 8);
insert into Citizen (idno, title, firstname, lastname, dateofbirth, gender) VALUES (6231, '', 'Muschalle-Höllbach', 'Ethel Maria', '1.1.1947.', 'p');
insert into CandidatesData (idno) VALUES (6231);
insert into PartyMembership (pid, idno) VALUES (32, 6231);
insert into Candidacy (wkid, idno) VALUES (367, 6231);
insert into Landeslistenplatz (llid, idno, position) VALUES (165, 6231, 5);
insert into Citizen (idno, title, firstname, lastname, dateofbirth, gender) VALUES (6232, '', 'Mußer', 'Bernd Willi', '1.1.1944.', 'p');
insert into CandidatesData (idno) VALUES (6232);
insert into PartyMembership (pid, idno) VALUES (19, 6232);
insert into Landeslistenplatz (llid, idno, position) VALUES (40, 6232, 33);
insert into Citizen (idno, title, firstname, lastname, dateofbirth, gender) VALUES (6233, '', 'Mutlu', 'Özcan', '1.1.1968.', 'p');
insert into CandidatesData (idno) VALUES (6233);
insert into PartyMembership (pid, idno) VALUES (5, 6233);
insert into Candidacy (wkid, idno) VALUES (374, 6233);
insert into Landeslistenplatz (llid, idno, position) VALUES (249, 6233, 2);
insert into Citizen (idno, title, firstname, lastname, dateofbirth, gender) VALUES (6234, '', 'Mynter', 'Ralf Dietmar', '1.1.1960.', 'p');
insert into CandidatesData (idno) VALUES (6234);
insert into PartyMembership (pid, idno) VALUES (1, 6234);
insert into Candidacy (wkid, idno) VALUES (550, 6234);
insert into Citizen (idno, title, firstname, lastname, dateofbirth, gender) VALUES (6235, '', 'Nadjm', 'Javad', '1.1.1946.', 'p');
insert into CandidatesData (idno) VALUES (6235);
insert into PartyMembership (pid, idno) VALUES (10, 6235);
insert into Landeslistenplatz (llid, idno, position) VALUES (180, 6235, 13);
insert into Citizen (idno, title, firstname, lastname, dateofbirth, gender) VALUES (6236, '', 'Nätebusch', 'Lothar Fritz', '1.1.1945.', 'p');
insert into CandidatesData (idno) VALUES (6236);
insert into PartyMembership (pid, idno) VALUES (21, 6236);
insert into Candidacy (wkid, idno) VALUES (361, 6236);
insert into Citizen (idno, title, firstname, lastname, dateofbirth, gender) VALUES (6237, '', 'Nagel', 'Jochen', '1.1.1949.', 'p');
insert into CandidatesData (idno) VALUES (6237);
insert into PartyMembership (pid, idno) VALUES (3, 6237);
insert into Candidacy (wkid, idno) VALUES (483, 6237);
insert into Landeslistenplatz (llid, idno, position) VALUES (43, 6237, 4);
insert into Citizen (idno, title, firstname, lastname, dateofbirth, gender) VALUES (6238, '', 'Nagler', 'Mike', '1.1.1978.', 'p');
insert into CandidatesData (idno) VALUES (6238);
insert into PartyMembership (pid, idno) VALUES (3, 6238);
insert into Candidacy (wkid, idno) VALUES (452, 6238);
insert into Citizen (idno, title, firstname, lastname, dateofbirth, gender) VALUES (6239, '', 'Naguib', 'Barbara Margarete', '1.1.1958.', 'p');
insert into CandidatesData (idno) VALUES (6239);
insert into PartyMembership (pid, idno) VALUES (5, 6239);
insert into Landeslistenplatz (llid, idno, position) VALUES (83, 6239, 39);
insert into Citizen (idno, title, firstname, lastname, dateofbirth, gender) VALUES (6240, '', 'Nahles', 'Andrea', '1.1.1970.', 'p');
insert into CandidatesData (idno) VALUES (6240);
insert into PartyMembership (pid, idno) VALUES (2, 6240);
insert into Candidacy (wkid, idno) VALUES (498, 6240);
insert into Landeslistenplatz (llid, idno, position) VALUES (71, 6240, 1);
insert into Citizen (idno, title, firstname, lastname, dateofbirth, gender) VALUES (6241, '', 'Nahtz', 'Joachim', '1.1.1935.', 'p');
insert into CandidatesData (idno) VALUES (6241);
insert into PartyMembership (pid, idno) VALUES (1, 6241);
insert into Candidacy (wkid, idno) VALUES (343, 6241);
insert into Citizen (idno, title, firstname, lastname, dateofbirth, gender) VALUES (6242, 'Dr. ', 'Nake', 'Angelika', '1.1.1961.', 'p');
insert into CandidatesData (idno) VALUES (6242);
insert into PartyMembership (pid, idno) VALUES (4, 6242);
insert into Candidacy (wkid, idno) VALUES (485, 6242);
insert into Landeslistenplatz (llid, idno, position) VALUES (116, 6242, 16);
insert into Citizen (idno, title, firstname, lastname, dateofbirth, gender) VALUES (6243, '', 'Nauheim', 'Maik', '1.1.1981.', 'p');
insert into CandidatesData (idno) VALUES (6243);
insert into PartyMembership (pid, idno) VALUES (7, 6243);
insert into Candidacy (wkid, idno) VALUES (504, 6243);
insert into Landeslistenplatz (llid, idno, position) VALUES (173, 6243, 6);
insert into Citizen (idno, title, firstname, lastname, dateofbirth, gender) VALUES (6244, '', 'Nauheimer', 'Barbara', '1.1.1949.', 'p');
insert into CandidatesData (idno) VALUES (6244);
insert into PartyMembership (pid, idno) VALUES (42, 6244);
insert into Landeslistenplatz (llid, idno, position) VALUES (214, 6244, 5);
insert into Citizen (idno, title, firstname, lastname, dateofbirth, gender) VALUES (6245, '', 'Naumann', 'Walter', '1.1.1961.', 'p');
insert into CandidatesData (idno) VALUES (6245);
insert into PartyMembership (pid, idno) VALUES (7, 6245);
insert into Candidacy (wkid, idno) VALUES (342, 6245);
insert into Citizen (idno, title, firstname, lastname, dateofbirth, gender) VALUES (6246, '', 'Nauruhn', 'Monika', '1.1.1952.', 'p');
insert into CandidatesData (idno) VALUES (6246);
insert into PartyMembership (pid, idno) VALUES (42, 6246);
insert into Landeslistenplatz (llid, idno, position) VALUES (210, 6246, 5);
insert into Citizen (idno, title, firstname, lastname, dateofbirth, gender) VALUES (6247, '', 'Navel', 'Hermann', '1.1.1948.', 'p');
insert into CandidatesData (idno) VALUES (6247);
insert into PartyMembership (pid, idno) VALUES (33, 6247);
insert into Candidacy (wkid, idno) VALUES (388, 6247);
insert into Citizen (idno, title, firstname, lastname, dateofbirth, gender) VALUES (6248, '', 'Nawroth', 'Marion', '1.1.1956.', 'p');
insert into CandidatesData (idno) VALUES (6248);
insert into PartyMembership (pid, idno) VALUES (7, 6248);
insert into Candidacy (wkid, idno) VALUES (455, 6248);
insert into Citizen (idno, title, firstname, lastname, dateofbirth, gender) VALUES (6249, '', 'Neemann-Güntner', 'Gitta Christine', '1.1.1959.', 'p');
insert into CandidatesData (idno) VALUES (6249);
insert into PartyMembership (pid, idno) VALUES (2, 6249);
insert into Landeslistenplatz (llid, idno, position) VALUES (103, 6249, 12);
insert into Citizen (idno, title, firstname, lastname, dateofbirth, gender) VALUES (6250, '', 'Nehmer', 'Manuel', '1.1.1982.', 'p');
insert into CandidatesData (idno) VALUES (6250);
insert into PartyMembership (pid, idno) VALUES (4, 6250);
insert into Candidacy (wkid, idno) VALUES (330, 6250);
insert into Landeslistenplatz (llid, idno, position) VALUES (127, 6250, 20);
insert into Citizen (idno, title, firstname, lastname, dateofbirth, gender) VALUES (6251, '', 'Neidlein', 'Alexander', '1.1.1975.', 'p');
insert into CandidatesData (idno) VALUES (6251);
insert into PartyMembership (pid, idno) VALUES (1, 6251);
insert into Candidacy (wkid, idno) VALUES (562, 6251);
insert into Landeslistenplatz (llid, idno, position) VALUES (136, 6251, 3);
insert into Citizen (idno, title, firstname, lastname, dateofbirth, gender) VALUES (6252, '', 'Neis', 'Mark', '1.1.1972.', 'p');
insert into CandidatesData (idno) VALUES (6252);
insert into PartyMembership (pid, idno) VALUES (7, 6252);
insert into Landeslistenplatz (llid, idno, position) VALUES (85, 6252, 3);
insert into Citizen (idno, title, firstname, lastname, dateofbirth, gender) VALUES (6253, '', 'Nerz', 'Sebastian', '1.1.1983.', 'p');
insert into CandidatesData (idno) VALUES (6253);
insert into PartyMembership (pid, idno) VALUES (7, 6253);
insert into Candidacy (wkid, idno) VALUES (589, 6253);
insert into Landeslistenplatz (llid, idno, position) VALUES (48, 6253, 1);
insert into Citizen (idno, title, firstname, lastname, dateofbirth, gender) VALUES (6254, '', 'Neskovic', 'Wolfgang-Dragi Willi', '1.1.1948.', 'p');
insert into CandidatesData (idno) VALUES (6254);
insert into Candidacy (wkid, idno) VALUES (363, 6254);
insert into Citizen (idno, title, firstname, lastname, dateofbirth, gender) VALUES (6255, '', 'Nestele', 'Hedi Hedwig Elisabeth', '1.1.1954.', 'p');
insert into CandidatesData (idno) VALUES (6255);
insert into PartyMembership (pid, idno) VALUES (29, 6255);
insert into Landeslistenplatz (llid, idno, position) VALUES (31, 6255, 31);
insert into Citizen (idno, title, firstname, lastname, dateofbirth, gender) VALUES (6256, '', 'Neu', 'Alexander Soranto', '1.1.1969.', 'p');
insert into CandidatesData (idno) VALUES (6256);
insert into PartyMembership (pid, idno) VALUES (3, 6256);
insert into Candidacy (wkid, idno) VALUES (396, 6256);
insert into Landeslistenplatz (llid, idno, position) VALUES (95, 6256, 10);
insert into Citizen (idno, title, firstname, lastname, dateofbirth, gender) VALUES (6257, 'Dr. ', 'Neubauer', 'Georg', '1.1.1958.', 'p');
insert into CandidatesData (idno) VALUES (6257);
insert into PartyMembership (pid, idno) VALUES (4, 6257);
insert into Candidacy (wkid, idno) VALUES (357, 6257);
insert into Citizen (idno, title, firstname, lastname, dateofbirth, gender) VALUES (6258, '', 'Neubaur', 'Mona', '1.1.1977.', 'p');
insert into CandidatesData (idno) VALUES (6258);
insert into PartyMembership (pid, idno) VALUES (5, 6258);
insert into Candidacy (wkid, idno) VALUES (405, 6258);
insert into Landeslistenplatz (llid, idno, position) VALUES (83, 6258, 19);
insert into Citizen (idno, title, firstname, lastname, dateofbirth, gender) VALUES (6259, '', 'Neuber', 'Jürgen', '1.1.1971.', 'p');
insert into CandidatesData (idno) VALUES (6259);
insert into PartyMembership (pid, idno) VALUES (32, 6259);
insert into Candidacy (wkid, idno) VALUES (533, 6259);
insert into Landeslistenplatz (llid, idno, position) VALUES (33, 6259, 9);
insert into Citizen (idno, title, firstname, lastname, dateofbirth, gender) VALUES (6260, '', 'Neubert', 'Frank', '1.1.1970.', 'p');
insert into CandidatesData (idno) VALUES (6260);
insert into PartyMembership (pid, idno) VALUES (1, 6260);
insert into Landeslistenplatz (llid, idno, position) VALUES (97, 6260, 9);
insert into Citizen (idno, title, firstname, lastname, dateofbirth, gender) VALUES (6261, '', 'Neubert', 'Hildigund Dorothea', '1.1.1960.', 'p');
insert into CandidatesData (idno) VALUES (6261);
insert into PartyMembership (pid, idno) VALUES (12, 6261);
insert into Landeslistenplatz (llid, idno, position) VALUES (212, 6261, 10);
insert into Citizen (idno, title, firstname, lastname, dateofbirth, gender) VALUES (6262, '', 'Neubert', 'Jörg', '1.1.1986.', 'p');
insert into CandidatesData (idno) VALUES (6262);
insert into PartyMembership (pid, idno) VALUES (7, 6262);
insert into Landeslistenplatz (llid, idno, position) VALUES (109, 6262, 6);
insert into Citizen (idno, title, firstname, lastname, dateofbirth, gender) VALUES (6263, '', 'Neufeld', 'Axel', '1.1.1963.', 'p');
insert into CandidatesData (idno) VALUES (6263);
insert into PartyMembership (pid, idno) VALUES (19, 6263);
insert into Landeslistenplatz (llid, idno, position) VALUES (114, 6263, 1);
insert into Citizen (idno, title, firstname, lastname, dateofbirth, gender) VALUES (6264, '', 'Neugebauer', 'Andreas', '1.1.1966.', 'p');
insert into CandidatesData (idno) VALUES (6264);
insert into PartyMembership (pid, idno) VALUES (7, 6264);
insert into Candidacy (wkid, idno) VALUES (327, 6264);
insert into Citizen (idno, title, firstname, lastname, dateofbirth, gender) VALUES (6265, '', 'Neugebauer', 'Sascha Daniel', '1.1.1981.', 'p');
insert into CandidatesData (idno) VALUES (6265);
insert into PartyMembership (pid, idno) VALUES (7, 6265);
insert into Candidacy (wkid, idno) VALUES (475, 6265);
insert into Citizen (idno, title, firstname, lastname, dateofbirth, gender) VALUES (6266, '', 'Neugebauer', 'Volkmar', '1.1.1953.', 'p');
insert into CandidatesData (idno) VALUES (6266);
insert into PartyMembership (pid, idno) VALUES (1, 6266);
insert into Candidacy (wkid, idno) VALUES (373, 6266);
insert into Citizen (idno, title, firstname, lastname, dateofbirth, gender) VALUES (6267, 'Dr. ', 'Neuhaus', 'Peter Hans', '1.1.1964.', 'p');
insert into CandidatesData (idno) VALUES (6267);
insert into PartyMembership (pid, idno) VALUES (5, 6267);
insert into Candidacy (wkid, idno) VALUES (447, 6267);
insert into Citizen (idno, title, firstname, lastname, dateofbirth, gender) VALUES (6268, '', 'Neumann', 'Bernd', '1.1.1950.', 'p');
insert into CandidatesData (idno) VALUES (6268);
insert into PartyMembership (pid, idno) VALUES (1, 6268);
insert into Candidacy (wkid, idno) VALUES (332, 6268);
insert into Citizen (idno, title, firstname, lastname, dateofbirth, gender) VALUES (6269, '', 'Neumann', 'Bernhard', '1.1.1985.', 'p');
insert into CandidatesData (idno) VALUES (6269);
insert into PartyMembership (pid, idno) VALUES (15, 6269);
insert into Candidacy (wkid, idno) VALUES (522, 6269);
insert into Landeslistenplatz (llid, idno, position) VALUES (55, 6269, 9);
insert into Citizen (idno, title, firstname, lastname, dateofbirth, gender) VALUES (6270, '', 'Neumann', 'Gerhard Ludwig', '1.1.1937.', 'p');
insert into CandidatesData (idno) VALUES (6270);
insert into PartyMembership (pid, idno) VALUES (2, 6270);
insert into Landeslistenplatz (llid, idno, position) VALUES (54, 6270, 35);
insert into Citizen (idno, title, firstname, lastname, dateofbirth, gender) VALUES (6271, '', 'Neumann', 'Gisela', '1.1.1937.', 'p');
insert into CandidatesData (idno) VALUES (6271);
insert into PartyMembership (pid, idno) VALUES (19, 6271);
insert into Landeslistenplatz (llid, idno, position) VALUES (182, 6271, 5);
insert into Citizen (idno, title, firstname, lastname, dateofbirth, gender) VALUES (6272, '', 'Neumann', 'Heinz', '1.1.1939.', 'p');
insert into CandidatesData (idno) VALUES (6272);
insert into PartyMembership (pid, idno) VALUES (1, 6272);
insert into Candidacy (wkid, idno) VALUES (507, 6272);
insert into Landeslistenplatz (llid, idno, position) VALUES (86, 6272, 7);
insert into Citizen (idno, title, firstname, lastname, dateofbirth, gender) VALUES (6273, 'Prof. Dr. ', 'Neumann', 'Fritz Walter Martin', '1.1.1956.', 'p');
insert into CandidatesData (idno) VALUES (6273);
insert into PartyMembership (pid, idno) VALUES (4, 6273);
insert into Candidacy (wkid, idno) VALUES (363, 6273);
insert into Landeslistenplatz (llid, idno, position) VALUES (250, 6273, 1);
insert into Citizen (idno, title, firstname, lastname, dateofbirth, gender) VALUES (6274, '', 'Neumann', 'Sascha', '1.1.1980.', 'p');
insert into CandidatesData (idno) VALUES (6274);
insert into PartyMembership (pid, idno) VALUES (31, 6274);
insert into Landeslistenplatz (llid, idno, position) VALUES (123, 6274, 25);
insert into Citizen (idno, title, firstname, lastname, dateofbirth, gender) VALUES (6275, '', 'Neumann', 'Steve', '1.1.1990.', 'p');
insert into CandidatesData (idno) VALUES (6275);
insert into PartyMembership (pid, idno) VALUES (34, 6275);
insert into Landeslistenplatz (llid, idno, position) VALUES (187, 6275, 9);
insert into Citizen (idno, title, firstname, lastname, dateofbirth, gender) VALUES (6276, '', 'Nianur', 'Narziss', '1.1.1964.', 'p');
insert into CandidatesData (idno) VALUES (6276);
insert into PartyMembership (pid, idno) VALUES (13, 6276);
insert into Landeslistenplatz (llid, idno, position) VALUES (170, 6276, 3);
insert into Citizen (idno, title, firstname, lastname, dateofbirth, gender) VALUES (6277, 'Dr. ', 'Nick', 'Andreas', '1.1.1967.', 'p');
insert into CandidatesData (idno) VALUES (6277);
insert into PartyMembership (pid, idno) VALUES (12, 6277);
insert into Candidacy (wkid, idno) VALUES (504, 6277);
insert into Landeslistenplatz (llid, idno, position) VALUES (138, 6277, 14);
insert into Citizen (idno, title, firstname, lastname, dateofbirth, gender) VALUES (6278, 'Dr. ', 'Nick', 'Ophelia-Johanna', '1.1.1973.', 'p');
insert into CandidatesData (idno) VALUES (6278);
insert into PartyMembership (pid, idno) VALUES (5, 6278);
insert into Candidacy (wkid, idno) VALUES (403, 6278);
insert into Landeslistenplatz (llid, idno, position) VALUES (83, 6278, 31);
insert into Citizen (idno, title, firstname, lastname, dateofbirth, gender) VALUES (6279, '', 'Nicolay', 'Christian', '1.1.1973.', 'p');
insert into CandidatesData (idno) VALUES (6279);
insert into PartyMembership (pid, idno) VALUES (31, 6279);
insert into Candidacy (wkid, idno) VALUES (503, 6279);
insert into Citizen (idno, title, firstname, lastname, dateofbirth, gender) VALUES (6280, '', 'Niebel', 'Dirk', '1.1.1963.', 'p');
insert into CandidatesData (idno) VALUES (6280);
insert into PartyMembership (pid, idno) VALUES (4, 6280);
insert into Candidacy (wkid, idno) VALUES (573, 6280);
insert into Landeslistenplatz (llid, idno, position) VALUES (51, 6280, 1);
insert into Citizen (idno, title, firstname, lastname, dateofbirth, gender) VALUES (6281, '', 'Niedergesäß', 'Fritz', '1.1.1940.', 'p');
insert into CandidatesData (idno) VALUES (6281);
insert into PartyMembership (pid, idno) VALUES (12, 6281);
insert into Candidacy (wkid, idno) VALUES (383, 6281);
insert into Citizen (idno, title, firstname, lastname, dateofbirth, gender) VALUES (6282, '', 'Niemann', 'Friederike', '1.1.1989.', 'p');
insert into CandidatesData (idno) VALUES (6282);
insert into PartyMembership (pid, idno) VALUES (31, 6282);
insert into Landeslistenplatz (llid, idno, position) VALUES (28, 6282, 32);
insert into Citizen (idno, title, firstname, lastname, dateofbirth, gender) VALUES (6283, '', 'Niemeyer', 'Ralph Thomas', '1.1.1969.', 'p');
insert into CandidatesData (idno) VALUES (6283);
insert into PartyMembership (pid, idno) VALUES (3, 6283);
insert into Candidacy (wkid, idno) VALUES (325, 6283);
insert into Landeslistenplatz (llid, idno, position) VALUES (130, 6283, 12);
insert into Citizen (idno, title, firstname, lastname, dateofbirth, gender) VALUES (6284, '', 'Nier', 'Gerd', '1.1.1947.', 'p');
insert into CandidatesData (idno) VALUES (6284);
insert into PartyMembership (pid, idno) VALUES (3, 6284);
insert into Candidacy (wkid, idno) VALUES (352, 6284);
insert into Landeslistenplatz (llid, idno, position) VALUES (130, 6284, 10);
insert into Citizen (idno, title, firstname, lastname, dateofbirth, gender) VALUES (6285, '', 'Niermann', 'Bernhard', '1.1.1958.', 'p');
insert into CandidatesData (idno) VALUES (6285);
insert into PartyMembership (pid, idno) VALUES (29, 6285);
insert into Landeslistenplatz (llid, idno, position) VALUES (31, 6285, 7);
insert into Citizen (idno, title, firstname, lastname, dateofbirth, gender) VALUES (6286, '', 'Nießner', 'Dieter', '1.1.1947.', 'p');
insert into CandidatesData (idno) VALUES (6286);
insert into PartyMembership (pid, idno) VALUES (36, 6286);
insert into Candidacy (wkid, idno) VALUES (552, 6286);
insert into Landeslistenplatz (llid, idno, position) VALUES (121, 6286, 18);
insert into Citizen (idno, title, firstname, lastname, dateofbirth, gender) VALUES (6287, '', 'Nietan', 'Dietmar Heinrich', '1.1.1964.', 'p');
insert into CandidatesData (idno) VALUES (6287);
insert into PartyMembership (pid, idno) VALUES (2, 6287);
insert into Candidacy (wkid, idno) VALUES (389, 6287);
insert into Landeslistenplatz (llid, idno, position) VALUES (73, 6287, 5);
insert into Citizen (idno, title, firstname, lastname, dateofbirth, gender) VALUES (6288, '', 'Niggemann', 'Franz', '1.1.1963.', 'p');
insert into CandidatesData (idno) VALUES (6288);
insert into PartyMembership (pid, idno) VALUES (33, 6288);
insert into Candidacy (wkid, idno) VALUES (380, 6288);
insert into Citizen (idno, title, firstname, lastname, dateofbirth, gender) VALUES (6289, '', 'Nissen', 'Christian', '1.1.1984.', 'p');
insert into CandidatesData (idno) VALUES (6289);
insert into PartyMembership (pid, idno) VALUES (7, 6289);
insert into Landeslistenplatz (llid, idno, position) VALUES (75, 6289, 23);
insert into Citizen (idno, title, firstname, lastname, dateofbirth, gender) VALUES (6290, '', 'Nissen', 'Ulrike', '1.1.1959.', 'p');
insert into CandidatesData (idno) VALUES (6290);
insert into PartyMembership (pid, idno) VALUES (2, 6290);
insert into Candidacy (wkid, idno) VALUES (482, 6290);
insert into Landeslistenplatz (llid, idno, position) VALUES (54, 6290, 8);
insert into Citizen (idno, title, firstname, lastname, dateofbirth, gender) VALUES (6291, '', 'Nitsche', 'Sven', '1.1.1970.', 'p');
insert into CandidatesData (idno) VALUES (6291);
insert into PartyMembership (pid, idno) VALUES (32, 6291);
insert into Candidacy (wkid, idno) VALUES (577, 6291);
insert into Landeslistenplatz (llid, idno, position) VALUES (91, 6291, 7);
insert into Citizen (idno, title, firstname, lastname, dateofbirth, gender) VALUES (6292, 'Dr. ', 'Nitzsche', 'Thomas', '1.1.1975.', 'p');
insert into CandidatesData (idno) VALUES (6292);
insert into PartyMembership (pid, idno) VALUES (4, 6292);
insert into Candidacy (wkid, idno) VALUES (493, 6292);
insert into Landeslistenplatz (llid, idno, position) VALUES (168, 6292, 4);
insert into Citizen (idno, title, firstname, lastname, dateofbirth, gender) VALUES (6293, '', 'Nitzsche', 'Henry', '1.1.1959.', 'p');
insert into CandidatesData (idno) VALUES (6293);
insert into Candidacy (wkid, idno) VALUES (455, 6293);
insert into Citizen (idno, title, firstname, lastname, dateofbirth, gender) VALUES (6294, '', 'Nobile', 'Sebastian', '1.1.1979.', 'p');
insert into CandidatesData (idno) VALUES (6294);
insert into PartyMembership (pid, idno) VALUES (37, 6294);
insert into Landeslistenplatz (llid, idno, position) VALUES (133, 6294, 2);
insert into Citizen (idno, title, firstname, lastname, dateofbirth, gender) VALUES (6295, '', 'Nobis', 'Jörg Michael', '1.1.1975.', 'p');
insert into CandidatesData (idno) VALUES (6295);
insert into PartyMembership (pid, idno) VALUES (33, 6295);
insert into Candidacy (wkid, idno) VALUES (307, 6295);
insert into Landeslistenplatz (llid, idno, position) VALUES (111, 6295, 21);
insert into Citizen (idno, title, firstname, lastname, dateofbirth, gender) VALUES (6296, '', 'Nocun', 'Katharina', '1.1.1986.', 'p');
insert into CandidatesData (idno) VALUES (6296);
insert into PartyMembership (pid, idno) VALUES (7, 6296);
insert into Candidacy (wkid, idno) VALUES (337, 6296);
insert into Landeslistenplatz (llid, idno, position) VALUES (94, 6296, 2);
insert into Citizen (idno, title, firstname, lastname, dateofbirth, gender) VALUES (6297, '', 'Nöhl', 'Markus', '1.1.1979.', 'p');
insert into CandidatesData (idno) VALUES (6297);
insert into PartyMembership (pid, idno) VALUES (2, 6297);
insert into Landeslistenplatz (llid, idno, position) VALUES (71, 6297, 22);
insert into Citizen (idno, title, firstname, lastname, dateofbirth, gender) VALUES (6298, '', 'Nölke', 'Matthias', '1.1.1980.', 'p');
insert into CandidatesData (idno) VALUES (6298);
insert into PartyMembership (pid, idno) VALUES (4, 6298);
insert into Candidacy (wkid, idno) VALUES (467, 6298);
insert into Landeslistenplatz (llid, idno, position) VALUES (116, 6298, 7);
insert into Citizen (idno, title, firstname, lastname, dateofbirth, gender) VALUES (6299, '', 'Nötzel', 'Dieter', '1.1.1949.', 'p');
insert into CandidatesData (idno) VALUES (6299);
insert into PartyMembership (pid, idno) VALUES (41, 6299);
insert into Candidacy (wkid, idno) VALUES (412, 6299);
insert into Landeslistenplatz (llid, idno, position) VALUES (205, 6299, 2);
insert into Citizen (idno, title, firstname, lastname, dateofbirth, gender) VALUES (6300, '', 'Noll', 'Michaela', '1.1.1959.', 'p');
insert into CandidatesData (idno) VALUES (6300);
insert into PartyMembership (pid, idno) VALUES (12, 6300);
insert into Candidacy (wkid, idno) VALUES (403, 6300);
insert into Landeslistenplatz (llid, idno, position) VALUES (136, 6300, 12);
insert into Citizen (idno, title, firstname, lastname, dateofbirth, gender) VALUES (6301, '', 'Nolte', 'Michael', '1.1.1966.', 'p');
insert into CandidatesData (idno) VALUES (6301);
insert into PartyMembership (pid, idno) VALUES (7, 6301);
insert into Landeslistenplatz (llid, idno, position) VALUES (75, 6301, 16);
insert into Citizen (idno, title, firstname, lastname, dateofbirth, gender) VALUES (6302, '', 'Nord', 'Thomas Hans', '1.1.1957.', 'p');
insert into CandidatesData (idno) VALUES (6302);
insert into PartyMembership (pid, idno) VALUES (3, 6302);
insert into Candidacy (wkid, idno) VALUES (362, 6302);
insert into Landeslistenplatz (llid, idno, position) VALUES (236, 6302, 2);
insert into Citizen (idno, title, firstname, lastname, dateofbirth, gender) VALUES (6303, '', 'Nordheim von', 'Wolfgang-Dietrich', '1.1.1951.', 'p');
insert into CandidatesData (idno) VALUES (6303);
insert into PartyMembership (pid, idno) VALUES (5, 6303);
insert into Candidacy (wkid, idno) VALUES (342, 6303);
insert into Citizen (idno, title, firstname, lastname, dateofbirth, gender) VALUES (6304, '', 'Nordhorn', 'Daniel', '1.1.1969.', 'p');
insert into CandidatesData (idno) VALUES (6304);
insert into PartyMembership (pid, idno) VALUES (1, 6304);
insert into Candidacy (wkid, idno) VALUES (305, 6304);
insert into Landeslistenplatz (llid, idno, position) VALUES (230, 6304, 4);
insert into Citizen (idno, title, firstname, lastname, dateofbirth, gender) VALUES (6305, '', 'Normann', 'Johannes', '1.1.1968.', 'p');
insert into CandidatesData (idno) VALUES (6305);
insert into PartyMembership (pid, idno) VALUES (33, 6305);
insert into Candidacy (wkid, idno) VALUES (546, 6305);
insert into Landeslistenplatz (llid, idno, position) VALUES (166, 6305, 42);
insert into Citizen (idno, title, firstname, lastname, dateofbirth, gender) VALUES (6306, '', 'Nothacker', 'Jutta Maria', '1.1.1961.', 'p');
insert into CandidatesData (idno) VALUES (6306);
insert into PartyMembership (pid, idno) VALUES (12, 6306);
insert into Landeslistenplatz (llid, idno, position) VALUES (88, 6306, 31);
insert into Citizen (idno, title, firstname, lastname, dateofbirth, gender) VALUES (6307, '', 'Nothnagel', 'Maik', '1.1.1966.', 'p');
insert into CandidatesData (idno) VALUES (6307);
insert into PartyMembership (pid, idno) VALUES (3, 6307);
insert into Landeslistenplatz (llid, idno, position) VALUES (79, 6307, 8);
insert into Citizen (idno, title, firstname, lastname, dateofbirth, gender) VALUES (6308, '', 'Notman', 'Marco', '1.1.1988.', 'p');
insert into CandidatesData (idno) VALUES (6308);
insert into PartyMembership (pid, idno) VALUES (3, 6308);
insert into Candidacy (wkid, idno) VALUES (323, 6308);
insert into Citizen (idno, title, firstname, lastname, dateofbirth, gender) VALUES (6309, 'Dr. ', 'Notz von', 'Konstantin', '1.1.1971.', 'p');
insert into CandidatesData (idno) VALUES (6309);
insert into PartyMembership (pid, idno) VALUES (5, 6309);
insert into Candidacy (wkid, idno) VALUES (309, 6309);
insert into Landeslistenplatz (llid, idno, position) VALUES (59, 6309, 2);
insert into Citizen (idno, title, firstname, lastname, dateofbirth, gender) VALUES (6310, '', 'Nouripour', 'Omid', '1.1.1975.', 'p');
insert into CandidatesData (idno) VALUES (6310);
insert into PartyMembership (pid, idno) VALUES (5, 6310);
insert into Candidacy (wkid, idno) VALUES (482, 6310);
insert into Landeslistenplatz (llid, idno, position) VALUES (144, 6310, 2);
insert into Citizen (idno, title, firstname, lastname, dateofbirth, gender) VALUES (6311, '', 'Nowak', 'Helmut Fedor', '1.1.1941.', 'p');
insert into CandidatesData (idno) VALUES (6311);
insert into PartyMembership (pid, idno) VALUES (12, 6311);
insert into Candidacy (wkid, idno) VALUES (400, 6311);
insert into Landeslistenplatz (llid, idno, position) VALUES (136, 6311, 44);
insert into Citizen (idno, title, firstname, lastname, dateofbirth, gender) VALUES (6312, '', 'Nowak', 'Julia', '1.1.1986.', 'p');
insert into CandidatesData (idno) VALUES (6312);
insert into PartyMembership (pid, idno) VALUES (31, 6312);
insert into Landeslistenplatz (llid, idno, position) VALUES (28, 6312, 19);
insert into Citizen (idno, title, firstname, lastname, dateofbirth, gender) VALUES (6313, '', 'Nowak', 'Kim Philipp', '1.1.1983.', 'p');
insert into CandidatesData (idno) VALUES (6313);
insert into PartyMembership (pid, idno) VALUES (19, 6313);
insert into Landeslistenplatz (llid, idno, position) VALUES (224, 6313, 5);
insert into Citizen (idno, title, firstname, lastname, dateofbirth, gender) VALUES (6314, '', 'Nowak', 'Siegfried', '1.1.1958.', 'p');
insert into CandidatesData (idno) VALUES (6314);
insert into PartyMembership (pid, idno) VALUES (3, 6314);
insert into Candidacy (wkid, idno) VALUES (436, 6314);
insert into Citizen (idno, title, firstname, lastname, dateofbirth, gender) VALUES (6315, '', 'Nürnberger', 'Christian', '1.1.1951.', 'p');
insert into CandidatesData (idno) VALUES (6315);
insert into PartyMembership (pid, idno) VALUES (2, 6315);
insert into Candidacy (wkid, idno) VALUES (545, 6315);
insert into Landeslistenplatz (llid, idno, position) VALUES (87, 6315, 33);
insert into Citizen (idno, title, firstname, lastname, dateofbirth, gender) VALUES (6316, 'Dr. ', 'Nüßlein', 'Georg', '1.1.1969.', 'p');
insert into CandidatesData (idno) VALUES (6316);
insert into PartyMembership (pid, idno) VALUES (9, 6316);
insert into Candidacy (wkid, idno) VALUES (554, 6316);
insert into Landeslistenplatz (llid, idno, position) VALUES (47, 6316, 25);
insert into Citizen (idno, title, firstname, lastname, dateofbirth, gender) VALUES (6317, '', 'Oberhäuser', 'Petra', '1.1.1970.', 'p');
insert into CandidatesData (idno) VALUES (6317);
insert into PartyMembership (pid, idno) VALUES (9, 6317);
insert into Landeslistenplatz (llid, idno, position) VALUES (47, 6317, 50);
insert into Citizen (idno, title, firstname, lastname, dateofbirth, gender) VALUES (6318, '', 'Oberhausen', 'Volker', '1.1.1959.', 'p');
insert into CandidatesData (idno) VALUES (6318);
insert into PartyMembership (pid, idno) VALUES (12, 6318);
insert into Landeslistenplatz (llid, idno, position) VALUES (53, 6318, 19);
insert into Citizen (idno, title, firstname, lastname, dateofbirth, gender) VALUES (6319, '', 'Odabasi', 'Eyüp', '1.1.1971.', 'p');
insert into CandidatesData (idno) VALUES (6319);
insert into PartyMembership (pid, idno) VALUES (5, 6319);
insert into Candidacy (wkid, idno) VALUES (432, 6319);
insert into Citizen (idno, title, firstname, lastname, dateofbirth, gender) VALUES (6320, '', 'Odebrecht', 'Julia Dela Miriam', '1.1.1980.', 'p');
insert into CandidatesData (idno) VALUES (6320);
insert into PartyMembership (pid, idno) VALUES (2, 6320);
insert into Landeslistenplatz (llid, idno, position) VALUES (64, 6320, 5);
insert into Citizen (idno, title, firstname, lastname, dateofbirth, gender) VALUES (6321, '', 'Öhlenschläger', 'Doris', '1.1.1960.', 'p');
insert into CandidatesData (idno) VALUES (6321);
insert into PartyMembership (pid, idno) VALUES (32, 6321);
insert into Landeslistenplatz (llid, idno, position) VALUES (141, 6321, 7);
insert into Citizen (idno, title, firstname, lastname, dateofbirth, gender) VALUES (6322, '', 'Oel', 'Hans-Albrecht', '1.1.1951.', 'p');
insert into CandidatesData (idno) VALUES (6322);
insert into PartyMembership (pid, idno) VALUES (39, 6322);
insert into Landeslistenplatz (llid, idno, position) VALUES (81, 6322, 2);
insert into Citizen (idno, title, firstname, lastname, dateofbirth, gender) VALUES (6323, '', 'Oelkers', 'Mathes', '1.1.1964.', 'p');
insert into CandidatesData (idno) VALUES (6323);
insert into PartyMembership (pid, idno) VALUES (29, 6323);
insert into Landeslistenplatz (llid, idno, position) VALUES (31, 6323, 3);
insert into Citizen (idno, title, firstname, lastname, dateofbirth, gender) VALUES (6324, '', 'Oellers', 'Wilfried', '1.1.1975.', 'p');
insert into CandidatesData (idno) VALUES (6324);
insert into PartyMembership (pid, idno) VALUES (12, 6324);
insert into Candidacy (wkid, idno) VALUES (388, 6324);
insert into Landeslistenplatz (llid, idno, position) VALUES (136, 6324, 54);
insert into Citizen (idno, title, firstname, lastname, dateofbirth, gender) VALUES (6325, '', 'Oeltjen', 'Claus', '1.1.1937.', 'p');
insert into CandidatesData (idno) VALUES (6325);
insert into PartyMembership (pid, idno) VALUES (1, 6325);
insert into Candidacy (wkid, idno) VALUES (333, 6325);
insert into Citizen (idno, title, firstname, lastname, dateofbirth, gender) VALUES (6326, '', 'Oettler', 'Frank', '1.1.1966.', 'p');
insert into CandidatesData (idno) VALUES (6326);
insert into PartyMembership (pid, idno) VALUES (13, 6326);
insert into Candidacy (wkid, idno) VALUES (371, 6326);
insert into Landeslistenplatz (llid, idno, position) VALUES (227, 6326, 2);
insert into Citizen (idno, title, firstname, lastname, dateofbirth, gender) VALUES (6327, '', 'Oetzel', 'Daniel', '1.1.1988.', 'p');
insert into CandidatesData (idno) VALUES (6327);
insert into PartyMembership (pid, idno) VALUES (4, 6327);
insert into Landeslistenplatz (llid, idno, position) VALUES (100, 6327, 6);
insert into Citizen (idno, title, firstname, lastname, dateofbirth, gender) VALUES (6328, '', 'Özdemir', 'Cem', '1.1.1965.', 'p');
insert into CandidatesData (idno) VALUES (6328);
insert into PartyMembership (pid, idno) VALUES (5, 6328);
insert into Candidacy (wkid, idno) VALUES (557, 6328);
insert into Landeslistenplatz (llid, idno, position) VALUES (61, 6328, 2);
insert into Citizen (idno, title, firstname, lastname, dateofbirth, gender) VALUES (6329, '', 'Özdemir', 'Mahmut', '1.1.1987.', 'p');
insert into CandidatesData (idno) VALUES (6329);
insert into PartyMembership (pid, idno) VALUES (2, 6329);
insert into Candidacy (wkid, idno) VALUES (415, 6329);
insert into Landeslistenplatz (llid, idno, position) VALUES (73, 6329, 60);
insert into Citizen (idno, title, firstname, lastname, dateofbirth, gender) VALUES (6330, '', 'Özman', 'Korkmaz', '1.1.1976.', 'p');
insert into CandidatesData (idno) VALUES (6330);
insert into PartyMembership (pid, idno) VALUES (12, 6330);
insert into Landeslistenplatz (llid, idno, position) VALUES (117, 6330, 13);
insert into Citizen (idno, title, firstname, lastname, dateofbirth, gender) VALUES (6331, '', 'Özoguz', 'Aydan', '1.1.1967.', 'p');
insert into CandidatesData (idno) VALUES (6331);
insert into PartyMembership (pid, idno) VALUES (2, 6331);
insert into Candidacy (wkid, idno) VALUES (321, 6331);
insert into Landeslistenplatz (llid, idno, position) VALUES (64, 6331, 1);
insert into Citizen (idno, title, firstname, lastname, dateofbirth, gender) VALUES (6332, '', 'Öztürk', 'Mustafa', '1.1.1985.', 'p');
insert into CandidatesData (idno) VALUES (6332);
insert into PartyMembership (pid, idno) VALUES (34, 6332);
insert into Landeslistenplatz (llid, idno, position) VALUES (187, 6332, 8);
insert into Citizen (idno, title, firstname, lastname, dateofbirth, gender) VALUES (6333, '', 'Offermann', 'Rolf', '1.1.1960.', 'p');
insert into CandidatesData (idno) VALUES (6333);
insert into PartyMembership (pid, idno) VALUES (4, 6333);
insert into Candidacy (wkid, idno) VALUES (362, 6333);
insert into Landeslistenplatz (llid, idno, position) VALUES (250, 6333, 9);
insert into Citizen (idno, title, firstname, lastname, dateofbirth, gender) VALUES (6334, '', 'Ohler', 'Sebastian', '1.1.1966.', 'p');
insert into CandidatesData (idno) VALUES (6334);
insert into PartyMembership (pid, idno) VALUES (5, 6334);
insert into Candidacy (wkid, idno) VALUES (420, 6334);
insert into Citizen (idno, title, firstname, lastname, dateofbirth, gender) VALUES (6335, '', 'Ohms', 'Ulf', '1.1.1960.', 'p');
insert into CandidatesData (idno) VALUES (6335);
insert into PartyMembership (pid, idno) VALUES (32, 6335);
insert into Candidacy (wkid, idno) VALUES (321, 6335);
insert into Citizen (idno, title, firstname, lastname, dateofbirth, gender) VALUES (6336, '', 'Ohse', 'Michael', '1.1.1956.', 'p');
insert into CandidatesData (idno) VALUES (6336);
insert into PartyMembership (pid, idno) VALUES (3, 6336);
insert into Candidacy (wkid, idno) VALUES (351, 6336);
insert into Citizen (idno, title, firstname, lastname, dateofbirth, gender) VALUES (6337, '', 'Olbrich-Tripp', 'Elke Elfriede', '1.1.1956.', 'p');
insert into CandidatesData (idno) VALUES (6337);
insert into PartyMembership (pid, idno) VALUES (5, 6337);
insert into Candidacy (wkid, idno) VALUES (449, 6337);
insert into Citizen (idno, title, firstname, lastname, dateofbirth, gender) VALUES (6338, 'Dr. ', 'Olhausen', 'Manuela', '1.1.1971.', 'p');
insert into CandidatesData (idno) VALUES (6338);
insert into PartyMembership (pid, idno) VALUES (9, 6338);
insert into Landeslistenplatz (llid, idno, position) VALUES (47, 6338, 42);
insert into Citizen (idno, title, firstname, lastname, dateofbirth, gender) VALUES (6339, '', 'Ollert', 'Ralf Günther Josef', '1.1.1960.', 'p');
insert into CandidatesData (idno) VALUES (6339);
insert into PartyMembership (pid, idno) VALUES (1, 6339);
insert into Landeslistenplatz (llid, idno, position) VALUES (216, 6339, 4);
insert into Citizen (idno, title, firstname, lastname, dateofbirth, gender) VALUES (6340, '', 'Onken', 'Lennart', '1.1.1994.', 'p');
insert into CandidatesData (idno) VALUES (6340);
insert into PartyMembership (pid, idno) VALUES (3, 6340);
insert into Candidacy (wkid, idno) VALUES (334, 6340);
insert into Citizen (idno, title, firstname, lastname, dateofbirth, gender) VALUES (6341, '', 'Oppel', 'Werner Josef', '1.1.1945.', 'p');
insert into CandidatesData (idno) VALUES (6341);
insert into PartyMembership (pid, idno) VALUES (41, 6341);
insert into Candidacy (wkid, idno) VALUES (553, 6341);
insert into Landeslistenplatz (llid, idno, position) VALUES (152, 6341, 8);
insert into Citizen (idno, title, firstname, lastname, dateofbirth, gender) VALUES (6342, '', 'Oppermann', 'Hans-Joachim', '1.1.1941.', 'p');
insert into CandidatesData (idno) VALUES (6342);
insert into PartyMembership (pid, idno) VALUES (18, 6342);
insert into Landeslistenplatz (llid, idno, position) VALUES (239, 6342, 3);
insert into Citizen (idno, title, firstname, lastname, dateofbirth, gender) VALUES (6343, '', 'Oppermann', 'Thomas', '1.1.1954.', 'p');
insert into CandidatesData (idno) VALUES (6343);
insert into PartyMembership (pid, idno) VALUES (2, 6343);
insert into Candidacy (wkid, idno) VALUES (352, 6343);
insert into Landeslistenplatz (llid, idno, position) VALUES (69, 6343, 3);
insert into Citizen (idno, title, firstname, lastname, dateofbirth, gender) VALUES (6344, '', 'Orth', 'Joachim', '1.1.1955.', 'p');
insert into CandidatesData (idno) VALUES (6344);
insert into PartyMembership (pid, idno) VALUES (32, 6344);
insert into Candidacy (wkid, idno) VALUES (393, 6344);
insert into Landeslistenplatz (llid, idno, position) VALUES (143, 6344, 14);
insert into Citizen (idno, title, firstname, lastname, dateofbirth, gender) VALUES (6345, '', 'Orth', 'Kim Julia', '1.1.1986.', 'p');
insert into CandidatesData (idno) VALUES (6345);
insert into PartyMembership (pid, idno) VALUES (7, 6345);
insert into Candidacy (wkid, idno) VALUES (511, 6345);
insert into Landeslistenplatz (llid, idno, position) VALUES (173, 6345, 8);
insert into Citizen (idno, title, firstname, lastname, dateofbirth, gender) VALUES (6346, '', 'Osburg', 'Alexandra', '1.1.1971.', 'p');
insert into CandidatesData (idno) VALUES (6346);
insert into PartyMembership (pid, idno) VALUES (7, 6346);
insert into Candidacy (wkid, idno) VALUES (390, 6346);
insert into Citizen (idno, title, firstname, lastname, dateofbirth, gender) VALUES (6347, '', 'Oßenberg', 'Hans-Joachim', '1.1.1956.', 'p');
insert into CandidatesData (idno) VALUES (6347);
insert into PartyMembership (pid, idno) VALUES (7, 6347);
insert into Candidacy (wkid, idno) VALUES (449, 6347);
insert into Citizen (idno, title, firstname, lastname, dateofbirth, gender) VALUES (6348, '', 'Ossenkopp', 'Stephan', '1.1.1969.', 'p');
insert into CandidatesData (idno) VALUES (6348);
insert into PartyMembership (pid, idno) VALUES (10, 6348);
insert into Candidacy (wkid, idno) VALUES (558, 6348);
insert into Landeslistenplatz (llid, idno, position) VALUES (150, 6348, 1);
insert into Citizen (idno, title, firstname, lastname, dateofbirth, gender) VALUES (6349, '', 'Oßner', 'Florian', '1.1.1980.', 'p');
insert into CandidatesData (idno) VALUES (6349);
insert into PartyMembership (pid, idno) VALUES (9, 6349);
insert into Candidacy (wkid, idno) VALUES (527, 6349);
insert into Citizen (idno, title, firstname, lastname, dateofbirth, gender) VALUES (6350, '', 'Ostendorff', 'Friedrich', '1.1.1953.', 'p');
insert into CandidatesData (idno) VALUES (6350);
insert into PartyMembership (pid, idno) VALUES (5, 6350);
insert into Candidacy (wkid, idno) VALUES (426, 6350);
insert into Landeslistenplatz (llid, idno, position) VALUES (83, 6350, 12);
insert into Citizen (idno, title, firstname, lastname, dateofbirth, gender) VALUES (6351, '', 'Oster', 'Harald', '1.1.1970.', 'p');
insert into CandidatesData (idno) VALUES (6351);
insert into PartyMembership (pid, idno) VALUES (4, 6351);
insert into Candidacy (wkid, idno) VALUES (373, 6351);
insert into Landeslistenplatz (llid, idno, position) VALUES (35, 6351, 4);
insert into Citizen (idno, title, firstname, lastname, dateofbirth, gender) VALUES (6352, '', 'Osterkamp', 'Ralph', '1.1.1969.', 'p');
insert into CandidatesData (idno) VALUES (6352);
insert into PartyMembership (pid, idno) VALUES (7, 6352);
insert into Candidacy (wkid, idno) VALUES (555, 6352);
insert into Citizen (idno, title, firstname, lastname, dateofbirth, gender) VALUES (6353, '', 'Ostermann', 'Claudia', '1.1.1975.', 'p');
insert into CandidatesData (idno) VALUES (6353);
insert into PartyMembership (pid, idno) VALUES (5, 6353);
insert into Landeslistenplatz (llid, idno, position) VALUES (151, 6353, 5);
insert into Citizen (idno, title, firstname, lastname, dateofbirth, gender) VALUES (6354, 'Dr. ', 'Ostermann', 'Tim', '1.1.1979.', 'p');
insert into CandidatesData (idno) VALUES (6354);
insert into PartyMembership (pid, idno) VALUES (12, 6354);
insert into Candidacy (wkid, idno) VALUES (432, 6354);
insert into Landeslistenplatz (llid, idno, position) VALUES (136, 6354, 36);
insert into Citizen (idno, title, firstname, lastname, dateofbirth, gender) VALUES (6355, '', 'Ott', 'Hans-Detlef', '1.1.1969.', 'p');
insert into CandidatesData (idno) VALUES (6355);
insert into PartyMembership (pid, idno) VALUES (5, 6355);
insert into Candidacy (wkid, idno) VALUES (575, 6355);
insert into Citizen (idno, title, firstname, lastname, dateofbirth, gender) VALUES (6356, '', 'Ott', 'Hermann', '1.1.1961.', 'p');
insert into CandidatesData (idno) VALUES (6356);
insert into PartyMembership (pid, idno) VALUES (5, 6356);
insert into Candidacy (wkid, idno) VALUES (401, 6356);
insert into Landeslistenplatz (llid, idno, position) VALUES (83, 6356, 18);
insert into Citizen (idno, title, firstname, lastname, dateofbirth, gender) VALUES (6357, '', 'Otte', 'Henning', '1.1.1968.', 'p');
insert into CandidatesData (idno) VALUES (6357);
insert into PartyMembership (pid, idno) VALUES (12, 6357);
insert into Candidacy (wkid, idno) VALUES (343, 6357);
insert into Landeslistenplatz (llid, idno, position) VALUES (44, 6357, 12);
insert into Citizen (idno, title, firstname, lastname, dateofbirth, gender) VALUES (6358, '', 'Otte', 'Stephan', '1.1.1980.', 'p');
insert into CandidatesData (idno) VALUES (6358);
insert into PartyMembership (pid, idno) VALUES (4, 6358);
insert into Candidacy (wkid, idno) VALUES (539, 6358);
insert into Landeslistenplatz (llid, idno, position) VALUES (102, 6358, 37);
insert into Citizen (idno, title, firstname, lastname, dateofbirth, gender) VALUES (6359, '', 'Otten', 'Gerold Joachim', '1.1.1955.', 'p');
insert into CandidatesData (idno) VALUES (6359);
insert into PartyMembership (pid, idno) VALUES (33, 6359);
insert into Landeslistenplatz (llid, idno, position) VALUES (166, 6359, 8);
insert into Citizen (idno, title, firstname, lastname, dateofbirth, gender) VALUES (6360, '', 'Ottmar', 'Matthias', '1.1.1981.', 'p');
insert into CandidatesData (idno) VALUES (6360);
insert into PartyMembership (pid, idno) VALUES (19, 6360);
insert into Landeslistenplatz (llid, idno, position) VALUES (224, 6360, 2);
insert into Citizen (idno, title, firstname, lastname, dateofbirth, gender) VALUES (6361, '', 'Otto', 'André', '1.1.1971.', 'p');
insert into CandidatesData (idno) VALUES (6361);
insert into Candidacy (wkid, idno) VALUES (384, 6361);
insert into Citizen (idno, title, firstname, lastname, dateofbirth, gender) VALUES (6362, '', 'Otto', 'Andreas', '1.1.1962.', 'p');
insert into CandidatesData (idno) VALUES (6362);
insert into PartyMembership (pid, idno) VALUES (5, 6362);
insert into Candidacy (wkid, idno) VALUES (375, 6362);
insert into Landeslistenplatz (llid, idno, position) VALUES (249, 6362, 4);
insert into Citizen (idno, title, firstname, lastname, dateofbirth, gender) VALUES (6363, '', 'Otto', 'Birgit', '1.1.1957.', 'p');
insert into CandidatesData (idno) VALUES (6363);
insert into PartyMembership (pid, idno) VALUES (12, 6363);
insert into Landeslistenplatz (llid, idno, position) VALUES (88, 6363, 25);
insert into Citizen (idno, title, firstname, lastname, dateofbirth, gender) VALUES (6364, '', 'Otto', 'Carsten', '1.1.1960.', 'p');
insert into CandidatesData (idno) VALUES (6364);
insert into PartyMembership (pid, idno) VALUES (37, 6364);
insert into Landeslistenplatz (llid, idno, position) VALUES (235, 6364, 5);
insert into Citizen (idno, title, firstname, lastname, dateofbirth, gender) VALUES (6365, '', 'Otto', 'Cornelia', '1.1.1974.', 'p');
insert into CandidatesData (idno) VALUES (6365);
insert into PartyMembership (pid, idno) VALUES (7, 6365);
insert into Landeslistenplatz (llid, idno, position) VALUES (206, 6365, 1);
insert into Citizen (idno, title, firstname, lastname, dateofbirth, gender) VALUES (6366, 'Dr. ', 'Otto', 'Manfred Ernst Gerhard', '1.1.1952.', 'p');
insert into CandidatesData (idno) VALUES (6366);
insert into PartyMembership (pid, idno) VALUES (33, 6366);
insert into Candidacy (wkid, idno) VALUES (345, 6366);
insert into Citizen (idno, title, firstname, lastname, dateofbirth, gender) VALUES (6367, '', 'Otto', 'Hans-Joachim', '1.1.1952.', 'p');
insert into CandidatesData (idno) VALUES (6367);
insert into PartyMembership (pid, idno) VALUES (4, 6367);
insert into Candidacy (wkid, idno) VALUES (481, 6367);
insert into Citizen (idno, title, firstname, lastname, dateofbirth, gender) VALUES (6368, '', 'Ottweiler', 'Gottfried Helmut', '1.1.1954.', 'p');
insert into CandidatesData (idno) VALUES (6368);
insert into PartyMembership (pid, idno) VALUES (33, 6368);
insert into Candidacy (wkid, idno) VALUES (403, 6368);
insert into Citizen (idno, title, firstname, lastname, dateofbirth, gender) VALUES (6369, '', 'Otzen', 'Kai', '1.1.1961.', 'p');
insert into CandidatesData (idno) VALUES (6369);
insert into PartyMembership (pid, idno) VALUES (1, 6369);
insert into Candidacy (wkid, idno) VALUES (310, 6369);
insert into Landeslistenplatz (llid, idno, position) VALUES (230, 6369, 3);
insert into Citizen (idno, title, firstname, lastname, dateofbirth, gender) VALUES (6370, '', 'Paar', 'Hans-Jürgen', '1.1.1940.', 'p');
insert into CandidatesData (idno) VALUES (6370);
insert into PartyMembership (pid, idno) VALUES (41, 6370);
insert into Candidacy (wkid, idno) VALUES (540, 6370);
insert into Landeslistenplatz (llid, idno, position) VALUES (152, 6370, 7);
insert into Citizen (idno, title, firstname, lastname, dateofbirth, gender) VALUES (6371, '', 'Pabst', 'Johannes', '1.1.1953.', 'p');
insert into CandidatesData (idno) VALUES (6371);
insert into PartyMembership (pid, idno) VALUES (4, 6371);
insert into Candidacy (wkid, idno) VALUES (552, 6371);
insert into Landeslistenplatz (llid, idno, position) VALUES (102, 6371, 29);
insert into Citizen (idno, title, firstname, lastname, dateofbirth, gender) VALUES (6372, 'Dr. ', 'Pätzold', 'Martin', '1.1.1984.', 'p');
insert into CandidatesData (idno) VALUES (6372);
insert into PartyMembership (pid, idno) VALUES (12, 6372);
insert into Candidacy (wkid, idno) VALUES (385, 6372);
insert into Landeslistenplatz (llid, idno, position) VALUES (117, 6372, 7);
insert into Citizen (idno, title, firstname, lastname, dateofbirth, gender) VALUES (6373, '', 'Pätzold', 'Robert', '1.1.1977.', 'p');
insert into CandidatesData (idno) VALUES (6373);
insert into PartyMembership (pid, idno) VALUES (31, 6373);
insert into Landeslistenplatz (llid, idno, position) VALUES (28, 6373, 43);
insert into Citizen (idno, title, firstname, lastname, dateofbirth, gender) VALUES (6374, '', 'Pahlmann', 'Ingrid', '1.1.1957.', 'p');
insert into CandidatesData (idno) VALUES (6374);
insert into PartyMembership (pid, idno) VALUES (12, 6374);
insert into Candidacy (wkid, idno) VALUES (344, 6374);
insert into Landeslistenplatz (llid, idno, position) VALUES (44, 6374, 14);
insert into Citizen (idno, title, firstname, lastname, dateofbirth, gender) VALUES (6375, '', 'Palm', 'Ingeborg', '1.1.1953.', 'p');
insert into CandidatesData (idno) VALUES (6375);
insert into PartyMembership (pid, idno) VALUES (1, 6375);
insert into Landeslistenplatz (llid, idno, position) VALUES (238, 6375, 3);
insert into Citizen (idno, title, firstname, lastname, dateofbirth, gender) VALUES (6376, '', 'Pancescu', 'Dragos', '1.1.1967.', 'p');
insert into CandidatesData (idno) VALUES (6376);
insert into PartyMembership (pid, idno) VALUES (5, 6376);
insert into Candidacy (wkid, idno) VALUES (327, 6376);
insert into Landeslistenplatz (llid, idno, position) VALUES (142, 6376, 12);
insert into Citizen (idno, title, firstname, lastname, dateofbirth, gender) VALUES (6377, '', 'Panetta', 'Rodolfo', '1.1.1952.', 'p');
insert into CandidatesData (idno) VALUES (6377);
insert into PartyMembership (pid, idno) VALUES (19, 6377);
insert into Landeslistenplatz (llid, idno, position) VALUES (182, 6377, 8);
insert into Citizen (idno, title, firstname, lastname, dateofbirth, gender) VALUES (6378, '', 'Panhey', 'Mathias', '1.1.1987.', 'p');
insert into CandidatesData (idno) VALUES (6378);
insert into PartyMembership (pid, idno) VALUES (1, 6378);
insert into Landeslistenplatz (llid, idno, position) VALUES (62, 6378, 11);
insert into Citizen (idno, title, firstname, lastname, dateofbirth, gender) VALUES (6379, '', 'Pankau', 'Sabine-Brigitte', '1.1.1969.', 'p');
insert into CandidatesData (idno) VALUES (6379);
insert into PartyMembership (pid, idno) VALUES (42, 6379);
insert into Landeslistenplatz (llid, idno, position) VALUES (232, 6379, 2);
insert into Citizen (idno, title, firstname, lastname, dateofbirth, gender) VALUES (6380, '', 'Pannicke', 'Rolf', '1.1.1969.', 'p');
insert into CandidatesData (idno) VALUES (6380);
insert into PartyMembership (pid, idno) VALUES (3, 6380);
insert into Candidacy (wkid, idno) VALUES (526, 6380);
insert into Citizen (idno, title, firstname, lastname, dateofbirth, gender) VALUES (6381, '', 'Pantel', 'Sylvia', '1.1.1961.', 'p');
insert into CandidatesData (idno) VALUES (6381);
insert into PartyMembership (pid, idno) VALUES (12, 6381);
insert into Candidacy (wkid, idno) VALUES (406, 6381);
insert into Landeslistenplatz (llid, idno, position) VALUES (136, 6381, 45);
insert into Citizen (idno, title, firstname, lastname, dateofbirth, gender) VALUES (6382, '', 'Pap', 'Christian', '1.1.1979.', 'p');
insert into CandidatesData (idno) VALUES (6382);
insert into Candidacy (wkid, idno) VALUES (373, 6382);
insert into Citizen (idno, title, firstname, lastname, dateofbirth, gender) VALUES (6383, '', 'Pappler', 'Anette', '1.1.1972.', 'p');
insert into CandidatesData (idno) VALUES (6383);
insert into PartyMembership (pid, idno) VALUES (2, 6383);
insert into Candidacy (wkid, idno) VALUES (540, 6383);
insert into Landeslistenplatz (llid, idno, position) VALUES (87, 6383, 28);
insert into Citizen (idno, title, firstname, lastname, dateofbirth, gender) VALUES (6384, '', 'Parbs', 'Eva Anna', '1.1.1948.', 'p');
insert into CandidatesData (idno) VALUES (6384);
insert into PartyMembership (pid, idno) VALUES (4, 6384);
insert into Landeslistenplatz (llid, idno, position) VALUES (100, 6384, 5);
insert into Citizen (idno, title, firstname, lastname, dateofbirth, gender) VALUES (6385, '', 'Paris', 'Michael Walter', '1.1.1955.', 'p');
insert into CandidatesData (idno) VALUES (6385);
insert into Candidacy (wkid, idno) VALUES (482, 6385);
insert into Citizen (idno, title, firstname, lastname, dateofbirth, gender) VALUES (6386, '', 'Parr', 'Andreas', '1.1.1971.', 'p');
insert into CandidatesData (idno) VALUES (6386);
insert into PartyMembership (pid, idno) VALUES (2, 6386);
insert into Candidacy (wkid, idno) VALUES (546, 6386);
insert into Landeslistenplatz (llid, idno, position) VALUES (87, 6386, 27);
insert into Citizen (idno, title, firstname, lastname, dateofbirth, gender) VALUES (6387, '', 'Parzatka-Lipinski', 'Henryk Alfons', '1.1.1956.', 'p');
insert into CandidatesData (idno) VALUES (6387);
insert into PartyMembership (pid, idno) VALUES (32, 6387);
insert into Candidacy (wkid, idno) VALUES (381, 6387);
insert into Landeslistenplatz (llid, idno, position) VALUES (195, 6387, 4);
insert into Citizen (idno, title, firstname, lastname, dateofbirth, gender) VALUES (6388, '', 'Paschke', 'Markus', '1.1.1963.', 'p');
insert into CandidatesData (idno) VALUES (6388);
insert into PartyMembership (pid, idno) VALUES (2, 6388);
insert into Candidacy (wkid, idno) VALUES (324, 6388);
insert into Landeslistenplatz (llid, idno, position) VALUES (69, 6388, 13);
insert into Citizen (idno, title, firstname, lastname, dateofbirth, gender) VALUES (6389, '', 'Pastörs', 'Marianne', '1.1.1953.', 'p');
insert into CandidatesData (idno) VALUES (6389);
insert into PartyMembership (pid, idno) VALUES (1, 6389);
insert into Landeslistenplatz (llid, idno, position) VALUES (62, 6389, 6);
insert into Citizen (idno, title, firstname, lastname, dateofbirth, gender) VALUES (6390, '', 'Pastörs', 'Udo Michael Wilhelm', '1.1.1952.', 'p');
insert into CandidatesData (idno) VALUES (6390);
insert into PartyMembership (pid, idno) VALUES (1, 6390);
insert into Candidacy (wkid, idno) VALUES (311, 6390);
insert into Landeslistenplatz (llid, idno, position) VALUES (62, 6390, 1);
insert into Citizen (idno, title, firstname, lastname, dateofbirth, gender) VALUES (6391, 'Dr. ', 'Patatzki', 'Johannes Georg', '1.1.1963.', 'p');
insert into CandidatesData (idno) VALUES (6391);
insert into PartyMembership (pid, idno) VALUES (33, 6391);
insert into Landeslistenplatz (llid, idno, position) VALUES (80, 6391, 32);
insert into Citizen (idno, title, firstname, lastname, dateofbirth, gender) VALUES (6392, '', 'Patzelt', 'Martin Maria Otto Felix', '1.1.1947.', 'p');
insert into CandidatesData (idno) VALUES (6392);
insert into PartyMembership (pid, idno) VALUES (12, 6392);
insert into Candidacy (wkid, idno) VALUES (362, 6392);
insert into Landeslistenplatz (llid, idno, position) VALUES (218, 6392, 10);
insert into Citizen (idno, title, firstname, lastname, dateofbirth, gender) VALUES (6393, '', 'Patzelt', 'Remy', '1.1.1984.', 'p');
insert into CandidatesData (idno) VALUES (6393);
insert into PartyMembership (pid, idno) VALUES (7, 6393);
insert into Candidacy (wkid, idno) VALUES (566, 6393);
insert into Citizen (idno, title, firstname, lastname, dateofbirth, gender) VALUES (6394, '', 'Pau', 'Petra Angelika', '1.1.1963.', 'p');
insert into CandidatesData (idno) VALUES (6394);
insert into PartyMembership (pid, idno) VALUES (3, 6394);
insert into Candidacy (wkid, idno) VALUES (384, 6394);
insert into Landeslistenplatz (llid, idno, position) VALUES (196, 6394, 2);
insert into Citizen (idno, title, firstname, lastname, dateofbirth, gender) VALUES (6395, '', 'Paul', 'Stefan', '1.1.1976.', 'p');
insert into CandidatesData (idno) VALUES (6395);
insert into PartyMembership (pid, idno) VALUES (2, 6395);
insert into Landeslistenplatz (llid, idno, position) VALUES (54, 6395, 41);
insert into Citizen (idno, title, firstname, lastname, dateofbirth, gender) VALUES (6396, '', 'Pauli', 'Karl-Heinz', '1.1.1953.', 'p');
insert into CandidatesData (idno) VALUES (6396);
insert into PartyMembership (pid, idno) VALUES (13, 6396);
insert into Landeslistenplatz (llid, idno, position) VALUES (96, 6396, 13);
insert into Citizen (idno, title, firstname, lastname, dateofbirth, gender) VALUES (6397, '', 'Paulick', 'Sascha Manfred', '1.1.1971.', 'p');
insert into CandidatesData (idno) VALUES (6397);
insert into PartyMembership (pid, idno) VALUES (33, 6397);
insert into Candidacy (wkid, idno) VALUES (377, 6397);
insert into Citizen (idno, title, firstname, lastname, dateofbirth, gender) VALUES (6398, '', 'Paulitz', 'Annabell', '1.1.1992.', 'p');
insert into CandidatesData (idno) VALUES (6398);
insert into PartyMembership (pid, idno) VALUES (10, 6398);
insert into Landeslistenplatz (llid, idno, position) VALUES (177, 6398, 10);
insert into Citizen (idno, title, firstname, lastname, dateofbirth, gender) VALUES (6399, '', 'Paulsen', 'Jens', '1.1.1948.', 'p');
insert into CandidatesData (idno) VALUES (6399);
insert into PartyMembership (pid, idno) VALUES (33, 6399);
insert into Candidacy (wkid, idno) VALUES (329, 6399);
insert into Landeslistenplatz (llid, idno, position) VALUES (30, 6399, 3);
insert into Citizen (idno, title, firstname, lastname, dateofbirth, gender) VALUES (6400, '', 'Paulus', 'Jutta', '1.1.1967.', 'p');
insert into CandidatesData (idno) VALUES (6400);
insert into PartyMembership (pid, idno) VALUES (5, 6400);
insert into Candidacy (wkid, idno) VALUES (508, 6400);
insert into Landeslistenplatz (llid, idno, position) VALUES (213, 6400, 13);
insert into Citizen (idno, title, firstname, lastname, dateofbirth, gender) VALUES (6401, '', 'Paulwitz', 'Michael', '1.1.1965.', 'p');
insert into CandidatesData (idno) VALUES (6401);
insert into PartyMembership (pid, idno) VALUES (19, 6401);
insert into Landeslistenplatz (llid, idno, position) VALUES (182, 6401, 19);
insert into Citizen (idno, title, firstname, lastname, dateofbirth, gender) VALUES (6402, '', 'Pauly', 'Heinz-Dieter', '1.1.1945.', 'p');
insert into CandidatesData (idno) VALUES (6402);
insert into PartyMembership (pid, idno) VALUES (4, 6402);
insert into Candidacy (wkid, idno) VALUES (534, 6402);
insert into Landeslistenplatz (llid, idno, position) VALUES (102, 6402, 31);
insert into Citizen (idno, title, firstname, lastname, dateofbirth, gender) VALUES (6403, '', 'Pauly', 'Michel', '1.1.1985.', 'p');
insert into CandidatesData (idno) VALUES (6403);
insert into PartyMembership (pid, idno) VALUES (3, 6403);
insert into Candidacy (wkid, idno) VALUES (335, 6403);
insert into Citizen (idno, title, firstname, lastname, dateofbirth, gender) VALUES (6404, '', 'Paus', 'Lisa', '1.1.1968.', 'p');
insert into CandidatesData (idno) VALUES (6404);
insert into PartyMembership (pid, idno) VALUES (5, 6404);
insert into Candidacy (wkid, idno) VALUES (379, 6404);
insert into Landeslistenplatz (llid, idno, position) VALUES (249, 6404, 3);
insert into Citizen (idno, title, firstname, lastname, dateofbirth, gender) VALUES (6405, '', 'Peckmann', 'Holger', '1.1.1967.', 'p');
insert into CandidatesData (idno) VALUES (6405);
insert into PartyMembership (pid, idno) VALUES (7, 6405);
insert into Candidacy (wkid, idno) VALUES (494, 6405);
insert into Citizen (idno, title, firstname, lastname, dateofbirth, gender) VALUES (6406, '', 'Peddinghaus', 'Dirk', '1.1.1962.', 'p');
insert into CandidatesData (idno) VALUES (6406);
insert into PartyMembership (pid, idno) VALUES (2, 6406);
insert into Candidacy (wkid, idno) VALUES (300, 6406);
insert into Landeslistenplatz (llid, idno, position) VALUES (103, 6406, 11);
insert into Citizen (idno, title, firstname, lastname, dateofbirth, gender) VALUES (6407, '', 'Peer', 'Oliver', '1.1.1966.', 'p');
insert into CandidatesData (idno) VALUES (6407);
insert into PartyMembership (pid, idno) VALUES (10, 6407);
insert into Landeslistenplatz (llid, idno, position) VALUES (150, 6407, 6);
insert into Citizen (idno, title, firstname, lastname, dateofbirth, gender) VALUES (6408, '', 'Peine', 'Martina Maria', '1.1.1961.', 'p');
insert into CandidatesData (idno) VALUES (6408);
insert into PartyMembership (pid, idno) VALUES (12, 6408);
insert into Landeslistenplatz (llid, idno, position) VALUES (44, 6408, 36);
insert into Citizen (idno, title, firstname, lastname, dateofbirth, gender) VALUES (6409, '', 'Peltz', 'Horst Artur', '1.1.1949.', 'p');
insert into CandidatesData (idno) VALUES (6409);
insert into PartyMembership (pid, idno) VALUES (36, 6409);
insert into Landeslistenplatz (llid, idno, position) VALUES (84, 6409, 13);
insert into Citizen (idno, title, firstname, lastname, dateofbirth, gender) VALUES (6410, '', 'Penk', 'Tommy', '1.1.1989.', 'p');
insert into CandidatesData (idno) VALUES (6410);
insert into PartyMembership (pid, idno) VALUES (5, 6410);
insert into Candidacy (wkid, idno) VALUES (453, 6410);
insert into Citizen (idno, title, firstname, lastname, dateofbirth, gender) VALUES (6411, '', 'Penkala', 'Matthias Jan', '1.1.1990.', 'p');
insert into CandidatesData (idno) VALUES (6411);
insert into PartyMembership (pid, idno) VALUES (32, 6411);
insert into Candidacy (wkid, idno) VALUES (531, 6411);
insert into Landeslistenplatz (llid, idno, position) VALUES (33, 6411, 22);
insert into Citizen (idno, title, firstname, lastname, dateofbirth, gender) VALUES (6412, '', 'Pentz von', 'Dorit', '1.1.1950.', 'p');
insert into CandidatesData (idno) VALUES (6412);
insert into PartyMembership (pid, idno) VALUES (13, 6412);
insert into Landeslistenplatz (llid, idno, position) VALUES (203, 6412, 4);
insert into Citizen (idno, title, firstname, lastname, dateofbirth, gender) VALUES (6413, '', 'Pentz von', 'Hannes', '1.1.1979.', 'p');
insert into CandidatesData (idno) VALUES (6413);
insert into PartyMembership (pid, idno) VALUES (13, 6413);
insert into Landeslistenplatz (llid, idno, position) VALUES (203, 6413, 1);
insert into Citizen (idno, title, firstname, lastname, dateofbirth, gender) VALUES (6414, '', 'Percin', 'Müjgan', '1.1.1976.', 'p');
insert into CandidatesData (idno) VALUES (6414);
insert into PartyMembership (pid, idno) VALUES (5, 6414);
insert into Landeslistenplatz (llid, idno, position) VALUES (249, 6414, 9);
insert into Citizen (idno, title, firstname, lastname, dateofbirth, gender) VALUES (6415, '', 'Perschke', 'Hans-Peter', '1.1.1955.', 'p');
insert into CandidatesData (idno) VALUES (6415);
insert into PartyMembership (pid, idno) VALUES (2, 6415);
insert into Landeslistenplatz (llid, idno, position) VALUES (154, 6415, 10);
insert into Citizen (idno, title, firstname, lastname, dateofbirth, gender) VALUES (6416, '', 'Pesch', 'Heinrich', '1.1.1938.', 'p');
insert into CandidatesData (idno) VALUES (6416);
insert into PartyMembership (pid, idno) VALUES (32, 6416);
insert into Candidacy (wkid, idno) VALUES (386, 6416);
insert into Citizen (idno, title, firstname, lastname, dateofbirth, gender) VALUES (6417, '', 'Peschel', 'Erhard Willi Hermann', '1.1.1953.', 'p');
insert into CandidatesData (idno) VALUES (6417);
insert into Candidacy (wkid, idno) VALUES (357, 6417);
insert into Citizen (idno, title, firstname, lastname, dateofbirth, gender) VALUES (6418, '', 'Peschke', 'Günter', '1.1.1966.', 'p');
insert into CandidatesData (idno) VALUES (6418);
insert into PartyMembership (pid, idno) VALUES (19, 6418);
insert into Landeslistenplatz (llid, idno, position) VALUES (40, 6418, 11);
insert into Citizen (idno, title, firstname, lastname, dateofbirth, gender) VALUES (6419, '', 'Peter', 'Jürgen', '1.1.1960.', 'p');
insert into CandidatesData (idno) VALUES (6419);
insert into PartyMembership (pid, idno) VALUES (4, 6419);
insert into Candidacy (wkid, idno) VALUES (396, 6419);
insert into Landeslistenplatz (llid, idno, position) VALUES (98, 6419, 21);
insert into Citizen (idno, title, firstname, lastname, dateofbirth, gender) VALUES (6420, '', 'Peter', 'Klaus Karl', '1.1.1964.', 'p');
insert into CandidatesData (idno) VALUES (6420);
insert into PartyMembership (pid, idno) VALUES (36, 6420);
insert into Candidacy (wkid, idno) VALUES (531, 6420);
insert into Landeslistenplatz (llid, idno, position) VALUES (121, 6420, 19);
insert into Citizen (idno, title, firstname, lastname, dateofbirth, gender) VALUES (6421, '', 'Peter', 'Mareike', '1.1.1988.', 'p');
insert into CandidatesData (idno) VALUES (6421);
insert into PartyMembership (pid, idno) VALUES (7, 6421);
insert into Landeslistenplatz (llid, idno, position) VALUES (206, 6421, 11);
insert into Citizen (idno, title, firstname, lastname, dateofbirth, gender) VALUES (6422, 'Prof. Dr. Dr. ', 'Peter', 'Ralf Uwe', '1.1.1959.', 'p');
insert into CandidatesData (idno) VALUES (6422);
insert into PartyMembership (pid, idno) VALUES (4, 6422);
insert into Candidacy (wkid, idno) VALUES (554, 6422);
insert into Landeslistenplatz (llid, idno, position) VALUES (102, 6422, 46);
insert into Citizen (idno, title, firstname, lastname, dateofbirth, gender) VALUES (6423, '', 'Peterka', 'Tobias', '1.1.1982.', 'p');
insert into CandidatesData (idno) VALUES (6423);
insert into PartyMembership (pid, idno) VALUES (33, 6423);
insert into Candidacy (wkid, idno) VALUES (536, 6423);
insert into Landeslistenplatz (llid, idno, position) VALUES (166, 6423, 33);
insert into Citizen (idno, title, firstname, lastname, dateofbirth, gender) VALUES (6424, '', 'Petermann', 'Jens', '1.1.1963.', 'p');
insert into CandidatesData (idno) VALUES (6424);
insert into PartyMembership (pid, idno) VALUES (3, 6424);
insert into Candidacy (wkid, idno) VALUES (496, 6424);
insert into Citizen (idno, title, firstname, lastname, dateofbirth, gender) VALUES (6425, '', 'Peters', 'Christian', '1.1.1978.', 'p');
insert into CandidatesData (idno) VALUES (6425);
insert into PartyMembership (pid, idno) VALUES (7, 6425);
insert into Candidacy (wkid, idno) VALUES (462, 6425);
insert into Citizen (idno, title, firstname, lastname, dateofbirth, gender) VALUES (6426, 'Dr. ', 'Peters', 'Werner', '1.1.1941.', 'p');
insert into CandidatesData (idno) VALUES (6426);
insert into PartyMembership (pid, idno) VALUES (44, 6426);
insert into Landeslistenplatz (llid, idno, position) VALUES (193, 6426, 1);
insert into Citizen (idno, title, firstname, lastname, dateofbirth, gender) VALUES (6427, '', 'Peters', 'Manuel', '1.1.1968.', 'p');
insert into CandidatesData (idno) VALUES (6427);
insert into PartyMembership (pid, idno) VALUES (33, 6427);
insert into Landeslistenplatz (llid, idno, position) VALUES (63, 6427, 24);
insert into Citizen (idno, title, firstname, lastname, dateofbirth, gender) VALUES (6428, '', 'Peters', 'Michael', '1.1.1981.', 'p');
insert into CandidatesData (idno) VALUES (6428);
insert into PartyMembership (pid, idno) VALUES (7, 6428);
insert into Candidacy (wkid, idno) VALUES (411, 6428);
insert into Citizen (idno, title, firstname, lastname, dateofbirth, gender) VALUES (6429, '', 'Petricek', 'Monika Helga', '1.1.1943.', 'p');
insert into CandidatesData (idno) VALUES (6429);
insert into PartyMembership (pid, idno) VALUES (10, 6429);
insert into Candidacy (wkid, idno) VALUES (419, 6429);
insert into Landeslistenplatz (llid, idno, position) VALUES (162, 6429, 11);
insert into Citizen (idno, title, firstname, lastname, dateofbirth, gender) VALUES (6430, '', 'Petry', 'Christian', '1.1.1965.', 'p');
insert into CandidatesData (idno) VALUES (6430);
insert into PartyMembership (pid, idno) VALUES (2, 6430);
insert into Candidacy (wkid, idno) VALUES (597, 6430);
insert into Landeslistenplatz (llid, idno, position) VALUES (77, 6430, 4);
insert into Citizen (idno, title, firstname, lastname, dateofbirth, gender) VALUES (6431, 'Dr. ', 'Petry', 'Frauke', '1.1.1975.', 'p');
insert into CandidatesData (idno) VALUES (6431);
insert into PartyMembership (pid, idno) VALUES (33, 6431);
insert into Landeslistenplatz (llid, idno, position) VALUES (163, 6431, 1);
insert into Citizen (idno, title, firstname, lastname, dateofbirth, gender) VALUES (6432, '', 'Petry', 'Manfred Willibald', '1.1.1953.', 'p');
insert into CandidatesData (idno) VALUES (6432);
insert into PartyMembership (pid, idno) VALUES (32, 6432);
insert into Candidacy (wkid, idno) VALUES (509, 6432);
insert into Landeslistenplatz (llid, idno, position) VALUES (29, 6432, 2);
insert into Citizen (idno, title, firstname, lastname, dateofbirth, gender) VALUES (6433, '', 'Petzold', 'Hans Ulrich', '1.1.1951.', 'p');
insert into CandidatesData (idno) VALUES (6433);
insert into PartyMembership (pid, idno) VALUES (12, 6433);
insert into Candidacy (wkid, idno) VALUES (369, 6433);
insert into Landeslistenplatz (llid, idno, position) VALUES (131, 6433, 3);
insert into Citizen (idno, title, firstname, lastname, dateofbirth, gender) VALUES (6434, '', 'Petzold', 'Harald Alfred', '1.1.1962.', 'p');
insert into CandidatesData (idno) VALUES (6434);
insert into PartyMembership (pid, idno) VALUES (3, 6434);
insert into Candidacy (wkid, idno) VALUES (357, 6434);
insert into Landeslistenplatz (llid, idno, position) VALUES (236, 6434, 4);
insert into Citizen (idno, title, firstname, lastname, dateofbirth, gender) VALUES (6435, '', 'Petzsch', 'Dörte', '1.1.1985.', 'p');
insert into CandidatesData (idno) VALUES (6435);
insert into PartyMembership (pid, idno) VALUES (7, 6435);
insert into Landeslistenplatz (llid, idno, position) VALUES (109, 6435, 4);
insert into Citizen (idno, title, firstname, lastname, dateofbirth, gender) VALUES (6436, '', 'Peukert', 'Klaus', '1.1.1977.', 'p');
insert into CandidatesData (idno) VALUES (6436);
insert into PartyMembership (pid, idno) VALUES (7, 6436);
insert into Landeslistenplatz (llid, idno, position) VALUES (85, 6436, 8);
insert into Citizen (idno, title, firstname, lastname, dateofbirth, gender) VALUES (6437, '', 'Pfau', 'Janina', '1.1.1983.', 'p');
insert into CandidatesData (idno) VALUES (6437);
insert into PartyMembership (pid, idno) VALUES (3, 6437);
insert into Candidacy (wkid, idno) VALUES (465, 6437);
insert into Landeslistenplatz (llid, idno, position) VALUES (240, 6437, 13);
insert into Citizen (idno, title, firstname, lastname, dateofbirth, gender) VALUES (6438, '', 'Pfefferlein', 'Nicol', '1.1.1970.', 'p');
insert into CandidatesData (idno) VALUES (6438);
insert into PartyMembership (pid, idno) VALUES (5, 6438);
insert into Candidacy (wkid, idno) VALUES (490, 6438);
insert into Citizen (idno, title, firstname, lastname, dateofbirth, gender) VALUES (6439, 'Dr. ', 'Pfeiffer', 'Joachim', '1.1.1967.', 'p');
insert into CandidatesData (idno) VALUES (6439);
insert into PartyMembership (pid, idno) VALUES (12, 6439);
insert into Candidacy (wkid, idno) VALUES (563, 6439);
insert into Citizen (idno, title, firstname, lastname, dateofbirth, gender) VALUES (6440, '', 'Pfeiffer', 'Günter', '1.1.1943.', 'p');
insert into CandidatesData (idno) VALUES (6440);
insert into PartyMembership (pid, idno) VALUES (18, 6440);
insert into Landeslistenplatz (llid, idno, position) VALUES (37, 6440, 1);
insert into Citizen (idno, title, firstname, lastname, dateofbirth, gender) VALUES (6441, '', 'Pfeiffer', 'Jens Folker', '1.1.1964.', 'p');
insert into CandidatesData (idno) VALUES (6441);
insert into PartyMembership (pid, idno) VALUES (33, 6441);
insert into Candidacy (wkid, idno) VALUES (544, 6441);
insert into Citizen (idno, title, firstname, lastname, dateofbirth, gender) VALUES (6442, '', 'Pfeiffer', 'Sibylle Luise Gisela', '1.1.1951.', 'p');
insert into CandidatesData (idno) VALUES (6442);
insert into PartyMembership (pid, idno) VALUES (12, 6442);
insert into Candidacy (wkid, idno) VALUES (471, 6442);
insert into Landeslistenplatz (llid, idno, position) VALUES (88, 6442, 8);
insert into Citizen (idno, title, firstname, lastname, dateofbirth, gender) VALUES (6443, '', 'Pfeil', 'Anke Kerstin', '1.1.1973.', 'p');
insert into CandidatesData (idno) VALUES (6443);
insert into PartyMembership (pid, idno) VALUES (4, 6443);
insert into Candidacy (wkid, idno) VALUES (479, 6443);
insert into Landeslistenplatz (llid, idno, position) VALUES (116, 6443, 6);
insert into Citizen (idno, title, firstname, lastname, dateofbirth, gender) VALUES (6444, '', 'Pfeilsticker', 'Arne', '1.1.1948.', 'p');
insert into CandidatesData (idno) VALUES (6444);
insert into PartyMembership (pid, idno) VALUES (7, 6444);
insert into Candidacy (wkid, idno) VALUES (487, 6444);
insert into Citizen (idno, title, firstname, lastname, dateofbirth, gender) VALUES (6445, 'Dr. ', 'Pfennig', 'Uwe', '1.1.1958.', 'p');
insert into CandidatesData (idno) VALUES (6445);
insert into PartyMembership (pid, idno) VALUES (5, 6445);
insert into Candidacy (wkid, idno) VALUES (487, 6445);
insert into Citizen (idno, title, firstname, lastname, dateofbirth, gender) VALUES (6446, '', 'Pfeuffer', 'Barbara', '1.1.1964.', 'p');
insert into CandidatesData (idno) VALUES (6446);
insert into PartyMembership (pid, idno) VALUES (5, 6446);
insert into Landeslistenplatz (llid, idno, position) VALUES (65, 6446, 23);
insert into Citizen (idno, title, firstname, lastname, dateofbirth, gender) VALUES (6447, '', 'Pfirrmann', 'Karl-Heinz', '1.1.1945.', 'p');
insert into CandidatesData (idno) VALUES (6447);
insert into PartyMembership (pid, idno) VALUES (1, 6447);
insert into Candidacy (wkid, idno) VALUES (572, 6447);
insert into Landeslistenplatz (llid, idno, position) VALUES (86, 6447, 4);
insert into Citizen (idno, title, firstname, lastname, dateofbirth, gender) VALUES (6448, '', 'Pfisterer', 'Gerhard', '1.1.1948.', 'p');
insert into CandidatesData (idno) VALUES (6448);
insert into PartyMembership (pid, idno) VALUES (13, 6448);
insert into Candidacy (wkid, idno) VALUES (441, 6448);
insert into Landeslistenplatz (llid, idno, position) VALUES (34, 6448, 3);
insert into Citizen (idno, title, firstname, lastname, dateofbirth, gender) VALUES (6449, '', 'Pfleiderer', 'Walter', '1.1.1936.', 'p');
insert into CandidatesData (idno) VALUES (6449);
insert into Candidacy (wkid, idno) VALUES (543, 6449);
insert into Citizen (idno, title, firstname, lastname, dateofbirth, gender) VALUES (6450, '', 'Pflüger', 'Tobias', '1.1.1965.', 'p');
insert into CandidatesData (idno) VALUES (6450);
insert into PartyMembership (pid, idno) VALUES (3, 6450);
insert into Candidacy (wkid, idno) VALUES (580, 6450);
insert into Landeslistenplatz (llid, idno, position) VALUES (143, 6450, 6);
insert into Citizen (idno, title, firstname, lastname, dateofbirth, gender) VALUES (6451, '', 'Pflugradt', 'Jeannine', '1.1.1973.', 'p');
insert into CandidatesData (idno) VALUES (6451);
insert into PartyMembership (pid, idno) VALUES (2, 6451);
insert into Candidacy (wkid, idno) VALUES (316, 6451);
insert into Landeslistenplatz (llid, idno, position) VALUES (225, 6451, 3);
insert into Citizen (idno, title, firstname, lastname, dateofbirth, gender) VALUES (6452, '', 'Philipp', 'Christa', '1.1.1949.', 'p');
insert into CandidatesData (idno) VALUES (6452);
insert into PartyMembership (pid, idno) VALUES (15, 6452);
insert into Candidacy (wkid, idno) VALUES (518, 6452);
insert into Landeslistenplatz (llid, idno, position) VALUES (55, 6452, 14);
insert into Citizen (idno, title, firstname, lastname, dateofbirth, gender) VALUES (6453, '', 'Philipper', 'Johannes Jürgen', '1.1.1987.', 'p');
insert into CandidatesData (idno) VALUES (6453);
insert into PartyMembership (pid, idno) VALUES (4, 6453);
insert into Candidacy (wkid, idno) VALUES (429, 6453);
insert into Landeslistenplatz (llid, idno, position) VALUES (98, 6453, 28);
insert into Citizen (idno, title, firstname, lastname, dateofbirth, gender) VALUES (6454, '', 'Pichl', 'Peter Hartmut', '1.1.1980.', 'p');
insert into CandidatesData (idno) VALUES (6454);
insert into PartyMembership (pid, idno) VALUES (1, 6454);
insert into Landeslistenplatz (llid, idno, position) VALUES (97, 6454, 11);
insert into Citizen (idno, title, firstname, lastname, dateofbirth, gender) VALUES (6455, '', 'Piechotta', 'Michael', '1.1.1980.', 'p');
insert into CandidatesData (idno) VALUES (6455);
insert into PartyMembership (pid, idno) VALUES (10, 6455);
insert into Landeslistenplatz (llid, idno, position) VALUES (67, 6455, 10);
insert into Citizen (idno, title, firstname, lastname, dateofbirth, gender) VALUES (6456, '', 'Pieczka', 'Andrea', '1.1.1967.', 'p');
insert into CandidatesData (idno) VALUES (6456);
insert into PartyMembership (pid, idno) VALUES (7, 6456);
insert into Candidacy (wkid, idno) VALUES (442, 6456);
insert into Citizen (idno, title, firstname, lastname, dateofbirth, gender) VALUES (6457, '', 'Piehl', 'Jochen', '1.1.1973.', 'p');
insert into CandidatesData (idno) VALUES (6457);
insert into PartyMembership (pid, idno) VALUES (36, 6457);
insert into Landeslistenplatz (llid, idno, position) VALUES (56, 6457, 13);
insert into Citizen (idno, title, firstname, lastname, dateofbirth, gender) VALUES (6458, '', 'Piele', 'Frank', '1.1.1965.', 'p');
insert into CandidatesData (idno) VALUES (6458);
insert into PartyMembership (pid, idno) VALUES (37, 6458);
insert into Landeslistenplatz (llid, idno, position) VALUES (201, 6458, 3);
insert into Citizen (idno, title, firstname, lastname, dateofbirth, gender) VALUES (6459, '', 'Pieper', 'Cornelia', '1.1.1959.', 'p');
insert into CandidatesData (idno) VALUES (6459);
insert into PartyMembership (pid, idno) VALUES (4, 6459);
insert into Candidacy (wkid, idno) VALUES (371, 6459);
insert into Landeslistenplatz (llid, idno, position) VALUES (35, 6459, 1);
insert into Citizen (idno, title, firstname, lastname, dateofbirth, gender) VALUES (6460, '', 'Piepgras', 'Birgitt', '1.1.1958.', 'p');
insert into CandidatesData (idno) VALUES (6460);
insert into PartyMembership (pid, idno) VALUES (7, 6460);
insert into Candidacy (wkid, idno) VALUES (306, 6460);
insert into Landeslistenplatz (llid, idno, position) VALUES (192, 6460, 4);
insert into Citizen (idno, title, firstname, lastname, dateofbirth, gender) VALUES (6461, '', 'Pietraszek', 'Michael', '1.1.1948.', 'p');
insert into CandidatesData (idno) VALUES (6461);
insert into PartyMembership (pid, idno) VALUES (44, 6461);
insert into Landeslistenplatz (llid, idno, position) VALUES (193, 6461, 2);
insert into Citizen (idno, title, firstname, lastname, dateofbirth, gender) VALUES (6462, '', 'Pietruska', 'Franz Alois', '1.1.1954.', 'p');
insert into CandidatesData (idno) VALUES (6462);
insert into PartyMembership (pid, idno) VALUES (32, 6462);
insert into Candidacy (wkid, idno) VALUES (511, 6462);
insert into Landeslistenplatz (llid, idno, position) VALUES (29, 6462, 9);
insert into Citizen (idno, title, firstname, lastname, dateofbirth, gender) VALUES (6463, '', 'Pietsch', 'Britta', '1.1.1963.', 'p');
insert into CandidatesData (idno) VALUES (6463);
insert into PartyMembership (pid, idno) VALUES (3, 6463);
insert into Candidacy (wkid, idno) VALUES (410, 6463);
insert into Citizen (idno, title, firstname, lastname, dateofbirth, gender) VALUES (6464, '', 'Pilger', 'Detlev', '1.1.1955.', 'p');
insert into CandidatesData (idno) VALUES (6464);
insert into PartyMembership (pid, idno) VALUES (2, 6464);
insert into Candidacy (wkid, idno) VALUES (499, 6464);
insert into Landeslistenplatz (llid, idno, position) VALUES (71, 6464, 8);
insert into Citizen (idno, title, firstname, lastname, dateofbirth, gender) VALUES (6465, '', 'Piltz', 'Gisela', '1.1.1964.', 'p');
insert into CandidatesData (idno) VALUES (6465);
insert into PartyMembership (pid, idno) VALUES (4, 6465);
insert into Candidacy (wkid, idno) VALUES (405, 6465);
insert into Landeslistenplatz (llid, idno, position) VALUES (98, 6465, 3);
insert into Citizen (idno, title, firstname, lastname, dateofbirth, gender) VALUES (6466, '', 'Pinzon Becht', 'Mariana', '1.1.1982.', 'p');
insert into CandidatesData (idno) VALUES (6466);
insert into PartyMembership (pid, idno) VALUES (5, 6466);
insert into Landeslistenplatz (llid, idno, position) VALUES (61, 6466, 31);
insert into Citizen (idno, title, firstname, lastname, dateofbirth, gender) VALUES (6467, '', 'Pioch', 'Michael', '1.1.1979.', 'p');
insert into CandidatesData (idno) VALUES (6467);
insert into PartyMembership (pid, idno) VALUES (42, 6467);
insert into Landeslistenplatz (llid, idno, position) VALUES (244, 6467, 3);
insert into Citizen (idno, title, firstname, lastname, dateofbirth, gender) VALUES (6468, '', 'Pitkamin', 'Sascha', '1.1.1969.', 'p');
insert into CandidatesData (idno) VALUES (6468);
insert into PartyMembership (pid, idno) VALUES (5, 6468);
insert into Candidacy (wkid, idno) VALUES (348, 6468);
insert into Citizen (idno, title, firstname, lastname, dateofbirth, gender) VALUES (6469, '', 'Pitterle', 'Richard', '1.1.1959.', 'p');
insert into CandidatesData (idno) VALUES (6469);
insert into PartyMembership (pid, idno) VALUES (3, 6469);
insert into Candidacy (wkid, idno) VALUES (559, 6469);
insert into Landeslistenplatz (llid, idno, position) VALUES (143, 6469, 4);
insert into Citizen (idno, title, firstname, lastname, dateofbirth, gender) VALUES (6470, '', 'Pittrich', 'Andreas', '1.1.1980.', 'p');
insert into CandidatesData (idno) VALUES (6470);
insert into PartyMembership (pid, idno) VALUES (7, 6470);
insert into Landeslistenplatz (llid, idno, position) VALUES (206, 6470, 5);
insert into Citizen (idno, title, firstname, lastname, dateofbirth, gender) VALUES (6471, '', 'Plantiko', 'Claus', '1.1.1938.', 'p');
insert into CandidatesData (idno) VALUES (6471);
insert into PartyMembership (pid, idno) VALUES (39, 6471);
insert into Candidacy (wkid, idno) VALUES (397, 6471);
insert into Landeslistenplatz (llid, idno, position) VALUES (81, 6471, 4);
insert into Citizen (idno, title, firstname, lastname, dateofbirth, gender) VALUES (6472, '', 'Plate', 'Hans', '1.1.1963.', 'p');
insert into CandidatesData (idno) VALUES (6472);
insert into PartyMembership (pid, idno) VALUES (5, 6472);
insert into Candidacy (wkid, idno) VALUES (549, 6472);
insert into Landeslistenplatz (llid, idno, position) VALUES (65, 6472, 18);
insert into Citizen (idno, title, firstname, lastname, dateofbirth, gender) VALUES (6473, '', 'Platsch', 'Angela', '1.1.1955.', 'p');
insert into CandidatesData (idno) VALUES (6473);
insert into PartyMembership (pid, idno) VALUES (5, 6473);
insert into Landeslistenplatz (llid, idno, position) VALUES (65, 6473, 43);
insert into Citizen (idno, title, firstname, lastname, dateofbirth, gender) VALUES (6474, '', 'Plaul', 'Yvonne', '1.1.1977.', 'p');
insert into CandidatesData (idno) VALUES (6474);
insert into PartyMembership (pid, idno) VALUES (5, 6474);
insert into Candidacy (wkid, idno) VALUES (359, 6474);
insert into Landeslistenplatz (llid, idno, position) VALUES (93, 6474, 3);
insert into Citizen (idno, title, firstname, lastname, dateofbirth, gender) VALUES (6475, '', 'Plötz', 'Rolf', '1.1.1940.', 'p');
insert into CandidatesData (idno) VALUES (6475);
insert into PartyMembership (pid, idno) VALUES (33, 6475);
insert into Candidacy (wkid, idno) VALUES (398, 6475);
insert into Citizen (idno, title, firstname, lastname, dateofbirth, gender) VALUES (6476, '', 'Ploetz', 'Yvonne', '1.1.1984.', 'p');
insert into CandidatesData (idno) VALUES (6476);
insert into PartyMembership (pid, idno) VALUES (3, 6476);
insert into Candidacy (wkid, idno) VALUES (598, 6476);
insert into Citizen (idno, title, firstname, lastname, dateofbirth, gender) VALUES (6477, '', 'Plonske', 'Eva', '1.1.1976.', 'p');
insert into CandidatesData (idno) VALUES (6477);
insert into PartyMembership (pid, idno) VALUES (5, 6477);
insert into Landeslistenplatz (llid, idno, position) VALUES (249, 6477, 11);
insert into Citizen (idno, title, firstname, lastname, dateofbirth, gender) VALUES (6478, '', 'Plonus', 'Frank', '1.1.1959.', 'p');
insert into CandidatesData (idno) VALUES (6478);
insert into PartyMembership (pid, idno) VALUES (33, 6478);
insert into Candidacy (wkid, idno) VALUES (578, 6478);
insert into Citizen (idno, title, firstname, lastname, dateofbirth, gender) VALUES (6479, '', 'Plorin', 'Gerd Günther', '1.1.1949.', 'p');
insert into CandidatesData (idno) VALUES (6479);
insert into PartyMembership (pid, idno) VALUES (33, 6479);
insert into Candidacy (wkid, idno) VALUES (411, 6479);
insert into Citizen (idno, title, firstname, lastname, dateofbirth, gender) VALUES (6480, '', 'Plum', 'André', '1.1.1992.', 'p');
insert into CandidatesData (idno) VALUES (6480);
insert into PartyMembership (pid, idno) VALUES (43, 6480);
insert into Landeslistenplatz (llid, idno, position) VALUES (169, 6480, 1);
insert into Citizen (idno, title, firstname, lastname, dateofbirth, gender) VALUES (6481, '', 'Pöllath', 'Moritz Johann Martin', '1.1.1982.', 'p');
insert into CandidatesData (idno) VALUES (6481);
insert into PartyMembership (pid, idno) VALUES (4, 6481);
insert into Candidacy (wkid, idno) VALUES (531, 6481);
insert into Landeslistenplatz (llid, idno, position) VALUES (102, 6481, 33);
insert into Citizen (idno, title, firstname, lastname, dateofbirth, gender) VALUES (6482, '', 'Pörtner', 'Benno', '1.1.1952.', 'p');
insert into CandidatesData (idno) VALUES (6482);
insert into PartyMembership (pid, idno) VALUES (3, 6482);
insert into Candidacy (wkid, idno) VALUES (477, 6482);
insert into Landeslistenplatz (llid, idno, position) VALUES (43, 6482, 12);
insert into Citizen (idno, title, firstname, lastname, dateofbirth, gender) VALUES (6483, '', 'Pötzl', 'Ernst Karl', '1.1.1958.', 'p');
insert into CandidatesData (idno) VALUES (6483);
insert into PartyMembership (pid, idno) VALUES (35, 6483);
insert into Landeslistenplatz (llid, idno, position) VALUES (57, 6483, 10);
insert into Citizen (idno, title, firstname, lastname, dateofbirth, gender) VALUES (6484, '', 'Pofalla', 'Ronald', '1.1.1959.', 'p');
insert into CandidatesData (idno) VALUES (6484);
insert into PartyMembership (pid, idno) VALUES (12, 6484);
insert into Candidacy (wkid, idno) VALUES (411, 6484);
insert into Landeslistenplatz (llid, idno, position) VALUES (136, 6484, 2);
insert into Citizen (idno, title, firstname, lastname, dateofbirth, gender) VALUES (6485, 'Dr. ', 'Pohl', 'Christine', '1.1.1976.', 'p');
insert into CandidatesData (idno) VALUES (6485);
insert into PartyMembership (pid, idno) VALUES (2, 6485);
insert into Landeslistenplatz (llid, idno, position) VALUES (71, 6485, 19);
insert into Citizen (idno, title, firstname, lastname, dateofbirth, gender) VALUES (6486, '', 'Pohl', 'Matthias', '1.1.1980.', 'p');
insert into CandidatesData (idno) VALUES (6486);
insert into PartyMembership (pid, idno) VALUES (1, 6486);
insert into Candidacy (wkid, idno) VALUES (427, 6486);
insert into Citizen (idno, title, firstname, lastname, dateofbirth, gender) VALUES (6487, '', 'Pohl', 'Ulrike', '1.1.1971.', 'p');
insert into CandidatesData (idno) VALUES (6487);
insert into PartyMembership (pid, idno) VALUES (7, 6487);
insert into Landeslistenplatz (llid, idno, position) VALUES (206, 6487, 4);
insert into Citizen (idno, title, firstname, lastname, dateofbirth, gender) VALUES (6488, '', 'Pohlmann', 'Franz', '1.1.1956.', 'p');
insert into CandidatesData (idno) VALUES (6488);
insert into PartyMembership (pid, idno) VALUES (36, 6488);
insert into Landeslistenplatz (llid, idno, position) VALUES (84, 6488, 19);
insert into Citizen (idno, title, firstname, lastname, dateofbirth, gender) VALUES (6489, '', 'Poland', 'Karl Friedrich Christoph', '1.1.1949.', 'p');
insert into CandidatesData (idno) VALUES (6489);
insert into PartyMembership (pid, idno) VALUES (12, 6489);
insert into Landeslistenplatz (llid, idno, position) VALUES (191, 6489, 7);
insert into Citizen (idno, title, firstname, lastname, dateofbirth, gender) VALUES (6490, '', 'Polheim von', 'Jörg', '1.1.1959.', 'p');
insert into CandidatesData (idno) VALUES (6490);
insert into PartyMembership (pid, idno) VALUES (4, 6490);
insert into Candidacy (wkid, idno) VALUES (398, 6490);
insert into Landeslistenplatz (llid, idno, position) VALUES (98, 6490, 14);
insert into Citizen (idno, title, firstname, lastname, dateofbirth, gender) VALUES (6491, '', 'Pollock', 'Marvin Daniel', '1.1.1988.', 'p');
insert into CandidatesData (idno) VALUES (6491);
insert into PartyMembership (pid, idno) VALUES (7, 6491);
insert into Landeslistenplatz (llid, idno, position) VALUES (115, 6491, 1);
insert into Citizen (idno, title, firstname, lastname, dateofbirth, gender) VALUES (6492, '', 'Pols', 'Eckhard', '1.1.1962.', 'p');
insert into CandidatesData (idno) VALUES (6492);
insert into PartyMembership (pid, idno) VALUES (12, 6492);
insert into Candidacy (wkid, idno) VALUES (336, 6492);
insert into Landeslistenplatz (llid, idno, position) VALUES (44, 6492, 16);
insert into Citizen (idno, title, firstname, lastname, dateofbirth, gender) VALUES (6493, '', 'Polt', 'Matthias', '1.1.1980.', 'p');
insert into CandidatesData (idno) VALUES (6493);
insert into PartyMembership (pid, idno) VALUES (1, 6493);
insert into Candidacy (wkid, idno) VALUES (525, 6493);
insert into Citizen (idno, title, firstname, lastname, dateofbirth, gender) VALUES (6494, '', 'Polte', 'Michael', '1.1.1979.', 'p');
insert into CandidatesData (idno) VALUES (6494);
insert into PartyMembership (pid, idno) VALUES (7, 6494);
insert into Candidacy (wkid, idno) VALUES (355, 6494);
insert into Citizen (idno, title, firstname, lastname, dateofbirth, gender) VALUES (6495, '', 'Polzer', 'Benedikt Manfred', '1.1.1982.', 'p');
insert into CandidatesData (idno) VALUES (6495);
insert into PartyMembership (pid, idno) VALUES (31, 6495);
insert into Candidacy (wkid, idno) VALUES (479, 6495);
insert into Landeslistenplatz (llid, idno, position) VALUES (79, 6495, 6);
insert into Citizen (idno, title, firstname, lastname, dateofbirth, gender) VALUES (6496, '', 'Polzer-Storek', 'Alice Sarah', '1.1.1978.', 'p');
insert into CandidatesData (idno) VALUES (6496);
insert into PartyMembership (pid, idno) VALUES (5, 6496);
insert into Candidacy (wkid, idno) VALUES (356, 6496);
insert into Citizen (idno, title, firstname, lastname, dateofbirth, gender) VALUES (6497, '', 'Pomper', 'Waltraud Maria', '1.1.1941.', 'p');
insert into CandidatesData (idno) VALUES (6497);
insert into PartyMembership (pid, idno) VALUES (40, 6497);
insert into Landeslistenplatz (llid, idno, position) VALUES (148, 6497, 9);
insert into Citizen (idno, title, firstname, lastname, dateofbirth, gender) VALUES (6498, '', 'Ponert', 'Maximilian Jochen', '1.1.1982.', 'p');
insert into CandidatesData (idno) VALUES (6498);
insert into PartyMembership (pid, idno) VALUES (32, 6498);
insert into Landeslistenplatz (llid, idno, position) VALUES (143, 6498, 8);
insert into Citizen (idno, title, firstname, lastname, dateofbirth, gender) VALUES (6499, '', 'Ponik', 'Rainer', '1.1.1962.', 'p');
insert into CandidatesData (idno) VALUES (6499);
insert into PartyMembership (pid, idno) VALUES (36, 6499);
insert into Landeslistenplatz (llid, idno, position) VALUES (122, 6499, 5);
insert into Citizen (idno, title, firstname, lastname, dateofbirth, gender) VALUES (6500, '', 'Popeanga', 'Alina', '1.1.1982.', 'p');
insert into CandidatesData (idno) VALUES (6500);
insert into PartyMembership (pid, idno) VALUES (10, 6500);
insert into Candidacy (wkid, idno) VALUES (382, 6500);
insert into Landeslistenplatz (llid, idno, position) VALUES (180, 6500, 10);
insert into Citizen (idno, title, firstname, lastname, dateofbirth, gender) VALUES (6501, '', 'Popp', 'Andreas', '1.1.1983.', 'p');
insert into CandidatesData (idno) VALUES (6501);
insert into PartyMembership (pid, idno) VALUES (7, 6501);
insert into Candidacy (wkid, idno) VALUES (516, 6501);
insert into Landeslistenplatz (llid, idno, position) VALUES (72, 6501, 3);
insert into Citizen (idno, title, firstname, lastname, dateofbirth, gender) VALUES (6502, '', 'Porabka', 'Marius Julius', '1.1.1962.', 'p');
insert into CandidatesData (idno) VALUES (6502);
insert into PartyMembership (pid, idno) VALUES (37, 6502);
insert into Landeslistenplatz (llid, idno, position) VALUES (137, 6502, 3);
insert into Citizen (idno, title, firstname, lastname, dateofbirth, gender) VALUES (6503, '', 'Poschmann', 'Sabine', '1.1.1968.', 'p');
insert into CandidatesData (idno) VALUES (6503);
insert into PartyMembership (pid, idno) VALUES (2, 6503);
insert into Candidacy (wkid, idno) VALUES (442, 6503);
insert into Landeslistenplatz (llid, idno, position) VALUES (73, 6503, 22);
insert into Citizen (idno, title, firstname, lastname, dateofbirth, gender) VALUES (6504, '', 'Poß', 'Joachim', '1.1.1948.', 'p');
insert into CandidatesData (idno) VALUES (6504);
insert into PartyMembership (pid, idno) VALUES (2, 6504);
insert into Candidacy (wkid, idno) VALUES (422, 6504);
insert into Landeslistenplatz (llid, idno, position) VALUES (73, 6504, 55);
insert into Citizen (idno, title, firstname, lastname, dateofbirth, gender) VALUES (6505, '', 'Post', 'Achim', '1.1.1959.', 'p');
insert into CandidatesData (idno) VALUES (6505);
insert into PartyMembership (pid, idno) VALUES (2, 6505);
insert into Candidacy (wkid, idno) VALUES (433, 6505);
insert into Landeslistenplatz (llid, idno, position) VALUES (73, 6505, 9);
insert into Citizen (idno, title, firstname, lastname, dateofbirth, gender) VALUES (6506, '', 'Post', 'Florian', '1.1.1981.', 'p');
insert into CandidatesData (idno) VALUES (6506);
insert into PartyMembership (pid, idno) VALUES (2, 6506);
insert into Candidacy (wkid, idno) VALUES (517, 6506);
insert into Landeslistenplatz (llid, idno, position) VALUES (87, 6506, 17);
insert into Citizen (idno, title, firstname, lastname, dateofbirth, gender) VALUES (6507, '', 'Post', 'Hans-Ulrich', '1.1.1949.', 'p');
insert into CandidatesData (idno) VALUES (6507);
insert into PartyMembership (pid, idno) VALUES (33, 6507);
insert into Candidacy (wkid, idno) VALUES (300, 6507);
insert into Landeslistenplatz (llid, idno, position) VALUES (111, 6507, 12);
insert into Citizen (idno, title, firstname, lastname, dateofbirth, gender) VALUES (6508, '', 'Pothin', 'Christian', '1.1.1966.', 'p');
insert into CandidatesData (idno) VALUES (6508);
insert into PartyMembership (pid, idno) VALUES (33, 6508);
insert into Candidacy (wkid, idno) VALUES (327, 6508);
insert into Citizen (idno, title, firstname, lastname, dateofbirth, gender) VALUES (6509, '', 'Pothmer', 'Brigitte', '1.1.1955.', 'p');
insert into CandidatesData (idno) VALUES (6509);
insert into PartyMembership (pid, idno) VALUES (5, 6509);
insert into Candidacy (wkid, idno) VALUES (347, 6509);
insert into Landeslistenplatz (llid, idno, position) VALUES (142, 6509, 5);
insert into Citizen (idno, title, firstname, lastname, dateofbirth, gender) VALUES (6510, '', 'Potzesny', 'Monika Lucia', '1.1.1971.', 'p');
insert into CandidatesData (idno) VALUES (6510);
insert into PartyMembership (pid, idno) VALUES (36, 6510);
insert into Landeslistenplatz (llid, idno, position) VALUES (84, 6510, 6);
insert into Citizen (idno, title, firstname, lastname, dateofbirth, gender) VALUES (6511, '', 'Powroznik', 'Pascal Rene', '1.1.1983.', 'p');
insert into CandidatesData (idno) VALUES (6511);
insert into PartyMembership (pid, idno) VALUES (7, 6511);
insert into Landeslistenplatz (llid, idno, position) VALUES (75, 6511, 15);
insert into Citizen (idno, title, firstname, lastname, dateofbirth, gender) VALUES (6512, '', 'Poznanski', 'Daniel', '1.1.1971.', 'p');
insert into CandidatesData (idno) VALUES (6512);
insert into PartyMembership (pid, idno) VALUES (4, 6512);
insert into Candidacy (wkid, idno) VALUES (442, 6512);
insert into Landeslistenplatz (llid, idno, position) VALUES (98, 6512, 52);
insert into Citizen (idno, title, firstname, lastname, dateofbirth, gender) VALUES (6513, '', 'Pradel', 'Timo', '1.1.1971.', 'p');
insert into CandidatesData (idno) VALUES (6513);
insert into PartyMembership (pid, idno) VALUES (1, 6513);
insert into Candidacy (wkid, idno) VALUES (447, 6513);
insert into Citizen (idno, title, firstname, lastname, dateofbirth, gender) VALUES (6514, '', 'Preda', 'Laura', '1.1.1972.', 'p');
insert into CandidatesData (idno) VALUES (6514);
insert into PartyMembership (pid, idno) VALUES (32, 6514);
insert into Landeslistenplatz (llid, idno, position) VALUES (108, 6514, 13);
insert into Citizen (idno, title, firstname, lastname, dateofbirth, gender) VALUES (6515, '', 'Preetorius', 'Elke', '1.1.1943.', 'p');
insert into CandidatesData (idno) VALUES (6515);
insert into PartyMembership (pid, idno) VALUES (13, 6515);
insert into Landeslistenplatz (llid, idno, position) VALUES (74, 6515, 8);
insert into Citizen (idno, title, firstname, lastname, dateofbirth, gender) VALUES (6516, '', 'Prenning', 'Andreas', '1.1.1965.', 'p');
insert into CandidatesData (idno) VALUES (6516);
insert into PartyMembership (pid, idno) VALUES (7, 6516);
insert into Candidacy (wkid, idno) VALUES (440, 6516);
insert into Citizen (idno, title, firstname, lastname, dateofbirth, gender) VALUES (6517, '', 'Presch', 'Dirk Friedrich', '1.1.1959.', 'p');
insert into CandidatesData (idno) VALUES (6517);
insert into PartyMembership (pid, idno) VALUES (2, 6517);
insert into Landeslistenplatz (llid, idno, position) VALUES (73, 6517, 57);
insert into Citizen (idno, title, firstname, lastname, dateofbirth, gender) VALUES (6518, '', 'Presse', 'André', '1.1.1974.', 'p');
insert into CandidatesData (idno) VALUES (6518);
insert into PartyMembership (pid, idno) VALUES (7, 6518);
insert into Landeslistenplatz (llid, idno, position) VALUES (48, 6518, 22);
insert into Citizen (idno, title, firstname, lastname, dateofbirth, gender) VALUES (6519, '', 'Pretzell', 'Marcus', '1.1.1973.', 'p');
insert into CandidatesData (idno) VALUES (6519);
insert into PartyMembership (pid, idno) VALUES (33, 6519);
insert into Candidacy (wkid, idno) VALUES (431, 6519);
insert into Landeslistenplatz (llid, idno, position) VALUES (80, 6519, 31);
insert into Citizen (idno, title, firstname, lastname, dateofbirth, gender) VALUES (6520, '', 'Preuß', 'Adolf', '1.1.1941.', 'p');
insert into CandidatesData (idno) VALUES (6520);
insert into PartyMembership (pid, idno) VALUES (1, 6520);
insert into Candidacy (wkid, idno) VALUES (348, 6520);
insert into Citizen (idno, title, firstname, lastname, dateofbirth, gender) VALUES (6521, '', 'Preuß', 'Claus-Dieter', '1.1.1956.', 'p');
insert into CandidatesData (idno) VALUES (6521);
insert into PartyMembership (pid, idno) VALUES (31, 6521);
insert into Landeslistenplatz (llid, idno, position) VALUES (123, 6521, 5);
insert into Citizen (idno, title, firstname, lastname, dateofbirth, gender) VALUES (6522, '', 'Preuß', 'Friedrich', '1.1.1943.', 'p');
insert into CandidatesData (idno) VALUES (6522);
insert into PartyMembership (pid, idno) VALUES (1, 6522);
insert into Candidacy (wkid, idno) VALUES (350, 6522);
insert into Landeslistenplatz (llid, idno, position) VALUES (171, 6522, 5);
insert into Citizen (idno, title, firstname, lastname, dateofbirth, gender) VALUES (6523, '', 'Preuß', 'Hartmut', '1.1.1947.', 'p');
insert into CandidatesData (idno) VALUES (6523);
insert into PartyMembership (pid, idno) VALUES (33, 6523);
insert into Candidacy (wkid, idno) VALUES (422, 6523);
insert into Citizen (idno, title, firstname, lastname, dateofbirth, gender) VALUES (6524, '', 'Preysing', 'Regina', '1.1.1965.', 'p');
insert into CandidatesData (idno) VALUES (6524);
insert into PartyMembership (pid, idno) VALUES (3, 6524);
insert into Landeslistenplatz (llid, idno, position) VALUES (43, 6524, 15);
insert into Citizen (idno, title, firstname, lastname, dateofbirth, gender) VALUES (6525, 'Dr. ', 'Priesmeier', 'Wilhelm', '1.1.1954.', 'p');
insert into CandidatesData (idno) VALUES (6525);
insert into PartyMembership (pid, idno) VALUES (2, 6525);
insert into Candidacy (wkid, idno) VALUES (351, 6525);
insert into Landeslistenplatz (llid, idno, position) VALUES (69, 6525, 27);
insert into Citizen (idno, title, firstname, lastname, dateofbirth, gender) VALUES (6526, '', 'Prigge', 'Klaus', '1.1.1953.', 'p');
insert into CandidatesData (idno) VALUES (6526);
insert into PartyMembership (pid, idno) VALUES (32, 6526);
insert into Candidacy (wkid, idno) VALUES (343, 6526);
insert into Citizen (idno, title, firstname, lastname, dateofbirth, gender) VALUES (6527, '', 'Probst', 'Julia', '1.1.1981.', 'p');
insert into CandidatesData (idno) VALUES (6527);
insert into PartyMembership (pid, idno) VALUES (7, 6527);
insert into Landeslistenplatz (llid, idno, position) VALUES (48, 6527, 3);
insert into Citizen (idno, title, firstname, lastname, dateofbirth, gender) VALUES (6528, '', 'Probst', 'Uwe', '1.1.1965.', 'p');
insert into CandidatesData (idno) VALUES (6528);
insert into PartyMembership (pid, idno) VALUES (4, 6528);
insert into Candidacy (wkid, idno) VALUES (548, 6528);
insert into Landeslistenplatz (llid, idno, position) VALUES (102, 6528, 25);
insert into Citizen (idno, title, firstname, lastname, dateofbirth, gender) VALUES (6529, '', 'Probst-Oelkers', 'Maria Regina', '1.1.1958.', 'p');
insert into CandidatesData (idno) VALUES (6529);
insert into PartyMembership (pid, idno) VALUES (29, 6529);
insert into Landeslistenplatz (llid, idno, position) VALUES (31, 6529, 37);
insert into Citizen (idno, title, firstname, lastname, dateofbirth, gender) VALUES (6530, '', 'Pröhl', 'Martin', '1.1.1935.', 'p');
insert into CandidatesData (idno) VALUES (6530);
insert into PartyMembership (pid, idno) VALUES (42, 6530);
insert into Landeslistenplatz (llid, idno, position) VALUES (232, 6530, 5);
insert into Citizen (idno, title, firstname, lastname, dateofbirth, gender) VALUES (6531, '', 'Pröhl', 'Wilhelm', '1.1.1935.', 'p');
insert into CandidatesData (idno) VALUES (6531);
insert into PartyMembership (pid, idno) VALUES (42, 6531);
insert into Landeslistenplatz (llid, idno, position) VALUES (232, 6531, 4);
insert into Citizen (idno, title, firstname, lastname, dateofbirth, gender) VALUES (6532, '', 'Prokop', 'Ulrike Claudia', '1.1.1962.', 'p');
insert into CandidatesData (idno) VALUES (6532);
insert into PartyMembership (pid, idno) VALUES (33, 6532);
insert into Landeslistenplatz (llid, idno, position) VALUES (166, 6532, 29);
insert into Citizen (idno, title, firstname, lastname, dateofbirth, gender) VALUES (6533, '', 'Pronold', 'Florian', '1.1.1972.', 'p');
insert into CandidatesData (idno) VALUES (6533);
insert into PartyMembership (pid, idno) VALUES (2, 6533);
insert into Candidacy (wkid, idno) VALUES (529, 6533);
insert into Landeslistenplatz (llid, idno, position) VALUES (87, 6533, 1);
insert into Citizen (idno, title, firstname, lastname, dateofbirth, gender) VALUES (6534, '', 'Protschka', 'Stephan', '1.1.1977.', 'p');
insert into CandidatesData (idno) VALUES (6534);
insert into PartyMembership (pid, idno) VALUES (33, 6534);
insert into Candidacy (wkid, idno) VALUES (529, 6534);
insert into Landeslistenplatz (llid, idno, position) VALUES (166, 6534, 13);
insert into Citizen (idno, title, firstname, lastname, dateofbirth, gender) VALUES (6535, 'Dr. ', 'Pschera', 'Stephan Georg', '1.1.1964.', 'p');
insert into CandidatesData (idno) VALUES (6535);
insert into PartyMembership (pid, idno) VALUES (7, 6535);
insert into Candidacy (wkid, idno) VALUES (460, 6535);
insert into Landeslistenplatz (llid, idno, position) VALUES (85, 6535, 13);
insert into Citizen (idno, title, firstname, lastname, dateofbirth, gender) VALUES (6536, '', 'Pühse', 'Jens', '1.1.1972.', 'p');
insert into CandidatesData (idno) VALUES (6536);
insert into PartyMembership (pid, idno) VALUES (1, 6536);
insert into Candidacy (wkid, idno) VALUES (379, 6536);
insert into Citizen (idno, title, firstname, lastname, dateofbirth, gender) VALUES (6537, '', 'Püschel', 'Hans', '1.1.1948.', 'p');
insert into CandidatesData (idno) VALUES (6537);
insert into PartyMembership (pid, idno) VALUES (1, 6537);
insert into Candidacy (wkid, idno) VALUES (372, 6537);
insert into Citizen (idno, title, firstname, lastname, dateofbirth, gender) VALUES (6538, '', 'Puff', 'Heinz Detlev', '1.1.1957.', 'p');
insert into CandidatesData (idno) VALUES (6538);
insert into PartyMembership (pid, idno) VALUES (2, 6538);
insert into Landeslistenplatz (llid, idno, position) VALUES (77, 6538, 8);
insert into Citizen (idno, title, firstname, lastname, dateofbirth, gender) VALUES (6539, '', 'Puhl', 'Wadim', '1.1.1986.', 'p');
insert into CandidatesData (idno) VALUES (6539);
insert into PartyMembership (pid, idno) VALUES (35, 6539);
insert into Landeslistenplatz (llid, idno, position) VALUES (57, 6539, 13);
insert into Citizen (idno, title, firstname, lastname, dateofbirth, gender) VALUES (6540, '', 'Puhle', 'Bernd', '1.1.1939.', 'p');
insert into CandidatesData (idno) VALUES (6540);
insert into PartyMembership (pid, idno) VALUES (32, 6540);
insert into Landeslistenplatz (llid, idno, position) VALUES (92, 6540, 7);
insert into Citizen (idno, title, firstname, lastname, dateofbirth, gender) VALUES (6541, '', 'Pullich', 'Joscha', '1.1.1986.', 'p');
insert into CandidatesData (idno) VALUES (6541);
insert into PartyMembership (pid, idno) VALUES (5, 6541);
insert into Candidacy (wkid, idno) VALUES (500, 6541);
insert into Citizen (idno, title, firstname, lastname, dateofbirth, gender) VALUES (6542, '', 'Quehl', 'Stefan', '1.1.1975.', 'p');
insert into CandidatesData (idno) VALUES (6542);
insert into PartyMembership (pid, idno) VALUES (4, 6542);
insert into Candidacy (wkid, idno) VALUES (538, 6542);
insert into Landeslistenplatz (llid, idno, position) VALUES (102, 6542, 30);
insert into Citizen (idno, title, firstname, lastname, dateofbirth, gender) VALUES (6543, '', 'Quelle', 'Michael', '1.1.1953.', 'p');
insert into CandidatesData (idno) VALUES (6543);
insert into PartyMembership (pid, idno) VALUES (3, 6543);
insert into Candidacy (wkid, idno) VALUES (329, 6543);
insert into Citizen (idno, title, firstname, lastname, dateofbirth, gender) VALUES (6544, '', 'Quendt', 'Andreas', '1.1.1972.', 'p');
insert into CandidatesData (idno) VALUES (6544);
insert into PartyMembership (pid, idno) VALUES (36, 6544);
insert into Landeslistenplatz (llid, idno, position) VALUES (118, 6544, 21);
insert into Citizen (idno, title, firstname, lastname, dateofbirth, gender) VALUES (6545, '', 'Quendt', 'Thoralf', '1.1.1963.', 'p');
insert into CandidatesData (idno) VALUES (6545);
insert into PartyMembership (pid, idno) VALUES (32, 6545);
insert into Candidacy (wkid, idno) VALUES (496, 6545);
insert into Landeslistenplatz (llid, idno, position) VALUES (145, 6545, 6);
insert into Citizen (idno, title, firstname, lastname, dateofbirth, gender) VALUES (6546, '', 'Quijano Burchardt', 'Sabina', '1.1.1962.', 'p');
insert into CandidatesData (idno) VALUES (6546);
insert into PartyMembership (pid, idno) VALUES (5, 6546);
insert into Landeslistenplatz (llid, idno, position) VALUES (213, 6546, 7);
insert into Citizen (idno, title, firstname, lastname, dateofbirth, gender) VALUES (6547, '', 'Quoos', 'Ulrike', '1.1.1974.', 'p');
insert into CandidatesData (idno) VALUES (6547);
insert into PartyMembership (pid, idno) VALUES (4, 6547);
insert into Candidacy (wkid, idno) VALUES (575, 6547);
insert into Landeslistenplatz (llid, idno, position) VALUES (51, 6547, 20);
insert into Citizen (idno, title, firstname, lastname, dateofbirth, gender) VALUES (6548, '', 'Raab', 'Birgit', '1.1.1964.', 'p');
insert into CandidatesData (idno) VALUES (6548);
insert into PartyMembership (pid, idno) VALUES (5, 6548);
insert into Candidacy (wkid, idno) VALUES (544, 6548);
insert into Landeslistenplatz (llid, idno, position) VALUES (65, 6548, 19);
insert into Citizen (idno, title, firstname, lastname, dateofbirth, gender) VALUES (6549, 'Dr. ', 'Raabe', 'Sascha', '1.1.1968.', 'p');
insert into CandidatesData (idno) VALUES (6549);
insert into PartyMembership (pid, idno) VALUES (2, 6549);
insert into Candidacy (wkid, idno) VALUES (479, 6549);
insert into Landeslistenplatz (llid, idno, position) VALUES (54, 6549, 9);
insert into Citizen (idno, title, firstname, lastname, dateofbirth, gender) VALUES (6550, 'Dr. ', 'Raatz', 'Simone', '1.1.1962.', 'p');
insert into CandidatesData (idno) VALUES (6550);
insert into PartyMembership (pid, idno) VALUES (2, 6550);
insert into Candidacy (wkid, idno) VALUES (460, 6550);
insert into Landeslistenplatz (llid, idno, position) VALUES (153, 6550, 2);
insert into Citizen (idno, title, firstname, lastname, dateofbirth, gender) VALUES (6551, '', 'Rabanus', 'Martin Hermann', '1.1.1971.', 'p');
insert into CandidatesData (idno) VALUES (6551);
insert into PartyMembership (pid, idno) VALUES (2, 6551);
insert into Candidacy (wkid, idno) VALUES (477, 6551);
insert into Landeslistenplatz (llid, idno, position) VALUES (54, 6551, 11);
insert into Citizen (idno, title, firstname, lastname, dateofbirth, gender) VALUES (6552, '', 'Rabel', 'Stefan', '1.1.1964.', 'p');
insert into CandidatesData (idno) VALUES (6552);
insert into PartyMembership (pid, idno) VALUES (12, 6552);
insert into Landeslistenplatz (llid, idno, position) VALUES (53, 6552, 6);
insert into Citizen (idno, title, firstname, lastname, dateofbirth, gender) VALUES (6553, '', 'Raber', 'Nadine Carolin Sasa', '1.1.1986.', 'p');
insert into CandidatesData (idno) VALUES (6553);
insert into PartyMembership (pid, idno) VALUES (7, 6553);
insert into Candidacy (wkid, idno) VALUES (428, 6553);
insert into Citizen (idno, title, firstname, lastname, dateofbirth, gender) VALUES (6554, '', 'Raberg', 'Beate', '1.1.1960.', 'p');
insert into CandidatesData (idno) VALUES (6554);
insert into PartyMembership (pid, idno) VALUES (3, 6554);
insert into Candidacy (wkid, idno) VALUES (446, 6554);
insert into Citizen (idno, title, firstname, lastname, dateofbirth, gender) VALUES (6555, '', 'Rachel', 'Thomas', '1.1.1962.', 'p');
insert into CandidatesData (idno) VALUES (6555);
insert into PartyMembership (pid, idno) VALUES (12, 6555);
insert into Candidacy (wkid, idno) VALUES (389, 6555);
insert into Landeslistenplatz (llid, idno, position) VALUES (136, 6555, 11);
insert into Citizen (idno, title, firstname, lastname, dateofbirth, gender) VALUES (6556, '', 'Rackwitz', 'Janine', '1.1.1989.', 'p');
insert into CandidatesData (idno) VALUES (6556);
insert into PartyMembership (pid, idno) VALUES (19, 6556);
insert into Landeslistenplatz (llid, idno, position) VALUES (40, 6556, 23);
insert into Citizen (idno, title, firstname, lastname, dateofbirth, gender) VALUES (6557, '', 'Radeck', 'Peter', '1.1.1959.', 'p');
insert into CandidatesData (idno) VALUES (6557);
insert into PartyMembership (pid, idno) VALUES (37, 6557);
insert into Landeslistenplatz (llid, idno, position) VALUES (251, 6557, 2);
insert into Citizen (idno, title, firstname, lastname, dateofbirth, gender) VALUES (6558, '', 'Rademacher', 'Dennis', '1.1.1985.', 'p');
insert into CandidatesData (idno) VALUES (6558);
insert into PartyMembership (pid, idno) VALUES (4, 6558);
insert into Candidacy (wkid, idno) VALUES (439, 6558);
insert into Landeslistenplatz (llid, idno, position) VALUES (98, 6558, 31);
insert into Citizen (idno, title, firstname, lastname, dateofbirth, gender) VALUES (6559, '', 'Radojevic', 'Marco', '1.1.1990.', 'p');
insert into CandidatesData (idno) VALUES (6559);
insert into PartyMembership (pid, idno) VALUES (3, 6559);
insert into Candidacy (wkid, idno) VALUES (586, 6559);
insert into Landeslistenplatz (llid, idno, position) VALUES (143, 6559, 8);
insert into Citizen (idno, title, firstname, lastname, dateofbirth, gender) VALUES (6560, '', 'Radomski', 'Kerstin', '1.1.1974.', 'p');
insert into CandidatesData (idno) VALUES (6560);
insert into PartyMembership (pid, idno) VALUES (12, 6560);
insert into Candidacy (wkid, idno) VALUES (413, 6560);
insert into Landeslistenplatz (llid, idno, position) VALUES (136, 6560, 40);
insert into Citizen (idno, title, firstname, lastname, dateofbirth, gender) VALUES (6561, '', 'Radwan', 'Alexander', '1.1.1964.', 'p');
insert into CandidatesData (idno) VALUES (6561);
insert into PartyMembership (pid, idno) VALUES (9, 6561);
insert into Candidacy (wkid, idno) VALUES (523, 6561);
insert into Citizen (idno, title, firstname, lastname, dateofbirth, gender) VALUES (6562, '', 'Radziwill', 'Ülker', '1.1.1966.', 'p');
insert into CandidatesData (idno) VALUES (6562);
insert into PartyMembership (pid, idno) VALUES (2, 6562);
insert into Candidacy (wkid, idno) VALUES (379, 6562);
insert into Citizen (idno, title, firstname, lastname, dateofbirth, gender) VALUES (6563, '', 'Raemdonck van', 'Rainer', '1.1.1957.', 'p');
insert into CandidatesData (idno) VALUES (6563);
insert into PartyMembership (pid, idno) VALUES (33, 6563);
insert into Landeslistenplatz (llid, idno, position) VALUES (156, 6563, 4);
insert into Citizen (idno, title, firstname, lastname, dateofbirth, gender) VALUES (6564, '', 'Ragg', 'Günther', '1.1.1957.', 'p');
insert into CandidatesData (idno) VALUES (6564);
insert into PartyMembership (pid, idno) VALUES (1, 6564);
insert into Candidacy (wkid, idno) VALUES (578, 6564);
insert into Citizen (idno, title, firstname, lastname, dateofbirth, gender) VALUES (6565, '', 'Rainer', 'Alois', '1.1.1965.', 'p');
insert into CandidatesData (idno) VALUES (6565);
insert into PartyMembership (pid, idno) VALUES (9, 6565);
insert into Candidacy (wkid, idno) VALUES (530, 6565);
insert into Citizen (idno, title, firstname, lastname, dateofbirth, gender) VALUES (6566, '', 'Ramdohr', 'Klaus Dieter', '1.1.1961.', 'p');
insert into CandidatesData (idno) VALUES (6566);
insert into PartyMembership (pid, idno) VALUES (29, 6566);
insert into Landeslistenplatz (llid, idno, position) VALUES (31, 6566, 8);
insert into Citizen (idno, title, firstname, lastname, dateofbirth, gender) VALUES (6567, '', 'Rammert', 'Gordana Kathrin', '1.1.1987.', 'p');
insert into CandidatesData (idno) VALUES (6567);
insert into PartyMembership (pid, idno) VALUES (31, 6567);
insert into Landeslistenplatz (llid, idno, position) VALUES (123, 6567, 31);
insert into Citizen (idno, title, firstname, lastname, dateofbirth, gender) VALUES (6568, 'Dr. ', 'Ramsauer', 'Peter', '1.1.1954.', 'p');
insert into CandidatesData (idno) VALUES (6568);
insert into PartyMembership (pid, idno) VALUES (9, 6568);
insert into Candidacy (wkid, idno) VALUES (524, 6568);
insert into Landeslistenplatz (llid, idno, position) VALUES (47, 6568, 3);
insert into Citizen (idno, title, firstname, lastname, dateofbirth, gender) VALUES (6569, '', 'Rang', 'Thomas', '1.1.1950.', 'p');
insert into CandidatesData (idno) VALUES (6569);
insert into PartyMembership (pid, idno) VALUES (33, 6569);
insert into Landeslistenplatz (llid, idno, position) VALUES (80, 6569, 15);
insert into Citizen (idno, title, firstname, lastname, dateofbirth, gender) VALUES (6570, '', 'Range', 'Mathias Heinrich', '1.1.1988.', 'p');
insert into CandidatesData (idno) VALUES (6570);
insert into PartyMembership (pid, idno) VALUES (12, 6570);
insert into Landeslistenplatz (llid, idno, position) VALUES (88, 6570, 42);
insert into Citizen (idno, title, firstname, lastname, dateofbirth, gender) VALUES (6571, '', 'Rapp', 'Marco', '1.1.1985.', 'p');
insert into CandidatesData (idno) VALUES (6571);
insert into PartyMembership (pid, idno) VALUES (32, 6571);
insert into Candidacy (wkid, idno) VALUES (578, 6571);
insert into Citizen (idno, title, firstname, lastname, dateofbirth, gender) VALUES (6572, '', 'Rapp', 'Peter', '1.1.1948.', 'p');
insert into CandidatesData (idno) VALUES (6572);
insert into PartyMembership (pid, idno) VALUES (32, 6572);
insert into Candidacy (wkid, idno) VALUES (570, 6572);
insert into Citizen (idno, title, firstname, lastname, dateofbirth, gender) VALUES (6573, '', 'Rappold', 'Ernst', '1.1.1958.', 'p');
insert into CandidatesData (idno) VALUES (6573);
insert into PartyMembership (pid, idno) VALUES (5, 6573);
insert into Candidacy (wkid, idno) VALUES (541, 6573);
insert into Landeslistenplatz (llid, idno, position) VALUES (65, 6573, 36);
insert into Citizen (idno, title, firstname, lastname, dateofbirth, gender) VALUES (6574, '', 'Rapps', 'Peter', '1.1.1949.', 'p');
insert into CandidatesData (idno) VALUES (6574);
insert into PartyMembership (pid, idno) VALUES (13, 6574);
insert into Landeslistenplatz (llid, idno, position) VALUES (96, 6574, 18);
insert into Citizen (idno, title, firstname, lastname, dateofbirth, gender) VALUES (6575, '', 'Raschig', 'Markus', '1.1.1960.', 'p');
insert into CandidatesData (idno) VALUES (6575);
insert into PartyMembership (pid, idno) VALUES (33, 6575);
insert into Landeslistenplatz (llid, idno, position) VALUES (166, 6575, 39);
insert into Citizen (idno, title, firstname, lastname, dateofbirth, gender) VALUES (6576, '', 'Rathmer', 'Jörg', '1.1.1969.', 'p');
insert into CandidatesData (idno) VALUES (6576);
insert into PartyMembership (pid, idno) VALUES (4, 6576);
insert into Landeslistenplatz (llid, idno, position) VALUES (250, 6576, 4);
insert into Citizen (idno, title, firstname, lastname, dateofbirth, gender) VALUES (6577, 'Dr. ', 'Ratjen-Damerau', 'Christiane', '1.1.1954.', 'p');
insert into CandidatesData (idno) VALUES (6577);
insert into PartyMembership (pid, idno) VALUES (4, 6577);
insert into Candidacy (wkid, idno) VALUES (326, 6577);
insert into Landeslistenplatz (llid, idno, position) VALUES (127, 6577, 7);
insert into Citizen (idno, title, firstname, lastname, dateofbirth, gender) VALUES (6578, 'Dr. ', 'Rau', 'Eleonore', '1.1.1928.', 'p');
insert into CandidatesData (idno) VALUES (6578);
insert into PartyMembership (pid, idno) VALUES (45, 6578);
insert into Candidacy (wkid, idno) VALUES (456, 6578);
insert into Citizen (idno, title, firstname, lastname, dateofbirth, gender) VALUES (6579, '', 'Rauch', 'Matthias', '1.1.1990.', 'p');
insert into CandidatesData (idno) VALUES (6579);
insert into PartyMembership (pid, idno) VALUES (4, 6579);
insert into Candidacy (wkid, idno) VALUES (372, 6579);
insert into Citizen (idno, title, firstname, lastname, dateofbirth, gender) VALUES (6580, '', 'Rauhut', 'Stephan', '1.1.1974.', 'p');
insert into CandidatesData (idno) VALUES (6580);
insert into PartyMembership (pid, idno) VALUES (12, 6580);
insert into Landeslistenplatz (llid, idno, position) VALUES (136, 6580, 60);
insert into Citizen (idno, title, firstname, lastname, dateofbirth, gender) VALUES (6581, '', 'Rauhut', 'Udo', '1.1.1967.', 'p');
insert into CandidatesData (idno) VALUES (6581);
insert into PartyMembership (pid, idno) VALUES (3, 6581);
insert into Candidacy (wkid, idno) VALUES (563, 6581);
insert into Citizen (idno, title, firstname, lastname, dateofbirth, gender) VALUES (6582, '', 'Rauschenbach', 'Michael', '1.1.1966.', 'p');
insert into CandidatesData (idno) VALUES (6582);
insert into PartyMembership (pid, idno) VALUES (19, 6582);
insert into Landeslistenplatz (llid, idno, position) VALUES (114, 6582, 3);
insert into Citizen (idno, title, firstname, lastname, dateofbirth, gender) VALUES (6583, 'Prof. Dr. ', 'Rauscher', 'Thomas', '1.1.1955.', 'p');
insert into CandidatesData (idno) VALUES (6583);
insert into PartyMembership (pid, idno) VALUES (4, 6583);
insert into Candidacy (wkid, idno) VALUES (522, 6583);
insert into Landeslistenplatz (llid, idno, position) VALUES (102, 6583, 38);
insert into Citizen (idno, title, firstname, lastname, dateofbirth, gender) VALUES (6584, '', 'Rawert', 'Mechthild', '1.1.1957.', 'p');
insert into CandidatesData (idno) VALUES (6584);
insert into PartyMembership (pid, idno) VALUES (2, 6584);
insert into Candidacy (wkid, idno) VALUES (380, 6584);
insert into Landeslistenplatz (llid, idno, position) VALUES (179, 6584, 3);
insert into Citizen (idno, title, firstname, lastname, dateofbirth, gender) VALUES (6585, '', 'Rebmann', 'Kai', '1.1.1982.', 'p');
insert into CandidatesData (idno) VALUES (6585);
insert into PartyMembership (pid, idno) VALUES (17, 6585);
insert into Landeslistenplatz (llid, idno, position) VALUES (255, 6585, 3);
insert into Citizen (idno, title, firstname, lastname, dateofbirth, gender) VALUES (6586, '', 'Rebmann', 'Stefan', '1.1.1962.', 'p');
insert into CandidatesData (idno) VALUES (6586);
insert into PartyMembership (pid, idno) VALUES (2, 6586);
insert into Candidacy (wkid, idno) VALUES (574, 6586);
insert into Landeslistenplatz (llid, idno, position) VALUES (76, 6586, 15);
insert into Citizen (idno, title, firstname, lastname, dateofbirth, gender) VALUES (6587, '', 'Recha', 'Michael', '1.1.1972.', 'p');
insert into CandidatesData (idno) VALUES (6587);
insert into PartyMembership (pid, idno) VALUES (33, 6587);
insert into Candidacy (wkid, idno) VALUES (336, 6587);
insert into Landeslistenplatz (llid, idno, position) VALUES (30, 6587, 5);
insert into Citizen (idno, title, firstname, lastname, dateofbirth, gender) VALUES (6588, 'Dr. ', 'Reck', 'Reinhold', '1.1.1958.', 'p');
insert into CandidatesData (idno) VALUES (6588);
insert into PartyMembership (pid, idno) VALUES (36, 6588);
insert into Candidacy (wkid, idno) VALUES (514, 6588);
insert into Landeslistenplatz (llid, idno, position) VALUES (121, 6588, 20);
insert into Citizen (idno, title, firstname, lastname, dateofbirth, gender) VALUES (6589, '', 'Redepenning', 'Harald', '1.1.1957.', 'p');
insert into CandidatesData (idno) VALUES (6589);
insert into PartyMembership (pid, idno) VALUES (2, 6589);
insert into Candidacy (wkid, idno) VALUES (453, 6589);
insert into Landeslistenplatz (llid, idno, position) VALUES (153, 6589, 14);
insert into Citizen (idno, title, firstname, lastname, dateofbirth, gender) VALUES (6590, '', 'Reder', 'Klaus-Dieter', '1.1.1970.', 'p');
insert into CandidatesData (idno) VALUES (6590);
insert into PartyMembership (pid, idno) VALUES (12, 6590);
insert into Landeslistenplatz (llid, idno, position) VALUES (44, 6590, 42);
insert into Citizen (idno, title, firstname, lastname, dateofbirth, gender) VALUES (6591, '', 'Redöhl', 'Bettina', '1.1.1965.', 'p');
insert into CandidatesData (idno) VALUES (6591);
insert into PartyMembership (pid, idno) VALUES (32, 6591);
insert into Candidacy (wkid, idno) VALUES (340, 6591);
insert into Citizen (idno, title, firstname, lastname, dateofbirth, gender) VALUES (6592, '', 'Regehly', 'Imanuel', '1.1.1923.', 'p');
insert into CandidatesData (idno) VALUES (6592);
insert into PartyMembership (pid, idno) VALUES (1, 6592);
insert into Landeslistenplatz (llid, idno, position) VALUES (246, 6592, 10);
insert into Citizen (idno, title, firstname, lastname, dateofbirth, gender) VALUES (6593, '', 'Rehberg', 'Eckhardt', '1.1.1954.', 'p');
insert into CandidatesData (idno) VALUES (6593);
insert into PartyMembership (pid, idno) VALUES (12, 6593);
insert into Candidacy (wkid, idno) VALUES (316, 6593);
insert into Landeslistenplatz (llid, idno, position) VALUES (191, 6593, 2);
insert into Citizen (idno, title, firstname, lastname, dateofbirth, gender) VALUES (6594, '', 'Reher', 'Joel', '1.1.1978.', 'p');
insert into CandidatesData (idno) VALUES (6594);
insert into Candidacy (wkid, idno) VALUES (322, 6594);
insert into Citizen (idno, title, firstname, lastname, dateofbirth, gender) VALUES (6595, '', 'Rehfeld', 'Moritz', '1.1.1986.', 'p');
insert into CandidatesData (idno) VALUES (6595);
insert into PartyMembership (pid, idno) VALUES (7, 6595);
insert into Landeslistenplatz (llid, idno, position) VALUES (173, 6595, 11);
insert into Citizen (idno, title, firstname, lastname, dateofbirth, gender) VALUES (6596, 'Prof. Dr. ', 'Rehm', 'Helmut', '1.1.1951.', 'p');
insert into CandidatesData (idno) VALUES (6596);
insert into PartyMembership (pid, idno) VALUES (32, 6596);
insert into Candidacy (wkid, idno) VALUES (546, 6596);
insert into Landeslistenplatz (llid, idno, position) VALUES (33, 6596, 30);
insert into Citizen (idno, title, firstname, lastname, dateofbirth, gender) VALUES (6597, '', 'Rehmann', 'Jens', '1.1.1966.', 'p');
insert into CandidatesData (idno) VALUES (6597);
insert into PartyMembership (pid, idno) VALUES (36, 6597);
insert into Landeslistenplatz (llid, idno, position) VALUES (247, 6597, 1);
insert into Citizen (idno, title, firstname, lastname, dateofbirth, gender) VALUES (6598, 'Dr. ', 'Rehmet', 'Roland Wolfgang', '1.1.1966.', 'p');
insert into CandidatesData (idno) VALUES (6598);
insert into PartyMembership (pid, idno) VALUES (4, 6598);
insert into Landeslistenplatz (llid, idno, position) VALUES (100, 6598, 9);
insert into Citizen (idno, title, firstname, lastname, dateofbirth, gender) VALUES (6599, '', 'Rehse', 'Mareike', '1.1.1985.', 'p');
insert into CandidatesData (idno) VALUES (6599);
insert into PartyMembership (pid, idno) VALUES (5, 6599);
insert into Landeslistenplatz (llid, idno, position) VALUES (59, 6599, 7);
insert into Citizen (idno, title, firstname, lastname, dateofbirth, gender) VALUES (6600, '', 'Reiche', 'Katherina Birgitt', '1.1.1973.', 'p');
insert into CandidatesData (idno) VALUES (6600);
insert into PartyMembership (pid, idno) VALUES (12, 6600);
insert into Candidacy (wkid, idno) VALUES (360, 6600);
insert into Landeslistenplatz (llid, idno, position) VALUES (218, 6600, 2);
insert into Citizen (idno, title, firstname, lastname, dateofbirth, gender) VALUES (6601, '', 'Reiche', 'Sebastian', '1.1.1983.', 'p');
insert into CandidatesData (idno) VALUES (6601);
insert into PartyMembership (pid, idno) VALUES (1, 6601);
insert into Candidacy (wkid, idno) VALUES (491, 6601);
insert into Citizen (idno, title, firstname, lastname, dateofbirth, gender) VALUES (6602, '', 'Reiche', 'Uwe', '1.1.1961.', 'p');
insert into CandidatesData (idno) VALUES (6602);
insert into PartyMembership (pid, idno) VALUES (32, 6602);
insert into Landeslistenplatz (llid, idno, position) VALUES (145, 6602, 11);
insert into Citizen (idno, title, firstname, lastname, dateofbirth, gender) VALUES (6603, 'Dr. ', 'Reichel', 'Markus Alexander', '1.1.1968.', 'p');
insert into CandidatesData (idno) VALUES (6603);
insert into PartyMembership (pid, idno) VALUES (12, 6603);
insert into Landeslistenplatz (llid, idno, position) VALUES (134, 6603, 13);
insert into Citizen (idno, title, firstname, lastname, dateofbirth, gender) VALUES (6604, '', 'Reichelt', 'Verony', '1.1.1979.', 'p');
insert into CandidatesData (idno) VALUES (6604);
insert into PartyMembership (pid, idno) VALUES (4, 6604);
insert into Candidacy (wkid, idno) VALUES (350, 6604);
insert into Landeslistenplatz (llid, idno, position) VALUES (127, 6604, 12);
insert into Citizen (idno, title, firstname, lastname, dateofbirth, gender) VALUES (6605, '', 'Reichenbach', 'Gerold Rudolf', '1.1.1953.', 'p');
insert into CandidatesData (idno) VALUES (6605);
insert into PartyMembership (pid, idno) VALUES (2, 6605);
insert into Candidacy (wkid, idno) VALUES (483, 6605);
insert into Landeslistenplatz (llid, idno, position) VALUES (54, 6605, 5);
insert into Citizen (idno, title, firstname, lastname, dateofbirth, gender) VALUES (6606, '', 'Reichert', 'Holger', '1.1.1972.', 'p');
insert into CandidatesData (idno) VALUES (6606);
insert into PartyMembership (pid, idno) VALUES (7, 6606);
insert into Candidacy (wkid, idno) VALUES (578, 6606);
insert into Citizen (idno, title, firstname, lastname, dateofbirth, gender) VALUES (6607, '', 'Reichhardt', 'Johannes', '1.1.1985.', 'p');
insert into CandidatesData (idno) VALUES (6607);
insert into PartyMembership (pid, idno) VALUES (7, 6607);
insert into Candidacy (wkid, idno) VALUES (537, 6607);
insert into Citizen (idno, title, firstname, lastname, dateofbirth, gender) VALUES (6608, '', 'Reidel', 'Christian', '1.1.1966.', 'p');
insert into CandidatesData (idno) VALUES (6608);
insert into PartyMembership (pid, idno) VALUES (7, 6608);
insert into Candidacy (wkid, idno) VALUES (528, 6608);
insert into Landeslistenplatz (llid, idno, position) VALUES (72, 6608, 10);
insert into Citizen (idno, title, firstname, lastname, dateofbirth, gender) VALUES (6609, '', 'Reifschneider-Groß', 'Brigitte Helene', '1.1.1951.', 'p');
insert into CandidatesData (idno) VALUES (6609);
insert into PartyMembership (pid, idno) VALUES (4, 6609);
insert into Landeslistenplatz (llid, idno, position) VALUES (116, 6609, 20);
insert into Citizen (idno, title, firstname, lastname, dateofbirth, gender) VALUES (6610, 'Dr. ', 'Reimann', 'Carola', '1.1.1967.', 'p');
insert into CandidatesData (idno) VALUES (6610);
insert into PartyMembership (pid, idno) VALUES (2, 6610);
insert into Candidacy (wkid, idno) VALUES (349, 6610);
insert into Landeslistenplatz (llid, idno, position) VALUES (69, 6610, 12);
insert into Citizen (idno, title, firstname, lastname, dateofbirth, gender) VALUES (6611, 'Dr. ', 'Reimann', 'Dorit', '1.1.1949.', 'p');
insert into CandidatesData (idno) VALUES (6611);
insert into PartyMembership (pid, idno) VALUES (42, 6611);
insert into Landeslistenplatz (llid, idno, position) VALUES (214, 6611, 7);
insert into Citizen (idno, title, firstname, lastname, dateofbirth, gender) VALUES (6612, '', 'Reimer', 'Bente', '1.1.1977.', 'p');
insert into CandidatesData (idno) VALUES (6612);
insert into PartyMembership (pid, idno) VALUES (2, 6612);
insert into Landeslistenplatz (llid, idno, position) VALUES (103, 6612, 14);
insert into Citizen (idno, title, firstname, lastname, dateofbirth, gender) VALUES (6613, '', 'Rein', 'Harry', '1.1.1963.', 'p');
insert into CandidatesData (idno) VALUES (6613);
insert into Candidacy (wkid, idno) VALUES (432, 6613);
insert into Citizen (idno, title, firstname, lastname, dateofbirth, gender) VALUES (6614, '', 'Rein', 'Susanne', '1.1.1961.', 'p');
insert into CandidatesData (idno) VALUES (6614);
insert into PartyMembership (pid, idno) VALUES (12, 6614);
insert into Landeslistenplatz (llid, idno, position) VALUES (105, 6614, 49);
insert into Citizen (idno, title, firstname, lastname, dateofbirth, gender) VALUES (6615, '', 'Reindl', 'Rosa Maria', '1.1.1966.', 'p');
insert into CandidatesData (idno) VALUES (6615);
insert into PartyMembership (pid, idno) VALUES (36, 6615);
insert into Candidacy (wkid, idno) VALUES (513, 6615);
insert into Landeslistenplatz (llid, idno, position) VALUES (121, 6615, 21);
insert into Citizen (idno, title, firstname, lastname, dateofbirth, gender) VALUES (6616, '', 'Reinecke', 'Renate', '1.1.1953.', 'p');
insert into CandidatesData (idno) VALUES (6616);
insert into PartyMembership (pid, idno) VALUES (2, 6616);
insert into Landeslistenplatz (llid, idno, position) VALUES (54, 6616, 34);
insert into Citizen (idno, title, firstname, lastname, dateofbirth, gender) VALUES (6617, 'Dr. ', 'Reinemund', 'Birgit', '1.1.1959.', 'p');
insert into CandidatesData (idno) VALUES (6617);
insert into PartyMembership (pid, idno) VALUES (4, 6617);
insert into Candidacy (wkid, idno) VALUES (574, 6617);
insert into Landeslistenplatz (llid, idno, position) VALUES (51, 6617, 10);
insert into Citizen (idno, title, firstname, lastname, dateofbirth, gender) VALUES (6618, '', 'Reinhardt', 'Ingrid', '1.1.1950.', 'p');
insert into CandidatesData (idno) VALUES (6618);
insert into PartyMembership (pid, idno) VALUES (13, 6618);
insert into Landeslistenplatz (llid, idno, position) VALUES (211, 6618, 2);
insert into Citizen (idno, title, firstname, lastname, dateofbirth, gender) VALUES (6619, '', 'Reinhardt', 'Ralf', '1.1.1973.', 'p');
insert into CandidatesData (idno) VALUES (6619);
insert into PartyMembership (pid, idno) VALUES (7, 6619);
insert into Candidacy (wkid, idno) VALUES (515, 6619);
insert into Citizen (idno, title, firstname, lastname, dateofbirth, gender) VALUES (6620, 'Dr. ', 'Reinhold', 'Kristian', '1.1.1958.', 'p');
insert into CandidatesData (idno) VALUES (6620);
insert into PartyMembership (pid, idno) VALUES (4, 6620);
insert into Candidacy (wkid, idno) VALUES (461, 6620);
insert into Landeslistenplatz (llid, idno, position) VALUES (158, 6620, 5);
insert into Citizen (idno, title, firstname, lastname, dateofbirth, gender) VALUES (6621, '', 'Reinhold', 'Hagen', '1.1.1978.', 'p');
insert into CandidatesData (idno) VALUES (6621);
insert into PartyMembership (pid, idno) VALUES (4, 6621);
insert into Candidacy (wkid, idno) VALUES (313, 6621);
insert into Landeslistenplatz (llid, idno, position) VALUES (104, 6621, 1);
insert into Citizen (idno, title, firstname, lastname, dateofbirth, gender) VALUES (6622, '', 'Reinke', 'Elke', '1.1.1958.', 'p');
insert into CandidatesData (idno) VALUES (6622);
insert into PartyMembership (pid, idno) VALUES (3, 6622);
insert into Candidacy (wkid, idno) VALUES (367, 6622);
insert into Landeslistenplatz (llid, idno, position) VALUES (197, 6622, 7);
insert into Citizen (idno, title, firstname, lastname, dateofbirth, gender) VALUES (6623, '', 'Reinsch', 'Peter', '1.1.1952.', 'p');
insert into CandidatesData (idno) VALUES (6623);
insert into PartyMembership (pid, idno) VALUES (33, 6623);
insert into Landeslistenplatz (llid, idno, position) VALUES (164, 6623, 10);
insert into Citizen (idno, title, firstname, lastname, dateofbirth, gender) VALUES (6624, 'Dr. ', 'Reipen', 'Gernot', '1.1.1953.', 'p');
insert into CandidatesData (idno) VALUES (6624);
insert into PartyMembership (pid, idno) VALUES (7, 6624);
insert into Candidacy (wkid, idno) VALUES (498, 6624);
insert into Citizen (idno, title, firstname, lastname, dateofbirth, gender) VALUES (6625, '', 'Reisch', 'Sven', '1.1.1984.', 'p');
insert into CandidatesData (idno) VALUES (6625);
insert into PartyMembership (pid, idno) VALUES (5, 6625);
insert into Candidacy (wkid, idno) VALUES (559, 6625);
insert into Landeslistenplatz (llid, idno, position) VALUES (61, 6625, 24);
insert into Citizen (idno, title, firstname, lastname, dateofbirth, gender) VALUES (6626, '', 'Reiser', 'Ludwig', '1.1.1959.', 'p');
insert into CandidatesData (idno) VALUES (6626);
insert into PartyMembership (pid, idno) VALUES (42, 6626);
insert into Landeslistenplatz (llid, idno, position) VALUES (214, 6626, 8);
insert into Citizen (idno, title, firstname, lastname, dateofbirth, gender) VALUES (6627, '', 'Reiß', 'Daniel', '1.1.1986.', 'p');
insert into CandidatesData (idno) VALUES (6627);
insert into PartyMembership (pid, idno) VALUES (1, 6627);
insert into Candidacy (wkid, idno) VALUES (565, 6627);
insert into Citizen (idno, title, firstname, lastname, dateofbirth, gender) VALUES (6628, '', 'Reitmann', 'Heike', '1.1.1964.', 'p');
insert into CandidatesData (idno) VALUES (6628);
insert into PartyMembership (pid, idno) VALUES (37, 6628);
insert into Landeslistenplatz (llid, idno, position) VALUES (194, 6628, 3);
insert into Citizen (idno, title, firstname, lastname, dateofbirth, gender) VALUES (6629, '', 'Reitz', 'Jürgen', '1.1.1958.', 'p');
insert into CandidatesData (idno) VALUES (6629);
insert into PartyMembership (pid, idno) VALUES (32, 6629);
insert into Landeslistenplatz (llid, idno, position) VALUES (141, 6629, 5);
insert into Citizen (idno, title, firstname, lastname, dateofbirth, gender) VALUES (6630, '', 'Reker', 'Jara Marit', '1.1.1993.', 'p');
insert into CandidatesData (idno) VALUES (6630);
insert into PartyMembership (pid, idno) VALUES (31, 6630);
insert into Landeslistenplatz (llid, idno, position) VALUES (123, 6630, 34);
insert into Citizen (idno, title, firstname, lastname, dateofbirth, gender) VALUES (6631, '', 'Remmers', 'Ingrid Lieselotte', '1.1.1965.', 'p');
insert into CandidatesData (idno) VALUES (6631);
insert into PartyMembership (pid, idno) VALUES (3, 6631);
insert into Candidacy (wkid, idno) VALUES (422, 6631);
insert into Landeslistenplatz (llid, idno, position) VALUES (95, 6631, 18);
insert into Citizen (idno, title, firstname, lastname, dateofbirth, gender) VALUES (6632, '', 'Remmert', 'Michael', '1.1.1959.', 'p');
insert into CandidatesData (idno) VALUES (6632);
insert into PartyMembership (pid, idno) VALUES (5, 6632);
insert into Candidacy (wkid, idno) VALUES (404, 6632);
insert into Citizen (idno, title, firstname, lastname, dateofbirth, gender) VALUES (6633, '', 'Renner', 'Jürgen', '1.1.1966.', 'p');
insert into CandidatesData (idno) VALUES (6633);
insert into PartyMembership (pid, idno) VALUES (2, 6633);
insert into Landeslistenplatz (llid, idno, position) VALUES (77, 6633, 10);
insert into Citizen (idno, title, firstname, lastname, dateofbirth, gender) VALUES (6634, '', 'Renner', 'Karl-Heinz', '1.1.1949.', 'p');
insert into CandidatesData (idno) VALUES (6634);
insert into PartyMembership (pid, idno) VALUES (5, 6634);
insert into Candidacy (wkid, idno) VALUES (409, 6634);
insert into Citizen (idno, title, firstname, lastname, dateofbirth, gender) VALUES (6635, '', 'Renner', 'Martin Erwin', '1.1.1954.', 'p');
insert into CandidatesData (idno) VALUES (6635);
insert into PartyMembership (pid, idno) VALUES (33, 6635);
insert into Candidacy (wkid, idno) VALUES (419, 6635);
insert into Landeslistenplatz (llid, idno, position) VALUES (80, 6635, 7);
insert into Citizen (idno, title, firstname, lastname, dateofbirth, gender) VALUES (6636, '', 'Renner', 'Martina Erika', '1.1.1967.', 'p');
insert into CandidatesData (idno) VALUES (6636);
insert into PartyMembership (pid, idno) VALUES (3, 6636);
insert into Candidacy (wkid, idno) VALUES (491, 6636);
insert into Landeslistenplatz (llid, idno, position) VALUES (79, 6636, 3);
insert into Citizen (idno, title, firstname, lastname, dateofbirth, gender) VALUES (6637, '', 'Renner', 'Rita', '1.1.1958.', 'p');
insert into CandidatesData (idno) VALUES (6637);
insert into PartyMembership (pid, idno) VALUES (13, 6637);
insert into Landeslistenplatz (llid, idno, position) VALUES (227, 6637, 7);
insert into Citizen (idno, title, firstname, lastname, dateofbirth, gender) VALUES (6638, '', 'Renner', 'Wolfgang Jürgen', '1.1.1958.', 'p');
insert into CandidatesData (idno) VALUES (6638);
insert into PartyMembership (pid, idno) VALUES (5, 6638);
insert into Candidacy (wkid, idno) VALUES (363, 6638);
insert into Landeslistenplatz (llid, idno, position) VALUES (93, 6638, 2);
insert into Citizen (idno, title, firstname, lastname, dateofbirth, gender) VALUES (6639, '', 'Rentzos', 'Andreas', '1.1.1976.', 'p');
insert into CandidatesData (idno) VALUES (6639);
insert into Candidacy (wkid, idno) VALUES (471, 6639);
insert into Citizen (idno, title, firstname, lastname, dateofbirth, gender) VALUES (6640, '', 'Resch', 'Andreas', '1.1.1982.', 'p');
insert into CandidatesData (idno) VALUES (6640);
insert into PartyMembership (pid, idno) VALUES (5, 6640);
insert into Landeslistenplatz (llid, idno, position) VALUES (119, 6640, 4);
insert into Citizen (idno, title, firstname, lastname, dateofbirth, gender) VALUES (6641, '', 'Ressdorf', 'Werner', '1.1.1954.', 'p');
insert into CandidatesData (idno) VALUES (6641);
insert into Candidacy (wkid, idno) VALUES (557, 6641);
insert into Citizen (idno, title, firstname, lastname, dateofbirth, gender) VALUES (6642, '', 'Reuter', 'Gerhard', '1.1.1963.', 'p');
insert into CandidatesData (idno) VALUES (6642);
insert into PartyMembership (pid, idno) VALUES (1, 6642);
insert into Candidacy (wkid, idno) VALUES (537, 6642);
insert into Citizen (idno, title, firstname, lastname, dateofbirth, gender) VALUES (6643, '', 'Richert', 'Volker', '1.1.1969.', 'p');
insert into CandidatesData (idno) VALUES (6643);
insert into PartyMembership (pid, idno) VALUES (12, 6643);
insert into Landeslistenplatz (llid, idno, position) VALUES (134, 6643, 18);
insert into Citizen (idno, title, firstname, lastname, dateofbirth, gender) VALUES (6644, '', 'Richling', 'Florian', '1.1.1983.', 'p');
insert into CandidatesData (idno) VALUES (6644);
insert into PartyMembership (pid, idno) VALUES (35, 6644);
insert into Landeslistenplatz (llid, idno, position) VALUES (66, 6644, 10);
insert into Citizen (idno, title, firstname, lastname, dateofbirth, gender) VALUES (6645, '', 'Richter', 'Benjamin', '1.1.1983.', 'p');
insert into CandidatesData (idno) VALUES (6645);
insert into PartyMembership (pid, idno) VALUES (46, 6645);
insert into Candidacy (wkid, idno) VALUES (382, 6645);
insert into Citizen (idno, title, firstname, lastname, dateofbirth, gender) VALUES (6646, '', 'Richter', 'Bernhard', '1.1.1943.', 'p');
insert into CandidatesData (idno) VALUES (6646);
insert into PartyMembership (pid, idno) VALUES (36, 6646);
insert into Candidacy (wkid, idno) VALUES (584, 6646);
insert into Landeslistenplatz (llid, idno, position) VALUES (118, 6646, 1);
insert into Citizen (idno, title, firstname, lastname, dateofbirth, gender) VALUES (6647, '', 'Richter', 'Gordon', '1.1.1974.', 'p');
insert into CandidatesData (idno) VALUES (6647);
insert into PartyMembership (pid, idno) VALUES (1, 6647);
insert into Candidacy (wkid, idno) VALUES (493, 6647);
insert into Landeslistenplatz (llid, idno, position) VALUES (97, 6647, 3);
insert into Citizen (idno, title, firstname, lastname, dateofbirth, gender) VALUES (6648, '', 'Richter', 'Heinz Gustav', '1.1.1945.', 'p');
insert into CandidatesData (idno) VALUES (6648);
insert into PartyMembership (pid, idno) VALUES (41, 6648);
insert into Landeslistenplatz (llid, idno, position) VALUES (205, 6648, 7);
insert into Citizen (idno, title, firstname, lastname, dateofbirth, gender) VALUES (6649, '', 'Richter', 'Karl', '1.1.1962.', 'p');
insert into CandidatesData (idno) VALUES (6649);
insert into PartyMembership (pid, idno) VALUES (1, 6649);
insert into Candidacy (wkid, idno) VALUES (518, 6649);
insert into Landeslistenplatz (llid, idno, position) VALUES (216, 6649, 1);
insert into Citizen (idno, title, firstname, lastname, dateofbirth, gender) VALUES (6650, '', 'Richter', 'Klaus Siegfried', '1.1.1952.', 'p');
insert into CandidatesData (idno) VALUES (6650);
insert into PartyMembership (pid, idno) VALUES (29, 6650);
insert into Landeslistenplatz (llid, idno, position) VALUES (31, 6650, 9);
insert into Citizen (idno, title, firstname, lastname, dateofbirth, gender) VALUES (6651, '', 'Richter', 'Mathias', '1.1.1967.', 'p');
insert into CandidatesData (idno) VALUES (6651);
insert into PartyMembership (pid, idno) VALUES (4, 6651);
insert into Candidacy (wkid, idno) VALUES (420, 6651);
insert into Landeslistenplatz (llid, idno, position) VALUES (98, 6651, 25);
insert into Citizen (idno, title, firstname, lastname, dateofbirth, gender) VALUES (6652, '', 'Richter', 'Peter Rüdiger', '1.1.1985.', 'p');
insert into CandidatesData (idno) VALUES (6652);
insert into PartyMembership (pid, idno) VALUES (1, 6652);
insert into Candidacy (wkid, idno) VALUES (597, 6652);
insert into Landeslistenplatz (llid, idno, position) VALUES (58, 6652, 3);
insert into Citizen (idno, title, firstname, lastname, dateofbirth, gender) VALUES (6653, '', 'Richter', 'Thomas', '1.1.1969.', 'p');
insert into CandidatesData (idno) VALUES (6653);
insert into PartyMembership (pid, idno) VALUES (4, 6653);
insert into Candidacy (wkid, idno) VALUES (457, 6653);
insert into Landeslistenplatz (llid, idno, position) VALUES (158, 6653, 8);
insert into Citizen (idno, title, firstname, lastname, dateofbirth, gender) VALUES (6654, '', 'Richter', 'Tobias', '1.1.1981.', 'p');
insert into CandidatesData (idno) VALUES (6654);
insert into PartyMembership (pid, idno) VALUES (1, 6654);
insert into Candidacy (wkid, idno) VALUES (330, 6654);
insert into Citizen (idno, title, firstname, lastname, dateofbirth, gender) VALUES (6655, '', 'Rickels', 'Karsta Luise', '1.1.1986.', 'p');
insert into CandidatesData (idno) VALUES (6655);
insert into PartyMembership (pid, idno) VALUES (2, 6655);
insert into Landeslistenplatz (llid, idno, position) VALUES (69, 6655, 34);
insert into Citizen (idno, title, firstname, lastname, dateofbirth, gender) VALUES (6656, 'Dr. ', 'Ridder De', 'Daniela', '1.1.1962.', 'p');
insert into CandidatesData (idno) VALUES (6656);
insert into PartyMembership (pid, idno) VALUES (2, 6656);
insert into Candidacy (wkid, idno) VALUES (330, 6656);
insert into Landeslistenplatz (llid, idno, position) VALUES (69, 6656, 10);
insert into Citizen (idno, title, firstname, lastname, dateofbirth, gender) VALUES (6657, '', 'Riebsamen', 'Lothar', '1.1.1957.', 'p');
insert into CandidatesData (idno) VALUES (6657);
insert into PartyMembership (pid, idno) VALUES (12, 6657);
insert into Candidacy (wkid, idno) VALUES (592, 6657);
insert into Citizen (idno, title, firstname, lastname, dateofbirth, gender) VALUES (6658, '', 'Riech', 'Berthold', '1.1.1967.', 'p');
insert into CandidatesData (idno) VALUES (6658);
insert into PartyMembership (pid, idno) VALUES (32, 6658);
insert into Landeslistenplatz (llid, idno, position) VALUES (101, 6658, 9);
insert into Citizen (idno, title, firstname, lastname, dateofbirth, gender) VALUES (6659, '', 'Rieckmann', 'Barbara Maria', '1.1.1935.', 'p');
insert into CandidatesData (idno) VALUES (6659);
insert into PartyMembership (pid, idno) VALUES (36, 6659);
insert into Landeslistenplatz (llid, idno, position) VALUES (84, 6659, 22);
insert into Citizen (idno, title, firstname, lastname, dateofbirth, gender) VALUES (6660, 'Dr. ', 'Ried', 'Alexander Franz', '1.1.1982.', 'p');
insert into CandidatesData (idno) VALUES (6660);
insert into PartyMembership (pid, idno) VALUES (9, 6660);
insert into Landeslistenplatz (llid, idno, position) VALUES (47, 6660, 69);
insert into Citizen (idno, title, firstname, lastname, dateofbirth, gender) VALUES (6661, '', 'Riedel', 'Carmen', '1.1.1971.', 'p');
insert into CandidatesData (idno) VALUES (6661);
insert into PartyMembership (pid, idno) VALUES (33, 6661);
insert into Landeslistenplatz (llid, idno, position) VALUES (202, 6661, 5);
insert into Citizen (idno, title, firstname, lastname, dateofbirth, gender) VALUES (6662, '', 'Riediger', 'Ulrich', '1.1.1954.', 'p');
insert into CandidatesData (idno) VALUES (6662);
insert into PartyMembership (pid, idno) VALUES (33, 6662);
insert into Candidacy (wkid, idno) VALUES (521, 6662);
insert into Landeslistenplatz (llid, idno, position) VALUES (166, 6662, 27);
insert into Citizen (idno, title, firstname, lastname, dateofbirth, gender) VALUES (6663, '', 'Rief', 'Josef', '1.1.1960.', 'p');
insert into CandidatesData (idno) VALUES (6663);
insert into PartyMembership (pid, idno) VALUES (12, 6663);
insert into Candidacy (wkid, idno) VALUES (591, 6663);
insert into Citizen (idno, title, firstname, lastname, dateofbirth, gender) VALUES (6664, '', 'Riefling', 'Ricarda', '1.1.1983.', 'p');
insert into CandidatesData (idno) VALUES (6664);
insert into PartyMembership (pid, idno) VALUES (1, 6664);
insert into Candidacy (wkid, idno) VALUES (510, 6664);
insert into Landeslistenplatz (llid, idno, position) VALUES (86, 6664, 1);
insert into Citizen (idno, title, firstname, lastname, dateofbirth, gender) VALUES (6665, '', 'Rieger', 'Andreas Eberhard Alexander', '1.1.1963.', 'p');
insert into CandidatesData (idno) VALUES (6665);
insert into PartyMembership (pid, idno) VALUES (5, 6665);
insert into Candidacy (wkid, idno) VALUES (361, 6665);
insert into Landeslistenplatz (llid, idno, position) VALUES (93, 6665, 6);
insert into Citizen (idno, title, firstname, lastname, dateofbirth, gender) VALUES (6666, '', 'Rieger', 'Hans-Georg', '1.1.1958.', 'p');
insert into CandidatesData (idno) VALUES (6666);
insert into Candidacy (wkid, idno) VALUES (355, 6666);
insert into Citizen (idno, title, firstname, lastname, dateofbirth, gender) VALUES (6667, '', 'Riehl', 'Florian', '1.1.1986.', 'p');
insert into CandidatesData (idno) VALUES (6667);
insert into PartyMembership (pid, idno) VALUES (32, 6667);
insert into Candidacy (wkid, idno) VALUES (553, 6667);
insert into Landeslistenplatz (llid, idno, position) VALUES (33, 6667, 27);
insert into Citizen (idno, title, firstname, lastname, dateofbirth, gender) VALUES (6668, '', 'Riemann', 'Sergej', '1.1.1986.', 'p');
insert into CandidatesData (idno) VALUES (6668);
insert into PartyMembership (pid, idno) VALUES (33, 6668);
insert into Landeslistenplatz (llid, idno, position) VALUES (140, 6668, 25);
insert into Citizen (idno, title, firstname, lastname, dateofbirth, gender) VALUES (6669, '', 'Riemenschneider', 'Jenny', '1.1.1985.', 'p');
insert into CandidatesData (idno) VALUES (6669);
insert into PartyMembership (pid, idno) VALUES (19, 6669);
insert into Landeslistenplatz (llid, idno, position) VALUES (220, 6669, 4);
insert into Citizen (idno, title, firstname, lastname, dateofbirth, gender) VALUES (6670, '', 'Riemer', 'Fabian', '1.1.1978.', 'p');
insert into CandidatesData (idno) VALUES (6670);
insert into PartyMembership (pid, idno) VALUES (33, 6670);
insert into Landeslistenplatz (llid, idno, position) VALUES (237, 6670, 4);
insert into Citizen (idno, title, firstname, lastname, dateofbirth, gender) VALUES (6671, '', 'Riensch', 'Bernd', '1.1.1965.', 'p');
insert into CandidatesData (idno) VALUES (6671);
insert into PartyMembership (pid, idno) VALUES (7, 6671);
insert into Candidacy (wkid, idno) VALUES (339, 6671);
insert into Citizen (idno, title, firstname, lastname, dateofbirth, gender) VALUES (6672, 'Dr. ', 'Ries', 'Jürgen', '1.1.1969.', 'p');
insert into CandidatesData (idno) VALUES (6672);
insert into PartyMembership (pid, idno) VALUES (32, 6672);
insert into Candidacy (wkid, idno) VALUES (484, 6672);
insert into Landeslistenplatz (llid, idno, position) VALUES (141, 6672, 9);
insert into Citizen (idno, title, firstname, lastname, dateofbirth, gender) VALUES (6673, '', 'Ries', 'Knut Erwin', '1.1.1955.', 'p');
insert into CandidatesData (idno) VALUES (6673);
insert into PartyMembership (pid, idno) VALUES (9, 6673);
insert into Landeslistenplatz (llid, idno, position) VALUES (47, 6673, 64);
insert into Citizen (idno, title, firstname, lastname, dateofbirth, gender) VALUES (6674, '', 'Ries', 'Matthias', '1.1.1969.', 'p');
insert into CandidatesData (idno) VALUES (6674);
insert into PartyMembership (pid, idno) VALUES (1, 6674);
insert into Landeslistenplatz (llid, idno, position) VALUES (171, 6674, 10);
insert into Citizen (idno, title, firstname, lastname, dateofbirth, gender) VALUES (6675, 'Prof. Dr. ', 'Riesenhuber', 'Heinz', '1.1.1935.', 'p');
insert into CandidatesData (idno) VALUES (6675);
insert into PartyMembership (pid, idno) VALUES (12, 6675);
insert into Candidacy (wkid, idno) VALUES (480, 6675);
insert into Landeslistenplatz (llid, idno, position) VALUES (88, 6675, 6);
insert into Citizen (idno, title, firstname, lastname, dateofbirth, gender) VALUES (6676, '', 'Rieß', 'Vanessa', '1.1.1979.', 'p');
insert into CandidatesData (idno) VALUES (6676);
insert into PartyMembership (pid, idno) VALUES (2, 6676);
insert into Candidacy (wkid, idno) VALUES (571, 6676);
insert into Landeslistenplatz (llid, idno, position) VALUES (76, 6676, 28);
insert into Citizen (idno, title, firstname, lastname, dateofbirth, gender) VALUES (6677, '', 'Riester', 'Paula', '1.1.1984.', 'p');
insert into CandidatesData (idno) VALUES (6677);
insert into PartyMembership (pid, idno) VALUES (5, 6677);
insert into Landeslistenplatz (llid, idno, position) VALUES (249, 6677, 5);
insert into Citizen (idno, title, firstname, lastname, dateofbirth, gender) VALUES (6678, '', 'Rigl', 'Hans-Jürgen', '1.1.1962.', 'p');
insert into CandidatesData (idno) VALUES (6678);
insert into PartyMembership (pid, idno) VALUES (7, 6678);
insert into Candidacy (wkid, idno) VALUES (552, 6678);
insert into Landeslistenplatz (llid, idno, position) VALUES (72, 6678, 23);
insert into Citizen (idno, title, firstname, lastname, dateofbirth, gender) VALUES (6679, '', 'Rimbrecht', 'Walter', '1.1.1952.', 'p');
insert into CandidatesData (idno) VALUES (6679);
insert into PartyMembership (pid, idno) VALUES (2, 6679);
insert into Landeslistenplatz (llid, idno, position) VALUES (71, 6679, 21);
insert into Citizen (idno, title, firstname, lastname, dateofbirth, gender) VALUES (6680, '', 'Rimkus', 'Andreas', '1.1.1962.', 'p');
insert into CandidatesData (idno) VALUES (6680);
insert into PartyMembership (pid, idno) VALUES (2, 6680);
insert into Candidacy (wkid, idno) VALUES (406, 6680);
insert into Landeslistenplatz (llid, idno, position) VALUES (73, 6680, 19);
insert into Citizen (idno, title, firstname, lastname, dateofbirth, gender) VALUES (6681, '', 'Ringbeck', 'Alexander', '1.1.1989.', 'p');
insert into CandidatesData (idno) VALUES (6681);
insert into PartyMembership (pid, idno) VALUES (5, 6681);
insert into Candidacy (wkid, idno) VALUES (429, 6681);
insert into Citizen (idno, title, firstname, lastname, dateofbirth, gender) VALUES (6682, '', 'Ringer', 'Stefan', '1.1.1956.', 'p');
insert into CandidatesData (idno) VALUES (6682);
insert into PartyMembership (pid, idno) VALUES (2, 6682);
insert into Landeslistenplatz (llid, idno, position) VALUES (54, 6682, 37);
insert into Citizen (idno, title, firstname, lastname, dateofbirth, gender) VALUES (6683, '', 'Rippert', 'Ulrich', '1.1.1951.', 'p');
insert into CandidatesData (idno) VALUES (6683);
insert into PartyMembership (pid, idno) VALUES (26, 6683);
insert into Landeslistenplatz (llid, idno, position) VALUES (110, 6683, 1);
insert into Citizen (idno, title, firstname, lastname, dateofbirth, gender) VALUES (6684, '', 'Ripsam', 'Iris', '1.1.1959.', 'p');
insert into CandidatesData (idno) VALUES (6684);
insert into PartyMembership (pid, idno) VALUES (12, 6684);
insert into Landeslistenplatz (llid, idno, position) VALUES (105, 6684, 20);
insert into Citizen (idno, title, firstname, lastname, dateofbirth, gender) VALUES (6685, '', 'Ristl', 'Rudolf Felix', '1.1.1962.', 'p');
insert into CandidatesData (idno) VALUES (6685);
insert into PartyMembership (pid, idno) VALUES (7, 6685);
insert into Candidacy (wkid, idno) VALUES (554, 6685);
insert into Citizen (idno, title, firstname, lastname, dateofbirth, gender) VALUES (6686, 'Dr. ', 'Rittaler', 'Jan Benedykt', '1.1.1959.', 'p');
insert into CandidatesData (idno) VALUES (6686);
insert into PartyMembership (pid, idno) VALUES (33, 6686);
insert into Landeslistenplatz (llid, idno, position) VALUES (140, 6686, 4);
insert into Citizen (idno, title, firstname, lastname, dateofbirth, gender) VALUES (6687, '', 'Ritter', 'Gabriele Marianne', '1.1.1959.', 'p');
insert into CandidatesData (idno) VALUES (6687);
insert into PartyMembership (pid, idno) VALUES (3, 6687);
insert into Landeslistenplatz (llid, idno, position) VALUES (36, 6687, 11);
insert into Citizen (idno, title, firstname, lastname, dateofbirth, gender) VALUES (6688, '', 'Rittershaus', 'Susanne', '1.1.1968.', 'p');
insert into CandidatesData (idno) VALUES (6688);
insert into PartyMembership (pid, idno) VALUES (4, 6688);
insert into Candidacy (wkid, idno) VALUES (417, 6688);
insert into Landeslistenplatz (llid, idno, position) VALUES (98, 6688, 49);
insert into Citizen (idno, title, firstname, lastname, dateofbirth, gender) VALUES (6689, '', 'Rix', 'Sönke', '1.1.1975.', 'p');
insert into CandidatesData (idno) VALUES (6689);
insert into PartyMembership (pid, idno) VALUES (2, 6689);
insert into Candidacy (wkid, idno) VALUES (303, 6689);
insert into Landeslistenplatz (llid, idno, position) VALUES (103, 6689, 3);
insert into Citizen (idno, title, firstname, lastname, dateofbirth, gender) VALUES (6690, 'Dr. ', 'Rochel', 'Hans Hermann Maria', '1.1.1933.', 'p');
insert into CandidatesData (idno) VALUES (6690);
insert into PartyMembership (pid, idno) VALUES (1, 6690);
insert into Candidacy (wkid, idno) VALUES (396, 6690);
insert into Citizen (idno, title, firstname, lastname, dateofbirth, gender) VALUES (6691, '', 'Rochner', 'Wolfgang Walter', '1.1.1941.', 'p');
insert into CandidatesData (idno) VALUES (6691);
insert into PartyMembership (pid, idno) VALUES (1, 6691);
insert into Candidacy (wkid, idno) VALUES (527, 6691);
insert into Citizen (idno, title, firstname, lastname, dateofbirth, gender) VALUES (6692, '', 'Rode', 'Sebastian', '1.1.1986.', 'p');
insert into CandidatesData (idno) VALUES (6692);
insert into PartyMembership (pid, idno) VALUES (2, 6692);
insert into Landeslistenplatz (llid, idno, position) VALUES (69, 6692, 49);
insert into Citizen (idno, title, firstname, lastname, dateofbirth, gender) VALUES (6693, '', 'Rode-Bosse', 'Petra', '1.1.1959.', 'p');
insert into CandidatesData (idno) VALUES (6693);
insert into PartyMembership (pid, idno) VALUES (2, 6693);
insert into Candidacy (wkid, idno) VALUES (435, 6693);
insert into Landeslistenplatz (llid, idno, position) VALUES (73, 6693, 34);
insert into Citizen (idno, title, firstname, lastname, dateofbirth, gender) VALUES (6694, '', 'Röbosch', 'Alois Johann', '1.1.1958.', 'p');
insert into CandidatesData (idno) VALUES (6694);
insert into PartyMembership (pid, idno) VALUES (19, 6694);
insert into Landeslistenplatz (llid, idno, position) VALUES (124, 6694, 2);
insert into Citizen (idno, title, firstname, lastname, dateofbirth, gender) VALUES (6695, '', 'Röckemann', 'Thomas', '1.1.1965.', 'p');
insert into CandidatesData (idno) VALUES (6695);
insert into PartyMembership (pid, idno) VALUES (33, 6695);
insert into Landeslistenplatz (llid, idno, position) VALUES (80, 6695, 24);
insert into Citizen (idno, title, firstname, lastname, dateofbirth, gender) VALUES (6696, 'Dr. ', 'Röder', 'Michael Klaus', '1.1.1966.', 'p');
insert into CandidatesData (idno) VALUES (6696);
insert into PartyMembership (pid, idno) VALUES (36, 6696);
insert into Candidacy (wkid, idno) VALUES (530, 6696);
insert into Landeslistenplatz (llid, idno, position) VALUES (121, 6696, 22);
insert into Citizen (idno, title, firstname, lastname, dateofbirth, gender) VALUES (6697, '', 'Röder', 'Frank', '1.1.1962.', 'p');
insert into CandidatesData (idno) VALUES (6697);
insert into PartyMembership (pid, idno) VALUES (7, 6697);
insert into Candidacy (wkid, idno) VALUES (380, 6697);
insert into Citizen (idno, title, firstname, lastname, dateofbirth, gender) VALUES (6698, '', 'Röder', 'Silvia Paula', '1.1.1960.', 'p');
insert into CandidatesData (idno) VALUES (6698);
insert into PartyMembership (pid, idno) VALUES (29, 6698);
insert into Landeslistenplatz (llid, idno, position) VALUES (31, 6698, 4);
insert into Citizen (idno, title, firstname, lastname, dateofbirth, gender) VALUES (6699, '', 'Röderstein', 'René', '1.1.1976.', 'p');
insert into CandidatesData (idno) VALUES (6699);
insert into PartyMembership (pid, idno) VALUES (7, 6699);
insert into Landeslistenplatz (llid, idno, position) VALUES (75, 6699, 18);
insert into Citizen (idno, title, firstname, lastname, dateofbirth, gender) VALUES (6700, '', 'Rödiger', 'Thomas', '1.1.1968.', 'p');
insert into CandidatesData (idno) VALUES (6700);
insert into Candidacy (wkid, idno) VALUES (359, 6700);
insert into Citizen (idno, title, firstname, lastname, dateofbirth, gender) VALUES (6701, 'Dr. ', 'Röhm', 'André Tilmann', '1.1.1961.', 'p');
insert into CandidatesData (idno) VALUES (6701);
insert into PartyMembership (pid, idno) VALUES (33, 6701);
insert into Candidacy (wkid, idno) VALUES (519, 6701);
insert into Landeslistenplatz (llid, idno, position) VALUES (166, 6701, 19);
insert into Citizen (idno, title, firstname, lastname, dateofbirth, gender) VALUES (6702, '', 'Röhrig', 'Carolin', '1.1.1982.', 'p');
insert into CandidatesData (idno) VALUES (6702);
insert into PartyMembership (pid, idno) VALUES (12, 6702);
insert into Landeslistenplatz (llid, idno, position) VALUES (53, 6702, 17);
insert into Citizen (idno, title, firstname, lastname, dateofbirth, gender) VALUES (6703, '', 'Römer', 'Aaron', '1.1.1994.', 'p');
insert into CandidatesData (idno) VALUES (6703);
insert into PartyMembership (pid, idno) VALUES (35, 6703);
insert into Landeslistenplatz (llid, idno, position) VALUES (199, 6703, 4);
insert into Citizen (idno, title, firstname, lastname, dateofbirth, gender) VALUES (6704, '', 'Römer', 'Christoph', '1.1.1984.', 'p');
insert into CandidatesData (idno) VALUES (6704);
insert into PartyMembership (pid, idno) VALUES (36, 6704);
insert into Landeslistenplatz (llid, idno, position) VALUES (149, 6704, 14);
insert into Citizen (idno, title, firstname, lastname, dateofbirth, gender) VALUES (6705, '', 'Röper', 'Manuela', '1.1.1978.', 'p');
insert into CandidatesData (idno) VALUES (6705);
insert into PartyMembership (pid, idno) VALUES (42, 6705);
insert into Landeslistenplatz (llid, idno, position) VALUES (214, 6705, 1);
insert into Citizen (idno, title, firstname, lastname, dateofbirth, gender) VALUES (6706, '', 'Röring', 'Johannes', '1.1.1959.', 'p');
insert into CandidatesData (idno) VALUES (6706);
insert into PartyMembership (pid, idno) VALUES (12, 6706);
insert into Candidacy (wkid, idno) VALUES (425, 6706);
insert into Citizen (idno, title, firstname, lastname, dateofbirth, gender) VALUES (6707, '', 'Rösel', 'Kathrin', '1.1.1970.', 'p');
insert into CandidatesData (idno) VALUES (6707);
insert into PartyMembership (pid, idno) VALUES (12, 6707);
insert into Landeslistenplatz (llid, idno, position) VALUES (44, 6707, 30);
insert into Citizen (idno, title, firstname, lastname, dateofbirth, gender) VALUES (6708, 'Dr. ', 'Rösler', 'Philipp', '1.1.1973.', 'p');
insert into CandidatesData (idno) VALUES (6708);
insert into PartyMembership (pid, idno) VALUES (4, 6708);
insert into Candidacy (wkid, idno) VALUES (342, 6708);
insert into Landeslistenplatz (llid, idno, position) VALUES (127, 6708, 1);
insert into Citizen (idno, title, firstname, lastname, dateofbirth, gender) VALUES (6709, '', 'Röspel', 'Peter René', '1.1.1964.', 'p');
insert into CandidatesData (idno) VALUES (6709);
insert into PartyMembership (pid, idno) VALUES (2, 6709);
insert into Candidacy (wkid, idno) VALUES (437, 6709);
insert into Landeslistenplatz (llid, idno, position) VALUES (73, 6709, 46);
insert into Citizen (idno, title, firstname, lastname, dateofbirth, gender) VALUES (6710, '', 'Rößer', 'Holger', '1.1.1977.', 'p');
insert into CandidatesData (idno) VALUES (6710);
insert into PartyMembership (pid, idno) VALUES (31, 6710);
insert into Landeslistenplatz (llid, idno, position) VALUES (79, 6710, 5);
insert into Citizen (idno, title, firstname, lastname, dateofbirth, gender) VALUES (6711, '', 'Rößner', 'Tabea', '1.1.1966.', 'p');
insert into CandidatesData (idno) VALUES (6711);
insert into PartyMembership (pid, idno) VALUES (5, 6711);
insert into Candidacy (wkid, idno) VALUES (505, 6711);
insert into Landeslistenplatz (llid, idno, position) VALUES (213, 6711, 1);
insert into Citizen (idno, title, firstname, lastname, dateofbirth, gender) VALUES (6712, '', 'Rötteken', 'Ludwig Johann', '1.1.1945.', 'p');
insert into CandidatesData (idno) VALUES (6712);
insert into PartyMembership (pid, idno) VALUES (41, 6712);
insert into Landeslistenplatz (llid, idno, position) VALUES (205, 6712, 6);
insert into Citizen (idno, title, firstname, lastname, dateofbirth, gender) VALUES (6713, 'Dr. ', 'Röttgen', 'Norbert', '1.1.1965.', 'p');
insert into CandidatesData (idno) VALUES (6713);
insert into PartyMembership (pid, idno) VALUES (12, 6713);
insert into Candidacy (wkid, idno) VALUES (397, 6713);
insert into Citizen (idno, title, firstname, lastname, dateofbirth, gender) VALUES (6714, '', 'Rogala', 'Dominik', '1.1.1988.', 'p');
insert into CandidatesData (idno) VALUES (6714);
insert into PartyMembership (pid, idno) VALUES (31, 6714);
insert into Landeslistenplatz (llid, idno, position) VALUES (123, 6714, 46);
insert into Citizen (idno, title, firstname, lastname, dateofbirth, gender) VALUES (6715, '', 'Rogel-Obermanns', 'Walter Hans', '1.1.1953.', 'p');
insert into CandidatesData (idno) VALUES (6715);
insert into PartyMembership (pid, idno) VALUES (3, 6715);
insert into Candidacy (wkid, idno) VALUES (407, 6715);
insert into Citizen (idno, title, firstname, lastname, dateofbirth, gender) VALUES (6716, '', 'Roggenkamp', 'Claudius', '1.1.1981.', 'p');
insert into CandidatesData (idno) VALUES (6716);
insert into PartyMembership (pid, idno) VALUES (7, 6716);
insert into Candidacy (wkid, idno) VALUES (551, 6716);
insert into Landeslistenplatz (llid, idno, position) VALUES (72, 6716, 6);
insert into Citizen (idno, title, firstname, lastname, dateofbirth, gender) VALUES (6717, '', 'Rogner', 'Axel', '1.1.1966.', 'p');
insert into CandidatesData (idno) VALUES (6717);
insert into PartyMembership (pid, idno) VALUES (32, 6717);
insert into Candidacy (wkid, idno) VALUES (541, 6717);
insert into Landeslistenplatz (llid, idno, position) VALUES (33, 6717, 5);
insert into Citizen (idno, title, firstname, lastname, dateofbirth, gender) VALUES (6718, '', 'Rogoll', 'Anneliese', '1.1.1939.', 'p');
insert into CandidatesData (idno) VALUES (6718);
insert into PartyMembership (pid, idno) VALUES (36, 6718);
insert into Landeslistenplatz (llid, idno, position) VALUES (160, 6718, 2);
insert into Citizen (idno, title, firstname, lastname, dateofbirth, gender) VALUES (6719, '', 'Rohde', 'Andreas', '1.1.1968.', 'p');
insert into CandidatesData (idno) VALUES (6719);
insert into PartyMembership (pid, idno) VALUES (7, 6719);
insert into Landeslistenplatz (llid, idno, position) VALUES (75, 6719, 9);
insert into Citizen (idno, title, firstname, lastname, dateofbirth, gender) VALUES (6720, '', 'Rohde', 'Dennis', '1.1.1986.', 'p');
insert into CandidatesData (idno) VALUES (6720);
insert into PartyMembership (pid, idno) VALUES (2, 6720);
insert into Candidacy (wkid, idno) VALUES (326, 6720);
insert into Landeslistenplatz (llid, idno, position) VALUES (69, 6720, 15);
insert into Citizen (idno, title, firstname, lastname, dateofbirth, gender) VALUES (6721, '', 'Rohe', 'Bernhard', '1.1.1961.', 'p');
insert into CandidatesData (idno) VALUES (6721);
insert into PartyMembership (pid, idno) VALUES (3, 6721);
insert into Candidacy (wkid, idno) VALUES (337, 6721);
insert into Citizen (idno, title, firstname, lastname, dateofbirth, gender) VALUES (6722, '', 'Rohmeyer', 'Claas Heinrich Remmert', '1.1.1971.', 'p');
insert into CandidatesData (idno) VALUES (6722);
insert into PartyMembership (pid, idno) VALUES (12, 6722);
insert into Landeslistenplatz (llid, idno, position) VALUES (188, 6722, 3);
insert into Citizen (idno, title, firstname, lastname, dateofbirth, gender) VALUES (6723, '', 'Rohrbach', 'Lena', '1.1.1985.', 'p');
insert into CandidatesData (idno) VALUES (6723);
insert into PartyMembership (pid, idno) VALUES (7, 6723);
insert into Landeslistenplatz (llid, idno, position) VALUES (206, 6723, 3);
insert into Citizen (idno, title, firstname, lastname, dateofbirth, gender) VALUES (6724, '', 'Roi', 'Daniel', '1.1.1987.', 'p');
insert into CandidatesData (idno) VALUES (6724);
insert into PartyMembership (pid, idno) VALUES (33, 6724);
insert into Candidacy (wkid, idno) VALUES (370, 6724);
insert into Citizen (idno, title, firstname, lastname, dateofbirth, gender) VALUES (6725, '', 'Rokohl', 'Aileen', '1.1.1988.', 'p');
insert into CandidatesData (idno) VALUES (6725);
insert into PartyMembership (pid, idno) VALUES (1, 6725);
insert into Candidacy (wkid, idno) VALUES (356, 6725);
insert into Landeslistenplatz (llid, idno, position) VALUES (132, 6725, 8);
insert into Citizen (idno, title, firstname, lastname, dateofbirth, gender) VALUES (6726, '', 'Roleff', 'Werner', '1.1.1962.', 'p');
insert into CandidatesData (idno) VALUES (6726);
insert into PartyMembership (pid, idno) VALUES (36, 6726);
insert into Landeslistenplatz (llid, idno, position) VALUES (84, 6726, 4);
insert into Citizen (idno, title, firstname, lastname, dateofbirth, gender) VALUES (6727, '', 'Roll', 'Andreas', '1.1.1967.', 'p');
insert into CandidatesData (idno) VALUES (6727);
insert into PartyMembership (pid, idno) VALUES (5, 6727);
insert into Candidacy (wkid, idno) VALUES (565, 6727);
insert into Landeslistenplatz (llid, idno, position) VALUES (61, 6727, 34);
insert into Citizen (idno, title, firstname, lastname, dateofbirth, gender) VALUES (6728, '', 'Rombeck', 'Christian Michael', '1.1.1987.', 'p');
insert into CandidatesData (idno) VALUES (6728);
insert into PartyMembership (pid, idno) VALUES (33, 6728);
insert into Candidacy (wkid, idno) VALUES (438, 6728);
insert into Landeslistenplatz (llid, idno, position) VALUES (80, 6728, 27);
insert into Citizen (idno, title, firstname, lastname, dateofbirth, gender) VALUES (6729, '', 'Romppel', 'Andreas', '1.1.1965.', 'p');
insert into CandidatesData (idno) VALUES (6729);
insert into PartyMembership (pid, idno) VALUES (5, 6729);
insert into Candidacy (wkid, idno) VALUES (478, 6729);
insert into Landeslistenplatz (llid, idno, position) VALUES (144, 6729, 16);
insert into Citizen (idno, title, firstname, lastname, dateofbirth, gender) VALUES (6730, '', 'Ronig', 'Andreas', '1.1.1971.', 'p');
insert into CandidatesData (idno) VALUES (6730);
insert into PartyMembership (pid, idno) VALUES (7, 6730);
insert into Candidacy (wkid, idno) VALUES (416, 6730);
insert into Citizen (idno, title, firstname, lastname, dateofbirth, gender) VALUES (6731, '', 'Ronstadt', 'Karlo Willi', '1.1.1941.', 'p');
insert into CandidatesData (idno) VALUES (6731);
insert into PartyMembership (pid, idno) VALUES (1, 6731);
insert into Candidacy (wkid, idno) VALUES (353, 6731);
insert into Landeslistenplatz (llid, idno, position) VALUES (181, 6731, 2);
insert into Citizen (idno, title, firstname, lastname, dateofbirth, gender) VALUES (6732, '', 'Roocks', 'Heike', '1.1.1961.', 'p');
insert into CandidatesData (idno) VALUES (6732);
insert into PartyMembership (pid, idno) VALUES (3, 6732);
insert into Landeslistenplatz (llid, idno, position) VALUES (41, 6732, 7);
insert into Citizen (idno, title, firstname, lastname, dateofbirth, gender) VALUES (6733, '', 'Rorich', 'Christine Amalie', '1.1.1937.', 'p');
insert into CandidatesData (idno) VALUES (6733);
insert into PartyMembership (pid, idno) VALUES (1, 6733);
insert into Candidacy (wkid, idno) VALUES (543, 6733);
insert into Citizen (idno, title, firstname, lastname, dateofbirth, gender) VALUES (6734, '', 'Roschka', 'Johannes', '1.1.1963.', 'p');
insert into CandidatesData (idno) VALUES (6734);
insert into PartyMembership (pid, idno) VALUES (36, 6734);
insert into Landeslistenplatz (llid, idno, position) VALUES (149, 6734, 9);
insert into Citizen (idno, title, firstname, lastname, dateofbirth, gender) VALUES (6735, '', 'Rose', 'Wieland Paul', '1.1.1986.', 'p');
insert into CandidatesData (idno) VALUES (6735);
insert into PartyMembership (pid, idno) VALUES (7, 6735);
insert into Landeslistenplatz (llid, idno, position) VALUES (45, 6735, 9);
insert into Citizen (idno, title, firstname, lastname, dateofbirth, gender) VALUES (6736, '', 'Rose', 'Wolfgang', '1.1.1947.', 'p');
insert into CandidatesData (idno) VALUES (6736);
insert into PartyMembership (pid, idno) VALUES (2, 6736);
insert into Landeslistenplatz (llid, idno, position) VALUES (64, 6736, 12);
insert into Citizen (idno, title, firstname, lastname, dateofbirth, gender) VALUES (6737, 'Dr. ', 'Rosemann', 'Martin', '1.1.1976.', 'p');
insert into CandidatesData (idno) VALUES (6737);
insert into PartyMembership (pid, idno) VALUES (2, 6737);
insert into Candidacy (wkid, idno) VALUES (589, 6737);
insert into Landeslistenplatz (llid, idno, position) VALUES (76, 6737, 17);
insert into Citizen (idno, title, firstname, lastname, dateofbirth, gender) VALUES (6738, '', 'Rosenberg', 'Michael', '1.1.1975.', 'p');
insert into CandidatesData (idno) VALUES (6738);
insert into PartyMembership (pid, idno) VALUES (2, 6738);
insert into Landeslistenplatz (llid, idno, position) VALUES (103, 6738, 19);
insert into Citizen (idno, title, firstname, lastname, dateofbirth, gender) VALUES (6739, '', 'Rosenthal', 'Ina-Sophie', '1.1.1968.', 'p');
insert into CandidatesData (idno) VALUES (6739);
insert into PartyMembership (pid, idno) VALUES (5, 6739);
insert into Candidacy (wkid, idno) VALUES (581, 6739);
insert into Landeslistenplatz (llid, idno, position) VALUES (61, 6739, 23);
insert into Citizen (idno, title, firstname, lastname, dateofbirth, gender) VALUES (6740, '', 'Rosenthal', 'Rudolf Reinhard', '1.1.1937.', 'p');
insert into CandidatesData (idno) VALUES (6740);
insert into PartyMembership (pid, idno) VALUES (1, 6740);
insert into Candidacy (wkid, idno) VALUES (303, 6740);
insert into Citizen (idno, title, firstname, lastname, dateofbirth, gender) VALUES (6741, '', 'Roßmanith', 'Johannes', '1.1.1985.', 'p');
insert into CandidatesData (idno) VALUES (6741);
insert into PartyMembership (pid, idno) VALUES (35, 6741);
insert into Landeslistenplatz (llid, idno, position) VALUES (66, 6741, 2);
insert into Citizen (idno, title, firstname, lastname, dateofbirth, gender) VALUES (6742, 'Dr. ', 'Rossmann', 'Ernst Dieter', '1.1.1951.', 'p');
insert into CandidatesData (idno) VALUES (6742);
insert into PartyMembership (pid, idno) VALUES (2, 6742);
insert into Candidacy (wkid, idno) VALUES (306, 6742);
insert into Landeslistenplatz (llid, idno, position) VALUES (103, 6742, 1);
insert into Citizen (idno, title, firstname, lastname, dateofbirth, gender) VALUES (6743, '', 'Roßmann', 'Silke', '1.1.1961.', 'p');
insert into CandidatesData (idno) VALUES (6743);
insert into PartyMembership (pid, idno) VALUES (12, 6743);
insert into Landeslistenplatz (llid, idno, position) VALUES (159, 6743, 18);
insert into Citizen (idno, title, firstname, lastname, dateofbirth, gender) VALUES (6744, '', 'Roßmann', 'Stefan', '1.1.1971.', 'p');
insert into CandidatesData (idno) VALUES (6744);
insert into PartyMembership (pid, idno) VALUES (32, 6744);
insert into Candidacy (wkid, idno) VALUES (349, 6744);
insert into Landeslistenplatz (llid, idno, position) VALUES (108, 6744, 12);
insert into Citizen (idno, title, firstname, lastname, dateofbirth, gender) VALUES (6745, '', 'Roßmüller', 'Sascha Alfred', '1.1.1972.', 'p');
insert into CandidatesData (idno) VALUES (6745);
insert into PartyMembership (pid, idno) VALUES (1, 6745);
insert into Candidacy (wkid, idno) VALUES (530, 6745);
insert into Landeslistenplatz (llid, idno, position) VALUES (216, 6745, 3);
insert into Citizen (idno, title, firstname, lastname, dateofbirth, gender) VALUES (6746, '', 'Rostek', 'Frank', '1.1.1966.', 'p');
insert into CandidatesData (idno) VALUES (6746);
insert into PartyMembership (pid, idno) VALUES (12, 6746);
insert into Landeslistenplatz (llid, idno, position) VALUES (212, 6746, 13);
insert into Citizen (idno, title, firstname, lastname, dateofbirth, gender) VALUES (6747, '', 'Rostkowski', 'Marc', '1.1.1974.', 'p');
insert into CandidatesData (idno) VALUES (6747);
insert into PartyMembership (pid, idno) VALUES (43, 6747);
insert into Landeslistenplatz (llid, idno, position) VALUES (169, 6747, 4);
insert into Citizen (idno, title, firstname, lastname, dateofbirth, gender) VALUES (6748, 'Dr. ', 'Rotermund-Fritsche', 'Anette', '1.1.1954.', 'p');
insert into CandidatesData (idno) VALUES (6748);
insert into PartyMembership (pid, idno) VALUES (4, 6748);
insert into Landeslistenplatz (llid, idno, position) VALUES (102, 6748, 39);
insert into Citizen (idno, title, firstname, lastname, dateofbirth, gender) VALUES (6749, '', 'Roth', 'Claudia Benedikta', '1.1.1955.', 'p');
insert into CandidatesData (idno) VALUES (6749);
insert into PartyMembership (pid, idno) VALUES (5, 6749);
insert into Candidacy (wkid, idno) VALUES (551, 6749);
insert into Landeslistenplatz (llid, idno, position) VALUES (65, 6749, 1);
insert into Citizen (idno, title, firstname, lastname, dateofbirth, gender) VALUES (6750, '', 'Roth', 'Hans', '1.1.1955.', 'p');
insert into CandidatesData (idno) VALUES (6750);
insert into PartyMembership (pid, idno) VALUES (13, 6750);
insert into Landeslistenplatz (llid, idno, position) VALUES (230, 6750, 6);
insert into Citizen (idno, title, firstname, lastname, dateofbirth, gender) VALUES (6751, '', 'Roth', 'Michael Helmut', '1.1.1970.', 'p');
insert into CandidatesData (idno) VALUES (6751);
insert into PartyMembership (pid, idno) VALUES (2, 6751);
insert into Candidacy (wkid, idno) VALUES (468, 6751);
insert into Landeslistenplatz (llid, idno, position) VALUES (54, 6751, 1);
insert into Citizen (idno, title, firstname, lastname, dateofbirth, gender) VALUES (6752, '', 'Rothfeld', 'Hubert', '1.1.1959.', 'p');
insert into CandidatesData (idno) VALUES (6752);
insert into PartyMembership (pid, idno) VALUES (36, 6752);
insert into Candidacy (wkid, idno) VALUES (594, 6752);
insert into Citizen (idno, title, firstname, lastname, dateofbirth, gender) VALUES (6753, '', 'Rott', 'Julia', '1.1.1983.', 'p');
insert into CandidatesData (idno) VALUES (6753);
insert into PartyMembership (pid, idno) VALUES (7, 6753);
insert into Landeslistenplatz (llid, idno, position) VALUES (48, 6753, 16);
insert into Citizen (idno, title, firstname, lastname, dateofbirth, gender) VALUES (6754, '', 'Rotter', 'Toni', '1.1.1988.', 'p');
insert into CandidatesData (idno) VALUES (6754);
insert into PartyMembership (pid, idno) VALUES (7, 6754);
insert into Candidacy (wkid, idno) VALUES (461, 6754);
insert into Citizen (idno, title, firstname, lastname, dateofbirth, gender) VALUES (6755, '', 'Rottloff', 'Simon', '1.1.1977.', 'p');
insert into CandidatesData (idno) VALUES (6755);
insert into PartyMembership (pid, idno) VALUES (2, 6755);
insert into Candidacy (wkid, idno) VALUES (478, 6755);
insert into Landeslistenplatz (llid, idno, position) VALUES (54, 6755, 19);
insert into Citizen (idno, title, firstname, lastname, dateofbirth, gender) VALUES (6756, '', 'Rottmann', 'Hendrik', '1.1.1969.', 'p');
insert into CandidatesData (idno) VALUES (6756);
insert into PartyMembership (pid, idno) VALUES (33, 6756);
insert into Candidacy (wkid, idno) VALUES (392, 6756);
insert into Landeslistenplatz (llid, idno, position) VALUES (80, 6756, 5);
insert into Citizen (idno, title, firstname, lastname, dateofbirth, gender) VALUES (6757, '', 'Rottmann', 'René', '1.1.1989.', 'p');
insert into CandidatesData (idno) VALUES (6757);
insert into PartyMembership (pid, idno) VALUES (7, 6757);
insert into Candidacy (wkid, idno) VALUES (427, 6757);
insert into Citizen (idno, title, firstname, lastname, dateofbirth, gender) VALUES (6758, '', 'Rotzler', 'Gerhard', '1.1.1950.', 'p');
insert into CandidatesData (idno) VALUES (6758);
insert into PartyMembership (pid, idno) VALUES (17, 6758);
insert into Landeslistenplatz (llid, idno, position) VALUES (255, 6758, 2);
insert into Citizen (idno, title, firstname, lastname, dateofbirth, gender) VALUES (6759, '', 'Rouhs', 'Manfred', '1.1.1965.', 'p');
insert into CandidatesData (idno) VALUES (6759);
insert into PartyMembership (pid, idno) VALUES (37, 6759);
insert into Candidacy (wkid, idno) VALUES (384, 6759);
insert into Landeslistenplatz (llid, idno, position) VALUES (223, 6759, 1);
insert into Citizen (idno, title, firstname, lastname, dateofbirth, gender) VALUES (6760, '', 'Rubbert', 'Hermann', '1.1.1948.', 'p');
insert into CandidatesData (idno) VALUES (6760);
insert into PartyMembership (pid, idno) VALUES (33, 6760);
insert into Candidacy (wkid, idno) VALUES (410, 6760);
insert into Citizen (idno, title, firstname, lastname, dateofbirth, gender) VALUES (6761, '', 'Ruby', 'Hans-Dieter', '1.1.1942.', 'p');
insert into CandidatesData (idno) VALUES (6761);
insert into PartyMembership (pid, idno) VALUES (32, 6761);
insert into Landeslistenplatz (llid, idno, position) VALUES (91, 6761, 10);
insert into Citizen (idno, title, firstname, lastname, dateofbirth, gender) VALUES (6762, '', 'Rudloff', 'Simone', '1.1.1964.', 'p');
insert into CandidatesData (idno) VALUES (6762);
insert into PartyMembership (pid, idno) VALUES (5, 6762);
insert into Landeslistenplatz (llid, idno, position) VALUES (176, 6762, 10);
insert into Citizen (idno, title, firstname, lastname, dateofbirth, gender) VALUES (6763, '', 'Rudolf', 'Lisa', '1.1.1994.', 'p');
insert into CandidatesData (idno) VALUES (6763);
insert into PartyMembership (pid, idno) VALUES (7, 6763);
insert into Candidacy (wkid, idno) VALUES (591, 6763);
insert into Citizen (idno, title, firstname, lastname, dateofbirth, gender) VALUES (6764, '', 'Rudolph', 'Frank', '1.1.1960.', 'p');
insert into CandidatesData (idno) VALUES (6764);
insert into PartyMembership (pid, idno) VALUES (12, 6764);
insert into Landeslistenplatz (llid, idno, position) VALUES (136, 6764, 63);
insert into Citizen (idno, title, firstname, lastname, dateofbirth, gender) VALUES (6765, 'Dr. ', 'Rücker', 'Joachim', '1.1.1951.', 'p');
insert into CandidatesData (idno) VALUES (6765);
insert into PartyMembership (pid, idno) VALUES (2, 6765);
insert into Candidacy (wkid, idno) VALUES (559, 6765);
insert into Citizen (idno, title, firstname, lastname, dateofbirth, gender) VALUES (6766, '', 'Rüddel', 'Erwin', '1.1.1955.', 'p');
insert into CandidatesData (idno) VALUES (6766);
insert into PartyMembership (pid, idno) VALUES (12, 6766);
insert into Candidacy (wkid, idno) VALUES (497, 6766);
insert into Landeslistenplatz (llid, idno, position) VALUES (138, 6766, 9);
insert into Citizen (idno, title, firstname, lastname, dateofbirth, gender) VALUES (6767, '', 'Rüffer', 'Corinna', '1.1.1975.', 'p');
insert into CandidatesData (idno) VALUES (6767);
insert into PartyMembership (pid, idno) VALUES (5, 6767);
insert into Candidacy (wkid, idno) VALUES (503, 6767);
insert into Landeslistenplatz (llid, idno, position) VALUES (213, 6767, 3);
insert into Citizen (idno, title, firstname, lastname, dateofbirth, gender) VALUES (6768, '', 'Rügner', 'Peter', '1.1.1966.', 'p');
insert into CandidatesData (idno) VALUES (6768);
insert into PartyMembership (pid, idno) VALUES (13, 6768);
insert into Candidacy (wkid, idno) VALUES (566, 6768);
insert into Landeslistenplatz (llid, idno, position) VALUES (96, 6768, 9);
insert into Citizen (idno, title, firstname, lastname, dateofbirth, gender) VALUES (6769, '', 'Rühle', 'Brigitta Barbara', '1.1.1956.', 'p');
insert into CandidatesData (idno) VALUES (6769);
insert into PartyMembership (pid, idno) VALUES (12, 6769);
insert into Landeslistenplatz (llid, idno, position) VALUES (134, 6769, 19);
insert into Citizen (idno, title, firstname, lastname, dateofbirth, gender) VALUES (6770, '', 'Rüthrich', 'Susann', '1.1.1977.', 'p');
insert into CandidatesData (idno) VALUES (6770);
insert into PartyMembership (pid, idno) VALUES (2, 6770);
insert into Candidacy (wkid, idno) VALUES (454, 6770);
insert into Landeslistenplatz (llid, idno, position) VALUES (153, 6770, 6);
insert into Citizen (idno, title, firstname, lastname, dateofbirth, gender) VALUES (6771, '', 'Rützel', 'Bernd', '1.1.1968.', 'p');
insert into CandidatesData (idno) VALUES (6771);
insert into PartyMembership (pid, idno) VALUES (2, 6771);
insert into Candidacy (wkid, idno) VALUES (548, 6771);
insert into Landeslistenplatz (llid, idno, position) VALUES (87, 6771, 9);
insert into Citizen (idno, title, firstname, lastname, dateofbirth, gender) VALUES (6772, '', 'Ruff', 'Andreas', '1.1.1967.', 'p');
insert into CandidatesData (idno) VALUES (6772);
insert into PartyMembership (pid, idno) VALUES (37, 6772);
insert into Landeslistenplatz (llid, idno, position) VALUES (60, 6772, 5);
insert into Citizen (idno, title, firstname, lastname, dateofbirth, gender) VALUES (6773, '', 'Ruffen', 'Stefanie', '1.1.1971.', 'p');
insert into CandidatesData (idno) VALUES (6773);
insert into PartyMembership (pid, idno) VALUES (4, 6773);
insert into Candidacy (wkid, idno) VALUES (392, 6773);
insert into Landeslistenplatz (llid, idno, position) VALUES (98, 6773, 43);
insert into Citizen (idno, title, firstname, lastname, dateofbirth, gender) VALUES (6774, '', 'Ruhle', 'Nico', '1.1.1981.', 'p');
insert into CandidatesData (idno) VALUES (6774);
insert into PartyMembership (pid, idno) VALUES (2, 6774);
insert into Landeslistenplatz (llid, idno, position) VALUES (147, 6774, 11);
insert into Citizen (idno, title, firstname, lastname, dateofbirth, gender) VALUES (6775, '', 'Rumbucher', 'Robert', '1.1.1966.', 'p');
insert into CandidatesData (idno) VALUES (6775);
insert into PartyMembership (pid, idno) VALUES (19, 6775);
insert into Landeslistenplatz (llid, idno, position) VALUES (40, 6775, 34);
insert into Citizen (idno, title, firstname, lastname, dateofbirth, gender) VALUES (6776, '', 'Rummel', 'Anton Josef', '1.1.1962.', 'p');
insert into CandidatesData (idno) VALUES (6776);
insert into PartyMembership (pid, idno) VALUES (19, 6776);
insert into Landeslistenplatz (llid, idno, position) VALUES (224, 6776, 3);
insert into Citizen (idno, title, firstname, lastname, dateofbirth, gender) VALUES (6777, 'Dr. ', 'Runkel', 'Gunter Hermann', '1.1.1946.', 'p');
insert into CandidatesData (idno) VALUES (6777);
insert into PartyMembership (pid, idno) VALUES (33, 6777);
insert into Landeslistenplatz (llid, idno, position) VALUES (30, 6777, 12);
insert into Citizen (idno, title, firstname, lastname, dateofbirth, gender) VALUES (6778, '', 'Rupp', 'Jörg', '1.1.1966.', 'p');
insert into CandidatesData (idno) VALUES (6778);
insert into PartyMembership (pid, idno) VALUES (5, 6778);
insert into Candidacy (wkid, idno) VALUES (572, 6778);
insert into Citizen (idno, title, firstname, lastname, dateofbirth, gender) VALUES (6779, '', 'Rupp', 'Klaus-Rainer Heinrich Wilhelm', '1.1.1955.', 'p');
insert into CandidatesData (idno) VALUES (6779);
insert into PartyMembership (pid, idno) VALUES (3, 6779);
insert into Candidacy (wkid, idno) VALUES (353, 6779);
insert into Citizen (idno, title, firstname, lastname, dateofbirth, gender) VALUES (6780, 'Dr. ', 'Ruppert', 'Stefan', '1.1.1971.', 'p');
insert into CandidatesData (idno) VALUES (6780);
insert into PartyMembership (pid, idno) VALUES (4, 6780);
insert into Candidacy (wkid, idno) VALUES (475, 6780);
insert into Landeslistenplatz (llid, idno, position) VALUES (116, 6780, 2);
insert into Citizen (idno, title, firstname, lastname, dateofbirth, gender) VALUES (6781, '', 'Rupprecht', 'Albert', '1.1.1968.', 'p');
insert into CandidatesData (idno) VALUES (6781);
insert into PartyMembership (pid, idno) VALUES (9, 6781);
insert into Candidacy (wkid, idno) VALUES (534, 6781);
insert into Landeslistenplatz (llid, idno, position) VALUES (47, 6781, 22);
insert into Citizen (idno, title, firstname, lastname, dateofbirth, gender) VALUES (6782, '', 'Rupprecht', 'Johannes Georg Maria', '1.1.1952.', 'p');
insert into CandidatesData (idno) VALUES (6782);
insert into PartyMembership (pid, idno) VALUES (13, 6782);
insert into Candidacy (wkid, idno) VALUES (543, 6782);
insert into Landeslistenplatz (llid, idno, position) VALUES (74, 6782, 3);
insert into Citizen (idno, title, firstname, lastname, dateofbirth, gender) VALUES (6783, '', 'Rusche', 'Herbert', '1.1.1952.', 'p');
insert into CandidatesData (idno) VALUES (6783);
insert into PartyMembership (pid, idno) VALUES (7, 6783);
insert into Candidacy (wkid, idno) VALUES (473, 6783);
insert into Landeslistenplatz (llid, idno, position) VALUES (113, 6783, 2);
insert into Citizen (idno, title, firstname, lastname, dateofbirth, gender) VALUES (6784, '', 'Ruschke', 'Holger Jens', '1.1.1969.', 'p');
insert into CandidatesData (idno) VALUES (6784);
insert into PartyMembership (pid, idno) VALUES (33, 6784);
insert into Landeslistenplatz (llid, idno, position) VALUES (111, 6784, 18);
insert into Citizen (idno, title, firstname, lastname, dateofbirth, gender) VALUES (6785, '', 'Russ', 'Bernhard', '1.1.1955.', 'p');
insert into CandidatesData (idno) VALUES (6785);
insert into PartyMembership (pid, idno) VALUES (33, 6785);
insert into Candidacy (wkid, idno) VALUES (593, 6785);
insert into Citizen (idno, title, firstname, lastname, dateofbirth, gender) VALUES (6786, '', 'Russo', 'Hanna Susanne Agnes', '1.1.1958.', 'p');
insert into CandidatesData (idno) VALUES (6786);
insert into PartyMembership (pid, idno) VALUES (5, 6786);
insert into Candidacy (wkid, idno) VALUES (465, 6786);
insert into Citizen (idno, title, firstname, lastname, dateofbirth, gender) VALUES (6787, '', 'Rust', 'Georg', '1.1.1964.', 'p');
insert into CandidatesData (idno) VALUES (6787);
insert into PartyMembership (pid, idno) VALUES (33, 6787);
insert into Candidacy (wkid, idno) VALUES (430, 6787);
insert into Citizen (idno, title, firstname, lastname, dateofbirth, gender) VALUES (6788, '', 'Rybak', 'Hubertus', '1.1.1959.', 'p');
insert into CandidatesData (idno) VALUES (6788);
insert into PartyMembership (pid, idno) VALUES (33, 6788);
insert into Landeslistenplatz (llid, idno, position) VALUES (156, 6788, 3);
insert into Citizen (idno, title, firstname, lastname, dateofbirth, gender) VALUES (6789, '', 'Rydzewki', 'Sieghardt', '1.1.1953.', 'p');
insert into CandidatesData (idno) VALUES (6789);
insert into PartyMembership (pid, idno) VALUES (33, 6789);
insert into Candidacy (wkid, idno) VALUES (494, 6789);
insert into Citizen (idno, title, firstname, lastname, dateofbirth, gender) VALUES (6790, '', 'Ryglewski', 'Sarah Janina', '1.1.1983.', 'p');
insert into CandidatesData (idno) VALUES (6790);
insert into PartyMembership (pid, idno) VALUES (2, 6790);
insert into Landeslistenplatz (llid, idno, position) VALUES (126, 6790, 2);
insert into Citizen (idno, title, firstname, lastname, dateofbirth, gender) VALUES (6791, '', 'Ryvkin', 'Igor', '1.1.1985.', 'p');
insert into CandidatesData (idno) VALUES (6791);
insert into PartyMembership (pid, idno) VALUES (35, 6791);
insert into Landeslistenplatz (llid, idno, position) VALUES (46, 6791, 1);
insert into Citizen (idno, title, firstname, lastname, dateofbirth, gender) VALUES (6792, '', 'Saathoff', 'Johann', '1.1.1967.', 'p');
insert into CandidatesData (idno) VALUES (6792);
insert into PartyMembership (pid, idno) VALUES (2, 6792);
insert into Candidacy (wkid, idno) VALUES (323, 6792);
insert into Landeslistenplatz (llid, idno, position) VALUES (69, 6792, 23);
insert into Citizen (idno, title, firstname, lastname, dateofbirth, gender) VALUES (6793, '', 'Sabah', 'Adnan', '1.1.1969.', 'p');
insert into CandidatesData (idno) VALUES (6793);
insert into PartyMembership (pid, idno) VALUES (2, 6793);
insert into Landeslistenplatz (llid, idno, position) VALUES (76, 6793, 40);
insert into Citizen (idno, title, firstname, lastname, dateofbirth, gender) VALUES (6794, '', 'Sabe', 'Antje', '1.1.1967.', 'p');
insert into CandidatesData (idno) VALUES (6794);
insert into PartyMembership (pid, idno) VALUES (36, 6794);
insert into Landeslistenplatz (llid, idno, position) VALUES (247, 6794, 5);
insert into Citizen (idno, title, firstname, lastname, dateofbirth, gender) VALUES (6795, '', 'Sabin', 'Denis', '1.1.1984.', 'p');
insert into CandidatesData (idno) VALUES (6795);
insert into PartyMembership (pid, idno) VALUES (7, 6795);
insert into Candidacy (wkid, idno) VALUES (385, 6795);
insert into Citizen (idno, title, firstname, lastname, dateofbirth, gender) VALUES (6796, '', 'Sachs', 'Jan', '1.1.1989.', 'p');
insert into CandidatesData (idno) VALUES (6796);
insert into PartyMembership (pid, idno) VALUES (4, 6796);
insert into Candidacy (wkid, idno) VALUES (583, 6796);
insert into Landeslistenplatz (llid, idno, position) VALUES (51, 6796, 14);
insert into Citizen (idno, title, firstname, lastname, dateofbirth, gender) VALUES (6797, '', 'Sachs', 'Volker', '1.1.1934.', 'p');
insert into CandidatesData (idno) VALUES (6797);
insert into PartyMembership (pid, idno) VALUES (1, 6797);
insert into Candidacy (wkid, idno) VALUES (472, 6797);
insert into Landeslistenplatz (llid, idno, position) VALUES (238, 6797, 2);
insert into Citizen (idno, title, firstname, lastname, dateofbirth, gender) VALUES (6798, '', 'Sänger', 'Björn', '1.1.1975.', 'p');
insert into CandidatesData (idno) VALUES (6798);
insert into PartyMembership (pid, idno) VALUES (4, 6798);
insert into Candidacy (wkid, idno) VALUES (466, 6798);
insert into Landeslistenplatz (llid, idno, position) VALUES (116, 6798, 3);
insert into Citizen (idno, title, firstname, lastname, dateofbirth, gender) VALUES (6799, '', 'Saftekin', 'Askin', '1.1.1967.', 'p');
insert into CandidatesData (idno) VALUES (6799);
insert into PartyMembership (pid, idno) VALUES (34, 6799);
insert into Landeslistenplatz (llid, idno, position) VALUES (32, 6799, 7);
insert into Citizen (idno, title, firstname, lastname, dateofbirth, gender) VALUES (6800, '', 'Sager', 'Jens', '1.1.1970.', 'p');
insert into CandidatesData (idno) VALUES (6800);
insert into PartyMembership (pid, idno) VALUES (33, 6800);
insert into Landeslistenplatz (llid, idno, position) VALUES (111, 6800, 13);
insert into Citizen (idno, title, firstname, lastname, dateofbirth, gender) VALUES (6801, '', 'Salamah', 'Susanne', '1.1.1958.', 'p');
insert into CandidatesData (idno) VALUES (6801);
insert into PartyMembership (pid, idno) VALUES (26, 6801);
insert into Landeslistenplatz (llid, idno, position) VALUES (110, 6801, 3);
insert into Citizen (idno, title, firstname, lastname, dateofbirth, gender) VALUES (6802, '', 'Saleh', 'Maher', '1.1.1958.', 'p');
insert into CandidatesData (idno) VALUES (6802);
insert into PartyMembership (pid, idno) VALUES (34, 6802);
insert into Landeslistenplatz (llid, idno, position) VALUES (50, 6802, 7);
insert into Citizen (idno, title, firstname, lastname, dateofbirth, gender) VALUES (6803, '', 'Saleh', 'Sari-Christoph', '1.1.1981.', 'p');
insert into CandidatesData (idno) VALUES (6803);
insert into PartyMembership (pid, idno) VALUES (33, 6803);
insert into Candidacy (wkid, idno) VALUES (381, 6803);
insert into Citizen (idno, title, firstname, lastname, dateofbirth, gender) VALUES (6804, '', 'Salgert', 'Marc', '1.1.1975.', 'p');
insert into CandidatesData (idno) VALUES (6804);
insert into PartyMembership (pid, idno) VALUES (7, 6804);
insert into Candidacy (wkid, idno) VALUES (386, 6804);
insert into Landeslistenplatz (llid, idno, position) VALUES (75, 6804, 25);
insert into Citizen (idno, title, firstname, lastname, dateofbirth, gender) VALUES (6805, '', 'Salviti-Richter', 'Johanna', '1.1.1949.', 'p');
insert into CandidatesData (idno) VALUES (6805);
insert into PartyMembership (pid, idno) VALUES (37, 6805);
insert into Landeslistenplatz (llid, idno, position) VALUES (194, 6805, 1);
insert into Citizen (idno, title, firstname, lastname, dateofbirth, gender) VALUES (6806, '', 'Salzberger', 'Franz', '1.1.1952.', 'p');
insert into CandidatesData (idno) VALUES (6806);
insert into PartyMembership (pid, idno) VALUES (1, 6806);
insert into Candidacy (wkid, idno) VALUES (529, 6806);
insert into Citizen (idno, title, firstname, lastname, dateofbirth, gender) VALUES (6807, '', 'Salzer', 'Sandra', '1.1.1979.', 'p');
insert into CandidatesData (idno) VALUES (6807);
insert into PartyMembership (pid, idno) VALUES (4, 6807);
insert into Landeslistenplatz (llid, idno, position) VALUES (116, 6807, 33);
insert into Citizen (idno, title, firstname, lastname, dateofbirth, gender) VALUES (6808, '', 'Salzmann', 'Peter Michael', '1.1.1979.', 'p');
insert into CandidatesData (idno) VALUES (6808);
insert into PartyMembership (pid, idno) VALUES (4, 6808);
insert into Candidacy (wkid, idno) VALUES (498, 6808);
insert into Landeslistenplatz (llid, idno, position) VALUES (120, 6808, 17);
insert into Citizen (idno, title, firstname, lastname, dateofbirth, gender) VALUES (6809, '', 'Sand', 'Erich', '1.1.1968.', 'p');
insert into CandidatesData (idno) VALUES (6809);
insert into PartyMembership (pid, idno) VALUES (33, 6809);
insert into Landeslistenplatz (llid, idno, position) VALUES (166, 6809, 18);
insert into Citizen (idno, title, firstname, lastname, dateofbirth, gender) VALUES (6810, '', 'Sander', 'Bernhard', '1.1.1955.', 'p');
insert into CandidatesData (idno) VALUES (6810);
insert into PartyMembership (pid, idno) VALUES (3, 6810);
insert into Candidacy (wkid, idno) VALUES (401, 6810);
insert into Citizen (idno, title, firstname, lastname, dateofbirth, gender) VALUES (6811, '', 'Sander', 'Friedrich', '1.1.1961.', 'p');
insert into CandidatesData (idno) VALUES (6811);
insert into PartyMembership (pid, idno) VALUES (19, 6811);
insert into Landeslistenplatz (llid, idno, position) VALUES (40, 6811, 35);
insert into Citizen (idno, title, firstname, lastname, dateofbirth, gender) VALUES (6812, '', 'Sandow', 'Isabelle Marie', '1.1.1985.', 'p');
insert into CandidatesData (idno) VALUES (6812);
insert into PartyMembership (pid, idno) VALUES (7, 6812);
insert into Landeslistenplatz (llid, idno, position) VALUES (75, 6812, 13);
insert into Citizen (idno, title, firstname, lastname, dateofbirth, gender) VALUES (6813, '', 'Sandweg', 'Michael', '1.1.1957.', 'p');
insert into CandidatesData (idno) VALUES (6813);
insert into PartyMembership (pid, idno) VALUES (36, 6813);
insert into Candidacy (wkid, idno) VALUES (517, 6813);
insert into Citizen (idno, title, firstname, lastname, dateofbirth, gender) VALUES (6814, '', 'Sanli', 'Nilgün', '1.1.1980.', 'p');
insert into CandidatesData (idno) VALUES (6814);
insert into PartyMembership (pid, idno) VALUES (2, 6814);
insert into Landeslistenplatz (llid, idno, position) VALUES (69, 6814, 40);
insert into Citizen (idno, title, firstname, lastname, dateofbirth, gender) VALUES (6815, '', 'Sari', 'Lütfi', '1.1.1968.', 'p');
insert into CandidatesData (idno) VALUES (6815);
insert into PartyMembership (pid, idno) VALUES (34, 6815);
insert into Landeslistenplatz (llid, idno, position) VALUES (187, 6815, 6);
insert into Citizen (idno, title, firstname, lastname, dateofbirth, gender) VALUES (6816, '', 'Sarrazin', 'Manuel', '1.1.1982.', 'p');
insert into CandidatesData (idno) VALUES (6816);
insert into PartyMembership (pid, idno) VALUES (5, 6816);
insert into Candidacy (wkid, idno) VALUES (322, 6816);
insert into Landeslistenplatz (llid, idno, position) VALUES (146, 6816, 2);
insert into Citizen (idno, title, firstname, lastname, dateofbirth, gender) VALUES (6817, '', 'Sartor', 'Diana', '1.1.1970.', 'p');
insert into CandidatesData (idno) VALUES (6817);
insert into PartyMembership (pid, idno) VALUES (32, 6817);
insert into Candidacy (wkid, idno) VALUES (457, 6817);
insert into Landeslistenplatz (llid, idno, position) VALUES (215, 6817, 2);
insert into Citizen (idno, title, firstname, lastname, dateofbirth, gender) VALUES (6818, '', 'Sarzio', 'Thomas Alexander', '1.1.1973.', 'p');
insert into CandidatesData (idno) VALUES (6818);
insert into PartyMembership (pid, idno) VALUES (3, 6818);
insert into Landeslistenplatz (llid, idno, position) VALUES (107, 6818, 7);
insert into Citizen (idno, title, firstname, lastname, dateofbirth, gender) VALUES (6819, '', 'Saß', 'Helmut', '1.1.1958.', 'p');
insert into CandidatesData (idno) VALUES (6819);
insert into PartyMembership (pid, idno) VALUES (1, 6819);
insert into Candidacy (wkid, idno) VALUES (321, 6819);
insert into Landeslistenplatz (llid, idno, position) VALUES (39, 6819, 4);
insert into Citizen (idno, title, firstname, lastname, dateofbirth, gender) VALUES (6820, '', 'Saße', 'Marie-Luise', '1.1.1949.', 'p');
insert into CandidatesData (idno) VALUES (6820);
insert into PartyMembership (pid, idno) VALUES (41, 6820);
insert into Candidacy (wkid, idno) VALUES (354, 6820);
insert into Landeslistenplatz (llid, idno, position) VALUES (207, 6820, 2);
insert into Citizen (idno, title, firstname, lastname, dateofbirth, gender) VALUES (6821, '', 'Satta', 'Christian', '1.1.1994.', 'p');
insert into CandidatesData (idno) VALUES (6821);
insert into PartyMembership (pid, idno) VALUES (4, 6821);
insert into Candidacy (wkid, idno) VALUES (582, 6821);
insert into Landeslistenplatz (llid, idno, position) VALUES (51, 6821, 21);
insert into Citizen (idno, title, firstname, lastname, dateofbirth, gender) VALUES (6822, '', 'Sauer', 'Alwin', '1.1.1941.', 'p');
insert into CandidatesData (idno) VALUES (6822);
insert into PartyMembership (pid, idno) VALUES (19, 6822);
insert into Landeslistenplatz (llid, idno, position) VALUES (167, 6822, 5);
insert into Citizen (idno, title, firstname, lastname, dateofbirth, gender) VALUES (6823, '', 'Sauer', 'Michael Willy', '1.1.1964.', 'p');
insert into CandidatesData (idno) VALUES (6823);
insert into PartyMembership (pid, idno) VALUES (9, 6823);
insert into Landeslistenplatz (llid, idno, position) VALUES (47, 6823, 61);
insert into Citizen (idno, title, firstname, lastname, dateofbirth, gender) VALUES (6824, '', 'Sauer', 'Ralf', '1.1.1962.', 'p');
insert into CandidatesData (idno) VALUES (6824);
insert into PartyMembership (pid, idno) VALUES (4, 6824);
insert into Candidacy (wkid, idno) VALUES (593, 6824);
insert into Landeslistenplatz (llid, idno, position) VALUES (51, 6824, 31);
insert into Citizen (idno, title, firstname, lastname, dateofbirth, gender) VALUES (6825, '', 'Sauter', 'Matthias', '1.1.1958.', 'p');
insert into CandidatesData (idno) VALUES (6825);
insert into PartyMembership (pid, idno) VALUES (13, 6825);
insert into Landeslistenplatz (llid, idno, position) VALUES (203, 6825, 5);
insert into Citizen (idno, title, firstname, lastname, dateofbirth, gender) VALUES (6826, '', 'Savtekin', 'Saral', '1.1.1961.', 'p');
insert into CandidatesData (idno) VALUES (6826);
insert into PartyMembership (pid, idno) VALUES (34, 6826);
insert into Landeslistenplatz (llid, idno, position) VALUES (32, 6826, 5);
insert into Citizen (idno, title, firstname, lastname, dateofbirth, gender) VALUES (6827, '', 'Savvidis', 'Lampros', '1.1.1949.', 'p');
insert into CandidatesData (idno) VALUES (6827);
insert into PartyMembership (pid, idno) VALUES (3, 6827);
insert into Candidacy (wkid, idno) VALUES (378, 6827);
insert into Landeslistenplatz (llid, idno, position) VALUES (196, 6827, 10);
insert into Citizen (idno, title, firstname, lastname, dateofbirth, gender) VALUES (6828, '', 'Sawade', 'Annette', '1.1.1953.', 'p');
insert into CandidatesData (idno) VALUES (6828);
insert into PartyMembership (pid, idno) VALUES (2, 6828);
insert into Candidacy (wkid, idno) VALUES (567, 6828);
insert into Landeslistenplatz (llid, idno, position) VALUES (76, 6828, 14);
insert into Citizen (idno, title, firstname, lastname, dateofbirth, gender) VALUES (6829, '', 'Saxe', 'Ralph Richard', '1.1.1959.', 'p');
insert into CandidatesData (idno) VALUES (6829);
insert into PartyMembership (pid, idno) VALUES (5, 6829);
insert into Landeslistenplatz (llid, idno, position) VALUES (119, 6829, 3);
insert into Citizen (idno, title, firstname, lastname, dateofbirth, gender) VALUES (6830, '', 'Schaab', 'Susanne', '1.1.1965.', 'p');
insert into CandidatesData (idno) VALUES (6830);
insert into PartyMembership (pid, idno) VALUES (2, 6830);
insert into Landeslistenplatz (llid, idno, position) VALUES (54, 6830, 20);
insert into Citizen (idno, title, firstname, lastname, dateofbirth, gender) VALUES (6831, '', 'Schaaf', 'Joachim Günther', '1.1.1959.', 'p');
insert into CandidatesData (idno) VALUES (6831);
insert into PartyMembership (pid, idno) VALUES (33, 6831);
insert into Landeslistenplatz (llid, idno, position) VALUES (156, 6831, 9);
insert into Citizen (idno, title, firstname, lastname, dateofbirth, gender) VALUES (6832, 'Dr. ', 'Schabedoth', 'Hans-Joachim', '1.1.1952.', 'p');
insert into CandidatesData (idno) VALUES (6832);
insert into PartyMembership (pid, idno) VALUES (2, 6832);
insert into Candidacy (wkid, idno) VALUES (475, 6832);
insert into Landeslistenplatz (llid, idno, position) VALUES (54, 6832, 13);
insert into Citizen (idno, title, firstname, lastname, dateofbirth, gender) VALUES (6833, 'Dr. ', 'Schade', 'Johannes Karl', '1.1.1966.', 'p');
insert into CandidatesData (idno) VALUES (6833);
insert into PartyMembership (pid, idno) VALUES (33, 6833);
insert into Landeslistenplatz (llid, idno, position) VALUES (166, 6833, 16);
insert into Citizen (idno, title, firstname, lastname, dateofbirth, gender) VALUES (6834, 'Dr. ', 'Schadowski', 'Rolando', '1.1.1959.', 'p');
insert into CandidatesData (idno) VALUES (6834);
insert into PartyMembership (pid, idno) VALUES (4, 6834);
insert into Landeslistenplatz (llid, idno, position) VALUES (104, 6834, 6);
insert into Citizen (idno, title, firstname, lastname, dateofbirth, gender) VALUES (6835, '', 'Schäben', 'Reinhold', '1.1.1960.', 'p');
insert into CandidatesData (idno) VALUES (6835);
insert into PartyMembership (pid, idno) VALUES (1, 6835);
insert into Candidacy (wkid, idno) VALUES (407, 6835);
insert into Citizen (idno, title, firstname, lastname, dateofbirth, gender) VALUES (6836, '', 'Schäfer', 'Andre', '1.1.1981.', 'p');
insert into CandidatesData (idno) VALUES (6836);
insert into PartyMembership (pid, idno) VALUES (22, 6836);
insert into Candidacy (wkid, idno) VALUES (331, 6836);
insert into Citizen (idno, title, firstname, lastname, dateofbirth, gender) VALUES (6837, '', 'Schäfer', 'Anita', '1.1.1951.', 'p');
insert into CandidatesData (idno) VALUES (6837);
insert into PartyMembership (pid, idno) VALUES (12, 6837);
insert into Candidacy (wkid, idno) VALUES (510, 6837);
insert into Landeslistenplatz (llid, idno, position) VALUES (138, 6837, 6);
insert into Citizen (idno, title, firstname, lastname, dateofbirth, gender) VALUES (6838, '', 'Schäfer', 'Axel', '1.1.1952.', 'p');
insert into CandidatesData (idno) VALUES (6838);
insert into PartyMembership (pid, idno) VALUES (2, 6838);
insert into Candidacy (wkid, idno) VALUES (439, 6838);
insert into Landeslistenplatz (llid, idno, position) VALUES (73, 6838, 53);
insert into Citizen (idno, title, firstname, lastname, dateofbirth, gender) VALUES (6839, '', 'Schäfer', 'Christian', '1.1.1963.', 'p');
insert into CandidatesData (idno) VALUES (6839);
insert into PartyMembership (pid, idno) VALUES (33, 6839);
insert into Candidacy (wkid, idno) VALUES (353, 6839);
insert into Landeslistenplatz (llid, idno, position) VALUES (253, 6839, 1);
insert into Citizen (idno, title, firstname, lastname, dateofbirth, gender) VALUES (6840, '', 'Schäfer', 'Frank Hubertus', '1.1.1964.', 'p');
insert into CandidatesData (idno) VALUES (6840);
insert into PartyMembership (pid, idno) VALUES (7, 6840);
insert into Candidacy (wkid, idno) VALUES (480, 6840);
insert into Citizen (idno, title, firstname, lastname, dateofbirth, gender) VALUES (6841, '', 'Schäfer', 'Jens', '1.1.1978.', 'p');
insert into CandidatesData (idno) VALUES (6841);
insert into PartyMembership (pid, idno) VALUES (1, 6841);
insert into Candidacy (wkid, idno) VALUES (487, 6841);
insert into Citizen (idno, title, firstname, lastname, dateofbirth, gender) VALUES (6842, '', 'Schäfer', 'Marcel', '1.1.1987.', 'p');
insert into CandidatesData (idno) VALUES (6842);
insert into PartyMembership (pid, idno) VALUES (12, 6842);
insert into Landeslistenplatz (llid, idno, position) VALUES (138, 6842, 36);
insert into Citizen (idno, title, firstname, lastname, dateofbirth, gender) VALUES (6843, '', 'Schäfer', 'Marita', '1.1.1952.', 'p');
insert into CandidatesData (idno) VALUES (6843);
insert into PartyMembership (pid, idno) VALUES (1, 6843);
insert into Landeslistenplatz (llid, idno, position) VALUES (38, 6843, 10);
insert into Citizen (idno, title, firstname, lastname, dateofbirth, gender) VALUES (6844, '', 'Schäfer', 'Michael', '1.1.1972.', 'p');
insert into CandidatesData (idno) VALUES (6844);
insert into PartyMembership (pid, idno) VALUES (5, 6844);
insert into Landeslistenplatz (llid, idno, position) VALUES (249, 6844, 8);
insert into Citizen (idno, title, firstname, lastname, dateofbirth, gender) VALUES (6845, '', 'Schäfer', 'Paul', '1.1.1949.', 'p');
insert into CandidatesData (idno) VALUES (6845);
insert into PartyMembership (pid, idno) VALUES (3, 6845);
insert into Candidacy (wkid, idno) VALUES (395, 6845);
insert into Citizen (idno, title, firstname, lastname, dateofbirth, gender) VALUES (6846, '', 'Schäfer', 'Steffen', '1.1.1971.', 'p');
insert into CandidatesData (idno) VALUES (6846);
insert into PartyMembership (pid, idno) VALUES (33, 6846);
insert into Candidacy (wkid, idno) VALUES (513, 6846);
insert into Landeslistenplatz (llid, idno, position) VALUES (166, 6846, 2);
insert into Citizen (idno, title, firstname, lastname, dateofbirth, gender) VALUES (6847, '', 'Schäfer', 'Thomas', '1.1.1967.', 'p');
insert into CandidatesData (idno) VALUES (6847);
insert into PartyMembership (pid, idno) VALUES (4, 6847);
insert into Landeslistenplatz (llid, idno, position) VALUES (116, 6847, 35);
insert into Citizen (idno, title, firstname, lastname, dateofbirth, gender) VALUES (6848, '', 'Schäfer', 'Volker', '1.1.1964.', 'p');
insert into CandidatesData (idno) VALUES (6848);
insert into PartyMembership (pid, idno) VALUES (35, 6848);
insert into Landeslistenplatz (llid, idno, position) VALUES (66, 6848, 1);
insert into Citizen (idno, title, firstname, lastname, dateofbirth, gender) VALUES (6849, '', 'Schäffer', 'Silvana', '1.1.1976.', 'p');
insert into CandidatesData (idno) VALUES (6849);
insert into PartyMembership (pid, idno) VALUES (12, 6849);
insert into Landeslistenplatz (llid, idno, position) VALUES (212, 6849, 15);
insert into Citizen (idno, title, firstname, lastname, dateofbirth, gender) VALUES (6850, '', 'Schäffler', 'Frank', '1.1.1968.', 'p');
insert into CandidatesData (idno) VALUES (6850);
insert into PartyMembership (pid, idno) VALUES (4, 6850);
insert into Candidacy (wkid, idno) VALUES (432, 6850);
insert into Landeslistenplatz (llid, idno, position) VALUES (98, 6850, 5);
insert into Citizen (idno, title, firstname, lastname, dateofbirth, gender) VALUES (6851, '', 'Schäfstoß', 'Nicolas', '1.1.1982.', 'p');
insert into CandidatesData (idno) VALUES (6851);
insert into PartyMembership (pid, idno) VALUES (2, 6851);
insert into Candidacy (wkid, idno) VALUES (558, 6851);
insert into Landeslistenplatz (llid, idno, position) VALUES (76, 6851, 32);
insert into Citizen (idno, title, firstname, lastname, dateofbirth, gender) VALUES (6852, '', 'Schätz', 'Reinhard', '1.1.1959.', 'p');
insert into CandidatesData (idno) VALUES (6852);
insert into PartyMembership (pid, idno) VALUES (1, 6852);
insert into Candidacy (wkid, idno) VALUES (576, 6852);
insert into Citizen (idno, title, firstname, lastname, dateofbirth, gender) VALUES (6853, 'Dr. ', 'Schäuble', 'Wolfgang', '1.1.1942.', 'p');
insert into CandidatesData (idno) VALUES (6853);
insert into PartyMembership (pid, idno) VALUES (12, 6853);
insert into Candidacy (wkid, idno) VALUES (583, 6853);
insert into Landeslistenplatz (llid, idno, position) VALUES (105, 6853, 1);
insert into Citizen (idno, title, firstname, lastname, dateofbirth, gender) VALUES (6854, '', 'Schäuble', 'Jürgen', '1.1.1963.', 'p');
insert into CandidatesData (idno) VALUES (6854);
insert into PartyMembership (pid, idno) VALUES (13, 6854);
insert into Landeslistenplatz (llid, idno, position) VALUES (106, 6854, 4);
insert into Citizen (idno, title, firstname, lastname, dateofbirth, gender) VALUES (6855, '', 'Schaffert', 'Reinhard', '1.1.1964.', 'p');
insert into CandidatesData (idno) VALUES (6855);
insert into PartyMembership (pid, idno) VALUES (7, 6855);
insert into Candidacy (wkid, idno) VALUES (474, 6855);
insert into Citizen (idno, title, firstname, lastname, dateofbirth, gender) VALUES (6856, '', 'Schaffrath', 'Hans-Dieter', '1.1.1947.', 'p');
insert into CandidatesData (idno) VALUES (6856);
insert into PartyMembership (pid, idno) VALUES (32, 6856);
insert into Landeslistenplatz (llid, idno, position) VALUES (143, 6856, 6);
insert into Citizen (idno, title, firstname, lastname, dateofbirth, gender) VALUES (6857, '', 'Schagalkowitsch', 'Andrea', '1.1.1988.', 'p');
insert into CandidatesData (idno) VALUES (6857);
insert into PartyMembership (pid, idno) VALUES (31, 6857);
insert into Candidacy (wkid, idno) VALUES (516, 6857);
insert into Citizen (idno, title, firstname, lastname, dateofbirth, gender) VALUES (6858, '', 'Schalamow', 'Silvia Maria', '1.1.1957.', 'p');
insert into CandidatesData (idno) VALUES (6858);
insert into PartyMembership (pid, idno) VALUES (33, 6858);
insert into Landeslistenplatz (llid, idno, position) VALUES (166, 6858, 21);
insert into Citizen (idno, title, firstname, lastname, dateofbirth, gender) VALUES (6859, '', 'Schaller', 'Hans-Peter', '1.1.1959.', 'p');
insert into CandidatesData (idno) VALUES (6859);
insert into PartyMembership (pid, idno) VALUES (33, 6859);
insert into Candidacy (wkid, idno) VALUES (534, 6859);
insert into Landeslistenplatz (llid, idno, position) VALUES (166, 6859, 15);
insert into Citizen (idno, title, firstname, lastname, dateofbirth, gender) VALUES (6860, '', 'Schanne-Raab', 'Gertrud', '1.1.1945.', 'p');
insert into CandidatesData (idno) VALUES (6860);
insert into PartyMembership (pid, idno) VALUES (36, 6860);
insert into Landeslistenplatz (llid, idno, position) VALUES (56, 6860, 4);
insert into Citizen (idno, title, firstname, lastname, dateofbirth, gender) VALUES (6861, '', 'Schanz', 'Peter', '1.1.1962.', 'p');
insert into CandidatesData (idno) VALUES (6861);
insert into PartyMembership (pid, idno) VALUES (5, 6861);
insert into Candidacy (wkid, idno) VALUES (587, 6861);
insert into Landeslistenplatz (llid, idno, position) VALUES (61, 6861, 32);
insert into Citizen (idno, title, firstname, lastname, dateofbirth, gender) VALUES (6862, 'Dr. ', 'Schaper', 'Marcus', '1.1.1973.', 'p');
insert into CandidatesData (idno) VALUES (6862);
insert into PartyMembership (pid, idno) VALUES (5, 6862);
insert into Candidacy (wkid, idno) VALUES (345, 6862);
insert into Landeslistenplatz (llid, idno, position) VALUES (142, 6862, 20);
insert into Citizen (idno, title, firstname, lastname, dateofbirth, gender) VALUES (6863, '', 'Scharf', 'Detlef Herbert Max', '1.1.1962.', 'p');
insert into CandidatesData (idno) VALUES (6863);
insert into PartyMembership (pid, idno) VALUES (19, 6863);
insert into Landeslistenplatz (llid, idno, position) VALUES (40, 6863, 47);
insert into Citizen (idno, title, firstname, lastname, dateofbirth, gender) VALUES (6864, '', 'Scharfenberg', 'Elisabeth', '1.1.1963.', 'p');
insert into CandidatesData (idno) VALUES (6864);
insert into PartyMembership (pid, idno) VALUES (5, 6864);
insert into Candidacy (wkid, idno) VALUES (538, 6864);
insert into Landeslistenplatz (llid, idno, position) VALUES (65, 6864, 5);
insert into Citizen (idno, title, firstname, lastname, dateofbirth, gender) VALUES (6865, '', 'Scharnbeck', 'Dirk', '1.1.1963.', 'p');
insert into CandidatesData (idno) VALUES (6865);
insert into PartyMembership (pid, idno) VALUES (33, 6865);
insert into Landeslistenplatz (llid, idno, position) VALUES (80, 6865, 42);
insert into Citizen (idno, title, firstname, lastname, dateofbirth, gender) VALUES (6866, '', 'Scharrinhausen', 'Stefan', '1.1.1969.', 'p');
insert into CandidatesData (idno) VALUES (6866);
insert into PartyMembership (pid, idno) VALUES (7, 6866);
insert into Candidacy (wkid, idno) VALUES (334, 6866);
insert into Citizen (idno, title, firstname, lastname, dateofbirth, gender) VALUES (6867, '', 'Schauerte', 'Martin', '1.1.1962.', 'p');
insert into CandidatesData (idno) VALUES (6867);
insert into PartyMembership (pid, idno) VALUES (36, 6867);
insert into Landeslistenplatz (llid, idno, position) VALUES (84, 6867, 12);
insert into Citizen (idno, title, firstname, lastname, dateofbirth, gender) VALUES (6868, '', 'Schaumann', 'Heike', '1.1.1975.', 'p');
insert into CandidatesData (idno) VALUES (6868);
insert into PartyMembership (pid, idno) VALUES (4, 6868);
insert into Candidacy (wkid, idno) VALUES (443, 6868);
insert into Landeslistenplatz (llid, idno, position) VALUES (98, 6868, 26);
insert into Citizen (idno, title, firstname, lastname, dateofbirth, gender) VALUES (6869, '', 'Schauws', 'Ursula', '1.1.1966.', 'p');
insert into CandidatesData (idno) VALUES (6869);
insert into PartyMembership (pid, idno) VALUES (5, 6869);
insert into Candidacy (wkid, idno) VALUES (413, 6869);
insert into Landeslistenplatz (llid, idno, position) VALUES (83, 6869, 13);
insert into Citizen (idno, title, firstname, lastname, dateofbirth, gender) VALUES (6870, 'Dr. ', 'Schavan', 'Annette', '1.1.1955.', 'p');
insert into CandidatesData (idno) VALUES (6870);
insert into PartyMembership (pid, idno) VALUES (12, 6870);
insert into Candidacy (wkid, idno) VALUES (590, 6870);
insert into Landeslistenplatz (llid, idno, position) VALUES (105, 6870, 2);
insert into Citizen (idno, title, firstname, lastname, dateofbirth, gender) VALUES (6871, '', 'Schecklmann', 'Hans Peter', '1.1.1945.', 'p');
insert into CandidatesData (idno) VALUES (6871);
insert into PartyMembership (pid, idno) VALUES (19, 6871);
insert into Landeslistenplatz (llid, idno, position) VALUES (40, 6871, 15);
insert into Citizen (idno, title, firstname, lastname, dateofbirth, gender) VALUES (6872, '', 'Schedlbauer', 'Karl', '1.1.1951.', 'p');
insert into CandidatesData (idno) VALUES (6872);
insert into PartyMembership (pid, idno) VALUES (15, 6872);
insert into Candidacy (wkid, idno) VALUES (526, 6872);
insert into Citizen (idno, title, firstname, lastname, dateofbirth, gender) VALUES (6873, '', 'Scheeff', 'Christian Peter', '1.1.1975.', 'p');
insert into CandidatesData (idno) VALUES (6873);
insert into PartyMembership (pid, idno) VALUES (31, 6873);
insert into Landeslistenplatz (llid, idno, position) VALUES (79, 6873, 2);
insert into Citizen (idno, title, firstname, lastname, dateofbirth, gender) VALUES (6874, '', 'Scheel', 'Roland', '1.1.1950.', 'p');
insert into CandidatesData (idno) VALUES (6874);
insert into PartyMembership (pid, idno) VALUES (33, 6874);
insert into Landeslistenplatz (llid, idno, position) VALUES (156, 6874, 2);
insert into Citizen (idno, title, firstname, lastname, dateofbirth, gender) VALUES (6875, '', 'Scheel', 'Sebastian', '1.1.1975.', 'p');
insert into CandidatesData (idno) VALUES (6875);
insert into PartyMembership (pid, idno) VALUES (3, 6875);
insert into Candidacy (wkid, idno) VALUES (454, 6875);
insert into Citizen (idno, title, firstname, lastname, dateofbirth, gender) VALUES (6876, 'Dr. ', 'Scheer', 'Nina', '1.1.1971.', 'p');
insert into CandidatesData (idno) VALUES (6876);
insert into PartyMembership (pid, idno) VALUES (2, 6876);
insert into Candidacy (wkid, idno) VALUES (309, 6876);
insert into Landeslistenplatz (llid, idno, position) VALUES (103, 6876, 6);
insert into Citizen (idno, title, firstname, lastname, dateofbirth, gender) VALUES (6877, '', 'Scheffer', 'Barbara', '1.1.1950.', 'p');
insert into CandidatesData (idno) VALUES (6877);
insert into PartyMembership (pid, idno) VALUES (2, 6877);
insert into Landeslistenplatz (llid, idno, position) VALUES (179, 6877, 11);
insert into Citizen (idno, title, firstname, lastname, dateofbirth, gender) VALUES (6878, '', 'Scheffler', 'Maik', '1.1.1974.', 'p');
insert into CandidatesData (idno) VALUES (6878);
insert into PartyMembership (pid, idno) VALUES (1, 6878);
insert into Candidacy (wkid, idno) VALUES (453, 6878);
insert into Citizen (idno, title, firstname, lastname, dateofbirth, gender) VALUES (6879, '', 'Scheffler', 'Marco', '1.1.1967.', 'p');
insert into CandidatesData (idno) VALUES (6879);
insert into Candidacy (wkid, idno) VALUES (319, 6879);
insert into Citizen (idno, title, firstname, lastname, dateofbirth, gender) VALUES (6880, '', 'Scheib', 'Heiko', '1.1.1966.', 'p');
insert into CandidatesData (idno) VALUES (6880);
insert into PartyMembership (pid, idno) VALUES (2, 6880);
insert into Landeslistenplatz (llid, idno, position) VALUES (71, 6880, 16);
insert into Citizen (idno, title, firstname, lastname, dateofbirth, gender) VALUES (6881, '', 'Scheibe', 'Alexander', '1.1.1982.', 'p');
insert into CandidatesData (idno) VALUES (6881);
insert into PartyMembership (pid, idno) VALUES (35, 6881);
insert into Landeslistenplatz (llid, idno, position) VALUES (46, 6881, 6);
insert into Citizen (idno, title, firstname, lastname, dateofbirth, gender) VALUES (6882, '', 'Scheibenbogen', 'Peter', '1.1.1936.', 'p');
insert into CandidatesData (idno) VALUES (6882);
insert into PartyMembership (pid, idno) VALUES (19, 6882);
insert into Landeslistenplatz (llid, idno, position) VALUES (40, 6882, 30);
insert into Citizen (idno, title, firstname, lastname, dateofbirth, gender) VALUES (6883, '', 'Scheibler', 'Jörg', '1.1.1971.', 'p');
insert into CandidatesData (idno) VALUES (6883);
insert into PartyMembership (pid, idno) VALUES (1, 6883);
insert into Candidacy (wkid, idno) VALUES (577, 6883);
insert into Citizen (idno, title, firstname, lastname, dateofbirth, gender) VALUES (6884, '', 'Scheidel', 'Daniel Matthias', '1.1.1959.', 'p');
insert into CandidatesData (idno) VALUES (6884);
insert into PartyMembership (pid, idno) VALUES (4, 6884);
insert into Candidacy (wkid, idno) VALUES (494, 6884);
insert into Citizen (idno, title, firstname, lastname, dateofbirth, gender) VALUES (6885, 'Dr. ', 'Schell', 'Thomas', '1.1.1964.', 'p');
insert into CandidatesData (idno) VALUES (6885);
insert into PartyMembership (pid, idno) VALUES (4, 6885);
insert into Candidacy (wkid, idno) VALUES (507, 6885);
insert into Landeslistenplatz (llid, idno, position) VALUES (120, 6885, 13);
insert into Citizen (idno, title, firstname, lastname, dateofbirth, gender) VALUES (6886, '', 'Schelle', 'Gerhard Karl', '1.1.1943.', 'p');
insert into CandidatesData (idno) VALUES (6886);
insert into PartyMembership (pid, idno) VALUES (1, 6886);
insert into Candidacy (wkid, idno) VALUES (544, 6886);
insert into Citizen (idno, title, firstname, lastname, dateofbirth, gender) VALUES (6887, '', 'Scheller', 'Julia', '1.1.1982.', 'p');
insert into CandidatesData (idno) VALUES (6887);
insert into PartyMembership (pid, idno) VALUES (13, 6887);
insert into Landeslistenplatz (llid, idno, position) VALUES (96, 6887, 3);
insert into Citizen (idno, title, firstname, lastname, dateofbirth, gender) VALUES (6888, '', 'Schellhas', 'Lars Erik', '1.1.1995.', 'p');
insert into CandidatesData (idno) VALUES (6888);
insert into PartyMembership (pid, idno) VALUES (5, 6888);
insert into Candidacy (wkid, idno) VALUES (407, 6888);
insert into Citizen (idno, title, firstname, lastname, dateofbirth, gender) VALUES (6889, '', 'Schellong', 'Michael Manfred', '1.1.1962.', 'p');
insert into CandidatesData (idno) VALUES (6889);
insert into PartyMembership (pid, idno) VALUES (33, 6889);
insert into Landeslistenplatz (llid, idno, position) VALUES (253, 6889, 4);
insert into Citizen (idno, title, firstname, lastname, dateofbirth, gender) VALUES (6890, '', 'Schenk', 'Gerhard Friedrich Philipp', '1.1.1954.', 'p');
insert into CandidatesData (idno) VALUES (6890);
insert into PartyMembership (pid, idno) VALUES (33, 6890);
insert into Landeslistenplatz (llid, idno, position) VALUES (36, 6890, 13);
insert into Citizen (idno, title, firstname, lastname, dateofbirth, gender) VALUES (6891, '', 'Schenk', 'Karsten', '1.1.1976.', 'p');
insert into CandidatesData (idno) VALUES (6891);
insert into PartyMembership (pid, idno) VALUES (12, 6891);
insert into Landeslistenplatz (llid, idno, position) VALUES (88, 6891, 40);
insert into Citizen (idno, title, firstname, lastname, dateofbirth, gender) VALUES (6892, 'Dr. ', 'Schepke', 'Frank', '1.1.1935.', 'p');
insert into CandidatesData (idno) VALUES (6892);
insert into Candidacy (wkid, idno) VALUES (305, 6892);
insert into Citizen (idno, title, firstname, lastname, dateofbirth, gender) VALUES (6893, '', 'Scherbaum', 'Sabine Maria', '1.1.1960.', 'p');
insert into CandidatesData (idno) VALUES (6893);
insert into PartyMembership (pid, idno) VALUES (40, 6893);
insert into Landeslistenplatz (llid, idno, position) VALUES (148, 6893, 2);
insert into Citizen (idno, title, firstname, lastname, dateofbirth, gender) VALUES (6894, '', 'Scherer', 'Christian', '1.1.1956.', 'p');
insert into CandidatesData (idno) VALUES (6894);
insert into PartyMembership (pid, idno) VALUES (12, 6894);
insert into Landeslistenplatz (llid, idno, position) VALUES (44, 6894, 38);
insert into Citizen (idno, title, firstname, lastname, dateofbirth, gender) VALUES (6895, '', 'Scherer', 'Herbert', '1.1.1946.', 'p');
insert into CandidatesData (idno) VALUES (6895);
insert into PartyMembership (pid, idno) VALUES (19, 6895);
insert into Landeslistenplatz (llid, idno, position) VALUES (182, 6895, 9);
insert into Citizen (idno, title, firstname, lastname, dateofbirth, gender) VALUES (6896, '', 'Scherf-Michel', 'Sandra', '1.1.1976.', 'p');
insert into CandidatesData (idno) VALUES (6896);
insert into PartyMembership (pid, idno) VALUES (4, 6896);
insert into Landeslistenplatz (llid, idno, position) VALUES (168, 6896, 5);
insert into Citizen (idno, title, firstname, lastname, dateofbirth, gender) VALUES (6897, '', 'Scherie', 'Frank', '1.1.1968.', 'p');
insert into CandidatesData (idno) VALUES (6897);
insert into PartyMembership (pid, idno) VALUES (33, 6897);
insert into Landeslistenplatz (llid, idno, position) VALUES (80, 6897, 23);
insert into Citizen (idno, title, firstname, lastname, dateofbirth, gender) VALUES (6898, 'Dr. ', 'Scheringer-Wright', 'Johanna Marianne', '1.1.1963.', 'p');
insert into CandidatesData (idno) VALUES (6898);
insert into PartyMembership (pid, idno) VALUES (3, 6898);
insert into Candidacy (wkid, idno) VALUES (468, 6898);
insert into Landeslistenplatz (llid, idno, position) VALUES (43, 6898, 9);
insert into Citizen (idno, title, firstname, lastname, dateofbirth, gender) VALUES (6899, '', 'Schernau', 'Lutz', '1.1.1958.', 'p');
insert into CandidatesData (idno) VALUES (6899);
insert into PartyMembership (pid, idno) VALUES (1, 6899);
insert into Candidacy (wkid, idno) VALUES (558, 6899);
insert into Citizen (idno, title, firstname, lastname, dateofbirth, gender) VALUES (6900, '', 'Schernikau', 'René', '1.1.1972.', 'p');
insert into CandidatesData (idno) VALUES (6900);
insert into PartyMembership (pid, idno) VALUES (7, 6900);
insert into Candidacy (wkid, idno) VALUES (365, 6900);
insert into Citizen (idno, title, firstname, lastname, dateofbirth, gender) VALUES (6901, 'Dr. ', 'Scheu', 'Hildegard', '1.1.1956.', 'p');
insert into CandidatesData (idno) VALUES (6901);
insert into PartyMembership (pid, idno) VALUES (5, 6901);
insert into Candidacy (wkid, idno) VALUES (473, 6901);
insert into Landeslistenplatz (llid, idno, position) VALUES (144, 6901, 17);
insert into Citizen (idno, title, firstname, lastname, dateofbirth, gender) VALUES (6902, '', 'Scheuch-Paschkewitz', 'Heidemarie', '1.1.1959.', 'p');
insert into CandidatesData (idno) VALUES (6902);
insert into PartyMembership (pid, idno) VALUES (3, 6902);
insert into Candidacy (wkid, idno) VALUES (469, 6902);
insert into Landeslistenplatz (llid, idno, position) VALUES (43, 6902, 5);
insert into Citizen (idno, title, firstname, lastname, dateofbirth, gender) VALUES (6903, 'Dr. ', 'Scheuer', 'Andreas Franz', '1.1.1974.', 'p');
insert into CandidatesData (idno) VALUES (6903);
insert into PartyMembership (pid, idno) VALUES (9, 6903);
insert into Candidacy (wkid, idno) VALUES (528, 6903);
insert into Landeslistenplatz (llid, idno, position) VALUES (47, 6903, 13);
insert into Citizen (idno, title, firstname, lastname, dateofbirth, gender) VALUES (6904, '', 'Scheunemann', 'Günter Werner', '1.1.1954.', 'p');
insert into CandidatesData (idno) VALUES (6904);
insert into PartyMembership (pid, idno) VALUES (32, 6904);
insert into Candidacy (wkid, idno) VALUES (334, 6904);
insert into Landeslistenplatz (llid, idno, position) VALUES (108, 6904, 7);
insert into Citizen (idno, title, firstname, lastname, dateofbirth, gender) VALUES (6905, 'Dr. ', 'Schick', 'Gerhard', '1.1.1972.', 'p');
insert into CandidatesData (idno) VALUES (6905);
insert into PartyMembership (pid, idno) VALUES (5, 6905);
insert into Candidacy (wkid, idno) VALUES (574, 6905);
insert into Landeslistenplatz (llid, idno, position) VALUES (61, 6905, 4);
insert into Citizen (idno, title, firstname, lastname, dateofbirth, gender) VALUES (6906, '', 'Schicke-Uffmann', 'Jens-Wolfhard', '1.1.1987.', 'p');
insert into CandidatesData (idno) VALUES (6906);
insert into PartyMembership (pid, idno) VALUES (7, 6906);
insert into Candidacy (wkid, idno) VALUES (349, 6906);
insert into Landeslistenplatz (llid, idno, position) VALUES (94, 6906, 1);
insert into Citizen (idno, title, firstname, lastname, dateofbirth, gender) VALUES (6907, '', 'Schieder', 'Marianne', '1.1.1962.', 'p');
insert into CandidatesData (idno) VALUES (6907);
insert into PartyMembership (pid, idno) VALUES (2, 6907);
insert into Candidacy (wkid, idno) VALUES (533, 6907);
insert into Landeslistenplatz (llid, idno, position) VALUES (87, 6907, 6);
insert into Citizen (idno, title, firstname, lastname, dateofbirth, gender) VALUES (6908, '', 'Schiefner', 'Udo', '1.1.1959.', 'p');
insert into CandidatesData (idno) VALUES (6908);
insert into PartyMembership (pid, idno) VALUES (2, 6908);
insert into Candidacy (wkid, idno) VALUES (410, 6908);
insert into Landeslistenplatz (llid, idno, position) VALUES (73, 6908, 7);
insert into Citizen (idno, title, firstname, lastname, dateofbirth, gender) VALUES (6909, '', 'Schiek', 'Markus', '1.1.1967.', 'p');
insert into CandidatesData (idno) VALUES (6909);
insert into PartyMembership (pid, idno) VALUES (4, 6909);
insert into Candidacy (wkid, idno) VALUES (434, 6909);
insert into Landeslistenplatz (llid, idno, position) VALUES (98, 6909, 15);
insert into Citizen (idno, title, firstname, lastname, dateofbirth, gender) VALUES (6910, 'Dr. ', 'Schiel', 'Tilmann', '1.1.1943.', 'p');
insert into CandidatesData (idno) VALUES (6910);
insert into PartyMembership (pid, idno) VALUES (3, 6910);
insert into Candidacy (wkid, idno) VALUES (536, 6910);
insert into Citizen (idno, title, firstname, lastname, dateofbirth, gender) VALUES (6911, 'Dr. ', 'Schieren', 'Stefan', '1.1.1964.', 'p');
insert into CandidatesData (idno) VALUES (6911);
insert into PartyMembership (pid, idno) VALUES (2, 6911);
insert into Candidacy (wkid, idno) VALUES (516, 6911);
insert into Landeslistenplatz (llid, idno, position) VALUES (87, 6911, 44);
insert into Citizen (idno, title, firstname, lastname, dateofbirth, gender) VALUES (6912, '', 'Schierkolk', 'Jan', '1.1.1984.', 'p');
insert into CandidatesData (idno) VALUES (6912);
insert into PartyMembership (pid, idno) VALUES (5, 6912);
insert into Landeslistenplatz (llid, idno, position) VALUES (144, 6912, 22);
insert into Citizen (idno, title, firstname, lastname, dateofbirth, gender) VALUES (6913, '', 'Schievelbein', 'Ulrike Vera', '1.1.1958.', 'p');
insert into CandidatesData (idno) VALUES (6913);
insert into PartyMembership (pid, idno) VALUES (29, 6913);
insert into Landeslistenplatz (llid, idno, position) VALUES (31, 6913, 13);
insert into Citizen (idno, title, firstname, lastname, dateofbirth, gender) VALUES (6914, '', 'Schiewerling', 'Karl Richard Maria', '1.1.1951.', 'p');
insert into CandidatesData (idno) VALUES (6914);
insert into PartyMembership (pid, idno) VALUES (12, 6914);
insert into Candidacy (wkid, idno) VALUES (426, 6914);
insert into Citizen (idno, title, firstname, lastname, dateofbirth, gender) VALUES (6915, '', 'Schiffer', 'Patrick', '1.1.1973.', 'p');
insert into CandidatesData (idno) VALUES (6915);
insert into PartyMembership (pid, idno) VALUES (7, 6915);
insert into Candidacy (wkid, idno) VALUES (406, 6915);
insert into Landeslistenplatz (llid, idno, position) VALUES (75, 6915, 12);
insert into Citizen (idno, title, firstname, lastname, dateofbirth, gender) VALUES (6916, '', 'Schigadlo', 'Alex', '1.1.1988.', 'p');
insert into CandidatesData (idno) VALUES (6916);
insert into PartyMembership (pid, idno) VALUES (31, 6916);
insert into Landeslistenplatz (llid, idno, position) VALUES (123, 6916, 48);
insert into Citizen (idno, title, firstname, lastname, dateofbirth, gender) VALUES (6917, '', 'Schild', 'Wilhelm', '1.1.1960.', 'p');
insert into CandidatesData (idno) VALUES (6917);
insert into PartyMembership (pid, idno) VALUES (36, 6917);
insert into Candidacy (wkid, idno) VALUES (505, 6917);
insert into Landeslistenplatz (llid, idno, position) VALUES (56, 6917, 3);
insert into Citizen (idno, title, firstname, lastname, dateofbirth, gender) VALUES (6918, '', 'Schilke', 'Barbara Maria', '1.1.1953.', 'p');
insert into CandidatesData (idno) VALUES (6918);
insert into PartyMembership (pid, idno) VALUES (13, 6918);
insert into Candidacy (wkid, idno) VALUES (316, 6918);
insert into Landeslistenplatz (llid, idno, position) VALUES (125, 6918, 1);
insert into Citizen (idno, title, firstname, lastname, dateofbirth, gender) VALUES (6919, '', 'Schiller', 'Chris', '1.1.1988.', 'p');
insert into CandidatesData (idno) VALUES (6919);
insert into PartyMembership (pid, idno) VALUES (31, 6919);
insert into Candidacy (wkid, idno) VALUES (380, 6919);
insert into Citizen (idno, title, firstname, lastname, dateofbirth, gender) VALUES (6920, '', 'Schiller', 'Marcel', '1.1.1991.', 'p');
insert into CandidatesData (idno) VALUES (6920);
insert into PartyMembership (pid, idno) VALUES (4, 6920);
insert into Candidacy (wkid, idno) VALUES (332, 6920);
insert into Landeslistenplatz (llid, idno, position) VALUES (127, 6920, 17);
insert into Citizen (idno, title, firstname, lastname, dateofbirth, gender) VALUES (6921, '', 'Schiltz', 'Brigitte Ida Wilhelmine', '1.1.1939.', 'p');
insert into CandidatesData (idno) VALUES (6921);
insert into PartyMembership (pid, idno) VALUES (41, 6921);
insert into Candidacy (wkid, idno) VALUES (437, 6921);
insert into Landeslistenplatz (llid, idno, position) VALUES (205, 6921, 4);
insert into Citizen (idno, title, firstname, lastname, dateofbirth, gender) VALUES (6922, '', 'Schimke', 'Jana', '1.1.1979.', 'p');
insert into CandidatesData (idno) VALUES (6922);
insert into PartyMembership (pid, idno) VALUES (12, 6922);
insert into Candidacy (wkid, idno) VALUES (361, 6922);
insert into Landeslistenplatz (llid, idno, position) VALUES (218, 6922, 8);
insert into Citizen (idno, title, firstname, lastname, dateofbirth, gender) VALUES (6923, '', 'Schimke', 'Peter', '1.1.1954.', 'p');
insert into CandidatesData (idno) VALUES (6923);
insert into PartyMembership (pid, idno) VALUES (3, 6923);
insert into Candidacy (wkid, idno) VALUES (564, 6923);
insert into Landeslistenplatz (llid, idno, position) VALUES (143, 6923, 16);
insert into Citizen (idno, title, firstname, lastname, dateofbirth, gender) VALUES (6924, '', 'Schimmel', 'Wolfgang', '1.1.1962.', 'p');
insert into CandidatesData (idno) VALUES (6924);
insert into PartyMembership (pid, idno) VALUES (1, 6924);
insert into Candidacy (wkid, idno) VALUES (300, 6924);
insert into Citizen (idno, title, firstname, lastname, dateofbirth, gender) VALUES (6925, '', 'Schimmer', 'Arne Wolfgang', '1.1.1973.', 'p');
insert into CandidatesData (idno) VALUES (6925);
insert into PartyMembership (pid, idno) VALUES (1, 6925);
insert into Candidacy (wkid, idno) VALUES (465, 6925);
insert into Citizen (idno, title, firstname, lastname, dateofbirth, gender) VALUES (6926, '', 'Schimmer-Göresz', 'Gabriela', '1.1.1952.', 'p');
insert into CandidatesData (idno) VALUES (6926);
insert into PartyMembership (pid, idno) VALUES (36, 6926);
insert into Candidacy (wkid, idno) VALUES (554, 6926);
insert into Landeslistenplatz (llid, idno, position) VALUES (121, 6926, 2);
insert into Citizen (idno, title, firstname, lastname, dateofbirth, gender) VALUES (6927, '', 'Schindele', 'Dietmar', '1.1.1971.', 'p');
insert into CandidatesData (idno) VALUES (6927);
insert into PartyMembership (pid, idno) VALUES (19, 6927);
insert into Landeslistenplatz (llid, idno, position) VALUES (40, 6927, 44);
insert into Citizen (idno, title, firstname, lastname, dateofbirth, gender) VALUES (6928, '', 'Schindler', 'Gertraud', '1.1.1948.', 'p');
insert into CandidatesData (idno) VALUES (6928);
insert into PartyMembership (pid, idno) VALUES (29, 6928);
insert into Landeslistenplatz (llid, idno, position) VALUES (31, 6928, 14);
insert into Citizen (idno, title, firstname, lastname, dateofbirth, gender) VALUES (6929, '', 'Schindler', 'Jörg', '1.1.1972.', 'p');
insert into CandidatesData (idno) VALUES (6929);
insert into PartyMembership (pid, idno) VALUES (3, 6929);
insert into Candidacy (wkid, idno) VALUES (369, 6929);
insert into Landeslistenplatz (llid, idno, position) VALUES (197, 6929, 6);
insert into Citizen (idno, title, firstname, lastname, dateofbirth, gender) VALUES (6930, '', 'Schindler', 'Norbert Ludwig', '1.1.1949.', 'p');
insert into CandidatesData (idno) VALUES (6930);
insert into PartyMembership (pid, idno) VALUES (12, 6930);
insert into Candidacy (wkid, idno) VALUES (508, 6930);
insert into Landeslistenplatz (llid, idno, position) VALUES (138, 6930, 4);
insert into Citizen (idno, title, firstname, lastname, dateofbirth, gender) VALUES (6931, '', 'Schinkel', 'Mike', '1.1.1975.', 'p');
insert into CandidatesData (idno) VALUES (6931);
insert into PartyMembership (pid, idno) VALUES (36, 6931);
insert into Candidacy (wkid, idno) VALUES (587, 6931);
insert into Landeslistenplatz (llid, idno, position) VALUES (118, 6931, 7);
insert into Citizen (idno, title, firstname, lastname, dateofbirth, gender) VALUES (6932, '', 'Schipanski', 'Tankred', '1.1.1976.', 'p');
insert into CandidatesData (idno) VALUES (6932);
insert into PartyMembership (pid, idno) VALUES (12, 6932);
insert into Candidacy (wkid, idno) VALUES (491, 6932);
insert into Landeslistenplatz (llid, idno, position) VALUES (212, 6932, 5);
insert into Citizen (idno, title, firstname, lastname, dateofbirth, gender) VALUES (6933, '', 'Schippan', 'Martin', '1.1.1987.', 'p');
insert into CandidatesData (idno) VALUES (6933);
insert into PartyMembership (pid, idno) VALUES (31, 6933);
insert into Candidacy (wkid, idno) VALUES (378, 6933);
insert into Citizen (idno, title, firstname, lastname, dateofbirth, gender) VALUES (6934, '', 'Schira', 'Frank Thorsten', '1.1.1964.', 'p');
insert into CandidatesData (idno) VALUES (6934);
insert into PartyMembership (pid, idno) VALUES (12, 6934);
insert into Candidacy (wkid, idno) VALUES (321, 6934);
insert into Citizen (idno, title, firstname, lastname, dateofbirth, gender) VALUES (6935, '', 'Schirrmacher', 'Fred', '1.1.1962.', 'p');
insert into CandidatesData (idno) VALUES (6935);
insert into PartyMembership (pid, idno) VALUES (13, 6935);
insert into Landeslistenplatz (llid, idno, position) VALUES (226, 6935, 3);
insert into Citizen (idno, title, firstname, lastname, dateofbirth, gender) VALUES (6936, '', 'Schlachter', 'Eugen', '1.1.1957.', 'p');
insert into CandidatesData (idno) VALUES (6936);
insert into PartyMembership (pid, idno) VALUES (5, 6936);
insert into Candidacy (wkid, idno) VALUES (591, 6936);
insert into Landeslistenplatz (llid, idno, position) VALUES (61, 6936, 16);
insert into Citizen (idno, title, firstname, lastname, dateofbirth, gender) VALUES (6937, '', 'Schlage', 'Britta', '1.1.1956.', 'p');
insert into CandidatesData (idno) VALUES (6937);
insert into PartyMembership (pid, idno) VALUES (2, 6937);
insert into Landeslistenplatz (llid, idno, position) VALUES (64, 6937, 9);
insert into Citizen (idno, title, firstname, lastname, dateofbirth, gender) VALUES (6938, '', 'Schlak', 'Viktor', '1.1.1978.', 'p');
insert into CandidatesData (idno) VALUES (6938);
insert into PartyMembership (pid, idno) VALUES (1, 6938);
insert into Candidacy (wkid, idno) VALUES (411, 6938);
insert into Citizen (idno, title, firstname, lastname, dateofbirth, gender) VALUES (6939, '', 'Schlang', 'Elmar Norman', '1.1.1981.', 'p');
insert into CandidatesData (idno) VALUES (6939);
insert into PartyMembership (pid, idno) VALUES (35, 6939);
insert into Landeslistenplatz (llid, idno, position) VALUES (57, 6939, 14);
insert into Citizen (idno, title, firstname, lastname, dateofbirth, gender) VALUES (6940, '', 'Schlatmann-Wellnhofer', 'Elke', '1.1.1965.', 'p');
insert into CandidatesData (idno) VALUES (6940);
insert into PartyMembership (pid, idno) VALUES (2, 6940);
insert into Landeslistenplatz (llid, idno, position) VALUES (87, 6940, 49);
insert into Citizen (idno, title, firstname, lastname, dateofbirth, gender) VALUES (6941, '', 'Schlecht', 'Michael', '1.1.1951.', 'p');
insert into CandidatesData (idno) VALUES (6941);
insert into PartyMembership (pid, idno) VALUES (3, 6941);
insert into Candidacy (wkid, idno) VALUES (574, 6941);
insert into Landeslistenplatz (llid, idno, position) VALUES (143, 6941, 1);
insert into Citizen (idno, title, firstname, lastname, dateofbirth, gender) VALUES (6942, '', 'Schlegel', 'Astrid', '1.1.1954.', 'p');
insert into CandidatesData (idno) VALUES (6942);
insert into PartyMembership (pid, idno) VALUES (2, 6942);
insert into Landeslistenplatz (llid, idno, position) VALUES (69, 6942, 30);
insert into Citizen (idno, title, firstname, lastname, dateofbirth, gender) VALUES (6943, 'Dr. ', 'Schlegel', 'Dorothee', '1.1.1959.', 'p');
insert into CandidatesData (idno) VALUES (6943);
insert into PartyMembership (pid, idno) VALUES (2, 6943);
insert into Candidacy (wkid, idno) VALUES (575, 6943);
insert into Landeslistenplatz (llid, idno, position) VALUES (76, 6943, 20);
insert into Citizen (idno, title, firstname, lastname, dateofbirth, gender) VALUES (6944, '', 'Schlegel', 'Peter', '1.1.1960.', 'p');
insert into CandidatesData (idno) VALUES (6944);
insert into PartyMembership (pid, idno) VALUES (3, 6944);
insert into Candidacy (wkid, idno) VALUES (540, 6944);
insert into Citizen (idno, title, firstname, lastname, dateofbirth, gender) VALUES (6945, '', 'Schleicher-Frank', 'Marion', '1.1.1964.', 'p');
insert into CandidatesData (idno) VALUES (6945);
insert into PartyMembership (pid, idno) VALUES (32, 6945);
insert into Candidacy (wkid, idno) VALUES (508, 6945);
insert into Landeslistenplatz (llid, idno, position) VALUES (29, 6945, 3);
insert into Citizen (idno, title, firstname, lastname, dateofbirth, gender) VALUES (6946, 'Dr. ', 'Schlender', 'Manfred', '1.1.1943.', 'p');
insert into CandidatesData (idno) VALUES (6946);
insert into PartyMembership (pid, idno) VALUES (37, 6946);
insert into Landeslistenplatz (llid, idno, position) VALUES (157, 6946, 5);
insert into Citizen (idno, title, firstname, lastname, dateofbirth, gender) VALUES (6947, '', 'Schlenker', 'Thomas', '1.1.1963.', 'p');
insert into CandidatesData (idno) VALUES (6947);
insert into PartyMembership (pid, idno) VALUES (5, 6947);
insert into Candidacy (wkid, idno) VALUES (366, 6947);
insert into Citizen (idno, title, firstname, lastname, dateofbirth, gender) VALUES (6948, '', 'Schlesiger', 'Sven', '1.1.1986.', 'p');
insert into CandidatesData (idno) VALUES (6948);
insert into PartyMembership (pid, idno) VALUES (3, 6948);
insert into Landeslistenplatz (llid, idno, position) VALUES (95, 6948, 21);
insert into Citizen (idno, title, firstname, lastname, dateofbirth, gender) VALUES (6949, '', 'Schlesinger', 'Paul Friedrich Georg Martin', '1.1.1947.', 'p');
insert into CandidatesData (idno) VALUES (6949);
insert into PartyMembership (pid, idno) VALUES (13, 6949);
insert into Candidacy (wkid, idno) VALUES (421, 6949);
insert into Citizen (idno, title, firstname, lastname, dateofbirth, gender) VALUES (6950, 'Dr. ', 'Schlierer', 'Rolf', '1.1.1955.', 'p');
insert into CandidatesData (idno) VALUES (6950);
insert into PartyMembership (pid, idno) VALUES (19, 6950);
insert into Landeslistenplatz (llid, idno, position) VALUES (182, 6950, 2);
insert into Citizen (idno, title, firstname, lastname, dateofbirth, gender) VALUES (6951, '', 'Schlierf', 'Hanns-Dieter', '1.1.1954.', 'p');
insert into CandidatesData (idno) VALUES (6951);
insert into PartyMembership (pid, idno) VALUES (36, 6951);
insert into Candidacy (wkid, idno) VALUES (525, 6951);
insert into Landeslistenplatz (llid, idno, position) VALUES (121, 6951, 23);
insert into Citizen (idno, title, firstname, lastname, dateofbirth, gender) VALUES (6952, '', 'Schlitter-Baukloh', 'Wilhelm Heinz Bernd', '1.1.1942.', 'p');
insert into CandidatesData (idno) VALUES (6952);
insert into PartyMembership (pid, idno) VALUES (13, 6952);
insert into Landeslistenplatz (llid, idno, position) VALUES (34, 6952, 19);
insert into Citizen (idno, title, firstname, lastname, dateofbirth, gender) VALUES (6953, '', 'Schlösser', 'André', '1.1.1975.', 'p');
insert into CandidatesData (idno) VALUES (6953);
insert into PartyMembership (pid, idno) VALUES (31, 6953);
insert into Landeslistenplatz (llid, idno, position) VALUES (123, 6953, 30);
insert into Citizen (idno, title, firstname, lastname, dateofbirth, gender) VALUES (6954, '', 'Schlösser', 'Olaf', '1.1.1971.', 'p');
insert into CandidatesData (idno) VALUES (6954);
insert into PartyMembership (pid, idno) VALUES (31, 6954);
insert into Landeslistenplatz (llid, idno, position) VALUES (123, 6954, 10);
insert into Citizen (idno, title, firstname, lastname, dateofbirth, gender) VALUES (6955, '', 'Schlöter', 'Manfred', '1.1.1940.', 'p');
insert into CandidatesData (idno) VALUES (6955);
insert into PartyMembership (pid, idno) VALUES (31, 6955);
insert into Candidacy (wkid, idno) VALUES (409, 6955);
insert into Landeslistenplatz (llid, idno, position) VALUES (123, 6955, 36);
insert into Citizen (idno, title, firstname, lastname, dateofbirth, gender) VALUES (6956, '', 'Schlöter', 'Marlies', '1.1.1950.', 'p');
insert into CandidatesData (idno) VALUES (6956);
insert into PartyMembership (pid, idno) VALUES (31, 6956);
insert into Landeslistenplatz (llid, idno, position) VALUES (123, 6956, 35);
insert into Citizen (idno, title, firstname, lastname, dateofbirth, gender) VALUES (6957, '', 'Schlöter', 'Wibke', '1.1.1984.', 'p');
insert into CandidatesData (idno) VALUES (6957);
insert into PartyMembership (pid, idno) VALUES (31, 6957);
insert into Landeslistenplatz (llid, idno, position) VALUES (123, 6957, 52);
insert into Citizen (idno, title, firstname, lastname, dateofbirth, gender) VALUES (6958, '', 'Schloon', 'Ursula Grete', '1.1.1943.', 'p');
insert into CandidatesData (idno) VALUES (6958);
insert into PartyMembership (pid, idno) VALUES (42, 6958);
insert into Landeslistenplatz (llid, idno, position) VALUES (210, 6958, 3);
insert into Citizen (idno, title, firstname, lastname, dateofbirth, gender) VALUES (6959, '', 'Schlosser', 'Siegfried', '1.1.1956.', 'p');
insert into CandidatesData (idno) VALUES (6959);
insert into PartyMembership (pid, idno) VALUES (7, 6959);
insert into Candidacy (wkid, idno) VALUES (379, 6959);
insert into Citizen (idno, title, firstname, lastname, dateofbirth, gender) VALUES (6960, '', 'Schlottmann', 'Klaus-Dieter', '1.1.1949.', 'p');
insert into CandidatesData (idno) VALUES (6960);
insert into PartyMembership (pid, idno) VALUES (17, 6960);
insert into Candidacy (wkid, idno) VALUES (344, 6960);
insert into Landeslistenplatz (llid, idno, position) VALUES (128, 6960, 3);
insert into Citizen (idno, title, firstname, lastname, dateofbirth, gender) VALUES (6961, '', 'Schlude', 'Bärbel', '1.1.1976.', 'p');
insert into CandidatesData (idno) VALUES (6961);
insert into PartyMembership (pid, idno) VALUES (19, 6961);
insert into Landeslistenplatz (llid, idno, position) VALUES (40, 6961, 24);
insert into Citizen (idno, title, firstname, lastname, dateofbirth, gender) VALUES (6962, '', 'Schlüchting', 'Martin', '1.1.1967.', 'p');
insert into CandidatesData (idno) VALUES (6962);
insert into PartyMembership (pid, idno) VALUES (32, 6962);
insert into Landeslistenplatz (llid, idno, position) VALUES (143, 6962, 12);
insert into Citizen (idno, title, firstname, lastname, dateofbirth, gender) VALUES (6963, '', 'Schlüter', 'Andrew Niko', '1.1.1967.', 'p');
insert into CandidatesData (idno) VALUES (6963);
insert into PartyMembership (pid, idno) VALUES (13, 6963);
insert into Candidacy (wkid, idno) VALUES (381, 6963);
insert into Landeslistenplatz (llid, idno, position) VALUES (226, 6963, 1);
insert into Citizen (idno, title, firstname, lastname, dateofbirth, gender) VALUES (6964, '', 'Schlüter', 'Brigitte', '1.1.1944.', 'p');
insert into CandidatesData (idno) VALUES (6964);
insert into PartyMembership (pid, idno) VALUES (4, 6964);
insert into Landeslistenplatz (llid, idno, position) VALUES (116, 6964, 26);
insert into Citizen (idno, title, firstname, lastname, dateofbirth, gender) VALUES (6965, '', 'Schlüter', 'Sanja', '1.1.1977.', 'p');
insert into CandidatesData (idno) VALUES (6965);
insert into PartyMembership (pid, idno) VALUES (13, 6965);
insert into Landeslistenplatz (llid, idno, position) VALUES (226, 6965, 6);
insert into Citizen (idno, title, firstname, lastname, dateofbirth, gender) VALUES (6966, '', 'Schlumberger-Dogu', 'Lilian', '1.1.1950.', 'p');
insert into CandidatesData (idno) VALUES (6966);
insert into PartyMembership (pid, idno) VALUES (3, 6966);
insert into Landeslistenplatz (llid, idno, position) VALUES (174, 6966, 19);
insert into Citizen (idno, title, firstname, lastname, dateofbirth, gender) VALUES (6967, '', 'Schmalcz', 'Andreas', '1.1.1965.', 'p');
insert into CandidatesData (idno) VALUES (6967);
insert into PartyMembership (pid, idno) VALUES (9, 6967);
insert into Landeslistenplatz (llid, idno, position) VALUES (47, 6967, 70);
insert into Citizen (idno, title, firstname, lastname, dateofbirth, gender) VALUES (6968, '', 'Schmalzbauer', 'Reinhold', '1.1.1975.', 'p');
insert into CandidatesData (idno) VALUES (6968);
insert into PartyMembership (pid, idno) VALUES (5, 6968);
insert into Candidacy (wkid, idno) VALUES (533, 6968);
insert into Landeslistenplatz (llid, idno, position) VALUES (65, 6968, 52);
insert into Citizen (idno, title, firstname, lastname, dateofbirth, gender) VALUES (6969, '', 'Schmatz', 'Thomas Maria', '1.1.1949.', 'p');
insert into CandidatesData (idno) VALUES (6969);
insert into PartyMembership (pid, idno) VALUES (9, 6969);
insert into Landeslistenplatz (llid, idno, position) VALUES (47, 6969, 58);
insert into Citizen (idno, title, firstname, lastname, dateofbirth, gender) VALUES (6970, '', 'Schmelzle', 'Heiko', '1.1.1970.', 'p');
insert into CandidatesData (idno) VALUES (6970);
insert into PartyMembership (pid, idno) VALUES (12, 6970);
insert into Candidacy (wkid, idno) VALUES (323, 6970);
insert into Landeslistenplatz (llid, idno, position) VALUES (44, 6970, 26);
insert into Citizen (idno, title, firstname, lastname, dateofbirth, gender) VALUES (6971, '', 'Schmezer', 'Susanne', '1.1.1967.', 'p');
insert into CandidatesData (idno) VALUES (6971);
insert into PartyMembership (pid, idno) VALUES (12, 6971);
insert into Landeslistenplatz (llid, idno, position) VALUES (105, 6971, 43);
insert into Citizen (idno, title, firstname, lastname, dateofbirth, gender) VALUES (6972, '', 'Schmid', 'Christoph Matthias', '1.1.1980.', 'p');
insert into CandidatesData (idno) VALUES (6972);
insert into PartyMembership (pid, idno) VALUES (7, 6972);
insert into Candidacy (wkid, idno) VALUES (524, 6972);
insert into Landeslistenplatz (llid, idno, position) VALUES (72, 6972, 18);
insert into Citizen (idno, title, firstname, lastname, dateofbirth, gender) VALUES (6973, '', 'Schmidhuber', 'Anna', '1.1.1988.', 'p');
insert into CandidatesData (idno) VALUES (6973);
insert into PartyMembership (pid, idno) VALUES (5, 6973);
insert into Landeslistenplatz (llid, idno, position) VALUES (65, 6973, 51);
insert into Citizen (idno, title, firstname, lastname, dateofbirth, gender) VALUES (6974, '', 'Schmidt', 'Christel', '1.1.1936.', 'p');
insert into CandidatesData (idno) VALUES (6974);
insert into PartyMembership (pid, idno) VALUES (19, 6974);
insert into Landeslistenplatz (llid, idno, position) VALUES (124, 6974, 8);
insert into Citizen (idno, title, firstname, lastname, dateofbirth, gender) VALUES (6975, '', 'Schmidt', 'Christian', '1.1.1957.', 'p');
insert into CandidatesData (idno) VALUES (6975);
insert into PartyMembership (pid, idno) VALUES (9, 6975);
insert into Candidacy (wkid, idno) VALUES (542, 6975);
insert into Landeslistenplatz (llid, idno, position) VALUES (47, 6975, 9);
insert into Citizen (idno, title, firstname, lastname, dateofbirth, gender) VALUES (6976, '', 'Schmidt', 'Dagmar', '1.1.1973.', 'p');
insert into CandidatesData (idno) VALUES (6976);
insert into PartyMembership (pid, idno) VALUES (2, 6976);
insert into Candidacy (wkid, idno) VALUES (471, 6976);
insert into Landeslistenplatz (llid, idno, position) VALUES (54, 6976, 6);
insert into Citizen (idno, title, firstname, lastname, dateofbirth, gender) VALUES (6977, '', 'Schmidt', 'Detlef Werner', '1.1.1953.', 'p');
insert into CandidatesData (idno) VALUES (6977);
insert into PartyMembership (pid, idno) VALUES (32, 6977);
insert into Candidacy (wkid, idno) VALUES (383, 6977);
insert into Citizen (idno, title, firstname, lastname, dateofbirth, gender) VALUES (6978, 'Dr. ', 'Schmidt', 'Andreas', '1.1.1970.', 'p');
insert into CandidatesData (idno) VALUES (6978);
insert into PartyMembership (pid, idno) VALUES (2, 6978);
insert into Candidacy (wkid, idno) VALUES (373, 6978);
insert into Landeslistenplatz (llid, idno, position) VALUES (161, 6978, 5);
insert into Citizen (idno, title, firstname, lastname, dateofbirth, gender) VALUES (6979, 'Dr. ', 'Schmidt', 'Frithjof', '1.1.1953.', 'p');
insert into CandidatesData (idno) VALUES (6979);
insert into PartyMembership (pid, idno) VALUES (5, 6979);
insert into Candidacy (wkid, idno) VALUES (439, 6979);
insert into Landeslistenplatz (llid, idno, position) VALUES (83, 6979, 4);
insert into Citizen (idno, title, firstname, lastname, dateofbirth, gender) VALUES (6980, '', 'Schmidt', 'Edda', '1.1.1948.', 'p');
insert into CandidatesData (idno) VALUES (6980);
insert into PartyMembership (pid, idno) VALUES (1, 6980);
insert into Candidacy (wkid, idno) VALUES (589, 6980);
insert into Landeslistenplatz (llid, idno, position) VALUES (136, 6980, 2);
insert into Citizen (idno, title, firstname, lastname, dateofbirth, gender) VALUES (6981, '', 'Schmidt', 'Felix', '1.1.1990.', 'p');
insert into CandidatesData (idno) VALUES (6981);
insert into PartyMembership (pid, idno) VALUES (5, 6981);
insert into Candidacy (wkid, idno) VALUES (510, 6981);
insert into Landeslistenplatz (llid, idno, position) VALUES (213, 6981, 10);
insert into Citizen (idno, title, firstname, lastname, dateofbirth, gender) VALUES (6982, '', 'Schmidt', 'Gabriele', '1.1.1956.', 'p');
insert into CandidatesData (idno) VALUES (6982);
insert into PartyMembership (pid, idno) VALUES (12, 6982);
insert into Landeslistenplatz (llid, idno, position) VALUES (105, 6982, 13);
insert into Citizen (idno, title, firstname, lastname, dateofbirth, gender) VALUES (6983, '', 'Schmidt', 'Hans', '1.1.1939.', 'p');
insert into CandidatesData (idno) VALUES (6983);
insert into PartyMembership (pid, idno) VALUES (1, 6983);
insert into Candidacy (wkid, idno) VALUES (594, 6983);
insert into Citizen (idno, title, firstname, lastname, dateofbirth, gender) VALUES (6984, '', 'Schmidt', 'Heike', '1.1.1964.', 'p');
insert into CandidatesData (idno) VALUES (6984);
insert into PartyMembership (pid, idno) VALUES (12, 6984);
insert into Landeslistenplatz (llid, idno, position) VALUES (134, 6984, 14);
insert into Citizen (idno, title, firstname, lastname, dateofbirth, gender) VALUES (6985, '', 'Schmidt', 'Heiko Gerhard', '1.1.1988.', 'p');
insert into CandidatesData (idno) VALUES (6985);
insert into PartyMembership (pid, idno) VALUES (5, 6985);
insert into Candidacy (wkid, idno) VALUES (548, 6985);
insert into Landeslistenplatz (llid, idno, position) VALUES (65, 6985, 46);
insert into Citizen (idno, title, firstname, lastname, dateofbirth, gender) VALUES (6986, '', 'Schmidt', 'Ingeborg', '1.1.1946.', 'p');
insert into CandidatesData (idno) VALUES (6986);
insert into PartyMembership (pid, idno) VALUES (37, 6986);
insert into Landeslistenplatz (llid, idno, position) VALUES (204, 6986, 3);
insert into Citizen (idno, title, firstname, lastname, dateofbirth, gender) VALUES (6987, '', 'Schmidt', 'Marion Beate Frederike', '1.1.1954.', 'p');
insert into CandidatesData (idno) VALUES (6987);
insert into PartyMembership (pid, idno) VALUES (13, 6987);
insert into Landeslistenplatz (llid, idno, position) VALUES (74, 6987, 10);
insert into Citizen (idno, title, firstname, lastname, dateofbirth, gender) VALUES (6988, '', 'Schmidt', 'Matthias', '1.1.1963.', 'p');
insert into CandidatesData (idno) VALUES (6988);
insert into PartyMembership (pid, idno) VALUES (2, 6988);
insert into Candidacy (wkid, idno) VALUES (383, 6988);
insert into Landeslistenplatz (llid, idno, position) VALUES (179, 6988, 8);
insert into Citizen (idno, title, firstname, lastname, dateofbirth, gender) VALUES (6989, '', 'Schmidt', 'Matthias', '1.1.1976.', 'p');
insert into CandidatesData (idno) VALUES (6989);
insert into PartyMembership (pid, idno) VALUES (32, 6989);
insert into Candidacy (wkid, idno) VALUES (384, 6989);
insert into Citizen (idno, title, firstname, lastname, dateofbirth, gender) VALUES (6990, '', 'Schmidt', 'Mirko', '1.1.1966.', 'p');
insert into CandidatesData (idno) VALUES (6990);
insert into PartyMembership (pid, idno) VALUES (37, 6990);
insert into Candidacy (wkid, idno) VALUES (454, 6990);
insert into Landeslistenplatz (llid, idno, position) VALUES (251, 6990, 1);
insert into Citizen (idno, title, firstname, lastname, dateofbirth, gender) VALUES (6991, '', 'Schmidt', 'Peer', '1.1.1956.', 'p');
insert into CandidatesData (idno) VALUES (6991);
insert into PartyMembership (pid, idno) VALUES (19, 6991);
insert into Landeslistenplatz (llid, idno, position) VALUES (114, 6991, 4);
insert into Citizen (idno, title, firstname, lastname, dateofbirth, gender) VALUES (6992, '', 'Schmidt', 'Rainer', '1.1.1962.', 'p');
insert into CandidatesData (idno) VALUES (6992);
insert into PartyMembership (pid, idno) VALUES (29, 6992);
insert into Landeslistenplatz (llid, idno, position) VALUES (31, 6992, 30);
insert into Citizen (idno, title, firstname, lastname, dateofbirth, gender) VALUES (6993, '', 'Schmidt', 'Renate (Gisela)', '1.1.1959.', 'p');
insert into CandidatesData (idno) VALUES (6993);
insert into PartyMembership (pid, idno) VALUES (13, 6993);
insert into Candidacy (wkid, idno) VALUES (594, 6993);
insert into Citizen (idno, title, firstname, lastname, dateofbirth, gender) VALUES (6994, '', 'Schmidt', 'Rudolf Lothar', '1.1.1951.', 'p');
insert into CandidatesData (idno) VALUES (6994);
insert into PartyMembership (pid, idno) VALUES (3, 6994);
insert into Candidacy (wkid, idno) VALUES (460, 6994);
insert into Landeslistenplatz (llid, idno, position) VALUES (240, 6994, 12);
insert into Citizen (idno, title, firstname, lastname, dateofbirth, gender) VALUES (6995, '', 'Schmidt', 'Sebastian', '1.1.1987.', 'p');
insert into CandidatesData (idno) VALUES (6995);
insert into PartyMembership (pid, idno) VALUES (32, 6995);
insert into Candidacy (wkid, idno) VALUES (375, 6995);
insert into Citizen (idno, title, firstname, lastname, dateofbirth, gender) VALUES (6996, '', 'Schmidt', 'Stefan Rupert', '1.1.1981.', 'p');
insert into CandidatesData (idno) VALUES (6996);
insert into PartyMembership (pid, idno) VALUES (5, 6996);
insert into Candidacy (wkid, idno) VALUES (531, 6996);
insert into Landeslistenplatz (llid, idno, position) VALUES (65, 6996, 10);
insert into Citizen (idno, title, firstname, lastname, dateofbirth, gender) VALUES (6997, '', 'Schmidt', 'Steffen', '1.1.1965.', 'p');
insert into CandidatesData (idno) VALUES (6997);
insert into PartyMembership (pid, idno) VALUES (32, 6997);
insert into Landeslistenplatz (llid, idno, position) VALUES (215, 6997, 5);
insert into Citizen (idno, title, firstname, lastname, dateofbirth, gender) VALUES (6998, '', 'Schmidt', 'Sven', '1.1.1973.', 'p');
insert into CandidatesData (idno) VALUES (6998);
insert into PartyMembership (pid, idno) VALUES (33, 6998);
insert into Candidacy (wkid, idno) VALUES (308, 6998);
insert into Citizen (idno, title, firstname, lastname, dateofbirth, gender) VALUES (6999, '', 'Schmidt', 'Ulla', '1.1.1949.', 'p');
insert into CandidatesData (idno) VALUES (6999);
insert into PartyMembership (pid, idno) VALUES (2, 6999);
insert into Candidacy (wkid, idno) VALUES (386, 6999);
insert into Landeslistenplatz (llid, idno, position) VALUES (73, 6999, 10);
insert into Citizen (idno, title, firstname, lastname, dateofbirth, gender) VALUES (7000, '', 'Schmidt', 'Wiebke', '1.1.1985.', 'p');
insert into CandidatesData (idno) VALUES (7000);
insert into PartyMembership (pid, idno) VALUES (4, 7000);
insert into Landeslistenplatz (llid, idno, position) VALUES (116, 7000, 28);
insert into Citizen (idno, title, firstname, lastname, dateofbirth, gender) VALUES (7001, '', 'Schmidt-Berg', 'Lars', '1.1.1978.', 'p');
insert into CandidatesData (idno) VALUES (7001);
insert into PartyMembership (pid, idno) VALUES (12, 7001);
insert into Landeslistenplatz (llid, idno, position) VALUES (44, 7001, 33);
insert into Citizen (idno, title, firstname, lastname, dateofbirth, gender) VALUES (7002, '', 'Schmidtke', 'Sebastian', '1.1.1985.', 'p');
insert into CandidatesData (idno) VALUES (7002);
insert into PartyMembership (pid, idno) VALUES (1, 7002);
insert into Candidacy (wkid, idno) VALUES (382, 7002);
insert into Landeslistenplatz (llid, idno, position) VALUES (246, 7002, 2);
insert into Citizen (idno, title, firstname, lastname, dateofbirth, gender) VALUES (7003, '', 'Schmidtsdorff-Aicher', 'Renate Johanna', '1.1.1942.', 'p');
insert into CandidatesData (idno) VALUES (7003);
insert into PartyMembership (pid, idno) VALUES (40, 7003);
insert into Landeslistenplatz (llid, idno, position) VALUES (148, 7003, 4);
insert into Citizen (idno, title, firstname, lastname, dateofbirth, gender) VALUES (7004, '', 'Schmitsdorf', 'Klaus', '1.1.1949.', 'p');
insert into CandidatesData (idno) VALUES (7004);
insert into PartyMembership (pid, idno) VALUES (3, 7004);
insert into Candidacy (wkid, idno) VALUES (534, 7004);
insert into Citizen (idno, title, firstname, lastname, dateofbirth, gender) VALUES (7005, '', 'Schmitt', 'Markus', '1.1.1966.', 'p');
insert into CandidatesData (idno) VALUES (7005);
insert into PartyMembership (pid, idno) VALUES (5, 7005);
insert into Candidacy (wkid, idno) VALUES (598, 7005);
insert into Landeslistenplatz (llid, idno, position) VALUES (190, 7005, 4);
insert into Citizen (idno, title, firstname, lastname, dateofbirth, gender) VALUES (7006, '', 'Schmitt', 'Oliver Maria', '1.1.1966.', 'p');
insert into CandidatesData (idno) VALUES (7006);
insert into PartyMembership (pid, idno) VALUES (31, 7006);
insert into Landeslistenplatz (llid, idno, position) VALUES (79, 7006, 1);
insert into Citizen (idno, title, firstname, lastname, dateofbirth, gender) VALUES (7007, '', 'Schmitt', 'Peter', '1.1.1966.', 'p');
insert into CandidatesData (idno) VALUES (7007);
insert into PartyMembership (pid, idno) VALUES (36, 7007);
insert into Landeslistenplatz (llid, idno, position) VALUES (56, 7007, 14);
insert into Citizen (idno, title, firstname, lastname, dateofbirth, gender) VALUES (7008, '', 'Schmitt', 'Roman', '1.1.1984.', 'p');
insert into CandidatesData (idno) VALUES (7008);
insert into PartyMembership (pid, idno) VALUES (7, 7008);
insert into Candidacy (wkid, idno) VALUES (507, 7008);
insert into Landeslistenplatz (llid, idno, position) VALUES (173, 7008, 9);
insert into Citizen (idno, title, firstname, lastname, dateofbirth, gender) VALUES (7009, '', 'Schmitt', 'Ronja', '1.1.1989.', 'p');
insert into CandidatesData (idno) VALUES (7009);
insert into PartyMembership (pid, idno) VALUES (12, 7009);
insert into Landeslistenplatz (llid, idno, position) VALUES (105, 7009, 19);
insert into Citizen (idno, title, firstname, lastname, dateofbirth, gender) VALUES (7010, '', 'Schmitt', 'Thomas', '1.1.1973.', 'p');
insert into CandidatesData (idno) VALUES (7010);
insert into PartyMembership (pid, idno) VALUES (12, 7010);
insert into Landeslistenplatz (llid, idno, position) VALUES (53, 7010, 15);
insert into Citizen (idno, title, firstname, lastname, dateofbirth, gender) VALUES (7011, 'Dr. ', 'Schmitz', 'Christian Zlatko', '1.1.1975.', 'p');
insert into CandidatesData (idno) VALUES (7011);
insert into PartyMembership (pid, idno) VALUES (2, 7011);
insert into Landeslistenplatz (llid, idno, position) VALUES (71, 7011, 35);
insert into Citizen (idno, title, firstname, lastname, dateofbirth, gender) VALUES (7012, '', 'Schmitz', 'Hans Werner Karl', '1.1.1951.', 'p');
insert into CandidatesData (idno) VALUES (7012);
insert into PartyMembership (pid, idno) VALUES (33, 7012);
insert into Candidacy (wkid, idno) VALUES (402, 7012);
insert into Citizen (idno, title, firstname, lastname, dateofbirth, gender) VALUES (7013, '', 'Schmitz', 'Thomas', '1.1.1961.', 'p');
insert into CandidatesData (idno) VALUES (7013);
insert into PartyMembership (pid, idno) VALUES (12, 7013);
insert into Landeslistenplatz (llid, idno, position) VALUES (188, 7013, 4);
insert into Citizen (idno, title, firstname, lastname, dateofbirth, gender) VALUES (7014, 'Dr. ', 'Schmitz-Rixen', 'Jutta', '1.1.1944.', 'p');
insert into CandidatesData (idno) VALUES (7014);
insert into PartyMembership (pid, idno) VALUES (12, 7014);
insert into Landeslistenplatz (llid, idno, position) VALUES (105, 7014, 45);
insert into Citizen (idno, title, firstname, lastname, dateofbirth, gender) VALUES (7015, '', 'Schmitz-Stadtfeld', 'Marion', '1.1.1962.', 'p');
insert into CandidatesData (idno) VALUES (7015);
insert into PartyMembership (pid, idno) VALUES (2, 7015);
insert into Landeslistenplatz (llid, idno, position) VALUES (54, 7015, 44);
insert into Citizen (idno, title, firstname, lastname, dateofbirth, gender) VALUES (7016, '', 'Schmolt', 'Mike', '1.1.1980.', 'p');
insert into CandidatesData (idno) VALUES (7016);
insert into PartyMembership (pid, idno) VALUES (31, 7016);
insert into Landeslistenplatz (llid, idno, position) VALUES (28, 7016, 26);
insert into Citizen (idno, title, firstname, lastname, dateofbirth, gender) VALUES (7017, '', 'Schmück', 'Ulrich', '1.1.1961.', 'p');
insert into CandidatesData (idno) VALUES (7017);
insert into PartyMembership (pid, idno) VALUES (4, 7017);
insert into Candidacy (wkid, idno) VALUES (301, 7017);
insert into Landeslistenplatz (llid, idno, position) VALUES (78, 7017, 8);
insert into Citizen (idno, title, firstname, lastname, dateofbirth, gender) VALUES (7018, '', 'Schnabel', 'Philipp', '1.1.1986.', 'p');
insert into CandidatesData (idno) VALUES (7018);
insert into PartyMembership (pid, idno) VALUES (7, 7018);
insert into Landeslistenplatz (llid, idno, position) VALUES (85, 7018, 11);
insert into Citizen (idno, title, firstname, lastname, dateofbirth, gender) VALUES (7019, '', 'Schneider', 'Carsten', '1.1.1976.', 'p');
insert into CandidatesData (idno) VALUES (7019);
insert into PartyMembership (pid, idno) VALUES (2, 7019);
insert into Candidacy (wkid, idno) VALUES (492, 7019);
insert into Landeslistenplatz (llid, idno, position) VALUES (154, 7019, 1);
insert into Citizen (idno, title, firstname, lastname, dateofbirth, gender) VALUES (7020, 'Dr. ', 'Schneider', 'Heinz-Joachim Hubert', '1.1.1939.', 'p');
insert into CandidatesData (idno) VALUES (7020);
insert into PartyMembership (pid, idno) VALUES (19, 7020);
insert into Landeslistenplatz (llid, idno, position) VALUES (220, 7020, 3);
insert into Citizen (idno, title, firstname, lastname, dateofbirth, gender) VALUES (7021, '', 'Schneider', 'Helmut', '1.1.1958.', 'p');
insert into CandidatesData (idno) VALUES (7021);
insert into PartyMembership (pid, idno) VALUES (33, 7021);
insert into Candidacy (wkid, idno) VALUES (583, 7021);
insert into Landeslistenplatz (llid, idno, position) VALUES (140, 7021, 3);
insert into Citizen (idno, title, firstname, lastname, dateofbirth, gender) VALUES (7022, '', 'Schneider', 'Johannes', '1.1.1957.', 'p');
insert into CandidatesData (idno) VALUES (7022);
insert into PartyMembership (pid, idno) VALUES (36, 7022);
insert into Landeslistenplatz (llid, idno, position) VALUES (56, 7022, 2);
insert into Citizen (idno, title, firstname, lastname, dateofbirth, gender) VALUES (7023, '', 'Schneider', 'Kevin', '1.1.1991.', 'p');
insert into CandidatesData (idno) VALUES (7023);
insert into PartyMembership (pid, idno) VALUES (4, 7023);
insert into Candidacy (wkid, idno) VALUES (425, 7023);
insert into Landeslistenplatz (llid, idno, position) VALUES (98, 7023, 44);
insert into Citizen (idno, title, firstname, lastname, dateofbirth, gender) VALUES (7024, '', 'Schneider', 'Klaus', '1.1.1948.', 'p');
insert into CandidatesData (idno) VALUES (7024);
insert into PartyMembership (pid, idno) VALUES (32, 7024);
insert into Landeslistenplatz (llid, idno, position) VALUES (91, 7024, 19);
insert into Citizen (idno, title, firstname, lastname, dateofbirth, gender) VALUES (7025, '', 'Schneider', 'Maik', '1.1.1987.', 'p');
insert into CandidatesData (idno) VALUES (7025);
insert into PartyMembership (pid, idno) VALUES (1, 7025);
insert into Candidacy (wkid, idno) VALUES (359, 7025);
insert into Citizen (idno, title, firstname, lastname, dateofbirth, gender) VALUES (7026, '', 'Schneider', 'Maria Magdalena', '1.1.1940.', 'p');
insert into CandidatesData (idno) VALUES (7026);
insert into PartyMembership (pid, idno) VALUES (12, 7026);
insert into Landeslistenplatz (llid, idno, position) VALUES (53, 7026, 12);
insert into Citizen (idno, title, firstname, lastname, dateofbirth, gender) VALUES (7027, '', 'Schneider', 'Mario Dieter', '1.1.1971.', 'p');
insert into CandidatesData (idno) VALUES (7027);
insert into PartyMembership (pid, idno) VALUES (36, 7027);
insert into Landeslistenplatz (llid, idno, position) VALUES (247, 7027, 4);
insert into Citizen (idno, title, firstname, lastname, dateofbirth, gender) VALUES (7028, '', 'Schneider', 'Matthias', '1.1.1960.', 'p');
insert into CandidatesData (idno) VALUES (7028);
insert into PartyMembership (pid, idno) VALUES (5, 7028);
insert into Candidacy (wkid, idno) VALUES (415, 7028);
insert into Landeslistenplatz (llid, idno, position) VALUES (83, 7028, 24);
insert into Citizen (idno, title, firstname, lastname, dateofbirth, gender) VALUES (7029, '', 'Schneider', 'Norbert', '1.1.1964.', 'p');
insert into CandidatesData (idno) VALUES (7029);
insert into PartyMembership (pid, idno) VALUES (3, 7029);
insert into Landeslistenplatz (llid, idno, position) VALUES (79, 7029, 6);
insert into Citizen (idno, title, firstname, lastname, dateofbirth, gender) VALUES (7030, '', 'Schneider', 'Ronny', '1.1.1982.', 'p');
insert into CandidatesData (idno) VALUES (7030);
insert into PartyMembership (pid, idno) VALUES (32, 7030);
insert into Landeslistenplatz (llid, idno, position) VALUES (165, 7030, 10);
insert into Citizen (idno, title, firstname, lastname, dateofbirth, gender) VALUES (7031, '', 'Schneider', 'Tilo Helmut', '1.1.1965.', 'p');
insert into CandidatesData (idno) VALUES (7031);
insert into PartyMembership (pid, idno) VALUES (7, 7031);
insert into Candidacy (wkid, idno) VALUES (457, 7031);
insert into Landeslistenplatz (llid, idno, position) VALUES (85, 7031, 12);
insert into Citizen (idno, title, firstname, lastname, dateofbirth, gender) VALUES (7032, '', 'Schneider', 'Ulrich', '1.1.1972.', 'p');
insert into CandidatesData (idno) VALUES (7032);
insert into PartyMembership (pid, idno) VALUES (5, 7032);
insert into Candidacy (wkid, idno) VALUES (566, 7032);
insert into Landeslistenplatz (llid, idno, position) VALUES (61, 7032, 12);
insert into Citizen (idno, title, firstname, lastname, dateofbirth, gender) VALUES (7033, '', 'Schnellinger', 'Martin', '1.1.1970.', 'p');
insert into CandidatesData (idno) VALUES (7033);
insert into PartyMembership (pid, idno) VALUES (36, 7033);
insert into Landeslistenplatz (llid, idno, position) VALUES (160, 7033, 5);
insert into Citizen (idno, title, firstname, lastname, dateofbirth, gender) VALUES (7034, '', 'Schnieder', 'Patrick', '1.1.1968.', 'p');
insert into CandidatesData (idno) VALUES (7034);
insert into PartyMembership (pid, idno) VALUES (12, 7034);
insert into Candidacy (wkid, idno) VALUES (502, 7034);
insert into Landeslistenplatz (llid, idno, position) VALUES (138, 7034, 10);
insert into Citizen (idno, title, firstname, lastname, dateofbirth, gender) VALUES (7035, '', 'Schnorbusch', 'Christian Bernhard', '1.1.1986.', 'p');
insert into CandidatesData (idno) VALUES (7035);
insert into PartyMembership (pid, idno) VALUES (4, 7035);
insert into Landeslistenplatz (llid, idno, position) VALUES (102, 7035, 24);
insert into Citizen (idno, title, firstname, lastname, dateofbirth, gender) VALUES (7036, '', 'Schnorr', 'Michael', '1.1.1954.', 'p');
insert into CandidatesData (idno) VALUES (7036);
insert into PartyMembership (pid, idno) VALUES (1, 7036);
insert into Candidacy (wkid, idno) VALUES (401, 7036);
insert into Landeslistenplatz (llid, idno, position) VALUES (200, 7036, 4);
insert into Citizen (idno, title, firstname, lastname, dateofbirth, gender) VALUES (7037, '', 'Schnurr', 'Christoph', '1.1.1984.', 'p');
insert into CandidatesData (idno) VALUES (7037);
insert into PartyMembership (pid, idno) VALUES (4, 7037);
insert into Candidacy (wkid, idno) VALUES (482, 7037);
insert into Landeslistenplatz (llid, idno, position) VALUES (116, 7037, 5);
insert into Citizen (idno, title, firstname, lastname, dateofbirth, gender) VALUES (7038, '', 'Scho-Antwerpes', 'Elfi', '1.1.1952.', 'p');
insert into CandidatesData (idno) VALUES (7038);
insert into PartyMembership (pid, idno) VALUES (2, 7038);
insert into Candidacy (wkid, idno) VALUES (393, 7038);
insert into Landeslistenplatz (llid, idno, position) VALUES (73, 7038, 32);
insert into Citizen (idno, title, firstname, lastname, dateofbirth, gender) VALUES (7039, '', 'Schock', 'Thomas Friedrich', '1.1.1968.', 'p');
insert into CandidatesData (idno) VALUES (7039);
insert into PartyMembership (pid, idno) VALUES (3, 7039);
insert into Candidacy (wkid, idno) VALUES (437, 7039);
insert into Citizen (idno, title, firstname, lastname, dateofbirth, gender) VALUES (7040, 'Dr. ', 'Schockenhoff', 'Andreas', '1.1.1957.', 'p');
insert into CandidatesData (idno) VALUES (7040);
insert into PartyMembership (pid, idno) VALUES (12, 7040);
insert into Candidacy (wkid, idno) VALUES (593, 7040);
insert into Citizen (idno, title, firstname, lastname, dateofbirth, gender) VALUES (7041, '', 'Schöffberger', 'Michael Anton Max', '1.1.1967.', 'p');
insert into CandidatesData (idno) VALUES (7041);
insert into PartyMembership (pid, idno) VALUES (36, 7041);
insert into Candidacy (wkid, idno) VALUES (528, 7041);
insert into Landeslistenplatz (llid, idno, position) VALUES (121, 7041, 24);
insert into Citizen (idno, title, firstname, lastname, dateofbirth, gender) VALUES (7042, '', 'Schön', 'Nadine', '1.1.1983.', 'p');
insert into CandidatesData (idno) VALUES (7042);
insert into PartyMembership (pid, idno) VALUES (12, 7042);
insert into Candidacy (wkid, idno) VALUES (597, 7042);
insert into Landeslistenplatz (llid, idno, position) VALUES (53, 7042, 2);
insert into Citizen (idno, title, firstname, lastname, dateofbirth, gender) VALUES (7043, '', 'Schönberger', 'Maximilian', '1.1.1944.', 'p');
insert into CandidatesData (idno) VALUES (7043);
insert into PartyMembership (pid, idno) VALUES (41, 7043);
insert into Candidacy (wkid, idno) VALUES (555, 7043);
insert into Landeslistenplatz (llid, idno, position) VALUES (152, 7043, 11);
insert into Citizen (idno, title, firstname, lastname, dateofbirth, gender) VALUES (7044, '', 'Schöne', 'André Gerhard', '1.1.1967.', 'p');
insert into CandidatesData (idno) VALUES (7044);
insert into PartyMembership (pid, idno) VALUES (4, 7044);
insert into Landeslistenplatz (llid, idno, position) VALUES (158, 7044, 14);
insert into Citizen (idno, title, firstname, lastname, dateofbirth, gender) VALUES (7045, '', 'Schöne', 'Matthias', '1.1.1968.', 'p');
insert into CandidatesData (idno) VALUES (7045);
insert into PartyMembership (pid, idno) VALUES (31, 7045);
insert into Landeslistenplatz (llid, idno, position) VALUES (135, 7045, 16);
insert into Citizen (idno, title, firstname, lastname, dateofbirth, gender) VALUES (7046, '', 'Schöne', 'Tilo', '1.1.1957.', 'p');
insert into CandidatesData (idno) VALUES (7046);
insert into PartyMembership (pid, idno) VALUES (19, 7046);
insert into Candidacy (wkid, idno) VALUES (524, 7046);
insert into Landeslistenplatz (llid, idno, position) VALUES (40, 7046, 4);
insert into Citizen (idno, title, firstname, lastname, dateofbirth, gender) VALUES (7047, '', 'Schöps', 'Jeniffer', '1.1.1986.', 'p');
insert into CandidatesData (idno) VALUES (7047);
insert into PartyMembership (pid, idno) VALUES (1, 7047);
insert into Candidacy (wkid, idno) VALUES (445, 7047);
insert into Citizen (idno, title, firstname, lastname, dateofbirth, gender) VALUES (7048, '', 'Schöps', 'Richard', '1.1.1967.', 'p');
insert into CandidatesData (idno) VALUES (7048);
insert into PartyMembership (pid, idno) VALUES (15, 7048);
insert into Landeslistenplatz (llid, idno, position) VALUES (55, 7048, 8);
insert into Citizen (idno, title, firstname, lastname, dateofbirth, gender) VALUES (7049, '', 'Scholl', 'Benjamin', '1.1.1990.', 'p');
insert into CandidatesData (idno) VALUES (7049);
insert into PartyMembership (pid, idno) VALUES (36, 7049);
insert into Landeslistenplatz (llid, idno, position) VALUES (149, 7049, 7);
insert into Citizen (idno, title, firstname, lastname, dateofbirth, gender) VALUES (7050, '', 'Scholtz', 'Michele', '1.1.1993.', 'p');
insert into CandidatesData (idno) VALUES (7050);
insert into PartyMembership (pid, idno) VALUES (31, 7050);
insert into Landeslistenplatz (llid, idno, position) VALUES (79, 7050, 4);
insert into Citizen (idno, title, firstname, lastname, dateofbirth, gender) VALUES (7051, '', 'Scholz', 'Claudia', '1.1.1953.', 'p');
insert into CandidatesData (idno) VALUES (7051);
insert into PartyMembership (pid, idno) VALUES (32, 7051);
insert into Candidacy (wkid, idno) VALUES (493, 7051);
insert into Landeslistenplatz (llid, idno, position) VALUES (145, 7051, 4);
insert into Citizen (idno, title, firstname, lastname, dateofbirth, gender) VALUES (7052, '', 'Scholz', 'Daniela', '1.1.1972.', 'p');
insert into CandidatesData (idno) VALUES (7052);
insert into PartyMembership (pid, idno) VALUES (31, 7052);
insert into Landeslistenplatz (llid, idno, position) VALUES (28, 7052, 34);
insert into Citizen (idno, title, firstname, lastname, dateofbirth, gender) VALUES (7053, '', 'Scholz', 'Rebecca', '1.1.1993.', 'p');
insert into CandidatesData (idno) VALUES (7053);
insert into PartyMembership (pid, idno) VALUES (32, 7053);
insert into Candidacy (wkid, idno) VALUES (476, 7053);
insert into Landeslistenplatz (llid, idno, position) VALUES (141, 7053, 3);
insert into Citizen (idno, title, firstname, lastname, dateofbirth, gender) VALUES (7054, '', 'Scholze', 'Dennis', '1.1.1979.', 'p');
insert into CandidatesData (idno) VALUES (7054);
insert into PartyMembership (pid, idno) VALUES (2, 7054);
insert into Landeslistenplatz (llid, idno, position) VALUES (69, 7054, 33);
insert into Citizen (idno, title, firstname, lastname, dateofbirth, gender) VALUES (7055, '', 'Schomaker', 'Bernd', '1.1.1958.', 'p');
insert into CandidatesData (idno) VALUES (7055);
insert into PartyMembership (pid, idno) VALUES (4, 7055);
insert into Landeslistenplatz (llid, idno, position) VALUES (243, 7055, 4);
insert into Citizen (idno, title, firstname, lastname, dateofbirth, gender) VALUES (7056, '', 'Schon', 'Manuela', '1.1.1982.', 'p');
insert into CandidatesData (idno) VALUES (7056);
insert into PartyMembership (pid, idno) VALUES (3, 7056);
insert into Candidacy (wkid, idno) VALUES (478, 7056);
insert into Landeslistenplatz (llid, idno, position) VALUES (43, 7056, 13);
insert into Citizen (idno, title, firstname, lastname, dateofbirth, gender) VALUES (7057, '', 'Schoner', 'Katja', '1.1.1970.', 'p');
insert into CandidatesData (idno) VALUES (7057);
insert into PartyMembership (pid, idno) VALUES (2, 7057);
insert into Landeslistenplatz (llid, idno, position) VALUES (69, 7057, 42);
insert into Citizen (idno, title, firstname, lastname, dateofbirth, gender) VALUES (7058, '', 'Schrade', 'René', '1.1.1970.', 'p');
insert into CandidatesData (idno) VALUES (7058);
insert into PartyMembership (pid, idno) VALUES (1, 7058);
insert into Candidacy (wkid, idno) VALUES (561, 7058);
insert into Citizen (idno, title, firstname, lastname, dateofbirth, gender) VALUES (7059, '', 'Schrader', 'Katharina Marianne Ute', '1.1.1981.', 'p');
insert into CandidatesData (idno) VALUES (7059);
insert into PartyMembership (pid, idno) VALUES (2, 7059);
insert into Candidacy (wkid, idno) VALUES (555, 7059);
insert into Landeslistenplatz (llid, idno, position) VALUES (87, 7059, 30);
insert into Citizen (idno, title, firstname, lastname, dateofbirth, gender) VALUES (7060, '', 'Schrage', 'Christopher', '1.1.1964.', 'p');
insert into CandidatesData (idno) VALUES (7060);
insert into PartyMembership (pid, idno) VALUES (7, 7060);
insert into Landeslistenplatz (llid, idno, position) VALUES (75, 7060, 22);
insert into Citizen (idno, title, firstname, lastname, dateofbirth, gender) VALUES (7061, '', 'Schramm', 'Manfred Friedrich', '1.1.1960.', 'p');
insert into CandidatesData (idno) VALUES (7061);
insert into PartyMembership (pid, idno) VALUES (7, 7061);
insert into Candidacy (wkid, idno) VALUES (412, 7061);
insert into Citizen (idno, title, firstname, lastname, dateofbirth, gender) VALUES (7062, '', 'Schreckenbauer', 'Stefan', '1.1.1981.', 'p');
insert into CandidatesData (idno) VALUES (7062);
insert into PartyMembership (pid, idno) VALUES (4, 7062);
insert into Candidacy (wkid, idno) VALUES (560, 7062);
insert into Landeslistenplatz (llid, idno, position) VALUES (51, 7062, 36);
insert into Citizen (idno, title, firstname, lastname, dateofbirth, gender) VALUES (7063, '', 'Schregle', 'Robert Adolf', '1.1.1963.', 'p');
insert into CandidatesData (idno) VALUES (7063);
insert into PartyMembership (pid, idno) VALUES (33, 7063);
insert into Candidacy (wkid, idno) VALUES (528, 7063);
insert into Landeslistenplatz (llid, idno, position) VALUES (166, 7063, 37);
insert into Citizen (idno, title, firstname, lastname, dateofbirth, gender) VALUES (7064, '', 'Schreiber', 'Ernst', '1.1.1948.', 'p');
insert into CandidatesData (idno) VALUES (7064);
insert into PartyMembership (pid, idno) VALUES (4, 7064);
insert into Candidacy (wkid, idno) VALUES (344, 7064);
insert into Landeslistenplatz (llid, idno, position) VALUES (127, 7064, 19);
insert into Citizen (idno, title, firstname, lastname, dateofbirth, gender) VALUES (7065, '', 'Schreiber', 'Ines', '1.1.1973.', 'p');
insert into CandidatesData (idno) VALUES (7065);
insert into PartyMembership (pid, idno) VALUES (1, 7065);
insert into Candidacy (wkid, idno) VALUES (461, 7065);
insert into Citizen (idno, title, firstname, lastname, dateofbirth, gender) VALUES (7066, '', 'Schreiber', 'Peter', '1.1.1973.', 'p');
insert into CandidatesData (idno) VALUES (7066);
insert into PartyMembership (pid, idno) VALUES (1, 7066);
insert into Candidacy (wkid, idno) VALUES (454, 7066);
insert into Landeslistenplatz (llid, idno, position) VALUES (68, 7066, 5);
insert into Citizen (idno, title, firstname, lastname, dateofbirth, gender) VALUES (7067, '', 'Schreiner', 'Bernd', '1.1.1967.', 'p');
insert into CandidatesData (idno) VALUES (7067);
insert into PartyMembership (pid, idno) VALUES (7, 7067);
insert into Candidacy (wkid, idno) VALUES (496, 7067);
insert into Landeslistenplatz (llid, idno, position) VALUES (45, 7067, 3);
insert into Citizen (idno, title, firstname, lastname, dateofbirth, gender) VALUES (7068, '', 'Schreiner', 'Bertold', '1.1.1960.', 'p');
insert into CandidatesData (idno) VALUES (7068);
insert into PartyMembership (pid, idno) VALUES (10, 7068);
insert into Landeslistenplatz (llid, idno, position) VALUES (150, 7068, 5);
insert into Citizen (idno, title, firstname, lastname, dateofbirth, gender) VALUES (7069, '', 'Schreiter', 'Normen', '1.1.1984.', 'p');
insert into CandidatesData (idno) VALUES (7069);
insert into PartyMembership (pid, idno) VALUES (1, 7069);
insert into Candidacy (wkid, idno) VALUES (313, 7069);
insert into Citizen (idno, title, firstname, lastname, dateofbirth, gender) VALUES (7070, '', 'Schrodi', 'Michael', '1.1.1977.', 'p');
insert into CandidatesData (idno) VALUES (7070);
insert into PartyMembership (pid, idno) VALUES (2, 7070);
insert into Candidacy (wkid, idno) VALUES (515, 7070);
insert into Landeslistenplatz (llid, idno, position) VALUES (87, 7070, 23);
insert into Citizen (idno, title, firstname, lastname, dateofbirth, gender) VALUES (7071, '', 'Schröder', 'Arno', '1.1.1958.', 'p');
insert into CandidatesData (idno) VALUES (7071);
insert into PartyMembership (pid, idno) VALUES (7, 7071);
insert into Candidacy (wkid, idno) VALUES (466, 7071);
insert into Citizen (idno, title, firstname, lastname, dateofbirth, gender) VALUES (7072, 'Dr. ', 'Schröder', 'Kristina', '1.1.1977.', 'p');
insert into CandidatesData (idno) VALUES (7072);
insert into PartyMembership (pid, idno) VALUES (12, 7072);
insert into Candidacy (wkid, idno) VALUES (478, 7072);
insert into Landeslistenplatz (llid, idno, position) VALUES (88, 7072, 2);
insert into Citizen (idno, title, firstname, lastname, dateofbirth, gender) VALUES (7073, 'Dr. ', 'Schröder', 'Ole', '1.1.1971.', 'p');
insert into CandidatesData (idno) VALUES (7073);
insert into PartyMembership (pid, idno) VALUES (12, 7073);
insert into Candidacy (wkid, idno) VALUES (306, 7073);
insert into Landeslistenplatz (llid, idno, position) VALUES (159, 7073, 2);
insert into Citizen (idno, title, firstname, lastname, dateofbirth, gender) VALUES (7074, '', 'Schröder', 'Henrik', '1.1.1994.', 'p');
insert into CandidatesData (idno) VALUES (7074);
insert into PartyMembership (pid, idno) VALUES (4, 7074);
insert into Candidacy (wkid, idno) VALUES (334, 7074);
insert into Citizen (idno, title, firstname, lastname, dateofbirth, gender) VALUES (7075, '', 'Schröder', 'Patrick Hermann', '1.1.1983.', 'p');
insert into CandidatesData (idno) VALUES (7075);
insert into PartyMembership (pid, idno) VALUES (1, 7075);
insert into Candidacy (wkid, idno) VALUES (534, 7075);
insert into Citizen (idno, title, firstname, lastname, dateofbirth, gender) VALUES (7076, '', 'Schröder', 'Peter Christian', '1.1.1965.', 'p');
insert into CandidatesData (idno) VALUES (7076);
insert into PartyMembership (pid, idno) VALUES (32, 7076);
insert into Candidacy (wkid, idno) VALUES (448, 7076);
insert into Landeslistenplatz (llid, idno, position) VALUES (143, 7076, 5);
insert into Citizen (idno, title, firstname, lastname, dateofbirth, gender) VALUES (7077, '', 'Schröder', 'Simon', '1.1.1954.', 'p');
insert into CandidatesData (idno) VALUES (7077);
insert into PartyMembership (pid, idno) VALUES (31, 7077);
insert into Landeslistenplatz (llid, idno, position) VALUES (28, 7077, 25);
insert into Citizen (idno, title, firstname, lastname, dateofbirth, gender) VALUES (7078, '', 'Schröder', 'Volker Georg', '1.1.1970.', 'p');
insert into CandidatesData (idno) VALUES (7078);
insert into PartyMembership (pid, idno) VALUES (7, 7078);
insert into Candidacy (wkid, idno) VALUES (383, 7078);
insert into Citizen (idno, title, firstname, lastname, dateofbirth, gender) VALUES (7079, '', 'Schröer', 'David', '1.1.1985.', 'p');
insert into CandidatesData (idno) VALUES (7079);
insert into PartyMembership (pid, idno) VALUES (1, 7079);
insert into Candidacy (wkid, idno) VALUES (463, 7079);
insert into Citizen (idno, title, firstname, lastname, dateofbirth, gender) VALUES (7080, '', 'Schröter', 'Eric', '1.1.1985.', 'p');
insert into CandidatesData (idno) VALUES (7080);
insert into PartyMembership (pid, idno) VALUES (31, 7080);
insert into Landeslistenplatz (llid, idno, position) VALUES (28, 7080, 50);
insert into Citizen (idno, title, firstname, lastname, dateofbirth, gender) VALUES (7081, '', 'Schröter', 'Lutz', '1.1.1968.', 'p');
insert into CandidatesData (idno) VALUES (7081);
insert into PartyMembership (pid, idno) VALUES (32, 7081);
insert into Candidacy (wkid, idno) VALUES (432, 7081);
insert into Citizen (idno, title, firstname, lastname, dateofbirth, gender) VALUES (7082, '', 'Schropp', 'Michael', '1.1.1970.', 'p');
insert into CandidatesData (idno) VALUES (7082);
insert into PartyMembership (pid, idno) VALUES (5, 7082);
insert into Candidacy (wkid, idno) VALUES (555, 7082);
insert into Landeslistenplatz (llid, idno, position) VALUES (65, 7082, 34);
insert into Citizen (idno, title, firstname, lastname, dateofbirth, gender) VALUES (7083, '', 'Schrutek', 'Andrea', '1.1.1963.', 'p');
insert into CandidatesData (idno) VALUES (7083);
insert into PartyMembership (pid, idno) VALUES (3, 7083);
insert into Candidacy (wkid, idno) VALUES (463, 7083);
insert into Landeslistenplatz (llid, idno, position) VALUES (240, 7083, 11);
insert into Citizen (idno, title, firstname, lastname, dateofbirth, gender) VALUES (7084, '', 'Schubert', 'Hans-Joachim', '1.1.1949.', 'p');
insert into CandidatesData (idno) VALUES (7084);
insert into PartyMembership (pid, idno) VALUES (1, 7084);
insert into Candidacy (wkid, idno) VALUES (443, 7084);
insert into Citizen (idno, title, firstname, lastname, dateofbirth, gender) VALUES (7085, '', 'Schubert', 'Manfred', '1.1.1970.', 'p');
insert into CandidatesData (idno) VALUES (7085);
insert into PartyMembership (pid, idno) VALUES (7, 7085);
insert into Candidacy (wkid, idno) VALUES (492, 7085);
insert into Landeslistenplatz (llid, idno, position) VALUES (45, 7085, 2);
insert into Citizen (idno, title, firstname, lastname, dateofbirth, gender) VALUES (7086, 'Prof. ', 'Schubert', 'Johann Gottfried Emil', '1.1.1931.', 'p');
insert into CandidatesData (idno) VALUES (7086);
insert into PartyMembership (pid, idno) VALUES (19, 7086);
insert into Landeslistenplatz (llid, idno, position) VALUES (40, 7086, 9);
insert into Citizen (idno, title, firstname, lastname, dateofbirth, gender) VALUES (7087, '', 'Schuch-Leitl', 'Andrea Helga', '1.1.1962.', 'p');
insert into CandidatesData (idno) VALUES (7087);
insert into PartyMembership (pid, idno) VALUES (5, 7087);
insert into Landeslistenplatz (llid, idno, position) VALUES (65, 7087, 47);
insert into Citizen (idno, title, firstname, lastname, dateofbirth, gender) VALUES (7088, '', 'Schuchardt', 'Rainer', '1.1.1950.', 'p');
insert into CandidatesData (idno) VALUES (7088);
insert into PartyMembership (pid, idno) VALUES (32, 7088);
insert into Candidacy (wkid, idno) VALUES (307, 7088);
insert into Landeslistenplatz (llid, idno, position) VALUES (254, 7088, 1);
insert into Citizen (idno, title, firstname, lastname, dateofbirth, gender) VALUES (7089, '', 'Schüler', 'Fritz', '1.1.1939.', 'p');
insert into CandidatesData (idno) VALUES (7089);
insert into PartyMembership (pid, idno) VALUES (37, 7089);
insert into Landeslistenplatz (llid, idno, position) VALUES (201, 7089, 4);
insert into Citizen (idno, title, firstname, lastname, dateofbirth, gender) VALUES (7090, '', 'Schünemann', 'Christina Anna Sarah', '1.1.1986.', 'p');
insert into CandidatesData (idno) VALUES (7090);
insert into PartyMembership (pid, idno) VALUES (31, 7090);
insert into Landeslistenplatz (llid, idno, position) VALUES (135, 7090, 3);
insert into Citizen (idno, title, firstname, lastname, dateofbirth, gender) VALUES (7091, '', 'Schünemann', 'Wolf-Joachim', '1.1.1963.', 'p');
insert into CandidatesData (idno) VALUES (7091);
insert into PartyMembership (pid, idno) VALUES (33, 7091);
insert into Landeslistenplatz (llid, idno, position) VALUES (166, 7091, 7);
insert into Citizen (idno, title, firstname, lastname, dateofbirth, gender) VALUES (7092, '', 'Schürer', 'Tilman Gregor', '1.1.1979.', 'p');
insert into CandidatesData (idno) VALUES (7092);
insert into PartyMembership (pid, idno) VALUES (4, 7092);
insert into Candidacy (wkid, idno) VALUES (543, 7092);
insert into Landeslistenplatz (llid, idno, position) VALUES (102, 7092, 23);
insert into Citizen (idno, title, firstname, lastname, dateofbirth, gender) VALUES (7093, '', 'Schüßler', 'Claudia', '1.1.1967.', 'p');
insert into CandidatesData (idno) VALUES (7093);
insert into PartyMembership (pid, idno) VALUES (2, 7093);
insert into Landeslistenplatz (llid, idno, position) VALUES (69, 7093, 44);
insert into Citizen (idno, title, firstname, lastname, dateofbirth, gender) VALUES (7094, '', 'Schüßler', 'Gitta', '1.1.1961.', 'p');
insert into CandidatesData (idno) VALUES (7094);
insert into PartyMembership (pid, idno) VALUES (1, 7094);
insert into Candidacy (wkid, idno) VALUES (462, 7094);
insert into Citizen (idno, title, firstname, lastname, dateofbirth, gender) VALUES (7095, '', 'Schüßler', 'Sigrid', '1.1.1969.', 'p');
insert into CandidatesData (idno) VALUES (7095);
insert into PartyMembership (pid, idno) VALUES (1, 7095);
insert into Landeslistenplatz (llid, idno, position) VALUES (216, 7095, 2);
insert into Citizen (idno, title, firstname, lastname, dateofbirth, gender) VALUES (7096, '', 'Schütt', 'Hinrich', '1.1.1976.', 'p');
insert into CandidatesData (idno) VALUES (7096);
insert into PartyMembership (pid, idno) VALUES (4, 7096);
insert into Landeslistenplatz (llid, idno, position) VALUES (104, 7096, 9);
insert into Citizen (idno, title, firstname, lastname, dateofbirth, gender) VALUES (7097, '', 'Schütz', 'Annette', '1.1.1960.', 'p');
insert into CandidatesData (idno) VALUES (7097);
insert into PartyMembership (pid, idno) VALUES (2, 7097);
insert into Landeslistenplatz (llid, idno, position) VALUES (69, 7097, 58);
insert into Citizen (idno, title, firstname, lastname, dateofbirth, gender) VALUES (7098, '', 'Schützinger', 'Jürgen', '1.1.1953.', 'p');
insert into CandidatesData (idno) VALUES (7098);
insert into PartyMembership (pid, idno) VALUES (1, 7098);
insert into Candidacy (wkid, idno) VALUES (585, 7098);
insert into Landeslistenplatz (llid, idno, position) VALUES (136, 7098, 1);
insert into Citizen (idno, title, firstname, lastname, dateofbirth, gender) VALUES (7099, '', 'Schützinger', 'Rudolf', '1.1.1982.', 'p');
insert into CandidatesData (idno) VALUES (7099);
insert into PartyMembership (pid, idno) VALUES (1, 7099);
insert into Candidacy (wkid, idno) VALUES (579, 7099);
insert into Citizen (idno, title, firstname, lastname, dateofbirth, gender) VALUES (7100, '', 'Schuh', 'Lore', '1.1.1947.', 'p');
insert into CandidatesData (idno) VALUES (7100);
insert into PartyMembership (pid, idno) VALUES (36, 7100);
insert into Landeslistenplatz (llid, idno, position) VALUES (118, 7100, 24);
insert into Citizen (idno, title, firstname, lastname, dateofbirth, gender) VALUES (7101, '', 'Schuhfuß', 'Marlene', '1.1.1980.', 'p');
insert into CandidatesData (idno) VALUES (7101);
insert into PartyMembership (pid, idno) VALUES (31, 7101);
insert into Landeslistenplatz (llid, idno, position) VALUES (135, 7101, 17);
insert into Citizen (idno, title, firstname, lastname, dateofbirth, gender) VALUES (7102, '', 'Schuldt', 'Robert', '1.1.1977.', 'p');
insert into CandidatesData (idno) VALUES (7102);
insert into PartyMembership (pid, idno) VALUES (7, 7102);
insert into Landeslistenplatz (llid, idno, position) VALUES (109, 7102, 9);
insert into Citizen (idno, title, firstname, lastname, dateofbirth, gender) VALUES (7103, 'Dr. ', 'Schulenburg', 'Jörg', '1.1.1969.', 'p');
insert into CandidatesData (idno) VALUES (7103);
insert into PartyMembership (pid, idno) VALUES (7, 7103);
insert into Candidacy (wkid, idno) VALUES (368, 7103);
insert into Citizen (idno, title, firstname, lastname, dateofbirth, gender) VALUES (7104, '', 'Schuler', 'Selina', '1.1.1992.', 'p');
insert into CandidatesData (idno) VALUES (7104);
insert into PartyMembership (pid, idno) VALUES (7, 7104);
insert into Landeslistenplatz (llid, idno, position) VALUES (221, 7104, 3);
insert into Citizen (idno, title, firstname, lastname, dateofbirth, gender) VALUES (7105, '', 'Schulhauser', 'Kevin', '1.1.1989.', 'p');
insert into CandidatesData (idno) VALUES (7105);
insert into PartyMembership (pid, idno) VALUES (1, 7105);
insert into Candidacy (wkid, idno) VALUES (494, 7105);
insert into Citizen (idno, title, firstname, lastname, dateofbirth, gender) VALUES (7106, '', 'Schulte', 'Karl Stephan', '1.1.1963.', 'p');
insert into CandidatesData (idno) VALUES (7106);
insert into PartyMembership (pid, idno) VALUES (3, 7106);
insert into Candidacy (wkid, idno) VALUES (429, 7106);
insert into Citizen (idno, title, firstname, lastname, dateofbirth, gender) VALUES (7107, '', 'Schulte', 'Klaus Keno Friedrich', '1.1.1982.', 'p');
insert into CandidatesData (idno) VALUES (7107);
insert into PartyMembership (pid, idno) VALUES (31, 7107);
insert into Landeslistenplatz (llid, idno, position) VALUES (123, 7107, 3);
insert into Citizen (idno, title, firstname, lastname, dateofbirth, gender) VALUES (7108, '', 'Schulte', 'Michael', '1.1.1962.', 'p');
insert into CandidatesData (idno) VALUES (7108);
insert into PartyMembership (pid, idno) VALUES (4, 7108);
insert into Candidacy (wkid, idno) VALUES (449, 7108);
insert into Landeslistenplatz (llid, idno, position) VALUES (98, 7108, 53);
insert into Citizen (idno, title, firstname, lastname, dateofbirth, gender) VALUES (7109, '', 'Schulte', 'Patrik', '1.1.1980.', 'p');
insert into CandidatesData (idno) VALUES (7109);
insert into PartyMembership (pid, idno) VALUES (3, 7109);
insert into Landeslistenplatz (llid, idno, position) VALUES (49, 7109, 4);
insert into Citizen (idno, title, firstname, lastname, dateofbirth, gender) VALUES (7110, '', 'Schulte', 'Peter', '1.1.1969.', 'p');
insert into CandidatesData (idno) VALUES (7110);
insert into PartyMembership (pid, idno) VALUES (3, 7110);
insert into Candidacy (wkid, idno) VALUES (447, 7110);
insert into Citizen (idno, title, firstname, lastname, dateofbirth, gender) VALUES (7111, '', 'Schulte', 'Ursula', '1.1.1952.', 'p');
insert into CandidatesData (idno) VALUES (7111);
insert into PartyMembership (pid, idno) VALUES (2, 7111);
insert into Candidacy (wkid, idno) VALUES (425, 7111);
insert into Landeslistenplatz (llid, idno, position) VALUES (73, 7111, 14);
insert into Citizen (idno, title, firstname, lastname, dateofbirth, gender) VALUES (7112, '', 'Schulte-Drüggelte', 'Bernhard August', '1.1.1951.', 'p');
insert into CandidatesData (idno) VALUES (7112);
insert into PartyMembership (pid, idno) VALUES (12, 7112);
insert into Candidacy (wkid, idno) VALUES (445, 7112);
insert into Landeslistenplatz (llid, idno, position) VALUES (136, 7112, 16);
insert into Citizen (idno, title, firstname, lastname, dateofbirth, gender) VALUES (7113, '', 'Schulz', 'Carmen', '1.1.1957.', 'p');
insert into CandidatesData (idno) VALUES (7113);
insert into PartyMembership (pid, idno) VALUES (4, 7113);
insert into Candidacy (wkid, idno) VALUES (364, 7113);
insert into Citizen (idno, title, firstname, lastname, dateofbirth, gender) VALUES (7114, '', 'Schulz', 'Dieter', '1.1.1969.', 'p');
insert into CandidatesData (idno) VALUES (7114);
insert into PartyMembership (pid, idno) VALUES (1, 7114);
insert into Candidacy (wkid, idno) VALUES (438, 7114);
insert into Landeslistenplatz (llid, idno, position) VALUES (200, 7114, 9);
insert into Citizen (idno, title, firstname, lastname, dateofbirth, gender) VALUES (7115, '', 'Schulz', 'Herbert Heinrich Paul', '1.1.1947.', 'p');
insert into CandidatesData (idno) VALUES (7115);
insert into PartyMembership (pid, idno) VALUES (3, 7115);
insert into Candidacy (wkid, idno) VALUES (320, 7115);
insert into Landeslistenplatz (llid, idno, position) VALUES (41, 7115, 6);
insert into Citizen (idno, title, firstname, lastname, dateofbirth, gender) VALUES (7116, '', 'Schulz', 'Jens Uwe', '1.1.1953.', 'p');
insert into CandidatesData (idno) VALUES (7116);
insert into PartyMembership (pid, idno) VALUES (3, 7116);
insert into Candidacy (wkid, idno) VALUES (310, 7116);
insert into Landeslistenplatz (llid, idno, position) VALUES (36, 7116, 8);
insert into Citizen (idno, title, firstname, lastname, dateofbirth, gender) VALUES (7117, '', 'Schulz', 'Jimmy', '1.1.1968.', 'p');
insert into CandidatesData (idno) VALUES (7117);
insert into PartyMembership (pid, idno) VALUES (4, 7117);
insert into Candidacy (wkid, idno) VALUES (521, 7117);
insert into Landeslistenplatz (llid, idno, position) VALUES (102, 7117, 5);
insert into Citizen (idno, title, firstname, lastname, dateofbirth, gender) VALUES (7118, '', 'Schulz', 'Mathias', '1.1.1980.', 'p');
insert into CandidatesData (idno) VALUES (7118);
insert into PartyMembership (pid, idno) VALUES (10, 7118);
insert into Candidacy (wkid, idno) VALUES (381, 7118);
insert into Landeslistenplatz (llid, idno, position) VALUES (180, 7118, 11);
insert into Citizen (idno, title, firstname, lastname, dateofbirth, gender) VALUES (7119, '', 'Schulz', 'Olaf', '1.1.1958.', 'p');
insert into CandidatesData (idno) VALUES (7119);
insert into PartyMembership (pid, idno) VALUES (32, 7119);
insert into Candidacy (wkid, idno) VALUES (332, 7119);
insert into Landeslistenplatz (llid, idno, position) VALUES (108, 7119, 10);
insert into Citizen (idno, title, firstname, lastname, dateofbirth, gender) VALUES (7120, '', 'Schulz', 'Rudolf Werner', '1.1.1956.', 'p');
insert into CandidatesData (idno) VALUES (7120);
insert into PartyMembership (pid, idno) VALUES (32, 7120);
insert into Landeslistenplatz (llid, idno, position) VALUES (141, 7120, 12);
insert into Citizen (idno, title, firstname, lastname, dateofbirth, gender) VALUES (7121, '', 'Schulz', 'Swen', '1.1.1968.', 'p');
insert into CandidatesData (idno) VALUES (7121);
insert into PartyMembership (pid, idno) VALUES (2, 7121);
insert into Candidacy (wkid, idno) VALUES (377, 7121);
insert into Landeslistenplatz (llid, idno, position) VALUES (179, 7121, 2);
insert into Citizen (idno, title, firstname, lastname, dateofbirth, gender) VALUES (7122, '', 'Schulz-Asche', 'Kordula Anna Paula', '1.1.1956.', 'p');
insert into CandidatesData (idno) VALUES (7122);
insert into PartyMembership (pid, idno) VALUES (5, 7122);
insert into Candidacy (wkid, idno) VALUES (480, 7122);
insert into Landeslistenplatz (llid, idno, position) VALUES (144, 7122, 5);
insert into Citizen (idno, title, firstname, lastname, dateofbirth, gender) VALUES (7123, '', 'Schulze', 'Angelina', '1.1.1984.', 'p');
insert into CandidatesData (idno) VALUES (7123);
insert into PartyMembership (pid, idno) VALUES (1, 7123);
insert into Candidacy (wkid, idno) VALUES (405, 7123);
insert into Citizen (idno, title, firstname, lastname, dateofbirth, gender) VALUES (7124, 'Dr. ', 'Schulze', 'Heiko K. L.', '1.1.1954.', 'p');
insert into CandidatesData (idno) VALUES (7124);
insert into PartyMembership (pid, idno) VALUES (7, 7124);
insert into Landeslistenplatz (llid, idno, position) VALUES (192, 7124, 1);
insert into Citizen (idno, title, firstname, lastname, dateofbirth, gender) VALUES (7125, 'Dr. ', 'Schulze', 'Klaus-Peter', '1.1.1954.', 'p');
insert into CandidatesData (idno) VALUES (7125);
insert into PartyMembership (pid, idno) VALUES (12, 7125);
insert into Candidacy (wkid, idno) VALUES (363, 7125);
insert into Landeslistenplatz (llid, idno, position) VALUES (218, 7125, 7);
insert into Citizen (idno, title, firstname, lastname, dateofbirth, gender) VALUES (7126, '', 'Schulze', 'Karl-Heinz', '1.1.1955.', 'p');
insert into CandidatesData (idno) VALUES (7126);
insert into PartyMembership (pid, idno) VALUES (13, 7126);
insert into Landeslistenplatz (llid, idno, position) VALUES (125, 7126, 5);
insert into Citizen (idno, title, firstname, lastname, dateofbirth, gender) VALUES (7127, 'Prof. Dr. ', 'Schulze', 'Joachim', '1.1.1952.', 'p');
insert into CandidatesData (idno) VALUES (7127);
insert into PartyMembership (pid, idno) VALUES (5, 7127);
insert into Candidacy (wkid, idno) VALUES (456, 7127);
insert into Citizen (idno, title, firstname, lastname, dateofbirth, gender) VALUES (7128, '', 'Schulze', 'Sebastian Richard', '1.1.1976.', 'p');
insert into CandidatesData (idno) VALUES (7128);
insert into PartyMembership (pid, idno) VALUES (33, 7128);
insert into Candidacy (wkid, idno) VALUES (449, 7128);
insert into Citizen (idno, title, firstname, lastname, dateofbirth, gender) VALUES (7129, '', 'Schulze', 'Wolfgang', '1.1.1949.', 'p');
insert into CandidatesData (idno) VALUES (7129);
insert into PartyMembership (pid, idno) VALUES (19, 7129);
insert into Landeslistenplatz (llid, idno, position) VALUES (99, 7129, 7);
insert into Citizen (idno, title, firstname, lastname, dateofbirth, gender) VALUES (7130, 'Dr. ', 'Schulze-Hagen', 'Alfons', '1.1.1952.', 'p');
insert into CandidatesData (idno) VALUES (7130);
insert into PartyMembership (pid, idno) VALUES (12, 7130);
insert into Landeslistenplatz (llid, idno, position) VALUES (105, 7130, 48);
insert into Citizen (idno, title, firstname, lastname, dateofbirth, gender) VALUES (7131, '', 'Schumacher', 'Markus', '1.1.1977.', 'p');
insert into CandidatesData (idno) VALUES (7131);
insert into PartyMembership (pid, idno) VALUES (1, 7131);
insert into Candidacy (wkid, idno) VALUES (440, 7131);
insert into Citizen (idno, title, firstname, lastname, dateofbirth, gender) VALUES (7132, '', 'Schumacher', 'Ulrich', '1.1.1966.', 'p');
insert into CandidatesData (idno) VALUES (7132);
insert into PartyMembership (pid, idno) VALUES (7, 7132);
insert into Candidacy (wkid, idno) VALUES (426, 7132);
insert into Citizen (idno, title, firstname, lastname, dateofbirth, gender) VALUES (7133, '', 'Schumacher', 'Wolfgang', '1.1.1959.', 'p');
insert into CandidatesData (idno) VALUES (7133);
insert into PartyMembership (pid, idno) VALUES (3, 7133);
insert into Candidacy (wkid, idno) VALUES (596, 7133);
insert into Citizen (idno, title, firstname, lastname, dateofbirth, gender) VALUES (7134, '', 'Schumann', 'Claudia Ilse', '1.1.1960.', 'p');
insert into CandidatesData (idno) VALUES (7134);
insert into PartyMembership (pid, idno) VALUES (7, 7134);
insert into Candidacy (wkid, idno) VALUES (345, 7134);
insert into Citizen (idno, title, firstname, lastname, dateofbirth, gender) VALUES (7135, '', 'Schumann', 'Edeltraud', '1.1.1960.', 'p');
insert into CandidatesData (idno) VALUES (7135);
insert into PartyMembership (pid, idno) VALUES (13, 7135);
insert into Landeslistenplatz (llid, idno, position) VALUES (227, 7135, 9);
insert into Citizen (idno, title, firstname, lastname, dateofbirth, gender) VALUES (7136, '', 'Schumann', 'Kai', '1.1.1982.', 'p');
insert into CandidatesData (idno) VALUES (7136);
insert into PartyMembership (pid, idno) VALUES (31, 7136);
insert into Landeslistenplatz (llid, idno, position) VALUES (123, 7136, 2);
insert into Citizen (idno, title, firstname, lastname, dateofbirth, gender) VALUES (7137, '', 'Schummer', 'Uwe', '1.1.1957.', 'p');
insert into CandidatesData (idno) VALUES (7137);
insert into PartyMembership (pid, idno) VALUES (12, 7137);
insert into Candidacy (wkid, idno) VALUES (410, 7137);
insert into Landeslistenplatz (llid, idno, position) VALUES (136, 7137, 43);
insert into Citizen (idno, title, firstname, lastname, dateofbirth, gender) VALUES (7138, '', 'Schunder', 'Günther', '1.1.1953.', 'p');
insert into CandidatesData (idno) VALUES (7138);
insert into PartyMembership (pid, idno) VALUES (32, 7138);
insert into Candidacy (wkid, idno) VALUES (594, 7138);
insert into Landeslistenplatz (llid, idno, position) VALUES (91, 7138, 8);
insert into Citizen (idno, title, firstname, lastname, dateofbirth, gender) VALUES (7139, '', 'Schupeck', 'Anna', '1.1.1984.', 'p');
insert into CandidatesData (idno) VALUES (7139);
insert into PartyMembership (pid, idno) VALUES (33, 7139);
insert into Candidacy (wkid, idno) VALUES (560, 7139);
insert into Landeslistenplatz (llid, idno, position) VALUES (140, 7139, 6);
insert into Citizen (idno, title, firstname, lastname, dateofbirth, gender) VALUES (7140, '', 'Schurer', 'Ewald', '1.1.1954.', 'p');
insert into CandidatesData (idno) VALUES (7140);
insert into PartyMembership (pid, idno) VALUES (2, 7140);
insert into Candidacy (wkid, idno) VALUES (513, 7140);
insert into Landeslistenplatz (llid, idno, position) VALUES (87, 7140, 7);
insert into Citizen (idno, title, firstname, lastname, dateofbirth, gender) VALUES (7141, '', 'Schurig', 'Stephan', '1.1.1984.', 'p');
insert into CandidatesData (idno) VALUES (7141);
insert into PartyMembership (pid, idno) VALUES (7, 7141);
insert into Candidacy (wkid, idno) VALUES (371, 7141);
insert into Landeslistenplatz (llid, idno, position) VALUES (175, 7141, 2);
insert into Citizen (idno, title, firstname, lastname, dateofbirth, gender) VALUES (7142, '', 'Schusser-Backhaus', 'Ellen', '1.1.1956.', 'p');
insert into CandidatesData (idno) VALUES (7142);
insert into PartyMembership (pid, idno) VALUES (12, 7142);
insert into Landeslistenplatz (llid, idno, position) VALUES (88, 7142, 33);
insert into Citizen (idno, title, firstname, lastname, dateofbirth, gender) VALUES (7143, '', 'Schuster', 'Armin', '1.1.1961.', 'p');
insert into CandidatesData (idno) VALUES (7143);
insert into PartyMembership (pid, idno) VALUES (12, 7143);
insert into Candidacy (wkid, idno) VALUES (581, 7143);
insert into Citizen (idno, title, firstname, lastname, dateofbirth, gender) VALUES (7144, '', 'Schuster', 'Marina Walburga', '1.1.1975.', 'p');
insert into CandidatesData (idno) VALUES (7144);
insert into PartyMembership (pid, idno) VALUES (4, 7144);
insert into Candidacy (wkid, idno) VALUES (545, 7144);
insert into Landeslistenplatz (llid, idno, position) VALUES (102, 7144, 4);
insert into Citizen (idno, title, firstname, lastname, dateofbirth, gender) VALUES (7145, 'Dr. ', 'Schwab', 'Martin', '1.1.1967.', 'p');
insert into CandidatesData (idno) VALUES (7145);
insert into PartyMembership (pid, idno) VALUES (36, 7145);
insert into Landeslistenplatz (llid, idno, position) VALUES (160, 7145, 1);
insert into Citizen (idno, title, firstname, lastname, dateofbirth, gender) VALUES (7146, '', 'Schwabe', 'Frank', '1.1.1970.', 'p');
insert into CandidatesData (idno) VALUES (7146);
insert into PartyMembership (pid, idno) VALUES (2, 7146);
insert into Candidacy (wkid, idno) VALUES (420, 7146);
insert into Landeslistenplatz (llid, idno, position) VALUES (73, 7146, 47);
insert into Citizen (idno, title, firstname, lastname, dateofbirth, gender) VALUES (7147, '', 'Schwabe', 'Holger', '1.1.1964.', 'p');
insert into CandidatesData (idno) VALUES (7147);
insert into PartyMembership (pid, idno) VALUES (4, 7147);
insert into Candidacy (wkid, idno) VALUES (385, 7147);
insert into Citizen (idno, title, firstname, lastname, dateofbirth, gender) VALUES (7148, '', 'Schwalb', 'Gisela', '1.1.1959.', 'p');
insert into CandidatesData (idno) VALUES (7148);
insert into PartyMembership (pid, idno) VALUES (13, 7148);
insert into Landeslistenplatz (llid, idno, position) VALUES (96, 7148, 10);
insert into Citizen (idno, title, firstname, lastname, dateofbirth, gender) VALUES (7149, '', 'Schwamen van', 'Jürgen', '1.1.1957.', 'p');
insert into CandidatesData (idno) VALUES (7149);
insert into PartyMembership (pid, idno) VALUES (7, 7149);
insert into Candidacy (wkid, idno) VALUES (434, 7149);
insert into Citizen (idno, title, firstname, lastname, dateofbirth, gender) VALUES (7150, '', 'Schwang', 'Dietrich', '1.1.1948.', 'p');
insert into CandidatesData (idno) VALUES (7150);
insert into PartyMembership (pid, idno) VALUES (13, 7150);
insert into Candidacy (wkid, idno) VALUES (595, 7150);
insert into Landeslistenplatz (llid, idno, position) VALUES (82, 7150, 1);
insert into Citizen (idno, title, firstname, lastname, dateofbirth, gender) VALUES (7151, 'Dr. ', 'Schwanholz', 'Martin', '1.1.1960.', 'p');
insert into CandidatesData (idno) VALUES (7151);
insert into PartyMembership (pid, idno) VALUES (2, 7151);
insert into Candidacy (wkid, idno) VALUES (338, 7151);
insert into Landeslistenplatz (llid, idno, position) VALUES (69, 7151, 28);
insert into Citizen (idno, title, firstname, lastname, dateofbirth, gender) VALUES (7152, '', 'Schwanke', 'Benjamin', '1.1.1982.', 'p');
insert into CandidatesData (idno) VALUES (7152);
insert into PartyMembership (pid, idno) VALUES (4, 7152);
insert into Landeslistenplatz (llid, idno, position) VALUES (100, 7152, 8);
insert into Citizen (idno, title, firstname, lastname, dateofbirth, gender) VALUES (7153, '', 'Schwartze', 'Stefan', '1.1.1974.', 'p');
insert into CandidatesData (idno) VALUES (7153);
insert into PartyMembership (pid, idno) VALUES (2, 7153);
insert into Candidacy (wkid, idno) VALUES (432, 7153);
insert into Landeslistenplatz (llid, idno, position) VALUES (73, 7153, 44);
insert into Citizen (idno, title, firstname, lastname, dateofbirth, gender) VALUES (7154, '', 'Schwarz', 'Andreas', '1.1.1965.', 'p');
insert into CandidatesData (idno) VALUES (7154);
insert into PartyMembership (pid, idno) VALUES (2, 7154);
insert into Candidacy (wkid, idno) VALUES (535, 7154);
insert into Landeslistenplatz (llid, idno, position) VALUES (87, 7154, 19);
insert into Citizen (idno, title, firstname, lastname, dateofbirth, gender) VALUES (7155, '', 'Schwarz', 'Antje', '1.1.1951.', 'p');
insert into CandidatesData (idno) VALUES (7155);
insert into PartyMembership (pid, idno) VALUES (32, 7155);
insert into Landeslistenplatz (llid, idno, position) VALUES (165, 7155, 8);
insert into Citizen (idno, title, firstname, lastname, dateofbirth, gender) VALUES (7156, '', 'Schwarz', 'Christian', '1.1.1978.', 'p');
insert into CandidatesData (idno) VALUES (7156);
insert into PartyMembership (pid, idno) VALUES (7, 7156);
insert into Landeslistenplatz (llid, idno, position) VALUES (48, 7156, 5);
insert into Citizen (idno, title, firstname, lastname, dateofbirth, gender) VALUES (7157, '', 'Schwarz', 'Doris', '1.1.1967.', 'p');
insert into CandidatesData (idno) VALUES (7157);
insert into PartyMembership (pid, idno) VALUES (22, 7157);
insert into Landeslistenplatz (llid, idno, position) VALUES (241, 7157, 3);
insert into Citizen (idno, title, firstname, lastname, dateofbirth, gender) VALUES (7158, 'Dr. ', 'Schwarz', 'Bruno', '1.1.1949.', 'p');
insert into CandidatesData (idno) VALUES (7158);
insert into PartyMembership (pid, idno) VALUES (3, 7158);
insert into Candidacy (wkid, idno) VALUES (487, 7158);
insert into Citizen (idno, title, firstname, lastname, dateofbirth, gender) VALUES (7159, 'Dr. ', 'Schwarz', 'Caroline', '1.1.1971.', 'p');
insert into CandidatesData (idno) VALUES (7159);
insert into PartyMembership (pid, idno) VALUES (15, 7159);
insert into Landeslistenplatz (llid, idno, position) VALUES (55, 7159, 2);
insert into Citizen (idno, title, firstname, lastname, dateofbirth, gender) VALUES (7160, 'Dr. ', 'Schwarz', 'Christian', '1.1.1974.', 'p');
insert into CandidatesData (idno) VALUES (7160);
insert into PartyMembership (pid, idno) VALUES (9, 7160);
insert into Landeslistenplatz (llid, idno, position) VALUES (47, 7160, 55);
insert into Citizen (idno, title, firstname, lastname, dateofbirth, gender) VALUES (7161, '', 'Schwarz', 'Marion', '1.1.1957.', 'p');
insert into CandidatesData (idno) VALUES (7161);
insert into PartyMembership (pid, idno) VALUES (5, 7161);
insert into Landeslistenplatz (llid, idno, position) VALUES (213, 7161, 12);
insert into Citizen (idno, title, firstname, lastname, dateofbirth, gender) VALUES (7162, '', 'Schwarz', 'Thomas Ludwig', '1.1.1970.', 'p');
insert into CandidatesData (idno) VALUES (7162);
insert into PartyMembership (pid, idno) VALUES (3, 7162);
insert into Candidacy (wkid, idno) VALUES (514, 7162);
insert into Landeslistenplatz (llid, idno, position) VALUES (174, 7162, 12);
insert into Citizen (idno, title, firstname, lastname, dateofbirth, gender) VALUES (7163, '', 'Schwarzelühr-Sutter', 'Rita', '1.1.1962.', 'p');
insert into CandidatesData (idno) VALUES (7163);
insert into PartyMembership (pid, idno) VALUES (2, 7163);
insert into Candidacy (wkid, idno) VALUES (587, 7163);
insert into Landeslistenplatz (llid, idno, position) VALUES (76, 7163, 10);
insert into Citizen (idno, title, firstname, lastname, dateofbirth, gender) VALUES (7164, '', 'Schwarzer', 'Andreas', '1.1.1961.', 'p');
insert into CandidatesData (idno) VALUES (7164);
insert into PartyMembership (pid, idno) VALUES (4, 7164);
insert into Candidacy (wkid, idno) VALUES (515, 7164);
insert into Landeslistenplatz (llid, idno, position) VALUES (102, 7164, 40);
insert into Citizen (idno, title, firstname, lastname, dateofbirth, gender) VALUES (7165, '', 'Schwarzer', 'Christina', '1.1.1976.', 'p');
insert into CandidatesData (idno) VALUES (7165);
insert into PartyMembership (pid, idno) VALUES (12, 7165);
insert into Candidacy (wkid, idno) VALUES (381, 7165);
insert into Landeslistenplatz (llid, idno, position) VALUES (117, 7165, 6);
insert into Citizen (idno, title, firstname, lastname, dateofbirth, gender) VALUES (7166, '', 'Schwarzer', 'Frank', '1.1.1974.', 'p');
insert into CandidatesData (idno) VALUES (7166);
insert into PartyMembership (pid, idno) VALUES (3, 7166);
insert into Candidacy (wkid, idno) VALUES (431, 7166);
insert into Citizen (idno, title, firstname, lastname, dateofbirth, gender) VALUES (7167, '', 'Schwede-Oldehus', 'Babett', '1.1.1962.', 'p');
insert into CandidatesData (idno) VALUES (7167);
insert into PartyMembership (pid, idno) VALUES (12, 7167);
insert into Landeslistenplatz (llid, idno, position) VALUES (159, 7167, 14);
insert into Citizen (idno, title, firstname, lastname, dateofbirth, gender) VALUES (7168, '', 'Schwedthelm', 'Christopher Björn', '1.1.1987.', 'p');
insert into CandidatesData (idno) VALUES (7168);
insert into PartyMembership (pid, idno) VALUES (33, 7168);
insert into Landeslistenplatz (llid, idno, position) VALUES (111, 7168, 24);
insert into Citizen (idno, title, firstname, lastname, dateofbirth, gender) VALUES (7169, '', 'Schween', 'Ingrid', '1.1.1963.', 'p');
insert into CandidatesData (idno) VALUES (7169);
insert into PartyMembership (pid, idno) VALUES (3, 7169);
insert into Landeslistenplatz (llid, idno, position) VALUES (95, 7169, 22);
insert into Citizen (idno, title, firstname, lastname, dateofbirth, gender) VALUES (7170, 'Dr. ', 'Schweickert', 'Erik', '1.1.1972.', 'p');
insert into CandidatesData (idno) VALUES (7170);
insert into PartyMembership (pid, idno) VALUES (4, 7170);
insert into Candidacy (wkid, idno) VALUES (578, 7170);
insert into Landeslistenplatz (llid, idno, position) VALUES (51, 7170, 8);
insert into Citizen (idno, title, firstname, lastname, dateofbirth, gender) VALUES (7171, 'Dr. ', 'Schweiger', 'Hermann Josef', '1.1.1954.', 'p');
insert into CandidatesData (idno) VALUES (7171);
insert into PartyMembership (pid, idno) VALUES (36, 7171);
insert into Landeslistenplatz (llid, idno, position) VALUES (121, 7171, 5);
insert into Citizen (idno, title, firstname, lastname, dateofbirth, gender) VALUES (7172, '', 'Schweighöfer', 'Daniel', '1.1.1980.', 'p');
insert into CandidatesData (idno) VALUES (7172);
insert into PartyMembership (pid, idno) VALUES (7, 7172);
insert into Landeslistenplatz (llid, idno, position) VALUES (206, 7172, 12);
insert into Citizen (idno, title, firstname, lastname, dateofbirth, gender) VALUES (7173, '', 'Schweitzer', 'Angelika', '1.1.1949.', 'p');
insert into CandidatesData (idno) VALUES (7173);
insert into PartyMembership (pid, idno) VALUES (13, 7173);
insert into Landeslistenplatz (llid, idno, position) VALUES (34, 7173, 13);
insert into Citizen (idno, title, firstname, lastname, dateofbirth, gender) VALUES (7174, '', 'Schweizer', 'Frank', '1.1.1946.', 'p');
insert into CandidatesData (idno) VALUES (7174);
insert into Candidacy (wkid, idno) VALUES (557, 7174);
insert into Citizen (idno, title, firstname, lastname, dateofbirth, gender) VALUES (7175, '', 'Schweizerhof', 'Sabine Eva Elisabeth', '1.1.1949.', 'p');
insert into CandidatesData (idno) VALUES (7175);
insert into PartyMembership (pid, idno) VALUES (13, 7175);
insert into Landeslistenplatz (llid, idno, position) VALUES (34, 7175, 17);
insert into Citizen (idno, title, firstname, lastname, dateofbirth, gender) VALUES (7176, '', 'Schwenk', 'Axel', '1.1.1964.', 'p');
insert into CandidatesData (idno) VALUES (7176);
insert into PartyMembership (pid, idno) VALUES (7, 7176);
insert into Candidacy (wkid, idno) VALUES (477, 7176);
insert into Citizen (idno, title, firstname, lastname, dateofbirth, gender) VALUES (7177, '', 'Schwerdtfeger', 'Siegfried', '1.1.1973.', 'p');
insert into CandidatesData (idno) VALUES (7177);
insert into PartyMembership (pid, idno) VALUES (1, 7177);
insert into Candidacy (wkid, idno) VALUES (441, 7177);
insert into Citizen (idno, title, firstname, lastname, dateofbirth, gender) VALUES (7178, '', 'Schwertges', 'Heinz Peter', '1.1.1959.', 'p');
insert into CandidatesData (idno) VALUES (7178);
insert into PartyMembership (pid, idno) VALUES (3, 7178);
insert into Candidacy (wkid, idno) VALUES (571, 7178);
insert into Citizen (idno, title, firstname, lastname, dateofbirth, gender) VALUES (7179, '', 'Schwettmann', 'Ole', '1.1.1983.', 'p');
insert into CandidatesData (idno) VALUES (7179);
insert into PartyMembership (pid, idno) VALUES (7, 7179);
insert into Candidacy (wkid, idno) VALUES (333, 7179);
insert into Citizen (idno, title, firstname, lastname, dateofbirth, gender) VALUES (7180, '', 'Sedlmeyer', 'Gunther', '1.1.1958.', 'p');
insert into CandidatesData (idno) VALUES (7180);
insert into PartyMembership (pid, idno) VALUES (15, 7180);
insert into Candidacy (wkid, idno) VALUES (539, 7180);
insert into Citizen (idno, title, firstname, lastname, dateofbirth, gender) VALUES (7181, '', 'Seeger', 'Sabine', '1.1.1984.', 'p');
insert into CandidatesData (idno) VALUES (7181);
insert into PartyMembership (pid, idno) VALUES (12, 7181);
insert into Landeslistenplatz (llid, idno, position) VALUES (105, 7181, 31);
insert into Citizen (idno, title, firstname, lastname, dateofbirth, gender) VALUES (7182, '', 'Seeger', 'Sebastian', '1.1.1981.', 'p');
insert into CandidatesData (idno) VALUES (7182);
insert into PartyMembership (pid, idno) VALUES (7, 7182);
insert into Candidacy (wkid, idno) VALUES (320, 7182);
insert into Landeslistenplatz (llid, idno, position) VALUES (42, 7182, 1);
insert into Citizen (idno, title, firstname, lastname, dateofbirth, gender) VALUES (7183, '', 'Seegers', 'Vera', '1.1.1947.', 'p');
insert into CandidatesData (idno) VALUES (7183);
insert into PartyMembership (pid, idno) VALUES (37, 7183);
insert into Landeslistenplatz (llid, idno, position) VALUES (209, 7183, 1);
insert into Citizen (idno, title, firstname, lastname, dateofbirth, gender) VALUES (7184, '', 'Seeghitz', 'Klaus Jochen', '1.1.1965.', 'p');
insert into CandidatesData (idno) VALUES (7184);
insert into PartyMembership (pid, idno) VALUES (33, 7184);
insert into Landeslistenplatz (llid, idno, position) VALUES (166, 7184, 10);
insert into Citizen (idno, title, firstname, lastname, dateofbirth, gender) VALUES (7185, '', 'Seekatz', 'Ralf', '1.1.1972.', 'p');
insert into CandidatesData (idno) VALUES (7185);
insert into PartyMembership (pid, idno) VALUES (12, 7185);
insert into Landeslistenplatz (llid, idno, position) VALUES (138, 7185, 35);
insert into Citizen (idno, title, firstname, lastname, dateofbirth, gender) VALUES (7186, '', 'Seel', 'Manfred', '1.1.1954.', 'p');
insert into CandidatesData (idno) VALUES (7186);
insert into PartyMembership (pid, idno) VALUES (3, 7186);
insert into Candidacy (wkid, idno) VALUES (553, 7186);
insert into Landeslistenplatz (llid, idno, position) VALUES (174, 7186, 6);
insert into Citizen (idno, title, firstname, lastname, dateofbirth, gender) VALUES (7187, '', 'Seemann', 'Harry Gerhard', '1.1.1955.', 'p');
insert into CandidatesData (idno) VALUES (7187);
insert into Candidacy (wkid, idno) VALUES (428, 7187);
insert into Citizen (idno, title, firstname, lastname, dateofbirth, gender) VALUES (7188, '', 'Seemann', 'Wolfgang', '1.1.1950.', 'p');
insert into CandidatesData (idno) VALUES (7188);
insert into PartyMembership (pid, idno) VALUES (36, 7188);
insert into Candidacy (wkid, idno) VALUES (435, 7188);
insert into Citizen (idno, title, firstname, lastname, dateofbirth, gender) VALUES (7189, '', 'Seemann-Katz', 'Ulrike', '1.1.1955.', 'p');
insert into CandidatesData (idno) VALUES (7189);
insert into PartyMembership (pid, idno) VALUES (5, 7189);
insert into Candidacy (wkid, idno) VALUES (312, 7189);
insert into Landeslistenplatz (llid, idno, position) VALUES (176, 7189, 2);
insert into Citizen (idno, title, firstname, lastname, dateofbirth, gender) VALUES (7190, '', 'Seestern-Pauly', 'Matthias', '1.1.1984.', 'p');
insert into CandidatesData (idno) VALUES (7190);
insert into PartyMembership (pid, idno) VALUES (4, 7190);
insert into Candidacy (wkid, idno) VALUES (337, 7190);
insert into Landeslistenplatz (llid, idno, position) VALUES (127, 7190, 9);
insert into Citizen (idno, title, firstname, lastname, dateofbirth, gender) VALUES (7191, '', 'Seidel', 'Wolfgang', '1.1.1969.', 'p');
insert into CandidatesData (idno) VALUES (7191);
insert into PartyMembership (pid, idno) VALUES (3, 7191);
insert into Candidacy (wkid, idno) VALUES (521, 7191);
insert into Citizen (idno, title, firstname, lastname, dateofbirth, gender) VALUES (7192, '', 'Seidemann', 'Lothar', '1.1.1950.', 'p');
insert into CandidatesData (idno) VALUES (7192);
insert into PartyMembership (pid, idno) VALUES (19, 7192);
insert into Candidacy (wkid, idno) VALUES (579, 7192);
insert into Landeslistenplatz (llid, idno, position) VALUES (182, 7192, 4);
insert into Citizen (idno, title, firstname, lastname, dateofbirth, gender) VALUES (7193, '', 'Seidensticker', 'Lars', '1.1.1973.', 'p');
insert into CandidatesData (idno) VALUES (7193);
insert into PartyMembership (pid, idno) VALUES (37, 7193);
insert into Landeslistenplatz (llid, idno, position) VALUES (235, 7193, 1);
insert into Citizen (idno, title, firstname, lastname, dateofbirth, gender) VALUES (7194, '', 'Seidl', 'Anton', '1.1.1959.', 'p');
insert into CandidatesData (idno) VALUES (7194);
insert into PartyMembership (pid, idno) VALUES (32, 7194);
insert into Landeslistenplatz (llid, idno, position) VALUES (33, 7194, 43);
insert into Citizen (idno, title, firstname, lastname, dateofbirth, gender) VALUES (7195, '', 'Seidl', 'Siegfried Hermann', '1.1.1965.', 'p');
insert into CandidatesData (idno) VALUES (7195);
insert into PartyMembership (pid, idno) VALUES (4, 7195);
insert into Candidacy (wkid, idno) VALUES (529, 7195);
insert into Landeslistenplatz (llid, idno, position) VALUES (102, 7195, 26);
insert into Citizen (idno, title, firstname, lastname, dateofbirth, gender) VALUES (7196, '', 'Seidler', 'Malte-Carsten', '1.1.1978.', 'p');
insert into CandidatesData (idno) VALUES (7196);
insert into PartyMembership (pid, idno) VALUES (7, 7196);
insert into Landeslistenplatz (llid, idno, position) VALUES (192, 7196, 7);
insert into Citizen (idno, title, firstname, lastname, dateofbirth, gender) VALUES (7197, '', 'Seidler', 'Pascal', '1.1.1991.', 'p');
insert into CandidatesData (idno) VALUES (7197);
insert into PartyMembership (pid, idno) VALUES (3, 7197);
insert into Landeslistenplatz (llid, idno, position) VALUES (36, 7197, 12);
insert into Citizen (idno, title, firstname, lastname, dateofbirth, gender) VALUES (7198, '', 'Seif', 'Detlef', '1.1.1962.', 'p');
insert into CandidatesData (idno) VALUES (7198);
insert into PartyMembership (pid, idno) VALUES (12, 7198);
insert into Candidacy (wkid, idno) VALUES (391, 7198);
insert into Landeslistenplatz (llid, idno, position) VALUES (136, 7198, 49);
insert into Citizen (idno, title, firstname, lastname, dateofbirth, gender) VALUES (7199, '', 'Seifen', 'Helmut', '1.1.1953.', 'p');
insert into CandidatesData (idno) VALUES (7199);
insert into PartyMembership (pid, idno) VALUES (33, 7199);
insert into Candidacy (wkid, idno) VALUES (423, 7199);
insert into Citizen (idno, title, firstname, lastname, dateofbirth, gender) VALUES (7200, '', 'Seifert', 'Berthold Konrad', '1.1.1964.', 'p');
insert into CandidatesData (idno) VALUES (7200);
insert into PartyMembership (pid, idno) VALUES (19, 7200);
insert into Landeslistenplatz (llid, idno, position) VALUES (40, 7200, 3);
insert into Citizen (idno, title, firstname, lastname, dateofbirth, gender) VALUES (7201, 'Dr. ', 'Seifert', 'Ilja', '1.1.1951.', 'p');
insert into CandidatesData (idno) VALUES (7201);
insert into PartyMembership (pid, idno) VALUES (3, 7201);
insert into Candidacy (wkid, idno) VALUES (456, 7201);
insert into Landeslistenplatz (llid, idno, position) VALUES (240, 7201, 10);
insert into Citizen (idno, title, firstname, lastname, dateofbirth, gender) VALUES (7202, '', 'Seifert', 'Erich', '1.1.1965.', 'p');
insert into CandidatesData (idno) VALUES (7202);
insert into PartyMembership (pid, idno) VALUES (33, 7202);
insert into Candidacy (wkid, idno) VALUES (354, 7202);
insert into Landeslistenplatz (llid, idno, position) VALUES (253, 7202, 3);
insert into Citizen (idno, title, firstname, lastname, dateofbirth, gender) VALUES (7203, '', 'Seifert', 'Ralf Michael', '1.1.1955.', 'p');
insert into CandidatesData (idno) VALUES (7203);
insert into PartyMembership (pid, idno) VALUES (33, 7203);
insert into Landeslistenplatz (llid, idno, position) VALUES (156, 7203, 11);
insert into Citizen (idno, title, firstname, lastname, dateofbirth, gender) VALUES (7204, '', 'Seiler', 'Priska', '1.1.1962.', 'p');
insert into CandidatesData (idno) VALUES (7204);
insert into PartyMembership (pid, idno) VALUES (12, 7204);
insert into Landeslistenplatz (llid, idno, position) VALUES (105, 7204, 36);
insert into Citizen (idno, title, firstname, lastname, dateofbirth, gender) VALUES (7205, '', 'Seipenbusch', 'Jens', '1.1.1968.', 'p');
insert into CandidatesData (idno) VALUES (7205);
insert into PartyMembership (pid, idno) VALUES (7, 7205);
insert into Landeslistenplatz (llid, idno, position) VALUES (75, 7205, 4);
insert into Citizen (idno, title, firstname, lastname, dateofbirth, gender) VALUES (7206, '', 'Seissiger', 'Ursula', '1.1.1946.', 'p');
insert into CandidatesData (idno) VALUES (7206);
insert into PartyMembership (pid, idno) VALUES (4, 7206);
insert into Candidacy (wkid, idno) VALUES (549, 7206);
insert into Landeslistenplatz (llid, idno, position) VALUES (102, 7206, 44);
insert into Citizen (idno, title, firstname, lastname, dateofbirth, gender) VALUES (7207, '', 'Seitz', 'Jasmin', '1.1.1989.', 'p');
insert into CandidatesData (idno) VALUES (7207);
insert into PartyMembership (pid, idno) VALUES (12, 7207);
insert into Landeslistenplatz (llid, idno, position) VALUES (105, 7207, 33);
insert into Citizen (idno, title, firstname, lastname, dateofbirth, gender) VALUES (7208, '', 'Seitz-Hoffmann', 'Gabriela', '1.1.1952.', 'p');
insert into CandidatesData (idno) VALUES (7208);
insert into PartyMembership (pid, idno) VALUES (5, 7208);
insert into Candidacy (wkid, idno) VALUES (525, 7208);
insert into Landeslistenplatz (llid, idno, position) VALUES (65, 7208, 29);
insert into Citizen (idno, title, firstname, lastname, dateofbirth, gender) VALUES (7209, '', 'Seitzer', 'Albert', '1.1.1954.', 'p');
insert into CandidatesData (idno) VALUES (7209);
insert into PartyMembership (pid, idno) VALUES (36, 7209);
insert into Candidacy (wkid, idno) VALUES (562, 7209);
insert into Citizen (idno, title, firstname, lastname, dateofbirth, gender) VALUES (7210, '', 'Selder-Radke', 'Beate', '1.1.1964.', 'p');
insert into CandidatesData (idno) VALUES (7210);
insert into PartyMembership (pid, idno) VALUES (36, 7210);
insert into Landeslistenplatz (llid, idno, position) VALUES (247, 7210, 2);
insert into Citizen (idno, title, firstname, lastname, dateofbirth, gender) VALUES (7211, '', 'Selig', 'Holger', '1.1.1970.', 'p');
insert into CandidatesData (idno) VALUES (7211);
insert into PartyMembership (pid, idno) VALUES (33, 7211);
insert into Candidacy (wkid, idno) VALUES (412, 7211);
insert into Citizen (idno, title, firstname, lastname, dateofbirth, gender) VALUES (7212, '', 'Selle', 'Johannes', '1.1.1956.', 'p');
insert into CandidatesData (idno) VALUES (7212);
insert into PartyMembership (pid, idno) VALUES (12, 7212);
insert into Candidacy (wkid, idno) VALUES (490, 7212);
insert into Landeslistenplatz (llid, idno, position) VALUES (212, 7212, 7);
insert into Citizen (idno, title, firstname, lastname, dateofbirth, gender) VALUES (7213, '', 'Semmler', 'Diego', '1.1.1986.', 'p');
insert into CandidatesData (idno) VALUES (7213);
insert into PartyMembership (pid, idno) VALUES (32, 7213);
insert into Landeslistenplatz (llid, idno, position) VALUES (141, 7213, 14);
insert into Citizen (idno, title, firstname, lastname, dateofbirth, gender) VALUES (7214, '', 'Semmler', 'Georg', '1.1.1982.', 'p');
insert into CandidatesData (idno) VALUES (7214);
insert into PartyMembership (pid, idno) VALUES (35, 7214);
insert into Candidacy (wkid, idno) VALUES (508, 7214);
insert into Landeslistenplatz (llid, idno, position) VALUES (199, 7214, 3);
insert into Citizen (idno, title, firstname, lastname, dateofbirth, gender) VALUES (7215, '', 'Semrau', 'Björn Niklas', '1.1.1978.', 'p');
insert into CandidatesData (idno) VALUES (7215);
insert into PartyMembership (pid, idno) VALUES (7, 7215);
insert into Candidacy (wkid, idno) VALUES (485, 7215);
insert into Landeslistenplatz (llid, idno, position) VALUES (113, 7215, 4);
insert into Citizen (idno, title, firstname, lastname, dateofbirth, gender) VALUES (7216, '', 'Sendker', 'Reinhold Max', '1.1.1952.', 'p');
insert into CandidatesData (idno) VALUES (7216);
insert into PartyMembership (pid, idno) VALUES (12, 7216);
insert into Candidacy (wkid, idno) VALUES (429, 7216);
insert into Citizen (idno, title, firstname, lastname, dateofbirth, gender) VALUES (7217, '', 'Senftleben', 'Mieke', '1.1.1952.', 'p');
insert into CandidatesData (idno) VALUES (7217);
insert into PartyMembership (pid, idno) VALUES (4, 7217);
insert into Candidacy (wkid, idno) VALUES (376, 7217);
insert into Citizen (idno, title, firstname, lastname, dateofbirth, gender) VALUES (7218, '', 'Senger-Schäfer', 'Kathrin', '1.1.1962.', 'p');
insert into CandidatesData (idno) VALUES (7218);
insert into PartyMembership (pid, idno) VALUES (3, 7218);
insert into Candidacy (wkid, idno) VALUES (505, 7218);
insert into Citizen (idno, title, firstname, lastname, dateofbirth, gender) VALUES (7219, '', 'Sensburg', 'Patrick Ernst Hermann', '1.1.1971.', 'p');
insert into CandidatesData (idno) VALUES (7219);
insert into PartyMembership (pid, idno) VALUES (12, 7219);
insert into Candidacy (wkid, idno) VALUES (446, 7219);
insert into Citizen (idno, title, firstname, lastname, dateofbirth, gender) VALUES (7220, '', 'Serbser', 'Henriette', '1.1.1981.', 'p');
insert into CandidatesData (idno) VALUES (7220);
insert into PartyMembership (pid, idno) VALUES (31, 7220);
insert into Landeslistenplatz (llid, idno, position) VALUES (28, 7220, 7);
insert into Citizen (idno, title, firstname, lastname, dateofbirth, gender) VALUES (7221, '', 'Servas', 'Claudia Irina', '1.1.1959.', 'p');
insert into CandidatesData (idno) VALUES (7221);
insert into PartyMembership (pid, idno) VALUES (2, 7221);
insert into Landeslistenplatz (llid, idno, position) VALUES (77, 7221, 7);
insert into Citizen (idno, title, firstname, lastname, dateofbirth, gender) VALUES (7222, '', 'Serway', 'Wolfgang', '1.1.1948.', 'p');
insert into CandidatesData (idno) VALUES (7222);
insert into PartyMembership (pid, idno) VALUES (13, 7222);
insert into Landeslistenplatz (llid, idno, position) VALUES (96, 7222, 17);
insert into Citizen (idno, title, firstname, lastname, dateofbirth, gender) VALUES (7223, '', 'Seyffahrt', 'Miriam', '1.1.1986.', 'p');
insert into CandidatesData (idno) VALUES (7223);
insert into PartyMembership (pid, idno) VALUES (7, 7223);
insert into Landeslistenplatz (llid, idno, position) VALUES (206, 7223, 2);
insert into Citizen (idno, title, firstname, lastname, dateofbirth, gender) VALUES (7224, '', 'Sharma', 'Raju', '1.1.1964.', 'p');
insert into CandidatesData (idno) VALUES (7224);
insert into PartyMembership (pid, idno) VALUES (3, 7224);
insert into Candidacy (wkid, idno) VALUES (304, 7224);
insert into Citizen (idno, title, firstname, lastname, dateofbirth, gender) VALUES (7225, 'Dr. ', 'Siebe', 'Michaele', '1.1.1960.', 'p');
insert into CandidatesData (idno) VALUES (7225);
insert into PartyMembership (pid, idno) VALUES (3, 7225);
insert into Candidacy (wkid, idno) VALUES (525, 7225);
insert into Landeslistenplatz (llid, idno, position) VALUES (174, 7225, 17);
insert into Citizen (idno, title, firstname, lastname, dateofbirth, gender) VALUES (7226, '', 'Sieber', 'Andrea', '1.1.1977.', 'p');
insert into CandidatesData (idno) VALUES (7226);
insert into PartyMembership (pid, idno) VALUES (5, 7226);
insert into Candidacy (wkid, idno) VALUES (563, 7226);
insert into Landeslistenplatz (llid, idno, position) VALUES (61, 7226, 25);
insert into Citizen (idno, title, firstname, lastname, dateofbirth, gender) VALUES (7227, '', 'Siebert', 'Bernd', '1.1.1949.', 'p');
insert into CandidatesData (idno) VALUES (7227);
insert into PartyMembership (pid, idno) VALUES (12, 7227);
insert into Candidacy (wkid, idno) VALUES (469, 7227);
insert into Landeslistenplatz (llid, idno, position) VALUES (88, 7227, 4);
insert into Citizen (idno, title, firstname, lastname, dateofbirth, gender) VALUES (7228, '', 'Sieg', 'Andre', '1.1.1963.', 'p');
insert into CandidatesData (idno) VALUES (7228);
insert into PartyMembership (pid, idno) VALUES (37, 7228);
insert into Landeslistenplatz (llid, idno, position) VALUES (248, 7228, 1);
insert into Citizen (idno, title, firstname, lastname, dateofbirth, gender) VALUES (7229, '', 'Sieg', 'Monika', '1.1.1946.', 'p');
insert into CandidatesData (idno) VALUES (7229);
insert into PartyMembership (pid, idno) VALUES (33, 7229);
insert into Landeslistenplatz (llid, idno, position) VALUES (63, 7229, 18);
insert into Citizen (idno, title, firstname, lastname, dateofbirth, gender) VALUES (7230, '', 'Siegert', 'Günther', '1.1.1947.', 'p');
insert into CandidatesData (idno) VALUES (7230);
insert into PartyMembership (pid, idno) VALUES (33, 7230);
insert into Candidacy (wkid, idno) VALUES (319, 7230);
insert into Citizen (idno, title, firstname, lastname, dateofbirth, gender) VALUES (7231, '', 'Sieh', 'Oliver', '1.1.1962.', 'p');
insert into CandidatesData (idno) VALUES (7231);
insert into PartyMembership (pid, idno) VALUES (33, 7231);
insert into Landeslistenplatz (llid, idno, position) VALUES (63, 7231, 9);
insert into Citizen (idno, title, firstname, lastname, dateofbirth, gender) VALUES (7232, 'Dr. ', 'Sieling', 'Carsten Günter Erich', '1.1.1959.', 'p');
insert into CandidatesData (idno) VALUES (7232);
insert into PartyMembership (pid, idno) VALUES (2, 7232);
insert into Candidacy (wkid, idno) VALUES (353, 7232);
insert into Landeslistenplatz (llid, idno, position) VALUES (126, 7232, 1);
insert into Citizen (idno, title, firstname, lastname, dateofbirth, gender) VALUES (7233, '', 'Siemiatkowski', 'Armin', '1.1.1993.', 'p');
insert into CandidatesData (idno) VALUES (7233);
insert into PartyMembership (pid, idno) VALUES (35, 7233);
insert into Landeslistenplatz (llid, idno, position) VALUES (46, 7233, 13);
insert into Citizen (idno, title, firstname, lastname, dateofbirth, gender) VALUES (7234, '', 'Siemsglüß', 'Helmut', '1.1.1960.', 'p');
insert into CandidatesData (idno) VALUES (7234);
insert into PartyMembership (pid, idno) VALUES (31, 7234);
insert into Landeslistenplatz (llid, idno, position) VALUES (123, 7234, 22);
insert into Citizen (idno, title, firstname, lastname, dateofbirth, gender) VALUES (7235, '', 'Sieratzki', 'Rocco', '1.1.1987.', 'p');
insert into CandidatesData (idno) VALUES (7235);
insert into PartyMembership (pid, idno) VALUES (10, 7235);
insert into Landeslistenplatz (llid, idno, position) VALUES (177, 7235, 8);
insert into Citizen (idno, title, firstname, lastname, dateofbirth, gender) VALUES (7236, '', 'Siercke', 'Astrid', '1.1.1963.', 'p');
insert into CandidatesData (idno) VALUES (7236);
insert into PartyMembership (pid, idno) VALUES (4, 7236);
insert into Landeslistenplatz (llid, idno, position) VALUES (100, 7236, 4);
insert into Citizen (idno, title, firstname, lastname, dateofbirth, gender) VALUES (7237, '', 'Siggel', 'Benjamin Magnus', '1.1.1986.', 'p');
insert into CandidatesData (idno) VALUES (7237);
insert into PartyMembership (pid, idno) VALUES (7, 7237);
insert into Landeslistenplatz (llid, idno, position) VALUES (94, 7237, 6);
insert into Citizen (idno, title, firstname, lastname, dateofbirth, gender) VALUES (7238, '', 'Siggelkow', 'Fabian Tobias', '1.1.1984.', 'p');
insert into CandidatesData (idno) VALUES (7238);
insert into PartyMembership (pid, idno) VALUES (31, 7238);
insert into Landeslistenplatz (llid, idno, position) VALUES (139, 7238, 3);
insert into Citizen (idno, title, firstname, lastname, dateofbirth, gender) VALUES (7239, '', 'Silberhorn', 'Gottfried Walter', '1.1.1955.', 'p');
insert into CandidatesData (idno) VALUES (7239);
insert into PartyMembership (pid, idno) VALUES (29, 7239);
insert into Landeslistenplatz (llid, idno, position) VALUES (31, 7239, 36);
insert into Citizen (idno, title, firstname, lastname, dateofbirth, gender) VALUES (7240, '', 'Silberhorn', 'Thomas', '1.1.1968.', 'p');
insert into CandidatesData (idno) VALUES (7240);
insert into PartyMembership (pid, idno) VALUES (9, 7240);
insert into Candidacy (wkid, idno) VALUES (535, 7240);
insert into Citizen (idno, title, firstname, lastname, dateofbirth, gender) VALUES (7241, '', 'Simbeck', 'Florian', '1.1.1971.', 'p');
insert into CandidatesData (idno) VALUES (7241);
insert into PartyMembership (pid, idno) VALUES (2, 7241);
insert into Candidacy (wkid, idno) VALUES (514, 7241);
insert into Landeslistenplatz (llid, idno, position) VALUES (87, 7241, 42);
insert into Citizen (idno, title, firstname, lastname, dateofbirth, gender) VALUES (7242, '', 'Simmling', 'Werner', '1.1.1944.', 'p');
insert into CandidatesData (idno) VALUES (7242);
insert into PartyMembership (pid, idno) VALUES (4, 7242);
insert into Candidacy (wkid, idno) VALUES (562, 7242);
insert into Landeslistenplatz (llid, idno, position) VALUES (51, 7242, 24);
insert into Citizen (idno, title, firstname, lastname, dateofbirth, gender) VALUES (7243, '', 'Simon', 'Hasso Carl-Wilhelm', '1.1.1947.', 'p');
insert into CandidatesData (idno) VALUES (7243);
insert into PartyMembership (pid, idno) VALUES (33, 7243);
insert into Candidacy (wkid, idno) VALUES (448, 7243);
insert into Citizen (idno, title, firstname, lastname, dateofbirth, gender) VALUES (7244, '', 'Simon', 'Marcel', '1.1.1989.', 'p');
insert into CandidatesData (idno) VALUES (7244);
insert into PartyMembership (pid, idno) VALUES (35, 7244);
insert into Landeslistenplatz (llid, idno, position) VALUES (46, 7244, 9);
insert into Citizen (idno, title, firstname, lastname, dateofbirth, gender) VALUES (7245, '', 'Singhammer', 'Johannes', '1.1.1953.', 'p');
insert into CandidatesData (idno) VALUES (7245);
insert into PartyMembership (pid, idno) VALUES (9, 7245);
insert into Candidacy (wkid, idno) VALUES (517, 7245);
insert into Landeslistenplatz (llid, idno, position) VALUES (47, 7245, 7);
insert into Citizen (idno, title, firstname, lastname, dateofbirth, gender) VALUES (7246, '', 'Sippel', 'Oliver', '1.1.1978.', 'p');
insert into CandidatesData (idno) VALUES (7246);
insert into PartyMembership (pid, idno) VALUES (7, 7246);
insert into Candidacy (wkid, idno) VALUES (301, 7246);
insert into Landeslistenplatz (llid, idno, position) VALUES (192, 7246, 3);
insert into Citizen (idno, title, firstname, lastname, dateofbirth, gender) VALUES (7247, '', 'Sippel', 'Wolf-Rüdiger', '1.1.1955.', 'p');
insert into CandidatesData (idno) VALUES (7247);
insert into PartyMembership (pid, idno) VALUES (37, 7247);
insert into Landeslistenplatz (llid, idno, position) VALUES (194, 7247, 4);
insert into Citizen (idno, title, firstname, lastname, dateofbirth, gender) VALUES (7248, 'Dr. ', 'Sitte', 'Petra', '1.1.1960.', 'p');
insert into CandidatesData (idno) VALUES (7248);
insert into PartyMembership (pid, idno) VALUES (3, 7248);
insert into Candidacy (wkid, idno) VALUES (371, 7248);
insert into Landeslistenplatz (llid, idno, position) VALUES (197, 7248, 1);
insert into Citizen (idno, title, firstname, lastname, dateofbirth, gender) VALUES (7249, '', 'Skoda', 'Vladimir', '1.1.1948.', 'p');
insert into CandidatesData (idno) VALUES (7249);
insert into PartyMembership (pid, idno) VALUES (33, 7249);
insert into Candidacy (wkid, idno) VALUES (397, 7249);
insert into Citizen (idno, title, firstname, lastname, dateofbirth, gender) VALUES (7250, '', 'Skudelny', 'Judith', '1.1.1975.', 'p');
insert into CandidatesData (idno) VALUES (7250);
insert into PartyMembership (pid, idno) VALUES (4, 7250);
insert into Candidacy (wkid, idno) VALUES (557, 7250);
insert into Landeslistenplatz (llid, idno, position) VALUES (51, 7250, 6);
insert into Citizen (idno, title, firstname, lastname, dateofbirth, gender) VALUES (7251, '', 'Sladek', 'Sven', '1.1.1970.', 'p');
insert into CandidatesData (idno) VALUES (7251);
insert into PartyMembership (pid, idno) VALUES (7, 7251);
insert into Candidacy (wkid, idno) VALUES (445, 7251);
insert into Citizen (idno, title, firstname, lastname, dateofbirth, gender) VALUES (7252, '', 'Slave', 'Günter Paul', '1.1.1955.', 'p');
insert into CandidatesData (idno) VALUES (7252);
insert into PartyMembership (pid, idno) VALUES (13, 7252);
insert into Candidacy (wkid, idno) VALUES (459, 7252);
insert into Landeslistenplatz (llid, idno, position) VALUES (233, 7252, 1);
insert into Citizen (idno, title, firstname, lastname, dateofbirth, gender) VALUES (7253, '', 'Slobidnyk', 'Michael', '1.1.1965.', 'p');
insert into CandidatesData (idno) VALUES (7253);
insert into PartyMembership (pid, idno) VALUES (7, 7253);
insert into Candidacy (wkid, idno) VALUES (313, 7253);
insert into Citizen (idno, title, firstname, lastname, dateofbirth, gender) VALUES (7254, '', 'Snelinski', 'Oliver', '1.1.1980.', 'p');
insert into CandidatesData (idno) VALUES (7254);
insert into Candidacy (wkid, idno) VALUES (385, 7254);
insert into Citizen (idno, title, firstname, lastname, dateofbirth, gender) VALUES (7255, '', 'Söllner', 'Eva', '1.1.1960.', 'p');
insert into CandidatesData (idno) VALUES (7255);
insert into PartyMembership (pid, idno) VALUES (12, 7255);
insert into Landeslistenplatz (llid, idno, position) VALUES (88, 7255, 37);
insert into Citizen (idno, title, firstname, lastname, dateofbirth, gender) VALUES (7256, '', 'Söllner', 'Karl', '1.1.1956.', 'p');
insert into CandidatesData (idno) VALUES (7256);
insert into PartyMembership (pid, idno) VALUES (2, 7256);
insert into Candidacy (wkid, idno) VALUES (532, 7256);
insert into Landeslistenplatz (llid, idno, position) VALUES (87, 7256, 25);
insert into Citizen (idno, title, firstname, lastname, dateofbirth, gender) VALUES (7257, '', 'Sölter', 'Nicolas', '1.1.1988.', 'p');
insert into CandidatesData (idno) VALUES (7257);
insert into PartyMembership (pid, idno) VALUES (12, 7257);
insert into Landeslistenplatz (llid, idno, position) VALUES (159, 7257, 29);
insert into Citizen (idno, title, firstname, lastname, dateofbirth, gender) VALUES (7258, '', 'Sönksen', 'Harm', '1.1.1978.', 'p');
insert into CandidatesData (idno) VALUES (7258);
insert into PartyMembership (pid, idno) VALUES (5, 7258);
insert into Landeslistenplatz (llid, idno, position) VALUES (213, 7258, 14);
insert into Citizen (idno, title, firstname, lastname, dateofbirth, gender) VALUES (7259, '', 'Sörensen', 'Lennart', '1.1.1995.', 'p');
insert into CandidatesData (idno) VALUES (7259);
insert into PartyMembership (pid, idno) VALUES (31, 7259);
insert into Landeslistenplatz (llid, idno, position) VALUES (139, 7259, 6);
insert into Citizen (idno, title, firstname, lastname, dateofbirth, gender) VALUES (7260, '', 'Sokolowski', 'Thomas', '1.1.1966.', 'p');
insert into CandidatesData (idno) VALUES (7260);
insert into PartyMembership (pid, idno) VALUES (7, 7260);
insert into Landeslistenplatz (llid, idno, position) VALUES (94, 7260, 16);
insert into Citizen (idno, title, firstname, lastname, dateofbirth, gender) VALUES (7261, 'Dr. ', 'Solms-Hohensolms-Lich Prinz zu', 'Hermann Otto', '1.1.1940.', 'p');
insert into CandidatesData (idno) VALUES (7261);
insert into PartyMembership (pid, idno) VALUES (4, 7261);
insert into Candidacy (wkid, idno) VALUES (472, 7261);
insert into Landeslistenplatz (llid, idno, position) VALUES (116, 7261, 39);
insert into Citizen (idno, title, firstname, lastname, dateofbirth, gender) VALUES (7262, '', 'Soltau', 'Uwe', '1.1.1958.', 'p');
insert into CandidatesData (idno) VALUES (7262);
insert into PartyMembership (pid, idno) VALUES (33, 7262);
insert into Landeslistenplatz (llid, idno, position) VALUES (80, 7262, 25);
insert into Citizen (idno, title, firstname, lastname, dateofbirth, gender) VALUES (7263, '', 'Sommer', 'Klaus Dieter', '1.1.1947.', 'p');
insert into CandidatesData (idno) VALUES (7263);
insert into PartyMembership (pid, idno) VALUES (32, 7263);
insert into Landeslistenplatz (llid, idno, position) VALUES (141, 7263, 15);
insert into Citizen (idno, title, firstname, lastname, dateofbirth, gender) VALUES (7264, '', 'Sommer', 'Theodor Heinrich', '1.1.1960.', 'p');
insert into CandidatesData (idno) VALUES (7264);
insert into PartyMembership (pid, idno) VALUES (32, 7264);
insert into Candidacy (wkid, idno) VALUES (352, 7264);
insert into Landeslistenplatz (llid, idno, position) VALUES (108, 7264, 3);
insert into Citizen (idno, title, firstname, lastname, dateofbirth, gender) VALUES (7265, '', 'Sommerfeld', 'Klaus Jürgen', '1.1.1956.', 'p');
insert into CandidatesData (idno) VALUES (7265);
insert into PartyMembership (pid, idno) VALUES (7, 7265);
insert into Candidacy (wkid, idno) VALUES (490, 7265);
insert into Landeslistenplatz (llid, idno, position) VALUES (45, 7265, 7);
insert into Citizen (idno, title, firstname, lastname, dateofbirth, gender) VALUES (7266, '', 'Sondermann', 'Norbert', '1.1.1966.', 'p');
insert into CandidatesData (idno) VALUES (7266);
insert into PartyMembership (pid, idno) VALUES (5, 7266);
insert into Candidacy (wkid, idno) VALUES (488, 7266);
insert into Citizen (idno, title, firstname, lastname, dateofbirth, gender) VALUES (7267, '', 'Sonnenberg-Westeson', 'Christoph', '1.1.1969.', 'p');
insert into CandidatesData (idno) VALUES (7267);
insert into PartyMembership (pid, idno) VALUES (5, 7267);
insert into Candidacy (wkid, idno) VALUES (377, 7267);
insert into Citizen (idno, title, firstname, lastname, dateofbirth, gender) VALUES (7268, 'Dr. ', 'Sonnenborn', 'Wolfgang', '1.1.1962.', 'p');
insert into CandidatesData (idno) VALUES (7268);
insert into PartyMembership (pid, idno) VALUES (33, 7268);
insert into Candidacy (wkid, idno) VALUES (447, 7268);
insert into Citizen (idno, title, firstname, lastname, dateofbirth, gender) VALUES (7269, '', 'Sonntag', 'Michael', '1.1.1954.', 'p');
insert into CandidatesData (idno) VALUES (7269);
insert into PartyMembership (pid, idno) VALUES (31, 7269);
insert into Landeslistenplatz (llid, idno, position) VALUES (28, 7269, 39);
insert into Citizen (idno, title, firstname, lastname, dateofbirth, gender) VALUES (7270, '', 'Sonntag', 'Sandra', '1.1.1974.', 'p');
insert into CandidatesData (idno) VALUES (7270);
insert into PartyMembership (pid, idno) VALUES (4, 7270);
insert into Candidacy (wkid, idno) VALUES (524, 7270);
insert into Landeslistenplatz (llid, idno, position) VALUES (102, 7270, 15);
insert into Citizen (idno, title, firstname, lastname, dateofbirth, gender) VALUES (7271, '', 'Sorge', 'Tino', '1.1.1975.', 'p');
insert into CandidatesData (idno) VALUES (7271);
insert into PartyMembership (pid, idno) VALUES (12, 7271);
insert into Candidacy (wkid, idno) VALUES (368, 7271);
insert into Landeslistenplatz (llid, idno, position) VALUES (131, 7271, 8);
insert into Citizen (idno, title, firstname, lastname, dateofbirth, gender) VALUES (7272, '', 'Späth', 'Alois', '1.1.1937.', 'p');
insert into CandidatesData (idno) VALUES (7272);
insert into PartyMembership (pid, idno) VALUES (15, 7272);
insert into Candidacy (wkid, idno) VALUES (533, 7272);
insert into Citizen (idno, title, firstname, lastname, dateofbirth, gender) VALUES (7273, '', 'Spahn', 'Barbara', '1.1.1954.', 'p');
insert into CandidatesData (idno) VALUES (7273);
insert into PartyMembership (pid, idno) VALUES (10, 7273);
insert into Candidacy (wkid, idno) VALUES (505, 7273);
insert into Citizen (idno, title, firstname, lastname, dateofbirth, gender) VALUES (7274, '', 'Spahn', 'Jens', '1.1.1980.', 'p');
insert into CandidatesData (idno) VALUES (7274);
insert into PartyMembership (pid, idno) VALUES (12, 7274);
insert into Candidacy (wkid, idno) VALUES (423, 7274);
insert into Citizen (idno, title, firstname, lastname, dateofbirth, gender) VALUES (7275, '', 'Sparrer', 'Otto', '1.1.1951.', 'p');
insert into CandidatesData (idno) VALUES (7275);
insert into PartyMembership (pid, idno) VALUES (32, 7275);
insert into Candidacy (wkid, idno) VALUES (540, 7275);
insert into Landeslistenplatz (llid, idno, position) VALUES (33, 7275, 19);
insert into Citizen (idno, title, firstname, lastname, dateofbirth, gender) VALUES (7276, '', 'Spath', 'Peter', '1.1.1960.', 'p');
insert into CandidatesData (idno) VALUES (7276);
insert into PartyMembership (pid, idno) VALUES (36, 7276);
insert into Candidacy (wkid, idno) VALUES (549, 7276);
insert into Landeslistenplatz (llid, idno, position) VALUES (121, 7276, 25);
insert into Citizen (idno, title, firstname, lastname, dateofbirth, gender) VALUES (7277, '', 'Spatz', 'Joachim', '1.1.1964.', 'p');
insert into CandidatesData (idno) VALUES (7277);
insert into PartyMembership (pid, idno) VALUES (4, 7277);
insert into Candidacy (wkid, idno) VALUES (550, 7277);
insert into Landeslistenplatz (llid, idno, position) VALUES (102, 7277, 9);
insert into Citizen (idno, title, firstname, lastname, dateofbirth, gender) VALUES (7278, '', 'Speck', 'Jochen', '1.1.1980.', 'p');
insert into CandidatesData (idno) VALUES (7278);
insert into PartyMembership (pid, idno) VALUES (35, 7278);
insert into Landeslistenplatz (llid, idno, position) VALUES (66, 7278, 8);
insert into Citizen (idno, title, firstname, lastname, dateofbirth, gender) VALUES (7279, '', 'Specker', 'Konrad', '1.1.1972.', 'p');
insert into CandidatesData (idno) VALUES (7279);
insert into PartyMembership (pid, idno) VALUES (32, 7279);
insert into Candidacy (wkid, idno) VALUES (523, 7279);
insert into Landeslistenplatz (llid, idno, position) VALUES (33, 7279, 10);
insert into Citizen (idno, title, firstname, lastname, dateofbirth, gender) VALUES (7280, '', 'Spee Graf von', 'Friedrich', '1.1.1982.', 'p');
insert into CandidatesData (idno) VALUES (7280);
insert into PartyMembership (pid, idno) VALUES (33, 7280);
insert into Landeslistenplatz (llid, idno, position) VALUES (140, 7280, 14);
insert into Citizen (idno, title, firstname, lastname, dateofbirth, gender) VALUES (7281, '', 'Speichert', 'Horst', '1.1.1967.', 'p');
insert into CandidatesData (idno) VALUES (7281);
insert into PartyMembership (pid, idno) VALUES (33, 7281);
insert into Candidacy (wkid, idno) VALUES (589, 7281);
insert into Citizen (idno, title, firstname, lastname, dateofbirth, gender) VALUES (7282, '', 'Spiczak-Brzezinski von', 'Anna', '1.1.1986.', 'p');
insert into CandidatesData (idno) VALUES (7282);
insert into PartyMembership (pid, idno) VALUES (5, 7282);
insert into Candidacy (wkid, idno) VALUES (414, 7282);
insert into Landeslistenplatz (llid, idno, position) VALUES (83, 7282, 27);
insert into Citizen (idno, title, firstname, lastname, dateofbirth, gender) VALUES (7283, '', 'Spieker', 'Wilk', '1.1.1967.', 'p');
insert into CandidatesData (idno) VALUES (7283);
insert into PartyMembership (pid, idno) VALUES (7, 7283);
insert into Candidacy (wkid, idno) VALUES (435, 7283);
insert into Citizen (idno, title, firstname, lastname, dateofbirth, gender) VALUES (7284, '', 'Spiering', 'Rainer', '1.1.1956.', 'p');
insert into CandidatesData (idno) VALUES (7284);
insert into PartyMembership (pid, idno) VALUES (2, 7284);
insert into Candidacy (wkid, idno) VALUES (337, 7284);
insert into Landeslistenplatz (llid, idno, position) VALUES (69, 7284, 7);
insert into Citizen (idno, title, firstname, lastname, dateofbirth, gender) VALUES (7285, '', 'Spinrath', 'Norbert', '1.1.1957.', 'p');
insert into CandidatesData (idno) VALUES (7285);
insert into PartyMembership (pid, idno) VALUES (2, 7285);
insert into Candidacy (wkid, idno) VALUES (388, 7285);
insert into Landeslistenplatz (llid, idno, position) VALUES (73, 7285, 23);
insert into Citizen (idno, title, firstname, lastname, dateofbirth, gender) VALUES (7286, '', 'Spitz', 'Malte Johannes', '1.1.1984.', 'p');
insert into CandidatesData (idno) VALUES (7286);
insert into PartyMembership (pid, idno) VALUES (5, 7286);
insert into Candidacy (wkid, idno) VALUES (443, 7286);
insert into Landeslistenplatz (llid, idno, position) VALUES (83, 7286, 16);
insert into Citizen (idno, title, firstname, lastname, dateofbirth, gender) VALUES (7287, '', 'Spitz', 'Rolf', '1.1.1960.', 'p');
insert into CandidatesData (idno) VALUES (7287);
insert into PartyMembership (pid, idno) VALUES (2, 7287);
insert into Candidacy (wkid, idno) VALUES (556, 7287);
insert into Landeslistenplatz (llid, idno, position) VALUES (87, 7287, 43);
insert into Citizen (idno, title, firstname, lastname, dateofbirth, gender) VALUES (7288, '', 'Sponbrucker', 'Markus Sebastian', '1.1.1970.', 'p');
insert into CandidatesData (idno) VALUES (7288);
insert into PartyMembership (pid, idno) VALUES (4, 7288);
insert into Candidacy (wkid, idno) VALUES (527, 7288);
insert into Landeslistenplatz (llid, idno, position) VALUES (102, 7288, 43);
insert into Citizen (idno, title, firstname, lastname, dateofbirth, gender) VALUES (7289, '', 'Sponfeldner', 'Georg', '1.1.1977.', 'p');
insert into CandidatesData (idno) VALUES (7289);
insert into PartyMembership (pid, idno) VALUES (32, 7289);
insert into Candidacy (wkid, idno) VALUES (351, 7289);
insert into Landeslistenplatz (llid, idno, position) VALUES (108, 7289, 11);
insert into Citizen (idno, title, firstname, lastname, dateofbirth, gender) VALUES (7290, '', 'Spranger', 'Iris', '1.1.1961.', 'p');
insert into CandidatesData (idno) VALUES (7290);
insert into PartyMembership (pid, idno) VALUES (2, 7290);
insert into Candidacy (wkid, idno) VALUES (384, 7290);
insert into Citizen (idno, title, firstname, lastname, dateofbirth, gender) VALUES (7291, '', 'Sprodowski', 'Heinz Günter', '1.1.1930.', 'p');
insert into CandidatesData (idno) VALUES (7291);
insert into PartyMembership (pid, idno) VALUES (39, 7291);
insert into Landeslistenplatz (llid, idno, position) VALUES (112, 7291, 2);
insert into Citizen (idno, title, firstname, lastname, dateofbirth, gender) VALUES (7292, '', 'Stachon', 'Mike George', '1.1.1993.', 'p');
insert into CandidatesData (idno) VALUES (7292);
insert into PartyMembership (pid, idno) VALUES (31, 7292);
insert into Landeslistenplatz (llid, idno, position) VALUES (123, 7292, 26);
insert into Citizen (idno, title, firstname, lastname, dateofbirth, gender) VALUES (7293, '', 'Stadie', 'Matthias', '1.1.1976.', 'p');
insert into CandidatesData (idno) VALUES (7293);
insert into PartyMembership (pid, idno) VALUES (19, 7293);
insert into Landeslistenplatz (llid, idno, position) VALUES (228, 7293, 1);
insert into Citizen (idno, title, firstname, lastname, dateofbirth, gender) VALUES (7294, '', 'Stadler', 'Georg Rudolf', '1.1.1987.', 'p');
insert into CandidatesData (idno) VALUES (7294);
insert into PartyMembership (pid, idno) VALUES (32, 7294);
insert into Landeslistenplatz (llid, idno, position) VALUES (33, 7294, 33);
insert into Citizen (idno, title, firstname, lastname, dateofbirth, gender) VALUES (7295, '', 'Stadler', 'Nicole', '1.1.1959.', 'p');
insert into CandidatesData (idno) VALUES (7295);
insert into PartyMembership (pid, idno) VALUES (3, 7295);
insert into Candidacy (wkid, idno) VALUES (587, 7295);
insert into Landeslistenplatz (llid, idno, position) VALUES (143, 7295, 15);
insert into Citizen (idno, title, firstname, lastname, dateofbirth, gender) VALUES (7296, '', 'Stadler', 'Svenja', '1.1.1976.', 'p');
insert into CandidatesData (idno) VALUES (7296);
insert into PartyMembership (pid, idno) VALUES (2, 7296);
insert into Candidacy (wkid, idno) VALUES (335, 7296);
insert into Landeslistenplatz (llid, idno, position) VALUES (69, 7296, 8);
insert into Citizen (idno, title, firstname, lastname, dateofbirth, gender) VALUES (7297, 'Dr. ', 'Stadler-Brehm', 'Alexandra Michaela', '1.1.1977.', 'p');
insert into CandidatesData (idno) VALUES (7297);
insert into PartyMembership (pid, idno) VALUES (12, 7297);
insert into Landeslistenplatz (llid, idno, position) VALUES (88, 7297, 41);
insert into Citizen (idno, title, firstname, lastname, dateofbirth, gender) VALUES (7298, '', 'Städter', 'Peter', '1.1.1971.', 'p');
insert into CandidatesData (idno) VALUES (7298);
insert into PartyMembership (pid, idno) VALUES (7, 7298);
insert into Landeslistenplatz (llid, idno, position) VALUES (45, 7298, 8);
insert into Citizen (idno, title, firstname, lastname, dateofbirth, gender) VALUES (7299, '', 'Staffeldt', 'Torsten Heiko', '1.1.1963.', 'p');
insert into CandidatesData (idno) VALUES (7299);
insert into PartyMembership (pid, idno) VALUES (4, 7299);
insert into Candidacy (wkid, idno) VALUES (353, 7299);
insert into Landeslistenplatz (llid, idno, position) VALUES (243, 7299, 1);
insert into Citizen (idno, title, firstname, lastname, dateofbirth, gender) VALUES (7300, '', 'Stafl', 'Nadja Stella Cora', '1.1.1963.', 'p');
insert into CandidatesData (idno) VALUES (7300);
insert into PartyMembership (pid, idno) VALUES (33, 7300);
insert into Candidacy (wkid, idno) VALUES (548, 7300);
insert into Landeslistenplatz (llid, idno, position) VALUES (166, 7300, 14);
insert into Citizen (idno, title, firstname, lastname, dateofbirth, gender) VALUES (7301, '', 'Stahl', 'Thomas', '1.1.1979.', 'p');
insert into CandidatesData (idno) VALUES (7301);
insert into PartyMembership (pid, idno) VALUES (35, 7301);
insert into Landeslistenplatz (llid, idno, position) VALUES (57, 7301, 9);
insert into Citizen (idno, title, firstname, lastname, dateofbirth, gender) VALUES (7302, '', 'Stahlberg', 'Bernd Erhard', '1.1.1954.', 'p');
insert into CandidatesData (idno) VALUES (7302);
insert into PartyMembership (pid, idno) VALUES (33, 7302);
insert into Candidacy (wkid, idno) VALUES (383, 7302);
insert into Landeslistenplatz (llid, idno, position) VALUES (129, 7302, 8);
insert into Citizen (idno, title, firstname, lastname, dateofbirth, gender) VALUES (7303, '', 'Stahler', 'Clemens', '1.1.1959.', 'p');
insert into CandidatesData (idno) VALUES (7303);
insert into PartyMembership (pid, idno) VALUES (12, 7303);
insert into Landeslistenplatz (llid, idno, position) VALUES (138, 7303, 30);
insert into Citizen (idno, title, firstname, lastname, dateofbirth, gender) VALUES (7304, '', 'Stahr', 'Nina Elisabeth', '1.1.1982.', 'p');
insert into CandidatesData (idno) VALUES (7304);
insert into PartyMembership (pid, idno) VALUES (5, 7304);
insert into Candidacy (wkid, idno) VALUES (378, 7304);
insert into Landeslistenplatz (llid, idno, position) VALUES (249, 7304, 7);
insert into Citizen (idno, title, firstname, lastname, dateofbirth, gender) VALUES (7305, '', 'Stalleicher', 'Josef Stephan', '1.1.1950.', 'p');
insert into CandidatesData (idno) VALUES (7305);
insert into PartyMembership (pid, idno) VALUES (10, 7305);
insert into Landeslistenplatz (llid, idno, position) VALUES (67, 7305, 8);
insert into Citizen (idno, title, firstname, lastname, dateofbirth, gender) VALUES (7306, '', 'Stalz', 'Helmut', '1.1.1953.', 'p');
insert into CandidatesData (idno) VALUES (7306);
insert into PartyMembership (pid, idno) VALUES (32, 7306);
insert into Candidacy (wkid, idno) VALUES (443, 7306);
insert into Landeslistenplatz (llid, idno, position) VALUES (143, 7306, 1);
insert into Citizen (idno, title, firstname, lastname, dateofbirth, gender) VALUES (7307, '', 'Stamm', 'Arnim', '1.1.1961.', 'p');
insert into CandidatesData (idno) VALUES (7307);
insert into PartyMembership (pid, idno) VALUES (31, 7307);
insert into Landeslistenplatz (llid, idno, position) VALUES (28, 7307, 31);
insert into Citizen (idno, title, firstname, lastname, dateofbirth, gender) VALUES (7308, '', 'Stamm', 'Markus', '1.1.1970.', 'p');
insert into CandidatesData (idno) VALUES (7308);
insert into PartyMembership (pid, idno) VALUES (36, 7308);
insert into Landeslistenplatz (llid, idno, position) VALUES (84, 7308, 16);
insert into Citizen (idno, title, firstname, lastname, dateofbirth, gender) VALUES (7309, '', 'Stamm-Fibich', 'Martina', '1.1.1965.', 'p');
insert into CandidatesData (idno) VALUES (7309);
insert into PartyMembership (pid, idno) VALUES (2, 7309);
insert into Candidacy (wkid, idno) VALUES (541, 7309);
insert into Landeslistenplatz (llid, idno, position) VALUES (87, 7309, 18);
insert into Citizen (idno, title, firstname, lastname, dateofbirth, gender) VALUES (7310, '', 'Stanek', 'Hagen', '1.1.1969.', 'p');
insert into CandidatesData (idno) VALUES (7310);
insert into PartyMembership (pid, idno) VALUES (7, 7310);
insert into Candidacy (wkid, idno) VALUES (559, 7310);
insert into Citizen (idno, title, firstname, lastname, dateofbirth, gender) VALUES (7311, '', 'Stange', 'Karola', '1.1.1959.', 'p');
insert into CandidatesData (idno) VALUES (7311);
insert into PartyMembership (pid, idno) VALUES (3, 7311);
insert into Candidacy (wkid, idno) VALUES (492, 7311);
insert into Citizen (idno, title, firstname, lastname, dateofbirth, gender) VALUES (7312, 'Dr. ', 'Stanglmaier', 'Michael', '1.1.1963.', 'p');
insert into CandidatesData (idno) VALUES (7312);
insert into PartyMembership (pid, idno) VALUES (5, 7312);
insert into Candidacy (wkid, idno) VALUES (514, 7312);
insert into Landeslistenplatz (llid, idno, position) VALUES (65, 7312, 20);
insert into Citizen (idno, title, firstname, lastname, dateofbirth, gender) VALUES (7313, '', 'Stanneck', 'Arne', '1.1.1970.', 'p');
insert into CandidatesData (idno) VALUES (7313);
insert into PartyMembership (pid, idno) VALUES (33, 7313);
insert into Candidacy (wkid, idno) VALUES (304, 7313);
insert into Landeslistenplatz (llid, idno, position) VALUES (111, 7313, 4);
insert into Citizen (idno, title, firstname, lastname, dateofbirth, gender) VALUES (7314, '', 'Staratschek', 'Felix Johannes', '1.1.1966.', 'p');
insert into CandidatesData (idno) VALUES (7314);
insert into Candidacy (wkid, idno) VALUES (398, 7314);
insert into Citizen (idno, title, firstname, lastname, dateofbirth, gender) VALUES (7315, 'Dr. ', 'Starbatty', 'Joachim', '1.1.1940.', 'p');
insert into CandidatesData (idno) VALUES (7315);
insert into PartyMembership (pid, idno) VALUES (33, 7315);
insert into Landeslistenplatz (llid, idno, position) VALUES (129, 7315, 1);
insert into Citizen (idno, title, firstname, lastname, dateofbirth, gender) VALUES (7316, '', 'Starck', 'Florian Helmut', '1.1.1978.', 'p');
insert into CandidatesData (idno) VALUES (7316);
insert into PartyMembership (pid, idno) VALUES (42, 7316);
insert into Landeslistenplatz (llid, idno, position) VALUES (214, 7316, 6);
insert into Citizen (idno, title, firstname, lastname, dateofbirth, gender) VALUES (7317, '', 'Starck', 'Karl-Heinz', '1.1.1934.', 'p');
insert into CandidatesData (idno) VALUES (7317);
insert into PartyMembership (pid, idno) VALUES (12, 7317);
insert into Landeslistenplatz (llid, idno, position) VALUES (159, 7317, 21);
insert into Citizen (idno, title, firstname, lastname, dateofbirth, gender) VALUES (7318, '', 'Starick', 'Bernd', '1.1.1963.', 'p');
insert into CandidatesData (idno) VALUES (7318);
insert into PartyMembership (pid, idno) VALUES (33, 7318);
insert into Landeslistenplatz (llid, idno, position) VALUES (156, 7318, 8);
insert into Citizen (idno, title, firstname, lastname, dateofbirth, gender) VALUES (7319, '', 'Stark', 'Tobias', '1.1.1979.', 'p');
insert into CandidatesData (idno) VALUES (7319);
insert into PartyMembership (pid, idno) VALUES (12, 7319);
insert into Landeslistenplatz (llid, idno, position) VALUES (105, 7319, 38);
insert into Citizen (idno, title, firstname, lastname, dateofbirth, gender) VALUES (7320, '', 'Stark-Watzinger', 'Bettina', '1.1.1968.', 'p');
insert into CandidatesData (idno) VALUES (7320);
insert into PartyMembership (pid, idno) VALUES (4, 7320);
insert into Candidacy (wkid, idno) VALUES (480, 7320);
insert into Landeslistenplatz (llid, idno, position) VALUES (116, 7320, 4);
insert into Citizen (idno, title, firstname, lastname, dateofbirth, gender) VALUES (7321, '', 'Staschewski', 'Arno', '1.1.1957.', 'p');
insert into CandidatesData (idno) VALUES (7321);
insert into PartyMembership (pid, idno) VALUES (33, 7321);
insert into Candidacy (wkid, idno) VALUES (332, 7321);
insert into Citizen (idno, title, firstname, lastname, dateofbirth, gender) VALUES (7322, '', 'Staszewski', 'Alina', '1.1.1986.', 'p');
insert into CandidatesData (idno) VALUES (7322);
insert into PartyMembership (pid, idno) VALUES (19, 7322);
insert into Landeslistenplatz (llid, idno, position) VALUES (40, 7322, 28);
insert into Citizen (idno, title, firstname, lastname, dateofbirth, gender) VALUES (7323, '', 'Staszewski', 'Susanne', '1.1.1959.', 'p');
insert into CandidatesData (idno) VALUES (7323);
insert into PartyMembership (pid, idno) VALUES (19, 7323);
insert into Landeslistenplatz (llid, idno, position) VALUES (40, 7323, 39);
insert into Citizen (idno, title, firstname, lastname, dateofbirth, gender) VALUES (7324, '', 'Staubitz', 'Bianca', '1.1.1984.', 'p');
insert into CandidatesData (idno) VALUES (7324);
insert into PartyMembership (pid, idno) VALUES (7, 7324);
insert into Candidacy (wkid, idno) VALUES (407, 7324);
insert into Citizen (idno, title, firstname, lastname, dateofbirth, gender) VALUES (7325, '', 'Stauch', 'Detlev Werner Helmut', '1.1.1953.', 'p');
insert into CandidatesData (idno) VALUES (7325);
insert into PartyMembership (pid, idno) VALUES (19, 7325);
insert into Landeslistenplatz (llid, idno, position) VALUES (220, 7325, 1);
insert into Citizen (idno, title, firstname, lastname, dateofbirth, gender) VALUES (7326, '', 'Stauche', 'Carola', '1.1.1952.', 'p');
insert into CandidatesData (idno) VALUES (7326);
insert into PartyMembership (pid, idno) VALUES (12, 7326);
insert into Candidacy (wkid, idno) VALUES (495, 7326);
insert into Landeslistenplatz (llid, idno, position) VALUES (212, 7326, 6);
insert into Citizen (idno, title, firstname, lastname, dateofbirth, gender) VALUES (7327, '', 'Staudenhöchtl', 'Peter', '1.1.1955.', 'p');
insert into CandidatesData (idno) VALUES (7327);
insert into PartyMembership (pid, idno) VALUES (19, 7327);
insert into Candidacy (wkid, idno) VALUES (522, 7327);
insert into Landeslistenplatz (llid, idno, position) VALUES (40, 7327, 2);
insert into Citizen (idno, title, firstname, lastname, dateofbirth, gender) VALUES (7328, '', 'Staudenmaier', 'Sebastian', '1.1.1990.', 'p');
insert into CandidatesData (idno) VALUES (7328);
insert into PartyMembership (pid, idno) VALUES (7, 7328);
insert into Candidacy (wkid, idno) VALUES (568, 7328);
insert into Landeslistenplatz (llid, idno, position) VALUES (48, 7328, 7);
insert into Citizen (idno, title, firstname, lastname, dateofbirth, gender) VALUES (7329, '', 'Stawitz', 'Ingo', '1.1.1950.', 'p');
insert into CandidatesData (idno) VALUES (7329);
insert into PartyMembership (pid, idno) VALUES (1, 7329);
insert into Candidacy (wkid, idno) VALUES (306, 7329);
insert into Landeslistenplatz (llid, idno, position) VALUES (230, 7329, 1);
insert into Citizen (idno, title, firstname, lastname, dateofbirth, gender) VALUES (7330, '', 'Steck-Walicki', 'Zofia Teresa', '1.1.1947.', 'p');
insert into CandidatesData (idno) VALUES (7330);
insert into PartyMembership (pid, idno) VALUES (37, 7330);
insert into Landeslistenplatz (llid, idno, position) VALUES (137, 7330, 2);
insert into Citizen (idno, title, firstname, lastname, dateofbirth, gender) VALUES (7331, 'Dr. ', 'Steffel', 'Frank', '1.1.1966.', 'p');
insert into CandidatesData (idno) VALUES (7331);
insert into PartyMembership (pid, idno) VALUES (12, 7331);
insert into Candidacy (wkid, idno) VALUES (376, 7331);
insert into Landeslistenplatz (llid, idno, position) VALUES (117, 7331, 4);
insert into Citizen (idno, title, firstname, lastname, dateofbirth, gender) VALUES (7332, 'Dr. ', 'Steffen', 'Hans Joachim', '1.1.1956.', 'p');
insert into CandidatesData (idno) VALUES (7332);
insert into PartyMembership (pid, idno) VALUES (32, 7332);
insert into Landeslistenplatz (llid, idno, position) VALUES (91, 7332, 23);
insert into Citizen (idno, title, firstname, lastname, dateofbirth, gender) VALUES (7333, '', 'Steffen', 'Jan Oliver', '1.1.1973.', 'p');
insert into CandidatesData (idno) VALUES (7333);
insert into PartyMembership (pid, idno) VALUES (31, 7333);
insert into Landeslistenplatz (llid, idno, position) VALUES (79, 7333, 3);
insert into Citizen (idno, title, firstname, lastname, dateofbirth, gender) VALUES (7334, '', 'Steffen', 'Sonja Amalie', '1.1.1963.', 'p');
insert into CandidatesData (idno) VALUES (7334);
insert into PartyMembership (pid, idno) VALUES (2, 7334);
insert into Candidacy (wkid, idno) VALUES (314, 7334);
insert into Landeslistenplatz (llid, idno, position) VALUES (225, 7334, 1);
insert into Citizen (idno, title, firstname, lastname, dateofbirth, gender) VALUES (7335, 'Dr. ', 'Stefinger', 'Wolfgang', '1.1.1985.', 'p');
insert into CandidatesData (idno) VALUES (7335);
insert into PartyMembership (pid, idno) VALUES (9, 7335);
insert into Candidacy (wkid, idno) VALUES (518, 7335);
insert into Landeslistenplatz (llid, idno, position) VALUES (47, 7335, 18);
insert into Citizen (idno, title, firstname, lastname, dateofbirth, gender) VALUES (7336, '', 'Stegemann', 'Albert', '1.1.1976.', 'p');
insert into CandidatesData (idno) VALUES (7336);
insert into PartyMembership (pid, idno) VALUES (12, 7336);
insert into Candidacy (wkid, idno) VALUES (330, 7336);
insert into Landeslistenplatz (llid, idno, position) VALUES (44, 7336, 27);
insert into Citizen (idno, title, firstname, lastname, dateofbirth, gender) VALUES (7337, '', 'Steggewentz', 'Derk-Olaf', '1.1.1952.', 'p');
insert into CandidatesData (idno) VALUES (7337);
insert into PartyMembership (pid, idno) VALUES (3, 7337);
insert into Candidacy (wkid, idno) VALUES (338, 7337);
insert into Citizen (idno, title, firstname, lastname, dateofbirth, gender) VALUES (7338, '', 'Stegmair', 'Paul', '1.1.1952.', 'p');
insert into CandidatesData (idno) VALUES (7338);
insert into PartyMembership (pid, idno) VALUES (19, 7338);
insert into Landeslistenplatz (llid, idno, position) VALUES (40, 7338, 27);
insert into Citizen (idno, title, firstname, lastname, dateofbirth, gender) VALUES (7339, 'Dr. ', 'Steidl', 'Christian', '1.1.1973.', 'p');
insert into CandidatesData (idno) VALUES (7339);
insert into PartyMembership (pid, idno) VALUES (9, 7339);
insert into Landeslistenplatz (llid, idno, position) VALUES (47, 7339, 48);
insert into Citizen (idno, title, firstname, lastname, dateofbirth, gender) VALUES (7340, '', 'Steigert', 'Marco', '1.1.1974.', 'p');
insert into CandidatesData (idno) VALUES (7340);
insert into PartyMembership (pid, idno) VALUES (19, 7340);
insert into Candidacy (wkid, idno) VALUES (507, 7340);
insert into Citizen (idno, title, firstname, lastname, dateofbirth, gender) VALUES (7341, 'Dr. ', 'Stein', 'Dieter', '1.1.1957.', 'p');
insert into CandidatesData (idno) VALUES (7341);
insert into PartyMembership (pid, idno) VALUES (13, 7341);
insert into Landeslistenplatz (llid, idno, position) VALUES (230, 7341, 5);
insert into Citizen (idno, title, firstname, lastname, dateofbirth, gender) VALUES (7342, '', 'Stein', 'Florian Carsten', '1.1.1983.', 'p');
insert into CandidatesData (idno) VALUES (7342);
insert into PartyMembership (pid, idno) VALUES (1, 7342);
insert into Candidacy (wkid, idno) VALUES (360, 7342);
insert into Landeslistenplatz (llid, idno, position) VALUES (132, 7342, 9);
insert into Citizen (idno, title, firstname, lastname, dateofbirth, gender) VALUES (7343, '', 'Stein', 'Hans Hermann', '1.1.1965.', 'p');
insert into CandidatesData (idno) VALUES (7343);
insert into PartyMembership (pid, idno) VALUES (4, 7343);
insert into Candidacy (wkid, idno) VALUES (393, 7343);
insert into Landeslistenplatz (llid, idno, position) VALUES (98, 7343, 9);
insert into Citizen (idno, title, firstname, lastname, dateofbirth, gender) VALUES (7344, '', 'Stein', 'Horst-Peter', '1.1.1960.', 'p');
insert into CandidatesData (idno) VALUES (7344);
insert into PartyMembership (pid, idno) VALUES (4, 7344);
insert into Landeslistenplatz (llid, idno, position) VALUES (250, 7344, 7);
insert into Citizen (idno, title, firstname, lastname, dateofbirth, gender) VALUES (7345, '', 'Stein', 'Peter', '1.1.1968.', 'p');
insert into CandidatesData (idno) VALUES (7345);
insert into PartyMembership (pid, idno) VALUES (12, 7345);
insert into Candidacy (wkid, idno) VALUES (313, 7345);
insert into Landeslistenplatz (llid, idno, position) VALUES (191, 7345, 6);
insert into Citizen (idno, title, firstname, lastname, dateofbirth, gender) VALUES (7346, '', 'Stein', 'Uwe', '1.1.1970.', 'p');
insert into CandidatesData (idno) VALUES (7346);
insert into PartyMembership (pid, idno) VALUES (7, 7346);
insert into Landeslistenplatz (llid, idno, position) VALUES (75, 7346, 14);
insert into Citizen (idno, title, firstname, lastname, dateofbirth, gender) VALUES (7347, '', 'Steinbach', 'Erika', '1.1.1943.', 'p');
insert into CandidatesData (idno) VALUES (7347);
insert into PartyMembership (pid, idno) VALUES (12, 7347);
insert into Candidacy (wkid, idno) VALUES (482, 7347);
insert into Landeslistenplatz (llid, idno, position) VALUES (88, 7347, 5);
insert into Citizen (idno, title, firstname, lastname, dateofbirth, gender) VALUES (7348, '', 'Steinbeck', 'Torsten', '1.1.1968.', 'p');
insert into CandidatesData (idno) VALUES (7348);
insert into PartyMembership (pid, idno) VALUES (1, 7348);
insert into Candidacy (wkid, idno) VALUES (545, 7348);
insert into Citizen (idno, title, firstname, lastname, dateofbirth, gender) VALUES (7349, '', 'Steinberg', 'Sören', '1.1.1979.', 'p');
insert into CandidatesData (idno) VALUES (7349);
insert into PartyMembership (pid, idno) VALUES (2, 7349);
insert into Landeslistenplatz (llid, idno, position) VALUES (69, 7349, 47);
insert into Citizen (idno, title, firstname, lastname, dateofbirth, gender) VALUES (7350, '', 'Steinbrück', 'Peer', '1.1.1947.', 'p');
insert into CandidatesData (idno) VALUES (7350);
insert into PartyMembership (pid, idno) VALUES (2, 7350);
insert into Candidacy (wkid, idno) VALUES (403, 7350);
insert into Landeslistenplatz (llid, idno, position) VALUES (73, 7350, 1);
insert into Citizen (idno, title, firstname, lastname, dateofbirth, gender) VALUES (7351, '', 'Steineke', 'Sebastian', '1.1.1973.', 'p');
insert into CandidatesData (idno) VALUES (7351);
insert into PartyMembership (pid, idno) VALUES (12, 7351);
insert into Candidacy (wkid, idno) VALUES (355, 7351);
insert into Landeslistenplatz (llid, idno, position) VALUES (218, 7351, 9);
insert into Citizen (idno, title, firstname, lastname, dateofbirth, gender) VALUES (7352, '', 'Steiner', 'Dorothea', '1.1.1948.', 'p');
insert into CandidatesData (idno) VALUES (7352);
insert into PartyMembership (pid, idno) VALUES (5, 7352);
insert into Candidacy (wkid, idno) VALUES (338, 7352);
insert into Landeslistenplatz (llid, idno, position) VALUES (142, 7352, 10);
insert into Citizen (idno, title, firstname, lastname, dateofbirth, gender) VALUES (7353, 'Dr. ', 'Steiner', 'Dagmar', '1.1.1964.', 'p');
insert into CandidatesData (idno) VALUES (7353);
insert into PartyMembership (pid, idno) VALUES (12, 7353);
insert into Landeslistenplatz (llid, idno, position) VALUES (159, 7353, 25);
insert into Citizen (idno, title, firstname, lastname, dateofbirth, gender) VALUES (7354, '', 'Steiner', 'Kornelius', '1.1.1992.', 'p');
insert into CandidatesData (idno) VALUES (7354);
insert into PartyMembership (pid, idno) VALUES (35, 7354);
insert into Landeslistenplatz (llid, idno, position) VALUES (57, 7354, 18);
insert into Citizen (idno, title, firstname, lastname, dateofbirth, gender) VALUES (7355, '', 'Steinert', 'Frank', '1.1.1976.', 'p');
insert into CandidatesData (idno) VALUES (7355);
insert into PartyMembership (pid, idno) VALUES (7, 7355);
insert into Candidacy (wkid, idno) VALUES (359, 7355);
insert into Citizen (idno, title, firstname, lastname, dateofbirth, gender) VALUES (7356, '', 'Steinhauer', 'Rosemarie', '1.1.1957.', 'p');
insert into CandidatesData (idno) VALUES (7356);
insert into PartyMembership (pid, idno) VALUES (4, 7356);
insert into Candidacy (wkid, idno) VALUES (438, 7356);
insert into Landeslistenplatz (llid, idno, position) VALUES (98, 7356, 22);
insert into Citizen (idno, title, firstname, lastname, dateofbirth, gender) VALUES (7357, '', 'Steinhoff', 'Felicitas', '1.1.1985.', 'p');
insert into CandidatesData (idno) VALUES (7357);
insert into PartyMembership (pid, idno) VALUES (7, 7357);
insert into Landeslistenplatz (llid, idno, position) VALUES (94, 7357, 5);
insert into Citizen (idno, title, firstname, lastname, dateofbirth, gender) VALUES (7358, '', 'Steininger', 'Fred', '1.1.1938.', 'p');
insert into CandidatesData (idno) VALUES (7358);
insert into PartyMembership (pid, idno) VALUES (37, 7358);
insert into Landeslistenplatz (llid, idno, position) VALUES (201, 7358, 2);
insert into Citizen (idno, title, firstname, lastname, dateofbirth, gender) VALUES (7359, '', 'Steininger', 'Johannes Eberhard', '1.1.1987.', 'p');
insert into CandidatesData (idno) VALUES (7359);
insert into PartyMembership (pid, idno) VALUES (12, 7359);
insert into Landeslistenplatz (llid, idno, position) VALUES (138, 7359, 16);
insert into Citizen (idno, title, firstname, lastname, dateofbirth, gender) VALUES (7360, '', 'Steininger', 'Sabine', '1.1.1966.', 'p');
insert into CandidatesData (idno) VALUES (7360);
insert into PartyMembership (pid, idno) VALUES (5, 7360);
insert into Candidacy (wkid, idno) VALUES (536, 7360);
insert into Landeslistenplatz (llid, idno, position) VALUES (65, 7360, 41);
insert into Citizen (idno, title, firstname, lastname, dateofbirth, gender) VALUES (7361, '', 'Steinkamp', 'Jochen Hans-Theo', '1.1.1981.', 'p');
insert into CandidatesData (idno) VALUES (7361);
insert into PartyMembership (pid, idno) VALUES (12, 7361);
insert into Landeslistenplatz (llid, idno, position) VALUES (44, 7361, 40);
insert into Citizen (idno, title, firstname, lastname, dateofbirth, gender) VALUES (7362, '', 'Steinkampf-Sommer', 'Axel', '1.1.1966.', 'p');
insert into CandidatesData (idno) VALUES (7362);
insert into PartyMembership (pid, idno) VALUES (33, 7362);
insert into Candidacy (wkid, idno) VALUES (348, 7362);
insert into Citizen (idno, title, firstname, lastname, dateofbirth, gender) VALUES (7363, '', 'Steinke', 'Kersten', '1.1.1958.', 'p');
insert into CandidatesData (idno) VALUES (7363);
insert into PartyMembership (pid, idno) VALUES (3, 7363);
insert into Candidacy (wkid, idno) VALUES (490, 7363);
insert into Landeslistenplatz (llid, idno, position) VALUES (79, 7363, 1);
insert into Citizen (idno, title, firstname, lastname, dateofbirth, gender) VALUES (7364, '', 'Steinke', 'Lilli', '1.1.1941.', 'p');
insert into CandidatesData (idno) VALUES (7364);
insert into PartyMembership (pid, idno) VALUES (39, 7364);
insert into Landeslistenplatz (llid, idno, position) VALUES (112, 7364, 3);
insert into Citizen (idno, title, firstname, lastname, dateofbirth, gender) VALUES (7365, '', 'Steinleitner', 'Alfred', '1.1.1960.', 'p');
insert into CandidatesData (idno) VALUES (7365);
insert into PartyMembership (pid, idno) VALUES (1, 7365);
insert into Candidacy (wkid, idno) VALUES (526, 7365);
insert into Citizen (idno, title, firstname, lastname, dateofbirth, gender) VALUES (7366, 'Dr. ', 'Steinmeier', 'Frank-Walter', '1.1.1956.', 'p');
insert into CandidatesData (idno) VALUES (7366);
insert into PartyMembership (pid, idno) VALUES (2, 7366);
insert into Candidacy (wkid, idno) VALUES (359, 7366);
insert into Landeslistenplatz (llid, idno, position) VALUES (147, 7366, 1);
insert into Citizen (idno, title, firstname, lastname, dateofbirth, gender) VALUES (7367, '', 'Steinmetzer', 'Anja', '1.1.1982.', 'p');
insert into CandidatesData (idno) VALUES (7367);
insert into PartyMembership (pid, idno) VALUES (31, 7367);
insert into Landeslistenplatz (llid, idno, position) VALUES (28, 7367, 13);
insert into Citizen (idno, title, firstname, lastname, dateofbirth, gender) VALUES (7368, '', 'Steinwender', 'Frank Klaus', '1.1.1966.', 'p');
insert into CandidatesData (idno) VALUES (7368);
insert into PartyMembership (pid, idno) VALUES (5, 7368);
insert into Candidacy (wkid, idno) VALUES (437, 7368);
insert into Citizen (idno, title, firstname, lastname, dateofbirth, gender) VALUES (7369, '', 'Steinzen', 'Sebastian', '1.1.1976.', 'p');
insert into CandidatesData (idno) VALUES (7369);
insert into PartyMembership (pid, idno) VALUES (4, 7369);
insert into Candidacy (wkid, idno) VALUES (424, 7369);
insert into Landeslistenplatz (llid, idno, position) VALUES (98, 7369, 58);
insert into Citizen (idno, title, firstname, lastname, dateofbirth, gender) VALUES (7370, '', 'Steltner', 'Jens Christoph', '1.1.1986.', 'p');
insert into CandidatesData (idno) VALUES (7370);
insert into PartyMembership (pid, idno) VALUES (7, 7370);
insert into Landeslistenplatz (llid, idno, position) VALUES (113, 7370, 7);
insert into Citizen (idno, title, firstname, lastname, dateofbirth, gender) VALUES (7371, '', 'Stemke', 'Jürgen', '1.1.1972.', 'p');
insert into CandidatesData (idno) VALUES (7371);
insert into PartyMembership (pid, idno) VALUES (7, 7371);
insert into Candidacy (wkid, idno) VALUES (350, 7371);
insert into Landeslistenplatz (llid, idno, position) VALUES (94, 7371, 8);
insert into Citizen (idno, title, firstname, lastname, dateofbirth, gender) VALUES (7372, '', 'Stenzel', 'Jörn', '1.1.1975.', 'p');
insert into CandidatesData (idno) VALUES (7372);
insert into PartyMembership (pid, idno) VALUES (37, 7372);
insert into Landeslistenplatz (llid, idno, position) VALUES (234, 7372, 5);
insert into Citizen (idno, title, firstname, lastname, dateofbirth, gender) VALUES (7373, '', 'Stephan', 'Tobias', '1.1.1974.', 'p');
insert into CandidatesData (idno) VALUES (7373);
insert into PartyMembership (pid, idno) VALUES (7, 7373);
insert into Landeslistenplatz (llid, idno, position) VALUES (75, 7373, 19);
insert into Citizen (idno, title, firstname, lastname, dateofbirth, gender) VALUES (7374, 'Dr. ', 'Stephenson', 'Uwe', '1.1.1955.', 'p');
insert into CandidatesData (idno) VALUES (7374);
insert into PartyMembership (pid, idno) VALUES (5, 7374);
insert into Landeslistenplatz (llid, idno, position) VALUES (59, 7374, 10);
insert into Citizen (idno, title, firstname, lastname, dateofbirth, gender) VALUES (7375, '', 'Stern', 'Lars', '1.1.1981.', 'p');
insert into CandidatesData (idno) VALUES (7375);
insert into PartyMembership (pid, idno) VALUES (3, 7375);
insert into Candidacy (wkid, idno) VALUES (583, 7375);
insert into Citizen (idno, title, firstname, lastname, dateofbirth, gender) VALUES (7376, '', 'Stetten Freiherr von', 'Christian', '1.1.1970.', 'p');
insert into CandidatesData (idno) VALUES (7376);
insert into PartyMembership (pid, idno) VALUES (12, 7376);
insert into Candidacy (wkid, idno) VALUES (567, 7376);
insert into Citizen (idno, title, firstname, lastname, dateofbirth, gender) VALUES (7377, '', 'Stich', 'Jan Paul', '1.1.1987.', 'p');
insert into CandidatesData (idno) VALUES (7377);
insert into PartyMembership (pid, idno) VALUES (5, 7377);
insert into Candidacy (wkid, idno) VALUES (506, 7377);
insert into Landeslistenplatz (llid, idno, position) VALUES (213, 7377, 8);
insert into Citizen (idno, title, firstname, lastname, dateofbirth, gender) VALUES (7378, '', 'Stich', 'Volker Michael', '1.1.1970.', 'p');
insert into CandidatesData (idno) VALUES (7378);
insert into PartyMembership (pid, idno) VALUES (33, 7378);
insert into Landeslistenplatz (llid, idno, position) VALUES (166, 7378, 25);
insert into Citizen (idno, title, firstname, lastname, dateofbirth, gender) VALUES (7379, '', 'Stieger', 'Sandra Yvonne', '1.1.1978.', 'p');
insert into CandidatesData (idno) VALUES (7379);
insert into PartyMembership (pid, idno) VALUES (12, 7379);
insert into Landeslistenplatz (llid, idno, position) VALUES (131, 7379, 10);
insert into Citizen (idno, title, firstname, lastname, dateofbirth, gender) VALUES (7380, '', 'Stieldorf', 'Linus Kester', '1.1.1995.', 'p');
insert into CandidatesData (idno) VALUES (7380);
insert into PartyMembership (pid, idno) VALUES (4, 7380);
insert into Candidacy (wkid, idno) VALUES (388, 7380);
insert into Citizen (idno, title, firstname, lastname, dateofbirth, gender) VALUES (7381, '', 'Stier', 'Dieter', '1.1.1964.', 'p');
insert into CandidatesData (idno) VALUES (7381);
insert into PartyMembership (pid, idno) VALUES (12, 7381);
insert into Candidacy (wkid, idno) VALUES (372, 7381);
insert into Landeslistenplatz (llid, idno, position) VALUES (131, 7381, 5);
insert into Citizen (idno, title, firstname, lastname, dateofbirth, gender) VALUES (7382, '', 'Stierlin', 'Frank Joachim', '1.1.1950.', 'p');
insert into CandidatesData (idno) VALUES (7382);
insert into PartyMembership (pid, idno) VALUES (13, 7382);
insert into Candidacy (wkid, idno) VALUES (417, 7382);
insert into Citizen (idno, title, firstname, lastname, dateofbirth, gender) VALUES (7383, '', 'Stigge', 'Roland', '1.1.1978.', 'p');
insert into CandidatesData (idno) VALUES (7383);
insert into PartyMembership (pid, idno) VALUES (3, 7383);
insert into Candidacy (wkid, idno) VALUES (517, 7383);
insert into Citizen (idno, title, firstname, lastname, dateofbirth, gender) VALUES (7384, '', 'Stillig', 'Daniel', '1.1.1979.', 'p');
insert into CandidatesData (idno) VALUES (7384);
insert into PartyMembership (pid, idno) VALUES (31, 7384);
insert into Landeslistenplatz (llid, idno, position) VALUES (135, 7384, 12);
insert into Citizen (idno, title, firstname, lastname, dateofbirth, gender) VALUES (7385, '', 'Stimpfig', 'Jörg', '1.1.1954.', 'p');
insert into CandidatesData (idno) VALUES (7385);
insert into PartyMembership (pid, idno) VALUES (32, 7385);
insert into Candidacy (wkid, idno) VALUES (558, 7385);
insert into Landeslistenplatz (llid, idno, position) VALUES (91, 7385, 6);
insert into Citizen (idno, title, firstname, lastname, dateofbirth, gender) VALUES (7386, '', 'Stocker', 'Christof', '1.1.1961.', 'p');
insert into CandidatesData (idno) VALUES (7386);
insert into PartyMembership (pid, idno) VALUES (36, 7386);
insert into Candidacy (wkid, idno) VALUES (585, 7386);
insert into Citizen (idno, title, firstname, lastname, dateofbirth, gender) VALUES (7387, '', 'Stockert', 'Madeleine', '1.1.1947.', 'p');
insert into CandidatesData (idno) VALUES (7387);
insert into PartyMembership (pid, idno) VALUES (13, 7387);
insert into Candidacy (wkid, idno) VALUES (507, 7387);
insert into Landeslistenplatz (llid, idno, position) VALUES (106, 7387, 1);
insert into Citizen (idno, title, firstname, lastname, dateofbirth, gender) VALUES (7388, '', 'Stockhofe', 'Rita', '1.1.1967.', 'p');
insert into CandidatesData (idno) VALUES (7388);
insert into PartyMembership (pid, idno) VALUES (12, 7388);
insert into Candidacy (wkid, idno) VALUES (421, 7388);
insert into Landeslistenplatz (llid, idno, position) VALUES (136, 7388, 50);
insert into Citizen (idno, title, firstname, lastname, dateofbirth, gender) VALUES (7389, '', 'Stockschläger', 'Hans Joachim', '1.1.1959.', 'p');
insert into CandidatesData (idno) VALUES (7389);
insert into PartyMembership (pid, idno) VALUES (4, 7389);
insert into Candidacy (wkid, idno) VALUES (408, 7389);
insert into Landeslistenplatz (llid, idno, position) VALUES (98, 7389, 32);
insert into Citizen (idno, title, firstname, lastname, dateofbirth, gender) VALUES (7390, '', 'Stodt-Kirchholtes', 'Christiane', '1.1.1962.', 'p');
insert into CandidatesData (idno) VALUES (7390);
insert into PartyMembership (pid, idno) VALUES (5, 7390);
insert into Landeslistenplatz (llid, idno, position) VALUES (59, 7390, 11);
insert into Citizen (idno, title, firstname, lastname, dateofbirth, gender) VALUES (7391, '', 'Stöckert', 'Manfred', '1.1.1951.', 'p');
insert into CandidatesData (idno) VALUES (7391);
insert into PartyMembership (pid, idno) VALUES (7, 7391);
insert into Candidacy (wkid, idno) VALUES (456, 7391);
insert into Citizen (idno, title, firstname, lastname, dateofbirth, gender) VALUES (7392, '', 'Stöger', 'Marco', '1.1.1993.', 'p');
insert into CandidatesData (idno) VALUES (7392);
insert into PartyMembership (pid, idno) VALUES (3, 7392);
insert into Candidacy (wkid, idno) VALUES (529, 7392);
insert into Citizen (idno, title, firstname, lastname, dateofbirth, gender) VALUES (7393, 'Dr. ', 'Stöhr', 'Brigitte Karoline Doris', '1.1.1960.', 'p');
insert into CandidatesData (idno) VALUES (7393);
insert into PartyMembership (pid, idno) VALUES (33, 7393);
insert into Landeslistenplatz (llid, idno, position) VALUES (166, 7393, 3);
insert into Citizen (idno, title, firstname, lastname, dateofbirth, gender) VALUES (7394, '', 'Stötting', 'Sven Peter', '1.1.1983.', 'p');
insert into CandidatesData (idno) VALUES (7394);
insert into PartyMembership (pid, idno) VALUES (1, 7394);
insert into Candidacy (wkid, idno) VALUES (415, 7394);
insert into Citizen (idno, title, firstname, lastname, dateofbirth, gender) VALUES (7395, '', 'Stöver', 'Mirco', '1.1.1976.', 'p');
insert into CandidatesData (idno) VALUES (7395);
insert into PartyMembership (pid, idno) VALUES (31, 7395);
insert into Landeslistenplatz (llid, idno, position) VALUES (135, 7395, 7);
insert into Citizen (idno, title, firstname, lastname, dateofbirth, gender) VALUES (7396, '', 'Stöwesand', 'Edwin Rüdiger Otto', '1.1.1961.', 'p');
insert into CandidatesData (idno) VALUES (7396);
insert into PartyMembership (pid, idno) VALUES (12, 7396);
insert into Landeslistenplatz (llid, idno, position) VALUES (88, 7396, 38);
insert into Citizen (idno, title, firstname, lastname, dateofbirth, gender) VALUES (7397, '', 'Stoll', 'Matthias', '1.1.1965.', 'p');
insert into CandidatesData (idno) VALUES (7397);
insert into PartyMembership (pid, idno) VALUES (7, 7397);
insert into Candidacy (wkid, idno) VALUES (344, 7397);
insert into Citizen (idno, title, firstname, lastname, dateofbirth, gender) VALUES (7398, '', 'Stolte', 'Herbert Wolfgang Dirk', '1.1.1963.', 'p');
insert into CandidatesData (idno) VALUES (7398);
insert into Candidacy (wkid, idno) VALUES (467, 7398);
insert into Citizen (idno, title, firstname, lastname, dateofbirth, gender) VALUES (7399, '', 'Stoltenberg', 'Peter Ferdinand', '1.1.1949.', 'p');
insert into CandidatesData (idno) VALUES (7399);
insert into PartyMembership (pid, idno) VALUES (5, 7399);
insert into Candidacy (wkid, idno) VALUES (307, 7399);
insert into Citizen (idno, title, firstname, lastname, dateofbirth, gender) VALUES (7400, '', 'Stolz', 'André', '1.1.1972.', 'p');
insert into CandidatesData (idno) VALUES (7400);
insert into PartyMembership (pid, idno) VALUES (12, 7400);
insert into Landeslistenplatz (llid, idno, position) VALUES (88, 7400, 24);
insert into Citizen (idno, title, firstname, lastname, dateofbirth, gender) VALUES (7401, '', 'Stoppiera', 'Yvette', '1.1.1979.', 'p');
insert into CandidatesData (idno) VALUES (7401);
insert into PartyMembership (pid, idno) VALUES (5, 7401);
insert into Landeslistenplatz (llid, idno, position) VALUES (190, 7401, 2);
insert into Citizen (idno, title, firstname, lastname, dateofbirth, gender) VALUES (7402, '', 'Storch von', 'Beatrix Amelie Ehrengard Eilika', '1.1.1971.', 'p');
insert into CandidatesData (idno) VALUES (7402);
insert into PartyMembership (pid, idno) VALUES (33, 7402);
insert into Candidacy (wkid, idno) VALUES (374, 7402);
insert into Landeslistenplatz (llid, idno, position) VALUES (129, 7402, 2);
insert into Citizen (idno, title, firstname, lastname, dateofbirth, gender) VALUES (7403, '', 'Storjohann', 'Gero', '1.1.1958.', 'p');
insert into CandidatesData (idno) VALUES (7403);
insert into PartyMembership (pid, idno) VALUES (12, 7403);
insert into Candidacy (wkid, idno) VALUES (307, 7403);
insert into Landeslistenplatz (llid, idno, position) VALUES (159, 7403, 4);
insert into Citizen (idno, title, firstname, lastname, dateofbirth, gender) VALUES (7404, '', 'Stork', 'Josef', '1.1.1943.', 'p');
insert into CandidatesData (idno) VALUES (7404);
insert into PartyMembership (pid, idno) VALUES (32, 7404);
insert into Candidacy (wkid, idno) VALUES (413, 7404);
insert into Citizen (idno, title, firstname, lastname, dateofbirth, gender) VALUES (7405, '', 'Strack', 'Walter', '1.1.1964.', 'p');
insert into CandidatesData (idno) VALUES (7405);
insert into PartyMembership (pid, idno) VALUES (33, 7405);
insert into Landeslistenplatz (llid, idno, position) VALUES (237, 7405, 5);
insert into Citizen (idno, title, firstname, lastname, dateofbirth, gender) VALUES (7406, '', 'Stracke', 'Stephan', '1.1.1974.', 'p');
insert into CandidatesData (idno) VALUES (7406);
insert into PartyMembership (pid, idno) VALUES (9, 7406);
insert into Candidacy (wkid, idno) VALUES (556, 7406);
insert into Citizen (idno, title, firstname, lastname, dateofbirth, gender) VALUES (7407, '', 'Strässer', 'Christoph', '1.1.1949.', 'p');
insert into CandidatesData (idno) VALUES (7407);
insert into PartyMembership (pid, idno) VALUES (2, 7407);
insert into Candidacy (wkid, idno) VALUES (428, 7407);
insert into Landeslistenplatz (llid, idno, position) VALUES (73, 7407, 11);
insert into Citizen (idno, title, firstname, lastname, dateofbirth, gender) VALUES (7408, '', 'Straßer', 'Walter', '1.1.1952.', 'p');
insert into CandidatesData (idno) VALUES (7408);
insert into PartyMembership (pid, idno) VALUES (7, 7408);
insert into Candidacy (wkid, idno) VALUES (526, 7408);
insert into Citizen (idno, title, firstname, lastname, dateofbirth, gender) VALUES (7409, '', 'Straub', 'Michael', '1.1.1959.', 'p');
insert into CandidatesData (idno) VALUES (7409);
insert into PartyMembership (pid, idno) VALUES (5, 7409);
insert into Candidacy (wkid, idno) VALUES (568, 7409);
insert into Citizen (idno, title, firstname, lastname, dateofbirth, gender) VALUES (7410, '', 'Straubinger', 'Max', '1.1.1954.', 'p');
insert into CandidatesData (idno) VALUES (7410);
insert into PartyMembership (pid, idno) VALUES (9, 7410);
insert into Candidacy (wkid, idno) VALUES (529, 7410);
insert into Citizen (idno, title, firstname, lastname, dateofbirth, gender) VALUES (7411, '', 'Straubinger', 'Werner', '1.1.1967.', 'p');
insert into CandidatesData (idno) VALUES (7411);
insert into PartyMembership (pid, idno) VALUES (9, 7411);
insert into Landeslistenplatz (llid, idno, position) VALUES (47, 7411, 52);
insert into Citizen (idno, title, firstname, lastname, dateofbirth, gender) VALUES (7412, '', 'Strebl', 'Matthäus', '1.1.1952.', 'p');
insert into CandidatesData (idno) VALUES (7412);
insert into PartyMembership (pid, idno) VALUES (9, 7412);
insert into Landeslistenplatz (llid, idno, position) VALUES (47, 7412, 35);
insert into Citizen (idno, title, firstname, lastname, dateofbirth, gender) VALUES (7413, '', 'Streit', 'Nancy', '1.1.1980.', 'p');
insert into CandidatesData (idno) VALUES (7413);
insert into PartyMembership (pid, idno) VALUES (42, 7413);
insert into Candidacy (wkid, idno) VALUES (367, 7413);
insert into Citizen (idno, title, firstname, lastname, dateofbirth, gender) VALUES (7414, '', 'Streitle', 'Ludwig', '1.1.1947.', 'p');
insert into CandidatesData (idno) VALUES (7414);
insert into PartyMembership (pid, idno) VALUES (19, 7414);
insert into Candidacy (wkid, idno) VALUES (555, 7414);
insert into Landeslistenplatz (llid, idno, position) VALUES (40, 7414, 20);
insert into Citizen (idno, title, firstname, lastname, dateofbirth, gender) VALUES (7415, '', 'Streitle', 'Sabine', '1.1.1977.', 'p');
insert into CandidatesData (idno) VALUES (7415);
insert into PartyMembership (pid, idno) VALUES (19, 7415);
insert into Landeslistenplatz (llid, idno, position) VALUES (40, 7415, 14);
insert into Citizen (idno, title, firstname, lastname, dateofbirth, gender) VALUES (7416, '', 'Streng', 'Maria-Luise', '1.1.1957.', 'p');
insert into CandidatesData (idno) VALUES (7416);
insert into PartyMembership (pid, idno) VALUES (32, 7416);
insert into Landeslistenplatz (llid, idno, position) VALUES (143, 7416, 7);
insert into Citizen (idno, title, firstname, lastname, dateofbirth, gender) VALUES (7417, '', 'Streng', 'Robert', '1.1.1990.', 'p');
insert into CandidatesData (idno) VALUES (7417);
insert into PartyMembership (pid, idno) VALUES (7, 7417);
insert into Candidacy (wkid, idno) VALUES (535, 7417);
insert into Citizen (idno, title, firstname, lastname, dateofbirth, gender) VALUES (7418, '', 'Strengmann-Kuhn', 'Wolfgang', '1.1.1964.', 'p');
insert into CandidatesData (idno) VALUES (7418);
insert into PartyMembership (pid, idno) VALUES (5, 7418);
insert into Candidacy (wkid, idno) VALUES (484, 7418);
insert into Landeslistenplatz (llid, idno, position) VALUES (144, 7418, 6);
insert into Citizen (idno, title, firstname, lastname, dateofbirth, gender) VALUES (7419, '', 'Strenz', 'Karin', '1.1.1967.', 'p');
insert into CandidatesData (idno) VALUES (7419);
insert into PartyMembership (pid, idno) VALUES (12, 7419);
insert into Candidacy (wkid, idno) VALUES (312, 7419);
insert into Landeslistenplatz (llid, idno, position) VALUES (191, 7419, 5);
insert into Citizen (idno, title, firstname, lastname, dateofbirth, gender) VALUES (7420, '', 'Strerath', 'Christian', '1.1.1988.', 'p');
insert into CandidatesData (idno) VALUES (7420);
insert into PartyMembership (pid, idno) VALUES (31, 7420);
insert into Landeslistenplatz (llid, idno, position) VALUES (123, 7420, 39);
insert into Citizen (idno, title, firstname, lastname, dateofbirth, gender) VALUES (7421, '', 'Strickner', 'Gerald', '1.1.1953.', 'p');
insert into CandidatesData (idno) VALUES (7421);
insert into PartyMembership (pid, idno) VALUES (10, 7421);
insert into Candidacy (wkid, idno) VALUES (522, 7421);
insert into Landeslistenplatz (llid, idno, position) VALUES (217, 7421, 3);
insert into Citizen (idno, title, firstname, lastname, dateofbirth, gender) VALUES (7422, '', 'Striess-Grubert', 'Udo', '1.1.1959.', 'p');
insert into CandidatesData (idno) VALUES (7422);
insert into PartyMembership (pid, idno) VALUES (32, 7422);
insert into Candidacy (wkid, idno) VALUES (325, 7422);
insert into Landeslistenplatz (llid, idno, position) VALUES (108, 7422, 9);
insert into Citizen (idno, title, firstname, lastname, dateofbirth, gender) VALUES (7423, '', 'Strippel', 'Hans-Jürgen', '1.1.1951.', 'p');
insert into CandidatesData (idno) VALUES (7423);
insert into PartyMembership (pid, idno) VALUES (10, 7423);
insert into Landeslistenplatz (llid, idno, position) VALUES (180, 7423, 19);
insert into Citizen (idno, title, firstname, lastname, dateofbirth, gender) VALUES (7424, '', 'Stritzl', 'Thomas', '1.1.1957.', 'p');
insert into CandidatesData (idno) VALUES (7424);
insert into PartyMembership (pid, idno) VALUES (12, 7424);
insert into Candidacy (wkid, idno) VALUES (304, 7424);
insert into Landeslistenplatz (llid, idno, position) VALUES (159, 7424, 10);
insert into Citizen (idno, title, firstname, lastname, dateofbirth, gender) VALUES (7425, '', 'Strobl', 'Thomas', '1.1.1960.', 'p');
insert into CandidatesData (idno) VALUES (7425);
insert into PartyMembership (pid, idno) VALUES (12, 7425);
insert into Candidacy (wkid, idno) VALUES (566, 7425);
insert into Landeslistenplatz (llid, idno, position) VALUES (105, 7425, 5);
insert into Citizen (idno, title, firstname, lastname, dateofbirth, gender) VALUES (7426, '', 'Ströbele', 'Hans-Christian', '1.1.1939.', 'p');
insert into CandidatesData (idno) VALUES (7426);
insert into PartyMembership (pid, idno) VALUES (5, 7426);
insert into Candidacy (wkid, idno) VALUES (382, 7426);
insert into Citizen (idno, title, firstname, lastname, dateofbirth, gender) VALUES (7427, '', 'Stroedter', 'Jörg Klaus Hartmut', '1.1.1954.', 'p');
insert into CandidatesData (idno) VALUES (7427);
insert into PartyMembership (pid, idno) VALUES (2, 7427);
insert into Candidacy (wkid, idno) VALUES (376, 7427);
insert into Citizen (idno, title, firstname, lastname, dateofbirth, gender) VALUES (7428, '', 'Stroman', 'Hero Jan', '1.1.1946.', 'p');
insert into CandidatesData (idno) VALUES (7428);
insert into PartyMembership (pid, idno) VALUES (32, 7428);
insert into Candidacy (wkid, idno) VALUES (326, 7428);
insert into Citizen (idno, title, firstname, lastname, dateofbirth, gender) VALUES (7429, '', 'Strotbek', 'Lisa', '1.1.1986.', 'p');
insert into CandidatesData (idno) VALUES (7429);
insert into PartyMembership (pid, idno) VALUES (4, 7429);
insert into Candidacy (wkid, idno) VALUES (568, 7429);
insert into Landeslistenplatz (llid, idno, position) VALUES (51, 7429, 12);
insert into Citizen (idno, title, firstname, lastname, dateofbirth, gender) VALUES (7430, '', 'Strothmann', 'Lena', '1.1.1952.', 'p');
insert into CandidatesData (idno) VALUES (7430);
insert into PartyMembership (pid, idno) VALUES (12, 7430);
insert into Candidacy (wkid, idno) VALUES (431, 7430);
insert into Landeslistenplatz (llid, idno, position) VALUES (136, 7430, 18);
insert into Citizen (idno, title, firstname, lastname, dateofbirth, gender) VALUES (7431, '', 'Stubbe', 'Hermann', '1.1.1968.', 'p');
insert into CandidatesData (idno) VALUES (7431);
insert into PartyMembership (pid, idno) VALUES (5, 7431);
insert into Candidacy (wkid, idno) VALUES (427, 7431);
insert into Landeslistenplatz (llid, idno, position) VALUES (83, 7431, 26);
insert into Citizen (idno, title, firstname, lastname, dateofbirth, gender) VALUES (7432, '', 'Stubenrauch', 'Erhard', '1.1.1947.', 'p');
insert into CandidatesData (idno) VALUES (7432);
insert into PartyMembership (pid, idno) VALUES (4, 7432);
insert into Candidacy (wkid, idno) VALUES (547, 7432);
insert into Landeslistenplatz (llid, idno, position) VALUES (102, 7432, 45);
insert into Citizen (idno, title, firstname, lastname, dateofbirth, gender) VALUES (7433, '', 'Stuckel-Lotz', 'Elke Marita', '1.1.1948.', 'p');
insert into CandidatesData (idno) VALUES (7433);
insert into PartyMembership (pid, idno) VALUES (5, 7433);
insert into Candidacy (wkid, idno) VALUES (424, 7433);
insert into Citizen (idno, title, firstname, lastname, dateofbirth, gender) VALUES (7434, '', 'Stüber', 'Sabine Ursula', '1.1.1953.', 'p');
insert into CandidatesData (idno) VALUES (7434);
insert into PartyMembership (pid, idno) VALUES (3, 7434);
insert into Candidacy (wkid, idno) VALUES (356, 7434);
insert into Landeslistenplatz (llid, idno, position) VALUES (236, 7434, 7);
insert into Citizen (idno, title, firstname, lastname, dateofbirth, gender) VALUES (7435, '', 'Stübgen', 'Michael', '1.1.1959.', 'p');
insert into CandidatesData (idno) VALUES (7435);
insert into PartyMembership (pid, idno) VALUES (12, 7435);
insert into Candidacy (wkid, idno) VALUES (364, 7435);
insert into Landeslistenplatz (llid, idno, position) VALUES (218, 7435, 1);
insert into Citizen (idno, title, firstname, lastname, dateofbirth, gender) VALUES (7436, '', 'Stück von der', 'Heidrun', '1.1.1944.', 'p');
insert into CandidatesData (idno) VALUES (7436);
insert into PartyMembership (pid, idno) VALUES (3, 7436);
insert into Landeslistenplatz (llid, idno, position) VALUES (95, 7436, 26);
insert into Citizen (idno, title, firstname, lastname, dateofbirth, gender) VALUES (7437, '', 'Stürtz', 'Heinrich', '1.1.1949.', 'p');
insert into CandidatesData (idno) VALUES (7437);
insert into PartyMembership (pid, idno) VALUES (3, 7437);
insert into Candidacy (wkid, idno) VALUES (577, 7437);
insert into Citizen (idno, title, firstname, lastname, dateofbirth, gender) VALUES (7438, '', 'Stuiber', 'Alfred', '1.1.1980.', 'p');
insert into CandidatesData (idno) VALUES (7438);
insert into PartyMembership (pid, idno) VALUES (4, 7438);
insert into Candidacy (wkid, idno) VALUES (533, 7438);
insert into Landeslistenplatz (llid, idno, position) VALUES (102, 7438, 35);
insert into Citizen (idno, title, firstname, lastname, dateofbirth, gender) VALUES (7439, '', 'Stumpp', 'Margit', '1.1.1963.', 'p');
insert into CandidatesData (idno) VALUES (7439);
insert into PartyMembership (pid, idno) VALUES (5, 7439);
insert into Candidacy (wkid, idno) VALUES (569, 7439);
insert into Landeslistenplatz (llid, idno, position) VALUES (61, 7439, 15);
insert into Citizen (idno, title, firstname, lastname, dateofbirth, gender) VALUES (7440, '', 'Sturm', 'Jan', '1.1.1965.', 'p');
insert into CandidatesData (idno) VALUES (7440);
insert into PartyMembership (pid, idno) VALUES (1, 7440);
insert into Candidacy (wkid, idno) VALUES (381, 7440);
insert into Landeslistenplatz (llid, idno, position) VALUES (246, 7440, 5);
insert into Citizen (idno, title, firstname, lastname, dateofbirth, gender) VALUES (7441, '', 'Sturm', 'Karsten', '1.1.1966.', 'p');
insert into CandidatesData (idno) VALUES (7441);
insert into PartyMembership (pid, idno) VALUES (33, 7441);
insert into Candidacy (wkid, idno) VALUES (598, 7441);
insert into Landeslistenplatz (llid, idno, position) VALUES (252, 7441, 2);
insert into Citizen (idno, title, firstname, lastname, dateofbirth, gender) VALUES (7442, '', 'Sturn', 'Timo', '1.1.1979.', 'p');
insert into CandidatesData (idno) VALUES (7442);
insert into PartyMembership (pid, idno) VALUES (33, 7442);
insert into Candidacy (wkid, idno) VALUES (586, 7442);
insert into Citizen (idno, title, firstname, lastname, dateofbirth, gender) VALUES (7443, '', 'Sünder', 'Claudia', '1.1.1969.', 'p');
insert into CandidatesData (idno) VALUES (7443);
insert into PartyMembership (pid, idno) VALUES (2, 7443);
insert into Candidacy (wkid, idno) VALUES (569, 7443);
insert into Landeslistenplatz (llid, idno, position) VALUES (76, 7443, 24);
insert into Citizen (idno, title, firstname, lastname, dateofbirth, gender) VALUES (7444, '', 'Sünneke', 'Olaf', '1.1.1964.', 'p');
insert into CandidatesData (idno) VALUES (7444);
insert into PartyMembership (pid, idno) VALUES (10, 7444);
insert into Landeslistenplatz (llid, idno, position) VALUES (217, 7444, 11);
insert into Citizen (idno, title, firstname, lastname, dateofbirth, gender) VALUES (7445, '', 'Süssig', 'Arno', '1.1.1957.', 'p');
insert into CandidatesData (idno) VALUES (7445);
insert into PartyMembership (pid, idno) VALUES (32, 7445);
insert into Landeslistenplatz (llid, idno, position) VALUES (101, 7445, 6);
insert into Citizen (idno, title, firstname, lastname, dateofbirth, gender) VALUES (7446, '', 'Süßmair', 'Alexander Wilhelm', '1.1.1977.', 'p');
insert into CandidatesData (idno) VALUES (7446);
insert into PartyMembership (pid, idno) VALUES (3, 7446);
insert into Candidacy (wkid, idno) VALUES (551, 7446);
insert into Citizen (idno, title, firstname, lastname, dateofbirth, gender) VALUES (7447, 'Dr. ', 'Sütterlin-Waack', 'Sabine', '1.1.1958.', 'p');
insert into CandidatesData (idno) VALUES (7447);
insert into PartyMembership (pid, idno) VALUES (12, 7447);
insert into Candidacy (wkid, idno) VALUES (300, 7447);
insert into Landeslistenplatz (llid, idno, position) VALUES (159, 7447, 6);
insert into Citizen (idno, title, firstname, lastname, dateofbirth, gender) VALUES (7448, '', 'Suhren', 'Bodo', '1.1.1968.', 'p');
insert into CandidatesData (idno) VALUES (7448);
insert into PartyMembership (pid, idno) VALUES (33, 7448);
insert into Landeslistenplatz (llid, idno, position) VALUES (30, 7448, 13);
insert into Citizen (idno, title, firstname, lastname, dateofbirth, gender) VALUES (7449, '', 'Summerer', 'Christa', '1.1.1958.', 'p');
insert into CandidatesData (idno) VALUES (7449);
insert into PartyMembership (pid, idno) VALUES (15, 7449);
insert into Landeslistenplatz (llid, idno, position) VALUES (55, 7449, 5);
insert into Citizen (idno, title, firstname, lastname, dateofbirth, gender) VALUES (7450, '', 'Suntheim', 'Helmut Wilfried', '1.1.1962.', 'p');
insert into CandidatesData (idno) VALUES (7450);
insert into PartyMembership (pid, idno) VALUES (32, 7450);
insert into Candidacy (wkid, idno) VALUES (550, 7450);
insert into Landeslistenplatz (llid, idno, position) VALUES (33, 7450, 14);
insert into Citizen (idno, title, firstname, lastname, dateofbirth, gender) VALUES (7451, '', 'Suntum van', 'Dorothe', '1.1.1963.', 'p');
insert into CandidatesData (idno) VALUES (7451);
insert into PartyMembership (pid, idno) VALUES (33, 7451);
insert into Candidacy (wkid, idno) VALUES (426, 7451);
insert into Landeslistenplatz (llid, idno, position) VALUES (80, 7451, 34);
insert into Citizen (idno, title, firstname, lastname, dateofbirth, gender) VALUES (7452, '', 'Surmann', 'Udo', '1.1.1948.', 'p');
insert into CandidatesData (idno) VALUES (7452);
insert into Candidacy (wkid, idno) VALUES (421, 7452);
insert into Citizen (idno, title, firstname, lastname, dateofbirth, gender) VALUES (7453, '', 'Susemihl', 'Dirk', '1.1.1969.', 'p');
insert into CandidatesData (idno) VALUES (7453);
insert into PartyMembership (pid, idno) VALUES (1, 7453);
insert into Landeslistenplatz (llid, idno, position) VALUES (62, 7453, 5);
insert into Citizen (idno, title, firstname, lastname, dateofbirth, gender) VALUES (7454, '', 'Swillus-Knöchel', 'Cornelia', '1.1.1963.', 'p');
insert into CandidatesData (idno) VALUES (7454);
insert into PartyMembership (pid, idno) VALUES (3, 7454);
insert into Candidacy (wkid, idno) VALUES (419, 7454);
insert into Landeslistenplatz (llid, idno, position) VALUES (95, 7454, 17);
insert into Citizen (idno, title, firstname, lastname, dateofbirth, gender) VALUES (7455, '', 'Sylla', 'Franziska', '1.1.1971.', 'p');
insert into CandidatesData (idno) VALUES (7455);
insert into Candidacy (wkid, idno) VALUES (374, 7455);
insert into Citizen (idno, title, firstname, lastname, dateofbirth, gender) VALUES (7456, '', 'Székely', 'Michael', '1.1.1968.', 'p');
insert into CandidatesData (idno) VALUES (7456);
insert into PartyMembership (pid, idno) VALUES (4, 7456);
insert into Candidacy (wkid, idno) VALUES (541, 7456);
insert into Landeslistenplatz (llid, idno, position) VALUES (102, 7456, 12);
insert into Citizen (idno, title, firstname, lastname, dateofbirth, gender) VALUES (7457, '', 'Szoboszlai', 'Josef', '1.1.1984.', 'p');
insert into CandidatesData (idno) VALUES (7457);
insert into PartyMembership (pid, idno) VALUES (35, 7457);
insert into Landeslistenplatz (llid, idno, position) VALUES (66, 7457, 4);
insert into Citizen (idno, title, firstname, lastname, dateofbirth, gender) VALUES (7458, '', 'Szymanek', 'Christian', '1.1.1984.', 'p');
insert into CandidatesData (idno) VALUES (7458);
insert into PartyMembership (pid, idno) VALUES (7, 7458);
insert into Candidacy (wkid, idno) VALUES (341, 7458);
insert into Citizen (idno, title, firstname, lastname, dateofbirth, gender) VALUES (7459, '', 'Szymanski', 'Holger', '1.1.1972.', 'p');
insert into CandidatesData (idno) VALUES (7459);
insert into PartyMembership (pid, idno) VALUES (1, 7459);
insert into Candidacy (wkid, idno) VALUES (455, 7459);
insert into Landeslistenplatz (llid, idno, position) VALUES (68, 7459, 2);
insert into Citizen (idno, title, firstname, lastname, dateofbirth, gender) VALUES (7460, '', 'Tacer', 'Philipp', '1.1.1983.', 'p');
insert into CandidatesData (idno) VALUES (7460);
insert into PartyMembership (pid, idno) VALUES (2, 7460);
insert into Candidacy (wkid, idno) VALUES (405, 7460);
insert into Landeslistenplatz (llid, idno, position) VALUES (73, 7460, 49);
insert into Citizen (idno, title, firstname, lastname, dateofbirth, gender) VALUES (7461, '', 'Tack', 'Kerstin', '1.1.1968.', 'p');
insert into CandidatesData (idno) VALUES (7461);
insert into PartyMembership (pid, idno) VALUES (2, 7461);
insert into Candidacy (wkid, idno) VALUES (340, 7461);
insert into Landeslistenplatz (llid, idno, position) VALUES (69, 7461, 24);
insert into Citizen (idno, title, firstname, lastname, dateofbirth, gender) VALUES (7462, 'Dr. ', 'Tackmann', 'Kirsten', '1.1.1960.', 'p');
insert into CandidatesData (idno) VALUES (7462);
insert into PartyMembership (pid, idno) VALUES (3, 7462);
insert into Candidacy (wkid, idno) VALUES (355, 7462);
insert into Landeslistenplatz (llid, idno, position) VALUES (236, 7462, 3);
insert into Citizen (idno, title, firstname, lastname, dateofbirth, gender) VALUES (7463, '', 'Täge', 'Stefan', '1.1.1969.', 'p');
insert into CandidatesData (idno) VALUES (7463);
insert into PartyMembership (pid, idno) VALUES (7, 7463);
insert into Candidacy (wkid, idno) VALUES (574, 7463);
insert into Citizen (idno, title, firstname, lastname, dateofbirth, gender) VALUES (7464, '', 'Taglang', 'Stefan Johannes', '1.1.1965.', 'p');
insert into CandidatesData (idno) VALUES (7464);
insert into PartyMembership (pid, idno) VALUES (9, 7464);
insert into Landeslistenplatz (llid, idno, position) VALUES (47, 7464, 65);
insert into Citizen (idno, title, firstname, lastname, dateofbirth, gender) VALUES (7465, '', 'Tangermann', 'Renate', '1.1.1940.', 'p');
insert into CandidatesData (idno) VALUES (7465);
insert into PartyMembership (pid, idno) VALUES (12, 7465);
insert into Landeslistenplatz (llid, idno, position) VALUES (159, 7465, 24);
insert into Citizen (idno, title, firstname, lastname, dateofbirth, gender) VALUES (7466, '', 'Tanis', 'Emre', '1.1.1988.', 'p');
insert into CandidatesData (idno) VALUES (7466);
insert into PartyMembership (pid, idno) VALUES (34, 7466);
insert into Candidacy (wkid, idno) VALUES (379, 7466);
insert into Landeslistenplatz (llid, idno, position) VALUES (187, 7466, 7);
insert into Citizen (idno, title, firstname, lastname, dateofbirth, gender) VALUES (7467, '', 'Tank', 'Azize', '1.1.1950.', 'p');
insert into CandidatesData (idno) VALUES (7467);
insert into PartyMembership (pid, idno) VALUES (3, 7467);
insert into Candidacy (wkid, idno) VALUES (380, 7467);
insert into Landeslistenplatz (llid, idno, position) VALUES (196, 7467, 6);
insert into Citizen (idno, title, firstname, lastname, dateofbirth, gender) VALUES (7468, '', 'Tanriverdi', 'Rasit', '1.1.1969.', 'p');
insert into CandidatesData (idno) VALUES (7468);
insert into PartyMembership (pid, idno) VALUES (34, 7468);
insert into Candidacy (wkid, idno) VALUES (380, 7468);
insert into Landeslistenplatz (llid, idno, position) VALUES (187, 7468, 2);
insert into Citizen (idno, title, firstname, lastname, dateofbirth, gender) VALUES (7469, '', 'Tas', 'Hakan', '1.1.1966.', 'p');
insert into CandidatesData (idno) VALUES (7469);
insert into PartyMembership (pid, idno) VALUES (3, 7469);
insert into Candidacy (wkid, idno) VALUES (376, 7469);
insert into Landeslistenplatz (llid, idno, position) VALUES (196, 7469, 8);
insert into Citizen (idno, title, firstname, lastname, dateofbirth, gender) VALUES (7470, '', 'Tasch', 'Marco Josef', '1.1.1975.', 'p');
insert into CandidatesData (idno) VALUES (7470);
insert into PartyMembership (pid, idno) VALUES (32, 7470);
insert into Candidacy (wkid, idno) VALUES (488, 7470);
insert into Landeslistenplatz (llid, idno, position) VALUES (145, 7470, 1);
insert into Citizen (idno, title, firstname, lastname, dateofbirth, gender) VALUES (7471, '', 'Tassis', 'Alexander', '1.1.1970.', 'p');
insert into CandidatesData (idno) VALUES (7471);
insert into PartyMembership (pid, idno) VALUES (33, 7471);
insert into Landeslistenplatz (llid, idno, position) VALUES (253, 7471, 5);
insert into Citizen (idno, title, firstname, lastname, dateofbirth, gender) VALUES (7472, '', 'Taube', 'Ralf Thomas', '1.1.1964.', 'p');
insert into CandidatesData (idno) VALUES (7472);
insert into PartyMembership (pid, idno) VALUES (1, 7472);
insert into Candidacy (wkid, idno) VALUES (331, 7472);
insert into Citizen (idno, title, firstname, lastname, dateofbirth, gender) VALUES (7473, 'Dr. ', 'Tauber', 'Peter Michael', '1.1.1974.', 'p');
insert into CandidatesData (idno) VALUES (7473);
insert into PartyMembership (pid, idno) VALUES (12, 7473);
insert into Candidacy (wkid, idno) VALUES (474, 7473);
insert into Landeslistenplatz (llid, idno, position) VALUES (88, 7473, 10);
insert into Citizen (idno, title, firstname, lastname, dateofbirth, gender) VALUES (7474, '', 'Tausend', 'Claudia Rosina', '1.1.1964.', 'p');
insert into CandidatesData (idno) VALUES (7474);
insert into PartyMembership (pid, idno) VALUES (2, 7474);
insert into Candidacy (wkid, idno) VALUES (518, 7474);
insert into Landeslistenplatz (llid, idno, position) VALUES (87, 7474, 14);
insert into Citizen (idno, title, firstname, lastname, dateofbirth, gender) VALUES (7475, '', 'Tegethof', 'Hans Josef', '1.1.1946.', 'p');
insert into CandidatesData (idno) VALUES (7475);
insert into Candidacy (wkid, idno) VALUES (436, 7475);
insert into Citizen (idno, title, firstname, lastname, dateofbirth, gender) VALUES (7476, '', 'Tempel', 'Frank', '1.1.1969.', 'p');
insert into CandidatesData (idno) VALUES (7476);
insert into PartyMembership (pid, idno) VALUES (3, 7476);
insert into Candidacy (wkid, idno) VALUES (494, 7476);
insert into Landeslistenplatz (llid, idno, position) VALUES (79, 7476, 4);
insert into Citizen (idno, title, firstname, lastname, dateofbirth, gender) VALUES (7477, '', 'Tempel', 'Patrick', '1.1.1987.', 'p');
insert into CandidatesData (idno) VALUES (7477);
insert into PartyMembership (pid, idno) VALUES (12, 7477);
insert into Landeslistenplatz (llid, idno, position) VALUES (191, 7477, 12);
insert into Citizen (idno, title, firstname, lastname, dateofbirth, gender) VALUES (7478, 'Dr. ', 'Terpe', 'Frank Harald', '1.1.1954.', 'p');
insert into CandidatesData (idno) VALUES (7478);
insert into PartyMembership (pid, idno) VALUES (5, 7478);
insert into Candidacy (wkid, idno) VALUES (313, 7478);
insert into Landeslistenplatz (llid, idno, position) VALUES (176, 7478, 1);
insert into Citizen (idno, title, firstname, lastname, dateofbirth, gender) VALUES (7479, '', 'Terwiesche', 'Michael', '1.1.1964.', 'p');
insert into CandidatesData (idno) VALUES (7479);
insert into PartyMembership (pid, idno) VALUES (4, 7479);
insert into Candidacy (wkid, idno) VALUES (413, 7479);
insert into Landeslistenplatz (llid, idno, position) VALUES (98, 7479, 24);
insert into Citizen (idno, title, firstname, lastname, dateofbirth, gender) VALUES (7480, 'Dr. ', 'Teschke', 'Ditmar', '1.1.1963.', 'p');
insert into CandidatesData (idno) VALUES (7480);
insert into Candidacy (wkid, idno) VALUES (434, 7480);
insert into Citizen (idno, title, firstname, lastname, dateofbirth, gender) VALUES (7481, '', 'Tessmer', 'Norbert', '1.1.1953.', 'p');
insert into CandidatesData (idno) VALUES (7481);
insert into PartyMembership (pid, idno) VALUES (2, 7481);
insert into Candidacy (wkid, idno) VALUES (537, 7481);
insert into Citizen (idno, title, firstname, lastname, dateofbirth, gender) VALUES (7482, '', 'Teuteberg', 'Holger', '1.1.1964.', 'p');
insert into CandidatesData (idno) VALUES (7482);
insert into PartyMembership (pid, idno) VALUES (33, 7482);
insert into Candidacy (wkid, idno) VALUES (331, 7482);
insert into Citizen (idno, title, firstname, lastname, dateofbirth, gender) VALUES (7483, '', 'Teybig', 'Gerald Günther', '1.1.1962.', 'p');
insert into CandidatesData (idno) VALUES (7483);
insert into PartyMembership (pid, idno) VALUES (7, 7483);
insert into Candidacy (wkid, idno) VALUES (392, 7483);
insert into Citizen (idno, title, firstname, lastname, dateofbirth, gender) VALUES (7484, '', 'Thalmeier', 'Just', '1.1.1969.', 'p');
insert into CandidatesData (idno) VALUES (7484);
insert into PartyMembership (pid, idno) VALUES (32, 7484);
insert into Candidacy (wkid, idno) VALUES (528, 7484);
insert into Citizen (idno, title, firstname, lastname, dateofbirth, gender) VALUES (7485, '', 'Tharun', 'Vivien Franziska Louise', '1.1.1980.', 'p');
insert into CandidatesData (idno) VALUES (7485);
insert into PartyMembership (pid, idno) VALUES (31, 7485);
insert into Landeslistenplatz (llid, idno, position) VALUES (123, 7485, 6);
insert into Citizen (idno, title, firstname, lastname, dateofbirth, gender) VALUES (7486, '', 'Theelen', 'Sebastian', '1.1.1979.', 'p');
insert into CandidatesData (idno) VALUES (7486);
insert into PartyMembership (pid, idno) VALUES (35, 7486);
insert into Landeslistenplatz (llid, idno, position) VALUES (46, 7486, 7);
insert into Citizen (idno, title, firstname, lastname, dateofbirth, gender) VALUES (7487, '', 'Theis', 'Klaus', '1.1.1957.', 'p');
insert into CandidatesData (idno) VALUES (7487);
insert into PartyMembership (pid, idno) VALUES (36, 7487);
insert into Landeslistenplatz (llid, idno, position) VALUES (56, 7487, 25);
insert into Citizen (idno, title, firstname, lastname, dateofbirth, gender) VALUES (7488, '', 'Theißen', 'Andreas Manfred', '1.1.1972.', 'p');
insert into CandidatesData (idno) VALUES (7488);
insert into PartyMembership (pid, idno) VALUES (1, 7488);
insert into Landeslistenplatz (llid, idno, position) VALUES (62, 7488, 8);
insert into Citizen (idno, title, firstname, lastname, dateofbirth, gender) VALUES (7489, '', 'Thenhart', 'Vincent', '1.1.1993.', 'p');
insert into CandidatesData (idno) VALUES (7489);
insert into PartyMembership (pid, idno) VALUES (7, 7489);
insert into Candidacy (wkid, idno) VALUES (508, 7489);
insert into Landeslistenplatz (llid, idno, position) VALUES (173, 7489, 1);
insert into Citizen (idno, title, firstname, lastname, dateofbirth, gender) VALUES (7490, '', 'Theobald', 'Jessica', '1.1.1976.', 'p');
insert into CandidatesData (idno) VALUES (7490);
insert into PartyMembership (pid, idno) VALUES (12, 7490);
insert into Landeslistenplatz (llid, idno, position) VALUES (53, 7490, 22);
insert into Citizen (idno, title, firstname, lastname, dateofbirth, gender) VALUES (7491, '', 'Theobald', 'Robert', '1.1.1960.', 'p');
insert into CandidatesData (idno) VALUES (7491);
insert into PartyMembership (pid, idno) VALUES (2, 7491);
insert into Landeslistenplatz (llid, idno, position) VALUES (77, 7491, 12);
insert into Citizen (idno, title, firstname, lastname, dateofbirth, gender) VALUES (7492, '', 'Thews', 'Michael', '1.1.1964.', 'p');
insert into CandidatesData (idno) VALUES (7492);
insert into PartyMembership (pid, idno) VALUES (2, 7492);
insert into Candidacy (wkid, idno) VALUES (444, 7492);
insert into Landeslistenplatz (llid, idno, position) VALUES (73, 7492, 54);
insert into Citizen (idno, title, firstname, lastname, dateofbirth, gender) VALUES (7493, '', 'Thiel', 'Carsten', '1.1.1969.', 'p');
insert into CandidatesData (idno) VALUES (7493);
insert into PartyMembership (pid, idno) VALUES (32, 7493);
insert into Candidacy (wkid, idno) VALUES (407, 7493);
insert into Landeslistenplatz (llid, idno, position) VALUES (143, 7493, 4);
insert into Citizen (idno, title, firstname, lastname, dateofbirth, gender) VALUES (7494, '', 'Thiel', 'Volker', '1.1.1955.', 'p');
insert into CandidatesData (idno) VALUES (7494);
insert into PartyMembership (pid, idno) VALUES (4, 7494);
insert into Candidacy (wkid, idno) VALUES (383, 7494);
insert into Landeslistenplatz (llid, idno, position) VALUES (89, 7494, 6);
insert into Citizen (idno, title, firstname, lastname, dateofbirth, gender) VALUES (7495, 'Dr. ', 'Thiele', 'Thomas', '1.1.1957.', 'p');
insert into CandidatesData (idno) VALUES (7495);
insert into PartyMembership (pid, idno) VALUES (4, 7495);
insert into Candidacy (wkid, idno) VALUES (338, 7495);
insert into Landeslistenplatz (llid, idno, position) VALUES (127, 7495, 24);
insert into Citizen (idno, title, firstname, lastname, dateofbirth, gender) VALUES (7496, '', 'Thiele', 'Henry Karl-Heinz', '1.1.1960.', 'p');
insert into CandidatesData (idno) VALUES (7496);
insert into PartyMembership (pid, idno) VALUES (4, 7496);
insert into Landeslistenplatz (llid, idno, position) VALUES (116, 7496, 22);
insert into Citizen (idno, title, firstname, lastname, dateofbirth, gender) VALUES (7497, '', 'Thiele', 'Werner Wolfgang', '1.1.1947.', 'p');
insert into CandidatesData (idno) VALUES (7497);
insert into PartyMembership (pid, idno) VALUES (33, 7497);
insert into Candidacy (wkid, idno) VALUES (542, 7497);
insert into Citizen (idno, title, firstname, lastname, dateofbirth, gender) VALUES (7498, '', 'Thieme', 'Axel', '1.1.1949.', 'p');
insert into CandidatesData (idno) VALUES (7498);
insert into PartyMembership (pid, idno) VALUES (1, 7498);
insert into Candidacy (wkid, idno) VALUES (442, 7498);
insert into Landeslistenplatz (llid, idno, position) VALUES (200, 7498, 7);
insert into Citizen (idno, title, firstname, lastname, dateofbirth, gender) VALUES (7499, '', 'Thiesen', 'Frank', '1.1.1966.', 'p');
insert into CandidatesData (idno) VALUES (7499);
insert into PartyMembership (pid, idno) VALUES (7, 7499);
insert into Candidacy (wkid, idno) VALUES (377, 7499);
insert into Citizen (idno, title, firstname, lastname, dateofbirth, gender) VALUES (7500, 'Dr. ', 'Thissen', 'Karin', '1.1.1960.', 'p');
insert into CandidatesData (idno) VALUES (7500);
insert into PartyMembership (pid, idno) VALUES (2, 7500);
insert into Candidacy (wkid, idno) VALUES (302, 7500);
insert into Landeslistenplatz (llid, idno, position) VALUES (103, 7500, 10);
insert into Citizen (idno, title, firstname, lastname, dateofbirth, gender) VALUES (7501, '', 'Thönnes', 'Franz', '1.1.1954.', 'p');
insert into CandidatesData (idno) VALUES (7501);
insert into PartyMembership (pid, idno) VALUES (2, 7501);
insert into Candidacy (wkid, idno) VALUES (307, 7501);
insert into Landeslistenplatz (llid, idno, position) VALUES (103, 7501, 5);
insert into Citizen (idno, title, firstname, lastname, dateofbirth, gender) VALUES (7502, '', 'Thomae', 'Christian', '1.1.1981.', 'p');
insert into CandidatesData (idno) VALUES (7502);
insert into PartyMembership (pid, idno) VALUES (7, 7502);
insert into Candidacy (wkid, idno) VALUES (557, 7502);
insert into Landeslistenplatz (llid, idno, position) VALUES (48, 7502, 14);
insert into Citizen (idno, title, firstname, lastname, dateofbirth, gender) VALUES (7503, '', 'Thomae', 'Lisa', '1.1.1989.', 'p');
insert into CandidatesData (idno) VALUES (7503);
insert into PartyMembership (pid, idno) VALUES (35, 7503);
insert into Landeslistenplatz (llid, idno, position) VALUES (57, 7503, 16);
insert into Citizen (idno, title, firstname, lastname, dateofbirth, gender) VALUES (7504, '', 'Thomae', 'Stephan', '1.1.1968.', 'p');
insert into CandidatesData (idno) VALUES (7504);
insert into PartyMembership (pid, idno) VALUES (4, 7504);
insert into Candidacy (wkid, idno) VALUES (555, 7504);
insert into Landeslistenplatz (llid, idno, position) VALUES (102, 7504, 20);
insert into Citizen (idno, title, firstname, lastname, dateofbirth, gender) VALUES (7505, '', 'Thomas', 'Christian', '1.1.1964.', 'p');
insert into CandidatesData (idno) VALUES (7505);
insert into PartyMembership (pid, idno) VALUES (36, 7505);
insert into Landeslistenplatz (llid, idno, position) VALUES (56, 7505, 16);
insert into Citizen (idno, title, firstname, lastname, dateofbirth, gender) VALUES (7506, '', 'Thomas', 'Maaike Amalie', '1.1.1952.', 'p');
insert into CandidatesData (idno) VALUES (7506);
insert into PartyMembership (pid, idno) VALUES (5, 7506);
insert into Candidacy (wkid, idno) VALUES (421, 7506);
insert into Citizen (idno, title, firstname, lastname, dateofbirth, gender) VALUES (7507, '', 'Thomé', 'Josef', '1.1.1959.', 'p');
insert into CandidatesData (idno) VALUES (7507);
insert into PartyMembership (pid, idno) VALUES (33, 7507);
insert into Landeslistenplatz (llid, idno, position) VALUES (63, 7507, 11);
insert into Citizen (idno, title, firstname, lastname, dateofbirth, gender) VALUES (7508, '', 'Thomsen', 'Thomas', '1.1.1950.', 'p');
insert into CandidatesData (idno) VALUES (7508);
insert into PartyMembership (pid, idno) VALUES (33, 7508);
insert into Landeslistenplatz (llid, idno, position) VALUES (111, 7508, 6);
insert into Citizen (idno, title, firstname, lastname, dateofbirth, gender) VALUES (7509, '', 'Thomsen-Marwitz', 'Ursula', '1.1.1952.', 'p');
insert into CandidatesData (idno) VALUES (7509);
insert into PartyMembership (pid, idno) VALUES (32, 7509);
insert into Landeslistenplatz (llid, idno, position) VALUES (254, 7509, 4);
insert into Citizen (idno, title, firstname, lastname, dateofbirth, gender) VALUES (7510, '', 'Thorwart', 'Liane Natascha Lydia', '1.1.1970.', 'p');
insert into CandidatesData (idno) VALUES (7510);
insert into PartyMembership (pid, idno) VALUES (29, 7510);
insert into Landeslistenplatz (llid, idno, position) VALUES (31, 7510, 2);
insert into Citizen (idno, title, firstname, lastname, dateofbirth, gender) VALUES (7511, '', 'Thron', 'Jonathan Christian', '1.1.1986.', 'p');
insert into CandidatesData (idno) VALUES (7511);
insert into PartyMembership (pid, idno) VALUES (10, 7511);
insert into Landeslistenplatz (llid, idno, position) VALUES (177, 7511, 3);
insert into Citizen (idno, title, firstname, lastname, dateofbirth, gender) VALUES (7512, '', 'Thum', 'Johann', '1.1.1958.', 'p');
insert into CandidatesData (idno) VALUES (7512);
insert into PartyMembership (pid, idno) VALUES (35, 7512);
insert into Landeslistenplatz (llid, idno, position) VALUES (66, 7512, 11);
insert into Citizen (idno, title, firstname, lastname, dateofbirth, gender) VALUES (7513, '', 'Tickert', 'Rolf', '1.1.1955.', 'p');
insert into CandidatesData (idno) VALUES (7513);
insert into PartyMembership (pid, idno) VALUES (13, 7513);
insert into Landeslistenplatz (llid, idno, position) VALUES (82, 7513, 3);
insert into Citizen (idno, title, firstname, lastname, dateofbirth, gender) VALUES (7514, '', 'Tiedtke', 'Sandra', '1.1.1985.', 'p');
insert into CandidatesData (idno) VALUES (7514);
insert into PartyMembership (pid, idno) VALUES (7, 7514);
insert into Candidacy (wkid, idno) VALUES (369, 7514);
insert into Landeslistenplatz (llid, idno, position) VALUES (175, 7514, 1);
insert into Citizen (idno, title, firstname, lastname, dateofbirth, gender) VALUES (7515, '', 'Tiefensee', 'Wolfgang Erwin Bernhard', '1.1.1955.', 'p');
insert into CandidatesData (idno) VALUES (7515);
insert into PartyMembership (pid, idno) VALUES (2, 7515);
insert into Candidacy (wkid, idno) VALUES (452, 7515);
insert into Landeslistenplatz (llid, idno, position) VALUES (153, 7515, 3);
insert into Citizen (idno, title, firstname, lastname, dateofbirth, gender) VALUES (7516, '', 'Tiegs', 'Maja', '1.1.1985.', 'p');
insert into CandidatesData (idno) VALUES (7516);
insert into PartyMembership (pid, idno) VALUES (7, 7516);
insert into Candidacy (wkid, idno) VALUES (437, 7516);
insert into Citizen (idno, title, firstname, lastname, dateofbirth, gender) VALUES (7517, '', 'Tiemann', 'Dirk', '1.1.1968.', 'p');
insert into CandidatesData (idno) VALUES (7517);
insert into PartyMembership (pid, idno) VALUES (4, 7517);
insert into Landeslistenplatz (llid, idno, position) VALUES (116, 7517, 29);
insert into Citizen (idno, title, firstname, lastname, dateofbirth, gender) VALUES (7518, '', 'Tietge', 'Christian', '1.1.1986.', 'p');
insert into CandidatesData (idno) VALUES (7518);
insert into PartyMembership (pid, idno) VALUES (31, 7518);
insert into Landeslistenplatz (llid, idno, position) VALUES (28, 7518, 28);
insert into Citizen (idno, title, firstname, lastname, dateofbirth, gender) VALUES (7519, 'Dr. ', 'Tietze', 'Kim-Oliver', '1.1.1968.', 'p');
insert into CandidatesData (idno) VALUES (7519);
insert into PartyMembership (pid, idno) VALUES (31, 7519);
insert into Landeslistenplatz (llid, idno, position) VALUES (135, 7519, 2);
insert into Citizen (idno, title, firstname, lastname, dateofbirth, gender) VALUES (7520, '', 'Tigges-Friedrichs', 'Martina Alma Edith', '1.1.1967.', 'p');
insert into CandidatesData (idno) VALUES (7520);
insert into PartyMembership (pid, idno) VALUES (33, 7520);
insert into Landeslistenplatz (llid, idno, position) VALUES (30, 7520, 17);
insert into Citizen (idno, title, firstname, lastname, dateofbirth, gender) VALUES (7521, '', 'Tillmann', 'Antje', '1.1.1964.', 'p');
insert into CandidatesData (idno) VALUES (7521);
insert into PartyMembership (pid, idno) VALUES (12, 7521);
insert into Candidacy (wkid, idno) VALUES (492, 7521);
insert into Landeslistenplatz (llid, idno, position) VALUES (212, 7521, 2);
insert into Citizen (idno, title, firstname, lastname, dateofbirth, gender) VALUES (7522, 'Dr. ', 'Tillschneider', 'Hans-Thomas', '1.1.1978.', 'p');
insert into CandidatesData (idno) VALUES (7522);
insert into PartyMembership (pid, idno) VALUES (33, 7522);
insert into Landeslistenplatz (llid, idno, position) VALUES (163, 7522, 7);
insert into Citizen (idno, title, firstname, lastname, dateofbirth, gender) VALUES (7523, '', 'Tils', 'Katharina', '1.1.1972.', 'p');
insert into CandidatesData (idno) VALUES (7523);
insert into PartyMembership (pid, idno) VALUES (12, 7523);
insert into Landeslistenplatz (llid, idno, position) VALUES (88, 7523, 43);
insert into Citizen (idno, title, firstname, lastname, dateofbirth, gender) VALUES (7524, '', 'Timm', 'Dierk', '1.1.1967.', 'p');
insert into CandidatesData (idno) VALUES (7524);
insert into PartyMembership (pid, idno) VALUES (2, 7524);
insert into Candidacy (wkid, idno) VALUES (390, 7524);
insert into Landeslistenplatz (llid, idno, position) VALUES (73, 7524, 52);
insert into Citizen (idno, title, firstname, lastname, dateofbirth, gender) VALUES (7525, '', 'Timmermann-Fechter', 'Astrid', '1.1.1963.', 'p');
insert into CandidatesData (idno) VALUES (7525);
insert into PartyMembership (pid, idno) VALUES (12, 7525);
insert into Candidacy (wkid, idno) VALUES (417, 7525);
insert into Landeslistenplatz (llid, idno, position) VALUES (136, 7525, 37);
insert into Citizen (idno, title, firstname, lastname, dateofbirth, gender) VALUES (7526, '', 'Tippelt', 'Nico', '1.1.1967.', 'p');
insert into CandidatesData (idno) VALUES (7526);
insert into PartyMembership (pid, idno) VALUES (4, 7526);
insert into Candidacy (wkid, idno) VALUES (464, 7526);
insert into Citizen (idno, title, firstname, lastname, dateofbirth, gender) VALUES (7527, '', 'Tiras-Deniz', 'Meryem', '1.1.1983.', 'p');
insert into CandidatesData (idno) VALUES (7527);
insert into PartyMembership (pid, idno) VALUES (3, 7527);
insert into Landeslistenplatz (llid, idno, position) VALUES (36, 7527, 7);
insert into Citizen (idno, title, firstname, lastname, dateofbirth, gender) VALUES (7528, '', 'Tischel', 'Gregor', '1.1.1964.', 'p');
insert into CandidatesData (idno) VALUES (7528);
insert into PartyMembership (pid, idno) VALUES (29, 7528);
insert into Landeslistenplatz (llid, idno, position) VALUES (31, 7528, 25);
insert into Citizen (idno, title, firstname, lastname, dateofbirth, gender) VALUES (7529, '', 'Tischer', 'Stefan', '1.1.1981.', 'p');
insert into CandidatesData (idno) VALUES (7529);
insert into PartyMembership (pid, idno) VALUES (10, 7529);
insert into Candidacy (wkid, idno) VALUES (377, 7529);
insert into Landeslistenplatz (llid, idno, position) VALUES (180, 7529, 6);
insert into Citizen (idno, title, firstname, lastname, dateofbirth, gender) VALUES (7530, '', 'Tischler', 'Christian', '1.1.1983.', 'p');
insert into CandidatesData (idno) VALUES (7530);
insert into PartyMembership (pid, idno) VALUES (36, 7530);
insert into Candidacy (wkid, idno) VALUES (516, 7530);
insert into Landeslistenplatz (llid, idno, position) VALUES (121, 7530, 26);
insert into Citizen (idno, title, firstname, lastname, dateofbirth, gender) VALUES (7531, '', 'Titus', 'Dominic Marcus', '1.1.1982.', 'p');
insert into CandidatesData (idno) VALUES (7531);
insert into PartyMembership (pid, idno) VALUES (35, 7531);
insert into Landeslistenplatz (llid, idno, position) VALUES (57, 7531, 5);
insert into Citizen (idno, title, firstname, lastname, dateofbirth, gender) VALUES (7532, '', 'Tix', 'Hans-Gerd', '1.1.1961.', 'p');
insert into CandidatesData (idno) VALUES (7532);
insert into PartyMembership (pid, idno) VALUES (32, 7532);
insert into Landeslistenplatz (llid, idno, position) VALUES (184, 7532, 2);
insert into Citizen (idno, title, firstname, lastname, dateofbirth, gender) VALUES (7533, 'Dr. ', 'Tjarks', 'Hans Anjes', '1.1.1981.', 'p');
insert into CandidatesData (idno) VALUES (7533);
insert into PartyMembership (pid, idno) VALUES (5, 7533);
insert into Candidacy (wkid, idno) VALUES (318, 7533);
insert into Landeslistenplatz (llid, idno, position) VALUES (146, 7533, 6);
insert into Citizen (idno, title, firstname, lastname, dateofbirth, gender) VALUES (7534, '', 'Todtenhausen', 'Manfred', '1.1.1950.', 'p');
insert into CandidatesData (idno) VALUES (7534);
insert into PartyMembership (pid, idno) VALUES (4, 7534);
insert into Candidacy (wkid, idno) VALUES (401, 7534);
insert into Landeslistenplatz (llid, idno, position) VALUES (98, 7534, 16);
insert into Citizen (idno, title, firstname, lastname, dateofbirth, gender) VALUES (7535, '', 'Tölke', 'Hannelore', '1.1.1954.', 'p');
insert into CandidatesData (idno) VALUES (7535);
insert into PartyMembership (pid, idno) VALUES (3, 7535);
insert into Candidacy (wkid, idno) VALUES (442, 7535);
insert into Citizen (idno, title, firstname, lastname, dateofbirth, gender) VALUES (7536, '', 'Töllers', 'Hubert', '1.1.1960.', 'p');
insert into CandidatesData (idno) VALUES (7536);
insert into PartyMembership (pid, idno) VALUES (22, 7536);
insert into Candidacy (wkid, idno) VALUES (426, 7536);
insert into Citizen (idno, title, firstname, lastname, dateofbirth, gender) VALUES (7537, '', 'Tönges', 'Caroline Chantal', '1.1.1986.', 'p');
insert into CandidatesData (idno) VALUES (7537);
insert into PartyMembership (pid, idno) VALUES (5, 7537);
insert into Candidacy (wkid, idno) VALUES (466, 7537);
insert into Landeslistenplatz (llid, idno, position) VALUES (144, 7537, 13);
insert into Citizen (idno, title, firstname, lastname, dateofbirth, gender) VALUES (7538, '', 'Tönhardt', 'Manuela Margarete', '1.1.1952.', 'p');
insert into CandidatesData (idno) VALUES (7538);
insert into PartyMembership (pid, idno) VALUES (1, 7538);
insert into Candidacy (wkid, idno) VALUES (385, 7538);
insert into Landeslistenplatz (llid, idno, position) VALUES (246, 7538, 3);
insert into Citizen (idno, title, firstname, lastname, dateofbirth, gender) VALUES (7539, '', 'Töpke', 'Jürgen Wilhelm Otto', '1.1.1959.', 'p');
insert into CandidatesData (idno) VALUES (7539);
insert into PartyMembership (pid, idno) VALUES (1, 7539);
insert into Candidacy (wkid, idno) VALUES (301, 7539);
insert into Citizen (idno, title, firstname, lastname, dateofbirth, gender) VALUES (7540, '', 'Tören', 'Serkan', '1.1.1972.', 'p');
insert into CandidatesData (idno) VALUES (7540);
insert into PartyMembership (pid, idno) VALUES (4, 7540);
insert into Candidacy (wkid, idno) VALUES (329, 7540);
insert into Landeslistenplatz (llid, idno, position) VALUES (127, 7540, 6);
insert into Citizen (idno, title, firstname, lastname, dateofbirth, gender) VALUES (7541, '', 'Tofahrn', 'Torsten', '1.1.1969.', 'p');
insert into CandidatesData (idno) VALUES (7541);
insert into PartyMembership (pid, idno) VALUES (31, 7541);
insert into Candidacy (wkid, idno) VALUES (400, 7541);
insert into Citizen (idno, title, firstname, lastname, dateofbirth, gender) VALUES (7542, '', 'Tolksdorf', 'Stefan Ibrahim', '1.1.1979.', 'p');
insert into CandidatesData (idno) VALUES (7542);
insert into PartyMembership (pid, idno) VALUES (10, 7542);
insert into Candidacy (wkid, idno) VALUES (384, 7542);
insert into Landeslistenplatz (llid, idno, position) VALUES (180, 7542, 2);
insert into Citizen (idno, title, firstname, lastname, dateofbirth, gender) VALUES (7543, 'Dr. ', 'Toncar', 'Florian', '1.1.1979.', 'p');
insert into CandidatesData (idno) VALUES (7543);
insert into PartyMembership (pid, idno) VALUES (4, 7543);
insert into Candidacy (wkid, idno) VALUES (559, 7543);
insert into Landeslistenplatz (llid, idno, position) VALUES (51, 7543, 5);
insert into Citizen (idno, title, firstname, lastname, dateofbirth, gender) VALUES (7544, '', 'Tonne', 'Sonni', '1.1.1963.', 'p');
insert into CandidatesData (idno) VALUES (7544);
insert into PartyMembership (pid, idno) VALUES (17, 7544);
insert into Candidacy (wkid, idno) VALUES (336, 7544);
insert into Landeslistenplatz (llid, idno, position) VALUES (128, 7544, 2);
insert into Citizen (idno, title, firstname, lastname, dateofbirth, gender) VALUES (7545, '', 'Tonsor', 'Ingo', '1.1.1973.', 'p');
insert into CandidatesData (idno) VALUES (7545);
insert into PartyMembership (pid, idno) VALUES (32, 7545);
insert into Candidacy (wkid, idno) VALUES (324, 7545);
insert into Citizen (idno, title, firstname, lastname, dateofbirth, gender) VALUES (7546, '', 'Topp', 'Roman', '1.1.1980.', 'p');
insert into CandidatesData (idno) VALUES (7546);
insert into PartyMembership (pid, idno) VALUES (33, 7546);
insert into Landeslistenplatz (llid, idno, position) VALUES (163, 7546, 9);
insert into Citizen (idno, title, firstname, lastname, dateofbirth, gender) VALUES (7547, '', 'Trabant', 'Stephanie', '1.1.1990.', 'p');
insert into CandidatesData (idno) VALUES (7547);
insert into PartyMembership (pid, idno) VALUES (37, 7547);
insert into Landeslistenplatz (llid, idno, position) VALUES (251, 7547, 4);
insert into Citizen (idno, title, firstname, lastname, dateofbirth, gender) VALUES (7548, '', 'Trachternach', 'Ulrike', '1.1.1957.', 'p');
insert into CandidatesData (idno) VALUES (7548);
insert into PartyMembership (pid, idno) VALUES (32, 7548);
insert into Landeslistenplatz (llid, idno, position) VALUES (91, 7548, 5);
insert into Citizen (idno, title, firstname, lastname, dateofbirth, gender) VALUES (7549, '', 'Träger', 'Carsten Dietmar', '1.1.1973.', 'p');
insert into CandidatesData (idno) VALUES (7549);
insert into PartyMembership (pid, idno) VALUES (2, 7549);
insert into Candidacy (wkid, idno) VALUES (542, 7549);
insert into Landeslistenplatz (llid, idno, position) VALUES (87, 7549, 11);
insert into Citizen (idno, title, firstname, lastname, dateofbirth, gender) VALUES (7550, '', 'Tralic', 'Ute', '1.1.1951.', 'p');
insert into CandidatesData (idno) VALUES (7550);
insert into PartyMembership (pid, idno) VALUES (2, 7550);
insert into Landeslistenplatz (llid, idno, position) VALUES (54, 7550, 28);
insert into Citizen (idno, title, firstname, lastname, dateofbirth, gender) VALUES (7551, '', 'Trampert', 'Johannes', '1.1.1963.', 'p');
insert into CandidatesData (idno) VALUES (7551);
insert into PartyMembership (pid, idno) VALUES (33, 7551);
insert into Candidacy (wkid, idno) VALUES (597, 7551);
insert into Landeslistenplatz (llid, idno, position) VALUES (252, 7551, 1);
insert into Citizen (idno, title, firstname, lastname, dateofbirth, gender) VALUES (7552, '', 'Trauten', 'Marco Jürgen', '1.1.1966.', 'p');
insert into CandidatesData (idno) VALUES (7552);
insert into PartyMembership (pid, idno) VALUES (33, 7552);
insert into Landeslistenplatz (llid, idno, position) VALUES (80, 7552, 40);
insert into Citizen (idno, title, firstname, lastname, dateofbirth, gender) VALUES (7553, '', 'Trebesius', 'Ulrike', '1.1.1970.', 'p');
insert into CandidatesData (idno) VALUES (7553);
insert into PartyMembership (pid, idno) VALUES (33, 7553);
insert into Candidacy (wkid, idno) VALUES (302, 7553);
insert into Landeslistenplatz (llid, idno, position) VALUES (111, 7553, 1);
insert into Citizen (idno, title, firstname, lastname, dateofbirth, gender) VALUES (7554, '', 'Treeck', 'Martin', '1.1.1961.', 'p');
insert into CandidatesData (idno) VALUES (7554);
insert into PartyMembership (pid, idno) VALUES (4, 7554);
insert into Candidacy (wkid, idno) VALUES (465, 7554);
insert into Citizen (idno, title, firstname, lastname, dateofbirth, gender) VALUES (7555, '', 'Tremel', 'Stella', '1.1.1978.', 'p');
insert into CandidatesData (idno) VALUES (7555);
insert into PartyMembership (pid, idno) VALUES (12, 7555);
insert into Landeslistenplatz (llid, idno, position) VALUES (138, 7555, 38);
insert into Citizen (idno, title, firstname, lastname, dateofbirth, gender) VALUES (7556, '', 'Trendelenburg', 'Angelika', '1.1.1957.', 'p');
insert into CandidatesData (idno) VALUES (7556);
insert into PartyMembership (pid, idno) VALUES (13, 7556);
insert into Landeslistenplatz (llid, idno, position) VALUES (227, 7556, 10);
insert into Citizen (idno, title, firstname, lastname, dateofbirth, gender) VALUES (7557, '', 'Tressel', 'Markus', '1.1.1977.', 'p');
insert into CandidatesData (idno) VALUES (7557);
insert into PartyMembership (pid, idno) VALUES (5, 7557);
insert into Candidacy (wkid, idno) VALUES (596, 7557);
insert into Landeslistenplatz (llid, idno, position) VALUES (190, 7557, 1);
insert into Citizen (idno, title, firstname, lastname, dateofbirth, gender) VALUES (7558, '', 'Trinczek', 'Birgit', '1.1.1967.', 'p');
insert into CandidatesData (idno) VALUES (7558);
insert into PartyMembership (pid, idno) VALUES (12, 7558);
insert into Landeslistenplatz (llid, idno, position) VALUES (88, 7558, 39);
insert into Citizen (idno, title, firstname, lastname, dateofbirth, gender) VALUES (7559, '', 'Trittin', 'Jürgen', '1.1.1954.', 'p');
insert into CandidatesData (idno) VALUES (7559);
insert into PartyMembership (pid, idno) VALUES (5, 7559);
insert into Candidacy (wkid, idno) VALUES (352, 7559);
insert into Landeslistenplatz (llid, idno, position) VALUES (142, 7559, 2);
insert into Citizen (idno, title, firstname, lastname, dateofbirth, gender) VALUES (7560, '', 'Tröbs', 'Sebastian', '1.1.1982.', 'p');
insert into CandidatesData (idno) VALUES (7560);
insert into PartyMembership (pid, idno) VALUES (5, 7560);
insert into Candidacy (wkid, idno) VALUES (460, 7560);
insert into Landeslistenplatz (llid, idno, position) VALUES (185, 7560, 10);
insert into Citizen (idno, title, firstname, lastname, dateofbirth, gender) VALUES (7561, '', 'Trös', 'Stefan Helmut', '1.1.1964.', 'p');
insert into CandidatesData (idno) VALUES (7561);
insert into PartyMembership (pid, idno) VALUES (7, 7561);
insert into Candidacy (wkid, idno) VALUES (502, 7561);
insert into Citizen (idno, title, firstname, lastname, dateofbirth, gender) VALUES (7562, '', 'Troff-Schaffarzyk', 'Anja', '1.1.1969.', 'p');
insert into CandidatesData (idno) VALUES (7562);
insert into PartyMembership (pid, idno) VALUES (2, 7562);
insert into Landeslistenplatz (llid, idno, position) VALUES (69, 7562, 48);
insert into Citizen (idno, title, firstname, lastname, dateofbirth, gender) VALUES (7563, '', 'Trojahn', 'Carsten', '1.1.1980.', 'p');
insert into CandidatesData (idno) VALUES (7563);
insert into PartyMembership (pid, idno) VALUES (7, 7563);
insert into Candidacy (wkid, idno) VALUES (417, 7563);
insert into Citizen (idno, title, firstname, lastname, dateofbirth, gender) VALUES (7564, 'Dr. ', 'Troost', 'Axel', '1.1.1954.', 'p');
insert into CandidatesData (idno) VALUES (7564);
insert into PartyMembership (pid, idno) VALUES (3, 7564);
insert into Candidacy (wkid, idno) VALUES (453, 7564);
insert into Landeslistenplatz (llid, idno, position) VALUES (240, 7564, 4);
insert into Citizen (idno, title, firstname, lastname, dateofbirth, gender) VALUES (7565, '', 'Trost', 'Andreas', '1.1.1981.', 'p');
insert into CandidatesData (idno) VALUES (7565);
insert into PartyMembership (pid, idno) VALUES (10, 7565);
insert into Candidacy (wkid, idno) VALUES (451, 7565);
insert into Citizen (idno, title, firstname, lastname, dateofbirth, gender) VALUES (7566, 'Dr. ', 'Trummel', 'Hans-Werner', '1.1.1952.', 'p');
insert into CandidatesData (idno) VALUES (7566);
insert into PartyMembership (pid, idno) VALUES (32, 7566);
insert into Candidacy (wkid, idno) VALUES (370, 7566);
insert into Landeslistenplatz (llid, idno, position) VALUES (165, 7566, 6);
insert into Citizen (idno, title, firstname, lastname, dateofbirth, gender) VALUES (7567, '', 'Tschendel', 'Stephan', '1.1.1970.', 'p');
insert into CandidatesData (idno) VALUES (7567);
insert into PartyMembership (pid, idno) VALUES (31, 7567);
insert into Landeslistenplatz (llid, idno, position) VALUES (28, 7567, 49);
insert into Citizen (idno, title, firstname, lastname, dateofbirth, gender) VALUES (7568, '', 'Tschesnok', 'Benjamin', '1.1.1984.', 'p');
insert into CandidatesData (idno) VALUES (7568);
insert into PartyMembership (pid, idno) VALUES (12, 7568);
insert into Landeslistenplatz (llid, idno, position) VALUES (88, 7568, 26);
insert into Citizen (idno, title, firstname, lastname, dateofbirth, gender) VALUES (7569, '', 'Tschürtz', 'Lothar', '1.1.1967.', 'p');
insert into CandidatesData (idno) VALUES (7569);
insert into PartyMembership (pid, idno) VALUES (36, 7569);
insert into Landeslistenplatz (llid, idno, position) VALUES (118, 7569, 10);
insert into Citizen (idno, title, firstname, lastname, dateofbirth, gender) VALUES (7570, '', 'Tügend', 'Andre', '1.1.1970.', 'p');
insert into CandidatesData (idno) VALUES (7570);
insert into PartyMembership (pid, idno) VALUES (37, 7570);
insert into Landeslistenplatz (llid, idno, position) VALUES (248, 7570, 3);
insert into Citizen (idno, title, firstname, lastname, dateofbirth, gender) VALUES (7571, '', 'Tute', 'Andreas', '1.1.1983.', 'p');
insert into CandidatesData (idno) VALUES (7571);
insert into PartyMembership (pid, idno) VALUES (37, 7571);
insert into Landeslistenplatz (llid, idno, position) VALUES (209, 7571, 4);
insert into Citizen (idno, title, firstname, lastname, dateofbirth, gender) VALUES (7572, '', 'Uca', 'Behiye', '1.1.1971.', 'p');
insert into CandidatesData (idno) VALUES (7572);
insert into PartyMembership (pid, idno) VALUES (3, 7572);
insert into Candidacy (wkid, idno) VALUES (343, 7572);
insert into Landeslistenplatz (llid, idno, position) VALUES (130, 7572, 7);
insert into Citizen (idno, title, firstname, lastname, dateofbirth, gender) VALUES (7573, '', 'Überheim', 'Ralf', '1.1.1961.', 'p');
insert into CandidatesData (idno) VALUES (7573);
insert into PartyMembership (pid, idno) VALUES (4, 7573);
insert into Candidacy (wkid, idno) VALUES (343, 7573);
insert into Landeslistenplatz (llid, idno, position) VALUES (127, 7573, 18);
insert into Citizen (idno, title, firstname, lastname, dateofbirth, gender) VALUES (7574, '', 'Uehlein', 'Dirk', '1.1.1968.', 'p');
insert into CandidatesData (idno) VALUES (7574);
insert into PartyMembership (pid, idno) VALUES (36, 7574);
insert into Landeslistenplatz (llid, idno, position) VALUES (118, 7574, 18);
insert into Citizen (idno, title, firstname, lastname, dateofbirth, gender) VALUES (7575, '', 'Uekermann', 'Johanna', '1.1.1987.', 'p');
insert into CandidatesData (idno) VALUES (7575);
insert into PartyMembership (pid, idno) VALUES (2, 7575);
insert into Candidacy (wkid, idno) VALUES (530, 7575);
insert into Landeslistenplatz (llid, idno, position) VALUES (87, 7575, 38);
insert into Citizen (idno, title, firstname, lastname, dateofbirth, gender) VALUES (7576, '', 'Ünal', 'Zorlu', '1.1.1975.', 'p');
insert into CandidatesData (idno) VALUES (7576);
insert into PartyMembership (pid, idno) VALUES (3, 7576);
insert into Landeslistenplatz (llid, idno, position) VALUES (183, 7576, 7);
insert into Citizen (idno, title, firstname, lastname, dateofbirth, gender) VALUES (7577, '', 'Ünsal', 'Üsler', '1.1.1982.', 'p');
insert into CandidatesData (idno) VALUES (7577);
insert into PartyMembership (pid, idno) VALUES (34, 7577);
insert into Candidacy (wkid, idno) VALUES (342, 7577);
insert into Citizen (idno, title, firstname, lastname, dateofbirth, gender) VALUES (7578, '', 'Ufer', 'Klaus', '1.1.1940.', 'p');
insert into CandidatesData (idno) VALUES (7578);
insert into PartyMembership (pid, idno) VALUES (1, 7578);
insert into Candidacy (wkid, idno) VALUES (451, 7578);
insert into Citizen (idno, title, firstname, lastname, dateofbirth, gender) VALUES (7579, 'Dr. ', 'Uhl', 'Hans-Peter', '1.1.1944.', 'p');
insert into CandidatesData (idno) VALUES (7579);
insert into PartyMembership (pid, idno) VALUES (9, 7579);
insert into Candidacy (wkid, idno) VALUES (520, 7579);
insert into Landeslistenplatz (llid, idno, position) VALUES (47, 7579, 17);
insert into Citizen (idno, title, firstname, lastname, dateofbirth, gender) VALUES (7580, '', 'Uhl', 'Markus', '1.1.1979.', 'p');
insert into CandidatesData (idno) VALUES (7580);
insert into PartyMembership (pid, idno) VALUES (12, 7580);
insert into Landeslistenplatz (llid, idno, position) VALUES (53, 7580, 5);
insert into Citizen (idno, title, firstname, lastname, dateofbirth, gender) VALUES (7581, '', 'Uhrmeister', 'Peter', '1.1.1968.', 'p');
insert into CandidatesData (idno) VALUES (7581);
insert into PartyMembership (pid, idno) VALUES (17, 7581);
insert into Landeslistenplatz (llid, idno, position) VALUES (255, 7581, 4);
insert into Citizen (idno, title, firstname, lastname, dateofbirth, gender) VALUES (7582, 'Dr. ', 'Ullrich', 'Volker Michael', '1.1.1975.', 'p');
insert into CandidatesData (idno) VALUES (7582);
insert into PartyMembership (pid, idno) VALUES (9, 7582);
insert into Candidacy (wkid, idno) VALUES (551, 7582);
insert into Landeslistenplatz (llid, idno, position) VALUES (47, 7582, 26);
insert into Citizen (idno, title, firstname, lastname, dateofbirth, gender) VALUES (7583, '', 'Ullrich', 'Klaus', '1.1.1980.', 'p');
insert into CandidatesData (idno) VALUES (7583);
insert into PartyMembership (pid, idno) VALUES (5, 7583);
insert into Candidacy (wkid, idno) VALUES (364, 7583);
insert into Citizen (idno, title, firstname, lastname, dateofbirth, gender) VALUES (7584, '', 'Ullwer', 'Jonathan', '1.1.1989.', 'p');
insert into CandidatesData (idno) VALUES (7584);
insert into PartyMembership (pid, idno) VALUES (31, 7584);
insert into Landeslistenplatz (llid, idno, position) VALUES (28, 7584, 12);
insert into Citizen (idno, title, firstname, lastname, dateofbirth, gender) VALUES (7585, '', 'Ulmer', 'Michael', '1.1.1970.', 'p');
insert into CandidatesData (idno) VALUES (7585);
insert into PartyMembership (pid, idno) VALUES (19, 7585);
insert into Landeslistenplatz (llid, idno, position) VALUES (40, 7585, 29);
insert into Citizen (idno, title, firstname, lastname, dateofbirth, gender) VALUES (7586, '', 'Ulrich', 'Alexander', '1.1.1971.', 'p');
insert into CandidatesData (idno) VALUES (7586);
insert into PartyMembership (pid, idno) VALUES (3, 7586);
insert into Candidacy (wkid, idno) VALUES (509, 7586);
insert into Landeslistenplatz (llid, idno, position) VALUES (183, 7586, 1);
insert into Citizen (idno, title, firstname, lastname, dateofbirth, gender) VALUES (7587, '', 'Ulrich', 'Günter Reinhard', '1.1.1943.', 'p');
insert into CandidatesData (idno) VALUES (7587);
insert into PartyMembership (pid, idno) VALUES (1, 7587);
insert into Candidacy (wkid, idno) VALUES (482, 7587);
insert into Citizen (idno, title, firstname, lastname, dateofbirth, gender) VALUES (7588, '', 'Ulrichs', 'Arno Jürgen', '1.1.1961.', 'p');
insert into CandidatesData (idno) VALUES (7588);
insert into PartyMembership (pid, idno) VALUES (32, 7588);
insert into Candidacy (wkid, idno) VALUES (346, 7588);
insert into Landeslistenplatz (llid, idno, position) VALUES (108, 7588, 4);
insert into Citizen (idno, title, firstname, lastname, dateofbirth, gender) VALUES (7589, '', 'Uluc', 'Mümün', '1.1.1961.', 'p');
insert into CandidatesData (idno) VALUES (7589);
insert into PartyMembership (pid, idno) VALUES (34, 7589);
insert into Landeslistenplatz (llid, idno, position) VALUES (32, 7589, 8);
insert into Citizen (idno, title, firstname, lastname, dateofbirth, gender) VALUES (7590, '', 'Umann', 'Frank', '1.1.1970.', 'p');
insert into CandidatesData (idno) VALUES (7590);
insert into PartyMembership (pid, idno) VALUES (7, 7590);
insert into Landeslistenplatz (llid, idno, position) VALUES (85, 7590, 9);
insert into Citizen (idno, title, firstname, lastname, dateofbirth, gender) VALUES (7591, '', 'Unfried', 'Harald Hartmut Karl', '1.1.1964.', 'p');
insert into CandidatesData (idno) VALUES (7591);
insert into PartyMembership (pid, idno) VALUES (2, 7591);
insert into Candidacy (wkid, idno) VALUES (527, 7591);
insert into Landeslistenplatz (llid, idno, position) VALUES (87, 7591, 37);
insert into Citizen (idno, title, firstname, lastname, dateofbirth, gender) VALUES (7592, '', 'Unger', 'Gerald', '1.1.1946.', 'p');
insert into CandidatesData (idno) VALUES (7592);
insert into PartyMembership (pid, idno) VALUES (3, 7592);
insert into Candidacy (wkid, idno) VALUES (507, 7592);
insert into Citizen (idno, title, firstname, lastname, dateofbirth, gender) VALUES (7593, '', 'Ungermann', 'Markus Peter', '1.1.1968.', 'p');
insert into CandidatesData (idno) VALUES (7593);
insert into PartyMembership (pid, idno) VALUES (33, 7593);
insert into Landeslistenplatz (llid, idno, position) VALUES (63, 7593, 15);
insert into Citizen (idno, title, firstname, lastname, dateofbirth, gender) VALUES (7594, '', 'Ungers', 'Gabriele', '1.1.1955.', 'p');
insert into CandidatesData (idno) VALUES (7594);
insert into PartyMembership (pid, idno) VALUES (3, 7594);
insert into Landeslistenplatz (llid, idno, position) VALUES (242, 7594, 2);
insert into Citizen (idno, title, firstname, lastname, dateofbirth, gender) VALUES (7595, '', 'Ungruh', 'Cordula', '1.1.1959.', 'p');
insert into CandidatesData (idno) VALUES (7595);
insert into PartyMembership (pid, idno) VALUES (5, 7595);
insert into Candidacy (wkid, idno) VALUES (445, 7595);
insert into Landeslistenplatz (llid, idno, position) VALUES (83, 7595, 37);
insert into Citizen (idno, title, firstname, lastname, dateofbirth, gender) VALUES (7596, '', 'Urbat', 'Stefan', '1.1.1965.', 'p');
insert into CandidatesData (idno) VALUES (7596);
insert into PartyMembership (pid, idno) VALUES (7, 7596);
insert into Landeslistenplatz (llid, idno, position) VALUES (48, 7596, 6);
insert into Citizen (idno, title, firstname, lastname, dateofbirth, gender) VALUES (7597, '', 'Urmetzer', 'Marc André', '1.1.1991.', 'p');
insert into CandidatesData (idno) VALUES (7597);
insert into PartyMembership (pid, idno) VALUES (4, 7597);
insert into Landeslistenplatz (llid, idno, position) VALUES (98, 7597, 37);
insert into Citizen (idno, title, firstname, lastname, dateofbirth, gender) VALUES (7598, '', 'Vaatz', 'Arnold Eugen Hugo', '1.1.1955.', 'p');
insert into CandidatesData (idno) VALUES (7598);
insert into PartyMembership (pid, idno) VALUES (12, 7598);
insert into Candidacy (wkid, idno) VALUES (459, 7598);
insert into Landeslistenplatz (llid, idno, position) VALUES (134, 7598, 2);
insert into Citizen (idno, title, firstname, lastname, dateofbirth, gender) VALUES (7599, 'Dr. ', 'Vachenauer', 'Wilhelm', '1.1.1949.', 'p');
insert into CandidatesData (idno) VALUES (7599);
insert into PartyMembership (pid, idno) VALUES (36, 7599);
insert into Candidacy (wkid, idno) VALUES (555, 7599);
insert into Landeslistenplatz (llid, idno, position) VALUES (121, 7599, 27);
insert into Citizen (idno, title, firstname, lastname, dateofbirth, gender) VALUES (7600, '', 'Vahlberg', 'Richard Ludwig Heinrich Karl', '1.1.1931.', 'p');
insert into CandidatesData (idno) VALUES (7600);
insert into PartyMembership (pid, idno) VALUES (1, 7600);
insert into Candidacy (wkid, idno) VALUES (542, 7600);
insert into Citizen (idno, title, firstname, lastname, dateofbirth, gender) VALUES (7601, '', 'Valentin', 'Stefan', '1.1.1965.', 'p');
insert into CandidatesData (idno) VALUES (7601);
insert into PartyMembership (pid, idno) VALUES (31, 7601);
insert into Candidacy (wkid, idno) VALUES (375, 7601);
insert into Landeslistenplatz (llid, idno, position) VALUES (28, 7601, 4);
insert into Citizen (idno, title, firstname, lastname, dateofbirth, gender) VALUES (7602, 'Dr. ', 'Valeske', 'Klaus', '1.1.1962.', 'p');
insert into CandidatesData (idno) VALUES (7602);
insert into PartyMembership (pid, idno) VALUES (4, 7602);
insert into Landeslistenplatz (llid, idno, position) VALUES (116, 7602, 34);
insert into Citizen (idno, title, firstname, lastname, dateofbirth, gender) VALUES (7603, '', 'Vandreier', 'Christoph', '1.1.1981.', 'p');
insert into CandidatesData (idno) VALUES (7603);
insert into PartyMembership (pid, idno) VALUES (26, 7603);
insert into Landeslistenplatz (llid, idno, position) VALUES (110, 7603, 2);
insert into Citizen (idno, title, firstname, lastname, dateofbirth, gender) VALUES (7604, '', 'Veit', 'Rüdiger', '1.1.1949.', 'p');
insert into CandidatesData (idno) VALUES (7604);
insert into PartyMembership (pid, idno) VALUES (2, 7604);
insert into Candidacy (wkid, idno) VALUES (472, 7604);
insert into Landeslistenplatz (llid, idno, position) VALUES (54, 7604, 3);
insert into Citizen (idno, title, firstname, lastname, dateofbirth, gender) VALUES (7605, '', 'Veith', 'Oswin', '1.1.1961.', 'p');
insert into CandidatesData (idno) VALUES (7605);
insert into PartyMembership (pid, idno) VALUES (12, 7605);
insert into Candidacy (wkid, idno) VALUES (476, 7605);
insert into Landeslistenplatz (llid, idno, position) VALUES (88, 7605, 20);
insert into Citizen (idno, title, firstname, lastname, dateofbirth, gender) VALUES (7606, '', 'Verlinden', 'Julia', '1.1.1979.', 'p');
insert into CandidatesData (idno) VALUES (7606);
insert into PartyMembership (pid, idno) VALUES (5, 7606);
insert into Candidacy (wkid, idno) VALUES (336, 7606);
insert into Landeslistenplatz (llid, idno, position) VALUES (142, 7606, 3);
insert into Citizen (idno, title, firstname, lastname, dateofbirth, gender) VALUES (7607, '', 'Vermeulen', 'Pia', '1.1.1989.', 'p');
insert into CandidatesData (idno) VALUES (7607);
insert into PartyMembership (pid, idno) VALUES (31, 7607);
insert into Landeslistenplatz (llid, idno, position) VALUES (123, 7607, 49);
insert into Citizen (idno, title, firstname, lastname, dateofbirth, gender) VALUES (7608, '', 'Verweyen', 'Naseem', '1.1.1967.', 'p');
insert into CandidatesData (idno) VALUES (7608);
insert into Candidacy (wkid, idno) VALUES (580, 7608);
insert into Citizen (idno, title, firstname, lastname, dateofbirth, gender) VALUES (7609, '', 'Vetter', 'Udo', '1.1.1964.', 'p');
insert into CandidatesData (idno) VALUES (7609);
insert into PartyMembership (pid, idno) VALUES (7, 7609);
insert into Landeslistenplatz (llid, idno, position) VALUES (75, 7609, 2);
insert into Citizen (idno, title, firstname, lastname, dateofbirth, gender) VALUES (7610, '', 'Veziroglu', 'Ibrahim', '1.1.1962.', 'p');
insert into CandidatesData (idno) VALUES (7610);
insert into PartyMembership (pid, idno) VALUES (3, 7610);
insert into Candidacy (wkid, idno) VALUES (546, 7610);
insert into Landeslistenplatz (llid, idno, position) VALUES (174, 7610, 18);
insert into Citizen (idno, title, firstname, lastname, dateofbirth, gender) VALUES (7611, '', 'Viefeld', 'Marcus', '1.1.1975.', 'p');
insert into CandidatesData (idno) VALUES (7611);
insert into PartyMembership (pid, idno) VALUES (4, 7611);
insert into Candidacy (wkid, idno) VALUES (451, 7611);
insert into Landeslistenplatz (llid, idno, position) VALUES (158, 7611, 7);
insert into Citizen (idno, title, firstname, lastname, dateofbirth, gender) VALUES (7612, '', 'Viehoff', 'Eva', '1.1.1958.', 'p');
insert into CandidatesData (idno) VALUES (7612);
insert into PartyMembership (pid, idno) VALUES (5, 7612);
insert into Candidacy (wkid, idno) VALUES (328, 7612);
insert into Landeslistenplatz (llid, idno, position) VALUES (142, 7612, 9);
insert into Citizen (idno, title, firstname, lastname, dateofbirth, gender) VALUES (7613, '', 'Vieregge', 'Kerstin', '1.1.1976.', 'p');
insert into CandidatesData (idno) VALUES (7613);
insert into PartyMembership (pid, idno) VALUES (12, 7613);
insert into Landeslistenplatz (llid, idno, position) VALUES (136, 7613, 58);
insert into Citizen (idno, title, firstname, lastname, dateofbirth, gender) VALUES (7614, '', 'Viesehon', 'Thomas', '1.1.1973.', 'p');
insert into CandidatesData (idno) VALUES (7614);
insert into PartyMembership (pid, idno) VALUES (12, 7614);
insert into Candidacy (wkid, idno) VALUES (466, 7614);
insert into Landeslistenplatz (llid, idno, position) VALUES (88, 7614, 18);
insert into Citizen (idno, title, firstname, lastname, dateofbirth, gender) VALUES (7615, '', 'Vietz', 'Michael', '1.1.1968.', 'p');
insert into CandidatesData (idno) VALUES (7615);
insert into PartyMembership (pid, idno) VALUES (12, 7615);
insert into Candidacy (wkid, idno) VALUES (345, 7615);
insert into Landeslistenplatz (llid, idno, position) VALUES (44, 7615, 24);
insert into Citizen (idno, title, firstname, lastname, dateofbirth, gender) VALUES (7616, '', 'Vilmar', 'Aino Friederike', '1.1.1986.', 'p');
insert into CandidatesData (idno) VALUES (7616);
insert into PartyMembership (pid, idno) VALUES (33, 7616);
insert into Landeslistenplatz (llid, idno, position) VALUES (36, 7616, 5);
insert into Citizen (idno, title, firstname, lastname, dateofbirth, gender) VALUES (7617, '', 'Violka', 'Anka Simone', '1.1.1968.', 'p');
insert into CandidatesData (idno) VALUES (7617);
insert into PartyMembership (pid, idno) VALUES (2, 7617);
insert into Candidacy (wkid, idno) VALUES (462, 7617);
insert into Landeslistenplatz (llid, idno, position) VALUES (153, 7617, 10);
insert into Citizen (idno, title, firstname, lastname, dateofbirth, gender) VALUES (7618, '', 'Vo', 'Huu Loi', '1.1.1984.', 'p');
insert into CandidatesData (idno) VALUES (7618);
insert into PartyMembership (pid, idno) VALUES (4, 7618);
insert into Landeslistenplatz (llid, idno, position) VALUES (102, 7618, 10);
insert into Citizen (idno, title, firstname, lastname, dateofbirth, gender) VALUES (7619, '', 'Völlger', 'Florian', '1.1.1985.', 'p');
insert into CandidatesData (idno) VALUES (7619);
insert into PartyMembership (pid, idno) VALUES (3, 7619);
insert into Candidacy (wkid, idno) VALUES (391, 7619);
insert into Citizen (idno, title, firstname, lastname, dateofbirth, gender) VALUES (7620, '', 'Völter', 'Thomas', '1.1.1948.', 'p');
insert into CandidatesData (idno) VALUES (7620);
insert into PartyMembership (pid, idno) VALUES (13, 7620);
insert into Landeslistenplatz (llid, idno, position) VALUES (96, 7620, 16);
insert into Citizen (idno, title, firstname, lastname, dateofbirth, gender) VALUES (7621, '', 'Vöpel', 'Dirk', '1.1.1971.', 'p');
insert into CandidatesData (idno) VALUES (7621);
insert into PartyMembership (pid, idno) VALUES (2, 7621);
insert into Candidacy (wkid, idno) VALUES (416, 7621);
insert into Landeslistenplatz (llid, idno, position) VALUES (73, 7621, 58);
insert into Citizen (idno, title, firstname, lastname, dateofbirth, gender) VALUES (7622, '', 'Vogel', 'Anna Clara Jutta', '1.1.1951.', 'p');
insert into CandidatesData (idno) VALUES (7622);
insert into PartyMembership (pid, idno) VALUES (3, 7622);
insert into Landeslistenplatz (llid, idno, position) VALUES (236, 7622, 9);
insert into Citizen (idno, title, firstname, lastname, dateofbirth, gender) VALUES (7623, '', 'Vogel', 'Bernhard', '1.1.1949.', 'p');
insert into CandidatesData (idno) VALUES (7623);
insert into PartyMembership (pid, idno) VALUES (33, 7623);
insert into Candidacy (wkid, idno) VALUES (328, 7623);
insert into Landeslistenplatz (llid, idno, position) VALUES (30, 7623, 16);
insert into Citizen (idno, title, firstname, lastname, dateofbirth, gender) VALUES (7624, 'Dr. ', 'Vogel', 'Stefan', '1.1.1973.', 'p');
insert into CandidatesData (idno) VALUES (7624);
insert into PartyMembership (pid, idno) VALUES (33, 7624);
insert into Landeslistenplatz (llid, idno, position) VALUES (63, 7624, 8);
insert into Citizen (idno, title, firstname, lastname, dateofbirth, gender) VALUES (7625, '', 'Vogel', 'Hilmar Helmut Karl', '1.1.1973.', 'p');
insert into CandidatesData (idno) VALUES (7625);
insert into PartyMembership (pid, idno) VALUES (7, 7625);
insert into Candidacy (wkid, idno) VALUES (542, 7625);
insert into Citizen (idno, title, firstname, lastname, dateofbirth, gender) VALUES (7626, '', 'Vogel', 'Ines', '1.1.1980.', 'p');
insert into CandidatesData (idno) VALUES (7626);
insert into PartyMembership (pid, idno) VALUES (2, 7626);
insert into Candidacy (wkid, idno) VALUES (458, 7626);
insert into Landeslistenplatz (llid, idno, position) VALUES (153, 7626, 8);
insert into Citizen (idno, title, firstname, lastname, dateofbirth, gender) VALUES (7627, '', 'Vogel', 'Johannes', '1.1.1982.', 'p');
insert into CandidatesData (idno) VALUES (7627);
insert into PartyMembership (pid, idno) VALUES (4, 7627);
insert into Candidacy (wkid, idno) VALUES (448, 7627);
insert into Landeslistenplatz (llid, idno, position) VALUES (98, 7627, 10);
insert into Citizen (idno, title, firstname, lastname, dateofbirth, gender) VALUES (7628, '', 'Vogel', 'Volkmar', '1.1.1959.', 'p');
insert into CandidatesData (idno) VALUES (7628);
insert into PartyMembership (pid, idno) VALUES (12, 7628);
insert into Candidacy (wkid, idno) VALUES (494, 7628);
insert into Landeslistenplatz (llid, idno, position) VALUES (212, 7628, 3);
insert into Citizen (idno, title, firstname, lastname, dateofbirth, gender) VALUES (7629, '', 'Vogelgesang', 'Anna Katharina', '1.1.1985.', 'p');
insert into CandidatesData (idno) VALUES (7629);
insert into PartyMembership (pid, idno) VALUES (7, 7629);
insert into Candidacy (wkid, idno) VALUES (459, 7629);
insert into Citizen (idno, title, firstname, lastname, dateofbirth, gender) VALUES (7630, '', 'Vogelmann', 'Jörg', '1.1.1982.', 'p');
insert into CandidatesData (idno) VALUES (7630);
insert into PartyMembership (pid, idno) VALUES (12, 7630);
insert into Landeslistenplatz (llid, idno, position) VALUES (105, 7630, 40);
insert into Citizen (idno, title, firstname, lastname, dateofbirth, gender) VALUES (7631, '', 'Vogler', 'Kathrin', '1.1.1963.', 'p');
insert into CandidatesData (idno) VALUES (7631);
insert into PartyMembership (pid, idno) VALUES (3, 7631);
insert into Candidacy (wkid, idno) VALUES (427, 7631);
insert into Landeslistenplatz (llid, idno, position) VALUES (95, 7631, 7);
insert into Citizen (idno, title, firstname, lastname, dateofbirth, gender) VALUES (7632, '', 'Vogt', 'Andreas', '1.1.1978.', 'p');
insert into CandidatesData (idno) VALUES (7632);
insert into PartyMembership (pid, idno) VALUES (7, 7632);
insert into Candidacy (wkid, idno) VALUES (453, 7632);
insert into Citizen (idno, title, firstname, lastname, dateofbirth, gender) VALUES (7633, '', 'Vogt', 'Beate', '1.1.1948.', 'p');
insert into CandidatesData (idno) VALUES (7633);
insert into PartyMembership (pid, idno) VALUES (36, 7633);
insert into Landeslistenplatz (llid, idno, position) VALUES (149, 7633, 10);
insert into Citizen (idno, title, firstname, lastname, dateofbirth, gender) VALUES (7634, '', 'Vogt', 'Karl Edmund', '1.1.1944.', 'p');
insert into CandidatesData (idno) VALUES (7634);
insert into PartyMembership (pid, idno) VALUES (36, 7634);
insert into Landeslistenplatz (llid, idno, position) VALUES (149, 7634, 2);
insert into Citizen (idno, title, firstname, lastname, dateofbirth, gender) VALUES (7635, '', 'Vogt', 'Kristina Hildtraut', '1.1.1965.', 'p');
insert into CandidatesData (idno) VALUES (7635);
insert into PartyMembership (pid, idno) VALUES (3, 7635);
insert into Candidacy (wkid, idno) VALUES (354, 7635);
insert into Citizen (idno, title, firstname, lastname, dateofbirth, gender) VALUES (7636, '', 'Vogt', 'Ute', '1.1.1964.', 'p');
insert into CandidatesData (idno) VALUES (7636);
insert into PartyMembership (pid, idno) VALUES (2, 7636);
insert into Candidacy (wkid, idno) VALUES (557, 7636);
insert into Landeslistenplatz (llid, idno, position) VALUES (76, 7636, 6);
insert into Citizen (idno, title, firstname, lastname, dateofbirth, gender) VALUES (7637, '', 'Voht', 'Gregor', '1.1.1990.', 'p');
insert into CandidatesData (idno) VALUES (7637);
insert into PartyMembership (pid, idno) VALUES (32, 7637);
insert into Candidacy (wkid, idno) VALUES (319, 7637);
insert into Citizen (idno, title, firstname, lastname, dateofbirth, gender) VALUES (7638, '', 'Voigt', 'Jürgen', '1.1.1955.', 'p');
insert into CandidatesData (idno) VALUES (7638);
insert into PartyMembership (pid, idno) VALUES (7, 7638);
insert into Candidacy (wkid, idno) VALUES (356, 7638);
insert into Landeslistenplatz (llid, idno, position) VALUES (178, 7638, 6);
insert into Citizen (idno, title, firstname, lastname, dateofbirth, gender) VALUES (7639, '', 'Voigt', 'Markus', '1.1.1983.', 'p');
insert into CandidatesData (idno) VALUES (7639);
insert into PartyMembership (pid, idno) VALUES (32, 7639);
insert into Landeslistenplatz (llid, idno, position) VALUES (165, 7639, 13);
insert into Citizen (idno, title, firstname, lastname, dateofbirth, gender) VALUES (7640, '', 'Voigt', 'Udo', '1.1.1952.', 'p');
insert into CandidatesData (idno) VALUES (7640);
insert into PartyMembership (pid, idno) VALUES (1, 7640);
insert into Candidacy (wkid, idno) VALUES (383, 7640);
insert into Landeslistenplatz (llid, idno, position) VALUES (246, 7640, 1);
insert into Citizen (idno, title, firstname, lastname, dateofbirth, gender) VALUES (7641, '', 'Voigtmann', 'Klaus', '1.1.1945.', 'p');
insert into CandidatesData (idno) VALUES (7641);
insert into PartyMembership (pid, idno) VALUES (33, 7641);
insert into Candidacy (wkid, idno) VALUES (577, 7641);
insert into Citizen (idno, title, firstname, lastname, dateofbirth, gender) VALUES (7642, '', 'Voit', 'Sofie Elisabeth', '1.1.1958.', 'p');
insert into CandidatesData (idno) VALUES (7642);
insert into PartyMembership (pid, idno) VALUES (5, 7642);
insert into Candidacy (wkid, idno) VALUES (512, 7642);
insert into Landeslistenplatz (llid, idno, position) VALUES (65, 7642, 33);
insert into Citizen (idno, title, firstname, lastname, dateofbirth, gender) VALUES (7643, 'Dr. ', 'Volk', 'Daniel', '1.1.1970.', 'p');
insert into CandidatesData (idno) VALUES (7643);
insert into PartyMembership (pid, idno) VALUES (4, 7643);
insert into Candidacy (wkid, idno) VALUES (520, 7643);
insert into Landeslistenplatz (llid, idno, position) VALUES (102, 7643, 16);
insert into Citizen (idno, title, firstname, lastname, dateofbirth, gender) VALUES (7644, '', 'Vollert', 'Florian', '1.1.1975.', 'p');
insert into CandidatesData (idno) VALUES (7644);
insert into PartyMembership (pid, idno) VALUES (3, 7644);
insert into Candidacy (wkid, idno) VALUES (567, 7644);
insert into Citizen (idno, title, firstname, lastname, dateofbirth, gender) VALUES (7645, '', 'Vollmar', 'Linus Yann Friedrich', '1.1.1994.', 'p');
insert into CandidatesData (idno) VALUES (7645);
insert into PartyMembership (pid, idno) VALUES (4, 7645);
insert into Candidacy (wkid, idno) VALUES (375, 7645);
insert into Landeslistenplatz (llid, idno, position) VALUES (89, 7645, 7);
insert into Citizen (idno, title, firstname, lastname, dateofbirth, gender) VALUES (7646, '', 'Vollmer', 'Katja', '1.1.1980.', 'p');
insert into CandidatesData (idno) VALUES (7646);
insert into PartyMembership (pid, idno) VALUES (32, 7646);
insert into Landeslistenplatz (llid, idno, position) VALUES (254, 7646, 5);
insert into Citizen (idno, title, firstname, lastname, dateofbirth, gender) VALUES (7647, '', 'Vollmer', 'Thomas', '1.1.1964.', 'p');
insert into CandidatesData (idno) VALUES (7647);
insert into PartyMembership (pid, idno) VALUES (32, 7647);
insert into Landeslistenplatz (llid, idno, position) VALUES (141, 7647, 10);
insert into Citizen (idno, title, firstname, lastname, dateofbirth, gender) VALUES (7648, '', 'Volmering', 'Sven', '1.1.1976.', 'p');
insert into CandidatesData (idno) VALUES (7648);
insert into PartyMembership (pid, idno) VALUES (12, 7648);
insert into Candidacy (wkid, idno) VALUES (424, 7648);
insert into Landeslistenplatz (llid, idno, position) VALUES (136, 7648, 26);
insert into Citizen (idno, title, firstname, lastname, dateofbirth, gender) VALUES (7649, '', 'Volz', 'Tobias', '1.1.1968.', 'p');
insert into CandidatesData (idno) VALUES (7649);
insert into PartyMembership (pid, idno) VALUES (2, 7649);
insert into Candidacy (wkid, idno) VALUES (586, 7649);
insert into Landeslistenplatz (llid, idno, position) VALUES (76, 7649, 35);
insert into Citizen (idno, title, firstname, lastname, dateofbirth, gender) VALUES (7650, '', 'Vorhölter', 'Jörg', '1.1.1964.', 'p');
insert into CandidatesData (idno) VALUES (7650);
insert into PartyMembership (pid, idno) VALUES (32, 7650);
insert into Landeslistenplatz (llid, idno, position) VALUES (165, 7650, 16);
insert into Citizen (idno, title, firstname, lastname, dateofbirth, gender) VALUES (7651, '', 'Vorländer', 'Christian', '1.1.1973.', 'p');
insert into CandidatesData (idno) VALUES (7651);
insert into PartyMembership (pid, idno) VALUES (2, 7651);
insert into Candidacy (wkid, idno) VALUES (519, 7651);
insert into Landeslistenplatz (llid, idno, position) VALUES (87, 7651, 29);
insert into Citizen (idno, title, firstname, lastname, dateofbirth, gender) VALUES (7652, 'Dr. ', 'Voss', 'Karl Ulrich', '1.1.1951.', 'p');
insert into CandidatesData (idno) VALUES (7652);
insert into Candidacy (wkid, idno) VALUES (399, 7652);
insert into Citizen (idno, title, firstname, lastname, dateofbirth, gender) VALUES (7653, '', 'Voß', 'Hans-Jochen', '1.1.1948.', 'p');
insert into CandidatesData (idno) VALUES (7653);
insert into PartyMembership (pid, idno) VALUES (1, 7653);
insert into Candidacy (wkid, idno) VALUES (444, 7653);
insert into Citizen (idno, title, firstname, lastname, dateofbirth, gender) VALUES (7654, '', 'Voß', 'Johanna Regina', '1.1.1957.', 'p');
insert into CandidatesData (idno) VALUES (7654);
insert into PartyMembership (pid, idno) VALUES (3, 7654);
insert into Candidacy (wkid, idno) VALUES (336, 7654);
insert into Landeslistenplatz (llid, idno, position) VALUES (130, 7654, 5);
insert into Citizen (idno, title, firstname, lastname, dateofbirth, gender) VALUES (7655, '', 'Voß', 'Renate Barbara', '1.1.1943.', 'p');
insert into CandidatesData (idno) VALUES (7655);
insert into PartyMembership (pid, idno) VALUES (13, 7655);
insert into Candidacy (wkid, idno) VALUES (313, 7655);
insert into Landeslistenplatz (llid, idno, position) VALUES (125, 7655, 3);
insert into Citizen (idno, title, firstname, lastname, dateofbirth, gender) VALUES (7656, '', 'Voßbeck-Kayser', 'Christel Hedwig Ernestine', '1.1.1961.', 'p');
insert into CandidatesData (idno) VALUES (7656);
insert into PartyMembership (pid, idno) VALUES (12, 7656);
insert into Candidacy (wkid, idno) VALUES (449, 7656);
insert into Landeslistenplatz (llid, idno, position) VALUES (136, 7656, 34);
insert into Citizen (idno, title, firstname, lastname, dateofbirth, gender) VALUES (7657, '', 'Voßhoff', 'Andrea Astrid', '1.1.1958.', 'p');
insert into CandidatesData (idno) VALUES (7657);
insert into PartyMembership (pid, idno) VALUES (12, 7657);
insert into Candidacy (wkid, idno) VALUES (359, 7657);
insert into Landeslistenplatz (llid, idno, position) VALUES (218, 7657, 4);
insert into Citizen (idno, title, firstname, lastname, dateofbirth, gender) VALUES (7658, '', 'Vries de', 'Kees Cornelis Petrus Jozef', '1.1.1955.', 'p');
insert into CandidatesData (idno) VALUES (7658);
insert into PartyMembership (pid, idno) VALUES (12, 7658);
insert into Candidacy (wkid, idno) VALUES (370, 7658);
insert into Landeslistenplatz (llid, idno, position) VALUES (131, 7658, 9);
insert into Citizen (idno, title, firstname, lastname, dateofbirth, gender) VALUES (7659, '', 'Waas', 'Andreas', '1.1.1974.', 'p');
insert into CandidatesData (idno) VALUES (7659);
insert into PartyMembership (pid, idno) VALUES (7, 7659);
insert into Candidacy (wkid, idno) VALUES (541, 7659);
insert into Citizen (idno, title, firstname, lastname, dateofbirth, gender) VALUES (7660, '', 'Wache', 'Jasmin', '1.1.1988.', 'p');
insert into CandidatesData (idno) VALUES (7660);
insert into PartyMembership (pid, idno) VALUES (32, 7660);
insert into Candidacy (wkid, idno) VALUES (385, 7660);
insert into Landeslistenplatz (llid, idno, position) VALUES (195, 7660, 6);
insert into Citizen (idno, title, firstname, lastname, dateofbirth, gender) VALUES (7661, '', 'Wacker', 'Detlef', '1.1.1963.', 'p');
insert into CandidatesData (idno) VALUES (7661);
insert into PartyMembership (pid, idno) VALUES (1, 7661);
insert into Candidacy (wkid, idno) VALUES (517, 7661);
insert into Citizen (idno, title, firstname, lastname, dateofbirth, gender) VALUES (7662, 'Dr. ', 'Wadephul', 'Johann David', '1.1.1963.', 'p');
insert into CandidatesData (idno) VALUES (7662);
insert into PartyMembership (pid, idno) VALUES (12, 7662);
insert into Candidacy (wkid, idno) VALUES (303, 7662);
insert into Landeslistenplatz (llid, idno, position) VALUES (159, 7662, 1);
insert into Citizen (idno, title, firstname, lastname, dateofbirth, gender) VALUES (7663, '', 'Wächter', 'Andre Mike', '1.1.1973.', 'p');
insert into CandidatesData (idno) VALUES (7663);
insert into PartyMembership (pid, idno) VALUES (33, 7663);
insert into Landeslistenplatz (llid, idno, position) VALUES (166, 7663, 1);
insert into Citizen (idno, title, firstname, lastname, dateofbirth, gender) VALUES (7664, '', 'Wächter', 'Karina', '1.1.1990.', 'p');
insert into CandidatesData (idno) VALUES (7664);
insert into PartyMembership (pid, idno) VALUES (12, 7664);
insert into Landeslistenplatz (llid, idno, position) VALUES (138, 7664, 27);
insert into Citizen (idno, title, firstname, lastname, dateofbirth, gender) VALUES (7665, '', 'Wagener', 'Gerald', '1.1.1961.', 'p');
insert into CandidatesData (idno) VALUES (7665);
insert into PartyMembership (pid, idno) VALUES (33, 7665);
insert into Landeslistenplatz (llid, idno, position) VALUES (80, 7665, 29);
insert into Citizen (idno, title, firstname, lastname, dateofbirth, gender) VALUES (7666, '', 'Wagener', 'Stefan', '1.1.1971.', 'p');
insert into CandidatesData (idno) VALUES (7666);
insert into PartyMembership (pid, idno) VALUES (5, 7666);
insert into Candidacy (wkid, idno) VALUES (546, 7666);
insert into Landeslistenplatz (llid, idno, position) VALUES (65, 7666, 42);
insert into Citizen (idno, title, firstname, lastname, dateofbirth, gender) VALUES (7667, '', 'Wagener', 'Thomas', '1.1.1974.', 'p');
insert into CandidatesData (idno) VALUES (7667);
insert into PartyMembership (pid, idno) VALUES (5, 7667);
insert into Candidacy (wkid, idno) VALUES (412, 7667);
insert into Citizen (idno, title, firstname, lastname, dateofbirth, gender) VALUES (7668, 'Dr. ', 'Wagenknecht', 'Sahra', '1.1.1969.', 'p');
insert into CandidatesData (idno) VALUES (7668);
insert into PartyMembership (pid, idno) VALUES (3, 7668);
insert into Candidacy (wkid, idno) VALUES (406, 7668);
insert into Landeslistenplatz (llid, idno, position) VALUES (95, 7668, 1);
insert into Citizen (idno, title, firstname, lastname, dateofbirth, gender) VALUES (7669, '', 'Wagner', 'Alexander', '1.1.1987.', 'p');
insert into CandidatesData (idno) VALUES (7669);
insert into PartyMembership (pid, idno) VALUES (2, 7669);
insert into Landeslistenplatz (llid, idno, position) VALUES (103, 7669, 16);
insert into Citizen (idno, title, firstname, lastname, dateofbirth, gender) VALUES (7670, '', 'Wagner', 'Andreas', '1.1.1972.', 'p');
insert into CandidatesData (idno) VALUES (7670);
insert into PartyMembership (pid, idno) VALUES (3, 7670);
insert into Candidacy (wkid, idno) VALUES (523, 7670);
insert into Landeslistenplatz (llid, idno, position) VALUES (174, 7670, 8);
insert into Citizen (idno, title, firstname, lastname, dateofbirth, gender) VALUES (7671, '', 'Wagner', 'Arfst', '1.1.1954.', 'p');
insert into CandidatesData (idno) VALUES (7671);
insert into PartyMembership (pid, idno) VALUES (5, 7671);
insert into Candidacy (wkid, idno) VALUES (301, 7671);
insert into Landeslistenplatz (llid, idno, position) VALUES (59, 7671, 4);
insert into Citizen (idno, title, firstname, lastname, dateofbirth, gender) VALUES (7672, '', 'Wagner', 'Daniela', '1.1.1957.', 'p');
insert into CandidatesData (idno) VALUES (7672);
insert into PartyMembership (pid, idno) VALUES (5, 7672);
insert into Candidacy (wkid, idno) VALUES (485, 7672);
insert into Landeslistenplatz (llid, idno, position) VALUES (144, 7672, 7);
insert into Citizen (idno, title, firstname, lastname, dateofbirth, gender) VALUES (7673, '', 'Wagner', 'Doris', '1.1.1963.', 'p');
insert into CandidatesData (idno) VALUES (7673);
insert into PartyMembership (pid, idno) VALUES (5, 7673);
insert into Candidacy (wkid, idno) VALUES (517, 7673);
insert into Landeslistenplatz (llid, idno, position) VALUES (65, 7673, 9);
insert into Citizen (idno, title, firstname, lastname, dateofbirth, gender) VALUES (7674, '', 'Wagner', 'Falk-Constantin', '1.1.1989.', 'p');
insert into CandidatesData (idno) VALUES (7674);
insert into PartyMembership (pid, idno) VALUES (2, 7674);
insert into Landeslistenplatz (llid, idno, position) VALUES (126, 7674, 5);
insert into Citizen (idno, title, firstname, lastname, dateofbirth, gender) VALUES (7675, '', 'Wagner', 'Josef', '1.1.1968.', 'p');
insert into CandidatesData (idno) VALUES (7675);
insert into PartyMembership (pid, idno) VALUES (36, 7675);
insert into Landeslistenplatz (llid, idno, position) VALUES (118, 7675, 17);
insert into Citizen (idno, title, firstname, lastname, dateofbirth, gender) VALUES (7676, '', 'Wagner', 'Kaiken', '1.1.1956.', 'p');
insert into CandidatesData (idno) VALUES (7676);
insert into PartyMembership (pid, idno) VALUES (32, 7676);
insert into Landeslistenplatz (llid, idno, position) VALUES (254, 7676, 3);
insert into Citizen (idno, title, firstname, lastname, dateofbirth, gender) VALUES (7677, '', 'Wagner', 'Sascha Heribert', '1.1.1980.', 'p');
insert into CandidatesData (idno) VALUES (7677);
insert into PartyMembership (pid, idno) VALUES (3, 7677);
insert into Candidacy (wkid, idno) VALUES (412, 7677);
insert into Citizen (idno, title, firstname, lastname, dateofbirth, gender) VALUES (7678, '', 'Wagner', 'Susanne Roswitha', '1.1.1953.', 'p');
insert into CandidatesData (idno) VALUES (7678);
insert into PartyMembership (pid, idno) VALUES (13, 7678);
insert into Landeslistenplatz (llid, idno, position) VALUES (211, 7678, 6);
insert into Citizen (idno, title, firstname, lastname, dateofbirth, gender) VALUES (7679, '', 'Wahl', 'Reinhold', '1.1.1941.', 'p');
insert into CandidatesData (idno) VALUES (7679);
insert into PartyMembership (pid, idno) VALUES (19, 7679);
insert into Landeslistenplatz (llid, idno, position) VALUES (40, 7679, 26);
insert into Citizen (idno, title, firstname, lastname, dateofbirth, gender) VALUES (7680, '', 'Wahl-Schwentker', 'Jasmin', '1.1.1967.', 'p');
insert into CandidatesData (idno) VALUES (7680);
insert into PartyMembership (pid, idno) VALUES (4, 7680);
insert into Candidacy (wkid, idno) VALUES (431, 7680);
insert into Landeslistenplatz (llid, idno, position) VALUES (98, 7680, 51);
insert into Citizen (idno, title, firstname, lastname, dateofbirth, gender) VALUES (7681, '', 'Walbe', 'Christian', '1.1.1967.', 'p');
insert into CandidatesData (idno) VALUES (7681);
insert into PartyMembership (pid, idno) VALUES (32, 7681);
insert into Candidacy (wkid, idno) VALUES (322, 7681);
insert into Landeslistenplatz (llid, idno, position) VALUES (198, 7681, 2);
insert into Citizen (idno, title, firstname, lastname, dateofbirth, gender) VALUES (7682, '', 'Walch', 'Alexander', '1.1.1993.', 'p');
insert into CandidatesData (idno) VALUES (7682);
insert into PartyMembership (pid, idno) VALUES (33, 7682);
insert into Landeslistenplatz (llid, idno, position) VALUES (140, 7682, 18);
insert into Citizen (idno, title, firstname, lastname, dateofbirth, gender) VALUES (7683, '', 'Walde', 'Ingo-Peter', '1.1.1945.', 'p');
insert into CandidatesData (idno) VALUES (7683);
insert into PartyMembership (pid, idno) VALUES (1, 7683);
insert into Landeslistenplatz (llid, idno, position) VALUES (38, 7683, 1);
insert into Citizen (idno, title, firstname, lastname, dateofbirth, gender) VALUES (7684, '', 'Waldheim', 'Silvio', '1.1.1960.', 'p');
insert into CandidatesData (idno) VALUES (7684);
insert into PartyMembership (pid, idno) VALUES (1, 7684);
insert into Candidacy (wkid, idno) VALUES (574, 7684);
insert into Citizen (idno, title, firstname, lastname, dateofbirth, gender) VALUES (7685, '', 'Waldheim', 'Thomas', '1.1.1960.', 'p');
insert into CandidatesData (idno) VALUES (7685);
insert into PartyMembership (pid, idno) VALUES (3, 7685);
insert into Candidacy (wkid, idno) VALUES (366, 7685);
insert into Citizen (idno, title, firstname, lastname, dateofbirth, gender) VALUES (7686, '', 'Waldukat', 'Manfred', '1.1.1953.', 'p');
insert into CandidatesData (idno) VALUES (7686);
insert into PartyMembership (pid, idno) VALUES (1, 7686);
insert into Candidacy (wkid, idno) VALUES (551, 7686);
insert into Landeslistenplatz (llid, idno, position) VALUES (216, 7686, 5);
insert into Citizen (idno, title, firstname, lastname, dateofbirth, gender) VALUES (7687, 'Dr. ', 'Wallenstein', 'Gabriele Anna', '1.1.1947.', 'p');
insert into CandidatesData (idno) VALUES (7687);
insert into PartyMembership (pid, idno) VALUES (13, 7687);
insert into Landeslistenplatz (llid, idno, position) VALUES (189, 7687, 1);
insert into Citizen (idno, title, firstname, lastname, dateofbirth, gender) VALUES (7688, '', 'Wallenstein', 'Klaus', '1.1.1943.', 'p');
insert into CandidatesData (idno) VALUES (7688);
insert into PartyMembership (pid, idno) VALUES (13, 7688);
insert into Candidacy (wkid, idno) VALUES (413, 7688);
insert into Citizen (idno, title, firstname, lastname, dateofbirth, gender) VALUES (7689, '', 'Wallstein', 'Maja Scarlett', '1.1.1986.', 'p');
insert into CandidatesData (idno) VALUES (7689);
insert into PartyMembership (pid, idno) VALUES (2, 7689);
insert into Landeslistenplatz (llid, idno, position) VALUES (147, 7689, 14);
insert into Citizen (idno, title, firstname, lastname, dateofbirth, gender) VALUES (7690, '', 'Walter von', 'Mechthild', '1.1.1939.', 'p');
insert into CandidatesData (idno) VALUES (7690);
insert into PartyMembership (pid, idno) VALUES (36, 7690);
insert into Candidacy (wkid, idno) VALUES (520, 7690);
insert into Citizen (idno, title, firstname, lastname, dateofbirth, gender) VALUES (7691, '', 'Walter', 'Anna Maria Katharina', '1.1.1957.', 'p');
insert into CandidatesData (idno) VALUES (7691);
insert into PartyMembership (pid, idno) VALUES (9, 7691);
insert into Landeslistenplatz (llid, idno, position) VALUES (47, 7691, 56);
insert into Citizen (idno, title, firstname, lastname, dateofbirth, gender) VALUES (7692, '', 'Walter', 'Bruno', '1.1.1961.', 'p');
insert into CandidatesData (idno) VALUES (7692);
insert into PartyMembership (pid, idno) VALUES (29, 7692);
insert into Candidacy (wkid, idno) VALUES (540, 7692);
insert into Landeslistenplatz (llid, idno, position) VALUES (31, 7692, 16);
insert into Citizen (idno, title, firstname, lastname, dateofbirth, gender) VALUES (7693, '', 'Walter', 'Helmut', '1.1.1952.', 'p');
insert into CandidatesData (idno) VALUES (7693);
insert into PartyMembership (pid, idno) VALUES (1, 7693);
insert into Candidacy (wkid, idno) VALUES (338, 7693);
insert into Citizen (idno, title, firstname, lastname, dateofbirth, gender) VALUES (7694, '', 'Walter', 'Markus', '1.1.1975.', 'p');
insert into CandidatesData (idno) VALUES (7694);
insert into PartyMembership (pid, idno) VALUES (1, 7694);
insert into Candidacy (wkid, idno) VALUES (501, 7694);
insert into Landeslistenplatz (llid, idno, position) VALUES (86, 7694, 2);
insert into Citizen (idno, title, firstname, lastname, dateofbirth, gender) VALUES (7695, '', 'Walter-Rosenheimer', 'Beate', '1.1.1964.', 'p');
insert into CandidatesData (idno) VALUES (7695);
insert into PartyMembership (pid, idno) VALUES (5, 7695);
insert into Candidacy (wkid, idno) VALUES (515, 7695);
insert into Landeslistenplatz (llid, idno, position) VALUES (65, 7695, 7);
insert into Citizen (idno, title, firstname, lastname, dateofbirth, gender) VALUES (7696, '', 'Walther', 'Kevin', '1.1.1995.', 'p');
insert into CandidatesData (idno) VALUES (7696);
insert into PartyMembership (pid, idno) VALUES (2, 7696);
insert into Landeslistenplatz (llid, idno, position) VALUES (154, 7696, 13);
insert into Citizen (idno, title, firstname, lastname, dateofbirth, gender) VALUES (7697, '', 'Wanderwitz', 'Marco', '1.1.1975.', 'p');
insert into CandidatesData (idno) VALUES (7697);
insert into PartyMembership (pid, idno) VALUES (12, 7697);
insert into Candidacy (wkid, idno) VALUES (462, 7697);
insert into Citizen (idno, title, firstname, lastname, dateofbirth, gender) VALUES (7698, '', 'Wandschneider', 'Steffen', '1.1.1969.', 'p');
insert into CandidatesData (idno) VALUES (7698);
insert into PartyMembership (pid, idno) VALUES (33, 7698);
insert into Landeslistenplatz (llid, idno, position) VALUES (229, 7698, 4);
insert into Citizen (idno, title, firstname, lastname, dateofbirth, gender) VALUES (7699, '', 'Wandtke', 'Rolf-Rüdiger', '1.1.1947.', 'p');
insert into CandidatesData (idno) VALUES (7699);
insert into PartyMembership (pid, idno) VALUES (33, 7699);
insert into Landeslistenplatz (llid, idno, position) VALUES (30, 7699, 18);
insert into Citizen (idno, title, firstname, lastname, dateofbirth, gender) VALUES (7700, '', 'Wange', 'Karl-Heinz Helmut', '1.1.1946.', 'p');
insert into CandidatesData (idno) VALUES (7700);
insert into PartyMembership (pid, idno) VALUES (12, 7700);
insert into Landeslistenplatz (llid, idno, position) VALUES (136, 7700, 56);
insert into Citizen (idno, title, firstname, lastname, dateofbirth, gender) VALUES (7701, 'Dr. ', 'Wanka', 'Christine', '1.1.1968.', 'p');
insert into CandidatesData (idno) VALUES (7701);
insert into PartyMembership (pid, idno) VALUES (36, 7701);
insert into Landeslistenplatz (llid, idno, position) VALUES (149, 7701, 3);
insert into Citizen (idno, title, firstname, lastname, dateofbirth, gender) VALUES (7702, 'Dr. ', 'Wanke', 'Stefan Michael Rainer', '1.1.1967.', 'p');
insert into CandidatesData (idno) VALUES (7702);
insert into PartyMembership (pid, idno) VALUES (33, 7702);
insert into Landeslistenplatz (llid, idno, position) VALUES (166, 7702, 28);
insert into Citizen (idno, title, firstname, lastname, dateofbirth, gender) VALUES (7703, '', 'Wanke', 'Uwe', '1.1.1962.', 'p');
insert into CandidatesData (idno) VALUES (7703);
insert into PartyMembership (pid, idno) VALUES (33, 7703);
insert into Candidacy (wkid, idno) VALUES (575, 7703);
insert into Citizen (idno, title, firstname, lastname, dateofbirth, gender) VALUES (7704, '', 'Wark', 'Roland', '1.1.1950.', 'p');
insert into CandidatesData (idno) VALUES (7704);
insert into PartyMembership (pid, idno) VALUES (33, 7704);
insert into Landeslistenplatz (llid, idno, position) VALUES (252, 7704, 3);
insert into Citizen (idno, title, firstname, lastname, dateofbirth, gender) VALUES (7705, '', 'Warken', 'Nina', '1.1.1979.', 'p');
insert into CandidatesData (idno) VALUES (7705);
insert into PartyMembership (pid, idno) VALUES (12, 7705);
insert into Landeslistenplatz (llid, idno, position) VALUES (105, 7705, 14);
insert into Citizen (idno, title, firstname, lastname, dateofbirth, gender) VALUES (7706, '', 'Warnecke', 'Uwe Marold', '1.1.1963.', 'p');
insert into CandidatesData (idno) VALUES (7706);
insert into PartyMembership (pid, idno) VALUES (5, 7706);
insert into Candidacy (wkid, idno) VALUES (406, 7706);
insert into Citizen (idno, title, firstname, lastname, dateofbirth, gender) VALUES (7707, '', 'Warnst', 'Peter', '1.1.1971.', 'p');
insert into CandidatesData (idno) VALUES (7707);
insert into PartyMembership (pid, idno) VALUES (37, 7707);
insert into Landeslistenplatz (llid, idno, position) VALUES (235, 7707, 4);
insert into Citizen (idno, title, firstname, lastname, dateofbirth, gender) VALUES (7708, '', 'Warshitsky', 'Michael', '1.1.1946.', 'p');
insert into CandidatesData (idno) VALUES (7708);
insert into PartyMembership (pid, idno) VALUES (37, 7708);
insert into Landeslistenplatz (llid, idno, position) VALUES (251, 7708, 5);
insert into Citizen (idno, title, firstname, lastname, dateofbirth, gender) VALUES (7709, '', 'Waschner', 'Ingo', '1.1.1969.', 'p');
insert into CandidatesData (idno) VALUES (7709);
insert into PartyMembership (pid, idno) VALUES (3, 7709);
insert into Candidacy (wkid, idno) VALUES (332, 7709);
insert into Citizen (idno, title, firstname, lastname, dateofbirth, gender) VALUES (7710, '', 'Wasen van', 'Günther', '1.1.1948.', 'p');
insert into CandidatesData (idno) VALUES (7710);
insert into PartyMembership (pid, idno) VALUES (4, 7710);
insert into Candidacy (wkid, idno) VALUES (418, 7710);
insert into Landeslistenplatz (llid, idno, position) VALUES (98, 7710, 57);
insert into Citizen (idno, title, firstname, lastname, dateofbirth, gender) VALUES (7711, '', 'Wasmund', 'Ralf', '1.1.1962.', 'p');
insert into CandidatesData (idno) VALUES (7711);
insert into PartyMembership (pid, idno) VALUES (37, 7711);
insert into Landeslistenplatz (llid, idno, position) VALUES (60, 7711, 4);
insert into Citizen (idno, title, firstname, lastname, dateofbirth, gender) VALUES (7712, '', 'Wauer', 'Roman-Hartmut', '1.1.1962.', 'p');
insert into CandidatesData (idno) VALUES (7712);
insert into PartyMembership (pid, idno) VALUES (5, 7712);
insert into Candidacy (wkid, idno) VALUES (594, 7712);
insert into Citizen (idno, title, firstname, lastname, dateofbirth, gender) VALUES (7713, '', 'Wawzyniak', 'Halina', '1.1.1973.', 'p');
insert into CandidatesData (idno) VALUES (7713);
insert into PartyMembership (pid, idno) VALUES (3, 7713);
insert into Candidacy (wkid, idno) VALUES (382, 7713);
insert into Landeslistenplatz (llid, idno, position) VALUES (196, 7713, 5);
insert into Citizen (idno, title, firstname, lastname, dateofbirth, gender) VALUES (7714, '', 'Weber', 'Adolf', '1.1.1954.', 'p');
insert into CandidatesData (idno) VALUES (7714);
insert into PartyMembership (pid, idno) VALUES (1, 7714);
insert into Candidacy (wkid, idno) VALUES (528, 7714);
insert into Citizen (idno, title, firstname, lastname, dateofbirth, gender) VALUES (7715, '', 'Weber', 'Andrea', '1.1.1977.', 'p');
insert into CandidatesData (idno) VALUES (7715);
insert into PartyMembership (pid, idno) VALUES (5, 7715);
insert into Candidacy (wkid, idno) VALUES (504, 7715);
insert into Citizen (idno, title, firstname, lastname, dateofbirth, gender) VALUES (7716, '', 'Weber', 'Andreas', '1.1.1976.', 'p');
insert into CandidatesData (idno) VALUES (7716);
insert into PartyMembership (pid, idno) VALUES (22, 7716);
insert into Landeslistenplatz (llid, idno, position) VALUES (241, 7716, 6);
insert into Citizen (idno, title, firstname, lastname, dateofbirth, gender) VALUES (7717, '', 'Weber', 'Andreas', '1.1.1980.', 'p');
insert into CandidatesData (idno) VALUES (7717);
insert into PartyMembership (pid, idno) VALUES (10, 7717);
insert into Candidacy (wkid, idno) VALUES (375, 7717);
insert into Landeslistenplatz (llid, idno, position) VALUES (180, 7717, 5);
insert into Citizen (idno, title, firstname, lastname, dateofbirth, gender) VALUES (7718, 'Dr. ', 'Weber', 'Michael', '1.1.1969.', 'p');
insert into CandidatesData (idno) VALUES (7718);
insert into PartyMembership (pid, idno) VALUES (7, 7718);
insert into Candidacy (wkid, idno) VALUES (470, 7718);
insert into Citizen (idno, title, firstname, lastname, dateofbirth, gender) VALUES (7719, '', 'Weber', 'Florian Christoph', '1.1.1963.', 'p');
insert into CandidatesData (idno) VALUES (7719);
insert into PartyMembership (pid, idno) VALUES (15, 7719);
insert into Landeslistenplatz (llid, idno, position) VALUES (55, 7719, 23);
insert into Citizen (idno, title, firstname, lastname, dateofbirth, gender) VALUES (7720, '', 'Weber', 'Franz', '1.1.1946.', 'p');
insert into CandidatesData (idno) VALUES (7720);
insert into PartyMembership (pid, idno) VALUES (36, 7720);
insert into Candidacy (wkid, idno) VALUES (592, 7720);
insert into Landeslistenplatz (llid, idno, position) VALUES (118, 7720, 15);
insert into Citizen (idno, title, firstname, lastname, dateofbirth, gender) VALUES (7721, '', 'Weber', 'Gabi', '1.1.1955.', 'p');
insert into CandidatesData (idno) VALUES (7721);
insert into PartyMembership (pid, idno) VALUES (2, 7721);
insert into Candidacy (wkid, idno) VALUES (504, 7721);
insert into Landeslistenplatz (llid, idno, position) VALUES (71, 7721, 9);
insert into Citizen (idno, title, firstname, lastname, dateofbirth, gender) VALUES (7722, '', 'Weber', 'Gerd Rainer', '1.1.1966.', 'p');
insert into CandidatesData (idno) VALUES (7722);
insert into PartyMembership (pid, idno) VALUES (7, 7722);
insert into Candidacy (wkid, idno) VALUES (597, 7722);
insert into Landeslistenplatz (llid, idno, position) VALUES (221, 7722, 6);
insert into Citizen (idno, title, firstname, lastname, dateofbirth, gender) VALUES (7723, '', 'Weber', 'Lorenz', '1.1.1985.', 'p');
insert into CandidatesData (idno) VALUES (7723);
insert into PartyMembership (pid, idno) VALUES (12, 7723);
insert into Landeslistenplatz (llid, idno, position) VALUES (131, 7723, 12);
insert into Citizen (idno, title, firstname, lastname, dateofbirth, gender) VALUES (7724, '', 'Weber', 'Marco', '1.1.1975.', 'p');
insert into CandidatesData (idno) VALUES (7724);
insert into PartyMembership (pid, idno) VALUES (4, 7724);
insert into Candidacy (wkid, idno) VALUES (502, 7724);
insert into Landeslistenplatz (llid, idno, position) VALUES (120, 7724, 5);
insert into Citizen (idno, title, firstname, lastname, dateofbirth, gender) VALUES (7725, '', 'Weber', 'Markus', '1.1.1965.', 'p');
insert into CandidatesData (idno) VALUES (7725);
insert into PartyMembership (pid, idno) VALUES (7, 7725);
insert into Candidacy (wkid, idno) VALUES (500, 7725);
insert into Citizen (idno, title, firstname, lastname, dateofbirth, gender) VALUES (7726, '', 'Weber', 'Patrick', '1.1.1983.', 'p');
insert into CandidatesData (idno) VALUES (7726);
insert into PartyMembership (pid, idno) VALUES (1, 7726);
insert into Candidacy (wkid, idno) VALUES (490, 7726);
insert into Citizen (idno, title, firstname, lastname, dateofbirth, gender) VALUES (7727, '', 'Weber', 'Stephan Georg', '1.1.1988.', 'p');
insert into CandidatesData (idno) VALUES (7727);
insert into PartyMembership (pid, idno) VALUES (33, 7727);
insert into Candidacy (wkid, idno) VALUES (485, 7727);
insert into Landeslistenplatz (llid, idno, position) VALUES (36, 7727, 4);
insert into Citizen (idno, title, firstname, lastname, dateofbirth, gender) VALUES (7728, '', 'Weber', 'Tim Willy', '1.1.1971.', 'p');
insert into CandidatesData (idno) VALUES (7728);
insert into PartyMembership (pid, idno) VALUES (7, 7728);
insert into Landeslistenplatz (llid, idno, position) VALUES (94, 7728, 3);
insert into Citizen (idno, title, firstname, lastname, dateofbirth, gender) VALUES (7729, '', 'Weber', 'Uwe', '1.1.1964.', 'p');
insert into CandidatesData (idno) VALUES (7729);
insert into PartyMembership (pid, idno) VALUES (1, 7729);
insert into Candidacy (wkid, idno) VALUES (497, 7729);
insert into Citizen (idno, title, firstname, lastname, dateofbirth, gender) VALUES (7730, '', 'Weber', 'Walter Wolfgang', '1.1.1967.', 'p');
insert into CandidatesData (idno) VALUES (7730);
insert into PartyMembership (pid, idno) VALUES (7, 7730);
insert into Candidacy (wkid, idno) VALUES (530, 7730);
insert into Citizen (idno, title, firstname, lastname, dateofbirth, gender) VALUES (7731, '', 'Weber', 'Wolf-Ulrich', '1.1.1984.', 'p');
insert into CandidatesData (idno) VALUES (7731);
insert into PartyMembership (pid, idno) VALUES (12, 7731);
insert into Landeslistenplatz (llid, idno, position) VALUES (138, 7731, 40);
insert into Citizen (idno, title, firstname, lastname, dateofbirth, gender) VALUES (7732, '', 'Weber', 'Yvonne', '1.1.1977.', 'p');
insert into CandidatesData (idno) VALUES (7732);
insert into PartyMembership (pid, idno) VALUES (1, 7732);
insert into Landeslistenplatz (llid, idno, position) VALUES (200, 7732, 5);
insert into Citizen (idno, title, firstname, lastname, dateofbirth, gender) VALUES (7733, '', 'Wechsler', 'Michael', '1.1.1971.', 'p');
insert into CandidatesData (idno) VALUES (7733);
insert into PartyMembership (pid, idno) VALUES (2, 7733);
insert into Candidacy (wkid, idno) VALUES (560, 7733);
insert into Landeslistenplatz (llid, idno, position) VALUES (76, 7733, 34);
insert into Citizen (idno, title, firstname, lastname, dateofbirth, gender) VALUES (7734, '', 'Wedemeyer', 'Waltraut Adele Anna', '1.1.1948.', 'p');
insert into CandidatesData (idno) VALUES (7734);
insert into PartyMembership (pid, idno) VALUES (4, 7734);
insert into Landeslistenplatz (llid, idno, position) VALUES (243, 7734, 3);
insert into Citizen (idno, title, firstname, lastname, dateofbirth, gender) VALUES (7735, '', 'Weeser', 'Sandra', '1.1.1969.', 'p');
insert into CandidatesData (idno) VALUES (7735);
insert into PartyMembership (pid, idno) VALUES (4, 7735);
insert into Candidacy (wkid, idno) VALUES (497, 7735);
insert into Landeslistenplatz (llid, idno, position) VALUES (120, 7735, 4);
insert into Citizen (idno, title, firstname, lastname, dateofbirth, gender) VALUES (7736, '', 'Wefelscheid', 'Stephan', '1.1.1978.', 'p');
insert into CandidatesData (idno) VALUES (7736);
insert into PartyMembership (pid, idno) VALUES (32, 7736);
insert into Candidacy (wkid, idno) VALUES (499, 7736);
insert into Landeslistenplatz (llid, idno, position) VALUES (29, 7736, 1);
insert into Citizen (idno, title, firstname, lastname, dateofbirth, gender) VALUES (7737, '', 'Wegener', 'Daniela', '1.1.1974.', 'p');
insert into CandidatesData (idno) VALUES (7737);
insert into PartyMembership (pid, idno) VALUES (1, 7737);
insert into Candidacy (wkid, idno) VALUES (446, 7737);
insert into Citizen (idno, title, firstname, lastname, dateofbirth, gender) VALUES (7738, '', 'Wegener', 'Gunnar', '1.1.1953.', 'p');
insert into CandidatesData (idno) VALUES (7738);
insert into PartyMembership (pid, idno) VALUES (2, 7738);
insert into Candidacy (wkid, idno) VALUES (328, 7738);
insert into Landeslistenplatz (llid, idno, position) VALUES (69, 7738, 29);
insert into Citizen (idno, title, firstname, lastname, dateofbirth, gender) VALUES (7739, '', 'Wegener', 'Rolf', '1.1.1949.', 'p');
insert into CandidatesData (idno) VALUES (7739);
insert into PartyMembership (pid, idno) VALUES (32, 7739);
insert into Candidacy (wkid, idno) VALUES (366, 7739);
insert into Landeslistenplatz (llid, idno, position) VALUES (165, 7739, 7);
insert into Citizen (idno, title, firstname, lastname, dateofbirth, gender) VALUES (7740, '', 'Wegner', 'Kai Peter', '1.1.1972.', 'p');
insert into CandidatesData (idno) VALUES (7740);
insert into PartyMembership (pid, idno) VALUES (12, 7740);
insert into Candidacy (wkid, idno) VALUES (377, 7740);
insert into Landeslistenplatz (llid, idno, position) VALUES (117, 7740, 2);
insert into Citizen (idno, title, firstname, lastname, dateofbirth, gender) VALUES (7741, '', 'Wehe', 'Christine', '1.1.1951.', 'p');
insert into CandidatesData (idno) VALUES (7741);
insert into PartyMembership (pid, idno) VALUES (32, 7741);
insert into Candidacy (wkid, idno) VALUES (547, 7741);
insert into Landeslistenplatz (llid, idno, position) VALUES (33, 7741, 32);
insert into Citizen (idno, title, firstname, lastname, dateofbirth, gender) VALUES (7742, '', 'Wehnemann', 'Julia', '1.1.1984.', 'p');
insert into CandidatesData (idno) VALUES (7742);
insert into PartyMembership (pid, idno) VALUES (31, 7742);
insert into Landeslistenplatz (llid, idno, position) VALUES (123, 7742, 4);
insert into Citizen (idno, title, firstname, lastname, dateofbirth, gender) VALUES (7743, '', 'Wehnemann', 'Nico', '1.1.1983.', 'p');
insert into CandidatesData (idno) VALUES (7743);
insert into PartyMembership (pid, idno) VALUES (31, 7743);
insert into Candidacy (wkid, idno) VALUES (481, 7743);
insert into Landeslistenplatz (llid, idno, position) VALUES (123, 7743, 7);
insert into Citizen (idno, title, firstname, lastname, dateofbirth, gender) VALUES (7744, '', 'Wehner', 'Jürgen', '1.1.1965.', 'p');
insert into CandidatesData (idno) VALUES (7744);
insert into PartyMembership (pid, idno) VALUES (1, 7744);
insert into Candidacy (wkid, idno) VALUES (563, 7744);
insert into Citizen (idno, title, firstname, lastname, dateofbirth, gender) VALUES (7745, 'Dr. ', 'Weible', 'Ingrid', '1.1.1947.', 'p');
insert into CandidatesData (idno) VALUES (7745);
insert into PartyMembership (pid, idno) VALUES (13, 7745);
insert into Landeslistenplatz (llid, idno, position) VALUES (96, 7745, 1);
insert into Citizen (idno, title, firstname, lastname, dateofbirth, gender) VALUES (7746, '', 'Weichler', 'Dietmar Günter Waldemar', '1.1.1955.', 'p');
insert into CandidatesData (idno) VALUES (7746);
insert into PartyMembership (pid, idno) VALUES (32, 7746);
insert into Candidacy (wkid, idno) VALUES (371, 7746);
insert into Landeslistenplatz (llid, idno, position) VALUES (165, 7746, 2);
insert into Citizen (idno, title, firstname, lastname, dateofbirth, gender) VALUES (7747, '', 'Weide', 'Kerstin', '1.1.1962.', 'p');
insert into CandidatesData (idno) VALUES (7747);
insert into PartyMembership (pid, idno) VALUES (2, 7747);
insert into Candidacy (wkid, idno) VALUES (364, 7747);
insert into Landeslistenplatz (llid, idno, position) VALUES (147, 7747, 10);
insert into Citizen (idno, title, firstname, lastname, dateofbirth, gender) VALUES (7748, '', 'Weidemann', 'Heidelind Ingeborg', '1.1.1941.', 'p');
insert into CandidatesData (idno) VALUES (7748);
insert into PartyMembership (pid, idno) VALUES (36, 7748);
insert into Candidacy (wkid, idno) VALUES (502, 7748);
insert into Landeslistenplatz (llid, idno, position) VALUES (56, 7748, 10);
insert into Citizen (idno, title, firstname, lastname, dateofbirth, gender) VALUES (7749, '', 'Weidemann', 'Jörg', '1.1.1968.', 'p');
insert into CandidatesData (idno) VALUES (7749);
insert into PartyMembership (pid, idno) VALUES (13, 7749);
insert into Landeslistenplatz (llid, idno, position) VALUES (227, 7749, 11);
insert into Citizen (idno, title, firstname, lastname, dateofbirth, gender) VALUES (7750, '', 'Weidemann', 'Verena', '1.1.1960.', 'p');
insert into CandidatesData (idno) VALUES (7750);
insert into PartyMembership (pid, idno) VALUES (36, 7750);
insert into Landeslistenplatz (llid, idno, position) VALUES (149, 7750, 16);
insert into Citizen (idno, title, firstname, lastname, dateofbirth, gender) VALUES (7751, '', 'Weidner', 'Michael', '1.1.1948.', 'p');
insert into CandidatesData (idno) VALUES (7751);
insert into PartyMembership (pid, idno) VALUES (13, 7751);
insert into Candidacy (wkid, idno) VALUES (588, 7751);
insert into Landeslistenplatz (llid, idno, position) VALUES (96, 7751, 14);
insert into Citizen (idno, title, firstname, lastname, dateofbirth, gender) VALUES (7752, '', 'Weigel', 'Andreas', '1.1.1964.', 'p');
insert into CandidatesData (idno) VALUES (7752);
insert into PartyMembership (pid, idno) VALUES (2, 7752);
insert into Candidacy (wkid, idno) VALUES (464, 7752);
insert into Citizen (idno, title, firstname, lastname, dateofbirth, gender) VALUES (7753, '', 'Weih', 'Timo', '1.1.1977.', 'p');
insert into CandidatesData (idno) VALUES (7753);
insert into PartyMembership (pid, idno) VALUES (19, 7753);
insert into Candidacy (wkid, idno) VALUES (577, 7753);
insert into Citizen (idno, title, firstname, lastname, dateofbirth, gender) VALUES (7754, '', 'Weihrauch', 'Dieter Kurt Alfred', '1.1.1954.', 'p');
insert into CandidatesData (idno) VALUES (7754);
insert into PartyMembership (pid, idno) VALUES (13, 7754);
insert into Landeslistenplatz (llid, idno, position) VALUES (189, 7754, 2);
insert into Citizen (idno, title, firstname, lastname, dateofbirth, gender) VALUES (7755, '', 'Weihrauch', 'Oliver', '1.1.1963.', 'p');
insert into CandidatesData (idno) VALUES (7755);
insert into PartyMembership (pid, idno) VALUES (32, 7755);
insert into Candidacy (wkid, idno) VALUES (497, 7755);
insert into Landeslistenplatz (llid, idno, position) VALUES (29, 7755, 7);
insert into Citizen (idno, title, firstname, lastname, dateofbirth, gender) VALUES (7756, '', 'Weijers', 'Thomas', '1.1.1981.', 'p');
insert into CandidatesData (idno) VALUES (7756);
insert into PartyMembership (pid, idno) VALUES (7, 7756);
insert into Candidacy (wkid, idno) VALUES (420, 7756);
insert into Landeslistenplatz (llid, idno, position) VALUES (75, 7756, 3);
insert into Citizen (idno, title, firstname, lastname, dateofbirth, gender) VALUES (7757, '', 'Weiler', 'Albert Helmut', '1.1.1965.', 'p');
insert into CandidatesData (idno) VALUES (7757);
insert into PartyMembership (pid, idno) VALUES (12, 7757);
insert into Candidacy (wkid, idno) VALUES (493, 7757);
insert into Landeslistenplatz (llid, idno, position) VALUES (212, 7757, 8);
insert into Citizen (idno, title, firstname, lastname, dateofbirth, gender) VALUES (7758, '', 'Weiler', 'Jakob Jürgen', '1.1.1952.', 'p');
insert into CandidatesData (idno) VALUES (7758);
insert into PartyMembership (pid, idno) VALUES (7, 7758);
insert into Candidacy (wkid, idno) VALUES (397, 7758);
insert into Citizen (idno, title, firstname, lastname, dateofbirth, gender) VALUES (7759, '', 'Weinberg', 'Harald', '1.1.1957.', 'p');
insert into CandidatesData (idno) VALUES (7759);
insert into PartyMembership (pid, idno) VALUES (3, 7759);
insert into Candidacy (wkid, idno) VALUES (543, 7759);
insert into Landeslistenplatz (llid, idno, position) VALUES (174, 7759, 4);
insert into Citizen (idno, title, firstname, lastname, dateofbirth, gender) VALUES (7760, '', 'Weinberg', 'Marcus', '1.1.1967.', 'p');
insert into CandidatesData (idno) VALUES (7760);
insert into PartyMembership (pid, idno) VALUES (12, 7760);
insert into Candidacy (wkid, idno) VALUES (318, 7760);
insert into Landeslistenplatz (llid, idno, position) VALUES (222, 7760, 1);
insert into Citizen (idno, title, firstname, lastname, dateofbirth, gender) VALUES (7761, '', 'Weinel', 'Waldemar', '1.1.1956.', 'p');
insert into CandidatesData (idno) VALUES (7761);
insert into PartyMembership (pid, idno) VALUES (33, 7761);
insert into Landeslistenplatz (llid, idno, position) VALUES (63, 7761, 13);
insert into Citizen (idno, title, firstname, lastname, dateofbirth, gender) VALUES (7762, '', 'Weinert', 'Katharina', '1.1.1982.', 'p');
insert into CandidatesData (idno) VALUES (7762);
insert into PartyMembership (pid, idno) VALUES (4, 7762);
insert into Landeslistenplatz (llid, idno, position) VALUES (78, 7762, 6);
insert into Citizen (idno, title, firstname, lastname, dateofbirth, gender) VALUES (7763, '', 'Weinmann', 'Martin', '1.1.1964.', 'p');
insert into CandidatesData (idno) VALUES (7763);
insert into PartyMembership (pid, idno) VALUES (36, 7763);
insert into Candidacy (wkid, idno) VALUES (573, 7763);
insert into Landeslistenplatz (llid, idno, position) VALUES (118, 7763, 29);
insert into Citizen (idno, title, firstname, lastname, dateofbirth, gender) VALUES (7764, '', 'Weinreich', 'Annette', '1.1.1963.', 'p');
insert into CandidatesData (idno) VALUES (7764);
insert into PartyMembership (pid, idno) VALUES (5, 7764);
insert into Candidacy (wkid, idno) VALUES (590, 7764);
insert into Landeslistenplatz (llid, idno, position) VALUES (61, 7764, 13);
insert into Citizen (idno, title, firstname, lastname, dateofbirth, gender) VALUES (7765, '', 'Weintraut', 'Horst', '1.1.1961.', 'p');
insert into CandidatesData (idno) VALUES (7765);
insert into PartyMembership (pid, idno) VALUES (7, 7765);
insert into Candidacy (wkid, idno) VALUES (471, 7765);
insert into Citizen (idno, title, firstname, lastname, dateofbirth, gender) VALUES (7766, '', 'Weinzierl', 'Florian Roland Gerolf Erich', '1.1.1985.', 'p');
insert into CandidatesData (idno) VALUES (7766);
insert into PartyMembership (pid, idno) VALUES (4, 7766);
insert into Candidacy (wkid, idno) VALUES (530, 7766);
insert into Landeslistenplatz (llid, idno, position) VALUES (102, 7766, 19);
insert into Citizen (idno, title, firstname, lastname, dateofbirth, gender) VALUES (7767, '', 'Weise', 'Karl Wilhelm Hubert', '1.1.1956.', 'p');
insert into CandidatesData (idno) VALUES (7767);
insert into PartyMembership (pid, idno) VALUES (1, 7767);
insert into Candidacy (wkid, idno) VALUES (414, 7767);
insert into Landeslistenplatz (llid, idno, position) VALUES (200, 7767, 8);
insert into Citizen (idno, title, firstname, lastname, dateofbirth, gender) VALUES (7768, '', 'Weisenstein', 'Michael', '1.1.1968.', 'p');
insert into CandidatesData (idno) VALUES (7768);
insert into PartyMembership (pid, idno) VALUES (3, 7768);
insert into Candidacy (wkid, idno) VALUES (394, 7768);
insert into Citizen (idno, title, firstname, lastname, dateofbirth, gender) VALUES (7769, 'Dr. ', 'Weisgerber', 'Anja', '1.1.1976.', 'p');
insert into CandidatesData (idno) VALUES (7769);
insert into PartyMembership (pid, idno) VALUES (9, 7769);
insert into Candidacy (wkid, idno) VALUES (549, 7769);
insert into Landeslistenplatz (llid, idno, position) VALUES (47, 7769, 19);
insert into Citizen (idno, title, firstname, lastname, dateofbirth, gender) VALUES (7770, '', 'Weispfenning', 'Peter Georg', '1.1.1967.', 'p');
insert into CandidatesData (idno) VALUES (7770);
insert into PartyMembership (pid, idno) VALUES (13, 7770);
insert into Candidacy (wkid, idno) VALUES (440, 7770);
insert into Citizen (idno, title, firstname, lastname, dateofbirth, gender) VALUES (7771, '', 'Weiß', 'Barbara', '1.1.1981.', 'p');
insert into CandidatesData (idno) VALUES (7771);
insert into PartyMembership (pid, idno) VALUES (1, 7771);
insert into Landeslistenplatz (llid, idno, position) VALUES (132, 7771, 10);
insert into Citizen (idno, title, firstname, lastname, dateofbirth, gender) VALUES (7772, '', 'Weiß', 'Benjamin', '1.1.1985.', 'p');
insert into CandidatesData (idno) VALUES (7772);
insert into PartyMembership (pid, idno) VALUES (5, 7772);
insert into Candidacy (wkid, idno) VALUES (483, 7772);
insert into Landeslistenplatz (llid, idno, position) VALUES (144, 7772, 10);
insert into Citizen (idno, title, firstname, lastname, dateofbirth, gender) VALUES (7773, '', 'Weiß', 'Günter Franz', '1.1.1952.', 'p');
insert into CandidatesData (idno) VALUES (7773);
insert into PartyMembership (pid, idno) VALUES (19, 7773);
insert into Landeslistenplatz (llid, idno, position) VALUES (99, 7773, 9);
insert into Citizen (idno, title, firstname, lastname, dateofbirth, gender) VALUES (7774, '', 'Weiß', 'Hagen Erich Karl Wilhelm', '1.1.1989.', 'p');
insert into CandidatesData (idno) VALUES (7774);
insert into PartyMembership (pid, idno) VALUES (33, 7774);
insert into Landeslistenplatz (llid, idno, position) VALUES (80, 7774, 13);
insert into Citizen (idno, title, firstname, lastname, dateofbirth, gender) VALUES (7775, '', 'Weiß', 'Paul-Gerhard', '1.1.1959.', 'p');
insert into CandidatesData (idno) VALUES (7775);
insert into PartyMembership (pid, idno) VALUES (4, 7775);
insert into Candidacy (wkid, idno) VALUES (484, 7775);
insert into Landeslistenplatz (llid, idno, position) VALUES (116, 7775, 12);
insert into Citizen (idno, title, firstname, lastname, dateofbirth, gender) VALUES (7776, '', 'Weiß', 'Peter', '1.1.1956.', 'p');
insert into CandidatesData (idno) VALUES (7776);
insert into PartyMembership (pid, idno) VALUES (12, 7776);
insert into Candidacy (wkid, idno) VALUES (582, 7776);
insert into Citizen (idno, title, firstname, lastname, dateofbirth, gender) VALUES (7777, '', 'Weiss', 'Rudolf', '1.1.1967.', 'p');
insert into CandidatesData (idno) VALUES (7777);
insert into PartyMembership (pid, idno) VALUES (33, 7777);
insert into Candidacy (wkid, idno) VALUES (526, 7777);
insert into Landeslistenplatz (llid, idno, position) VALUES (166, 7777, 41);
insert into Citizen (idno, title, firstname, lastname, dateofbirth, gender) VALUES (7778, '', 'Weiss', 'Sabine Katharina', '1.1.1958.', 'p');
insert into CandidatesData (idno) VALUES (7778);
insert into PartyMembership (pid, idno) VALUES (12, 7778);
insert into Candidacy (wkid, idno) VALUES (412, 7778);
insert into Landeslistenplatz (llid, idno, position) VALUES (136, 7778, 21);
insert into Citizen (idno, title, firstname, lastname, dateofbirth, gender) VALUES (7779, '', 'Weiß', 'Udo Gernot', '1.1.1945.', 'p');
insert into CandidatesData (idno) VALUES (7779);
insert into PartyMembership (pid, idno) VALUES (5, 7779);
insert into Candidacy (wkid, idno) VALUES (474, 7779);
insert into Citizen (idno, title, firstname, lastname, dateofbirth, gender) VALUES (7780, '', 'Weißbach', 'Marco', '1.1.1976.', 'p');
insert into CandidatesData (idno) VALUES (7780);
insert into PartyMembership (pid, idno) VALUES (4, 7780);
insert into Candidacy (wkid, idno) VALUES (460, 7780);
insert into Landeslistenplatz (llid, idno, position) VALUES (158, 7780, 12);
insert into Citizen (idno, title, firstname, lastname, dateofbirth, gender) VALUES (7781, '', 'Weiße', 'Günther', '1.1.1958.', 'p');
insert into CandidatesData (idno) VALUES (7781);
insert into PartyMembership (pid, idno) VALUES (32, 7781);
insert into Candidacy (wkid, idno) VALUES (372, 7781);
insert into Landeslistenplatz (llid, idno, position) VALUES (165, 7781, 9);
insert into Citizen (idno, title, firstname, lastname, dateofbirth, gender) VALUES (7782, '', 'Weisse', 'Jörg', '1.1.1962.', 'p');
insert into CandidatesData (idno) VALUES (7782);
insert into PartyMembership (pid, idno) VALUES (4, 7782);
insert into Candidacy (wkid, idno) VALUES (404, 7782);
insert into Landeslistenplatz (llid, idno, position) VALUES (98, 7782, 48);
insert into Citizen (idno, title, firstname, lastname, dateofbirth, gender) VALUES (7783, '', 'Weißenfels', 'Simon', '1.1.1987.', 'p');
insert into CandidatesData (idno) VALUES (7783);
insert into PartyMembership (pid, idno) VALUES (12, 7783);
insert into Landeslistenplatz (llid, idno, position) VALUES (105, 7783, 35);
insert into Citizen (idno, title, firstname, lastname, dateofbirth, gender) VALUES (7784, '', 'Weissleder', 'Dirk', '1.1.1969.', 'p');
insert into CandidatesData (idno) VALUES (7784);
insert into PartyMembership (pid, idno) VALUES (4, 7784);
insert into Candidacy (wkid, idno) VALUES (346, 7784);
insert into Landeslistenplatz (llid, idno, position) VALUES (127, 7784, 14);
insert into Citizen (idno, title, firstname, lastname, dateofbirth, gender) VALUES (7785, '', 'Weist', 'Sebastian', '1.1.1980.', 'p');
insert into CandidatesData (idno) VALUES (7785);
insert into PartyMembership (pid, idno) VALUES (1, 7785);
insert into Candidacy (wkid, idno) VALUES (325, 7785);
insert into Citizen (idno, title, firstname, lastname, dateofbirth, gender) VALUES (7786, '', 'Weitz', 'Marc Stephan', '1.1.1993.', 'p');
insert into CandidatesData (idno) VALUES (7786);
insert into PartyMembership (pid, idno) VALUES (7, 7786);
insert into Candidacy (wkid, idno) VALUES (476, 7786);
insert into Citizen (idno, title, firstname, lastname, dateofbirth, gender) VALUES (7787, '', 'Welchar', 'Hannes', '1.1.1988.', 'p');
insert into CandidatesData (idno) VALUES (7787);
insert into PartyMembership (pid, idno) VALUES (1, 7787);
insert into Candidacy (wkid, idno) VALUES (316, 7787);
insert into Landeslistenplatz (llid, idno, position) VALUES (62, 7787, 3);
insert into Citizen (idno, title, firstname, lastname, dateofbirth, gender) VALUES (7788, '', 'Wellenreuther', 'Ingo', '1.1.1959.', 'p');
insert into CandidatesData (idno) VALUES (7788);
insert into PartyMembership (pid, idno) VALUES (12, 7788);
insert into Candidacy (wkid, idno) VALUES (570, 7788);
insert into Landeslistenplatz (llid, idno, position) VALUES (105, 7788, 6);
insert into Citizen (idno, title, firstname, lastname, dateofbirth, gender) VALUES (7789, '', 'Wellhöfer', 'Ernst Friedrich Karl-Heinz', '1.1.1958.', 'p');
insert into CandidatesData (idno) VALUES (7789);
insert into PartyMembership (pid, idno) VALUES (29, 7789);
insert into Landeslistenplatz (llid, idno, position) VALUES (31, 7789, 18);
insert into Citizen (idno, title, firstname, lastname, dateofbirth, gender) VALUES (7790, '', 'Welling', 'Torsten', '1.1.1985.', 'p');
insert into CandidatesData (idno) VALUES (7790);
insert into PartyMembership (pid, idno) VALUES (12, 7790);
insert into Landeslistenplatz (llid, idno, position) VALUES (138, 7790, 29);
insert into Citizen (idno, title, firstname, lastname, dateofbirth, gender) VALUES (7791, '', 'Wellmann', 'Karl-Georg Ernst Gottlob', '1.1.1952.', 'p');
insert into CandidatesData (idno) VALUES (7791);
insert into PartyMembership (pid, idno) VALUES (12, 7791);
insert into Candidacy (wkid, idno) VALUES (378, 7791);
insert into Landeslistenplatz (llid, idno, position) VALUES (117, 7791, 3);
insert into Citizen (idno, title, firstname, lastname, dateofbirth, gender) VALUES (7792, 'Dr. ', 'Wenck', 'Helmut Adolph Wilhelm', '1.1.1935.', 'p');
insert into CandidatesData (idno) VALUES (7792);
insert into PartyMembership (pid, idno) VALUES (12, 7792);
insert into Landeslistenplatz (llid, idno, position) VALUES (136, 7792, 62);
insert into Citizen (idno, title, firstname, lastname, dateofbirth, gender) VALUES (7793, '', 'Wenderoth', 'Gerhard', '1.1.1969.', 'p');
insert into CandidatesData (idno) VALUES (7793);
insert into PartyMembership (pid, idno) VALUES (32, 7793);
insert into Candidacy (wkid, idno) VALUES (505, 7793);
insert into Landeslistenplatz (llid, idno, position) VALUES (29, 7793, 12);
insert into Citizen (idno, title, firstname, lastname, dateofbirth, gender) VALUES (7794, '', 'Wendland', 'Lars', '1.1.1973.', 'p');
insert into CandidatesData (idno) VALUES (7794);
insert into PartyMembership (pid, idno) VALUES (2, 7794);
insert into Candidacy (wkid, idno) VALUES (362, 7794);
insert into Landeslistenplatz (llid, idno, position) VALUES (147, 7794, 7);
insert into Citizen (idno, title, firstname, lastname, dateofbirth, gender) VALUES (7795, '', 'Wendler', 'Christiane', '1.1.1977.', 'p');
insert into CandidatesData (idno) VALUES (7795);
insert into PartyMembership (pid, idno) VALUES (5, 7795);
insert into Landeslistenplatz (llid, idno, position) VALUES (213, 7795, 15);
insert into Citizen (idno, title, firstname, lastname, dateofbirth, gender) VALUES (7796, '', 'Wendt', 'Hans-Peter', '1.1.1944.', 'p');
insert into CandidatesData (idno) VALUES (7796);
insert into PartyMembership (pid, idno) VALUES (33, 7796);
insert into Candidacy (wkid, idno) VALUES (342, 7796);
insert into Citizen (idno, title, firstname, lastname, dateofbirth, gender) VALUES (7797, '', 'Wendt', 'Marian', '1.1.1985.', 'p');
insert into CandidatesData (idno) VALUES (7797);
insert into PartyMembership (pid, idno) VALUES (12, 7797);
insert into Candidacy (wkid, idno) VALUES (450, 7797);
insert into Landeslistenplatz (llid, idno, position) VALUES (134, 7797, 11);
insert into Citizen (idno, title, firstname, lastname, dateofbirth, gender) VALUES (7798, '', 'Wendt', 'Peter Frank', '1.1.1950.', 'p');
insert into CandidatesData (idno) VALUES (7798);
insert into PartyMembership (pid, idno) VALUES (33, 7798);
insert into Landeslistenplatz (llid, idno, position) VALUES (111, 7798, 14);
insert into Citizen (idno, title, firstname, lastname, dateofbirth, gender) VALUES (7799, '', 'Wendt', 'Robert', '1.1.1986.', 'p');
insert into CandidatesData (idno) VALUES (7799);
insert into PartyMembership (pid, idno) VALUES (5, 7799);
insert into Candidacy (wkid, idno) VALUES (396, 7799);
insert into Citizen (idno, title, firstname, lastname, dateofbirth, gender) VALUES (7800, '', 'Wendt-Kleinberg', 'Walter', '1.1.1948.', 'p');
insert into CandidatesData (idno) VALUES (7800);
insert into PartyMembership (pid, idno) VALUES (3, 7800);
insert into Candidacy (wkid, idno) VALUES (443, 7800);
insert into Citizen (idno, title, firstname, lastname, dateofbirth, gender) VALUES (7801, '', 'Wengle', 'Brigitte Sophie', '1.1.1949.', 'p');
insert into CandidatesData (idno) VALUES (7801);
insert into PartyMembership (pid, idno) VALUES (19, 7801);
insert into Landeslistenplatz (llid, idno, position) VALUES (40, 7801, 16);
insert into Citizen (idno, title, firstname, lastname, dateofbirth, gender) VALUES (7802, '', 'Wengle', 'Hammo Wolfgang', '1.1.1946.', 'p');
insert into CandidatesData (idno) VALUES (7802);
insert into PartyMembership (pid, idno) VALUES (19, 7802);
insert into Landeslistenplatz (llid, idno, position) VALUES (40, 7802, 42);
insert into Citizen (idno, title, firstname, lastname, dateofbirth, gender) VALUES (7803, '', 'Wennemann', 'Klaus-Peter', '1.1.1957.', 'p');
insert into CandidatesData (idno) VALUES (7803);
insert into PartyMembership (pid, idno) VALUES (4, 7803);
insert into Candidacy (wkid, idno) VALUES (345, 7803);
insert into Landeslistenplatz (llid, idno, position) VALUES (127, 7803, 10);
insert into Citizen (idno, title, firstname, lastname, dateofbirth, gender) VALUES (7804, '', 'Wensiersky von', 'Heinz Georg', '1.1.1951.', 'p');
insert into CandidatesData (idno) VALUES (7804);
insert into PartyMembership (pid, idno) VALUES (3, 7804);
insert into Candidacy (wkid, idno) VALUES (330, 7804);
insert into Citizen (idno, title, firstname, lastname, dateofbirth, gender) VALUES (7805, '', 'Wenzel', 'Birgit', '1.1.1967.', 'p');
insert into CandidatesData (idno) VALUES (7805);
insert into PartyMembership (pid, idno) VALUES (7, 7805);
insert into Candidacy (wkid, idno) VALUES (510, 7805);
insert into Landeslistenplatz (llid, idno, position) VALUES (173, 7805, 13);
insert into Citizen (idno, title, firstname, lastname, dateofbirth, gender) VALUES (7806, '', 'Wenzel', 'Eric', '1.1.1974.', 'p');
insert into CandidatesData (idno) VALUES (7806);
insert into PartyMembership (pid, idno) VALUES (32, 7806);
insert into Landeslistenplatz (llid, idno, position) VALUES (29, 7806, 21);
insert into Citizen (idno, title, firstname, lastname, dateofbirth, gender) VALUES (7807, '', 'Wenzelis', 'Ilka Daniela', '1.1.1978.', 'p');
insert into CandidatesData (idno) VALUES (7807);
insert into PartyMembership (pid, idno) VALUES (3, 7807);
insert into Candidacy (wkid, idno) VALUES (309, 7807);
insert into Citizen (idno, title, firstname, lastname, dateofbirth, gender) VALUES (7808, '', 'Werlberger', 'Renate', '1.1.1955.', 'p');
insert into CandidatesData (idno) VALUES (7808);
insert into PartyMembership (pid, idno) VALUES (1, 7808);
insert into Candidacy (wkid, idno) VALUES (519, 7808);
insert into Citizen (idno, title, firstname, lastname, dateofbirth, gender) VALUES (7809, '', 'Werner', 'Britta', '1.1.1966.', 'p');
insert into CandidatesData (idno) VALUES (7809);
insert into PartyMembership (pid, idno) VALUES (7, 7809);
insert into Candidacy (wkid, idno) VALUES (505, 7809);
insert into Landeslistenplatz (llid, idno, position) VALUES (173, 7809, 14);
insert into Citizen (idno, title, firstname, lastname, dateofbirth, gender) VALUES (7810, '', 'Werner', 'Karsten', '1.1.1984.', 'p');
insert into CandidatesData (idno) VALUES (7810);
insert into PartyMembership (pid, idno) VALUES (10, 7810);
insert into Candidacy (wkid, idno) VALUES (452, 7810);
insert into Citizen (idno, title, firstname, lastname, dateofbirth, gender) VALUES (7811, '', 'Werner', 'Katrin', '1.1.1973.', 'p');
insert into CandidatesData (idno) VALUES (7811);
insert into PartyMembership (pid, idno) VALUES (3, 7811);
insert into Candidacy (wkid, idno) VALUES (503, 7811);
insert into Landeslistenplatz (llid, idno, position) VALUES (183, 7811, 2);
insert into Citizen (idno, title, firstname, lastname, dateofbirth, gender) VALUES (7812, '', 'Werner', 'Liss', '1.1.1974.', 'p');
insert into CandidatesData (idno) VALUES (7812);
insert into PartyMembership (pid, idno) VALUES (31, 7812);
insert into Landeslistenplatz (llid, idno, position) VALUES (28, 7812, 5);
insert into Citizen (idno, title, firstname, lastname, dateofbirth, gender) VALUES (7813, '', 'Werner', 'Martina', '1.1.1969.', 'p');
insert into CandidatesData (idno) VALUES (7813);
insert into PartyMembership (pid, idno) VALUES (31, 7813);
insert into Landeslistenplatz (llid, idno, position) VALUES (79, 7813, 7);
insert into Citizen (idno, title, firstname, lastname, dateofbirth, gender) VALUES (7814, '', 'Werner', 'Stefan', '1.1.1980.', 'p');
insert into CandidatesData (idno) VALUES (7814);
insert into PartyMembership (pid, idno) VALUES (37, 7814);
insert into Candidacy (wkid, idno) VALUES (520, 7814);
insert into Landeslistenplatz (llid, idno, position) VALUES (204, 7814, 1);
insert into Citizen (idno, title, firstname, lastname, dateofbirth, gender) VALUES (7815, '', 'Werner', 'Tim Christian', '1.1.1972.', 'p');
insert into CandidatesData (idno) VALUES (7815);
insert into PartyMembership (pid, idno) VALUES (31, 7815);
insert into Landeslistenplatz (llid, idno, position) VALUES (79, 7815, 11);
insert into Citizen (idno, title, firstname, lastname, dateofbirth, gender) VALUES (7816, '', 'Wernicke', 'Rainer Kurt', '1.1.1962.', 'p');
insert into CandidatesData (idno) VALUES (7816);
insert into PartyMembership (pid, idno) VALUES (5, 7816);
insert into Landeslistenplatz (llid, idno, position) VALUES (172, 7816, 10);
insert into Citizen (idno, title, firstname, lastname, dateofbirth, gender) VALUES (7817, 'Dr. ', 'Werwigk', 'Matthias', '1.1.1951.', 'p');
insert into CandidatesData (idno) VALUES (7817);
insert into PartyMembership (pid, idno) VALUES (4, 7817);
insert into Candidacy (wkid, idno) VALUES (558, 7817);
insert into Landeslistenplatz (llid, idno, position) VALUES (51, 7817, 33);
insert into Citizen (idno, title, firstname, lastname, dateofbirth, gender) VALUES (7818, '', 'Wesche', 'Elke', '1.1.1948.', 'p');
insert into CandidatesData (idno) VALUES (7818);
insert into PartyMembership (pid, idno) VALUES (2, 7818);
insert into Landeslistenplatz (llid, idno, position) VALUES (69, 7818, 56);
insert into Citizen (idno, title, firstname, lastname, dateofbirth, gender) VALUES (7819, '', 'Wesener', 'Gudrun', '1.1.1959.', 'p');
insert into CandidatesData (idno) VALUES (7819);
insert into PartyMembership (pid, idno) VALUES (13, 7819);
insert into Landeslistenplatz (llid, idno, position) VALUES (233, 7819, 7);
insert into Citizen (idno, title, firstname, lastname, dateofbirth, gender) VALUES (7820, '', 'Wesener', 'Tom', '1.1.1993.', 'p');
insert into CandidatesData (idno) VALUES (7820);
insert into PartyMembership (pid, idno) VALUES (4, 7820);
insert into Candidacy (wkid, idno) VALUES (384, 7820);
insert into Citizen (idno, title, firstname, lastname, dateofbirth, gender) VALUES (7821, '', 'Westarp Graf von', 'Gustav Wolf Viktor Asche', '1.1.1948.', 'p');
insert into CandidatesData (idno) VALUES (7821);
insert into PartyMembership (pid, idno) VALUES (32, 7821);
insert into Candidacy (wkid, idno) VALUES (312, 7821);
insert into Landeslistenplatz (llid, idno, position) VALUES (101, 7821, 2);
insert into Citizen (idno, title, firstname, lastname, dateofbirth, gender) VALUES (7822, '', 'Wester', 'Horst Peter', '1.1.1964.', 'p');
insert into CandidatesData (idno) VALUES (7822);
insert into PartyMembership (pid, idno) VALUES (42, 7822);
insert into Landeslistenplatz (llid, idno, position) VALUES (214, 7822, 4);
insert into Citizen (idno, title, firstname, lastname, dateofbirth, gender) VALUES (7823, '', 'Wester', 'Sagitta Barbara', '1.1.1982.', 'p');
insert into CandidatesData (idno) VALUES (7823);
insert into PartyMembership (pid, idno) VALUES (13, 7823);
insert into Landeslistenplatz (llid, idno, position) VALUES (34, 7823, 8);
insert into Citizen (idno, title, firstname, lastname, dateofbirth, gender) VALUES (7824, '', 'Westermann', 'Ingo', '1.1.1964.', 'p');
insert into CandidatesData (idno) VALUES (7824);
insert into PartyMembership (pid, idno) VALUES (4, 7824);
insert into Candidacy (wkid, idno) VALUES (445, 7824);
insert into Landeslistenplatz (llid, idno, position) VALUES (98, 7824, 40);
insert into Citizen (idno, title, firstname, lastname, dateofbirth, gender) VALUES (7825, '', 'Westermayer', 'Waldemar', '1.1.1953.', 'p');
insert into CandidatesData (idno) VALUES (7825);
insert into PartyMembership (pid, idno) VALUES (12, 7825);
insert into Landeslistenplatz (llid, idno, position) VALUES (105, 7825, 18);
insert into Citizen (idno, title, firstname, lastname, dateofbirth, gender) VALUES (7826, 'Dr. ', 'Westerwelle', 'Guido', '1.1.1961.', 'p');
insert into CandidatesData (idno) VALUES (7826);
insert into PartyMembership (pid, idno) VALUES (4, 7826);
insert into Candidacy (wkid, idno) VALUES (395, 7826);
insert into Landeslistenplatz (llid, idno, position) VALUES (98, 7826, 1);
insert into Citizen (idno, title, firstname, lastname, dateofbirth, gender) VALUES (7827, '', 'Westphal', 'Bernd', '1.1.1960.', 'p');
insert into CandidatesData (idno) VALUES (7827);
insert into PartyMembership (pid, idno) VALUES (2, 7827);
insert into Candidacy (wkid, idno) VALUES (347, 7827);
insert into Landeslistenplatz (llid, idno, position) VALUES (69, 7827, 21);
insert into Citizen (idno, title, firstname, lastname, dateofbirth, gender) VALUES (7828, 'Dr. ', 'Wett', 'Norbert', '1.1.1964.', 'p');
insert into CandidatesData (idno) VALUES (7828);
insert into PartyMembership (pid, idno) VALUES (12, 7828);
insert into Candidacy (wkid, idno) VALUES (467, 7828);
insert into Landeslistenplatz (llid, idno, position) VALUES (88, 7828, 21);
insert into Citizen (idno, title, firstname, lastname, dateofbirth, gender) VALUES (7829, 'Dr. ', 'Wetzel', 'Hans-Peter', '1.1.1950.', 'p');
insert into CandidatesData (idno) VALUES (7829);
insert into PartyMembership (pid, idno) VALUES (4, 7829);
insert into Candidacy (wkid, idno) VALUES (592, 7829);
insert into Landeslistenplatz (llid, idno, position) VALUES (51, 7829, 23);
insert into Citizen (idno, title, firstname, lastname, dateofbirth, gender) VALUES (7830, '', 'Wetzel', 'Sabine', '1.1.1964.', 'p');
insert into CandidatesData (idno) VALUES (7830);
insert into PartyMembership (pid, idno) VALUES (5, 7830);
insert into Candidacy (wkid, idno) VALUES (367, 7830);
insert into Landeslistenplatz (llid, idno, position) VALUES (151, 7830, 3);
insert into Citizen (idno, title, firstname, lastname, dateofbirth, gender) VALUES (7831, '', 'Wetzel', 'Sarah', '1.1.1986.', 'p');
insert into CandidatesData (idno) VALUES (7831);
insert into PartyMembership (pid, idno) VALUES (5, 7831);
insert into Landeslistenplatz (llid, idno, position) VALUES (65, 7831, 49);
insert into Citizen (idno, title, firstname, lastname, dateofbirth, gender) VALUES (7832, '', 'Wever', 'Melanie', '1.1.1967.', 'p');
insert into CandidatesData (idno) VALUES (7832);
insert into PartyMembership (pid, idno) VALUES (33, 7832);
insert into Candidacy (wkid, idno) VALUES (326, 7832);
insert into Citizen (idno, title, firstname, lastname, dateofbirth, gender) VALUES (7833, '', 'Weyerich', 'Mathias', '1.1.1987.', 'p');
insert into CandidatesData (idno) VALUES (7833);
insert into PartyMembership (pid, idno) VALUES (1, 7833);
insert into Candidacy (wkid, idno) VALUES (506, 7833);
insert into Citizen (idno, title, firstname, lastname, dateofbirth, gender) VALUES (7834, '', 'Whittaker', 'Kai', '1.1.1985.', 'p');
insert into CandidatesData (idno) VALUES (7834);
insert into PartyMembership (pid, idno) VALUES (12, 7834);
insert into Candidacy (wkid, idno) VALUES (572, 7834);
insert into Citizen (idno, title, firstname, lastname, dateofbirth, gender) VALUES (7835, '', 'Wibbeke', 'Martin', '1.1.1989.', 'p');
insert into CandidatesData (idno) VALUES (7835);
insert into PartyMembership (pid, idno) VALUES (1, 7835);
insert into Candidacy (wkid, idno) VALUES (436, 7835);
insert into Citizen (idno, title, firstname, lastname, dateofbirth, gender) VALUES (7836, '', 'Wichtel', 'Heinz Peter', '1.1.1949.', 'p');
insert into CandidatesData (idno) VALUES (7836);
insert into PartyMembership (pid, idno) VALUES (12, 7836);
insert into Candidacy (wkid, idno) VALUES (484, 7836);
insert into Landeslistenplatz (llid, idno, position) VALUES (88, 7836, 9);
insert into Citizen (idno, title, firstname, lastname, dateofbirth, gender) VALUES (7837, '', 'Wickert', 'Martin Arnim Friedel', '1.1.1981.', 'p');
insert into CandidatesData (idno) VALUES (7837);
insert into PartyMembership (pid, idno) VALUES (31, 7837);
insert into Landeslistenplatz (llid, idno, position) VALUES (139, 7837, 4);
insert into Citizen (idno, title, firstname, lastname, dateofbirth, gender) VALUES (7838, '', 'Wicklein', 'Andrea Meta', '1.1.1958.', 'p');
insert into CandidatesData (idno) VALUES (7838);
insert into PartyMembership (pid, idno) VALUES (2, 7838);
insert into Candidacy (wkid, idno) VALUES (360, 7838);
insert into Landeslistenplatz (llid, idno, position) VALUES (147, 7838, 4);
insert into Citizen (idno, title, firstname, lastname, dateofbirth, gender) VALUES (7839, '', 'Widmann-Mauz', 'Annette', '1.1.1966.', 'p');
insert into CandidatesData (idno) VALUES (7839);
insert into PartyMembership (pid, idno) VALUES (12, 7839);
insert into Candidacy (wkid, idno) VALUES (589, 7839);
insert into Landeslistenplatz (llid, idno, position) VALUES (105, 7839, 4);
insert into Citizen (idno, title, firstname, lastname, dateofbirth, gender) VALUES (7840, '', 'Wiechmann', 'Steffen', '1.1.1976.', 'p');
insert into CandidatesData (idno) VALUES (7840);
insert into Candidacy (wkid, idno) VALUES (313, 7840);
insert into Citizen (idno, title, firstname, lastname, dateofbirth, gender) VALUES (7841, '', 'Wiegand', 'Wolf Achim', '1.1.1954.', 'p');
insert into CandidatesData (idno) VALUES (7841);
insert into PartyMembership (pid, idno) VALUES (32, 7841);
insert into Candidacy (wkid, idno) VALUES (318, 7841);
insert into Landeslistenplatz (llid, idno, position) VALUES (198, 7841, 1);
insert into Citizen (idno, title, firstname, lastname, dateofbirth, gender) VALUES (7842, '', 'Wiegenstein', 'Daniel Alexander', '1.1.1958.', 'p');
insert into CandidatesData (idno) VALUES (7842);
insert into PartyMembership (pid, idno) VALUES (13, 7842);
insert into Candidacy (wkid, idno) VALUES (368, 7842);
insert into Landeslistenplatz (llid, idno, position) VALUES (227, 7842, 8);
insert into Citizen (idno, title, firstname, lastname, dateofbirth, gender) VALUES (7843, '', 'Wieland-Bräutigam', 'Angela', '1.1.1969.', 'p');
insert into CandidatesData (idno) VALUES (7843);
insert into PartyMembership (pid, idno) VALUES (32, 7843);
insert into Landeslistenplatz (llid, idno, position) VALUES (145, 7843, 10);
insert into Citizen (idno, title, firstname, lastname, dateofbirth, gender) VALUES (7844, '', 'Wiemer', 'Eva Margarete', '1.1.1954.', 'p');
insert into CandidatesData (idno) VALUES (7844);
insert into PartyMembership (pid, idno) VALUES (3, 7844);
insert into Candidacy (wkid, idno) VALUES (481, 7844);
insert into Landeslistenplatz (llid, idno, position) VALUES (43, 7844, 11);
insert into Citizen (idno, title, firstname, lastname, dateofbirth, gender) VALUES (7845, '', 'Wiemer', 'Tim', '1.1.1992.', 'p');
insert into CandidatesData (idno) VALUES (7845);
insert into PartyMembership (pid, idno) VALUES (33, 7845);
insert into Candidacy (wkid, idno) VALUES (487, 7845);
insert into Landeslistenplatz (llid, idno, position) VALUES (36, 7845, 9);
insert into Citizen (idno, title, firstname, lastname, dateofbirth, gender) VALUES (7846, '', 'Wiertz', 'Sven', '1.1.1975.', 'p');
insert into CandidatesData (idno) VALUES (7846);
insert into PartyMembership (pid, idno) VALUES (2, 7846);
insert into Candidacy (wkid, idno) VALUES (402, 7846);
insert into Landeslistenplatz (llid, idno, position) VALUES (73, 7846, 33);
insert into Citizen (idno, title, firstname, lastname, dateofbirth, gender) VALUES (7847, '', 'Wieschke', 'Patrick David', '1.1.1981.', 'p');
insert into CandidatesData (idno) VALUES (7847);
insert into PartyMembership (pid, idno) VALUES (1, 7847);
insert into Candidacy (wkid, idno) VALUES (489, 7847);
insert into Landeslistenplatz (llid, idno, position) VALUES (97, 7847, 1);
insert into Citizen (idno, title, firstname, lastname, dateofbirth, gender) VALUES (7848, '', 'Wieschollek', 'Fabian', '1.1.1994.', 'p');
insert into CandidatesData (idno) VALUES (7848);
insert into PartyMembership (pid, idno) VALUES (31, 7848);
insert into Landeslistenplatz (llid, idno, position) VALUES (123, 7848, 13);
insert into Citizen (idno, title, firstname, lastname, dateofbirth, gender) VALUES (7849, '', 'Wiese', 'Dirk', '1.1.1983.', 'p');
insert into CandidatesData (idno) VALUES (7849);
insert into PartyMembership (pid, idno) VALUES (2, 7849);
insert into Candidacy (wkid, idno) VALUES (446, 7849);
insert into Landeslistenplatz (llid, idno, position) VALUES (73, 7849, 25);
insert into Citizen (idno, title, firstname, lastname, dateofbirth, gender) VALUES (7850, '', 'Wiese', 'Franz Josef', '1.1.1952.', 'p');
insert into CandidatesData (idno) VALUES (7850);
insert into PartyMembership (pid, idno) VALUES (33, 7850);
insert into Landeslistenplatz (llid, idno, position) VALUES (156, 7850, 12);
insert into Citizen (idno, title, firstname, lastname, dateofbirth, gender) VALUES (7851, '', 'Wiese', 'Heinz', '1.1.1945.', 'p');
insert into CandidatesData (idno) VALUES (7851);
insert into PartyMembership (pid, idno) VALUES (12, 7851);
insert into Landeslistenplatz (llid, idno, position) VALUES (105, 7851, 11);
insert into Citizen (idno, title, firstname, lastname, dateofbirth, gender) VALUES (7852, '', 'Wiesemann-Käfer', 'Ulla', '1.1.1959.', 'p');
insert into CandidatesData (idno) VALUES (7852);
insert into PartyMembership (pid, idno) VALUES (2, 7852);
insert into Landeslistenplatz (llid, idno, position) VALUES (71, 7852, 30);
insert into Citizen (idno, title, firstname, lastname, dateofbirth, gender) VALUES (7853, '', 'Wiesendahl', 'Sebastian', '1.1.1988.', 'p');
insert into CandidatesData (idno) VALUES (7853);
insert into PartyMembership (pid, idno) VALUES (7, 7853);
insert into Candidacy (wkid, idno) VALUES (429, 7853);
insert into Citizen (idno, title, firstname, lastname, dateofbirth, gender) VALUES (7854, '', 'Wiest', 'Claudia', '1.1.1967.', 'p');
insert into CandidatesData (idno) VALUES (7854);
insert into PartyMembership (pid, idno) VALUES (36, 7854);
insert into Candidacy (wkid, idno) VALUES (532, 7854);
insert into Landeslistenplatz (llid, idno, position) VALUES (121, 7854, 1);
insert into Citizen (idno, title, firstname, lastname, dateofbirth, gender) VALUES (7855, '', 'Wiest', 'Susanne', '1.1.1967.', 'p');
insert into CandidatesData (idno) VALUES (7855);
insert into PartyMembership (pid, idno) VALUES (7, 7855);
insert into Candidacy (wkid, idno) VALUES (314, 7855);
insert into Landeslistenplatz (llid, idno, position) VALUES (109, 7855, 1);
insert into Citizen (idno, title, firstname, lastname, dateofbirth, gender) VALUES (7856, '', 'Wiethüchter', 'Volker', '1.1.1964.', 'p');
insert into CandidatesData (idno) VALUES (7856);
insert into PartyMembership (pid, idno) VALUES (33, 7856);
insert into Candidacy (wkid, idno) VALUES (301, 7856);
insert into Landeslistenplatz (llid, idno, position) VALUES (111, 7856, 11);
insert into Citizen (idno, title, firstname, lastname, dateofbirth, gender) VALUES (7857, 'Dr. ', 'Wiggershaus', 'Norbert', '1.1.1939.', 'p');
insert into CandidatesData (idno) VALUES (7857);
insert into PartyMembership (pid, idno) VALUES (12, 7857);
insert into Landeslistenplatz (llid, idno, position) VALUES (105, 7857, 42);
insert into Citizen (idno, title, firstname, lastname, dateofbirth, gender) VALUES (7858, 'Dr. ', 'Wilde', 'Frank-Eberhard', '1.1.1937.', 'p');
insert into CandidatesData (idno) VALUES (7858);
insert into PartyMembership (pid, idno) VALUES (36, 7858);
insert into Landeslistenplatz (llid, idno, position) VALUES (149, 7858, 5);
insert into Citizen (idno, title, firstname, lastname, dateofbirth, gender) VALUES (7859, '', 'Wildenauer', 'Benjamin Raimund', '1.1.1985.', 'p');
insert into CandidatesData (idno) VALUES (7859);
insert into PartyMembership (pid, idno) VALUES (7, 7859);
insert into Candidacy (wkid, idno) VALUES (547, 7859);
insert into Landeslistenplatz (llid, idno, position) VALUES (72, 7859, 24);
insert into Citizen (idno, title, firstname, lastname, dateofbirth, gender) VALUES (7860, '', 'Wilhelm', 'Jens Simon', '1.1.1991.', 'p');
insert into CandidatesData (idno) VALUES (7860);
insert into PartyMembership (pid, idno) VALUES (1, 7860);
insert into Candidacy (wkid, idno) VALUES (500, 7860);
insert into Citizen (idno, title, firstname, lastname, dateofbirth, gender) VALUES (7861, '', 'Wilke', 'Otto', '1.1.1937.', 'p');
insert into CandidatesData (idno) VALUES (7861);
insert into PartyMembership (pid, idno) VALUES (4, 7861);
insert into Landeslistenplatz (llid, idno, position) VALUES (116, 7861, 36);
insert into Citizen (idno, title, firstname, lastname, dateofbirth, gender) VALUES (7862, '', 'Wille', 'Albert', '1.1.1954.', 'p');
insert into CandidatesData (idno) VALUES (7862);
insert into PartyMembership (pid, idno) VALUES (1, 7862);
insert into Candidacy (wkid, idno) VALUES (324, 7862);
insert into Citizen (idno, title, firstname, lastname, dateofbirth, gender) VALUES (7863, '', 'Wille', 'Roswitha', '1.1.1958.', 'p');
insert into CandidatesData (idno) VALUES (7863);
insert into PartyMembership (pid, idno) VALUES (18, 7863);
insert into Landeslistenplatz (llid, idno, position) VALUES (37, 7863, 6);
insert into Citizen (idno, title, firstname, lastname, dateofbirth, gender) VALUES (7864, '', 'Willke', 'Carl Theo Antonin', '1.1.1988.', 'p');
insert into CandidatesData (idno) VALUES (7864);
insert into PartyMembership (pid, idno) VALUES (31, 7864);
insert into Candidacy (wkid, idno) VALUES (379, 7864);
insert into Landeslistenplatz (llid, idno, position) VALUES (28, 7864, 14);
insert into Citizen (idno, title, firstname, lastname, dateofbirth, gender) VALUES (7865, '', 'Willsch', 'Klaus-Peter', '1.1.1961.', 'p');
insert into CandidatesData (idno) VALUES (7865);
insert into PartyMembership (pid, idno) VALUES (12, 7865);
insert into Candidacy (wkid, idno) VALUES (477, 7865);
insert into Landeslistenplatz (llid, idno, position) VALUES (88, 7865, 15);
insert into Citizen (idno, title, firstname, lastname, dateofbirth, gender) VALUES (7866, 'Dr. ', 'Wilms', 'Valerie', '1.1.1954.', 'p');
insert into CandidatesData (idno) VALUES (7866);
insert into PartyMembership (pid, idno) VALUES (5, 7866);
insert into Candidacy (wkid, idno) VALUES (306, 7866);
insert into Landeslistenplatz (llid, idno, position) VALUES (59, 7866, 3);
insert into Citizen (idno, title, firstname, lastname, dateofbirth, gender) VALUES (7867, '', 'Wilzius', 'Pascal', '1.1.1981.', 'p');
insert into CandidatesData (idno) VALUES (7867);
insert into PartyMembership (pid, idno) VALUES (1, 7867);
insert into Landeslistenplatz (llid, idno, position) VALUES (86, 7867, 10);
insert into Citizen (idno, title, firstname, lastname, dateofbirth, gender) VALUES (7868, '', 'Windisch', 'Heiko', '1.1.1969.', 'p');
insert into CandidatesData (idno) VALUES (7868);
insert into PartyMembership (pid, idno) VALUES (7, 7868);
insert into Candidacy (wkid, idno) VALUES (488, 7868);
insert into Citizen (idno, title, firstname, lastname, dateofbirth, gender) VALUES (7869, '', 'Wingert', 'Justus', '1.1.1988.', 'p');
insert into CandidatesData (idno) VALUES (7869);
insert into PartyMembership (pid, idno) VALUES (32, 7869);
insert into Candidacy (wkid, idno) VALUES (583, 7869);
insert into Citizen (idno, title, firstname, lastname, dateofbirth, gender) VALUES (7870, '', 'Winhard', 'Claus Manfred', '1.1.1966.', 'p');
insert into CandidatesData (idno) VALUES (7870);
insert into PartyMembership (pid, idno) VALUES (33, 7870);
insert into Candidacy (wkid, idno) VALUES (477, 7870);
insert into Citizen (idno, title, firstname, lastname, dateofbirth, gender) VALUES (7871, '', 'Wink', 'Steven', '1.1.1984.', 'p');
insert into CandidatesData (idno) VALUES (7871);
insert into PartyMembership (pid, idno) VALUES (4, 7871);
insert into Candidacy (wkid, idno) VALUES (510, 7871);
insert into Landeslistenplatz (llid, idno, position) VALUES (120, 7871, 11);
insert into Citizen (idno, title, firstname, lastname, dateofbirth, gender) VALUES (7872, '', 'Winkelmann', 'Hans Peter', '1.1.1964.', 'p');
insert into CandidatesData (idno) VALUES (7872);
insert into PartyMembership (pid, idno) VALUES (7, 7872);
insert into Candidacy (wkid, idno) VALUES (424, 7872);
insert into Citizen (idno, title, firstname, lastname, dateofbirth, gender) VALUES (7873, '', 'Winkelmeier-Becker', 'Elisabeth', '1.1.1962.', 'p');
insert into CandidatesData (idno) VALUES (7873);
insert into PartyMembership (pid, idno) VALUES (12, 7873);
insert into Candidacy (wkid, idno) VALUES (396, 7873);
insert into Landeslistenplatz (llid, idno, position) VALUES (136, 7873, 6);
insert into Citizen (idno, title, firstname, lastname, dateofbirth, gender) VALUES (7874, 'Dr. ', 'Winkemann', 'Birgit', '1.1.1964.', 'p');
insert into CandidatesData (idno) VALUES (7874);
insert into PartyMembership (pid, idno) VALUES (33, 7874);
insert into Landeslistenplatz (llid, idno, position) VALUES (129, 7874, 6);
insert into Citizen (idno, title, firstname, lastname, dateofbirth, gender) VALUES (7875, '', 'Winkler', 'Beatrice Cornelia', '1.1.1970.', 'p');
insert into CandidatesData (idno) VALUES (7875);
insert into PartyMembership (pid, idno) VALUES (31, 7875);
insert into Candidacy (wkid, idno) VALUES (318, 7875);
insert into Landeslistenplatz (llid, idno, position) VALUES (135, 7875, 10);
insert into Citizen (idno, title, firstname, lastname, dateofbirth, gender) VALUES (7876, '', 'Winkler', 'Joseph Philip', '1.1.1974.', 'p');
insert into CandidatesData (idno) VALUES (7876);
insert into PartyMembership (pid, idno) VALUES (5, 7876);
insert into Candidacy (wkid, idno) VALUES (499, 7876);
insert into Landeslistenplatz (llid, idno, position) VALUES (213, 7876, 4);
insert into Citizen (idno, title, firstname, lastname, dateofbirth, gender) VALUES (7877, '', 'Winkler', 'Max', '1.1.1946.', 'p');
insert into CandidatesData (idno) VALUES (7877);
insert into PartyMembership (pid, idno) VALUES (32, 7877);
insert into Candidacy (wkid, idno) VALUES (529, 7877);
insert into Landeslistenplatz (llid, idno, position) VALUES (33, 7877, 40);
insert into Citizen (idno, title, firstname, lastname, dateofbirth, gender) VALUES (7878, '', 'Winkler', 'Wilhelm', '1.1.1950.', 'p');
insert into CandidatesData (idno) VALUES (7878);
insert into PartyMembership (pid, idno) VALUES (36, 7878);
insert into Candidacy (wkid, idno) VALUES (524, 7878);
insert into Citizen (idno, title, firstname, lastname, dateofbirth, gender) VALUES (7879, '', 'Winner', 'Clemens', '1.1.1966.', 'p');
insert into CandidatesData (idno) VALUES (7879);
insert into PartyMembership (pid, idno) VALUES (35, 7879);
insert into Landeslistenplatz (llid, idno, position) VALUES (57, 7879, 8);
insert into Citizen (idno, title, firstname, lastname, dateofbirth, gender) VALUES (7880, '', 'Winter', 'Maria', '1.1.1966.', 'p');
insert into CandidatesData (idno) VALUES (7880);
insert into PartyMembership (pid, idno) VALUES (2, 7880);
insert into Landeslistenplatz (llid, idno, position) VALUES (69, 7880, 50);
insert into Citizen (idno, title, firstname, lastname, dateofbirth, gender) VALUES (7881, '', 'Winter', 'Susanna', '1.1.1954.', 'p');
insert into CandidatesData (idno) VALUES (7881);
insert into PartyMembership (pid, idno) VALUES (12, 7881);
insert into Landeslistenplatz (llid, idno, position) VALUES (105, 7881, 26);
insert into Citizen (idno, title, firstname, lastname, dateofbirth, gender) VALUES (7882, '', 'Winter', 'Wolfgang Franz', '1.1.1957.', 'p');
insert into CandidatesData (idno) VALUES (7882);
insert into PartyMembership (pid, idno) VALUES (41, 7882);
insert into Candidacy (wkid, idno) VALUES (548, 7882);
insert into Landeslistenplatz (llid, idno, position) VALUES (152, 7882, 4);
insert into Citizen (idno, title, firstname, lastname, dateofbirth, gender) VALUES (7883, 'Dr. ', 'Winterfeldt', 'Jörg', '1.1.1976.', 'p');
insert into CandidatesData (idno) VALUES (7883);
insert into PartyMembership (pid, idno) VALUES (5, 7883);
insert into Candidacy (wkid, idno) VALUES (423, 7883);
insert into Citizen (idno, title, firstname, lastname, dateofbirth, gender) VALUES (7884, '', 'Winters', 'Michael', '1.1.1965.', 'p');
insert into CandidatesData (idno) VALUES (7884);
insert into PartyMembership (pid, idno) VALUES (19, 7884);
insert into Landeslistenplatz (llid, idno, position) VALUES (99, 7884, 14);
insert into Citizen (idno, title, firstname, lastname, dateofbirth, gender) VALUES (7885, '', 'Winzberg', 'Thomas', '1.1.1965.', 'p');
insert into CandidatesData (idno) VALUES (7885);
insert into PartyMembership (pid, idno) VALUES (7, 7885);
insert into Candidacy (wkid, idno) VALUES (391, 7885);
insert into Citizen (idno, title, firstname, lastname, dateofbirth, gender) VALUES (7886, '', 'Winzen', 'Benedikt', '1.1.1985.', 'p');
insert into CandidatesData (idno) VALUES (7886);
insert into PartyMembership (pid, idno) VALUES (2, 7886);
insert into Candidacy (wkid, idno) VALUES (409, 7886);
insert into Landeslistenplatz (llid, idno, position) VALUES (73, 7886, 39);
insert into Citizen (idno, title, firstname, lastname, dateofbirth, gender) VALUES (7887, '', 'Wirl', 'Olaf', '1.1.1967.', 'p');
insert into CandidatesData (idno) VALUES (7887);
insert into PartyMembership (pid, idno) VALUES (32, 7887);
insert into Landeslistenplatz (llid, idno, position) VALUES (143, 7887, 10);
insert into Citizen (idno, title, firstname, lastname, dateofbirth, gender) VALUES (7888, '', 'Wirth', 'Manfred', '1.1.1941.', 'p');
insert into CandidatesData (idno) VALUES (7888);
insert into PartyMembership (pid, idno) VALUES (19, 7888);
insert into Landeslistenplatz (llid, idno, position) VALUES (182, 7888, 12);
insert into Citizen (idno, title, firstname, lastname, dateofbirth, gender) VALUES (7889, '', 'Wirth', 'Thorsten', '1.1.1968.', 'p');
insert into CandidatesData (idno) VALUES (7889);
insert into PartyMembership (pid, idno) VALUES (7, 7889);
insert into Candidacy (wkid, idno) VALUES (481, 7889);
insert into Citizen (idno, title, firstname, lastname, dateofbirth, gender) VALUES (7890, 'Dr. ', 'Wissing', 'Volker', '1.1.1970.', 'p');
insert into CandidatesData (idno) VALUES (7890);
insert into PartyMembership (pid, idno) VALUES (4, 7890);
insert into Candidacy (wkid, idno) VALUES (511, 7890);
insert into Landeslistenplatz (llid, idno, position) VALUES (120, 7890, 1);
insert into Citizen (idno, title, firstname, lastname, dateofbirth, gender) VALUES (7891, '', 'Wißkirchen', 'Karl', '1.1.1943.', 'p');
insert into CandidatesData (idno) VALUES (7891);
insert into PartyMembership (pid, idno) VALUES (12, 7891);
insert into Landeslistenplatz (llid, idno, position) VALUES (105, 7891, 29);
insert into Citizen (idno, title, firstname, lastname, dateofbirth, gender) VALUES (7892, '', 'Wißner', 'Kai Volker', '1.1.1987.', 'p');
insert into CandidatesData (idno) VALUES (7892);
insert into PartyMembership (pid, idno) VALUES (12, 7892);
insert into Landeslistenplatz (llid, idno, position) VALUES (88, 7892, 30);
insert into Citizen (idno, title, firstname, lastname, dateofbirth, gender) VALUES (7893, '', 'Wittich', 'Wolfgang', '1.1.1952.', 'p');
insert into CandidatesData (idno) VALUES (7893);
insert into PartyMembership (pid, idno) VALUES (3, 7893);
insert into Candidacy (wkid, idno) VALUES (532, 7893);
insert into Landeslistenplatz (llid, idno, position) VALUES (174, 7893, 20);
insert into Citizen (idno, title, firstname, lastname, dateofbirth, gender) VALUES (7894, '', 'Wittig', 'Heiko', '1.1.1964.', 'p');
insert into CandidatesData (idno) VALUES (7894);
insert into PartyMembership (pid, idno) VALUES (2, 7894);
insert into Candidacy (wkid, idno) VALUES (450, 7894);
insert into Landeslistenplatz (llid, idno, position) VALUES (153, 7894, 11);
insert into Citizen (idno, title, firstname, lastname, dateofbirth, gender) VALUES (7895, '', 'Wittka', 'Hans-Georg', '1.1.1944.', 'p');
insert into CandidatesData (idno) VALUES (7895);
insert into PartyMembership (pid, idno) VALUES (39, 7895);
insert into Landeslistenplatz (llid, idno, position) VALUES (81, 7895, 12);
insert into Citizen (idno, title, firstname, lastname, dateofbirth, gender) VALUES (7896, '', 'Wittkamp', 'Rolf', '1.1.1940.', 'p');
insert into CandidatesData (idno) VALUES (7896);
insert into PartyMembership (pid, idno) VALUES (41, 7896);
insert into Candidacy (wkid, idno) VALUES (430, 7896);
insert into Landeslistenplatz (llid, idno, position) VALUES (205, 7896, 3);
insert into Citizen (idno, title, firstname, lastname, dateofbirth, gender) VALUES (7897, '', 'Wittkampf', 'Franz Josef', '1.1.1949.', 'p');
insert into CandidatesData (idno) VALUES (7897);
insert into PartyMembership (pid, idno) VALUES (36, 7897);
insert into Landeslistenplatz (llid, idno, position) VALUES (56, 7897, 22);
insert into Citizen (idno, title, firstname, lastname, dateofbirth, gender) VALUES (7898, '', 'Wittke', 'Oliver', '1.1.1966.', 'p');
insert into CandidatesData (idno) VALUES (7898);
insert into PartyMembership (pid, idno) VALUES (12, 7898);
insert into Candidacy (wkid, idno) VALUES (422, 7898);
insert into Landeslistenplatz (llid, idno, position) VALUES (136, 7898, 10);
insert into Citizen (idno, title, firstname, lastname, dateofbirth, gender) VALUES (7899, '', 'Witum', 'David', '1.1.1983.', 'p');
insert into CandidatesData (idno) VALUES (7899);
insert into PartyMembership (pid, idno) VALUES (17, 7899);
insert into Landeslistenplatz (llid, idno, position) VALUES (255, 7899, 1);
insert into Citizen (idno, title, firstname, lastname, dateofbirth, gender) VALUES (7900, 'Dr. ', 'Wleke', 'Ulrich', '1.1.1958.', 'p');
insert into CandidatesData (idno) VALUES (7900);
insert into PartyMembership (pid, idno) VALUES (33, 7900);
insert into Landeslistenplatz (llid, idno, position) VALUES (80, 7900, 4);
insert into Citizen (idno, title, firstname, lastname, dateofbirth, gender) VALUES (7901, '', 'Wobig', 'Bernd Jürgen', '1.1.1947.', 'p');
insert into CandidatesData (idno) VALUES (7901);
insert into PartyMembership (pid, idno) VALUES (3, 7901);
insert into Candidacy (wkid, idno) VALUES (434, 7901);
insert into Citizen (idno, title, firstname, lastname, dateofbirth, gender) VALUES (7902, '', 'Wöhrl', 'Dagmar Gabriele', '1.1.1954.', 'p');
insert into CandidatesData (idno) VALUES (7902);
insert into PartyMembership (pid, idno) VALUES (9, 7902);
insert into Candidacy (wkid, idno) VALUES (543, 7902);
insert into Landeslistenplatz (llid, idno, position) VALUES (47, 7902, 8);
insert into Citizen (idno, title, firstname, lastname, dateofbirth, gender) VALUES (7903, '', 'Wöhrle', 'Florian', '1.1.1977.', 'p');
insert into CandidatesData (idno) VALUES (7903);
insert into PartyMembership (pid, idno) VALUES (4, 7903);
insert into Landeslistenplatz (llid, idno, position) VALUES (250, 7903, 6);
insert into Citizen (idno, title, firstname, lastname, dateofbirth, gender) VALUES (7904, '', 'Wöhrle', 'Werner-Christian', '1.1.1958.', 'p');
insert into CandidatesData (idno) VALUES (7904);
insert into PartyMembership (pid, idno) VALUES (1, 7904);
insert into Candidacy (wkid, idno) VALUES (583, 7904);
insert into Citizen (idno, title, firstname, lastname, dateofbirth, gender) VALUES (7905, '', 'Wöhrmann', 'Wolfgang', '1.1.1952.', 'p');
insert into CandidatesData (idno) VALUES (7905);
insert into PartyMembership (pid, idno) VALUES (13, 7905);
insert into Landeslistenplatz (llid, idno, position) VALUES (34, 7905, 18);
insert into Citizen (idno, title, firstname, lastname, dateofbirth, gender) VALUES (7906, '', 'Wölfel', 'Willi', '1.1.1950.', 'p');
insert into CandidatesData (idno) VALUES (7906);
insert into PartyMembership (pid, idno) VALUES (19, 7906);
insert into Landeslistenplatz (llid, idno, position) VALUES (124, 7906, 5);
insert into Citizen (idno, title, firstname, lastname, dateofbirth, gender) VALUES (7907, '', 'Wölfer', 'Sabine', '1.1.1962.', 'p');
insert into CandidatesData (idno) VALUES (7907);
insert into PartyMembership (pid, idno) VALUES (12, 7907);
insert into Landeslistenplatz (llid, idno, position) VALUES (131, 7907, 11);
insert into Citizen (idno, title, firstname, lastname, dateofbirth, gender) VALUES (7908, '', 'Wöllert', 'Birgit Ottilie', '1.1.1950.', 'p');
insert into CandidatesData (idno) VALUES (7908);
insert into PartyMembership (pid, idno) VALUES (3, 7908);
insert into Candidacy (wkid, idno) VALUES (363, 7908);
insert into Landeslistenplatz (llid, idno, position) VALUES (236, 7908, 5);
insert into Citizen (idno, title, firstname, lastname, dateofbirth, gender) VALUES (7909, '', 'Wöllstein', 'Werner', '1.1.1960.', 'p');
insert into CandidatesData (idno) VALUES (7909);
insert into PartyMembership (pid, idno) VALUES (4, 7909);
insert into Candidacy (wkid, idno) VALUES (500, 7909);
insert into Citizen (idno, title, firstname, lastname, dateofbirth, gender) VALUES (7910, '', 'Wössner', 'Helga', '1.1.1967.', 'p');
insert into CandidatesData (idno) VALUES (7910);
insert into PartyMembership (pid, idno) VALUES (12, 7910);
insert into Landeslistenplatz (llid, idno, position) VALUES (105, 7910, 51);
insert into Citizen (idno, title, firstname, lastname, dateofbirth, gender) VALUES (7911, '', 'Woest', 'Hans-Georg', '1.1.1993.', 'p');
insert into CandidatesData (idno) VALUES (7911);
insert into PartyMembership (pid, idno) VALUES (3, 7911);
insert into Landeslistenplatz (llid, idno, position) VALUES (107, 7911, 9);
insert into Citizen (idno, title, firstname, lastname, dateofbirth, gender) VALUES (7912, '', 'Wohlfart', 'Adelheid Dorothea Rosemarie', '1.1.1960.', 'p');
insert into CandidatesData (idno) VALUES (7912);
insert into PartyMembership (pid, idno) VALUES (40, 7912);
insert into Landeslistenplatz (llid, idno, position) VALUES (148, 7912, 7);
insert into Citizen (idno, title, firstname, lastname, dateofbirth, gender) VALUES (7913, '', 'Wohlfarth', 'Matthias', '1.1.1954.', 'p');
insert into CandidatesData (idno) VALUES (7913);
insert into PartyMembership (pid, idno) VALUES (33, 7913);
insert into Landeslistenplatz (llid, idno, position) VALUES (202, 7913, 3);
insert into Citizen (idno, title, firstname, lastname, dateofbirth, gender) VALUES (7914, '', 'Woizik', 'Dieter', '1.1.1934.', 'p');
insert into CandidatesData (idno) VALUES (7914);
insert into PartyMembership (pid, idno) VALUES (39, 7914);
insert into Landeslistenplatz (llid, idno, position) VALUES (81, 7914, 8);
insert into Citizen (idno, title, firstname, lastname, dateofbirth, gender) VALUES (7915, 'Dr. ', 'Wolber', 'Edith', '1.1.1955.', 'p');
insert into CandidatesData (idno) VALUES (7915);
insert into PartyMembership (pid, idno) VALUES (5, 7915);
insert into Candidacy (wkid, idno) VALUES (576, 7915);
insert into Landeslistenplatz (llid, idno, position) VALUES (61, 7915, 27);
insert into Citizen (idno, title, firstname, lastname, dateofbirth, gender) VALUES (7916, 'Dr. ', 'Wolber', 'Mechthild', '1.1.1971.', 'p');
insert into CandidatesData (idno) VALUES (7916);
insert into PartyMembership (pid, idno) VALUES (4, 7916);
insert into Candidacy (wkid, idno) VALUES (584, 7916);
insert into Landeslistenplatz (llid, idno, position) VALUES (51, 7916, 16);
insert into Citizen (idno, title, firstname, lastname, dateofbirth, gender) VALUES (7917, '', 'Wolf', 'Martin Josef', '1.1.1962.', 'p');
insert into CandidatesData (idno) VALUES (7917);
insert into PartyMembership (pid, idno) VALUES (4, 7917);
insert into Candidacy (wkid, idno) VALUES (305, 7917);
insert into Landeslistenplatz (llid, idno, position) VALUES (78, 7917, 9);
insert into Citizen (idno, title, firstname, lastname, dateofbirth, gender) VALUES (7918, '', 'Wolf', 'Rainer', '1.1.1963.', 'p');
insert into CandidatesData (idno) VALUES (7918);
insert into PartyMembership (pid, idno) VALUES (3, 7918);
insert into Candidacy (wkid, idno) VALUES (582, 7918);
insert into Citizen (idno, title, firstname, lastname, dateofbirth, gender) VALUES (7919, '', 'Wolf', 'Sebastian', '1.1.1988.', 'p');
insert into CandidatesData (idno) VALUES (7919);
insert into PartyMembership (pid, idno) VALUES (1, 7919);
insert into Candidacy (wkid, idno) VALUES (346, 7919);
insert into Citizen (idno, title, firstname, lastname, dateofbirth, gender) VALUES (7920, '', 'Wolfer', 'Helmut', '1.1.1955.', 'p');
insert into CandidatesData (idno) VALUES (7920);
insert into PartyMembership (pid, idno) VALUES (32, 7920);
insert into Candidacy (wkid, idno) VALUES (592, 7920);
insert into Landeslistenplatz (llid, idno, position) VALUES (91, 7920, 22);
insert into Citizen (idno, title, firstname, lastname, dateofbirth, gender) VALUES (7921, '', 'Wolff', 'Barbara Ursula', '1.1.1948.', 'p');
insert into CandidatesData (idno) VALUES (7921);
insert into PartyMembership (pid, idno) VALUES (32, 7921);
insert into Candidacy (wkid, idno) VALUES (361, 7921);
insert into Landeslistenplatz (llid, idno, position) VALUES (92, 7921, 1);
insert into Citizen (idno, title, firstname, lastname, dateofbirth, gender) VALUES (7922, '', 'Wolff', 'Hartfrid', '1.1.1971.', 'p');
insert into CandidatesData (idno) VALUES (7922);
insert into PartyMembership (pid, idno) VALUES (4, 7922);
insert into Candidacy (wkid, idno) VALUES (563, 7922);
insert into Landeslistenplatz (llid, idno, position) VALUES (51, 7922, 3);
insert into Citizen (idno, title, firstname, lastname, dateofbirth, gender) VALUES (7923, '', 'Wolff', 'Waltraud Katharina', '1.1.1956.', 'p');
insert into CandidatesData (idno) VALUES (7923);
insert into PartyMembership (pid, idno) VALUES (2, 7923);
insert into Candidacy (wkid, idno) VALUES (366, 7923);
insert into Landeslistenplatz (llid, idno, position) VALUES (161, 7923, 2);
insert into Citizen (idno, title, firstname, lastname, dateofbirth, gender) VALUES (7924, '', 'Wolframm', 'Klaus Dieter', '1.1.1959.', 'p');
insert into CandidatesData (idno) VALUES (7924);
insert into PartyMembership (pid, idno) VALUES (2, 7924);
insert into Candidacy (wkid, idno) VALUES (457, 7924);
insert into Landeslistenplatz (llid, idno, position) VALUES (153, 7924, 16);
insert into Citizen (idno, title, firstname, lastname, dateofbirth, gender) VALUES (7925, '', 'Wolinski', 'Ulrich', '1.1.1958.', 'p');
insert into CandidatesData (idno) VALUES (7925);
insert into PartyMembership (pid, idno) VALUES (33, 7925);
insert into Candidacy (wkid, idno) VALUES (420, 7925);
insert into Citizen (idno, title, firstname, lastname, dateofbirth, gender) VALUES (7926, '', 'Wolpert', 'Veit Erwald', '1.1.1960.', 'p');
insert into CandidatesData (idno) VALUES (7926);
insert into PartyMembership (pid, idno) VALUES (4, 7926);
insert into Candidacy (wkid, idno) VALUES (370, 7926);
insert into Citizen (idno, title, firstname, lastname, dateofbirth, gender) VALUES (7927, '', 'Woltmann', 'Barbara', '1.1.1957.', 'p');
insert into CandidatesData (idno) VALUES (7927);
insert into PartyMembership (pid, idno) VALUES (12, 7927);
insert into Landeslistenplatz (llid, idno, position) VALUES (44, 7927, 29);
insert into Citizen (idno, title, firstname, lastname, dateofbirth, gender) VALUES (7928, '', 'Wondrousch', 'Dominik Philipp', '1.1.1980.', 'p');
insert into CandidatesData (idno) VALUES (7928);
insert into PartyMembership (pid, idno) VALUES (7, 7928);
insert into Landeslistenplatz (llid, idno, position) VALUES (175, 7928, 7);
insert into Citizen (idno, title, firstname, lastname, dateofbirth, gender) VALUES (7929, '', 'Worm', 'Christina', '1.1.1981.', 'p');
insert into CandidatesData (idno) VALUES (7929);
insert into PartyMembership (pid, idno) VALUES (7, 7929);
insert into Candidacy (wkid, idno) VALUES (439, 7929);
insert into Landeslistenplatz (llid, idno, position) VALUES (75, 7929, 5);
insert into Citizen (idno, title, firstname, lastname, dateofbirth, gender) VALUES (7930, 'Dr. ', 'Wortmann', 'Martin', '1.1.1954.', 'p');
insert into CandidatesData (idno) VALUES (7930);
insert into PartyMembership (pid, idno) VALUES (4, 7930);
insert into Candidacy (wkid, idno) VALUES (390, 7930);
insert into Landeslistenplatz (llid, idno, position) VALUES (98, 7930, 36);
insert into Citizen (idno, title, firstname, lastname, dateofbirth, gender) VALUES (7931, '', 'Wucherer', 'Matthias Frank', '1.1.1980.', 'p');
insert into CandidatesData (idno) VALUES (7931);
insert into PartyMembership (pid, idno) VALUES (9, 7931);
insert into Landeslistenplatz (llid, idno, position) VALUES (47, 7931, 47);
insert into Citizen (idno, title, firstname, lastname, dateofbirth, gender) VALUES (7932, 'Dr. ', 'Wünsch', 'Peter Otto', '1.1.1942.', 'p');
insert into CandidatesData (idno) VALUES (7932);
insert into PartyMembership (pid, idno) VALUES (33, 7932);
insert into Landeslistenplatz (llid, idno, position) VALUES (30, 7932, 20);
insert into Citizen (idno, title, firstname, lastname, dateofbirth, gender) VALUES (7933, '', 'Wulff', 'Thomas', '1.1.1963.', 'p');
insert into CandidatesData (idno) VALUES (7933);
insert into PartyMembership (pid, idno) VALUES (1, 7933);
insert into Candidacy (wkid, idno) VALUES (322, 7933);
insert into Landeslistenplatz (llid, idno, position) VALUES (39, 7933, 1);
insert into Citizen (idno, title, firstname, lastname, dateofbirth, gender) VALUES (7934, '', 'Wunderlich', 'Jörn Heinz Adolf', '1.1.1960.', 'p');
insert into CandidatesData (idno) VALUES (7934);
insert into PartyMembership (pid, idno) VALUES (3, 7934);
insert into Candidacy (wkid, idno) VALUES (462, 7934);
insert into Landeslistenplatz (llid, idno, position) VALUES (240, 7934, 6);
insert into Citizen (idno, title, firstname, lastname, dateofbirth, gender) VALUES (7935, '', 'Wunderlich', 'Peter', '1.1.1963.', 'p');
insert into CandidatesData (idno) VALUES (7935);
insert into PartyMembership (pid, idno) VALUES (32, 7935);
insert into Landeslistenplatz (llid, idno, position) VALUES (29, 7935, 20);
insert into Citizen (idno, title, firstname, lastname, dateofbirth, gender) VALUES (7936, '', 'Wurster', 'Herbert Rudolf', '1.1.1952.', 'p');
insert into CandidatesData (idno) VALUES (7936);
insert into PartyMembership (pid, idno) VALUES (33, 7936);
insert into Landeslistenplatz (llid, idno, position) VALUES (166, 7936, 36);
insert into Citizen (idno, title, firstname, lastname, dateofbirth, gender) VALUES (7937, '', 'Wybranietz', 'Patrick', '1.1.1993.', 'p');
insert into CandidatesData (idno) VALUES (7937);
insert into PartyMembership (pid, idno) VALUES (35, 7937);
insert into Candidacy (wkid, idno) VALUES (505, 7937);
insert into Citizen (idno, title, firstname, lastname, dateofbirth, gender) VALUES (7938, '', 'Yasaner', 'Vecih', '1.1.1958.', 'p');
insert into CandidatesData (idno) VALUES (7938);
insert into PartyMembership (pid, idno) VALUES (7, 7938);
insert into Candidacy (wkid, idno) VALUES (484, 7938);
insert into Landeslistenplatz (llid, idno, position) VALUES (113, 7938, 5);
insert into Citizen (idno, title, firstname, lastname, dateofbirth, gender) VALUES (7939, '', 'Yildiz', 'Haluk', '1.1.1968.', 'p');
insert into CandidatesData (idno) VALUES (7939);
insert into PartyMembership (pid, idno) VALUES (34, 7939);
insert into Landeslistenplatz (llid, idno, position) VALUES (32, 7939, 1);
insert into Citizen (idno, title, firstname, lastname, dateofbirth, gender) VALUES (7940, '', 'Yliniva-Hoffmann', 'Anne Mirjami', '1.1.1977.', 'p');
insert into CandidatesData (idno) VALUES (7940);
insert into PartyMembership (pid, idno) VALUES (2, 7940);
insert into Landeslistenplatz (llid, idno, position) VALUES (77, 7940, 9);
insert into Citizen (idno, title, firstname, lastname, dateofbirth, gender) VALUES (7941, '', 'Yüksel', 'Gülistan', '1.1.1962.', 'p');
insert into CandidatesData (idno) VALUES (7941);
insert into PartyMembership (pid, idno) VALUES (2, 7941);
insert into Candidacy (wkid, idno) VALUES (408, 7941);
insert into Landeslistenplatz (llid, idno, position) VALUES (73, 7941, 12);
insert into Citizen (idno, title, firstname, lastname, dateofbirth, gender) VALUES (7942, '', 'Zabel', 'Benjamin Frank', '1.1.1987.', 'p');
insert into CandidatesData (idno) VALUES (7942);
insert into PartyMembership (pid, idno) VALUES (2, 7942);
insert into Candidacy (wkid, idno) VALUES (465, 7942);
insert into Landeslistenplatz (llid, idno, position) VALUES (153, 7942, 9);
insert into Citizen (idno, title, firstname, lastname, dateofbirth, gender) VALUES (7943, '', 'Zachow-Vierrath', 'Sebastian Peter', '1.1.1945.', 'p');
insert into CandidatesData (idno) VALUES (7943);
insert into PartyMembership (pid, idno) VALUES (21, 7943);
insert into Candidacy (wkid, idno) VALUES (363, 7943);
insert into Citizen (idno, title, firstname, lastname, dateofbirth, gender) VALUES (7944, '', 'Zachraj', 'Friedrich-Wilhelm', '1.1.1947.', 'p');
insert into CandidatesData (idno) VALUES (7944);
insert into PartyMembership (pid, idno) VALUES (3, 7944);
insert into Candidacy (wkid, idno) VALUES (424, 7944);
insert into Citizen (idno, title, firstname, lastname, dateofbirth, gender) VALUES (7945, '', 'Zadrosny', 'Cornelia', '1.1.1990.', 'p');
insert into CandidatesData (idno) VALUES (7945);
insert into PartyMembership (pid, idno) VALUES (15, 7945);
insert into Landeslistenplatz (llid, idno, position) VALUES (55, 7945, 19);
insert into Citizen (idno, title, firstname, lastname, dateofbirth, gender) VALUES (7946, 'Dr. ', 'Zagermann', 'Paul Helmut August', '1.1.1940.', 'p');
insert into CandidatesData (idno) VALUES (7946);
insert into PartyMembership (pid, idno) VALUES (13, 7946);
insert into Landeslistenplatz (llid, idno, position) VALUES (233, 7946, 5);
insert into Citizen (idno, title, firstname, lastname, dateofbirth, gender) VALUES (7947, '', 'Zais', 'Petra Inge', '1.1.1957.', 'p');
insert into CandidatesData (idno) VALUES (7947);
insert into PartyMembership (pid, idno) VALUES (5, 7947);
insert into Candidacy (wkid, idno) VALUES (461, 7947);
insert into Landeslistenplatz (llid, idno, position) VALUES (185, 7947, 3);
insert into Citizen (idno, title, firstname, lastname, dateofbirth, gender) VALUES (7948, '', 'Zakzak', 'Aiman', '1.1.1990.', 'p');
insert into CandidatesData (idno) VALUES (7948);
insert into PartyMembership (pid, idno) VALUES (33, 7948);
insert into Landeslistenplatz (llid, idno, position) VALUES (63, 7948, 26);
insert into Citizen (idno, title, firstname, lastname, dateofbirth, gender) VALUES (7949, '', 'Zaleski', 'Frank Mario', '1.1.1954.', 'p');
insert into CandidatesData (idno) VALUES (7949);
insert into PartyMembership (pid, idno) VALUES (33, 7949);
insert into Candidacy (wkid, idno) VALUES (478, 7949);
insert into Citizen (idno, title, firstname, lastname, dateofbirth, gender) VALUES (7950, '', 'Zalfen', 'Michael', '1.1.1962.', 'p');
insert into CandidatesData (idno) VALUES (7950);
insert into PartyMembership (pid, idno) VALUES (2, 7950);
insert into Candidacy (wkid, idno) VALUES (399, 7950);
insert into Landeslistenplatz (llid, idno, position) VALUES (73, 7950, 48);
insert into Citizen (idno, title, firstname, lastname, dateofbirth, gender) VALUES (7951, '', 'Zarniko', 'Ursula Linda', '1.1.1984.', 'p');
insert into CandidatesData (idno) VALUES (7951);
insert into PartyMembership (pid, idno) VALUES (5, 7951);
insert into Candidacy (wkid, idno) VALUES (402, 7951);
insert into Citizen (idno, title, firstname, lastname, dateofbirth, gender) VALUES (7952, '', 'Zasowk', 'Ronny', '1.1.1986.', 'p');
insert into CandidatesData (idno) VALUES (7952);
insert into PartyMembership (pid, idno) VALUES (1, 7952);
insert into Candidacy (wkid, idno) VALUES (363, 7952);
insert into Landeslistenplatz (llid, idno, position) VALUES (132, 7952, 3);
insert into Citizen (idno, title, firstname, lastname, dateofbirth, gender) VALUES (7953, '', 'Zdebel', 'Hubertus Josef', '1.1.1954.', 'p');
insert into CandidatesData (idno) VALUES (7953);
insert into PartyMembership (pid, idno) VALUES (3, 7953);
insert into Candidacy (wkid, idno) VALUES (428, 7953);
insert into Landeslistenplatz (llid, idno, position) VALUES (95, 7953, 8);
insert into Citizen (idno, title, firstname, lastname, dateofbirth, gender) VALUES (7954, '', 'Zebunke', 'Thomas Willi', '1.1.1961.', 'p');
insert into CandidatesData (idno) VALUES (7954);
insert into PartyMembership (pid, idno) VALUES (5, 7954);
insert into Landeslistenplatz (llid, idno, position) VALUES (144, 7954, 14);
insert into Citizen (idno, title, firstname, lastname, dateofbirth, gender) VALUES (7955, '', 'Zech', 'Tobias', '1.1.1981.', 'p');
insert into CandidatesData (idno) VALUES (7955);
insert into PartyMembership (pid, idno) VALUES (9, 7955);
insert into Landeslistenplatz (llid, idno, position) VALUES (47, 7955, 33);
insert into Citizen (idno, title, firstname, lastname, dateofbirth, gender) VALUES (7956, '', 'Zedlitz', 'Jutta Birgit', '1.1.1964.', 'p');
insert into CandidatesData (idno) VALUES (7956);
insert into PartyMembership (pid, idno) VALUES (29, 7956);
insert into Candidacy (wkid, idno) VALUES (382, 7956);
insert into Citizen (idno, title, firstname, lastname, dateofbirth, gender) VALUES (7957, '', 'Zeeb', 'Elke Ludgera Renate', '1.1.1973.', 'p');
insert into CandidatesData (idno) VALUES (7957);
insert into PartyMembership (pid, idno) VALUES (5, 7957);
insert into Candidacy (wkid, idno) VALUES (418, 7957);
insert into Citizen (idno, title, firstname, lastname, dateofbirth, gender) VALUES (7958, '', 'Zeeh', 'Helmar', '1.1.1943.', 'p');
insert into CandidatesData (idno) VALUES (7958);
insert into PartyMembership (pid, idno) VALUES (19, 7958);
insert into Candidacy (wkid, idno) VALUES (475, 7958);
insert into Citizen (idno, title, firstname, lastname, dateofbirth, gender) VALUES (7959, '', 'Zehe', 'Matthias', '1.1.1957.', 'p');
insert into CandidatesData (idno) VALUES (7959);
insert into PartyMembership (pid, idno) VALUES (7, 7959);
insert into Candidacy (wkid, idno) VALUES (527, 7959);
insert into Citizen (idno, title, firstname, lastname, dateofbirth, gender) VALUES (7960, '', 'Zehnter', 'Andreas Karl-Heinz', '1.1.1963.', 'p');
insert into CandidatesData (idno) VALUES (7960);
insert into PartyMembership (pid, idno) VALUES (32, 7960);
insert into Candidacy (wkid, idno) VALUES (446, 7960);
insert into Citizen (idno, title, firstname, lastname, dateofbirth, gender) VALUES (7961, '', 'Zeidler', 'Ralf', '1.1.1962.', 'p');
insert into CandidatesData (idno) VALUES (7961);
insert into PartyMembership (pid, idno) VALUES (32, 7961);
insert into Candidacy (wkid, idno) VALUES (455, 7961);
insert into Landeslistenplatz (llid, idno, position) VALUES (215, 7961, 3);
insert into Citizen (idno, title, firstname, lastname, dateofbirth, gender) VALUES (7962, '', 'Zeitlmann', 'Ursula', '1.1.1969.', 'p');
insert into CandidatesData (idno) VALUES (7962);
insert into PartyMembership (pid, idno) VALUES (5, 7962);
insert into Candidacy (wkid, idno) VALUES (522, 7962);
insert into Citizen (idno, title, firstname, lastname, dateofbirth, gender) VALUES (7963, 'Dr. ', 'Zeller', 'Jens', '1.1.1944.', 'p');
insert into CandidatesData (idno) VALUES (7963);
insert into PartyMembership (pid, idno) VALUES (33, 7963);
insert into Candidacy (wkid, idno) VALUES (573, 7963);
insert into Landeslistenplatz (llid, idno, position) VALUES (140, 7963, 11);
insert into Citizen (idno, title, firstname, lastname, dateofbirth, gender) VALUES (7964, '', 'Zellmann', 'Gabriele', '1.1.1961.', 'p');
insert into CandidatesData (idno) VALUES (7964);
insert into PartyMembership (pid, idno) VALUES (1, 7964);
insert into Landeslistenplatz (llid, idno, position) VALUES (97, 7964, 7);
insert into Citizen (idno, title, firstname, lastname, dateofbirth, gender) VALUES (7965, '', 'Zellner', 'Angela', '1.1.1960.', 'p');
insert into CandidatesData (idno) VALUES (7965);
insert into PartyMembership (pid, idno) VALUES (40, 7965);
insert into Landeslistenplatz (llid, idno, position) VALUES (148, 7965, 3);
insert into Citizen (idno, title, firstname, lastname, dateofbirth, gender) VALUES (7966, '', 'Zellner', 'Stefan', '1.1.1962.', 'p');
insert into CandidatesData (idno) VALUES (7966);
insert into PartyMembership (pid, idno) VALUES (36, 7966);
insert into Candidacy (wkid, idno) VALUES (527, 7966);
insert into Landeslistenplatz (llid, idno, position) VALUES (121, 7966, 28);
insert into Citizen (idno, title, firstname, lastname, dateofbirth, gender) VALUES (7967, '', 'Zelt', 'Hermann Heinrich', '1.1.1960.', 'p');
insert into CandidatesData (idno) VALUES (7967);
insert into PartyMembership (pid, idno) VALUES (32, 7967);
insert into Candidacy (wkid, idno) VALUES (556, 7967);
insert into Landeslistenplatz (llid, idno, position) VALUES (33, 7967, 18);
insert into Citizen (idno, title, firstname, lastname, dateofbirth, gender) VALUES (7968, '', 'Zemke', 'Andreas Helmut', '1.1.1969.', 'p');
insert into CandidatesData (idno) VALUES (7968);
insert into PartyMembership (pid, idno) VALUES (42, 7968);
insert into Landeslistenplatz (llid, idno, position) VALUES (244, 7968, 1);
insert into Citizen (idno, title, firstname, lastname, dateofbirth, gender) VALUES (7969, '', 'Zender', 'Nadine', '1.1.1986.', 'p');
insert into CandidatesData (idno) VALUES (7969);
insert into PartyMembership (pid, idno) VALUES (2, 7969);
insert into Landeslistenplatz (llid, idno, position) VALUES (71, 7969, 27);
insert into Citizen (idno, title, firstname, lastname, dateofbirth, gender) VALUES (7970, '', 'Zenk', 'Sebastian', '1.1.1990.', 'p');
insert into CandidatesData (idno) VALUES (7970);
insert into PartyMembership (pid, idno) VALUES (12, 7970);
insert into Landeslistenplatz (llid, idno, position) VALUES (44, 7970, 39);
insert into Citizen (idno, title, firstname, lastname, dateofbirth, gender) VALUES (7971, '', 'Zepp-LaRouche', 'Helga', '1.1.1948.', 'p');
insert into CandidatesData (idno) VALUES (7971);
insert into PartyMembership (pid, idno) VALUES (10, 7971);
insert into Candidacy (wkid, idno) VALUES (378, 7971);
insert into Landeslistenplatz (llid, idno, position) VALUES (180, 7971, 1);
insert into Citizen (idno, title, firstname, lastname, dateofbirth, gender) VALUES (7972, '', 'Zertik', 'Heinrich', '1.1.1957.', 'p');
insert into CandidatesData (idno) VALUES (7972);
insert into PartyMembership (pid, idno) VALUES (12, 7972);
insert into Landeslistenplatz (llid, idno, position) VALUES (136, 7972, 48);
insert into Citizen (idno, title, firstname, lastname, dateofbirth, gender) VALUES (7973, '', 'Zeuch', 'Olaf Joachim', '1.1.1964.', 'p');
insert into CandidatesData (idno) VALUES (7973);
insert into PartyMembership (pid, idno) VALUES (42, 7973);
insert into Landeslistenplatz (llid, idno, position) VALUES (210, 7973, 4);
insert into Citizen (idno, title, firstname, lastname, dateofbirth, gender) VALUES (7974, '', 'Zeulner', 'Emmi', '1.1.1987.', 'p');
insert into CandidatesData (idno) VALUES (7974);
insert into PartyMembership (pid, idno) VALUES (9, 7974);
insert into Candidacy (wkid, idno) VALUES (539, 7974);
insert into Landeslistenplatz (llid, idno, position) VALUES (47, 7974, 21);
insert into Citizen (idno, title, firstname, lastname, dateofbirth, gender) VALUES (7975, '', 'Ziegler', 'Dagmar', '1.1.1960.', 'p');
insert into CandidatesData (idno) VALUES (7975);
insert into PartyMembership (pid, idno) VALUES (2, 7975);
insert into Candidacy (wkid, idno) VALUES (355, 7975);
insert into Landeslistenplatz (llid, idno, position) VALUES (147, 7975, 2);
insert into Citizen (idno, title, firstname, lastname, dateofbirth, gender) VALUES (7976, '', 'Ziegler', 'Heinz Kurt', '1.1.1953.', 'p');
insert into CandidatesData (idno) VALUES (7976);
insert into PartyMembership (pid, idno) VALUES (13, 7976);
insert into Landeslistenplatz (llid, idno, position) VALUES (74, 7976, 14);
insert into Citizen (idno, title, firstname, lastname, dateofbirth, gender) VALUES (7977, '', 'Ziegler', 'Patrick', '1.1.1987.', 'p');
insert into CandidatesData (idno) VALUES (7977);
insert into PartyMembership (pid, idno) VALUES (13, 7977);
insert into Landeslistenplatz (llid, idno, position) VALUES (74, 7977, 6);
insert into Citizen (idno, title, firstname, lastname, dateofbirth, gender) VALUES (7978, '', 'Zierke', 'Stefan', '1.1.1970.', 'p');
insert into CandidatesData (idno) VALUES (7978);
insert into PartyMembership (pid, idno) VALUES (2, 7978);
insert into Candidacy (wkid, idno) VALUES (356, 7978);
insert into Landeslistenplatz (llid, idno, position) VALUES (147, 7978, 5);
insert into Citizen (idno, title, firstname, lastname, dateofbirth, gender) VALUES (7979, '', 'Zieroth', 'Martin', '1.1.1984.', 'p');
insert into CandidatesData (idno) VALUES (7979);
insert into PartyMembership (pid, idno) VALUES (7, 7979);
insert into Candidacy (wkid, idno) VALUES (396, 7979);
insert into Citizen (idno, title, firstname, lastname, dateofbirth, gender) VALUES (7980, '', 'Ziller', 'Stefan', '1.1.1981.', 'p');
insert into CandidatesData (idno) VALUES (7980);
insert into PartyMembership (pid, idno) VALUES (5, 7980);
insert into Candidacy (wkid, idno) VALUES (384, 7980);
insert into Landeslistenplatz (llid, idno, position) VALUES (249, 7980, 6);
insert into Citizen (idno, title, firstname, lastname, dateofbirth, gender) VALUES (7981, '', 'Zillger', 'Lars', '1.1.1976.', 'p');
insert into CandidatesData (idno) VALUES (7981);
insert into PartyMembership (pid, idno) VALUES (7, 7981);
insert into Candidacy (wkid, idno) VALUES (546, 7981);
insert into Landeslistenplatz (llid, idno, position) VALUES (72, 7981, 28);
insert into Citizen (idno, title, firstname, lastname, dateofbirth, gender) VALUES (7982, '', 'Zimmeck', 'Florian', '1.1.1983.', 'p');
insert into CandidatesData (idno) VALUES (7982);
insert into PartyMembership (pid, idno) VALUES (5, 7982);
insert into Candidacy (wkid, idno) VALUES (337, 7982);
insert into Citizen (idno, title, firstname, lastname, dateofbirth, gender) VALUES (7983, 'Dr. ', 'Zimmer', 'Bernhard', '1.1.1961.', 'p');
insert into CandidatesData (idno) VALUES (7983);
insert into PartyMembership (pid, idno) VALUES (5, 7983);
insert into Candidacy (wkid, idno) VALUES (524, 7983);
insert into Landeslistenplatz (llid, idno, position) VALUES (65, 7983, 24);
insert into Citizen (idno, title, firstname, lastname, dateofbirth, gender) VALUES (7984, '', 'Zimmer', 'Jens', '1.1.1973.', 'p');
insert into CandidatesData (idno) VALUES (7984);
insert into PartyMembership (pid, idno) VALUES (4, 7984);
insert into Landeslistenplatz (llid, idno, position) VALUES (168, 7984, 9);
insert into Citizen (idno, title, firstname, lastname, dateofbirth, gender) VALUES (7985, 'Prof. Dr. ', 'Zimmer', 'Matthias Rainer', '1.1.1961.', 'p');
insert into CandidatesData (idno) VALUES (7985);
insert into PartyMembership (pid, idno) VALUES (12, 7985);
insert into Candidacy (wkid, idno) VALUES (481, 7985);
insert into Landeslistenplatz (llid, idno, position) VALUES (88, 7985, 17);
insert into Citizen (idno, title, firstname, lastname, dateofbirth, gender) VALUES (7986, '', 'Zimmerer', 'Johannes', '1.1.1980.', 'p');
insert into CandidatesData (idno) VALUES (7986);
insert into PartyMembership (pid, idno) VALUES (36, 7986);
insert into Candidacy (wkid, idno) VALUES (576, 7986);
insert into Citizen (idno, title, firstname, lastname, dateofbirth, gender) VALUES (7987, '', 'Zimmermann', 'Christoph', '1.1.1993.', 'p');
insert into CandidatesData (idno) VALUES (7987);
insert into PartyMembership (pid, idno) VALUES (2, 7987);
insert into Landeslistenplatz (llid, idno, position) VALUES (154, 7987, 11);
insert into Citizen (idno, title, firstname, lastname, dateofbirth, gender) VALUES (7988, 'Dr. ', 'Zimmermann', 'Jens', '1.1.1981.', 'p');
insert into CandidatesData (idno) VALUES (7988);
insert into PartyMembership (pid, idno) VALUES (2, 7988);
insert into Candidacy (wkid, idno) VALUES (486, 7988);
insert into Landeslistenplatz (llid, idno, position) VALUES (54, 7988, 15);
insert into Citizen (idno, title, firstname, lastname, dateofbirth, gender) VALUES (7989, '', 'Zimmermann', 'Frank', '1.1.1978.', 'p');
insert into CandidatesData (idno) VALUES (7989);
insert into PartyMembership (pid, idno) VALUES (7, 7989);
insert into Candidacy (wkid, idno) VALUES (512, 7989);
insert into Citizen (idno, title, firstname, lastname, dateofbirth, gender) VALUES (7990, '', 'Zimmermann', 'Karl Theodor', '1.1.1937.', 'p');
insert into CandidatesData (idno) VALUES (7990);
insert into PartyMembership (pid, idno) VALUES (10, 7990);
insert into Landeslistenplatz (llid, idno, position) VALUES (162, 7990, 4);
insert into Citizen (idno, title, firstname, lastname, dateofbirth, gender) VALUES (7991, '', 'Zimmermann', 'Lars', '1.1.1974.', 'p');
insert into CandidatesData (idno) VALUES (7991);
insert into PartyMembership (pid, idno) VALUES (12, 7991);
insert into Candidacy (wkid, idno) VALUES (375, 7991);
insert into Landeslistenplatz (llid, idno, position) VALUES (117, 7991, 9);
insert into Citizen (idno, title, firstname, lastname, dateofbirth, gender) VALUES (7992, '', 'Zimmermann', 'Marko', '1.1.1985.', 'p');
insert into CandidatesData (idno) VALUES (7992);
insert into PartyMembership (pid, idno) VALUES (1, 7992);
insert into Landeslistenplatz (llid, idno, position) VALUES (62, 7992, 10);
insert into Citizen (idno, title, firstname, lastname, dateofbirth, gender) VALUES (7993, '', 'Zimmermann', 'Pia-Beate', '1.1.1956.', 'p');
insert into CandidatesData (idno) VALUES (7993);
insert into PartyMembership (pid, idno) VALUES (3, 7993);
insert into Candidacy (wkid, idno) VALUES (350, 7993);
insert into Landeslistenplatz (llid, idno, position) VALUES (130, 7993, 3);
insert into Citizen (idno, title, firstname, lastname, dateofbirth, gender) VALUES (7994, '', 'Zimmermann', 'Sabine', '1.1.1960.', 'p');
insert into CandidatesData (idno) VALUES (7994);
insert into PartyMembership (pid, idno) VALUES (3, 7994);
insert into Candidacy (wkid, idno) VALUES (464, 7994);
insert into Landeslistenplatz (llid, idno, position) VALUES (240, 7994, 7);
insert into Citizen (idno, title, firstname, lastname, dateofbirth, gender) VALUES (7995, '', 'Zimmermann-Modler', 'Elisabeth Hildegard Angela', '1.1.1956.', 'p');
insert into CandidatesData (idno) VALUES (7995);
insert into PartyMembership (pid, idno) VALUES (26, 7995);
insert into Landeslistenplatz (llid, idno, position) VALUES (231, 7995, 2);
insert into Citizen (idno, title, firstname, lastname, dateofbirth, gender) VALUES (7996, '', 'Zipfel', 'Uwe Wolfgang', '1.1.1965.', 'p');
insert into CandidatesData (idno) VALUES (7996);
insert into PartyMembership (pid, idno) VALUES (32, 7996);
insert into Candidacy (wkid, idno) VALUES (537, 7996);
insert into Landeslistenplatz (llid, idno, position) VALUES (33, 7996, 25);
insert into Citizen (idno, title, firstname, lastname, dateofbirth, gender) VALUES (7997, '', 'Zirngibl', 'Fritz', '1.1.1954.', 'p');
insert into CandidatesData (idno) VALUES (7997);
insert into PartyMembership (pid, idno) VALUES (15, 7997);
insert into Landeslistenplatz (llid, idno, position) VALUES (55, 7997, 4);
insert into Citizen (idno, title, firstname, lastname, dateofbirth, gender) VALUES (7998, '', 'Zisler', 'Reinhard Johann', '1.1.1956.', 'p');
insert into CandidatesData (idno) VALUES (7998);
insert into PartyMembership (pid, idno) VALUES (3, 7998);
insert into Candidacy (wkid, idno) VALUES (527, 7998);
insert into Citizen (idno, title, firstname, lastname, dateofbirth, gender) VALUES (7999, '', 'Zöllmer', 'Manfred', '1.1.1950.', 'p');
insert into CandidatesData (idno) VALUES (7999);
insert into PartyMembership (pid, idno) VALUES (2, 7999);
insert into Candidacy (wkid, idno) VALUES (401, 7999);
insert into Landeslistenplatz (llid, idno, position) VALUES (73, 7999, 41);
insert into Citizen (idno, title, firstname, lastname, dateofbirth, gender) VALUES (8000, '', 'Zoll', 'Carsten', '1.1.1967.', 'p');
insert into CandidatesData (idno) VALUES (8000);
insert into PartyMembership (pid, idno) VALUES (31, 8000);
insert into Landeslistenplatz (llid, idno, position) VALUES (28, 8000, 33);
insert into Citizen (idno, title, firstname, lastname, dateofbirth, gender) VALUES (8001, '', 'Zollner', 'Gudrun Anna Therese', '1.1.1960.', 'p');
insert into CandidatesData (idno) VALUES (8001);
insert into PartyMembership (pid, idno) VALUES (9, 8001);
insert into Landeslistenplatz (llid, idno, position) VALUES (47, 8001, 40);
insert into Citizen (idno, title, firstname, lastname, dateofbirth, gender) VALUES (8002, '', 'Zollt', 'Werner', '1.1.1950.', 'p');
insert into CandidatesData (idno) VALUES (8002);
insert into PartyMembership (pid, idno) VALUES (19, 8002);
insert into Landeslistenplatz (llid, idno, position) VALUES (182, 8002, 14);
insert into Citizen (idno, title, firstname, lastname, dateofbirth, gender) VALUES (8003, '', 'Zorko', 'Zarah', '1.1.1979.', 'p');
insert into CandidatesData (idno) VALUES (8003);
insert into PartyMembership (pid, idno) VALUES (13, 8003);
insert into Landeslistenplatz (llid, idno, position) VALUES (189, 8003, 5);
insert into Citizen (idno, title, firstname, lastname, dateofbirth, gender) VALUES (8004, '', 'Zubcic', 'Stefan', '1.1.1968.', 'p');
insert into CandidatesData (idno) VALUES (8004);
insert into PartyMembership (pid, idno) VALUES (33, 8004);
insert into Candidacy (wkid, idno) VALUES (537, 8004);
insert into Landeslistenplatz (llid, idno, position) VALUES (166, 8004, 23);
insert into Citizen (idno, title, firstname, lastname, dateofbirth, gender) VALUES (8005, '', 'Zündorf', 'Michael', '1.1.1981.', 'p');
insert into CandidatesData (idno) VALUES (8005);
insert into PartyMembership (pid, idno) VALUES (1, 8005);
insert into Candidacy (wkid, idno) VALUES (399, 8005);
insert into Citizen (idno, title, firstname, lastname, dateofbirth, gender) VALUES (8006, '', 'Zumpf', 'Daniela', '1.1.1984.', 'p');
insert into CandidatesData (idno) VALUES (8006);
insert into PartyMembership (pid, idno) VALUES (3, 8006);
insert into Landeslistenplatz (llid, idno, position) VALUES (95, 8006, 15);
insert into Citizen (idno, title, firstname, lastname, dateofbirth, gender) VALUES (8007, '', 'Zuse', 'Werner', '1.1.1949.', 'p');
insert into CandidatesData (idno) VALUES (8007);
insert into PartyMembership (pid, idno) VALUES (10, 8007);
insert into Candidacy (wkid, idno) VALUES (520, 8007);
insert into Landeslistenplatz (llid, idno, position) VALUES (217, 8007, 1);
insert into Citizen (idno, title, firstname, lastname, dateofbirth, gender) VALUES (8008, '', 'Zypries', 'Brigitte', '1.1.1953.', 'p');
insert into CandidatesData (idno) VALUES (8008);
insert into PartyMembership (pid, idno) VALUES (2, 8008);
insert into Candidacy (wkid, idno) VALUES (485, 8008);
insert into Landeslistenplatz (llid, idno, position) VALUES (54, 8008, 4);
