insert into Citizen (idno, title, firstname, lastname, dateofbirth, gender) VALUES (3558, '', 'Per Lennart', 'Aae', '1.1.1940.', 'n');
insert into CandidatesData (idno) VALUES (3558);
insert into Candidacy (wkid, idno, supportedby) VALUES (314, 3558, 1);
insert into Citizen (idno, title, firstname, lastname, dateofbirth, gender) VALUES (3559, '', 'Ali', 'Abed-Ali', '1.1.1993.', 'n');
insert into CandidatesData (idno) VALUES (3559);
insert into LandesListe (llid, year, pid, fsid) VALUES (201, 2013, 31, 1);
insert into Landeslistenplatz (llid, idno, position) VALUES (201, 3559, 53);
insert into Citizen (idno, title, firstname, lastname, dateofbirth, gender) VALUES (3560, '', 'Klaus-Dieter', 'Abend', '1.1.1946.', 'n');
insert into CandidatesData (idno) VALUES (3560);
insert into Candidacy (wkid, idno, supportedby) VALUES (44, 3560, 4);
insert into Citizen (idno, title, firstname, lastname, dateofbirth, gender) VALUES (3561, '', 'Claus', 'Ableiter', '1.1.1963.', 'n');
insert into CandidatesData (idno) VALUES (3561);
insert into Candidacy (wkid, idno, supportedby) VALUES (414, 3561, 32);
insert into LandesListe (llid, year, pid, fsid) VALUES (202, 2013, 32, 2);
insert into Landeslistenplatz (llid, idno, position) VALUES (202, 3561, 14);
insert into Citizen (idno, title, firstname, lastname, dateofbirth, gender) VALUES (3562, '', 'Ulrich Herbert', 'Abramowski', '1.1.1956.', 'n');
insert into CandidatesData (idno) VALUES (3562);
insert into LandesListe (llid, year, pid, fsid) VALUES (203, 2013, 33, 3);
insert into Landeslistenplatz (llid, idno, position) VALUES (203, 3562, 2);
insert into Citizen (idno, title, firstname, lastname, dateofbirth, gender) VALUES (3563, '', 'Susanne Brigitte', 'Abwander', '1.1.1966.', 'n');
insert into CandidatesData (idno) VALUES (3563);
insert into LandesListe (llid, year, pid, fsid) VALUES (204, 2013, 29, 4);
insert into Landeslistenplatz (llid, idno, position) VALUES (204, 3563, 20);
insert into Citizen (idno, title, firstname, lastname, dateofbirth, gender) VALUES (3564, '', 'Moussa', 'Acharki', '1.1.1975.', 'n');
insert into CandidatesData (idno) VALUES (3564);
insert into LandesListe (llid, year, pid, fsid) VALUES (205, 2013, 34, 5);
insert into Landeslistenplatz (llid, idno, position) VALUES (205, 3564, 2);
insert into Citizen (idno, title, firstname, lastname, dateofbirth, gender) VALUES (3565, '', 'Markus Franz-Xaver', 'Achatz', '1.1.1981.', 'n');
insert into CandidatesData (idno) VALUES (3565);
insert into Candidacy (wkid, idno, supportedby) VALUES (462, 3565, 32);
insert into LandesListe (llid, year, pid, fsid) VALUES (206, 2013, 32, 4);
insert into Landeslistenplatz (llid, idno, position) VALUES (206, 3565, 23);
insert into Citizen (idno, title, firstname, lastname, dateofbirth, gender) VALUES (3566, '', 'Ulrich', 'Achenbach', '1.1.1954.', 'n');
insert into CandidatesData (idno) VALUES (3566);
insert into LandesListe (llid, year, pid, fsid) VALUES (207, 2013, 13, 5);
insert into Landeslistenplatz (llid, idno, position) VALUES (207, 3566, 9);
insert into Citizen (idno, title, firstname, lastname, dateofbirth, gender) VALUES (3567, '', 'Jens', 'Ackermann', '1.1.1975.', 'n');
insert into CandidatesData (idno) VALUES (3567);
insert into Candidacy (wkid, idno, supportedby) VALUES (134, 3567, 4);
insert into LandesListe (llid, year, pid, fsid) VALUES (208, 2013, 4, 6);
insert into Landeslistenplatz (llid, idno, position) VALUES (208, 3567, 2);
insert into Citizen (idno, title, firstname, lastname, dateofbirth, gender) VALUES (3568, 'Dr. ', 'Konrad', 'Adam', '1.1.1942.', 'n');
insert into CandidatesData (idno) VALUES (3568);
insert into Candidacy (wkid, idno, supportedby) VALUES (352, 3568, 33);
insert into LandesListe (llid, year, pid, fsid) VALUES (209, 2013, 33, 7);
insert into Landeslistenplatz (llid, idno, position) VALUES (209, 3568, 1);
insert into Citizen (idno, title, firstname, lastname, dateofbirth, gender) VALUES (3569, '', 'Heino', 'Adams', '1.1.1942.', 'n');
insert into CandidatesData (idno) VALUES (3569);
insert into LandesListe (llid, year, pid, fsid) VALUES (210, 2013, 18, 8);
insert into Landeslistenplatz (llid, idno, position) VALUES (210, 3569, 8);
insert into Citizen (idno, title, firstname, lastname, dateofbirth, gender) VALUES (3570, '', 'Heinrich Martin', 'Adams', '1.1.1955.', 'n');
insert into CandidatesData (idno) VALUES (3570);
insert into Candidacy (wkid, idno, supportedby) VALUES (594, 3570, 33);
insert into Citizen (idno, title, firstname, lastname, dateofbirth, gender) VALUES (3571, '', 'Wilfried', 'Adamy', '1.1.1963.', 'n');
insert into CandidatesData (idno) VALUES (3571);
insert into Candidacy (wkid, idno, supportedby) VALUES (238, 3571, 7);
insert into Citizen (idno, title, firstname, lastname, dateofbirth, gender) VALUES (3572, '', 'Eckhard', 'Aden', '1.1.1967.', 'n');
insert into CandidatesData (idno) VALUES (3572);
insert into Candidacy (wkid, idno, supportedby) VALUES (100, 3572, 1);
insert into Citizen (idno, title, firstname, lastname, dateofbirth, gender) VALUES (3573, '', 'Annelies Brigitte', 'Adler', '1.1.1952.', 'n');
insert into CandidatesData (idno) VALUES (3573);
insert into LandesListe (llid, year, pid, fsid) VALUES (211, 2013, 1, 6);
insert into Landeslistenplatz (llid, idno, position) VALUES (211, 3573, 6);
insert into Citizen (idno, title, firstname, lastname, dateofbirth, gender) VALUES (3574, '', 'Günter-Hans', 'Adler', '1.1.1940.', 'n');
insert into CandidatesData (idno) VALUES (3574);
insert into Candidacy (wkid, idno, supportedby) VALUES (6, 3574, 1);
insert into Citizen (idno, title, firstname, lastname, dateofbirth, gender) VALUES (3575, '', 'Otto Peter', 'Adler', '1.1.1941.', 'n');
insert into CandidatesData (idno) VALUES (3575);
insert into Candidacy (wkid, idno, supportedby) VALUES (38, 3575, 1);
insert into LandesListe (llid, year, pid, fsid) VALUES (212, 2013, 1, 8);
insert into Landeslistenplatz (llid, idno, position) VALUES (212, 3575, 3);
insert into Citizen (idno, title, firstname, lastname, dateofbirth, gender) VALUES (3576, '', 'Michael Harald', 'Adomeit', '1.1.1957.', 'n');
insert into CandidatesData (idno) VALUES (3576);
insert into Candidacy (wkid, idno, supportedby) VALUES (30, 3576, NULL);
insert into Citizen (idno, title, firstname, lastname, dateofbirth, gender) VALUES (3577, '', 'Michael', 'Aggelidis', '1.1.1962.', 'n');
insert into CandidatesData (idno) VALUES (3577);
insert into Candidacy (wkid, idno, supportedby) VALUES (180, 3577, 3);
insert into Citizen (idno, title, firstname, lastname, dateofbirth, gender) VALUES (3578, '', 'Brigitte Inge', 'Ahlgrim', '1.1.1952.', 'n');
insert into CandidatesData (idno) VALUES (3578);
insert into Candidacy (wkid, idno, supportedby) VALUES (24, 3578, NULL);
insert into Citizen (idno, title, firstname, lastname, dateofbirth, gender) VALUES (3579, '', 'Tanja Melanie Carolin', 'Ahmed', '1.1.1971.', 'n');
insert into CandidatesData (idno) VALUES (3579);
insert into Landeslistenplatz (llid, idno, position) VALUES (204, 3579, 22);
insert into Citizen (idno, title, firstname, lastname, dateofbirth, gender) VALUES (3580, '', 'Roland', 'Aicher', '1.1.1965.', 'n');
insert into CandidatesData (idno) VALUES (3580);
insert into LandesListe (llid, year, pid, fsid) VALUES (213, 2013, 19, 4);
insert into Landeslistenplatz (llid, idno, position) VALUES (213, 3580, 43);
insert into Citizen (idno, title, firstname, lastname, dateofbirth, gender) VALUES (3581, '', 'Hamide', 'Akbayir', '1.1.1959.', 'n');
insert into CandidatesData (idno) VALUES (3581);
insert into Candidacy (wkid, idno, supportedby) VALUES (202, 3581, 3);
insert into Citizen (idno, title, firstname, lastname, dateofbirth, gender) VALUES (3582, '', 'Jan Paul', 'Aken van', '1.1.1961.', 'n');
insert into CandidatesData (idno) VALUES (3582);
insert into Candidacy (wkid, idno, supportedby) VALUES (38, 3582, 3);
insert into LandesListe (llid, year, pid, fsid) VALUES (214, 2013, 3, 8);
insert into Landeslistenplatz (llid, idno, position) VALUES (214, 3582, 1);
insert into Citizen (idno, title, firstname, lastname, dateofbirth, gender) VALUES (3583, '', 'Mustafa', 'Akpolat', '1.1.1964.', 'n');
insert into CandidatesData (idno) VALUES (3583);
insert into LandesListe (llid, year, pid, fsid) VALUES (215, 2013, 7, 8);
insert into Landeslistenplatz (llid, idno, position) VALUES (215, 3583, 7);
insert into Citizen (idno, title, firstname, lastname, dateofbirth, gender) VALUES (3584, '', 'Ali Abass Yahya', 'Al-Dailami', '1.1.1981.', 'n');
insert into CandidatesData (idno) VALUES (3584);
insert into Candidacy (wkid, idno, supportedby) VALUES (346, 3584, 3);
insert into LandesListe (llid, year, pid, fsid) VALUES (216, 2013, 3, 7);
insert into Landeslistenplatz (llid, idno, position) VALUES (216, 3584, 6);
insert into Citizen (idno, title, firstname, lastname, dateofbirth, gender) VALUES (3585, '', 'Stefan', 'Albanesi', '1.1.1972.', 'n');
insert into CandidatesData (idno) VALUES (3585);
insert into Candidacy (wkid, idno, supportedby) VALUES (512, 3585, 3);
insert into Citizen (idno, title, firstname, lastname, dateofbirth, gender) VALUES (3586, '', 'Stephan', 'Albani', '1.1.1968.', 'n');
insert into CandidatesData (idno) VALUES (3586);
insert into Candidacy (wkid, idno, supportedby) VALUES (54, 3586, 12);
insert into LandesListe (llid, year, pid, fsid) VALUES (217, 2013, 12, 3);
insert into Landeslistenplatz (llid, idno, position) VALUES (217, 3586, 5);
insert into Citizen (idno, title, firstname, lastname, dateofbirth, gender) VALUES (3587, '', 'Gerald Hermann', 'Albe', '1.1.1976.', 'n');
insert into CandidatesData (idno) VALUES (3587);
insert into Candidacy (wkid, idno, supportedby) VALUES (388, 3587, 7);
insert into LandesListe (llid, year, pid, fsid) VALUES (218, 2013, 7, 9);
insert into Landeslistenplatz (llid, idno, position) VALUES (218, 3587, 4);
insert into Citizen (idno, title, firstname, lastname, dateofbirth, gender) VALUES (3588, '', 'Frank', 'Albrecht', '1.1.1972.', 'n');
insert into CandidatesData (idno) VALUES (3588);
insert into LandesListe (llid, year, pid, fsid) VALUES (219, 2013, 35, 5);
insert into Landeslistenplatz (llid, idno, position) VALUES (219, 3588, 4);
insert into Citizen (idno, title, firstname, lastname, dateofbirth, gender) VALUES (3589, '', 'Frank', 'Albrecht', '1.1.1967.', 'n');
insert into CandidatesData (idno) VALUES (3589);
insert into Candidacy (wkid, idno, supportedby) VALUES (232, 3589, 4);
insert into Citizen (idno, title, firstname, lastname, dateofbirth, gender) VALUES (3590, '', 'Karolina', 'Albrecht', '1.1.1982.', 'n');
insert into CandidatesData (idno) VALUES (3590);
insert into Landeslistenplatz (llid, idno, position) VALUES (204, 3590, 12);
insert into Citizen (idno, title, firstname, lastname, dateofbirth, gender) VALUES (3591, '', 'Peter', 'Albrecht', '1.1.1938.', 'n');
insert into CandidatesData (idno) VALUES (3591);
insert into Landeslistenplatz (llid, idno, position) VALUES (219, 3591, 12);
insert into Citizen (idno, title, firstname, lastname, dateofbirth, gender) VALUES (3592, 'Prof. ', 'Erich Willy', 'Albrecht', '1.1.1950.', 'n');
insert into CandidatesData (idno) VALUES (3592);
insert into Landeslistenplatz (llid, idno, position) VALUES (209, 3592, 18);
insert into Citizen (idno, title, firstname, lastname, dateofbirth, gender) VALUES (3593, '', 'Katrin', 'Albsteiger', '1.1.1983.', 'n');
insert into CandidatesData (idno) VALUES (3593);
insert into LandesListe (llid, year, pid, fsid) VALUES (220, 2013, 9, 4);
insert into Landeslistenplatz (llid, idno, position) VALUES (220, 3593, 30);
insert into Citizen (idno, title, firstname, lastname, dateofbirth, gender) VALUES (3594, '', 'Christian', 'Alkemper', '1.1.1967.', 'n');
insert into CandidatesData (idno) VALUES (3594);
insert into Candidacy (wkid, idno, supportedby) VALUES (544, 3594, 7);
insert into LandesListe (llid, year, pid, fsid) VALUES (221, 2013, 7, 10);
insert into Landeslistenplatz (llid, idno, position) VALUES (221, 3594, 11);
insert into Citizen (idno, title, firstname, lastname, dateofbirth, gender) VALUES (3595, '', 'Moritz', 'Allwörden von', '1.1.1985.', 'n');
insert into CandidatesData (idno) VALUES (3595);
insert into Candidacy (wkid, idno, supportedby) VALUES (22, 3595, 7);
insert into Citizen (idno, title, firstname, lastname, dateofbirth, gender) VALUES (3596, '', 'Alexander', 'Almonacid Lessmann', '1.1.1967.', 'n');
insert into CandidatesData (idno) VALUES (3596);
insert into Candidacy (wkid, idno, supportedby) VALUES (452, 3596, 7);
insert into Citizen (idno, title, firstname, lastname, dateofbirth, gender) VALUES (3597, '', 'Agnes', 'Alpers', '1.1.1961.', 'n');
insert into CandidatesData (idno) VALUES (3597);
insert into LandesListe (llid, year, pid, fsid) VALUES (222, 2013, 3, 11);
insert into Landeslistenplatz (llid, idno, position) VALUES (222, 3597, 1);
insert into Citizen (idno, title, firstname, lastname, dateofbirth, gender) VALUES (3598, '', 'Hülya', 'Alptekin', '1.1.1987.', 'n');
insert into CandidatesData (idno) VALUES (3598);
insert into LandesListe (llid, year, pid, fsid) VALUES (223, 2013, 34, 10);
insert into Landeslistenplatz (llid, idno, position) VALUES (223, 3598, 5);
insert into Citizen (idno, title, firstname, lastname, dateofbirth, gender) VALUES (3599, 'Dr. ', 'Bernhard', 'Alscher', '1.1.1957.', 'n');
insert into CandidatesData (idno) VALUES (3599);
insert into Candidacy (wkid, idno, supportedby) VALUES (404, 3599, 32);
insert into Landeslistenplatz (llid, idno, position) VALUES (202, 3599, 4);
insert into Citizen (idno, title, firstname, lastname, dateofbirth, gender) VALUES (3600, '', 'Renata', 'Alt', '1.1.1965.', 'n');
insert into CandidatesData (idno) VALUES (3600);
insert into Candidacy (wkid, idno, supportedby) VALUES (524, 3600, 4);
insert into LandesListe (llid, year, pid, fsid) VALUES (224, 2013, 4, 10);
insert into Landeslistenplatz (llid, idno, position) VALUES (224, 3600, 19);
insert into Citizen (idno, title, firstname, lastname, dateofbirth, gender) VALUES (3601, '', 'Karl-Friedrich', 'Altenkirch', '1.1.1940.', 'n');
insert into CandidatesData (idno) VALUES (3601);
insert into LandesListe (llid, year, pid, fsid) VALUES (225, 2013, 4, 12);
insert into Landeslistenplatz (llid, idno, position) VALUES (225, 3601, 8);
insert into Citizen (idno, title, firstname, lastname, dateofbirth, gender) VALUES (3602, '', 'Anne', 'Alter', '1.1.1966.', 'n');
insert into CandidatesData (idno) VALUES (3602);
insert into Candidacy (wkid, idno, supportedby) VALUES (40, 3602, 7);
insert into Landeslistenplatz (llid, idno, position) VALUES (215, 3602, 2);
insert into Citizen (idno, title, firstname, lastname, dateofbirth, gender) VALUES (3603, '', 'Peter', 'Altmaier', '1.1.1958.', 'n');
insert into CandidatesData (idno) VALUES (3603);
insert into Candidacy (wkid, idno, supportedby) VALUES (594, 3603, 12);
insert into LandesListe (llid, year, pid, fsid) VALUES (226, 2013, 12, 12);
insert into Landeslistenplatz (llid, idno, position) VALUES (226, 3603, 1);
insert into Citizen (idno, title, firstname, lastname, dateofbirth, gender) VALUES (3604, '', 'Andreas', 'Altmann', '1.1.1981.', 'n');
insert into CandidatesData (idno) VALUES (3604);
insert into Candidacy (wkid, idno, supportedby) VALUES (426, 3604, 32);
insert into Landeslistenplatz (llid, idno, position) VALUES (206, 3604, 35);
insert into Citizen (idno, title, firstname, lastname, dateofbirth, gender) VALUES (3605, '', 'Gregor', 'Amann', '1.1.1962.', 'n');
insert into CandidatesData (idno) VALUES (3605);
insert into Candidacy (wkid, idno, supportedby) VALUES (364, 3605, 2);
insert into LandesListe (llid, year, pid, fsid) VALUES (227, 2013, 2, 7);
insert into Landeslistenplatz (llid, idno, position) VALUES (227, 3605, 29);
insert into Citizen (idno, title, firstname, lastname, dateofbirth, gender) VALUES (3606, '', 'Harold', 'Amann', '1.1.1967.', 'n');
insert into CandidatesData (idno) VALUES (3606);
insert into Candidacy (wkid, idno, supportedby) VALUES (428, 3606, 15);
insert into LandesListe (llid, year, pid, fsid) VALUES (228, 2013, 15, 4);
insert into Landeslistenplatz (llid, idno, position) VALUES (228, 3606, 15);
insert into Citizen (idno, title, firstname, lastname, dateofbirth, gender) VALUES (3607, '', 'Norbert', 'Amberger', '1.1.1953.', 'n');
insert into CandidatesData (idno) VALUES (3607);
insert into LandesListe (llid, year, pid, fsid) VALUES (229, 2013, 36, 2);
insert into Landeslistenplatz (llid, idno, position) VALUES (229, 3607, 20);
insert into Citizen (idno, title, firstname, lastname, dateofbirth, gender) VALUES (3608, '', 'Rita Helene', 'Amberger', '1.1.1955.', 'n');
insert into CandidatesData (idno) VALUES (3608);
insert into LandesListe (llid, year, pid, fsid) VALUES (230, 2013, 35, 4);
insert into Landeslistenplatz (llid, idno, position) VALUES (230, 3608, 7);
insert into Citizen (idno, title, firstname, lastname, dateofbirth, gender) VALUES (3609, '', 'Gerhard', 'Ambrosius', '1.1.1940.', 'n');
insert into CandidatesData (idno) VALUES (3609);
insert into LandesListe (llid, year, pid, fsid) VALUES (231, 2013, 1, 12);
insert into Landeslistenplatz (llid, idno, position) VALUES (231, 3609, 5);
insert into Citizen (idno, title, firstname, lastname, dateofbirth, gender) VALUES (3610, '', 'Luise', 'Amtsberg', '1.1.1984.', 'n');
insert into CandidatesData (idno) VALUES (3610);
insert into Candidacy (wkid, idno, supportedby) VALUES (10, 3610, 5);
insert into LandesListe (llid, year, pid, fsid) VALUES (232, 2013, 5, 13);
insert into Landeslistenplatz (llid, idno, position) VALUES (232, 3610, 1);
insert into Citizen (idno, title, firstname, lastname, dateofbirth, gender) VALUES (3611, '', 'Tanja', 'Anaskewitz', '1.1.1977.', 'n');
insert into CandidatesData (idno) VALUES (3611);
insert into LandesListe (llid, year, pid, fsid) VALUES (233, 2013, 37, 14);
insert into Landeslistenplatz (llid, idno, position) VALUES (233, 3611, 3);
insert into Citizen (idno, title, firstname, lastname, dateofbirth, gender) VALUES (3612, '', 'Kerstin', 'Andreae', '1.1.1968.', 'n');
insert into CandidatesData (idno) VALUES (3612);
insert into Candidacy (wkid, idno, supportedby) VALUES (562, 3612, 5);
insert into LandesListe (llid, year, pid, fsid) VALUES (234, 2013, 5, 10);
insert into Landeslistenplatz (llid, idno, position) VALUES (234, 3612, 1);
insert into Citizen (idno, title, firstname, lastname, dateofbirth, gender) VALUES (3613, '', 'Michael', 'Andrejewski', '1.1.1959.', 'n');
insert into CandidatesData (idno) VALUES (3613);
insert into Candidacy (wkid, idno, supportedby) VALUES (30, 3613, 1);
insert into LandesListe (llid, year, pid, fsid) VALUES (235, 2013, 1, 15);
insert into Landeslistenplatz (llid, idno, position) VALUES (235, 3613, 2);
insert into Citizen (idno, title, firstname, lastname, dateofbirth, gender) VALUES (3614, '', 'Gabriele Irmgard', 'Andrian-Werburg Freifrau von', '1.1.1960.', 'n');
insert into CandidatesData (idno) VALUES (3614);
insert into Landeslistenplatz (llid, idno, position) VALUES (204, 3614, 26);
insert into Citizen (idno, title, firstname, lastname, dateofbirth, gender) VALUES (3615, '', 'Isabel Denise', 'Angermair', '1.1.1968.', 'n');
insert into CandidatesData (idno) VALUES (3615);
insert into Landeslistenplatz (llid, idno, position) VALUES (204, 3615, 5);
insert into Citizen (idno, title, firstname, lastname, dateofbirth, gender) VALUES (3616, '', 'Fritz-Klaus', 'Anhäuser', '1.1.1949.', 'n');
insert into CandidatesData (idno) VALUES (3616);
insert into LandesListe (llid, year, pid, fsid) VALUES (236, 2013, 33, 2);
insert into Landeslistenplatz (llid, idno, position) VALUES (236, 3616, 12);
insert into Citizen (idno, title, firstname, lastname, dateofbirth, gender) VALUES (3617, '', 'Niels', 'Annen', '1.1.1973.', 'n');
insert into CandidatesData (idno) VALUES (3617);
insert into Candidacy (wkid, idno, supportedby) VALUES (40, 3617, 2);
insert into LandesListe (llid, year, pid, fsid) VALUES (237, 2013, 2, 8);
insert into Landeslistenplatz (llid, idno, position) VALUES (237, 3617, 4);
insert into Citizen (idno, title, firstname, lastname, dateofbirth, gender) VALUES (3618, '', 'Maria', 'Anneser', '1.1.1984.', 'n');
insert into CandidatesData (idno) VALUES (3618);
insert into Candidacy (wkid, idno, supportedby) VALUES (458, 3618, 5);
insert into LandesListe (llid, year, pid, fsid) VALUES (238, 2013, 5, 4);
insert into Landeslistenplatz (llid, idno, position) VALUES (238, 3618, 21);
insert into Citizen (idno, title, firstname, lastname, dateofbirth, gender) VALUES (3619, '', 'Kornelia', 'Anspach-Papa', '1.1.1961.', 'n');
insert into CandidatesData (idno) VALUES (3619);
insert into Landeslistenplatz (llid, idno, position) VALUES (226, 3619, 9);
insert into Citizen (idno, title, firstname, lastname, dateofbirth, gender) VALUES (3620, '', 'Marcus', 'Anton', '1.1.1987.', 'n');
insert into CandidatesData (idno) VALUES (3620);
insert into LandesListe (llid, year, pid, fsid) VALUES (239, 2013, 35, 10);
insert into Landeslistenplatz (llid, idno, position) VALUES (239, 3620, 5);
insert into Citizen (idno, title, firstname, lastname, dateofbirth, gender) VALUES (3621, '', 'Marta', 'Aparicio de Eckelmann', '1.1.1952.', 'n');
insert into CandidatesData (idno) VALUES (3621);
insert into Candidacy (wkid, idno, supportedby) VALUES (518, 3621, 3);
insert into Citizen (idno, title, firstname, lastname, dateofbirth, gender) VALUES (3622, '', 'Rainer Karl-Heinz Hans-Helmut', 'Apel', '1.1.1948.', 'n');
insert into CandidatesData (idno) VALUES (3622);
insert into LandesListe (llid, year, pid, fsid) VALUES (240, 2013, 10, 7);
insert into Landeslistenplatz (llid, idno, position) VALUES (240, 3622, 6);
insert into Citizen (idno, title, firstname, lastname, dateofbirth, gender) VALUES (3623, '', 'Holger', 'Apfel', '1.1.1970.', 'n');
insert into CandidatesData (idno) VALUES (3623);
insert into LandesListe (llid, year, pid, fsid) VALUES (241, 2013, 1, 16);
insert into Landeslistenplatz (llid, idno, position) VALUES (241, 3623, 1);
insert into Citizen (idno, title, firstname, lastname, dateofbirth, gender) VALUES (3624, '', 'Detlef', 'Appel', '1.1.1955.', 'n');
insert into CandidatesData (idno) VALUES (3624);
insert into Candidacy (wkid, idno, supportedby) VALUES (116, 3624, 1);
insert into Citizen (idno, title, firstname, lastname, dateofbirth, gender) VALUES (3625, '', 'Jasmin', 'Arbabian-Vogel', '1.1.1968.', 'n');
insert into CandidatesData (idno) VALUES (3625);
insert into LandesListe (llid, year, pid, fsid) VALUES (242, 2013, 2, 3);
insert into Landeslistenplatz (llid, idno, position) VALUES (242, 3625, 32);
insert into Citizen (idno, title, firstname, lastname, dateofbirth, gender) VALUES (3626, '', 'Dirk Reinhard', 'Arendt', '1.1.1976.', 'n');
insert into CandidatesData (idno) VALUES (3626);
insert into Landeslistenplatz (llid, idno, position) VALUES (235, 3626, 7);
insert into Citizen (idno, title, firstname, lastname, dateofbirth, gender) VALUES (3627, '', 'Marianne', 'Arens', '1.1.1952.', 'n');
insert into CandidatesData (idno) VALUES (3627);
insert into LandesListe (llid, year, pid, fsid) VALUES (243, 2013, 26, 7);
insert into Landeslistenplatz (llid, idno, position) VALUES (243, 3627, 1);
insert into Citizen (idno, title, firstname, lastname, dateofbirth, gender) VALUES (3628, '', 'Gerd', 'Armbruster', '1.1.1963.', 'n');
insert into CandidatesData (idno) VALUES (3628);
insert into LandesListe (llid, year, pid, fsid) VALUES (244, 2013, 2, 2);
insert into Landeslistenplatz (llid, idno, position) VALUES (244, 3628, 17);
insert into Citizen (idno, title, firstname, lastname, dateofbirth, gender) VALUES (3629, '', 'Dörthe', 'Armstroff', '1.1.1958.', 'n');
insert into CandidatesData (idno) VALUES (3629);
insert into Candidacy (wkid, idno, supportedby) VALUES (418, 3629, 1);
insert into Citizen (idno, title, firstname, lastname, dateofbirth, gender) VALUES (3630, '', 'Klaus', 'Armstroff', '1.1.1957.', 'n');
insert into CandidatesData (idno) VALUES (3630);
insert into Candidacy (wkid, idno, supportedby) VALUES (424, 3630, 1);
insert into Citizen (idno, title, firstname, lastname, dateofbirth, gender) VALUES (3631, '', 'Hans', 'Arndt', '1.1.1957.', 'n');
insert into CandidatesData (idno) VALUES (3631);
insert into Candidacy (wkid, idno, supportedby) VALUES (416, 3631, 32);
insert into Landeslistenplatz (llid, idno, position) VALUES (202, 3631, 8);
insert into Citizen (idno, title, firstname, lastname, dateofbirth, gender) VALUES (3632, '', 'Volker Andreas', 'Arndt', '1.1.1977.', 'n');
insert into CandidatesData (idno) VALUES (3632);
insert into LandesListe (llid, year, pid, fsid) VALUES (245, 2013, 7, 4);
insert into Landeslistenplatz (llid, idno, position) VALUES (245, 3632, 20);
insert into Citizen (idno, title, firstname, lastname, dateofbirth, gender) VALUES (3633, '', 'Ingrid', 'Arndt-Brauer', '1.1.1961.', 'n');
insert into CandidatesData (idno) VALUES (3633);
insert into Candidacy (wkid, idno, supportedby) VALUES (248, 3633, 2);
insert into LandesListe (llid, year, pid, fsid) VALUES (246, 2013, 2, 5);
insert into Landeslistenplatz (llid, idno, position) VALUES (246, 3633, 6);
insert into Citizen (idno, title, firstname, lastname, dateofbirth, gender) VALUES (3634, '', 'Bendrick', 'Arnold', '1.1.1946.', 'n');
insert into CandidatesData (idno) VALUES (3634);
insert into LandesListe (llid, year, pid, fsid) VALUES (247, 2013, 13, 4);
insert into Landeslistenplatz (llid, idno, position) VALUES (247, 3634, 12);
insert into Citizen (idno, title, firstname, lastname, dateofbirth, gender) VALUES (3635, '', 'Friedrich Robert', 'Arnold', '1.1.1976.', 'n');
insert into CandidatesData (idno) VALUES (3635);
insert into LandesListe (llid, year, pid, fsid) VALUES (248, 2013, 7, 5);
insert into Landeslistenplatz (llid, idno, position) VALUES (248, 3635, 21);
insert into Citizen (idno, title, firstname, lastname, dateofbirth, gender) VALUES (3636, '', 'Rainer', 'Arnold', '1.1.1950.', 'n');
insert into CandidatesData (idno) VALUES (3636);
insert into Candidacy (wkid, idno, supportedby) VALUES (524, 3636, 2);
insert into LandesListe (llid, year, pid, fsid) VALUES (249, 2013, 2, 10);
insert into Landeslistenplatz (llid, idno, position) VALUES (249, 3636, 5);
insert into Citizen (idno, title, firstname, lastname, dateofbirth, gender) VALUES (3637, '', 'Sascha', 'Arnold', '1.1.1977.', 'n');
insert into CandidatesData (idno) VALUES (3637);
insert into Candidacy (wkid, idno, supportedby) VALUES (372, 3637, 1);
insert into Citizen (idno, title, firstname, lastname, dateofbirth, gender) VALUES (3638, '', 'Kersten Angela', 'Artus', '1.1.1964.', 'n');
insert into CandidatesData (idno) VALUES (3638);
insert into Candidacy (wkid, idno, supportedby) VALUES (40, 3638, 3);
insert into Landeslistenplatz (llid, idno, position) VALUES (214, 3638, 5);
insert into Citizen (idno, title, firstname, lastname, dateofbirth, gender) VALUES (3639, '', 'Pascal', 'Arweiler', '1.1.1992.', 'n');
insert into CandidatesData (idno) VALUES (3639);
insert into LandesListe (llid, year, pid, fsid) VALUES (250, 2013, 2, 12);
insert into Landeslistenplatz (llid, idno, position) VALUES (250, 3639, 6);
insert into Citizen (idno, title, firstname, lastname, dateofbirth, gender) VALUES (3640, '', 'Christine', 'Aschenberg-Dugnus', '1.1.1959.', 'n');
insert into CandidatesData (idno) VALUES (3640);
insert into Candidacy (wkid, idno, supportedby) VALUES (8, 3640, 4);
insert into LandesListe (llid, year, pid, fsid) VALUES (251, 2013, 4, 13);
insert into Landeslistenplatz (llid, idno, position) VALUES (251, 3640, 5);
insert into Citizen (idno, title, firstname, lastname, dateofbirth, gender) VALUES (3641, '', 'Spiridon', 'Aslanidis', '1.1.1969.', 'n');
insert into CandidatesData (idno) VALUES (3641);
insert into Candidacy (wkid, idno, supportedby) VALUES (22, 3641, 5);
insert into Landeslistenplatz (llid, idno, position) VALUES (232, 3641, 8);
insert into Citizen (idno, title, firstname, lastname, dateofbirth, gender) VALUES (3642, '', 'Marcus-Alexander', 'Assmann', '1.1.1984.', 'n');
insert into CandidatesData (idno) VALUES (3642);
insert into Candidacy (wkid, idno, supportedby) VALUES (342, 3642, 31);
insert into LandesListe (llid, year, pid, fsid) VALUES (252, 2013, 31, 7);
insert into Landeslistenplatz (llid, idno, position) VALUES (252, 3642, 16);
insert into Citizen (idno, title, firstname, lastname, dateofbirth, gender) VALUES (3643, '', 'Bodo Dirk', 'Aßmuth', '1.1.1964.', 'n');
insert into CandidatesData (idno) VALUES (3643);
insert into Candidacy (wkid, idno, supportedby) VALUES (216, 3643, 33);
insert into LandesListe (llid, year, pid, fsid) VALUES (253, 2013, 33, 5);
insert into Landeslistenplatz (llid, idno, position) VALUES (253, 3643, 21);
insert into Citizen (idno, title, firstname, lastname, dateofbirth, gender) VALUES (3644, '', 'Ali', 'Atalan', '1.1.1968.', 'n');
insert into CandidatesData (idno) VALUES (3644);
insert into Candidacy (wkid, idno, supportedby) VALUES (254, 3644, 3);
insert into Citizen (idno, title, firstname, lastname, dateofbirth, gender) VALUES (3645, '', 'Artur Friedrich', 'Auernhammer', '1.1.1963.', 'n');
insert into CandidatesData (idno) VALUES (3645);
insert into Landeslistenplatz (llid, idno, position) VALUES (220, 3645, 34);
insert into Citizen (idno, title, firstname, lastname, dateofbirth, gender) VALUES (3646, '', 'Claas', 'Augner', '1.1.1990.', 'n');
insert into CandidatesData (idno) VALUES (3646);
insert into Landeslistenplatz (llid, idno, position) VALUES (201, 3646, 10);
insert into Citizen (idno, title, firstname, lastname, dateofbirth, gender) VALUES (3647, '', 'Marius', 'Augustin', '1.1.1981.', 'n');
insert into CandidatesData (idno) VALUES (3647);
insert into Candidacy (wkid, idno, supportedby) VALUES (428, 3647, 38);
insert into Citizen (idno, title, firstname, lastname, dateofbirth, gender) VALUES (3648, '', 'Klaus', 'Augustinowski', '1.1.1937.', 'n');
insert into CandidatesData (idno) VALUES (3648);
insert into LandesListe (llid, year, pid, fsid) VALUES (254, 2013, 39, 5);
insert into Landeslistenplatz (llid, idno, position) VALUES (254, 3648, 3);
insert into Citizen (idno, title, firstname, lastname, dateofbirth, gender) VALUES (3649, '', 'Reiner', 'Aulenbacher', '1.1.1957.', 'n');
insert into CandidatesData (idno) VALUES (3649);
insert into LandesListe (llid, year, pid, fsid) VALUES (255, 2013, 13, 12);
insert into Landeslistenplatz (llid, idno, position) VALUES (255, 3649, 4);
insert into Citizen (idno, title, firstname, lastname, dateofbirth, gender) VALUES (3650, '', 'Tom Thomas Hans Michael', 'Aurnhammer', '1.1.1966.', 'n');
insert into CandidatesData (idno) VALUES (3650);
insert into Candidacy (wkid, idno, supportedby) VALUES (492, 3650, 5);
insert into Landeslistenplatz (llid, idno, position) VALUES (238, 3650, 30);
insert into Citizen (idno, title, firstname, lastname, dateofbirth, gender) VALUES (3651, '', 'Maik', 'Außendorf', '1.1.1971.', 'n');
insert into CandidatesData (idno) VALUES (3651);
insert into Candidacy (wkid, idno, supportedby) VALUES (200, 3651, 5);
insert into LandesListe (llid, year, pid, fsid) VALUES (256, 2013, 5, 5);
insert into Landeslistenplatz (llid, idno, position) VALUES (256, 3651, 36);
insert into Citizen (idno, title, firstname, lastname, dateofbirth, gender) VALUES (3652, '', 'Jonas', 'Aust', '1.1.1990.', 'n');
insert into CandidatesData (idno) VALUES (3652);
insert into Candidacy (wkid, idno, supportedby) VALUES (262, 3652, 7);
insert into Citizen (idno, title, firstname, lastname, dateofbirth, gender) VALUES (3653, '', 'Werner', 'Aye', '1.1.1950.', 'n');
insert into CandidatesData (idno) VALUES (3653);
insert into LandesListe (llid, year, pid, fsid) VALUES (257, 2013, 36, 5);
insert into Landeslistenplatz (llid, idno, position) VALUES (257, 3653, 10);
insert into Citizen (idno, title, firstname, lastname, dateofbirth, gender) VALUES (3654, '', 'Berivan', 'Aymaz', '1.1.1972.', 'n');
insert into CandidatesData (idno) VALUES (3654);
insert into Candidacy (wkid, idno, supportedby) VALUES (186, 3654, 5);
insert into Citizen (idno, title, firstname, lastname, dateofbirth, gender) VALUES (3655, '', 'Johannes', 'Baare', '1.1.1978.', 'n');
insert into CandidatesData (idno) VALUES (3655);
insert into Landeslistenplatz (llid, idno, position) VALUES (209, 3655, 15);
insert into Citizen (idno, title, firstname, lastname, dateofbirth, gender) VALUES (3656, '', 'Mehmet', 'Babatankuz', '1.1.1960.', 'n');
insert into CandidatesData (idno) VALUES (3656);
insert into Candidacy (wkid, idno, supportedby) VALUES (180, 3656, NULL);
insert into Citizen (idno, title, firstname, lastname, dateofbirth, gender) VALUES (3657, '', 'Nadja', 'Baberowski', '1.1.1987.', 'n');
insert into CandidatesData (idno) VALUES (3657);
insert into LandesListe (llid, year, pid, fsid) VALUES (258, 2013, 7, 16);
insert into Landeslistenplatz (llid, idno, position) VALUES (258, 3657, 5);
insert into Citizen (idno, title, firstname, lastname, dateofbirth, gender) VALUES (3658, '', 'Safet', 'Babic', '1.1.1981.', 'n');
insert into CandidatesData (idno) VALUES (3658);
insert into Candidacy (wkid, idno, supportedby) VALUES (408, 3658, 1);
insert into LandesListe (llid, year, pid, fsid) VALUES (259, 2013, 1, 2);
insert into Landeslistenplatz (llid, idno, position) VALUES (259, 3658, 3);
insert into Citizen (idno, title, firstname, lastname, dateofbirth, gender) VALUES (3659, '', 'Raphael', 'Bablick', '1.1.1978.', 'n');
insert into CandidatesData (idno) VALUES (3659);
insert into Candidacy (wkid, idno, supportedby) VALUES (428, 3659, 32);
insert into Landeslistenplatz (llid, idno, position) VALUES (206, 3659, 24);
insert into Citizen (idno, title, firstname, lastname, dateofbirth, gender) VALUES (3660, '', 'Bela', 'Bach', '1.1.1990.', 'n');
insert into CandidatesData (idno) VALUES (3660);
insert into Candidacy (wkid, idno, supportedby) VALUES (444, 3660, 2);
insert into LandesListe (llid, year, pid, fsid) VALUES (260, 2013, 2, 4);
insert into Landeslistenplatz (llid, idno, position) VALUES (260, 3660, 32);
insert into Citizen (idno, title, firstname, lastname, dateofbirth, gender) VALUES (3661, '', 'Sebastian Freimund', 'Bach', '1.1.1982.', 'n');
insert into CandidatesData (idno) VALUES (3661);
insert into LandesListe (llid, year, pid, fsid) VALUES (261, 2013, 3, 9);
insert into Landeslistenplatz (llid, idno, position) VALUES (261, 3661, 9);
insert into Citizen (idno, title, firstname, lastname, dateofbirth, gender) VALUES (3662, '', 'Brigitte', 'Bachmann', '1.1.1956.', 'n');
insert into CandidatesData (idno) VALUES (3662);
insert into Candidacy (wkid, idno, supportedby) VALUES (464, 3662, 2);
insert into Landeslistenplatz (llid, idno, position) VALUES (260, 3662, 34);
insert into Citizen (idno, title, firstname, lastname, dateofbirth, gender) VALUES (3663, '', 'Veronika', 'Backes', '1.1.1956.', 'n');
insert into CandidatesData (idno) VALUES (3663);
insert into LandesListe (llid, year, pid, fsid) VALUES (262, 2013, 12, 7);
insert into Landeslistenplatz (llid, idno, position) VALUES (262, 3663, 46);
insert into Citizen (idno, title, firstname, lastname, dateofbirth, gender) VALUES (3664, '', 'Hartmut', 'Bade', '1.1.1961.', 'n');
insert into CandidatesData (idno) VALUES (3664);
insert into Candidacy (wkid, idno, supportedby) VALUES (150, 3664, 4);
insert into LandesListe (llid, year, pid, fsid) VALUES (263, 2013, 4, 1);
insert into Landeslistenplatz (llid, idno, position) VALUES (263, 3664, 8);
insert into Citizen (idno, title, firstname, lastname, dateofbirth, gender) VALUES (3665, '', 'Jürgen Albert Richard', 'Bader', '1.1.1960.', 'n');
insert into CandidatesData (idno) VALUES (3665);
insert into Candidacy (wkid, idno, supportedby) VALUES (38, 3665, 13);
insert into LandesListe (llid, year, pid, fsid) VALUES (264, 2013, 13, 8);
insert into Landeslistenplatz (llid, idno, position) VALUES (264, 3665, 2);
insert into Citizen (idno, title, firstname, lastname, dateofbirth, gender) VALUES (3666, '', 'Nils', 'Bader', '1.1.1980.', 'n');
insert into CandidatesData (idno) VALUES (3666);
insert into Landeslistenplatz (llid, idno, position) VALUES (242, 3666, 53);
insert into Citizen (idno, title, firstname, lastname, dateofbirth, gender) VALUES (3667, '', 'Lisa', 'Badum', '1.1.1983.', 'n');
insert into CandidatesData (idno) VALUES (3667);
insert into Landeslistenplatz (llid, idno, position) VALUES (238, 3667, 13);
insert into Citizen (idno, title, firstname, lastname, dateofbirth, gender) VALUES (3668, '', 'Christel', 'Bächle-Blum', '1.1.1959.', 'n');
insert into CandidatesData (idno) VALUES (3668);
insert into Candidacy (wkid, idno, supportedby) VALUES (572, 3668, 32);
insert into LandesListe (llid, year, pid, fsid) VALUES (265, 2013, 32, 10);
insert into Landeslistenplatz (llid, idno, position) VALUES (265, 3668, 2);
insert into Citizen (idno, title, firstname, lastname, dateofbirth, gender) VALUES (3669, 'Dr. ', 'Jürgen', 'Bähr', '1.1.1948.', 'n');
insert into CandidatesData (idno) VALUES (3669);
insert into LandesListe (llid, year, pid, fsid) VALUES (266, 2013, 32, 14);
insert into Landeslistenplatz (llid, idno, position) VALUES (266, 3669, 5);
insert into Citizen (idno, title, firstname, lastname, dateofbirth, gender) VALUES (3670, '', 'Bettina', 'Bähr-Losse', '1.1.1967.', 'n');
insert into CandidatesData (idno) VALUES (3670);
insert into Candidacy (wkid, idno, supportedby) VALUES (196, 3670, 2);
insert into Landeslistenplatz (llid, idno, position) VALUES (246, 3670, 36);
insert into Citizen (idno, title, firstname, lastname, dateofbirth, gender) VALUES (3671, '', 'Heike', 'Baehrens', '1.1.1955.', 'n');
insert into CandidatesData (idno) VALUES (3671);
insert into Candidacy (wkid, idno, supportedby) VALUES (526, 3671, 2);
insert into Landeslistenplatz (llid, idno, position) VALUES (249, 3671, 16);
insert into Citizen (idno, title, firstname, lastname, dateofbirth, gender) VALUES (3672, '', 'Dorothee', 'Bär', '1.1.1978.', 'n');
insert into CandidatesData (idno) VALUES (3672);
insert into Candidacy (wkid, idno, supportedby) VALUES (496, 3672, 9);
insert into Landeslistenplatz (llid, idno, position) VALUES (220, 3672, 6);
insert into Citizen (idno, title, firstname, lastname, dateofbirth, gender) VALUES (3673, '', 'Karl', 'Bär', '1.1.1985.', 'n');
insert into CandidatesData (idno) VALUES (3673);
insert into Candidacy (wkid, idno, supportedby) VALUES (448, 3673, 5);
insert into Landeslistenplatz (llid, idno, position) VALUES (238, 3673, 14);
insert into Citizen (idno, title, firstname, lastname, dateofbirth, gender) VALUES (3674, '', 'Annalena Charlotte Alma', 'Baerbock', '1.1.1980.', 'n');
insert into CandidatesData (idno) VALUES (3674);
insert into Candidacy (wkid, idno, supportedby) VALUES (122, 3674, 5);
insert into LandesListe (llid, year, pid, fsid) VALUES (267, 2013, 5, 14);
insert into Landeslistenplatz (llid, idno, position) VALUES (267, 3674, 1);
insert into Citizen (idno, title, firstname, lastname, dateofbirth, gender) VALUES (3675, '', 'Andreas', 'Bärisch', '1.1.1981.', 'n');
insert into CandidatesData (idno) VALUES (3675);
insert into Candidacy (wkid, idno, supportedby) VALUES (310, 3675, 7);
insert into Citizen (idno, title, firstname, lastname, dateofbirth, gender) VALUES (3676, '', 'Carsten', 'Bätge', '1.1.1967.', 'n');
insert into CandidatesData (idno) VALUES (3676);
insert into LandesListe (llid, year, pid, fsid) VALUES (268, 2013, 7, 3);
insert into Landeslistenplatz (llid, idno, position) VALUES (268, 3676, 15);
insert into Citizen (idno, title, firstname, lastname, dateofbirth, gender) VALUES (3677, '', 'Heiner', 'Bäther', '1.1.1969.', 'n');
insert into CandidatesData (idno) VALUES (3677);
insert into LandesListe (llid, year, pid, fsid) VALUES (269, 2013, 3, 5);
insert into Landeslistenplatz (llid, idno, position) VALUES (269, 3677, 19);
insert into Citizen (idno, title, firstname, lastname, dateofbirth, gender) VALUES (3678, '', 'Sabine', 'Bätzing-Lichtenthäler', '1.1.1975.', 'n');
insert into CandidatesData (idno) VALUES (3678);
insert into Candidacy (wkid, idno, supportedby) VALUES (396, 3678, 2);
insert into Landeslistenplatz (llid, idno, position) VALUES (244, 3678, 3);
insert into Citizen (idno, title, firstname, lastname, dateofbirth, gender) VALUES (3679, '', 'Peter', 'Bäuerle', '1.1.1951.', 'n');
insert into CandidatesData (idno) VALUES (3679);
insert into Candidacy (wkid, idno, supportedby) VALUES (520, 3679, 13);
insert into LandesListe (llid, year, pid, fsid) VALUES (270, 2013, 13, 10);
insert into Landeslistenplatz (llid, idno, position) VALUES (270, 3679, 11);
insert into Citizen (idno, title, firstname, lastname, dateofbirth, gender) VALUES (3680, '', 'Uwe', 'Bäz-Dölle', '1.1.1966.', 'n');
insert into CandidatesData (idno) VALUES (3680);
insert into Candidacy (wkid, idno, supportedby) VALUES (392, 3680, 1);
insert into LandesListe (llid, year, pid, fsid) VALUES (271, 2013, 1, 9);
insert into Landeslistenplatz (llid, idno, position) VALUES (271, 3680, 6);
insert into Citizen (idno, title, firstname, lastname, dateofbirth, gender) VALUES (3681, '', 'Uwe', 'Bahmann', '1.1.1958.', 'n');
insert into CandidatesData (idno) VALUES (3681);
insert into Candidacy (wkid, idno, supportedby) VALUES (174, 3681, 33);
insert into Citizen (idno, title, firstname, lastname, dateofbirth, gender) VALUES (3682, '', 'Daniel', 'Bahr', '1.1.1976.', 'n');
insert into CandidatesData (idno) VALUES (3682);
insert into Candidacy (wkid, idno, supportedby) VALUES (258, 3682, 4);
insert into LandesListe (llid, year, pid, fsid) VALUES (272, 2013, 4, 5);
insert into Landeslistenplatz (llid, idno, position) VALUES (272, 3682, 2);
insert into Citizen (idno, title, firstname, lastname, dateofbirth, gender) VALUES (3683, '', 'Ulrike Renate Martina', 'Bahr', '1.1.1964.', 'n');
insert into CandidatesData (idno) VALUES (3683);
insert into Candidacy (wkid, idno, supportedby) VALUES (504, 3683, 2);
insert into Landeslistenplatz (llid, idno, position) VALUES (260, 3683, 16);
insert into Citizen (idno, title, firstname, lastname, dateofbirth, gender) VALUES (3684, '', 'Tatjana', 'Bahtiri', '1.1.1977.', 'n');
insert into CandidatesData (idno) VALUES (3684);
insert into LandesListe (llid, year, pid, fsid) VALUES (273, 2013, 19, 5);
insert into Landeslistenplatz (llid, idno, position) VALUES (273, 3684, 5);
insert into Citizen (idno, title, firstname, lastname, dateofbirth, gender) VALUES (3685, '', 'Björn-Christopher', 'Balbin', '1.1.1971.', 'n');
insert into CandidatesData (idno) VALUES (3685);
insert into Candidacy (wkid, idno, supportedby) VALUES (442, 3685, 1);
insert into Citizen (idno, title, firstname, lastname, dateofbirth, gender) VALUES (3686, '', 'Osman', 'Balci', '1.1.1963.', 'n');
insert into CandidatesData (idno) VALUES (3686);
insert into Landeslistenplatz (llid, idno, position) VALUES (223, 3686, 8);
insert into Citizen (idno, title, firstname, lastname, dateofbirth, gender) VALUES (3687, '', 'Angelika', 'Balck', '1.1.1972.', 'n');
insert into CandidatesData (idno) VALUES (3687);
insert into Landeslistenplatz (llid, idno, position) VALUES (210, 3687, 3);
insert into Citizen (idno, title, firstname, lastname, dateofbirth, gender) VALUES (3688, '', 'Dieter', 'Balck', '1.1.1941.', 'n');
insert into CandidatesData (idno) VALUES (3688);
insert into Landeslistenplatz (llid, idno, position) VALUES (210, 3688, 2);
insert into Citizen (idno, title, firstname, lastname, dateofbirth, gender) VALUES (3689, '', 'Franziska', 'Baldes', '1.1.1969.', 'n');
insert into CandidatesData (idno) VALUES (3689);
insert into Landeslistenplatz (llid, idno, position) VALUES (264, 3689, 3);
insert into Citizen (idno, title, firstname, lastname, dateofbirth, gender) VALUES (3690, '', 'Torsten', 'Balg', '1.1.1971.', 'n');
insert into CandidatesData (idno) VALUES (3690);
insert into Landeslistenplatz (llid, idno, position) VALUES (229, 3690, 24);
insert into Citizen (idno, title, firstname, lastname, dateofbirth, gender) VALUES (3691, 'Dr. ', 'Michael', 'Balke', '1.1.1954.', 'n');
insert into CandidatesData (idno) VALUES (3691);
insert into Landeslistenplatz (llid, idno, position) VALUES (253, 3691, 2);
insert into Citizen (idno, title, firstname, lastname, dateofbirth, gender) VALUES (3692, '', 'Michael', 'Balke', '1.1.1967.', 'n');
insert into CandidatesData (idno) VALUES (3692);
insert into Candidacy (wkid, idno, supportedby) VALUES (338, 3692, 7);
insert into Citizen (idno, title, firstname, lastname, dateofbirth, gender) VALUES (3693, '', 'Kay-Olaf', 'Ballerstädt', '1.1.1980.', 'n');
insert into CandidatesData (idno) VALUES (3693);
insert into Candidacy (wkid, idno, supportedby) VALUES (548, 3693, 32);
insert into Landeslistenplatz (llid, idno, position) VALUES (265, 3693, 25);
insert into Citizen (idno, title, firstname, lastname, dateofbirth, gender) VALUES (3694, '', 'Rüdiger Horst', 'Bambach', '1.1.1939.', 'n');
insert into CandidatesData (idno) VALUES (3694);
insert into LandesListe (llid, year, pid, fsid) VALUES (274, 2013, 4, 8);
insert into Landeslistenplatz (llid, idno, position) VALUES (274, 3694, 10);
insert into Citizen (idno, title, firstname, lastname, dateofbirth, gender) VALUES (3695, 'Dr. ', 'Sabine', 'Bank', '1.1.1954.', 'n');
insert into CandidatesData (idno) VALUES (3695);
insert into Candidacy (wkid, idno, supportedby) VALUES (24, 3695, 32);
insert into LandesListe (llid, year, pid, fsid) VALUES (275, 2013, 32, 15);
insert into Landeslistenplatz (llid, idno, position) VALUES (275, 3695, 7);
insert into Citizen (idno, title, firstname, lastname, dateofbirth, gender) VALUES (3696, '', 'Markus', 'Bannert', '1.1.1976.', 'n');
insert into CandidatesData (idno) VALUES (3696);
insert into Candidacy (wkid, idno, supportedby) VALUES (428, 3696, 3);
insert into Citizen (idno, title, firstname, lastname, dateofbirth, gender) VALUES (3697, '', 'Stefan', 'Bannert', '1.1.1966.', 'n');
insert into CandidatesData (idno) VALUES (3697);
insert into Candidacy (wkid, idno, supportedby) VALUES (496, 3697, 3);
insert into Citizen (idno, title, firstname, lastname, dateofbirth, gender) VALUES (3698, '', 'Bernd', 'Bante', '1.1.1964.', 'n');
insert into CandidatesData (idno) VALUES (3698);
insert into Candidacy (wkid, idno, supportedby) VALUES (506, 3698, 2);
insert into Landeslistenplatz (llid, idno, position) VALUES (260, 3698, 41);
insert into Citizen (idno, title, firstname, lastname, dateofbirth, gender) VALUES (3699, 'Dr. ', 'Helena', 'Barbas', '1.1.1978.', 'n');
insert into CandidatesData (idno) VALUES (3699);
insert into Candidacy (wkid, idno, supportedby) VALUES (166, 3699, 31);
insert into Landeslistenplatz (llid, idno, position) VALUES (201, 3699, 1);
insert into Citizen (idno, title, firstname, lastname, dateofbirth, gender) VALUES (3700, '', 'Ahmed', 'Barboucha', '1.1.1964.', 'n');
insert into CandidatesData (idno) VALUES (3700);
insert into Landeslistenplatz (llid, idno, position) VALUES (205, 3700, 11);
insert into Citizen (idno, title, firstname, lastname, dateofbirth, gender) VALUES (3701, '', 'Heinz-Joachim', 'Barchmann', '1.1.1950.', 'n');
insert into CandidatesData (idno) VALUES (3701);
insert into Candidacy (wkid, idno, supportedby) VALUES (102, 3701, 2);
insert into Landeslistenplatz (llid, idno, position) VALUES (242, 3701, 19);
insert into Citizen (idno, title, firstname, lastname, dateofbirth, gender) VALUES (3702, '', 'Dennis', 'Bard', '1.1.1983.', 'n');
insert into CandidatesData (idno) VALUES (3702);
insert into Candidacy (wkid, idno, supportedby) VALUES (596, 3702, 3);
insert into Citizen (idno, title, firstname, lastname, dateofbirth, gender) VALUES (3703, '', 'Thomas', 'Bareiß', '1.1.1975.', 'n');
insert into CandidatesData (idno) VALUES (3703);
insert into Candidacy (wkid, idno, supportedby) VALUES (590, 3703, 12);
insert into Citizen (idno, title, firstname, lastname, dateofbirth, gender) VALUES (3704, '', 'Markus', 'Barenhoff', '1.1.1980.', 'n');
insert into CandidatesData (idno) VALUES (3704);
insert into Landeslistenplatz (llid, idno, position) VALUES (248, 3704, 8);
insert into Citizen (idno, title, firstname, lastname, dateofbirth, gender) VALUES (3705, '', 'Michel', 'Barimis', '1.1.1987.', 'n');
insert into CandidatesData (idno) VALUES (3705);
insert into Landeslistenplatz (llid, idno, position) VALUES (247, 3705, 11);
insert into Citizen (idno, title, firstname, lastname, dateofbirth, gender) VALUES (3706, '', 'Constantin', 'Barkauskas', '1.1.1980.', 'n');
insert into CandidatesData (idno) VALUES (3706);
insert into Landeslistenplatz (llid, idno, position) VALUES (213, 3706, 46);
insert into Citizen (idno, title, firstname, lastname, dateofbirth, gender) VALUES (3707, 'Dr. ', 'Katarina', 'Barley', '1.1.1968.', 'n');
insert into CandidatesData (idno) VALUES (3707);
insert into Candidacy (wkid, idno, supportedby) VALUES (408, 3707, 2);
insert into Landeslistenplatz (llid, idno, position) VALUES (244, 3707, 7);
insert into Citizen (idno, title, firstname, lastname, dateofbirth, gender) VALUES (3708, '', 'Doris', 'Barnett', '1.1.1953.', 'n');
insert into CandidatesData (idno) VALUES (3708);
insert into Candidacy (wkid, idno, supportedby) VALUES (416, 3708, 2);
insert into Landeslistenplatz (llid, idno, position) VALUES (244, 3708, 5);
insert into Citizen (idno, title, firstname, lastname, dateofbirth, gender) VALUES (3709, 'Dr. ', 'Jens Uwe', 'Barschdorf', '1.1.1982.', 'n');
insert into CandidatesData (idno) VALUES (3709);
insert into Candidacy (wkid, idno, supportedby) VALUES (430, 3709, 4);
insert into LandesListe (llid, year, pid, fsid) VALUES (276, 2013, 4, 4);
insert into Landeslistenplatz (llid, idno, position) VALUES (276, 3709, 13);
insert into Citizen (idno, title, firstname, lastname, dateofbirth, gender) VALUES (3710, 'Dr. ', 'Hans-Peter', 'Bartels', '1.1.1961.', 'n');
insert into CandidatesData (idno) VALUES (3710);
insert into Candidacy (wkid, idno, supportedby) VALUES (10, 3710, 2);
insert into LandesListe (llid, year, pid, fsid) VALUES (277, 2013, 2, 13);
insert into Landeslistenplatz (llid, idno, position) VALUES (277, 3710, 7);
insert into Citizen (idno, title, firstname, lastname, dateofbirth, gender) VALUES (3711, '', 'Christian', 'Bartelt', '1.1.1976.', 'n');
insert into CandidatesData (idno) VALUES (3711);
insert into Candidacy (wkid, idno, supportedby) VALUES (32, 3711, 4);
insert into LandesListe (llid, year, pid, fsid) VALUES (278, 2013, 4, 15);
insert into Landeslistenplatz (llid, idno, position) VALUES (278, 3711, 4);
insert into Citizen (idno, title, firstname, lastname, dateofbirth, gender) VALUES (3712, '', 'Cornelia', 'Barth', '1.1.1958.', 'n');
insert into CandidatesData (idno) VALUES (3712);
insert into Landeslistenplatz (llid, idno, position) VALUES (222, 3712, 5);
insert into Citizen (idno, title, firstname, lastname, dateofbirth, gender) VALUES (3713, '', 'Volker', 'Barth', '1.1.1962.', 'n');
insert into CandidatesData (idno) VALUES (3713);
insert into LandesListe (llid, year, pid, fsid) VALUES (279, 2013, 12, 10);
insert into Landeslistenplatz (llid, idno, position) VALUES (279, 3713, 44);
insert into Citizen (idno, title, firstname, lastname, dateofbirth, gender) VALUES (3714, '', 'Klaus', 'Barthel', '1.1.1955.', 'n');
insert into CandidatesData (idno) VALUES (3714);
insert into Candidacy (wkid, idno, supportedby) VALUES (448, 3714, 2);
insert into Landeslistenplatz (llid, idno, position) VALUES (260, 3714, 5);
insert into Citizen (idno, title, firstname, lastname, dateofbirth, gender) VALUES (3715, '', 'Norbert', 'Barthle', '1.1.1952.', 'n');
insert into CandidatesData (idno) VALUES (3715);
insert into Candidacy (wkid, idno, supportedby) VALUES (538, 3715, 12);
insert into Citizen (idno, title, firstname, lastname, dateofbirth, gender) VALUES (3716, '', 'Anna', 'Bartholomé', '1.1.1949.', 'n');
insert into CandidatesData (idno) VALUES (3716);
insert into LandesListe (llid, year, pid, fsid) VALUES (280, 2013, 13, 2);
insert into Landeslistenplatz (llid, idno, position) VALUES (280, 3716, 3);
insert into Citizen (idno, title, firstname, lastname, dateofbirth, gender) VALUES (3717, 'Dr. ', 'Matthias', 'Bartke', '1.1.1959.', 'n');
insert into CandidatesData (idno) VALUES (3717);
insert into Candidacy (wkid, idno, supportedby) VALUES (38, 3717, 2);
insert into Citizen (idno, title, firstname, lastname, dateofbirth, gender) VALUES (3718, '', 'Franziska Andrea', 'Bartl', '1.1.1985.', 'n');
insert into CandidatesData (idno) VALUES (3718);
insert into Landeslistenplatz (llid, idno, position) VALUES (260, 3718, 45);
insert into Citizen (idno, title, firstname, lastname, dateofbirth, gender) VALUES (3719, '', 'Sören', 'Bartol', '1.1.1974.', 'n');
insert into CandidatesData (idno) VALUES (3719);
insert into Candidacy (wkid, idno, supportedby) VALUES (342, 3719, 2);
insert into Landeslistenplatz (llid, idno, position) VALUES (227, 3719, 7);
insert into Citizen (idno, title, firstname, lastname, dateofbirth, gender) VALUES (3720, 'Dr. ', 'Dietmar Gerhard', 'Bartsch', '1.1.1958.', 'n');
insert into CandidatesData (idno) VALUES (3720);
insert into Candidacy (wkid, idno, supportedby) VALUES (24, 3720, 3);
insert into LandesListe (llid, year, pid, fsid) VALUES (281, 2013, 3, 15);
insert into Landeslistenplatz (llid, idno, position) VALUES (281, 3720, 1);
insert into Citizen (idno, title, firstname, lastname, dateofbirth, gender) VALUES (3721, '', 'Martin', 'Bartsch', '1.1.1971.', 'n');
insert into CandidatesData (idno) VALUES (3721);
insert into Candidacy (wkid, idno, supportedby) VALUES (542, 3721, 7);
insert into Landeslistenplatz (llid, idno, position) VALUES (221, 3721, 13);
insert into Citizen (idno, title, firstname, lastname, dateofbirth, gender) VALUES (3722, '', 'Thomas', 'Bartsch', '1.1.1960.', 'n');
insert into CandidatesData (idno) VALUES (3722);
insert into Candidacy (wkid, idno, supportedby) VALUES (56, 3722, 3);
insert into Citizen (idno, title, firstname, lastname, dateofbirth, gender) VALUES (3723, '', 'Julia', 'Bartz', '1.1.1984.', 'n');
insert into CandidatesData (idno) VALUES (3723);
insert into Landeslistenplatz (llid, idno, position) VALUES (220, 3723, 39);
insert into Citizen (idno, title, firstname, lastname, dateofbirth, gender) VALUES (3724, '', 'Bernhard Heinrich', 'Barutta', '1.1.1961.', 'n');
insert into CandidatesData (idno) VALUES (3724);
insert into Landeslistenplatz (llid, idno, position) VALUES (209, 3724, 16);
insert into Citizen (idno, title, firstname, lastname, dateofbirth, gender) VALUES (3725, '', 'Monika', 'Barz', '1.1.1953.', 'n');
insert into CandidatesData (idno) VALUES (3725);
insert into Landeslistenplatz (llid, idno, position) VALUES (234, 3725, 37);
insert into Citizen (idno, title, firstname, lastname, dateofbirth, gender) VALUES (3726, '', 'Bärbel', 'Bas', '1.1.1968.', 'n');
insert into CandidatesData (idno) VALUES (3726);
insert into Candidacy (wkid, idno, supportedby) VALUES (230, 3726, 2);
insert into Landeslistenplatz (llid, idno, position) VALUES (246, 3726, 30);
insert into Citizen (idno, title, firstname, lastname, dateofbirth, gender) VALUES (3727, '', 'Aslan', 'Basibüyück', '1.1.1976.', 'n');
insert into CandidatesData (idno) VALUES (3727);
insert into Landeslistenplatz (llid, idno, position) VALUES (236, 3727, 4);
insert into Citizen (idno, title, firstname, lastname, dateofbirth, gender) VALUES (3728, '', 'Anke', 'Bastian', '1.1.1967.', 'n');
insert into CandidatesData (idno) VALUES (3728);
insert into Candidacy (wkid, idno, supportedby) VALUES (98, 3728, 32);
insert into LandesListe (llid, year, pid, fsid) VALUES (282, 2013, 32, 3);
insert into Landeslistenplatz (llid, idno, position) VALUES (282, 3728, 2);
insert into Citizen (idno, title, firstname, lastname, dateofbirth, gender) VALUES (3729, 'Dr. ', 'Uwe', 'Bastian', '1.1.1957.', 'n');
insert into CandidatesData (idno) VALUES (3729);
insert into Candidacy (wkid, idno, supportedby) VALUES (32, 3729, 7);
insert into LandesListe (llid, year, pid, fsid) VALUES (283, 2013, 7, 15);
insert into Landeslistenplatz (llid, idno, position) VALUES (283, 3729, 3);
insert into Citizen (idno, title, firstname, lastname, dateofbirth, gender) VALUES (3730, '', 'Endrik', 'Bastian', '1.1.1964.', 'n');
insert into CandidatesData (idno) VALUES (3730);
insert into LandesListe (llid, year, pid, fsid) VALUES (284, 2013, 26, 1);
insert into Landeslistenplatz (llid, idno, position) VALUES (284, 3730, 4);
insert into Citizen (idno, title, firstname, lastname, dateofbirth, gender) VALUES (3731, '', 'Thorsten Winfried', 'Bastian', '1.1.1972.', 'n');
insert into CandidatesData (idno) VALUES (3731);
insert into LandesListe (llid, year, pid, fsid) VALUES (285, 2013, 33, 13);
insert into Landeslistenplatz (llid, idno, position) VALUES (285, 3731, 15);
insert into Citizen (idno, title, firstname, lastname, dateofbirth, gender) VALUES (3732, '', 'Lutz', 'Battke', '1.1.1958.', 'n');
insert into CandidatesData (idno) VALUES (3732);
insert into Landeslistenplatz (llid, idno, position) VALUES (211, 3732, 3);
insert into Citizen (idno, title, firstname, lastname, dateofbirth, gender) VALUES (3733, '', 'Adolf', 'Bauer', '1.1.1934.', 'n');
insert into CandidatesData (idno) VALUES (3733);
insert into Landeslistenplatz (llid, idno, position) VALUES (213, 3733, 36);
insert into Citizen (idno, title, firstname, lastname, dateofbirth, gender) VALUES (3734, '', 'Alexander', 'Bauer', '1.1.1968.', 'n');
insert into CandidatesData (idno) VALUES (3734);
insert into Candidacy (wkid, idno, supportedby) VALUES (528, 3734, 2);
insert into Landeslistenplatz (llid, idno, position) VALUES (249, 3734, 36);
insert into Citizen (idno, title, firstname, lastname, dateofbirth, gender) VALUES (3735, '', 'Anna Sophia', 'Bauer', '1.1.1989.', 'n');
insert into CandidatesData (idno) VALUES (3735);
insert into Candidacy (wkid, idno, supportedby) VALUES (460, 3735, 31);
insert into Landeslistenplatz (llid, idno, position) VALUES (201, 3735, 3);
insert into Citizen (idno, title, firstname, lastname, dateofbirth, gender) VALUES (3736, '', 'Anneliese', 'Bauer', '1.1.1924.', 'n');
insert into CandidatesData (idno) VALUES (3736);
insert into LandesListe (llid, year, pid, fsid) VALUES (286, 2013, 39, 10);
insert into Landeslistenplatz (llid, idno, position) VALUES (286, 3736, 4);
insert into Citizen (idno, title, firstname, lastname, dateofbirth, gender) VALUES (3737, '', 'Carmelito Robert Josef', 'Bauer', '1.1.1994.', 'n');
insert into CandidatesData (idno) VALUES (3737);
insert into LandesListe (llid, year, pid, fsid) VALUES (287, 2013, 7, 7);
insert into Landeslistenplatz (llid, idno, position) VALUES (287, 3737, 8);
insert into Citizen (idno, title, firstname, lastname, dateofbirth, gender) VALUES (3738, '', 'Emil Karl Ekkehard', 'Bauer', '1.1.1953.', 'n');
insert into CandidatesData (idno) VALUES (3738);
insert into Candidacy (wkid, idno, supportedby) VALUES (504, 3738, 13);
insert into Landeslistenplatz (llid, idno, position) VALUES (247, 3738, 7);
insert into Citizen (idno, title, firstname, lastname, dateofbirth, gender) VALUES (3739, '', 'Rainer', 'Bauer', '1.1.1950.', 'n');
insert into CandidatesData (idno) VALUES (3739);
insert into LandesListe (llid, year, pid, fsid) VALUES (288, 2013, 19, 1);
insert into Landeslistenplatz (llid, idno, position) VALUES (288, 3739, 2);
insert into Citizen (idno, title, firstname, lastname, dateofbirth, gender) VALUES (3740, '', 'Robert Karlheinz', 'Bauer', '1.1.1971.', 'n');
insert into CandidatesData (idno) VALUES (3740);
insert into Candidacy (wkid, idno, supportedby) VALUES (108, 3740, 7);
insert into LandesListe (llid, year, pid, fsid) VALUES (289, 2013, 7, 11);
insert into Landeslistenplatz (llid, idno, position) VALUES (289, 3740, 3);
insert into Citizen (idno, title, firstname, lastname, dateofbirth, gender) VALUES (3741, '', 'Robert Siegfried', 'Bauer', '1.1.1964.', 'n');
insert into CandidatesData (idno) VALUES (3741);
insert into Landeslistenplatz (llid, idno, position) VALUES (228, 3741, 10);
insert into Citizen (idno, title, firstname, lastname, dateofbirth, gender) VALUES (3742, '', 'Stefan', 'Bauer', '1.1.1964.', 'n');
insert into CandidatesData (idno) VALUES (3742);
insert into Candidacy (wkid, idno, supportedby) VALUES (446, 3742, NULL);
insert into Citizen (idno, title, firstname, lastname, dateofbirth, gender) VALUES (3743, '', 'Martin Gerhard', 'Bauersfeld', '1.1.1950.', 'n');
insert into CandidatesData (idno) VALUES (3743);
insert into Candidacy (wkid, idno, supportedby) VALUES (144, 3743, NULL);
insert into Citizen (idno, title, firstname, lastname, dateofbirth, gender) VALUES (3744, '', 'Anna Elisabeth', 'Baumann', '1.1.1961.', 'n');
insert into CandidatesData (idno) VALUES (3744);
insert into Landeslistenplatz (llid, idno, position) VALUES (204, 3744, 35);
insert into Citizen (idno, title, firstname, lastname, dateofbirth, gender) VALUES (3745, '', 'Helmut Günter', 'Baumann', '1.1.1947.', 'n');
insert into CandidatesData (idno) VALUES (3745);
insert into Candidacy (wkid, idno, supportedby) VALUES (328, 3745, 12);
insert into Citizen (idno, title, firstname, lastname, dateofbirth, gender) VALUES (3746, '', 'Kai', 'Baumann', '1.1.1972.', 'n');
insert into CandidatesData (idno) VALUES (3746);
insert into Candidacy (wkid, idno, supportedby) VALUES (176, 3746, 7);
insert into Citizen (idno, title, firstname, lastname, dateofbirth, gender) VALUES (3747, '', 'Natascha Colette', 'Baumann', '1.1.1977.', 'n');
insert into CandidatesData (idno) VALUES (3747);
insert into Candidacy (wkid, idno, supportedby) VALUES (354, 3747, 4);
insert into LandesListe (llid, year, pid, fsid) VALUES (290, 2013, 4, 7);
insert into Landeslistenplatz (llid, idno, position) VALUES (290, 3747, 15);
insert into Citizen (idno, title, firstname, lastname, dateofbirth, gender) VALUES (3748, '', 'Otto', 'Baumann', '1.1.1947.', 'n');
insert into CandidatesData (idno) VALUES (3748);
insert into Landeslistenplatz (llid, idno, position) VALUES (209, 3748, 11);
insert into Citizen (idno, title, firstname, lastname, dateofbirth, gender) VALUES (3749, '', 'Barbara', 'Baumbach', '1.1.1960.', 'n');
insert into CandidatesData (idno) VALUES (3749);
insert into LandesListe (llid, year, pid, fsid) VALUES (291, 2013, 12, 1);
insert into Landeslistenplatz (llid, idno, position) VALUES (291, 3749, 11);
insert into Citizen (idno, title, firstname, lastname, dateofbirth, gender) VALUES (3750, '', 'Lothar', 'Baumelt', '1.1.1951.', 'n');
insert into CandidatesData (idno) VALUES (3750);
insert into Candidacy (wkid, idno, supportedby) VALUES (104, 3750, NULL);
insert into Citizen (idno, title, firstname, lastname, dateofbirth, gender) VALUES (3751, '', 'Martin Patrick', 'Baumgardt', '1.1.1966.', 'n');
insert into CandidatesData (idno) VALUES (3751);
insert into Candidacy (wkid, idno, supportedby) VALUES (364, 3751, 1);
insert into Citizen (idno, title, firstname, lastname, dateofbirth, gender) VALUES (3752, '', 'Roman', 'Baumgartner', '1.1.1982.', 'n');
insert into CandidatesData (idno) VALUES (3752);
insert into Landeslistenplatz (llid, idno, position) VALUES (279, 3752, 21);
insert into Citizen (idno, title, firstname, lastname, dateofbirth, gender) VALUES (3753, '', 'Dieter', 'Baur', '1.1.1953.', 'n');
insert into CandidatesData (idno) VALUES (3753);
insert into Candidacy (wkid, idno, supportedby) VALUES (516, 3753, 36);
insert into LandesListe (llid, year, pid, fsid) VALUES (292, 2013, 36, 10);
insert into Landeslistenplatz (llid, idno, position) VALUES (292, 3753, 4);
insert into Citizen (idno, title, firstname, lastname, dateofbirth, gender) VALUES (3754, '', 'Jens', 'Baur', '1.1.1979.', 'n');
insert into CandidatesData (idno) VALUES (3754);
insert into Candidacy (wkid, idno, supportedby) VALUES (320, 3754, 1);
insert into Landeslistenplatz (llid, idno, position) VALUES (241, 3754, 4);
insert into Citizen (idno, title, firstname, lastname, dateofbirth, gender) VALUES (3755, '', 'Danyal', 'Bayaz', '1.1.1983.', 'n');
insert into CandidatesData (idno) VALUES (3755);
insert into Candidacy (wkid, idno, supportedby) VALUES (544, 3755, 5);
insert into Landeslistenplatz (llid, idno, position) VALUES (234, 3755, 14);
insert into Citizen (idno, title, firstname, lastname, dateofbirth, gender) VALUES (3756, '', 'Karel', 'Bazi', '1.1.1948.', 'n');
insert into CandidatesData (idno) VALUES (3756);
insert into Landeslistenplatz (llid, idno, position) VALUES (264, 3756, 5);
insert into Citizen (idno, title, firstname, lastname, dateofbirth, gender) VALUES (3757, '', 'Tamas Antal', 'Bech', '1.1.1954.', 'n');
insert into CandidatesData (idno) VALUES (3757);
insert into Candidacy (wkid, idno, supportedby) VALUES (186, 3757, 10);
insert into Citizen (idno, title, firstname, lastname, dateofbirth, gender) VALUES (3758, 'Dr. ', 'Arthur', 'Bechert', '1.1.1964.', 'n');
insert into CandidatesData (idno) VALUES (3758);
insert into Landeslistenplatz (llid, idno, position) VALUES (220, 3758, 68);
insert into Citizen (idno, title, firstname, lastname, dateofbirth, gender) VALUES (3759, '', 'Marcus', 'Becht', '1.1.1971.', 'n');
insert into CandidatesData (idno) VALUES (3759);
insert into Landeslistenplatz (llid, idno, position) VALUES (229, 3759, 23);
insert into Citizen (idno, title, firstname, lastname, dateofbirth, gender) VALUES (3760, '', 'Susanne', 'Becht', '1.1.1974.', 'n');
insert into CandidatesData (idno) VALUES (3760);
insert into Landeslistenplatz (llid, idno, position) VALUES (229, 3760, 21);
insert into Citizen (idno, title, firstname, lastname, dateofbirth, gender) VALUES (3761, '', 'Sabine', 'Beck von der', '1.1.1963.', 'n');
insert into CandidatesData (idno) VALUES (3761);
insert into Candidacy (wkid, idno, supportedby) VALUES (282, 3761, 5);
insert into Landeslistenplatz (llid, idno, position) VALUES (256, 3761, 35);
insert into Citizen (idno, title, firstname, lastname, dateofbirth, gender) VALUES (3762, '', 'Marieluise', 'Beck', '1.1.1952.', 'n');
insert into CandidatesData (idno) VALUES (3762);
insert into Candidacy (wkid, idno, supportedby) VALUES (108, 3762, 5);
insert into LandesListe (llid, year, pid, fsid) VALUES (293, 2013, 5, 11);
insert into Landeslistenplatz (llid, idno, position) VALUES (293, 3762, 1);
insert into Citizen (idno, title, firstname, lastname, dateofbirth, gender) VALUES (3763, '', 'Tobias', 'Beck', '1.1.1985.', 'n');
insert into CandidatesData (idno) VALUES (3763);
insert into LandesListe (llid, year, pid, fsid) VALUES (294, 2013, 4, 2);
insert into Landeslistenplatz (llid, idno, position) VALUES (294, 3763, 24);
insert into Citizen (idno, title, firstname, lastname, dateofbirth, gender) VALUES (3764, '', 'Volker', 'Beck', '1.1.1960.', 'n');
insert into CandidatesData (idno) VALUES (3764);
insert into Candidacy (wkid, idno, supportedby) VALUES (188, 3764, 5);
insert into Landeslistenplatz (llid, idno, position) VALUES (256, 3764, 2);
insert into Citizen (idno, title, firstname, lastname, dateofbirth, gender) VALUES (3765, '', 'Antonius', 'Becker', '1.1.1955.', 'n');
insert into CandidatesData (idno) VALUES (3765);
insert into Candidacy (wkid, idno, supportedby) VALUES (294, 3765, 5);
insert into Citizen (idno, title, firstname, lastname, dateofbirth, gender) VALUES (3766, '', 'Bernd', 'Becker', '1.1.1958.', 'n');
insert into CandidatesData (idno) VALUES (3766);
insert into Landeslistenplatz (llid, idno, position) VALUES (244, 3766, 31);
insert into Citizen (idno, title, firstname, lastname, dateofbirth, gender) VALUES (3767, '', 'Burkhard', 'Becker', '1.1.1954.', 'n');
insert into CandidatesData (idno) VALUES (3767);
insert into Candidacy (wkid, idno, supportedby) VALUES (272, 3767, 1);
insert into Citizen (idno, title, firstname, lastname, dateofbirth, gender) VALUES (3768, '', 'Dirk', 'Becker', '1.1.1966.', 'n');
insert into CandidatesData (idno) VALUES (3768);
insert into Candidacy (wkid, idno, supportedby) VALUES (270, 3768, 2);
insert into Citizen (idno, title, firstname, lastname, dateofbirth, gender) VALUES (3769, 'Dr. ', 'Andreas', 'Becker', '1.1.1958.', 'n');
insert into CandidatesData (idno) VALUES (3769);
insert into Candidacy (wkid, idno, supportedby) VALUES (508, 3769, 36);
insert into LandesListe (llid, year, pid, fsid) VALUES (295, 2013, 36, 4);
insert into Landeslistenplatz (llid, idno, position) VALUES (295, 3769, 7);
insert into Citizen (idno, title, firstname, lastname, dateofbirth, gender) VALUES (3770, '', 'Helmut', 'Becker', '1.1.1970.', 'n');
insert into CandidatesData (idno) VALUES (3770);
insert into Landeslistenplatz (llid, idno, position) VALUES (209, 3770, 17);
insert into Citizen (idno, title, firstname, lastname, dateofbirth, gender) VALUES (3771, '', 'Klaus-Christian', 'Becker', '1.1.1942.', 'n');
insert into CandidatesData (idno) VALUES (3771);
insert into LandesListe (llid, year, pid, fsid) VALUES (296, 2013, 36, 8);
insert into Landeslistenplatz (llid, idno, position) VALUES (296, 3771, 2);
insert into Citizen (idno, title, firstname, lastname, dateofbirth, gender) VALUES (3772, '', 'Uwe', 'Becker', '1.1.1954.', 'n');
insert into CandidatesData (idno) VALUES (3772);
insert into LandesListe (llid, year, pid, fsid) VALUES (297, 2013, 31, 5);
insert into Landeslistenplatz (llid, idno, position) VALUES (297, 3772, 17);
insert into Citizen (idno, title, firstname, lastname, dateofbirth, gender) VALUES (3773, '', 'Walter Aloys', 'Becker', '1.1.1941.', 'n');
insert into CandidatesData (idno) VALUES (3773);
insert into LandesListe (llid, year, pid, fsid) VALUES (298, 2013, 19, 2);
insert into Landeslistenplatz (llid, idno, position) VALUES (298, 3773, 9);
insert into Citizen (idno, title, firstname, lastname, dateofbirth, gender) VALUES (3774, '', 'Ephraim', 'Beckers', '1.1.1995.', 'n');
insert into CandidatesData (idno) VALUES (3774);
insert into Candidacy (wkid, idno, supportedby) VALUES (218, 3774, 31);
insert into Landeslistenplatz (llid, idno, position) VALUES (297, 3774, 15);
insert into Citizen (idno, title, firstname, lastname, dateofbirth, gender) VALUES (3775, '', 'Bert', 'Beckmann', '1.1.1958.', 'n');
insert into CandidatesData (idno) VALUES (3775);
insert into LandesListe (llid, year, pid, fsid) VALUES (299, 2013, 13, 15);
insert into Landeslistenplatz (llid, idno, position) VALUES (299, 3775, 4);
insert into Citizen (idno, title, firstname, lastname, dateofbirth, gender) VALUES (3776, '', 'Marius', 'Beckmann', '1.1.1989.', 'n');
insert into CandidatesData (idno) VALUES (3776);
insert into Landeslistenplatz (llid, idno, position) VALUES (252, 3776, 10);
insert into Citizen (idno, title, firstname, lastname, dateofbirth, gender) VALUES (3777, '', 'Markus', 'Beckmann', '1.1.1988.', 'n');
insert into CandidatesData (idno) VALUES (3777);
insert into Candidacy (wkid, idno, supportedby) VALUES (166, 3777, NULL);
insert into Citizen (idno, title, firstname, lastname, dateofbirth, gender) VALUES (3778, '', 'Uwe Karl', 'Beckmeyer', '1.1.1949.', 'n');
insert into CandidatesData (idno) VALUES (3778);
insert into Candidacy (wkid, idno, supportedby) VALUES (110, 3778, 2);
insert into LandesListe (llid, year, pid, fsid) VALUES (300, 2013, 2, 11);
insert into Landeslistenplatz (llid, idno, position) VALUES (300, 3778, 3);
insert into Citizen (idno, title, firstname, lastname, dateofbirth, gender) VALUES (3779, '', 'Maik', 'Beermann', '1.1.1981.', 'n');
insert into CandidatesData (idno) VALUES (3779);
insert into Candidacy (wkid, idno, supportedby) VALUES (80, 3779, 12);
insert into Landeslistenplatz (llid, idno, position) VALUES (217, 3779, 25);
insert into Citizen (idno, title, firstname, lastname, dateofbirth, gender) VALUES (3780, '', 'Jörg Hartmut', 'Behlen', '1.1.1968.', 'n');
insert into CandidatesData (idno) VALUES (3780);
insert into Candidacy (wkid, idno, supportedby) VALUES (342, 3780, 4);
insert into Citizen (idno, title, firstname, lastname, dateofbirth, gender) VALUES (3781, '', 'Karl', 'Behn', '1.1.1948.', 'n');
insert into CandidatesData (idno) VALUES (3781);
insert into Candidacy (wkid, idno, supportedby) VALUES (58, 3781, 4);
insert into LandesListe (llid, year, pid, fsid) VALUES (301, 2013, 4, 3);
insert into Landeslistenplatz (llid, idno, position) VALUES (301, 3781, 21);
insert into Citizen (idno, title, firstname, lastname, dateofbirth, gender) VALUES (3782, '', 'Manfred', 'Behnke', '1.1.1948.', 'n');
insert into CandidatesData (idno) VALUES (3782);
insert into LandesListe (llid, year, pid, fsid) VALUES (302, 2013, 17, 3);
insert into Landeslistenplatz (llid, idno, position) VALUES (302, 3782, 8);
insert into Citizen (idno, title, firstname, lastname, dateofbirth, gender) VALUES (3783, 'Dr. ', 'Hermann', 'Behrendt', '1.1.1941.', 'n');
insert into CandidatesData (idno) VALUES (3783);
insert into Candidacy (wkid, idno, supportedby) VALUES (218, 3783, 33);
insert into Landeslistenplatz (llid, idno, position) VALUES (253, 3783, 6);
insert into Citizen (idno, title, firstname, lastname, dateofbirth, gender) VALUES (3784, '', 'Volker', 'Behrendt', '1.1.1967.', 'n');
insert into CandidatesData (idno) VALUES (3784);
insert into Candidacy (wkid, idno, supportedby) VALUES (46, 3784, 36);
insert into Landeslistenplatz (llid, idno, position) VALUES (296, 3784, 1);
insert into Citizen (idno, title, firstname, lastname, dateofbirth, gender) VALUES (3785, '', 'Eiko', 'Behrens', '1.1.1971.', 'n');
insert into CandidatesData (idno) VALUES (3785);
insert into LandesListe (llid, year, pid, fsid) VALUES (303, 2013, 33, 1);
insert into Landeslistenplatz (llid, idno, position) VALUES (303, 3785, 3);
insert into Citizen (idno, title, firstname, lastname, dateofbirth, gender) VALUES (3786, '', 'Hans-Peter', 'Behrens', '1.1.1961.', 'n');
insert into CandidatesData (idno) VALUES (3786);
insert into Landeslistenplatz (llid, idno, position) VALUES (234, 3786, 38);
insert into Citizen (idno, title, firstname, lastname, dateofbirth, gender) VALUES (3787, '', 'Herbert', 'Behrens', '1.1.1954.', 'n');
insert into CandidatesData (idno) VALUES (3787);
insert into Candidacy (wkid, idno, supportedby) VALUES (68, 3787, 3);
insert into LandesListe (llid, year, pid, fsid) VALUES (304, 2013, 3, 3);
insert into Landeslistenplatz (llid, idno, position) VALUES (304, 3787, 4);
insert into Citizen (idno, title, firstname, lastname, dateofbirth, gender) VALUES (3788, '', 'Manfred', 'Behrens', '1.1.1956.', 'n');
insert into CandidatesData (idno) VALUES (3788);
insert into Candidacy (wkid, idno, supportedby) VALUES (134, 3788, 12);
insert into LandesListe (llid, year, pid, fsid) VALUES (305, 2013, 12, 6);
insert into Landeslistenplatz (llid, idno, position) VALUES (305, 3788, 4);
insert into Citizen (idno, title, firstname, lastname, dateofbirth, gender) VALUES (3789, '', 'Andreas', 'Beier', '1.1.1971.', 'n');
insert into CandidatesData (idno) VALUES (3789);
insert into Candidacy (wkid, idno, supportedby) VALUES (582, 3789, NULL);
insert into Citizen (idno, title, firstname, lastname, dateofbirth, gender) VALUES (3790, '', 'Julian Pascal', 'Beier', '1.1.1994.', 'n');
insert into CandidatesData (idno) VALUES (3790);
insert into Candidacy (wkid, idno, supportedby) VALUES (526, 3790, 7);
insert into Citizen (idno, title, firstname, lastname, dateofbirth, gender) VALUES (3791, '', 'Klaus', 'Beier', '1.1.1966.', 'n');
insert into CandidatesData (idno) VALUES (3791);
insert into Candidacy (wkid, idno, supportedby) VALUES (126, 3791, 1);
insert into LandesListe (llid, year, pid, fsid) VALUES (306, 2013, 1, 14);
insert into Landeslistenplatz (llid, idno, position) VALUES (306, 3791, 1);
insert into Citizen (idno, title, firstname, lastname, dateofbirth, gender) VALUES (3792, '', 'Sebastian', 'Beitlich', '1.1.1977.', 'n');
insert into CandidatesData (idno) VALUES (3792);
insert into Landeslistenplatz (llid, idno, position) VALUES (218, 3792, 5);
insert into Citizen (idno, title, firstname, lastname, dateofbirth, gender) VALUES (3793, 'Dr. ', 'Carl-Martin', 'Bell', '1.1.1957.', 'n');
insert into CandidatesData (idno) VALUES (3793);
insert into Landeslistenplatz (llid, idno, position) VALUES (265, 3793, 24);
insert into Citizen (idno, title, firstname, lastname, dateofbirth, gender) VALUES (3794, '', 'Istvan', 'Bella', '1.1.1945.', 'n');
insert into CandidatesData (idno) VALUES (3794);
insert into Landeslistenplatz (llid, idno, position) VALUES (257, 3794, 15);
insert into Citizen (idno, title, firstname, lastname, dateofbirth, gender) VALUES (3795, '', 'Arnold', 'Bellack', '1.1.1934.', 'n');
insert into CandidatesData (idno) VALUES (3795);
insert into LandesListe (llid, year, pid, fsid) VALUES (307, 2013, 37, 12);
insert into Landeslistenplatz (llid, idno, position) VALUES (307, 3795, 3);
insert into Citizen (idno, title, firstname, lastname, dateofbirth, gender) VALUES (3796, '', 'Veronika Maria', 'Bellmann', '1.1.1960.', 'n');
insert into CandidatesData (idno) VALUES (3796);
insert into Candidacy (wkid, idno, supportedby) VALUES (322, 3796, 12);
insert into LandesListe (llid, year, pid, fsid) VALUES (308, 2013, 12, 16);
insert into Landeslistenplatz (llid, idno, position) VALUES (308, 3796, 7);
insert into Citizen (idno, title, firstname, lastname, dateofbirth, gender) VALUES (3797, '', 'Kristian', 'Belz', '1.1.1978.', 'n');
insert into CandidatesData (idno) VALUES (3797);
insert into Landeslistenplatz (llid, idno, position) VALUES (235, 3797, 9);
insert into Citizen (idno, title, firstname, lastname, dateofbirth, gender) VALUES (3798, '', 'Tim', 'Belz', '1.1.1990.', 'n');
insert into CandidatesData (idno) VALUES (3798);
insert into Candidacy (wkid, idno, supportedby) VALUES (586, 3798, 1);
insert into Citizen (idno, title, firstname, lastname, dateofbirth, gender) VALUES (3799, '', 'Birgitt', 'Bender', '1.1.1956.', 'n');
insert into CandidatesData (idno) VALUES (3799);
insert into Candidacy (wkid, idno, supportedby) VALUES (518, 3799, 5);
insert into Landeslistenplatz (llid, idno, position) VALUES (234, 3799, 11);
insert into Citizen (idno, title, firstname, lastname, dateofbirth, gender) VALUES (3800, '', 'Julian', 'Bender', '1.1.1985.', 'n');
insert into CandidatesData (idno) VALUES (3800);
insert into Landeslistenplatz (llid, idno, position) VALUES (249, 3800, 39);
insert into Citizen (idno, title, firstname, lastname, dateofbirth, gender) VALUES (3801, '', 'Katja', 'Bender', '1.1.1972.', 'n');
insert into CandidatesData (idno) VALUES (3801);
insert into Candidacy (wkid, idno, supportedby) VALUES (286, 3801, 5);
insert into Landeslistenplatz (llid, idno, position) VALUES (256, 3801, 29);
insert into Citizen (idno, title, firstname, lastname, dateofbirth, gender) VALUES (3802, '', 'Rüdiger', 'Bender', '1.1.1960.', 'n');
insert into CandidatesData (idno) VALUES (3802);
insert into Candidacy (wkid, idno, supportedby) VALUES (380, 3802, 5);
insert into Citizen (idno, title, firstname, lastname, dateofbirth, gender) VALUES (3803, 'Dr. ', 'Mark', 'Benecke', '1.1.1970.', 'n');
insert into CandidatesData (idno) VALUES (3803);
insert into Landeslistenplatz (llid, idno, position) VALUES (297, 3803, 1);
insert into Citizen (idno, title, firstname, lastname, dateofbirth, gender) VALUES (3804, '', 'Johann', 'Benecke', '1.1.1986.', 'n');
insert into CandidatesData (idno) VALUES (3804);
insert into LandesListe (llid, year, pid, fsid) VALUES (309, 2013, 31, 8);
insert into Landeslistenplatz (llid, idno, position) VALUES (309, 3804, 15);
insert into Citizen (idno, title, firstname, lastname, dateofbirth, gender) VALUES (3805, '', 'Manfred', 'Benedikter', '1.1.1981.', 'n');
insert into CandidatesData (idno) VALUES (3805);
insert into Landeslistenplatz (llid, idno, position) VALUES (279, 3805, 52);
insert into Citizen (idno, title, firstname, lastname, dateofbirth, gender) VALUES (3806, '', 'Daniel Udo', 'Benkert', '1.1.1976.', 'n');
insert into CandidatesData (idno) VALUES (3806);
insert into Landeslistenplatz (llid, idno, position) VALUES (297, 3806, 11);
insert into Citizen (idno, title, firstname, lastname, dateofbirth, gender) VALUES (3807, '', 'Emmerich', 'Benkowitsch', '1.1.1955.', 'n');
insert into CandidatesData (idno) VALUES (3807);
insert into Candidacy (wkid, idno, supportedby) VALUES (524, 3807, 32);
insert into Landeslistenplatz (llid, idno, position) VALUES (265, 3807, 17);
insert into Citizen (idno, title, firstname, lastname, dateofbirth, gender) VALUES (3808, '', 'Klaus', 'Benndorf', '1.1.1954.', 'n');
insert into CandidatesData (idno) VALUES (3808);
insert into Candidacy (wkid, idno, supportedby) VALUES (192, 3808, 7);
insert into Citizen (idno, title, firstname, lastname, dateofbirth, gender) VALUES (3809, '', 'Sybille Maria Ursula', 'Benning', '1.1.1961.', 'n');
insert into CandidatesData (idno) VALUES (3809);
insert into Candidacy (wkid, idno, supportedby) VALUES (258, 3809, 12);
insert into LandesListe (llid, year, pid, fsid) VALUES (310, 2013, 12, 5);
insert into Landeslistenplatz (llid, idno, position) VALUES (310, 3809, 31);
insert into Citizen (idno, title, firstname, lastname, dateofbirth, gender) VALUES (3810, '', 'Markus', 'Benz', '1.1.1955.', 'n');
insert into CandidatesData (idno) VALUES (3810);
insert into Candidacy (wkid, idno, supportedby) VALUES (562, 3810, 29);
insert into Citizen (idno, title, firstname, lastname, dateofbirth, gender) VALUES (3811, '', 'Rolf', 'Benz', '1.1.1949.', 'n');
insert into CandidatesData (idno) VALUES (3811);
insert into LandesListe (llid, year, pid, fsid) VALUES (311, 2013, 37, 7);
insert into Landeslistenplatz (llid, idno, position) VALUES (311, 3811, 5);
insert into Citizen (idno, title, firstname, lastname, dateofbirth, gender) VALUES (3812, 'Prof. Dr. ', 'Wolfgang', 'Benzel', '1.1.1967.', 'n');
insert into CandidatesData (idno) VALUES (3812);
insert into LandesListe (llid, year, pid, fsid) VALUES (312, 2013, 12, 2);
insert into Landeslistenplatz (llid, idno, position) VALUES (312, 3812, 39);
insert into Citizen (idno, title, firstname, lastname, dateofbirth, gender) VALUES (3813, '', 'Dieter Josef', 'Ber', '1.1.1941.', 'n');
insert into CandidatesData (idno) VALUES (3813);
insert into Landeslistenplatz (llid, idno, position) VALUES (253, 3813, 33);
insert into Citizen (idno, title, firstname, lastname, dateofbirth, gender) VALUES (3814, '', 'Alexander Wanja', 'Berberich', '1.1.1989.', 'n');
insert into CandidatesData (idno) VALUES (3814);
insert into LandesListe (llid, year, pid, fsid) VALUES (313, 2013, 31, 11);
insert into Landeslistenplatz (llid, idno, position) VALUES (313, 3814, 7);
insert into Citizen (idno, title, firstname, lastname, dateofbirth, gender) VALUES (3815, '', 'Patrick', 'Berberich', '1.1.1979.', 'n');
insert into CandidatesData (idno) VALUES (3815);
insert into Landeslistenplatz (llid, idno, position) VALUES (312, 3815, 34);
insert into Citizen (idno, title, firstname, lastname, dateofbirth, gender) VALUES (3816, '', 'Miro Volker', 'Berbig', '1.1.1964.', 'n');
insert into CandidatesData (idno) VALUES (3816);
insert into Candidacy (wkid, idno, supportedby) VALUES (16, 3816, 3);
insert into Citizen (idno, title, firstname, lastname, dateofbirth, gender) VALUES (3817, '', 'Wiebke', 'Berg van den', '1.1.1987.', 'n');
insert into CandidatesData (idno) VALUES (3817);
insert into Candidacy (wkid, idno, supportedby) VALUES (248, 3817, 7);
insert into Citizen (idno, title, firstname, lastname, dateofbirth, gender) VALUES (3818, 'Dr. ', 'Hans-Joachim', 'Berg', '1.1.1948.', 'n');
insert into CandidatesData (idno) VALUES (3818);
insert into Candidacy (wkid, idno, supportedby) VALUES (158, 3818, 33);
insert into Landeslistenplatz (llid, idno, position) VALUES (303, 3818, 5);
insert into Citizen (idno, title, firstname, lastname, dateofbirth, gender) VALUES (3819, '', 'Lars', 'Berg', '1.1.1966.', 'n');
insert into CandidatesData (idno) VALUES (3819);
insert into LandesListe (llid, year, pid, fsid) VALUES (314, 2013, 33, 10);
insert into Landeslistenplatz (llid, idno, position) VALUES (314, 3819, 9);
insert into Citizen (idno, title, firstname, lastname, dateofbirth, gender) VALUES (3820, '', 'Ronald', 'Berg', '1.1.1966.', 'n');
insert into CandidatesData (idno) VALUES (3820);
insert into LandesListe (llid, year, pid, fsid) VALUES (315, 2013, 32, 7);
insert into Landeslistenplatz (llid, idno, position) VALUES (315, 3820, 13);
insert into Citizen (idno, title, firstname, lastname, dateofbirth, gender) VALUES (3821, '', 'Frank', 'Berger', '1.1.1976.', 'n');
insert into CandidatesData (idno) VALUES (3821);
insert into Candidacy (wkid, idno, supportedby) VALUES (582, 3821, 4);
insert into Landeslistenplatz (llid, idno, position) VALUES (224, 3821, 28);
insert into Citizen (idno, title, firstname, lastname, dateofbirth, gender) VALUES (3822, '', 'Maren Babet', 'Berger', '1.1.1968.', 'n');
insert into CandidatesData (idno) VALUES (3822);
insert into Landeslistenplatz (llid, idno, position) VALUES (232, 3822, 9);
insert into Citizen (idno, title, firstname, lastname, dateofbirth, gender) VALUES (3823, 'Dr. ', 'André', 'Berghegger', '1.1.1972.', 'n');
insert into CandidatesData (idno) VALUES (3823);
insert into Candidacy (wkid, idno, supportedby) VALUES (76, 3823, 12);
insert into Landeslistenplatz (llid, idno, position) VALUES (217, 3823, 21);
insert into Citizen (idno, title, firstname, lastname, dateofbirth, gender) VALUES (3824, '', 'Andreas', 'Bergholz', '1.1.1992.', 'n');
insert into CandidatesData (idno) VALUES (3824);
insert into Candidacy (wkid, idno, supportedby) VALUES (574, 3824, 7);
insert into Landeslistenplatz (llid, idno, position) VALUES (221, 3824, 24);
insert into Citizen (idno, title, firstname, lastname, dateofbirth, gender) VALUES (3825, '', 'Thomas', 'Bergmann', '1.1.1966.', 'n');
insert into CandidatesData (idno) VALUES (3825);
insert into Candidacy (wkid, idno, supportedby) VALUES (588, 3825, 36);
insert into Landeslistenplatz (llid, idno, position) VALUES (292, 3825, 16);
insert into Citizen (idno, title, firstname, lastname, dateofbirth, gender) VALUES (3826, 'Dr. ', 'Christoph Georg', 'Bergner', '1.1.1948.', 'n');
insert into CandidatesData (idno) VALUES (3826);
insert into Candidacy (wkid, idno, supportedby) VALUES (144, 3826, 12);
insert into Landeslistenplatz (llid, idno, position) VALUES (305, 3826, 2);
insert into Citizen (idno, title, firstname, lastname, dateofbirth, gender) VALUES (3827, '', 'Nikolaus', 'Berha', '1.1.1945.', 'n');
insert into CandidatesData (idno) VALUES (3827);
insert into Candidacy (wkid, idno, supportedby) VALUES (362, 3827, 1);
insert into Citizen (idno, title, firstname, lastname, dateofbirth, gender) VALUES (3828, '', 'Axel', 'Bering', '1.1.1962.', 'n');
insert into CandidatesData (idno) VALUES (3828);
insert into Landeslistenplatz (llid, idno, position) VALUES (263, 3828, 5);
insert into Citizen (idno, title, firstname, lastname, dateofbirth, gender) VALUES (3829, '', 'Monika', 'Berkhan', '1.1.1956.', 'n');
insert into CandidatesData (idno) VALUES (3829);
insert into Candidacy (wkid, idno, supportedby) VALUES (90, 3829, 5);
insert into LandesListe (llid, year, pid, fsid) VALUES (316, 2013, 5, 3);
insert into Landeslistenplatz (llid, idno, position) VALUES (316, 3829, 17);
insert into Citizen (idno, title, firstname, lastname, dateofbirth, gender) VALUES (3830, '', 'Volker', 'Berkhout', '1.1.1981.', 'n');
insert into CandidatesData (idno) VALUES (3830);
insert into Candidacy (wkid, idno, supportedby) VALUES (336, 3830, 7);
insert into Landeslistenplatz (llid, idno, position) VALUES (287, 3830, 1);
insert into Citizen (idno, title, firstname, lastname, dateofbirth, gender) VALUES (3831, '', 'Ralf', 'Berlingen', '1.1.1967.', 'n');
insert into CandidatesData (idno) VALUES (3831);
insert into Landeslistenplatz (llid, idno, position) VALUES (294, 3831, 16);
insert into Citizen (idno, title, firstname, lastname, dateofbirth, gender) VALUES (3832, 'Dr. ', 'Michael-Tillmann', 'Berndt', '1.1.1956.', 'n');
insert into CandidatesData (idno) VALUES (3832);
insert into Landeslistenplatz (llid, idno, position) VALUES (268, 3832, 7);
insert into Citizen (idno, title, firstname, lastname, dateofbirth, gender) VALUES (3833, '', 'Wolfgang Herbert Josef', 'Berndt', '1.1.1949.', 'n');
insert into CandidatesData (idno) VALUES (3833);
insert into Candidacy (wkid, idno, supportedby) VALUES (464, 3833, 3);
insert into Citizen (idno, title, firstname, lastname, dateofbirth, gender) VALUES (3834, '', 'Bettina', 'Bernhard', '1.1.1961.', 'n');
insert into CandidatesData (idno) VALUES (3834);
insert into Candidacy (wkid, idno, supportedby) VALUES (202, 3834, 32);
insert into LandesListe (llid, year, pid, fsid) VALUES (317, 2013, 32, 5);
insert into Landeslistenplatz (llid, idno, position) VALUES (317, 3834, 3);
insert into Citizen (idno, title, firstname, lastname, dateofbirth, gender) VALUES (3835, '', 'Wolfgang', 'Berns', '1.1.1948.', 'n');
insert into CandidatesData (idno) VALUES (3835);
insert into Candidacy (wkid, idno, supportedby) VALUES (344, 3835, 4);
insert into Landeslistenplatz (llid, idno, position) VALUES (290, 3835, 11);
insert into Citizen (idno, title, firstname, lastname, dateofbirth, gender) VALUES (3836, '', 'Florian', 'Bernschneider', '1.1.1986.', 'n');
insert into CandidatesData (idno) VALUES (3836);
insert into Candidacy (wkid, idno, supportedby) VALUES (100, 3836, 4);
insert into Landeslistenplatz (llid, idno, position) VALUES (301, 3836, 4);
insert into Citizen (idno, title, firstname, lastname, dateofbirth, gender) VALUES (3837, '', 'Ina Nadine', 'Bernshausen', '1.1.1979.', 'n');
insert into CandidatesData (idno) VALUES (3837);
insert into LandesListe (llid, year, pid, fsid) VALUES (318, 2013, 5, 7);
insert into Landeslistenplatz (llid, idno, position) VALUES (318, 3837, 9);
insert into Citizen (idno, title, firstname, lastname, dateofbirth, gender) VALUES (3838, '', 'Johannes', 'Bersch', '1.1.1954.', 'n');
insert into CandidatesData (idno) VALUES (3838);
insert into Landeslistenplatz (llid, idno, position) VALUES (298, 3838, 4);
insert into Citizen (idno, title, firstname, lastname, dateofbirth, gender) VALUES (3839, '', 'Rainer', 'Bertini', '1.1.1967.', 'n');
insert into CandidatesData (idno) VALUES (3839);
insert into Candidacy (wkid, idno, supportedby) VALUES (220, 3839, 32);
insert into Citizen (idno, title, firstname, lastname, dateofbirth, gender) VALUES (3840, '', 'Ute', 'Bertram', '1.1.1961.', 'n');
insert into CandidatesData (idno) VALUES (3840);
insert into Candidacy (wkid, idno, supportedby) VALUES (96, 3840, 12);
insert into Citizen (idno, title, firstname, lastname, dateofbirth, gender) VALUES (3841, '', 'Jan', 'Berweiler', '1.1.1977.', 'n');
insert into CandidatesData (idno) VALUES (3841);
insert into Landeslistenplatz (llid, idno, position) VALUES (201, 3841, 45);
insert into Citizen (idno, title, firstname, lastname, dateofbirth, gender) VALUES (3842, '', 'Helmut', 'Besser', '1.1.1951.', 'n');
insert into CandidatesData (idno) VALUES (3842);
insert into Candidacy (wkid, idno, supportedby) VALUES (386, 3842, 32);
insert into LandesListe (llid, year, pid, fsid) VALUES (319, 2013, 32, 9);
insert into Landeslistenplatz (llid, idno, position) VALUES (319, 3842, 5);
insert into Citizen (idno, title, firstname, lastname, dateofbirth, gender) VALUES (3843, '', 'Friedlinde', 'Besserer', '1.1.1953.', 'n');
insert into CandidatesData (idno) VALUES (3843);
insert into Landeslistenplatz (llid, idno, position) VALUES (213, 3843, 13);
insert into Citizen (idno, title, firstname, lastname, dateofbirth, gender) VALUES (3844, '', 'Harald', 'Bestehorn', '1.1.1962.', 'n');
insert into CandidatesData (idno) VALUES (3844);
insert into Candidacy (wkid, idno, supportedby) VALUES (474, 3844, 1);
insert into Citizen (idno, title, firstname, lastname, dateofbirth, gender) VALUES (3845, '', 'Christian', 'Bethke', '1.1.1978.', 'n');
insert into CandidatesData (idno) VALUES (3845);
insert into Candidacy (wkid, idno, supportedby) VALUES (366, 3845, 7);
insert into Citizen (idno, title, firstname, lastname, dateofbirth, gender) VALUES (3846, '', 'Thomas Georg', 'Betz', '1.1.1960.', 'n');
insert into CandidatesData (idno) VALUES (3846);
insert into Landeslistenplatz (llid, idno, position) VALUES (253, 3846, 35);
insert into Citizen (idno, title, firstname, lastname, dateofbirth, gender) VALUES (3847, '', 'Anton', 'Betzler', '1.1.1953.', 'n');
insert into CandidatesData (idno) VALUES (3847);
insert into Candidacy (wkid, idno, supportedby) VALUES (514, 3847, 7);
insert into Citizen (idno, title, firstname, lastname, dateofbirth, gender) VALUES (3848, '', 'Bärbel', 'Beuermann', '1.1.1955.', 'n');
insert into CandidatesData (idno) VALUES (3848);
insert into Candidacy (wkid, idno, supportedby) VALUES (244, 3848, 3);
insert into Citizen (idno, title, firstname, lastname, dateofbirth, gender) VALUES (3849, '', 'Rainer', 'Beuthel', '1.1.1950.', 'n');
insert into CandidatesData (idno) VALUES (3849);
insert into LandesListe (llid, year, pid, fsid) VALUES (320, 2013, 3, 13);
insert into Landeslistenplatz (llid, idno, position) VALUES (320, 3849, 10);
insert into Citizen (idno, title, firstname, lastname, dateofbirth, gender) VALUES (3850, '', 'Lorenz Gösta', 'Beutin', '1.1.1978.', 'n');
insert into CandidatesData (idno) VALUES (3850);
insert into Candidacy (wkid, idno, supportedby) VALUES (12, 3850, 3);
insert into Citizen (idno, title, firstname, lastname, dateofbirth, gender) VALUES (3851, 'Dr. ', 'Richard Alexander', 'Beyer', '1.1.1969.', 'n');
insert into CandidatesData (idno) VALUES (3851);
insert into Landeslistenplatz (llid, idno, position) VALUES (206, 3851, 42);
insert into Citizen (idno, title, firstname, lastname, dateofbirth, gender) VALUES (3852, '', 'Katja', 'Beyer', '1.1.1984.', 'n');
insert into CandidatesData (idno) VALUES (3852);
insert into Landeslistenplatz (llid, idno, position) VALUES (268, 3852, 9);
insert into Citizen (idno, title, firstname, lastname, dateofbirth, gender) VALUES (3853, '', 'Peter', 'Beyer', '1.1.1970.', 'n');
insert into CandidatesData (idno) VALUES (3853);
insert into Candidacy (wkid, idno, supportedby) VALUES (210, 3853, 12);
insert into Landeslistenplatz (llid, idno, position) VALUES (310, 3853, 51);
insert into Citizen (idno, title, firstname, lastname, dateofbirth, gender) VALUES (3854, '', 'Thomas', 'Bezler', '1.1.1966.', 'n');
insert into CandidatesData (idno) VALUES (3854);
insert into Candidacy (wkid, idno, supportedby) VALUES (528, 3854, 29);
insert into Citizen (idno, title, firstname, lastname, dateofbirth, gender) VALUES (3855, '', 'Matern', 'Bieberstein Marschall von', '1.1.1962.', 'n');
insert into CandidatesData (idno) VALUES (3855);
insert into Candidacy (wkid, idno, supportedby) VALUES (562, 3855, 12);
insert into Landeslistenplatz (llid, idno, position) VALUES (279, 3855, 7);
insert into Citizen (idno, title, firstname, lastname, dateofbirth, gender) VALUES (3856, '', 'Lucia', 'Biedermann', '1.1.1981.', 'n');
insert into CandidatesData (idno) VALUES (3856);
insert into Candidacy (wkid, idno, supportedby) VALUES (556, 3856, 4);
insert into Landeslistenplatz (llid, idno, position) VALUES (224, 3856, 25);
insert into Citizen (idno, title, firstname, lastname, dateofbirth, gender) VALUES (3857, '', 'Dieter', 'Bielang', '1.1.1961.', 'n');
insert into CandidatesData (idno) VALUES (3857);
insert into Candidacy (wkid, idno, supportedby) VALUES (528, 3857, 33);
insert into Citizen (idno, title, firstname, lastname, dateofbirth, gender) VALUES (3858, '', 'Susanne', 'Bielig-Schultz', '1.1.1960.', 'n');
insert into CandidatesData (idno) VALUES (3858);
insert into Landeslistenplatz (llid, idno, position) VALUES (203, 3858, 15);
insert into Citizen (idno, title, firstname, lastname, dateofbirth, gender) VALUES (3859, '', 'Nathanael', 'Bienia', '1.1.1990.', 'n');
insert into CandidatesData (idno) VALUES (3859);
insert into Landeslistenplatz (llid, idno, position) VALUES (221, 3859, 19);
insert into Citizen (idno, title, firstname, lastname, dateofbirth, gender) VALUES (3860, '', 'Maximilian', 'Bierbaum', '1.1.1991.', 'n');
insert into CandidatesData (idno) VALUES (3860);
insert into LandesListe (llid, year, pid, fsid) VALUES (321, 2013, 5, 8);
insert into Landeslistenplatz (llid, idno, position) VALUES (321, 3860, 4);
insert into Citizen (idno, title, firstname, lastname, dateofbirth, gender) VALUES (3861, '', 'Ursula', 'Bieser', '1.1.1963.', 'n');
insert into CandidatesData (idno) VALUES (3861);
insert into Candidacy (wkid, idno, supportedby) VALUES (414, 3861, 33);
insert into Landeslistenplatz (llid, idno, position) VALUES (236, 3861, 6);
insert into Citizen (idno, title, firstname, lastname, dateofbirth, gender) VALUES (3862, '', 'Dietlind Juliane', 'Biesterfeld', '1.1.1968.', 'n');
insert into CandidatesData (idno) VALUES (3862);
insert into LandesListe (llid, year, pid, fsid) VALUES (322, 2013, 2, 14);
insert into Landeslistenplatz (llid, idno, position) VALUES (322, 3862, 12);
insert into Citizen (idno, title, firstname, lastname, dateofbirth, gender) VALUES (3863, '', 'Leo', 'Biewer', '1.1.1958.', 'n');
insert into CandidatesData (idno) VALUES (3863);
insert into Landeslistenplatz (llid, idno, position) VALUES (312, 3863, 37);
insert into Citizen (idno, title, firstname, lastname, dateofbirth, gender) VALUES (3864, '', 'Michael', 'Bihler', '1.1.1979.', 'n');
insert into CandidatesData (idno) VALUES (3864);
insert into Landeslistenplatz (llid, idno, position) VALUES (220, 3864, 45);
insert into Citizen (idno, title, firstname, lastname, dateofbirth, gender) VALUES (3865, '', 'Steffen', 'Bilger', '1.1.1979.', 'n');
insert into CandidatesData (idno) VALUES (3865);
insert into Candidacy (wkid, idno, supportedby) VALUES (530, 3865, 12);
insert into Citizen (idno, title, firstname, lastname, dateofbirth, gender) VALUES (3866, 'Dr. ', 'Michaela', 'Binder', '1.1.1966.', 'n');
insert into CandidatesData (idno) VALUES (3866);
insert into LandesListe (llid, year, pid, fsid) VALUES (323, 2013, 40, 4);
insert into Landeslistenplatz (llid, idno, position) VALUES (323, 3866, 5);
insert into Citizen (idno, title, firstname, lastname, dateofbirth, gender) VALUES (3867, '', 'Karin', 'Binder', '1.1.1957.', 'n');
insert into CandidatesData (idno) VALUES (3867);
insert into Candidacy (wkid, idno, supportedby) VALUES (542, 3867, 3);
insert into LandesListe (llid, year, pid, fsid) VALUES (324, 2013, 3, 10);
insert into Landeslistenplatz (llid, idno, position) VALUES (324, 3867, 3);
insert into Citizen (idno, title, firstname, lastname, dateofbirth, gender) VALUES (3868, '', 'Kuno Alois Anton', 'Binder', '1.1.1941.', 'n');
insert into CandidatesData (idno) VALUES (3868);
insert into LandesListe (llid, year, pid, fsid) VALUES (325, 2013, 36, 9);
insert into Landeslistenplatz (llid, idno, position) VALUES (325, 3868, 12);
insert into Citizen (idno, title, firstname, lastname, dateofbirth, gender) VALUES (3869, '', 'Raimund', 'Binder', '1.1.1964.', 'n');
insert into CandidatesData (idno) VALUES (3869);
insert into Candidacy (wkid, idno, supportedby) VALUES (502, 3869, 36);
insert into Landeslistenplatz (llid, idno, position) VALUES (295, 3869, 8);
insert into Citizen (idno, title, firstname, lastname, dateofbirth, gender) VALUES (3870, '', 'Anja', 'Bindges', '1.1.1963.', 'n');
insert into CandidatesData (idno) VALUES (3870);
insert into Candidacy (wkid, idno, supportedby) VALUES (402, 3870, 2);
insert into Landeslistenplatz (llid, idno, position) VALUES (244, 3870, 15);
insert into Citizen (idno, title, firstname, lastname, dateofbirth, gender) VALUES (3871, '', 'Lothar', 'Binding', '1.1.1950.', 'n');
insert into CandidatesData (idno) VALUES (3871);
insert into Candidacy (wkid, idno, supportedby) VALUES (548, 3871, 2);
insert into Landeslistenplatz (llid, idno, position) VALUES (249, 3871, 7);
insert into Citizen (idno, title, firstname, lastname, dateofbirth, gender) VALUES (3872, '', 'Karlheinz', 'Binner', '1.1.1967.', 'n');
insert into CandidatesData (idno) VALUES (3872);
insert into Candidacy (wkid, idno, supportedby) VALUES (470, 3872, 36);
insert into Landeslistenplatz (llid, idno, position) VALUES (295, 3872, 9);
insert into Citizen (idno, title, firstname, lastname, dateofbirth, gender) VALUES (3873, '', 'Clemens', 'Binninger', '1.1.1962.', 'n');
insert into CandidatesData (idno) VALUES (3873);
insert into Candidacy (wkid, idno, supportedby) VALUES (520, 3873, 12);
insert into Citizen (idno, title, firstname, lastname, dateofbirth, gender) VALUES (3874, '', 'Helmut Gerhard', 'Birke', '1.1.1954.', 'n');
insert into CandidatesData (idno) VALUES (3874);
insert into Candidacy (wkid, idno, supportedby) VALUES (258, 3874, 33);
insert into Citizen (idno, title, firstname, lastname, dateofbirth, gender) VALUES (3875, '', 'Holger', 'Birke', '1.1.1964.', 'n');
insert into CandidatesData (idno) VALUES (3875);
insert into LandesListe (llid, year, pid, fsid) VALUES (326, 2013, 10, 10);
insert into Landeslistenplatz (llid, idno, position) VALUES (326, 3875, 9);
insert into Citizen (idno, title, firstname, lastname, dateofbirth, gender) VALUES (3876, '', 'Jan-Hendrik', 'Birkner', '1.1.1980.', 'n');
insert into CandidatesData (idno) VALUES (3876);
insert into Landeslistenplatz (llid, idno, position) VALUES (201, 3876, 38);
insert into Citizen (idno, title, firstname, lastname, dateofbirth, gender) VALUES (3877, '', 'Matthias W.', 'Birkwald', '1.1.1961.', 'n');
insert into CandidatesData (idno) VALUES (3877);
insert into Candidacy (wkid, idno, supportedby) VALUES (188, 3877, 3);
insert into Landeslistenplatz (llid, idno, position) VALUES (269, 3877, 2);
insert into Citizen (idno, title, firstname, lastname, dateofbirth, gender) VALUES (3878, '', 'Harald', 'Birr', '1.1.1959.', 'n');
insert into CandidatesData (idno) VALUES (3878);
insert into Landeslistenplatz (llid, idno, position) VALUES (244, 3878, 33);
insert into Citizen (idno, title, firstname, lastname, dateofbirth, gender) VALUES (3879, '', 'Burkhard', 'Bisanz', '1.1.1958.', 'n');
insert into CandidatesData (idno) VALUES (3879);
insert into Landeslistenplatz (llid, idno, position) VALUES (242, 3879, 60);
insert into Citizen (idno, title, firstname, lastname, dateofbirth, gender) VALUES (3880, '', 'Grischa', 'Bischeff', '1.1.1979.', 'n');
insert into CandidatesData (idno) VALUES (3880);
insert into Candidacy (wkid, idno, supportedby) VALUES (200, 3880, 3);
insert into Citizen (idno, title, firstname, lastname, dateofbirth, gender) VALUES (3881, '', 'Stephan', 'Bischoff', '1.1.1983.', 'n');
insert into CandidatesData (idno) VALUES (3881);
insert into Candidacy (wkid, idno, supportedby) VALUES (138, 3881, 5);
insert into LandesListe (llid, year, pid, fsid) VALUES (327, 2013, 5, 6);
insert into Landeslistenplatz (llid, idno, position) VALUES (327, 3881, 2);
insert into Citizen (idno, title, firstname, lastname, dateofbirth, gender) VALUES (3882, '', 'Andreas', 'Bist', '1.1.1978.', 'n');
insert into CandidatesData (idno) VALUES (3882);
insert into Candidacy (wkid, idno, supportedby) VALUES (222, 3882, 4);
insert into Landeslistenplatz (llid, idno, position) VALUES (272, 3882, 34);
insert into Citizen (idno, title, firstname, lastname, dateofbirth, gender) VALUES (3883, '', 'Günther', 'Bittel', '1.1.1953.', 'n');
insert into CandidatesData (idno) VALUES (3883);
insert into Landeslistenplatz (llid, idno, position) VALUES (207, 3883, 14);
insert into Citizen (idno, title, firstname, lastname, dateofbirth, gender) VALUES (3884, '', 'Kai Steffen', 'Bitzer', '1.1.1973.', 'n');
insert into CandidatesData (idno) VALUES (3884);
insert into Candidacy (wkid, idno, supportedby) VALUES (298, 3884, 5);
insert into Citizen (idno, title, firstname, lastname, dateofbirth, gender) VALUES (3885, '', 'Paul Michael', 'Blackman', '1.1.1949.', 'n');
insert into CandidatesData (idno) VALUES (3885);
insert into Candidacy (wkid, idno, supportedby) VALUES (490, 3885, 41);
insert into LandesListe (llid, year, pid, fsid) VALUES (328, 2013, 41, 4);
insert into Landeslistenplatz (llid, idno, position) VALUES (328, 3885, 3);
insert into Citizen (idno, title, firstname, lastname, dateofbirth, gender) VALUES (3886, '', 'Otto Paul Hans', 'Blank', '1.1.1946.', 'n');
insert into CandidatesData (idno) VALUES (3886);
insert into Candidacy (wkid, idno, supportedby) VALUES (504, 3886, 41);
insert into Landeslistenplatz (llid, idno, position) VALUES (328, 3886, 5);
insert into Citizen (idno, title, firstname, lastname, dateofbirth, gender) VALUES (3887, '', 'Moroni', 'Blankenburg', '1.1.1954.', 'n');
insert into CandidatesData (idno) VALUES (3887);
insert into Candidacy (wkid, idno, supportedby) VALUES (478, 3887, 1);
insert into Citizen (idno, title, firstname, lastname, dateofbirth, gender) VALUES (3888, '', 'Bernhard', 'Blankenheim', '1.1.1951.', 'n');
insert into CandidatesData (idno) VALUES (3888);
insert into Candidacy (wkid, idno, supportedby) VALUES (202, 3888, 1);
insert into Citizen (idno, title, firstname, lastname, dateofbirth, gender) VALUES (3889, '', 'Martin', 'Blasi', '1.1.1967.', 'n');
insert into CandidatesData (idno) VALUES (3889);
insert into Candidacy (wkid, idno, supportedby) VALUES (440, 3889, 32);
insert into Landeslistenplatz (llid, idno, position) VALUES (206, 3889, 37);
insert into Citizen (idno, title, firstname, lastname, dateofbirth, gender) VALUES (3890, '', 'Peter', 'Bleser', '1.1.1952.', 'n');
insert into CandidatesData (idno) VALUES (3890);
insert into Candidacy (wkid, idno, supportedby) VALUES (402, 3890, 12);
insert into Landeslistenplatz (llid, idno, position) VALUES (312, 3890, 2);
insert into Citizen (idno, title, firstname, lastname, dateofbirth, gender) VALUES (3891, 'Dr. ', 'Christian', 'Blex', '1.1.1975.', 'n');
insert into CandidatesData (idno) VALUES (3891);
insert into Candidacy (wkid, idno, supportedby) VALUES (260, 3891, 33);
insert into Landeslistenplatz (llid, idno, position) VALUES (253, 3891, 18);
insert into Citizen (idno, title, firstname, lastname, dateofbirth, gender) VALUES (3892, '', 'Burkhard', 'Blienert', '1.1.1966.', 'n');
insert into CandidatesData (idno) VALUES (3892);
insert into Candidacy (wkid, idno, supportedby) VALUES (274, 3892, 2);
insert into Landeslistenplatz (llid, idno, position) VALUES (246, 3892, 29);
insert into Citizen (idno, title, firstname, lastname, dateofbirth, gender) VALUES (3893, 'Prof. Dr. ', 'Micha Manuel', 'Bloching', '1.1.1968.', 'n');
insert into CandidatesData (idno) VALUES (3893);
insert into Landeslistenplatz (llid, idno, position) VALUES (230, 3893, 2);
insert into Citizen (idno, title, firstname, lastname, dateofbirth, gender) VALUES (3894, '', 'Klaus', 'Blöchinger', '1.1.1967.', 'n');
insert into CandidatesData (idno) VALUES (3894);
insert into Landeslistenplatz (llid, idno, position) VALUES (230, 3894, 20);
insert into Citizen (idno, title, firstname, lastname, dateofbirth, gender) VALUES (3895, '', 'Dennis', 'Blömer', '1.1.1983.', 'n');
insert into CandidatesData (idno) VALUES (3895);
insert into Candidacy (wkid, idno, supportedby) VALUES (246, 3895, 1);
insert into Citizen (idno, title, firstname, lastname, dateofbirth, gender) VALUES (3896, '', 'Thomas', 'Blümel', '1.1.1965.', 'n');
insert into CandidatesData (idno) VALUES (3896);
insert into Candidacy (wkid, idno, supportedby) VALUES (320, 3896, 2);
insert into LandesListe (llid, year, pid, fsid) VALUES (329, 2013, 2, 16);
insert into Landeslistenplatz (llid, idno, position) VALUES (329, 3896, 15);
insert into Citizen (idno, title, firstname, lastname, dateofbirth, gender) VALUES (3897, '', 'Heidrun', 'Bluhm', '1.1.1958.', 'n');
insert into CandidatesData (idno) VALUES (3897);
insert into Candidacy (wkid, idno, supportedby) VALUES (34, 3897, 3);
insert into Landeslistenplatz (llid, idno, position) VALUES (281, 3897, 2);
insert into Citizen (idno, title, firstname, lastname, dateofbirth, gender) VALUES (3898, '', 'Rainer', 'Blum', '1.1.1969.', 'n');
insert into CandidatesData (idno) VALUES (3898);
insert into Candidacy (wkid, idno, supportedby) VALUES (202, 3898, 5);
insert into Citizen (idno, title, firstname, lastname, dateofbirth, gender) VALUES (3899, '', 'Sebastian', 'Blumenthal', '1.1.1974.', 'n');
insert into CandidatesData (idno) VALUES (3899);
insert into Candidacy (wkid, idno, supportedby) VALUES (10, 3899, 4);
insert into Landeslistenplatz (llid, idno, position) VALUES (251, 3899, 3);
insert into Citizen (idno, title, firstname, lastname, dateofbirth, gender) VALUES (3900, '', 'Volker', 'Blumentritt', '1.1.1946.', 'n');
insert into CandidatesData (idno) VALUES (3900);
insert into Candidacy (wkid, idno, supportedby) VALUES (388, 3900, 2);
insert into LandesListe (llid, year, pid, fsid) VALUES (330, 2013, 2, 9);
insert into Landeslistenplatz (llid, idno, position) VALUES (330, 3900, 7);
insert into Citizen (idno, title, firstname, lastname, dateofbirth, gender) VALUES (3901, '', 'Jürgen', 'Blumer', '1.1.1958.', 'n');
insert into CandidatesData (idno) VALUES (3901);
insert into Candidacy (wkid, idno, supportedby) VALUES (232, 3901, 13);
insert into Citizen (idno, title, firstname, lastname, dateofbirth, gender) VALUES (3902, '', 'Uwe', 'Blusch', '1.1.1960.', 'n');
insert into CandidatesData (idno) VALUES (3902);
insert into LandesListe (llid, year, pid, fsid) VALUES (331, 2013, 42, 10);
insert into Landeslistenplatz (llid, idno, position) VALUES (331, 3902, 1);
insert into Citizen (idno, title, firstname, lastname, dateofbirth, gender) VALUES (3903, '', 'Alexander', 'Bock', '1.1.1987.', 'n');
insert into CandidatesData (idno) VALUES (3903);
insert into Candidacy (wkid, idno, supportedby) VALUES (436, 3903, 7);
insert into Landeslistenplatz (llid, idno, position) VALUES (245, 3903, 2);
insert into Citizen (idno, title, firstname, lastname, dateofbirth, gender) VALUES (3904, 'Dr. ', 'Inge Ursula', 'Bock', '1.1.1958.', 'n');
insert into CandidatesData (idno) VALUES (3904);
insert into LandesListe (llid, year, pid, fsid) VALUES (332, 2013, 33, 14);
insert into Landeslistenplatz (llid, idno, position) VALUES (332, 3904, 6);
insert into Citizen (idno, title, firstname, lastname, dateofbirth, gender) VALUES (3905, '', 'Steffen', 'Bockhahn', '1.1.1978.', 'n');
insert into CandidatesData (idno) VALUES (3905);
insert into Candidacy (wkid, idno, supportedby) VALUES (28, 3905, 3);
insert into Landeslistenplatz (llid, idno, position) VALUES (281, 3905, 4);
insert into Citizen (idno, title, firstname, lastname, dateofbirth, gender) VALUES (3906, '', 'Barbara', 'Bodem', '1.1.1957.', 'n');
insert into CandidatesData (idno) VALUES (3906);
insert into Landeslistenplatz (llid, idno, position) VALUES (229, 3906, 26);
insert into Citizen (idno, title, firstname, lastname, dateofbirth, gender) VALUES (3907, '', 'Philippe', 'Bodewig', '1.1.1986.', 'n');
insert into CandidatesData (idno) VALUES (3907);
insert into Candidacy (wkid, idno, supportedby) VALUES (228, 3907, 1);
insert into Citizen (idno, title, firstname, lastname, dateofbirth, gender) VALUES (3908, '', 'Daniel', 'Böck', '1.1.1992.', 'n');
insert into CandidatesData (idno) VALUES (3908);
insert into Candidacy (wkid, idno, supportedby) VALUES (506, 3908, 3);
insert into Citizen (idno, title, firstname, lastname, dateofbirth, gender) VALUES (3909, '', 'Hans-Martin', 'Böckel', '1.1.1973.', 'n');
insert into CandidatesData (idno) VALUES (3909);
insert into Candidacy (wkid, idno, supportedby) VALUES (290, 3909, 7);
insert into Citizen (idno, title, firstname, lastname, dateofbirth, gender) VALUES (3910, '', 'Kai Manuel', 'Boeddinghaus', '1.1.1959.', 'n');
insert into CandidatesData (idno) VALUES (3910);
insert into Candidacy (wkid, idno, supportedby) VALUES (336, 3910, 3);
insert into Citizen (idno, title, firstname, lastname, dateofbirth, gender) VALUES (3911, '', 'Sabine', 'Böddinghaus', '1.1.1957.', 'n');
insert into CandidatesData (idno) VALUES (3911);
insert into Candidacy (wkid, idno, supportedby) VALUES (46, 3911, 3);
insert into Landeslistenplatz (llid, idno, position) VALUES (214, 3911, 2);
insert into Citizen (idno, title, firstname, lastname, dateofbirth, gender) VALUES (3912, '', 'Claudia', 'Bögel-Hoyer', '1.1.1961.', 'n');
insert into CandidatesData (idno) VALUES (3912);
insert into Candidacy (wkid, idno, supportedby) VALUES (248, 3912, 4);
insert into Landeslistenplatz (llid, idno, position) VALUES (272, 3912, 13);
insert into Citizen (idno, title, firstname, lastname, dateofbirth, gender) VALUES (3913, '', 'Stephan', 'Böhlke', '1.1.1978.', 'n');
insert into CandidatesData (idno) VALUES (3913);
insert into LandesListe (llid, year, pid, fsid) VALUES (333, 2013, 37, 15);
insert into Landeslistenplatz (llid, idno, position) VALUES (333, 3913, 4);
insert into Citizen (idno, title, firstname, lastname, dateofbirth, gender) VALUES (3914, '', 'Michael Ralf', 'Böhm', '1.1.1970.', 'n');
insert into CandidatesData (idno) VALUES (3914);
insert into Landeslistenplatz (llid, idno, position) VALUES (245, 3914, 26);
insert into Citizen (idno, title, firstname, lastname, dateofbirth, gender) VALUES (3915, '', 'Andreas', 'Böhme', '1.1.1960.', 'n');
insert into CandidatesData (idno) VALUES (3915);
insert into Candidacy (wkid, idno, supportedby) VALUES (380, 3915, 32);
insert into Landeslistenplatz (llid, idno, position) VALUES (319, 3915, 3);
insert into Citizen (idno, title, firstname, lastname, dateofbirth, gender) VALUES (3916, '', 'Matteo', 'Böhme', '1.1.1982.', 'n');
insert into CandidatesData (idno) VALUES (3916);
insert into Candidacy (wkid, idno, supportedby) VALUES (320, 3916, 4);
insert into LandesListe (llid, year, pid, fsid) VALUES (334, 2013, 4, 16);
insert into Landeslistenplatz (llid, idno, position) VALUES (334, 3916, 10);
insert into Citizen (idno, title, firstname, lastname, dateofbirth, gender) VALUES (3917, '', 'Wolfgang Dieter', 'Böhme', '1.1.1951.', 'n');
insert into CandidatesData (idno) VALUES (3917);
insert into Candidacy (wkid, idno, supportedby) VALUES (472, 3917, 3);
insert into Citizen (idno, title, firstname, lastname, dateofbirth, gender) VALUES (3918, 'Prof. Dr. ', 'Maria', 'Böhmer', '1.1.1950.', 'n');
insert into CandidatesData (idno) VALUES (3918);
insert into Candidacy (wkid, idno, supportedby) VALUES (416, 3918, 12);
insert into Landeslistenplatz (llid, idno, position) VALUES (312, 3918, 1);
insert into Citizen (idno, title, firstname, lastname, dateofbirth, gender) VALUES (3919, 'Dr. ', 'Volker', 'Böhning', '1.1.1948.', 'n');
insert into CandidatesData (idno) VALUES (3919);
insert into Candidacy (wkid, idno, supportedby) VALUES (32, 3919, 32);
insert into Landeslistenplatz (llid, idno, position) VALUES (275, 3919, 3);
insert into Citizen (idno, title, firstname, lastname, dateofbirth, gender) VALUES (3920, '', 'Natalina', 'Boenigk', '1.1.1959.', 'n');
insert into CandidatesData (idno) VALUES (3920);
insert into LandesListe (llid, year, pid, fsid) VALUES (335, 2013, 12, 13);
insert into Landeslistenplatz (llid, idno, position) VALUES (335, 3920, 17);
insert into Citizen (idno, title, firstname, lastname, dateofbirth, gender) VALUES (3921, '', 'Manfred', 'Börm', '1.1.1950.', 'n');
insert into CandidatesData (idno) VALUES (3921);
insert into Candidacy (wkid, idno, supportedby) VALUES (74, 3921, 1);
insert into Citizen (idno, title, firstname, lastname, dateofbirth, gender) VALUES (3922, '', 'Thomas', 'Boerner', '1.1.1969.', 'n');
insert into CandidatesData (idno) VALUES (3922);
insert into Landeslistenplatz (llid, idno, position) VALUES (302, 3922, 7);
insert into Citizen (idno, title, firstname, lastname, dateofbirth, gender) VALUES (3923, '', 'Peter', 'Börs', '1.1.1944.', 'n');
insert into CandidatesData (idno) VALUES (3923);
insert into Candidacy (wkid, idno, supportedby) VALUES (112, 3923, 1);
insert into Citizen (idno, title, firstname, lastname, dateofbirth, gender) VALUES (3924, 'Dr. ', 'Eva', 'Börsch-Supan', '1.1.1932.', 'n');
insert into CandidatesData (idno) VALUES (3924);
insert into LandesListe (llid, year, pid, fsid) VALUES (336, 2013, 36, 1);
insert into Landeslistenplatz (llid, idno, position) VALUES (336, 3924, 4);
insert into Citizen (idno, title, firstname, lastname, dateofbirth, gender) VALUES (3925, '', 'Petra', 'Börst-Harder', '1.1.1965.', 'n');
insert into CandidatesData (idno) VALUES (3925);
insert into Candidacy (wkid, idno, supportedby) VALUES (142, 3925, 2);
insert into LandesListe (llid, year, pid, fsid) VALUES (337, 2013, 2, 6);
insert into Landeslistenplatz (llid, idno, position) VALUES (337, 3925, 6);
insert into Citizen (idno, title, firstname, lastname, dateofbirth, gender) VALUES (3926, '', 'Ralph Kurt', 'Boes', '1.1.1957.', 'n');
insert into CandidatesData (idno) VALUES (3926);
insert into Candidacy (wkid, idno, supportedby) VALUES (150, 3926, NULL);
insert into Citizen (idno, title, firstname, lastname, dateofbirth, gender) VALUES (3927, '', 'Detlev', 'Bötcher', '1.1.1969.', 'n');
insert into CandidatesData (idno) VALUES (3927);
insert into Landeslistenplatz (llid, idno, position) VALUES (215, 3927, 8);
insert into Citizen (idno, title, firstname, lastname, dateofbirth, gender) VALUES (3928, '', 'Gunhild', 'Böth', '1.1.1952.', 'n');
insert into CandidatesData (idno) VALUES (3928);
insert into Candidacy (wkid, idno, supportedby) VALUES (206, 3928, 3);
insert into Citizen (idno, title, firstname, lastname, dateofbirth, gender) VALUES (3929, 'Dr. ', 'Ute Gertraud', 'Böttger', '1.1.1956.', 'n');
insert into CandidatesData (idno) VALUES (3929);
insert into Landeslistenplatz (llid, idno, position) VALUES (325, 3929, 6);
insert into Citizen (idno, title, firstname, lastname, dateofbirth, gender) VALUES (3930, '', 'Nikola', 'Bogdanovic', '1.1.1968.', 'n');
insert into CandidatesData (idno) VALUES (3930);
insert into LandesListe (llid, year, pid, fsid) VALUES (338, 2013, 10, 5);
insert into Landeslistenplatz (llid, idno, position) VALUES (338, 3930, 7);
insert into Citizen (idno, title, firstname, lastname, dateofbirth, gender) VALUES (3931, '', 'Nabiel Peter', 'Bogendorff von Wolffersdorff', '1.1.1963.', 'n');
insert into CandidatesData (idno) VALUES (3931);
insert into LandesListe (llid, year, pid, fsid) VALUES (339, 2013, 33, 16);
insert into Landeslistenplatz (llid, idno, position) VALUES (339, 3931, 3);
insert into Citizen (idno, title, firstname, lastname, dateofbirth, gender) VALUES (3932, '', 'Julia', 'Bognar', '1.1.1983.', 'n');
insert into CandidatesData (idno) VALUES (3932);
insert into Landeslistenplatz (llid, idno, position) VALUES (244, 3932, 20);
insert into Citizen (idno, title, firstname, lastname, dateofbirth, gender) VALUES (3933, '', 'Andrea Beate', 'Bogner', '1.1.1961.', 'n');
insert into CandidatesData (idno) VALUES (3933);
insert into Candidacy (wkid, idno, supportedby) VALUES (134, 3933, 7);
insert into Citizen (idno, title, firstname, lastname, dateofbirth, gender) VALUES (3934, '', 'Volker', 'Bohn', '1.1.1951.', 'n');
insert into CandidatesData (idno) VALUES (3934);
insert into Candidacy (wkid, idno, supportedby) VALUES (552, 3934, 3);
insert into Citizen (idno, title, firstname, lastname, dateofbirth, gender) VALUES (3935, '', 'Jörg', 'Bohne', '1.1.1953.', 'n');
insert into CandidatesData (idno) VALUES (3935);
insert into LandesListe (llid, year, pid, fsid) VALUES (340, 2013, 33, 6);
insert into Landeslistenplatz (llid, idno, position) VALUES (340, 3935, 2);
insert into Citizen (idno, title, firstname, lastname, dateofbirth, gender) VALUES (3936, '', 'Hermann', 'Bohnenkamp', '1.1.1956.', 'n');
insert into CandidatesData (idno) VALUES (3936);
insert into Landeslistenplatz (llid, idno, position) VALUES (302, 3936, 5);
insert into Citizen (idno, title, firstname, lastname, dateofbirth, gender) VALUES (3937, '', 'Elke', 'Bois du', '1.1.1959.', 'n');
insert into CandidatesData (idno) VALUES (3937);
insert into Candidacy (wkid, idno, supportedby) VALUES (132, 3937, 32);
insert into LandesListe (llid, year, pid, fsid) VALUES (341, 2013, 32, 6);
insert into Landeslistenplatz (llid, idno, position) VALUES (341, 3937, 1);
insert into Citizen (idno, title, firstname, lastname, dateofbirth, gender) VALUES (3938, '', 'Karl-Heinz', 'Bok', '1.1.1951.', 'n');
insert into CandidatesData (idno) VALUES (3938);
insert into Landeslistenplatz (llid, idno, position) VALUES (292, 3938, 26);
insert into Citizen (idno, title, firstname, lastname, dateofbirth, gender) VALUES (3939, '', 'Florian', 'Bokor', '1.1.1975.', 'n');
insert into CandidatesData (idno) VALUES (3939);
insert into Candidacy (wkid, idno, supportedby) VALUES (304, 3939, 7);
insert into Landeslistenplatz (llid, idno, position) VALUES (258, 3939, 4);
insert into Citizen (idno, title, firstname, lastname, dateofbirth, gender) VALUES (3940, '', 'Kathrin Anke', 'Boleslawsky', '1.1.1971.', 'n');
insert into CandidatesData (idno) VALUES (3940);
insert into Candidacy (wkid, idno, supportedby) VALUES (112, 3940, 5);
insert into Citizen (idno, title, firstname, lastname, dateofbirth, gender) VALUES (3941, '', 'Rainer', 'Bolle', '1.1.1962.', 'n');
insert into CandidatesData (idno) VALUES (3941);
insert into LandesListe (llid, year, pid, fsid) VALUES (342, 2013, 33, 4);
insert into Landeslistenplatz (llid, idno, position) VALUES (342, 3941, 20);
insert into Citizen (idno, title, firstname, lastname, dateofbirth, gender) VALUES (3942, '', 'Jürgen', 'Bolte', '1.1.1950.', 'n');
insert into CandidatesData (idno) VALUES (3942);
insert into Candidacy (wkid, idno, supportedby) VALUES (156, 3942, 1);
insert into Citizen (idno, title, firstname, lastname, dateofbirth, gender) VALUES (3943, '', 'Richard', 'Bolte', '1.1.1972.', 'n');
insert into CandidatesData (idno) VALUES (3943);
insert into LandesListe (llid, year, pid, fsid) VALUES (343, 2013, 19, 3);
insert into Landeslistenplatz (llid, idno, position) VALUES (343, 3943, 1);
insert into Citizen (idno, title, firstname, lastname, dateofbirth, gender) VALUES (3944, '', 'Andreas', 'Boltze', '1.1.1987.', 'n');
insert into CandidatesData (idno) VALUES (3944);
insert into Candidacy (wkid, idno, supportedby) VALUES (564, 3944, 1);
insert into Citizen (idno, title, firstname, lastname, dateofbirth, gender) VALUES (3945, '', 'Erhard', 'Bolz', '1.1.1940.', 'n');
insert into CandidatesData (idno) VALUES (3945);
insert into Candidacy (wkid, idno, supportedby) VALUES (428, 3945, 41);
insert into Landeslistenplatz (llid, idno, position) VALUES (328, 3945, 6);
insert into Citizen (idno, title, firstname, lastname, dateofbirth, gender) VALUES (3946, '', 'Wolfgang', 'Bolz', '1.1.1941.', 'n');
insert into CandidatesData (idno) VALUES (3946);
insert into Candidacy (wkid, idno, supportedby) VALUES (160, 3946, 41);
insert into Citizen (idno, title, firstname, lastname, dateofbirth, gender) VALUES (3947, '', 'Johannes', 'Bombeck', '1.1.1962.', 'n');
insert into CandidatesData (idno) VALUES (3947);
insert into Landeslistenplatz (llid, idno, position) VALUES (257, 3947, 18);
insert into Citizen (idno, title, firstname, lastname, dateofbirth, gender) VALUES (3948, '', 'Lutz', 'Bommel', '1.1.1969.', 'n');
insert into CandidatesData (idno) VALUES (3948);
insert into Candidacy (wkid, idno, supportedby) VALUES (130, 3948, 7);
insert into Citizen (idno, title, firstname, lastname, dateofbirth, gender) VALUES (3949, '', 'Gisela', 'Bongardt', '1.1.1940.', 'n');
insert into CandidatesData (idno) VALUES (3949);
insert into Landeslistenplatz (llid, idno, position) VALUES (319, 3949, 7);
insert into Citizen (idno, title, firstname, lastname, dateofbirth, gender) VALUES (3950, '', 'Andreas Stefan', 'Boom', '1.1.1959.', 'n');
insert into CandidatesData (idno) VALUES (3950);
insert into Landeslistenplatz (llid, idno, position) VALUES (203, 3950, 11);
insert into Citizen (idno, title, firstname, lastname, dateofbirth, gender) VALUES (3951, '', 'Alf-Heinz', 'Borchardt', '1.1.1953.', 'n');
insert into CandidatesData (idno) VALUES (3951);
insert into Candidacy (wkid, idno, supportedby) VALUES (392, 3951, 4);
insert into LandesListe (llid, year, pid, fsid) VALUES (344, 2013, 4, 9);
insert into Landeslistenplatz (llid, idno, position) VALUES (344, 3951, 6);
insert into Citizen (idno, title, firstname, lastname, dateofbirth, gender) VALUES (3952, '', 'Daniel', 'Borchert', '1.1.1992.', 'n');
insert into CandidatesData (idno) VALUES (3952);
insert into LandesListe (llid, year, pid, fsid) VALUES (345, 2013, 43, 5);
insert into Landeslistenplatz (llid, idno, position) VALUES (345, 3952, 5);
insert into Citizen (idno, title, firstname, lastname, dateofbirth, gender) VALUES (3953, '', 'Sonja Angela', 'Borgwardt', '1.1.1951.', 'n');
insert into CandidatesData (idno) VALUES (3953);
insert into LandesListe (llid, year, pid, fsid) VALUES (346, 2013, 13, 13);
insert into Landeslistenplatz (llid, idno, position) VALUES (346, 3953, 5);
insert into Citizen (idno, title, firstname, lastname, dateofbirth, gender) VALUES (3954, '', 'Daniel', 'Born', '1.1.1975.', 'n');
insert into CandidatesData (idno) VALUES (3954);
insert into Candidacy (wkid, idno, supportedby) VALUES (556, 3954, 2);
insert into Landeslistenplatz (llid, idno, position) VALUES (249, 3954, 25);
insert into Citizen (idno, title, firstname, lastname, dateofbirth, gender) VALUES (3955, '', 'Helmut', 'Born', '1.1.1952.', 'n');
insert into CandidatesData (idno) VALUES (3955);
insert into Candidacy (wkid, idno, supportedby) VALUES (212, 3955, 3);
insert into Citizen (idno, title, firstname, lastname, dateofbirth, gender) VALUES (3956, '', 'Thomas', 'Born', '1.1.1983.', 'n');
insert into CandidatesData (idno) VALUES (3956);
insert into Candidacy (wkid, idno, supportedby) VALUES (310, 3956, 10);
insert into Citizen (idno, title, firstname, lastname, dateofbirth, gender) VALUES (3957, '', 'Marco', 'Borrmann', '1.1.1978.', 'n');
insert into CandidatesData (idno) VALUES (3957);
insert into Candidacy (wkid, idno, supportedby) VALUES (106, 3957, 1);
insert into LandesListe (llid, year, pid, fsid) VALUES (347, 2013, 1, 3);
insert into Landeslistenplatz (llid, idno, position) VALUES (347, 3957, 2);
insert into Citizen (idno, title, firstname, lastname, dateofbirth, gender) VALUES (3958, '', 'Christiane', 'Boruzs', '1.1.1971.', 'n');
insert into CandidatesData (idno) VALUES (3958);
insert into Candidacy (wkid, idno, supportedby) VALUES (434, 3958, 33);
insert into Citizen (idno, title, firstname, lastname, dateofbirth, gender) VALUES (3959, '', 'Wolfgang', 'Bosbach', '1.1.1952.', 'n');
insert into CandidatesData (idno) VALUES (3959);
insert into Candidacy (wkid, idno, supportedby) VALUES (200, 3959, 12);
insert into Landeslistenplatz (llid, idno, position) VALUES (310, 3959, 7);
insert into Citizen (idno, title, firstname, lastname, dateofbirth, gender) VALUES (3960, '', 'Hans Joachim', 'Boseld', '1.1.1952.', 'n');
insert into CandidatesData (idno) VALUES (3960);
insert into Candidacy (wkid, idno, supportedby) VALUES (348, 3960, 1);
insert into Citizen (idno, title, firstname, lastname, dateofbirth, gender) VALUES (3961, '', 'Ulrich', 'Bossler', '1.1.1963.', 'n');
insert into CandidatesData (idno) VALUES (3961);
insert into Candidacy (wkid, idno, supportedby) VALUES (584, 3961, 32);
insert into Landeslistenplatz (llid, idno, position) VALUES (265, 3961, 1);
insert into Citizen (idno, title, firstname, lastname, dateofbirth, gender) VALUES (3962, '', 'Vinzenz', 'Bothe', '1.1.1983.', 'n');
insert into CandidatesData (idno) VALUES (3962);
insert into Landeslistenplatz (llid, idno, position) VALUES (279, 3962, 47);
insert into Citizen (idno, title, firstname, lastname, dateofbirth, gender) VALUES (3963, '', 'Harry Hermann', 'Botzenhardt', '1.1.1956.', 'n');
insert into CandidatesData (idno) VALUES (3963);
insert into Candidacy (wkid, idno, supportedby) VALUES (556, 3963, 7);
insert into Citizen (idno, title, firstname, lastname, dateofbirth, gender) VALUES (3964, '', 'Elke', 'Bouillon', '1.1.1963.', 'n');
insert into CandidatesData (idno) VALUES (3964);
insert into LandesListe (llid, year, pid, fsid) VALUES (348, 2013, 5, 9);
insert into Landeslistenplatz (llid, idno, position) VALUES (348, 3964, 7);
insert into Citizen (idno, title, firstname, lastname, dateofbirth, gender) VALUES (3965, '', 'Stefan', 'Boxler', '1.1.1964.', 'n');
insert into CandidatesData (idno) VALUES (3965);
insert into Candidacy (wkid, idno, supportedby) VALUES (404, 3965, 5);
insert into Citizen (idno, title, firstname, lastname, dateofbirth, gender) VALUES (3966, '', 'Stephan', 'Boyens', '1.1.1962.', 'n');
insert into CandidatesData (idno) VALUES (3966);
insert into Candidacy (wkid, idno, supportedby) VALUES (188, 3966, 33);
insert into Landeslistenplatz (llid, idno, position) VALUES (253, 3966, 9);
insert into Citizen (idno, title, firstname, lastname, dateofbirth, gender) VALUES (3967, '', 'Gonca', 'Bozkurt', '1.1.1972.', 'n');
insert into CandidatesData (idno) VALUES (3967);
insert into Landeslistenplatz (llid, idno, position) VALUES (205, 3967, 6);
insert into Citizen (idno, title, firstname, lastname, dateofbirth, gender) VALUES (3968, '', 'Serdar', 'Boztemur', '1.1.1989.', 'n');
insert into CandidatesData (idno) VALUES (3968);
insert into Candidacy (wkid, idno, supportedby) VALUES (210, 3968, 3);
insert into Citizen (idno, title, firstname, lastname, dateofbirth, gender) VALUES (3969, '', 'Benjamin', 'Braatz', '1.1.1978.', 'n');
insert into CandidatesData (idno) VALUES (3969);
insert into LandesListe (llid, year, pid, fsid) VALUES (349, 2013, 7, 2);
insert into Landeslistenplatz (llid, idno, position) VALUES (349, 3969, 12);
insert into Citizen (idno, title, firstname, lastname, dateofbirth, gender) VALUES (3970, '', 'Werner', 'Bracht', '1.1.1949.', 'n');
insert into CandidatesData (idno) VALUES (3970);
insert into Candidacy (wkid, idno, supportedby) VALUES (334, 3970, NULL);
insert into Citizen (idno, title, firstname, lastname, dateofbirth, gender) VALUES (3971, '', 'Nicole', 'Bracht-Bendt', '1.1.1959.', 'n');
insert into CandidatesData (idno) VALUES (3971);
insert into Candidacy (wkid, idno, supportedby) VALUES (72, 3971, 4);
insert into Citizen (idno, title, firstname, lastname, dateofbirth, gender) VALUES (3972, '', 'Norbert', 'Brackmann', '1.1.1954.', 'n');
insert into CandidatesData (idno) VALUES (3972);
insert into Candidacy (wkid, idno, supportedby) VALUES (20, 3972, 12);
insert into Landeslistenplatz (llid, idno, position) VALUES (335, 3972, 9);
insert into Citizen (idno, title, firstname, lastname, dateofbirth, gender) VALUES (3973, '', 'Andreas Jens', 'Brade', '1.1.1966.', 'n');
insert into CandidatesData (idno) VALUES (3973);
insert into Landeslistenplatz (llid, idno, position) VALUES (308, 3973, 20);
insert into Citizen (idno, title, firstname, lastname, dateofbirth, gender) VALUES (3974, '', 'Klaus Peter', 'Brähmig', '1.1.1957.', 'n');
insert into CandidatesData (idno) VALUES (3974);
insert into Candidacy (wkid, idno, supportedby) VALUES (316, 3974, 12);
insert into Landeslistenplatz (llid, idno, position) VALUES (308, 3974, 6);
insert into Citizen (idno, title, firstname, lastname, dateofbirth, gender) VALUES (3975, '', 'Georg', 'Bräutigam', '1.1.1955.', 'n');
insert into CandidatesData (idno) VALUES (3975);
insert into Landeslistenplatz (llid, idno, position) VALUES (319, 3975, 8);
insert into Citizen (idno, title, firstname, lastname, dateofbirth, gender) VALUES (3976, '', 'Jörg', 'Brand', '1.1.1972.', 'n');
insert into CandidatesData (idno) VALUES (3976);
insert into Landeslistenplatz (llid, idno, position) VALUES (315, 3976, 6);
insert into Citizen (idno, title, firstname, lastname, dateofbirth, gender) VALUES (3977, '', 'Kurt Karl Wilhelm', 'Brand', '1.1.1964.', 'n');
insert into CandidatesData (idno) VALUES (3977);
insert into Landeslistenplatz (llid, idno, position) VALUES (342, 3977, 32);
insert into Citizen (idno, title, firstname, lastname, dateofbirth, gender) VALUES (3978, '', 'Michael', 'Brand', '1.1.1973.', 'n');
insert into CandidatesData (idno) VALUES (3978);
insert into Candidacy (wkid, idno, supportedby) VALUES (348, 3978, 12);
insert into Landeslistenplatz (llid, idno, position) VALUES (262, 3978, 16);
insert into Citizen (idno, title, firstname, lastname, dateofbirth, gender) VALUES (3979, '', 'Jens', 'Brandenburg', '1.1.1986.', 'n');
insert into CandidatesData (idno) VALUES (3979);
insert into Candidacy (wkid, idno, supportedby) VALUES (554, 3979, 4);
insert into Landeslistenplatz (llid, idno, position) VALUES (224, 3979, 11);
insert into Citizen (idno, title, firstname, lastname, dateofbirth, gender) VALUES (3980, '', 'Pierre Claude René', 'Brandenstein', '1.1.1968.', 'n');
insert into CandidatesData (idno) VALUES (3980);
insert into Landeslistenplatz (llid, idno, position) VALUES (262, 3980, 36);
insert into Citizen (idno, title, firstname, lastname, dateofbirth, gender) VALUES (3981, '', 'Jan Uwe Andreas', 'Brandes', '1.1.1959.', 'n');
insert into CandidatesData (idno) VALUES (3981);
insert into Landeslistenplatz (llid, idno, position) VALUES (339, 3981, 5);
insert into Citizen (idno, title, firstname, lastname, dateofbirth, gender) VALUES (3982, '', 'Birgit', 'Brandin', '1.1.1961.', 'n');
insert into CandidatesData (idno) VALUES (3982);
insert into Landeslistenplatz (llid, idno, position) VALUES (340, 3982, 7);
insert into Citizen (idno, title, firstname, lastname, dateofbirth, gender) VALUES (3983, '', 'Anton', 'Brandl', '1.1.1962.', 'n');
insert into CandidatesData (idno) VALUES (3983);
insert into Candidacy (wkid, idno, supportedby) VALUES (434, 3983, 4);
insert into Landeslistenplatz (llid, idno, position) VALUES (276, 3983, 36);
insert into Citizen (idno, title, firstname, lastname, dateofbirth, gender) VALUES (3984, 'Dr. ', 'Reinhard', 'Brandl', '1.1.1977.', 'n');
insert into CandidatesData (idno) VALUES (3984);
insert into Candidacy (wkid, idno, supportedby) VALUES (434, 3984, 9);
insert into Citizen (idno, title, firstname, lastname, dateofbirth, gender) VALUES (3985, '', 'Achim', 'Brandt', '1.1.1965.', 'n');
insert into CandidatesData (idno) VALUES (3985);
insert into Landeslistenplatz (llid, idno, position) VALUES (286, 3985, 5);
insert into Citizen (idno, title, firstname, lastname, dateofbirth, gender) VALUES (3986, '', 'Alexander', 'Brandt', '1.1.1975.', 'n');
insert into CandidatesData (idno) VALUES (3986);
insert into Candidacy (wkid, idno, supportedby) VALUES (536, 3986, 7);
insert into Citizen (idno, title, firstname, lastname, dateofbirth, gender) VALUES (3987, '', 'Helmut', 'Brandt', '1.1.1950.', 'n');
insert into CandidatesData (idno) VALUES (3987);
insert into Candidacy (wkid, idno, supportedby) VALUES (176, 3987, 12);
insert into Landeslistenplatz (llid, idno, position) VALUES (310, 3987, 23);
insert into Citizen (idno, title, firstname, lastname, dateofbirth, gender) VALUES (3988, '', 'Kathrin', 'Brandt', '1.1.1987.', 'n');
insert into CandidatesData (idno) VALUES (3988);
insert into Landeslistenplatz (llid, idno, position) VALUES (226, 3988, 18);
insert into Citizen (idno, title, firstname, lastname, dateofbirth, gender) VALUES (3989, '', 'Robert', 'Brandt', '1.1.1951.', 'n');
insert into CandidatesData (idno) VALUES (3989);
insert into Candidacy (wkid, idno, supportedby) VALUES (248, 3989, 3);
insert into Landeslistenplatz (llid, idno, position) VALUES (269, 3989, 23);
insert into Citizen (idno, title, firstname, lastname, dateofbirth, gender) VALUES (3990, '', 'Bernd', 'Brandtner', '1.1.1968.', 'n');
insert into CandidatesData (idno) VALUES (3990);
insert into Candidacy (wkid, idno, supportedby) VALUES (302, 3990, 5);
insert into Citizen (idno, title, firstname, lastname, dateofbirth, gender) VALUES (3991, 'Dr. ', 'Franziska', 'Brantner', '1.1.1979.', 'n');
insert into CandidatesData (idno) VALUES (3991);
insert into Candidacy (wkid, idno, supportedby) VALUES (548, 3991, 5);
insert into Landeslistenplatz (llid, idno, position) VALUES (234, 3991, 9);
insert into Citizen (idno, title, firstname, lastname, dateofbirth, gender) VALUES (3992, '', 'Willi', 'Brase', '1.1.1951.', 'n');
insert into CandidatesData (idno) VALUES (3992);
insert into Candidacy (wkid, idno, supportedby) VALUES (296, 3992, 2);
insert into Landeslistenplatz (llid, idno, position) VALUES (246, 3992, 3);
insert into Citizen (idno, title, firstname, lastname, dateofbirth, gender) VALUES (3993, '', 'Alexander Marcel', 'Brateanu', '1.1.1991.', 'n');
insert into CandidatesData (idno) VALUES (3993);
insert into Landeslistenplatz (llid, idno, position) VALUES (258, 3993, 7);
insert into Citizen (idno, title, firstname, lastname, dateofbirth, gender) VALUES (3994, '', 'Roman', 'Brauchle', '1.1.1980.', 'n');
insert into CandidatesData (idno) VALUES (3994);
insert into Candidacy (wkid, idno, supportedby) VALUES (588, 3994, 7);
insert into Citizen (idno, title, firstname, lastname, dateofbirth, gender) VALUES (3995, '', 'Stephen', 'Brauer', '1.1.1970.', 'n');
insert into CandidatesData (idno) VALUES (3995);
insert into Candidacy (wkid, idno, supportedby) VALUES (536, 3995, 4);
insert into Landeslistenplatz (llid, idno, position) VALUES (224, 3995, 17);
insert into Citizen (idno, title, firstname, lastname, dateofbirth, gender) VALUES (3996, '', 'Rolf-Dieter', 'Braukmüller', '1.1.1947.', 'n');
insert into CandidatesData (idno) VALUES (3996);
insert into Landeslistenplatz (llid, idno, position) VALUES (340, 3996, 11);
insert into Citizen (idno, title, firstname, lastname, dateofbirth, gender) VALUES (3997, 'Dr. ', 'Ralf Wolfgang', 'Brauksiepe', '1.1.1967.', 'n');
insert into CandidatesData (idno) VALUES (3997);
insert into Candidacy (wkid, idno, supportedby) VALUES (278, 3997, 12);
insert into Landeslistenplatz (llid, idno, position) VALUES (310, 3997, 13);
insert into Citizen (idno, title, firstname, lastname, dateofbirth, gender) VALUES (3998, '', 'Adolf', 'Braun', '1.1.1949.', 'n');
insert into CandidatesData (idno) VALUES (3998);
insert into Landeslistenplatz (llid, idno, position) VALUES (308, 3998, 15);
insert into Citizen (idno, title, firstname, lastname, dateofbirth, gender) VALUES (3999, '', 'Christian', 'Braun', '1.1.1985.', 'n');
insert into CandidatesData (idno) VALUES (3999);
insert into Candidacy (wkid, idno, supportedby) VALUES (58, 3999, 7);
insert into Citizen (idno, title, firstname, lastname, dateofbirth, gender) VALUES (4000, 'Dr. ', 'Helge Reinhold', 'Braun', '1.1.1972.', 'n');
insert into CandidatesData (idno) VALUES (4000);
insert into Candidacy (wkid, idno, supportedby) VALUES (346, 4000, 12);
insert into Landeslistenplatz (llid, idno, position) VALUES (262, 4000, 7);
insert into Citizen (idno, title, firstname, lastname, dateofbirth, gender) VALUES (4001, '', 'Gabriele', 'Braun', '1.1.1956.', 'n');
insert into CandidatesData (idno) VALUES (4001);
insert into LandesListe (llid, year, pid, fsid) VALUES (350, 2013, 3, 4);
insert into Landeslistenplatz (llid, idno, position) VALUES (350, 4001, 9);
insert into Citizen (idno, title, firstname, lastname, dateofbirth, gender) VALUES (4002, '', 'Martin', 'Braun', '1.1.1990.', 'n');
insert into CandidatesData (idno) VALUES (4002);
insert into Candidacy (wkid, idno, supportedby) VALUES (340, 4002, 1);
insert into Citizen (idno, title, firstname, lastname, dateofbirth, gender) VALUES (4003, '', 'Michael', 'Braun', '1.1.1965.', 'n');
insert into CandidatesData (idno) VALUES (4003);
insert into Candidacy (wkid, idno, supportedby) VALUES (198, 4003, 5);
insert into Citizen (idno, title, firstname, lastname, dateofbirth, gender) VALUES (4004, '', 'Petra', 'Braun', '1.1.1957.', 'n');
insert into CandidatesData (idno) VALUES (4004);
insert into Candidacy (wkid, idno, supportedby) VALUES (250, 4004, 13);
insert into Citizen (idno, title, firstname, lastname, dateofbirth, gender) VALUES (4005, '', 'Oscar', 'Braunert', '1.1.1990.', 'n');
insert into CandidatesData (idno) VALUES (4005);
insert into Landeslistenplatz (llid, idno, position) VALUES (201, 4005, 44);
insert into Citizen (idno, title, firstname, lastname, dateofbirth, gender) VALUES (4006, '', 'Johannes Wilhelm', 'Brauwers', '1.1.1949.', 'n');
insert into CandidatesData (idno) VALUES (4006);
insert into Landeslistenplatz (llid, idno, position) VALUES (297, 4006, 53);
insert into Citizen (idno, title, firstname, lastname, dateofbirth, gender) VALUES (4007, '', 'Jörg', 'Brechlin', '1.1.1972.', 'n');
insert into CandidatesData (idno) VALUES (4007);
insert into Candidacy (wkid, idno, supportedby) VALUES (388, 4007, 35);
insert into Citizen (idno, title, firstname, lastname, dateofbirth, gender) VALUES (4008, '', 'Kerstin', 'Breckel', '1.1.1975.', 'n');
insert into CandidatesData (idno) VALUES (4008);
insert into Candidacy (wkid, idno, supportedby) VALUES (96, 4008, 1);
insert into Citizen (idno, title, firstname, lastname, dateofbirth, gender) VALUES (4009, '', 'Heike', 'Brehmer', '1.1.1962.', 'n');
insert into CandidatesData (idno) VALUES (4009);
insert into Candidacy (wkid, idno, supportedby) VALUES (136, 4009, 12);
insert into Landeslistenplatz (llid, idno, position) VALUES (305, 4009, 1);
insert into Citizen (idno, title, firstname, lastname, dateofbirth, gender) VALUES (4010, '', 'Klaus', 'Breil', '1.1.1945.', 'n');
insert into CandidatesData (idno) VALUES (4010);
insert into Candidacy (wkid, idno, supportedby) VALUES (452, 4010, 4);
insert into Landeslistenplatz (llid, idno, position) VALUES (276, 4010, 11);
insert into Citizen (idno, title, firstname, lastname, dateofbirth, gender) VALUES (4011, '', 'Andreas', 'Breitschu', '1.1.1982.', 'n');
insert into CandidatesData (idno) VALUES (4011);
insert into Candidacy (wkid, idno, supportedby) VALUES (142, 4011, 7);
insert into LandesListe (llid, year, pid, fsid) VALUES (351, 2013, 7, 6);
insert into Landeslistenplatz (llid, idno, position) VALUES (351, 4011, 4);
insert into Citizen (idno, title, firstname, lastname, dateofbirth, gender) VALUES (4012, '', 'Gerd', 'Brems', '1.1.1952.', 'n');
insert into CandidatesData (idno) VALUES (4012);
insert into Candidacy (wkid, idno, supportedby) VALUES (206, 4012, 4);
insert into Landeslistenplatz (llid, idno, position) VALUES (272, 4012, 38);
insert into Citizen (idno, title, firstname, lastname, dateofbirth, gender) VALUES (4013, 'Dr. ', 'Gerhard', 'Brenner', '1.1.1949.', 'n');
insert into CandidatesData (idno) VALUES (4013);
insert into Candidacy (wkid, idno, supportedby) VALUES (218, 4013, 5);
insert into Citizen (idno, title, firstname, lastname, dateofbirth, gender) VALUES (4014, '', 'Eberhard', 'Brett', '1.1.1954.', 'n');
insert into CandidatesData (idno) VALUES (4014);
insert into Candidacy (wkid, idno, supportedby) VALUES (518, 4014, 33);
insert into Landeslistenplatz (llid, idno, position) VALUES (314, 4014, 7);
insert into Citizen (idno, title, firstname, lastname, dateofbirth, gender) VALUES (4015, '', 'Heidi', 'Breuer', '1.1.1953.', 'n');
insert into CandidatesData (idno) VALUES (4015);
insert into Candidacy (wkid, idno, supportedby) VALUES (252, 4015, 3);
insert into Citizen (idno, title, firstname, lastname, dateofbirth, gender) VALUES (4016, '', 'Michael', 'Breukel', '1.1.1968.', 'n');
insert into CandidatesData (idno) VALUES (4016);
insert into Candidacy (wkid, idno, supportedby) VALUES (374, 4016, 7);
insert into Citizen (idno, title, firstname, lastname, dateofbirth, gender) VALUES (4017, '', 'Daniel Alexis-Adolf', 'Breutmann', '1.1.1976.', 'n');
insert into CandidatesData (idno) VALUES (4017);
insert into Candidacy (wkid, idno, supportedby) VALUES (314, 4017, 4);
insert into Landeslistenplatz (llid, idno, position) VALUES (334, 4017, 13);
insert into Citizen (idno, title, firstname, lastname, dateofbirth, gender) VALUES (4018, '', 'Patrick', 'Breyer', '1.1.1977.', 'n');
insert into CandidatesData (idno) VALUES (4018);
insert into Candidacy (wkid, idno, supportedby) VALUES (6, 4018, 7);
insert into Citizen (idno, title, firstname, lastname, dateofbirth, gender) VALUES (4019, '', 'Arthur', 'Brieger', '1.1.1995.', 'n');
insert into CandidatesData (idno) VALUES (4019);
insert into Landeslistenplatz (llid, idno, position) VALUES (201, 4019, 52);
insert into Citizen (idno, title, firstname, lastname, dateofbirth, gender) VALUES (4020, '', 'Simone', 'Briese-Finke', '1.1.1964.', 'n');
insert into CandidatesData (idno) VALUES (4020);
insert into LandesListe (llid, year, pid, fsid) VALUES (352, 2013, 5, 15);
insert into Landeslistenplatz (llid, idno, position) VALUES (352, 4020, 4);
insert into Citizen (idno, title, firstname, lastname, dateofbirth, gender) VALUES (4021, '', 'Ralph', 'Brinkhaus', '1.1.1968.', 'n');
insert into CandidatesData (idno) VALUES (4021);
insert into Candidacy (wkid, idno, supportedby) VALUES (262, 4021, 12);
insert into Landeslistenplatz (llid, idno, position) VALUES (310, 4021, 41);
insert into Citizen (idno, title, firstname, lastname, dateofbirth, gender) VALUES (4022, '', 'Günter', 'Brinkmann', '1.1.1947.', 'n');
insert into CandidatesData (idno) VALUES (4022);
insert into Landeslistenplatz (llid, idno, position) VALUES (319, 4022, 12);
insert into Citizen (idno, title, firstname, lastname, dateofbirth, gender) VALUES (4023, '', 'Hannelore Gabriele', 'Brinkmann', '1.1.1953.', 'n');
insert into CandidatesData (idno) VALUES (4023);
insert into Landeslistenplatz (llid, idno, position) VALUES (312, 4023, 26);
insert into Citizen (idno, title, firstname, lastname, dateofbirth, gender) VALUES (4024, '', 'Dirk', 'Brinkschmidt', '1.1.1975.', 'n');
insert into CandidatesData (idno) VALUES (4024);
insert into Candidacy (wkid, idno, supportedby) VALUES (272, 4024, 5);
insert into Citizen (idno, title, firstname, lastname, dateofbirth, gender) VALUES (4025, '', 'Ralf', 'Brisach', '1.1.1966.', 'n');
insert into CandidatesData (idno) VALUES (4025);
insert into Landeslistenplatz (llid, idno, position) VALUES (254, 4025, 11);
insert into Citizen (idno, title, firstname, lastname, dateofbirth, gender) VALUES (4026, '', 'Nicole', 'Britz', '1.1.1969.', 'n');
insert into CandidatesData (idno) VALUES (4026);
insert into Landeslistenplatz (llid, idno, position) VALUES (245, 4026, 8);
insert into Citizen (idno, title, firstname, lastname, dateofbirth, gender) VALUES (4027, '', 'Wolfgang', 'Britzl', '1.1.1983.', 'n');
insert into CandidatesData (idno) VALUES (4027);
insert into Landeslistenplatz (llid, idno, position) VALUES (245, 4027, 17);
insert into Citizen (idno, title, firstname, lastname, dateofbirth, gender) VALUES (4028, '', 'Matthias', 'Brodbeck', '1.1.1972.', 'n');
insert into CandidatesData (idno) VALUES (4028);
insert into Candidacy (wkid, idno, supportedby) VALUES (534, 4028, 1);
insert into Citizen (idno, title, firstname, lastname, dateofbirth, gender) VALUES (4029, '', 'Carsten-Peter', 'Brodersen', '1.1.1957.', 'n');
insert into CandidatesData (idno) VALUES (4029);
insert into Candidacy (wkid, idno, supportedby) VALUES (2, 4029, 4);
insert into Landeslistenplatz (llid, idno, position) VALUES (251, 4029, 12);
insert into Citizen (idno, title, firstname, lastname, dateofbirth, gender) VALUES (4030, '', 'Christoph', 'Brodhun', '1.1.1988.', 'n');
insert into CandidatesData (idno) VALUES (4030);
insert into Landeslistenplatz (llid, idno, position) VALUES (242, 4030, 55);
insert into Citizen (idno, title, firstname, lastname, dateofbirth, gender) VALUES (4031, '', 'Bernd', 'Brodtrück', '1.1.1970.', 'n');
insert into CandidatesData (idno) VALUES (4031);
insert into LandesListe (llid, year, pid, fsid) VALUES (353, 2013, 10, 16);
insert into Landeslistenplatz (llid, idno, position) VALUES (353, 4031, 7);
insert into Citizen (idno, title, firstname, lastname, dateofbirth, gender) VALUES (4032, '', 'Elisabeth', 'Bröskamp', '1.1.1969.', 'n');
insert into CandidatesData (idno) VALUES (4032);
insert into Candidacy (wkid, idno, supportedby) VALUES (396, 4032, 5);
insert into Citizen (idno, title, firstname, lastname, dateofbirth, gender) VALUES (4033, 'Dr. ', 'Hugh', 'Bronson', '1.1.1961.', 'n');
insert into CandidatesData (idno) VALUES (4033);
insert into Candidacy (wkid, idno, supportedby) VALUES (160, 4033, 33);
insert into Landeslistenplatz (llid, idno, position) VALUES (303, 4033, 4);
insert into Citizen (idno, title, firstname, lastname, dateofbirth, gender) VALUES (4034, '', 'Dieter', 'Brose', '1.1.1943.', 'n');
insert into CandidatesData (idno) VALUES (4034);
insert into Landeslistenplatz (llid, idno, position) VALUES (306, 4034, 5);
insert into Citizen (idno, title, firstname, lastname, dateofbirth, gender) VALUES (4035, '', 'Michael', 'Brück', '1.1.1990.', 'n');
insert into CandidatesData (idno) VALUES (4035);
insert into Landeslistenplatz (llid, idno, position) VALUES (345, 4035, 3);
insert into Citizen (idno, title, firstname, lastname, dateofbirth, gender) VALUES (4036, '', 'Valentin', 'Brückel', '1.1.1981.', 'n');
insert into CandidatesData (idno) VALUES (4036);
insert into Landeslistenplatz (llid, idno, position) VALUES (248, 4036, 11);
insert into Citizen (idno, title, firstname, lastname, dateofbirth, gender) VALUES (4037, '', 'Christoph', 'Brückmann', '1.1.1983.', 'n');
insert into CandidatesData (idno) VALUES (4037);
insert into LandesListe (llid, year, pid, fsid) VALUES (354, 2013, 7, 14);
insert into Landeslistenplatz (llid, idno, position) VALUES (354, 4037, 3);
insert into Citizen (idno, title, firstname, lastname, dateofbirth, gender) VALUES (4038, '', 'Rainer', 'Brüderle', '1.1.1945.', 'n');
insert into CandidatesData (idno) VALUES (4038);
insert into Candidacy (wkid, idno, supportedby) VALUES (412, 4038, 4);
insert into Landeslistenplatz (llid, idno, position) VALUES (294, 4038, 2);
insert into Citizen (idno, title, firstname, lastname, dateofbirth, gender) VALUES (4039, '', 'Verena', 'Brüdigam', '1.1.1963.', 'n');
insert into CandidatesData (idno) VALUES (4039);
insert into Candidacy (wkid, idno, supportedby) VALUES (466, 4039, 33);
insert into Landeslistenplatz (llid, idno, position) VALUES (342, 4039, 9);
insert into Citizen (idno, title, firstname, lastname, dateofbirth, gender) VALUES (4040, '', 'Dirk', 'Brüggen', '1.1.1969.', 'n');
insert into CandidatesData (idno) VALUES (4040);
insert into Landeslistenplatz (llid, idno, position) VALUES (297, 4040, 14);
insert into Citizen (idno, title, firstname, lastname, dateofbirth, gender) VALUES (4041, '', 'Andreas', 'Brühl', '1.1.1974.', 'n');
insert into CandidatesData (idno) VALUES (4041);
insert into Candidacy (wkid, idno, supportedby) VALUES (408, 4041, 7);
insert into Landeslistenplatz (llid, idno, position) VALUES (349, 4041, 3);
insert into Citizen (idno, title, firstname, lastname, dateofbirth, gender) VALUES (4042, '', 'Agnes', 'Brugger', '1.1.1985.', 'n');
insert into CandidatesData (idno) VALUES (4042);
insert into Candidacy (wkid, idno, supportedby) VALUES (588, 4042, 5);
insert into Landeslistenplatz (llid, idno, position) VALUES (234, 4042, 5);
insert into Citizen (idno, title, firstname, lastname, dateofbirth, gender) VALUES (4043, '', 'Doris', 'Brummer', '1.1.1960.', 'n');
insert into CandidatesData (idno) VALUES (4043);
insert into Landeslistenplatz (llid, idno, position) VALUES (279, 4043, 41);
insert into Citizen (idno, title, firstname, lastname, dateofbirth, gender) VALUES (4044, '', 'Angelika', 'Brunkhorst', '1.1.1955.', 'n');
insert into CandidatesData (idno) VALUES (4044);
insert into Candidacy (wkid, idno, supportedby) VALUES (56, 4044, 4);
insert into Landeslistenplatz (llid, idno, position) VALUES (301, 4044, 3);
insert into Citizen (idno, title, firstname, lastname, dateofbirth, gender) VALUES (4045, '', 'Daniel', 'Brunkhorst', '1.1.1984.', 'n');
insert into CandidatesData (idno) VALUES (4045);
insert into Landeslistenplatz (llid, idno, position) VALUES (242, 4045, 37);
insert into Citizen (idno, title, firstname, lastname, dateofbirth, gender) VALUES (4046, 'Dr. ', 'Karl Heinz', 'Brunner', '1.1.1953.', 'n');
insert into CandidatesData (idno) VALUES (4046);
insert into Candidacy (wkid, idno, supportedby) VALUES (510, 4046, 2);
insert into Landeslistenplatz (llid, idno, position) VALUES (260, 4046, 21);
insert into Citizen (idno, title, firstname, lastname, dateofbirth, gender) VALUES (4047, '', 'Franz', 'Brunner', '1.1.1954.', 'n');
insert into CandidatesData (idno) VALUES (4047);
insert into Landeslistenplatz (llid, idno, position) VALUES (260, 4047, 46);
insert into Citizen (idno, title, firstname, lastname, dateofbirth, gender) VALUES (4048, '', 'Maximilian', 'Brunner', '1.1.1979.', 'n');
insert into CandidatesData (idno) VALUES (4048);
insert into Landeslistenplatz (llid, idno, position) VALUES (213, 4048, 41);
insert into Citizen (idno, title, firstname, lastname, dateofbirth, gender) VALUES (4049, '', 'Jutta', 'Bruns', '1.1.1964.', 'n');
insert into CandidatesData (idno) VALUES (4049);
insert into Candidacy (wkid, idno, supportedby) VALUES (352, 4049, 5);
insert into Landeslistenplatz (llid, idno, position) VALUES (318, 4049, 11);
insert into Citizen (idno, title, firstname, lastname, dateofbirth, gender) VALUES (4050, '', 'Michael', 'Bruns', '1.1.1973.', 'n');
insert into CandidatesData (idno) VALUES (4050);
insert into Candidacy (wkid, idno, supportedby) VALUES (292, 4050, 3);
insert into Landeslistenplatz (llid, idno, position) VALUES (269, 4050, 12);
insert into Citizen (idno, title, firstname, lastname, dateofbirth, gender) VALUES (4051, '', 'Rosa Maria', 'Brunschweiger', '1.1.1951.', 'n');
insert into CandidatesData (idno) VALUES (4051);
insert into Landeslistenplatz (llid, idno, position) VALUES (204, 4051, 23);
insert into Citizen (idno, title, firstname, lastname, dateofbirth, gender) VALUES (4052, '', 'Christoph', 'Brzezinski', '1.1.1987.', 'n');
insert into CandidatesData (idno) VALUES (4052);
insert into Landeslistenplatz (llid, idno, position) VALUES (291, 4052, 14);
insert into Citizen (idno, title, firstname, lastname, dateofbirth, gender) VALUES (4053, '', 'Thomas', 'Buch', '1.1.1974.', 'n');
insert into CandidatesData (idno) VALUES (4053);
insert into Candidacy (wkid, idno, supportedby) VALUES (134, 4053, NULL);
insert into Citizen (idno, title, firstname, lastname, dateofbirth, gender) VALUES (4054, '', 'Christine', 'Buchholz', '1.1.1971.', 'n');
insert into CandidatesData (idno) VALUES (4054);
insert into Candidacy (wkid, idno, supportedby) VALUES (370, 4054, 3);
insert into Landeslistenplatz (llid, idno, position) VALUES (216, 4054, 3);
insert into Citizen (idno, title, firstname, lastname, dateofbirth, gender) VALUES (4055, '', 'Conrad', 'Buchholz', '1.1.1982.', 'n');
insert into CandidatesData (idno) VALUES (4055);
insert into Candidacy (wkid, idno, supportedby) VALUES (350, 4055, 4);
insert into Landeslistenplatz (llid, idno, position) VALUES (290, 4055, 18);
insert into Citizen (idno, title, firstname, lastname, dateofbirth, gender) VALUES (4056, '', 'Daniel', 'Buchholz', '1.1.1968.', 'n');
insert into CandidatesData (idno) VALUES (4056);
insert into LandesListe (llid, year, pid, fsid) VALUES (355, 2013, 2, 1);
insert into Landeslistenplatz (llid, idno, position) VALUES (355, 4056, 12);
insert into Citizen (idno, title, firstname, lastname, dateofbirth, gender) VALUES (4057, 'Dr. ', 'Bernd Klaus', 'Buchholz', '1.1.1961.', 'n');
insert into CandidatesData (idno) VALUES (4057);
insert into Candidacy (wkid, idno, supportedby) VALUES (18, 4057, 4);
insert into Landeslistenplatz (llid, idno, position) VALUES (251, 4057, 2);
insert into Citizen (idno, title, firstname, lastname, dateofbirth, gender) VALUES (4058, '', 'Daniel', 'Buchmann', '1.1.1981.', 'n');
insert into CandidatesData (idno) VALUES (4058);
insert into Candidacy (wkid, idno, supportedby) VALUES (168, 4058, 10);
insert into LandesListe (llid, year, pid, fsid) VALUES (356, 2013, 10, 1);
insert into Landeslistenplatz (llid, idno, position) VALUES (356, 4058, 4);
insert into Citizen (idno, title, firstname, lastname, dateofbirth, gender) VALUES (4059, 'Dr. ', 'Klaus', 'Buchner', '1.1.1941.', 'n');
insert into CandidatesData (idno) VALUES (4059);
insert into Candidacy (wkid, idno, supportedby) VALUES (438, 4059, 36);
insert into Citizen (idno, title, firstname, lastname, dateofbirth, gender) VALUES (4060, '', 'Herbert', 'Buchta', '1.1.1954.', 'n');
insert into CandidatesData (idno) VALUES (4060);
insert into Landeslistenplatz (llid, idno, position) VALUES (280, 4060, 2);
insert into Citizen (idno, title, firstname, lastname, dateofbirth, gender) VALUES (4061, '', 'Josef', 'Buck', '1.1.1961.', 'n');
insert into CandidatesData (idno) VALUES (4061);
insert into Candidacy (wkid, idno, supportedby) VALUES (550, 4061, 13);
insert into Landeslistenplatz (llid, idno, position) VALUES (270, 4061, 5);
insert into Citizen (idno, title, firstname, lastname, dateofbirth, gender) VALUES (4062, '', 'Elfriede Erna', 'Budina', '1.1.1928.', 'n');
insert into CandidatesData (idno) VALUES (4062);
insert into LandesListe (llid, year, pid, fsid) VALUES (357, 2013, 1, 11);
insert into Landeslistenplatz (llid, idno, position) VALUES (357, 4062, 3);
insert into Citizen (idno, title, firstname, lastname, dateofbirth, gender) VALUES (4063, '', 'Reiner', 'Budnick', '1.1.1954.', 'n');
insert into CandidatesData (idno) VALUES (4063);
insert into Candidacy (wkid, idno, supportedby) VALUES (82, 4063, 7);
insert into Citizen (idno, title, firstname, lastname, dateofbirth, gender) VALUES (4064, '', 'Andreas', 'Büchner', '1.1.1982.', 'n');
insert into CandidatesData (idno) VALUES (4064);
insert into Candidacy (wkid, idno, supportedby) VALUES (214, 4064, 1);
insert into Citizen (idno, title, firstname, lastname, dateofbirth, gender) VALUES (4065, '', 'Manfred', 'Büddemann', '1.1.1951.', 'n');
insert into CandidatesData (idno) VALUES (4065);
insert into Candidacy (wkid, idno, supportedby) VALUES (220, 4065, 3);
insert into Citizen (idno, title, firstname, lastname, dateofbirth, gender) VALUES (4066, '', 'Christoph', 'Bügge', '1.1.1989.', 'n');
insert into CandidatesData (idno) VALUES (4066);
insert into Landeslistenplatz (llid, idno, position) VALUES (297, 4066, 33);
insert into Citizen (idno, title, firstname, lastname, dateofbirth, gender) VALUES (4067, '', 'Andreas', 'Bühler', '1.1.1975.', 'n');
insert into CandidatesData (idno) VALUES (4067);
insert into LandesListe (llid, year, pid, fsid) VALUES (358, 2013, 19, 10);
insert into Landeslistenplatz (llid, idno, position) VALUES (358, 4067, 18);
insert into Citizen (idno, title, firstname, lastname, dateofbirth, gender) VALUES (4068, '', 'Klaus', 'Bühlmaier', '1.1.1952.', 'n');
insert into CandidatesData (idno) VALUES (4068);
insert into Landeslistenplatz (llid, idno, position) VALUES (265, 4068, 18);
insert into Citizen (idno, title, firstname, lastname, dateofbirth, gender) VALUES (4069, '', 'Robin', 'Bühner', '1.1.1992.', 'n');
insert into CandidatesData (idno) VALUES (4069);
insert into Candidacy (wkid, idno, supportedby) VALUES (238, 4069, 1);
insert into Citizen (idno, title, firstname, lastname, dateofbirth, gender) VALUES (4070, '', 'Nadja', 'Bühren', '1.1.1977.', 'n');
insert into CandidatesData (idno) VALUES (4070);
insert into Candidacy (wkid, idno, supportedby) VALUES (268, 4070, 3);
insert into Citizen (idno, title, firstname, lastname, dateofbirth, gender) VALUES (4071, '', 'Michael', 'Büker', '1.1.1987.', 'n');
insert into CandidatesData (idno) VALUES (4071);
insert into Candidacy (wkid, idno, supportedby) VALUES (36, 4071, 7);
insert into Landeslistenplatz (llid, idno, position) VALUES (215, 4071, 4);
insert into Citizen (idno, title, firstname, lastname, dateofbirth, gender) VALUES (4072, '', 'Jochen', 'Bülow', '1.1.1965.', 'n');
insert into CandidatesData (idno) VALUES (4072);
insert into Candidacy (wkid, idno, supportedby) VALUES (396, 4072, 3);
insert into LandesListe (llid, year, pid, fsid) VALUES (359, 2013, 3, 2);
insert into Landeslistenplatz (llid, idno, position) VALUES (359, 4072, 4);
insert into Citizen (idno, title, firstname, lastname, dateofbirth, gender) VALUES (4073, '', 'Marco', 'Bülow', '1.1.1971.', 'n');
insert into CandidatesData (idno) VALUES (4073);
insert into Candidacy (wkid, idno, supportedby) VALUES (284, 4073, 2);
insert into Landeslistenplatz (llid, idno, position) VALUES (246, 4073, 38);
insert into Citizen (idno, title, firstname, lastname, dateofbirth, gender) VALUES (4074, '', 'Frank', 'Büning', '1.1.1966.', 'n');
insert into CandidatesData (idno) VALUES (4074);
insert into Candidacy (wkid, idno, supportedby) VALUES (252, 4074, 5);
insert into Citizen (idno, title, firstname, lastname, dateofbirth, gender) VALUES (4075, '', 'Franz Rudolf', 'Büning', '1.1.1959.', 'n');
insert into CandidatesData (idno) VALUES (4075);
insert into Candidacy (wkid, idno, supportedby) VALUES (204, 4075, 7);
insert into Citizen (idno, title, firstname, lastname, dateofbirth, gender) VALUES (4076, '', 'Stephan', 'Bünting', '1.1.1972.', 'n');
insert into CandidatesData (idno) VALUES (4076);
insert into Candidacy (wkid, idno, supportedby) VALUES (48, 4076, 4);
insert into Citizen (idno, title, firstname, lastname, dateofbirth, gender) VALUES (4077, '', 'Katharina Martina Elisabeth', 'Büntjen', '1.1.1955.', 'n');
insert into CandidatesData (idno) VALUES (4077);
insert into LandesListe (llid, year, pid, fsid) VALUES (360, 2013, 32, 11);
insert into Landeslistenplatz (llid, idno, position) VALUES (360, 4077, 1);
insert into Citizen (idno, title, firstname, lastname, dateofbirth, gender) VALUES (4078, '', 'Ulrike', 'Bürgel', '1.1.1984.', 'n');
insert into CandidatesData (idno) VALUES (4078);
insert into Candidacy (wkid, idno, supportedby) VALUES (318, 4078, 5);
insert into LandesListe (llid, year, pid, fsid) VALUES (361, 2013, 5, 16);
insert into Landeslistenplatz (llid, idno, position) VALUES (361, 4078, 11);
insert into Citizen (idno, title, firstname, lastname, dateofbirth, gender) VALUES (4079, '', 'Andreas', 'Büschel', '1.1.1955.', 'n');
insert into CandidatesData (idno) VALUES (4079);
insert into LandesListe (llid, year, pid, fsid) VALUES (362, 2013, 18, 10);
insert into Landeslistenplatz (llid, idno, position) VALUES (362, 4079, 3);
insert into Citizen (idno, title, firstname, lastname, dateofbirth, gender) VALUES (4080, '', 'Erika Marika', 'Büsing', '1.1.1964.', 'n');
insert into CandidatesData (idno) VALUES (4080);
insert into Landeslistenplatz (llid, idno, position) VALUES (300, 4080, 4);
insert into Citizen (idno, title, firstname, lastname, dateofbirth, gender) VALUES (4081, '', 'Lars', 'Büsing', '1.1.1975.', 'n');
insert into CandidatesData (idno) VALUES (4081);
insert into Candidacy (wkid, idno, supportedby) VALUES (264, 4081, 7);
insert into Citizen (idno, title, firstname, lastname, dateofbirth, gender) VALUES (4082, '', 'René', 'Büttner', '1.1.1976.', 'n');
insert into CandidatesData (idno) VALUES (4082);
insert into Candidacy (wkid, idno, supportedby) VALUES (118, 4082, NULL);
insert into Citizen (idno, title, firstname, lastname, dateofbirth, gender) VALUES (4083, '', 'Thomas', 'Büttner', '1.1.1974.', 'n');
insert into CandidatesData (idno) VALUES (4083);
insert into Candidacy (wkid, idno, supportedby) VALUES (498, 4083, 7);
insert into Citizen (idno, title, firstname, lastname, dateofbirth, gender) VALUES (4084, '', 'Selcuk', 'Bulat', '1.1.1980.', 'n');
insert into CandidatesData (idno) VALUES (4084);
insert into Candidacy (wkid, idno, supportedby) VALUES (150, 4084, 34);
insert into LandesListe (llid, year, pid, fsid) VALUES (363, 2013, 34, 1);
insert into Landeslistenplatz (llid, idno, position) VALUES (363, 4084, 4);
insert into Citizen (idno, title, firstname, lastname, dateofbirth, gender) VALUES (4085, '', 'Daniel', 'Buljevic', '1.1.1983.', 'n');
insert into CandidatesData (idno) VALUES (4085);
insert into LandesListe (llid, year, pid, fsid) VALUES (364, 2013, 12, 11);
insert into Landeslistenplatz (llid, idno, position) VALUES (364, 4085, 5);
insert into Citizen (idno, title, firstname, lastname, dateofbirth, gender) VALUES (4086, '', 'Vesna', 'Buljevic', '1.1.1954.', 'n');
insert into CandidatesData (idno) VALUES (4086);
insert into Candidacy (wkid, idno, supportedby) VALUES (280, 4086, 13);
insert into Landeslistenplatz (llid, idno, position) VALUES (207, 4086, 6);
insert into Citizen (idno, title, firstname, lastname, dateofbirth, gender) VALUES (4087, '', 'Peter', 'Bulke', '1.1.1939.', 'n');
insert into CandidatesData (idno) VALUES (4087);
insert into Landeslistenplatz (llid, idno, position) VALUES (358, 4087, 7);
insert into Citizen (idno, title, firstname, lastname, dateofbirth, gender) VALUES (4088, '', 'Eva', 'Bulling-Schröter', '1.1.1956.', 'n');
insert into CandidatesData (idno) VALUES (4088);
insert into Candidacy (wkid, idno, supportedby) VALUES (434, 4088, 3);
insert into Landeslistenplatz (llid, idno, position) VALUES (350, 4088, 2);
insert into Citizen (idno, title, firstname, lastname, dateofbirth, gender) VALUES (4089, '', 'Caroline', 'Bullwinkel', '1.1.1990.', 'n');
insert into CandidatesData (idno) VALUES (4089);
insert into Candidacy (wkid, idno, supportedby) VALUES (110, 4089, 7);
insert into Landeslistenplatz (llid, idno, position) VALUES (289, 4089, 2);
insert into Citizen (idno, title, firstname, lastname, dateofbirth, gender) VALUES (4090, '', 'Edelgard', 'Bulmahn', '1.1.1951.', 'n');
insert into CandidatesData (idno) VALUES (4090);
insert into Candidacy (wkid, idno, supportedby) VALUES (84, 4090, 2);
insert into Landeslistenplatz (llid, idno, position) VALUES (242, 4090, 26);
insert into Citizen (idno, title, firstname, lastname, dateofbirth, gender) VALUES (4091, '', 'Bernd-Ulrich', 'Bummert', '1.1.1950.', 'n');
insert into CandidatesData (idno) VALUES (4091);
insert into LandesListe (llid, year, pid, fsid) VALUES (365, 2013, 13, 14);
insert into Landeslistenplatz (llid, idno, position) VALUES (365, 4091, 3);
insert into Citizen (idno, title, firstname, lastname, dateofbirth, gender) VALUES (4092, '', 'Sören', 'Bund-Becker', '1.1.1993.', 'n');
insert into CandidatesData (idno) VALUES (4092);
insert into LandesListe (llid, year, pid, fsid) VALUES (366, 2013, 5, 12);
insert into Landeslistenplatz (llid, idno, position) VALUES (366, 4092, 9);
insert into Citizen (idno, title, firstname, lastname, dateofbirth, gender) VALUES (4093, 'Dr. ', 'Gertrud Paula Martina', 'Bunge', '1.1.1951.', 'n');
insert into CandidatesData (idno) VALUES (4093);
insert into Candidacy (wkid, idno, supportedby) VALUES (26, 4093, 3);
insert into Landeslistenplatz (llid, idno, position) VALUES (281, 4093, 5);
insert into Citizen (idno, title, firstname, lastname, dateofbirth, gender) VALUES (4094, '', 'Stephan', 'Bunge', '1.1.1980.', 'n');
insert into CandidatesData (idno) VALUES (4094);
insert into LandesListe (llid, year, pid, fsid) VALUES (367, 2013, 12, 15);
insert into Landeslistenplatz (llid, idno, position) VALUES (367, 4094, 8);
insert into Citizen (idno, title, firstname, lastname, dateofbirth, gender) VALUES (4095, '', 'Christoph', 'Burandt', '1.1.1968.', 'n');
insert into CandidatesData (idno) VALUES (4095);
insert into Landeslistenplatz (llid, idno, position) VALUES (279, 4095, 28);
insert into Citizen (idno, title, firstname, lastname, dateofbirth, gender) VALUES (4096, 'Dr. ', 'Thomas', 'Burger', '1.1.1970.', 'n');
insert into CandidatesData (idno) VALUES (4096);
insert into Landeslistenplatz (llid, idno, position) VALUES (260, 4096, 48);
insert into Citizen (idno, title, firstname, lastname, dateofbirth, gender) VALUES (4097, '', 'Jörg', 'Burger', '1.1.1960.', 'n');
insert into CandidatesData (idno) VALUES (4097);
insert into Landeslistenplatz (llid, idno, position) VALUES (253, 4097, 3);
insert into Citizen (idno, title, firstname, lastname, dateofbirth, gender) VALUES (4098, '', 'Martin Kurt', 'Burkert', '1.1.1964.', 'n');
insert into CandidatesData (idno) VALUES (4098);
insert into Candidacy (wkid, idno, supportedby) VALUES (490, 4098, 2);
insert into Landeslistenplatz (llid, idno, position) VALUES (260, 4098, 3);
insert into Citizen (idno, title, firstname, lastname, dateofbirth, gender) VALUES (4099, '', 'Andreas', 'Burkhardt', '1.1.1980.', 'n');
insert into CandidatesData (idno) VALUES (4099);
insert into Landeslistenplatz (llid, idno, position) VALUES (298, 4099, 6);
insert into Citizen (idno, title, firstname, lastname, dateofbirth, gender) VALUES (4100, '', 'Anne', 'Burmeister', '1.1.1957.', 'n');
insert into CandidatesData (idno) VALUES (4100);
insert into Candidacy (wkid, idno, supportedby) VALUES (8, 4100, 7);
insert into LandesListe (llid, year, pid, fsid) VALUES (368, 2013, 7, 13);
insert into Landeslistenplatz (llid, idno, position) VALUES (368, 4100, 6);
insert into Citizen (idno, title, firstname, lastname, dateofbirth, gender) VALUES (4101, '', 'Erich Karl', 'Burmeister', '1.1.1953.', 'n');
insert into CandidatesData (idno) VALUES (4101);
insert into Candidacy (wkid, idno, supportedby) VALUES (242, 4101, 3);
insert into Citizen (idno, title, firstname, lastname, dateofbirth, gender) VALUES (4102, '', 'Werner', 'Busch', '1.1.1947.', 'n');
insert into CandidatesData (idno) VALUES (4102);
insert into LandesListe (llid, year, pid, fsid) VALUES (369, 2013, 44, 5);
insert into Landeslistenplatz (llid, idno, position) VALUES (369, 4102, 4);
insert into Citizen (idno, title, firstname, lastname, dateofbirth, gender) VALUES (4103, '', 'Walter', 'Busch-Hübenbecker', '1.1.1951.', 'n');
insert into CandidatesData (idno) VALUES (4103);
insert into Candidacy (wkid, idno, supportedby) VALUES (372, 4103, 3);
insert into Citizen (idno, title, firstname, lastname, dateofbirth, gender) VALUES (4104, '', 'Marco', 'Buschmann', '1.1.1977.', 'n');
insert into CandidatesData (idno) VALUES (4104);
insert into Candidacy (wkid, idno, supportedby) VALUES (246, 4104, 4);
insert into Landeslistenplatz (llid, idno, position) VALUES (272, 4104, 8);
insert into Citizen (idno, title, firstname, lastname, dateofbirth, gender) VALUES (4105, '', 'Stefan', 'Buschner', '1.1.1982.', 'n');
insert into CandidatesData (idno) VALUES (4105);
insert into Landeslistenplatz (llid, idno, position) VALUES (201, 4105, 40);
insert into Citizen (idno, title, firstname, lastname, dateofbirth, gender) VALUES (4106, '', 'Johannes', 'Butscher', '1.1.1938.', 'n');
insert into CandidatesData (idno) VALUES (4106);
insert into Candidacy (wkid, idno, supportedby) VALUES (588, 4106, 32);
insert into Landeslistenplatz (llid, idno, position) VALUES (265, 4106, 15);
insert into Citizen (idno, title, firstname, lastname, dateofbirth, gender) VALUES (4107, '', 'Heiko', 'Buttgereit', '1.1.1965.', 'n');
insert into CandidatesData (idno) VALUES (4107);
insert into Landeslistenplatz (llid, idno, position) VALUES (201, 4107, 36);
insert into Citizen (idno, title, firstname, lastname, dateofbirth, gender) VALUES (4108, '', 'Monika', 'Buttgereit', '1.1.1949.', 'n');
insert into CandidatesData (idno) VALUES (4108);
insert into Landeslistenplatz (llid, idno, position) VALUES (355, 4108, 9);
insert into Citizen (idno, title, firstname, lastname, dateofbirth, gender) VALUES (4109, '', 'Petr', 'Bystron', '1.1.1972.', 'n');
insert into CandidatesData (idno) VALUES (4109);
insert into Landeslistenplatz (llid, idno, position) VALUES (342, 4109, 17);
insert into Citizen (idno, title, firstname, lastname, dateofbirth, gender) VALUES (4110, '', 'Cajus Julius', 'Caesar', '1.1.1951.', 'n');
insert into CandidatesData (idno) VALUES (4110);
insert into Candidacy (wkid, idno, supportedby) VALUES (270, 4110, 12);
insert into Landeslistenplatz (llid, idno, position) VALUES (310, 4110, 17);
insert into Citizen (idno, title, firstname, lastname, dateofbirth, gender) VALUES (4111, '', 'Mukhtaar', 'Cali', '1.1.1968.', 'n');
insert into CandidatesData (idno) VALUES (4111);
insert into Landeslistenplatz (llid, idno, position) VALUES (232, 4111, 6);
insert into Citizen (idno, title, firstname, lastname, dateofbirth, gender) VALUES (4112, '', 'Ergun', 'Can', '1.1.1958.', 'n');
insert into CandidatesData (idno) VALUES (4112);
insert into Candidacy (wkid, idno, supportedby) VALUES (570, 4112, 2);
insert into Landeslistenplatz (llid, idno, position) VALUES (249, 4112, 33);
insert into Citizen (idno, title, firstname, lastname, dateofbirth, gender) VALUES (4113, '', 'Mustafa Sinan', 'Can', '1.1.1986.', 'n');
insert into CandidatesData (idno) VALUES (4113);
insert into Candidacy (wkid, idno, supportedby) VALUES (156, 4113, 34);
insert into Landeslistenplatz (llid, idno, position) VALUES (363, 4113, 5);
insert into Citizen (idno, title, firstname, lastname, dateofbirth, gender) VALUES (4114, '', 'Sylvia', 'Canel', '1.1.1958.', 'n');
insert into CandidatesData (idno) VALUES (4114);
insert into Candidacy (wkid, idno, supportedby) VALUES (42, 4114, 4);
insert into Citizen (idno, title, firstname, lastname, dateofbirth, gender) VALUES (4115, '', 'Dirk', 'Caroli', '1.1.1972.', 'n');
insert into CandidatesData (idno) VALUES (4115);
insert into Candidacy (wkid, idno, supportedby) VALUES (572, 4115, 33);
insert into Citizen (idno, title, firstname, lastname, dateofbirth, gender) VALUES (4116, '', 'Tim', 'Carstens', '1.1.1989.', 'n');
insert into CandidatesData (idno) VALUES (4116);
insert into Candidacy (wkid, idno, supportedby) VALUES (578, 4116, 33);
insert into Citizen (idno, title, firstname, lastname, dateofbirth, gender) VALUES (4117, '', 'Christian', 'Carstensen', '1.1.1973.', 'n');
insert into CandidatesData (idno) VALUES (4117);
insert into Candidacy (wkid, idno, supportedby) VALUES (42, 4117, 2);
insert into Landeslistenplatz (llid, idno, position) VALUES (237, 4117, 6);
insert into Citizen (idno, title, firstname, lastname, dateofbirth, gender) VALUES (4118, 'Dr. ', 'Lars', 'Castellucci', '1.1.1974.', 'n');
insert into CandidatesData (idno) VALUES (4118);
insert into Candidacy (wkid, idno, supportedby) VALUES (554, 4118, 2);
insert into Landeslistenplatz (llid, idno, position) VALUES (249, 4118, 13);
insert into Citizen (idno, title, firstname, lastname, dateofbirth, gender) VALUES (4119, '', 'Manuel', 'Cebulla', '1.1.1965.', 'n');
insert into CandidatesData (idno) VALUES (4119);
insert into Landeslistenplatz (llid, idno, position) VALUES (219, 4119, 2);
insert into Citizen (idno, title, firstname, lastname, dateofbirth, gender) VALUES (4120, '', 'Michael', 'Ceglar', '1.1.1963.', 'n');
insert into CandidatesData (idno) VALUES (4120);
insert into Candidacy (wkid, idno, supportedby) VALUES (492, 4120, 7);
insert into Citizen (idno, title, firstname, lastname, dateofbirth, gender) VALUES (4121, '', 'Josef', 'Ceglecki', '1.1.1957.', 'n');
insert into CandidatesData (idno) VALUES (4121);
insert into Landeslistenplatz (llid, idno, position) VALUES (236, 4121, 27);
insert into Citizen (idno, title, firstname, lastname, dateofbirth, gender) VALUES (4122, '', 'Wenzel Vaclav', 'Cerveny', '1.1.1961.', 'n');
insert into CandidatesData (idno) VALUES (4122);
insert into Landeslistenplatz (llid, idno, position) VALUES (228, 4122, 6);
insert into Citizen (idno, title, firstname, lastname, dateofbirth, gender) VALUES (4123, '', 'Gabriele', 'Chartier', '1.1.1961.', 'n');
insert into CandidatesData (idno) VALUES (4123);
insert into Candidacy (wkid, idno, supportedby) VALUES (102, 4123, 32);
insert into Citizen (idno, title, firstname, lastname, dateofbirth, gender) VALUES (4124, '', 'Wolfgang Dieter', 'Chieduch', '1.1.1945.', 'n');
insert into CandidatesData (idno) VALUES (4124);
insert into LandesListe (llid, year, pid, fsid) VALUES (370, 2013, 37, 2);
insert into Landeslistenplatz (llid, idno, position) VALUES (370, 4124, 2);
insert into Citizen (idno, title, firstname, lastname, dateofbirth, gender) VALUES (4125, '', 'Mario', 'Christen', '1.1.1953.', 'n');
insert into CandidatesData (idno) VALUES (4125);
insert into Landeslistenplatz (llid, idno, position) VALUES (336, 4125, 3);
insert into Citizen (idno, title, firstname, lastname, dateofbirth, gender) VALUES (4126, '', 'Christian Günter', 'Christiansen', '1.1.1941.', 'n');
insert into CandidatesData (idno) VALUES (4126);
insert into Candidacy (wkid, idno, supportedby) VALUES (160, 4126, 32);
insert into LandesListe (llid, year, pid, fsid) VALUES (371, 2013, 32, 1);
insert into Landeslistenplatz (llid, idno, position) VALUES (371, 4126, 1);
insert into Citizen (idno, title, firstname, lastname, dateofbirth, gender) VALUES (4127, '', 'Agnes', 'Chudy', '1.1.1987.', 'n');
insert into CandidatesData (idno) VALUES (4127);
insert into Landeslistenplatz (llid, idno, position) VALUES (312, 4127, 22);
insert into Citizen (idno, title, firstname, lastname, dateofbirth, gender) VALUES (4128, '', 'Marlene', 'Cieschinger', '1.1.1959.', 'n');
insert into CandidatesData (idno) VALUES (4128);
insert into Candidacy (wkid, idno, supportedby) VALUES (160, 4128, 3);
insert into LandesListe (llid, year, pid, fsid) VALUES (372, 2013, 3, 1);
insert into Landeslistenplatz (llid, idno, position) VALUES (372, 4128, 7);
insert into Citizen (idno, title, firstname, lastname, dateofbirth, gender) VALUES (4129, '', 'Volker Ernst Jakob', 'Cigelski', '1.1.1953.', 'n');
insert into CandidatesData (idno) VALUES (4129);
insert into Candidacy (wkid, idno, supportedby) VALUES (494, 4129, 1);
insert into Citizen (idno, title, firstname, lastname, dateofbirth, gender) VALUES (4130, '', 'Stevan', 'Cirkovic', '1.1.1991.', 'n');
insert into CandidatesData (idno) VALUES (4130);
insert into Candidacy (wkid, idno, supportedby) VALUES (548, 4130, 7);
insert into Landeslistenplatz (llid, idno, position) VALUES (221, 4130, 21);
insert into Citizen (idno, title, firstname, lastname, dateofbirth, gender) VALUES (4131, '', 'Bernhard', 'Clasen', '1.1.1957.', 'n');
insert into CandidatesData (idno) VALUES (4131);
insert into Candidacy (wkid, idno, supportedby) VALUES (218, 4131, 3);
insert into Citizen (idno, title, firstname, lastname, dateofbirth, gender) VALUES (4132, '', 'Gerwald', 'Claus', '1.1.1972.', 'n');
insert into CandidatesData (idno) VALUES (4132);
insert into Candidacy (wkid, idno, supportedby) VALUES (158, 4132, 7);
insert into Citizen (idno, title, firstname, lastname, dateofbirth, gender) VALUES (4133, '', 'Marcel', 'Claus', '1.1.1976.', 'n');
insert into CandidatesData (idno) VALUES (4133);
insert into Candidacy (wkid, idno, supportedby) VALUES (488, 4133, 33);
insert into Landeslistenplatz (llid, idno, position) VALUES (342, 4133, 40);
insert into Citizen (idno, title, firstname, lastname, dateofbirth, gender) VALUES (4134, '', 'Olaf-Rüdiger', 'Claus', '1.1.1959.', 'n');
insert into CandidatesData (idno) VALUES (4134);
insert into Landeslistenplatz (llid, idno, position) VALUES (275, 4134, 1);
insert into Citizen (idno, title, firstname, lastname, dateofbirth, gender) VALUES (4135, '', 'Roland', 'Claus', '1.1.1954.', 'n');
insert into CandidatesData (idno) VALUES (4135);
insert into Candidacy (wkid, idno, supportedby) VALUES (146, 4135, 3);
insert into LandesListe (llid, year, pid, fsid) VALUES (373, 2013, 3, 6);
insert into Landeslistenplatz (llid, idno, position) VALUES (373, 4135, 4);
insert into Citizen (idno, title, firstname, lastname, dateofbirth, gender) VALUES (4136, '', 'Claus Christian', 'Claussen', '1.1.1961.', 'n');
insert into CandidatesData (idno) VALUES (4136);
insert into Landeslistenplatz (llid, idno, position) VALUES (335, 4136, 15);
insert into Citizen (idno, title, firstname, lastname, dateofbirth, gender) VALUES (4137, '', 'Marcel Stephan', 'Clostermann', '1.1.1987.', 'n');
insert into CandidatesData (idno) VALUES (4137);
insert into Candidacy (wkid, idno, supportedby) VALUES (288, 4137, 7);
insert into Citizen (idno, title, firstname, lastname, dateofbirth, gender) VALUES (4138, '', 'Lisa', 'Collins', '1.1.1986.', 'n');
insert into CandidatesData (idno) VALUES (4138);
insert into Candidacy (wkid, idno, supportedby) VALUES (582, 4138, 7);
insert into Landeslistenplatz (llid, idno, position) VALUES (221, 4138, 9);
insert into Citizen (idno, title, firstname, lastname, dateofbirth, gender) VALUES (4139, '', 'Kai Uwe', 'Connelly', '1.1.1968.', 'n');
insert into CandidatesData (idno) VALUES (4139);
insert into Candidacy (wkid, idno, supportedby) VALUES (42, 4139, 32);
insert into LandesListe (llid, year, pid, fsid) VALUES (374, 2013, 32, 8);
insert into Landeslistenplatz (llid, idno, position) VALUES (374, 4139, 3);
insert into Citizen (idno, title, firstname, lastname, dateofbirth, gender) VALUES (4140, '', 'Gitta', 'Connemann', '1.1.1964.', 'n');
insert into CandidatesData (idno) VALUES (4140);
insert into Candidacy (wkid, idno, supportedby) VALUES (50, 4140, 12);
insert into Landeslistenplatz (llid, idno, position) VALUES (217, 4140, 8);
insert into Citizen (idno, title, firstname, lastname, dateofbirth, gender) VALUES (4141, '', 'Gabriele', 'Conrad', '1.1.1960.', 'n');
insert into CandidatesData (idno) VALUES (4141);
insert into Landeslistenplatz (llid, idno, position) VALUES (270, 4141, 6);
insert into Citizen (idno, title, firstname, lastname, dateofbirth, gender) VALUES (4142, 'Dr. ', 'Ralf-Günther', 'Conradi', '1.1.1956.', 'n');
insert into CandidatesData (idno) VALUES (4142);
insert into Candidacy (wkid, idno, supportedby) VALUES (154, 4142, 33);
insert into Landeslistenplatz (llid, idno, position) VALUES (303, 4142, 7);
insert into Citizen (idno, title, firstname, lastname, dateofbirth, gender) VALUES (4143, '', 'Walter', 'Corné de', '1.1.1944.', 'n');
insert into CandidatesData (idno) VALUES (4143);
insert into Landeslistenplatz (llid, idno, position) VALUES (254, 4143, 6);
insert into Citizen (idno, title, firstname, lastname, dateofbirth, gender) VALUES (4144, '', 'Sabine', 'Corz', '1.1.1967.', 'n');
insert into CandidatesData (idno) VALUES (4144);
insert into LandesListe (llid, year, pid, fsid) VALUES (375, 2013, 35, 2);
insert into Landeslistenplatz (llid, idno, position) VALUES (375, 4144, 5);
insert into Citizen (idno, title, firstname, lastname, dateofbirth, gender) VALUES (4145, '', 'Jürgen', 'Coße', '1.1.1969.', 'n');
insert into CandidatesData (idno) VALUES (4145);
insert into Candidacy (wkid, idno, supportedby) VALUES (256, 4145, 2);
insert into Landeslistenplatz (llid, idno, position) VALUES (246, 4145, 35);
insert into Citizen (idno, title, firstname, lastname, dateofbirth, gender) VALUES (4146, '', 'Viola', 'Cramon-Taubadel von', '1.1.1970.', 'n');
insert into CandidatesData (idno) VALUES (4146);
insert into Candidacy (wkid, idno, supportedby) VALUES (104, 4146, 5);
insert into Landeslistenplatz (llid, idno, position) VALUES (316, 4146, 7);
insert into Citizen (idno, title, firstname, lastname, dateofbirth, gender) VALUES (4147, '', 'Claus', 'Cremer', '1.1.1979.', 'n');
insert into CandidatesData (idno) VALUES (4147);
insert into Candidacy (wkid, idno, supportedby) VALUES (280, 4147, 1);
insert into LandesListe (llid, year, pid, fsid) VALUES (376, 2013, 1, 5);
insert into Landeslistenplatz (llid, idno, position) VALUES (376, 4147, 1);
insert into Citizen (idno, title, firstname, lastname, dateofbirth, gender) VALUES (4148, '', 'Petra', 'Crone', '1.1.1950.', 'n');
insert into CandidatesData (idno) VALUES (4148);
insert into Candidacy (wkid, idno, supportedby) VALUES (298, 4148, 2);
insert into Landeslistenplatz (llid, idno, position) VALUES (246, 4148, 4);
insert into Citizen (idno, title, firstname, lastname, dateofbirth, gender) VALUES (4149, '', 'Jaroslav', 'Curlisca', '1.1.1953.', 'n');
insert into CandidatesData (idno) VALUES (4149);
insert into Landeslistenplatz (llid, idno, position) VALUES (228, 4149, 12);
insert into Citizen (idno, title, firstname, lastname, dateofbirth, gender) VALUES (4150, '', 'Sebastian', 'Czich', '1.1.1980.', 'n');
insert into CandidatesData (idno) VALUES (4150);
insert into Candidacy (wkid, idno, supportedby) VALUES (306, 4150, 7);
insert into Citizen (idno, title, firstname, lastname, dateofbirth, gender) VALUES (4151, '', 'Karl', 'Däschner', '1.1.1954.', 'n');
insert into CandidatesData (idno) VALUES (4151);
insert into Candidacy (wkid, idno, supportedby) VALUES (544, 4151, 1);
insert into Citizen (idno, title, firstname, lastname, dateofbirth, gender) VALUES (4152, '', 'Sevim', 'Dagdelen', '1.1.1975.', 'n');
insert into CandidatesData (idno) VALUES (4152);
insert into Candidacy (wkid, idno, supportedby) VALUES (280, 4152, 3);
insert into Landeslistenplatz (llid, idno, position) VALUES (269, 4152, 5);
insert into Citizen (idno, title, firstname, lastname, dateofbirth, gender) VALUES (4153, '', 'Alfred', 'Dagenbach', '1.1.1947.', 'n');
insert into CandidatesData (idno) VALUES (4153);
insert into LandesListe (llid, year, pid, fsid) VALUES (377, 2013, 37, 10);
insert into Landeslistenplatz (llid, idno, position) VALUES (377, 4153, 1);
insert into Citizen (idno, title, firstname, lastname, dateofbirth, gender) VALUES (4154, '', 'Andreas', 'Dahl', '1.1.1970.', 'n');
insert into CandidatesData (idno) VALUES (4154);
insert into Candidacy (wkid, idno, supportedby) VALUES (166, 4154, 33);
insert into Citizen (idno, title, firstname, lastname, dateofbirth, gender) VALUES (4155, '', 'Sascha', 'Dahlen', '1.1.1979.', 'n');
insert into CandidatesData (idno) VALUES (4155);
insert into Landeslistenplatz (llid, idno, position) VALUES (297, 4155, 45);
insert into Citizen (idno, title, firstname, lastname, dateofbirth, gender) VALUES (4156, '', 'Frank Günter', 'Dahlendorf', '1.1.1961.', 'n');
insert into CandidatesData (idno) VALUES (4156);
insert into Landeslistenplatz (llid, idno, position) VALUES (253, 4156, 44);
insert into Citizen (idno, title, firstname, lastname, dateofbirth, gender) VALUES (4157, '', 'Evelyn', 'Dahlke', '1.1.1969.', 'n');
insert into CandidatesData (idno) VALUES (4157);
insert into Candidacy (wkid, idno, supportedby) VALUES (262, 4157, 4);
insert into Landeslistenplatz (llid, idno, position) VALUES (272, 4157, 19);
insert into Citizen (idno, title, firstname, lastname, dateofbirth, gender) VALUES (4158, '', 'Janosch', 'Dahmen', '1.1.1981.', 'n');
insert into CandidatesData (idno) VALUES (4158);
insert into Candidacy (wkid, idno, supportedby) VALUES (278, 4158, 5);
insert into Landeslistenplatz (llid, idno, position) VALUES (256, 4158, 14);
insert into Citizen (idno, title, firstname, lastname, dateofbirth, gender) VALUES (4159, '', 'Bernhard', 'Daldrup', '1.1.1956.', 'n');
insert into CandidatesData (idno) VALUES (4159);
insert into Candidacy (wkid, idno, supportedby) VALUES (260, 4159, 2);
insert into Landeslistenplatz (llid, idno, position) VALUES (246, 4159, 17);
insert into Citizen (idno, title, firstname, lastname, dateofbirth, gender) VALUES (4160, '', 'Julia', 'Dalmer', '1.1.1990.', 'n');
insert into CandidatesData (idno) VALUES (4160);
insert into Landeslistenplatz (llid, idno, position) VALUES (201, 4160, 17);
insert into Citizen (idno, title, firstname, lastname, dateofbirth, gender) VALUES (4161, '', 'Ali', 'Damar', '1.1.1970.', 'n');
insert into CandidatesData (idno) VALUES (4161);
insert into Candidacy (wkid, idno, supportedby) VALUES (406, 4161, 3);
insert into Citizen (idno, title, firstname, lastname, dateofbirth, gender) VALUES (4162, '', 'Inka', 'Damerau', '1.1.1963.', 'n');
insert into CandidatesData (idno) VALUES (4162);
insert into Landeslistenplatz (llid, idno, position) VALUES (237, 4162, 3);
insert into Citizen (idno, title, firstname, lastname, dateofbirth, gender) VALUES (4163, '', 'Manfred', 'Dammann', '1.1.1959.', 'n');
insert into CandidatesData (idno) VALUES (4163);
insert into Candidacy (wkid, idno, supportedby) VALUES (60, 4163, 1);
insert into Citizen (idno, title, firstname, lastname, dateofbirth, gender) VALUES (4164, '', 'Christoph', 'Dammermann', '1.1.1967.', 'n');
insert into CandidatesData (idno) VALUES (4164);
insert into Candidacy (wkid, idno, supportedby) VALUES (290, 4164, 4);
insert into Landeslistenplatz (llid, idno, position) VALUES (272, 4164, 18);
insert into Citizen (idno, title, firstname, lastname, dateofbirth, gender) VALUES (4165, '', 'Thomas', 'Damson', '1.1.1981.', 'n');
insert into CandidatesData (idno) VALUES (4165);
insert into Landeslistenplatz (llid, idno, position) VALUES (236, 4165, 20);
insert into Citizen (idno, title, firstname, lastname, dateofbirth, gender) VALUES (4166, 'Dr. ', 'Gero', 'Daniels Edler von', '1.1.1968.', 'n');
insert into CandidatesData (idno) VALUES (4166);
insert into Landeslistenplatz (llid, idno, position) VALUES (217, 4166, 37);
insert into Citizen (idno, title, firstname, lastname, dateofbirth, gender) VALUES (4167, '', 'Barbara', 'Dankerl', '1.1.1970.', 'n');
insert into CandidatesData (idno) VALUES (4167);
insert into Landeslistenplatz (llid, idno, position) VALUES (220, 4167, 44);
insert into Citizen (idno, title, firstname, lastname, dateofbirth, gender) VALUES (4168, '', 'Andreas', 'Danne', '1.1.1961.', 'n');
insert into CandidatesData (idno) VALUES (4168);
insert into Candidacy (wkid, idno, supportedby) VALUES (196, 4168, 3);
insert into Citizen (idno, title, firstname, lastname, dateofbirth, gender) VALUES (4169, '', 'Kai', 'Danter', '1.1.1966.', 'n');
insert into CandidatesData (idno) VALUES (4169);
insert into Landeslistenplatz (llid, idno, position) VALUES (352, 4169, 9);
insert into Citizen (idno, title, firstname, lastname, dateofbirth, gender) VALUES (4170, '', 'Ina', 'Daratha', '1.1.1984.', 'n');
insert into CandidatesData (idno) VALUES (4170);
insert into Landeslistenplatz (llid, idno, position) VALUES (309, 4170, 11);
insert into Citizen (idno, title, firstname, lastname, dateofbirth, gender) VALUES (4171, '', 'Helga', 'Daub', '1.1.1942.', 'n');
insert into CandidatesData (idno) VALUES (4171);
insert into Candidacy (wkid, idno, supportedby) VALUES (296, 4171, 4);
insert into Citizen (idno, title, firstname, lastname, dateofbirth, gender) VALUES (4172, '', 'John', 'Dauert', '1.1.1985.', 'n');
insert into CandidatesData (idno) VALUES (4172);
insert into Landeslistenplatz (llid, idno, position) VALUES (348, 4172, 5);
insert into Citizen (idno, title, firstname, lastname, dateofbirth, gender) VALUES (4173, '', 'Marie-Therese', 'Dazert', '1.1.1992.', 'n');
insert into CandidatesData (idno) VALUES (4173);
insert into Candidacy (wkid, idno, supportedby) VALUES (290, 4173, 5);
insert into Landeslistenplatz (llid, idno, position) VALUES (256, 4173, 21);
insert into Citizen (idno, title, firstname, lastname, dateofbirth, gender) VALUES (4174, 'Dr. ', 'Dennis', 'De', '1.1.1964.', 'n');
insert into CandidatesData (idno) VALUES (4174);
insert into Candidacy (wkid, idno, supportedby) VALUES (526, 4174, 5);
insert into Landeslistenplatz (llid, idno, position) VALUES (234, 4174, 22);
insert into Citizen (idno, title, firstname, lastname, dateofbirth, gender) VALUES (4175, 'Dr. ', 'Tobias', 'Debuch', '1.1.1973.', 'n');
insert into CandidatesData (idno) VALUES (4175);
insert into Candidacy (wkid, idno, supportedby) VALUES (74, 4175, 4);
insert into Landeslistenplatz (llid, idno, position) VALUES (301, 4175, 11);
insert into Citizen (idno, title, firstname, lastname, dateofbirth, gender) VALUES (4176, '', 'Dominic', 'Decarolis', '1.1.1982.', 'n');
insert into CandidatesData (idno) VALUES (4176);
insert into Landeslistenplatz (llid, idno, position) VALUES (297, 4176, 42);
insert into Citizen (idno, title, firstname, lastname, dateofbirth, gender) VALUES (4177, '', 'Ursula', 'Decker', '1.1.1962.', 'n');
insert into CandidatesData (idno) VALUES (4177);
insert into Landeslistenplatz (llid, idno, position) VALUES (229, 4177, 5);
insert into Citizen (idno, title, firstname, lastname, dateofbirth, gender) VALUES (4178, '', 'Ines Maria', 'Deckert', '1.1.1966.', 'n');
insert into CandidatesData (idno) VALUES (4178);
insert into LandesListe (llid, year, pid, fsid) VALUES (378, 2013, 33, 9);
insert into Landeslistenplatz (llid, idno, position) VALUES (378, 4178, 7);
insert into Citizen (idno, title, firstname, lastname, dateofbirth, gender) VALUES (4179, '', 'Hans Josef', 'Dederichs', '1.1.1964.', 'n');
insert into CandidatesData (idno) VALUES (4179);
insert into Candidacy (wkid, idno, supportedby) VALUES (178, 4179, 5);
insert into Landeslistenplatz (llid, idno, position) VALUES (256, 4179, 28);
insert into Citizen (idno, title, firstname, lastname, dateofbirth, gender) VALUES (4180, '', 'Gökhan', 'Deger', '1.1.1973.', 'n');
insert into CandidatesData (idno) VALUES (4180);
insert into Candidacy (wkid, idno, supportedby) VALUES (436, 4180, 32);
insert into Landeslistenplatz (llid, idno, position) VALUES (206, 4180, 26);
insert into Citizen (idno, title, firstname, lastname, dateofbirth, gender) VALUES (4181, '', 'Alois August', 'Degler', '1.1.1949.', 'n');
insert into CandidatesData (idno) VALUES (4181);
insert into Candidacy (wkid, idno, supportedby) VALUES (546, 4181, NULL);
insert into Citizen (idno, title, firstname, lastname, dateofbirth, gender) VALUES (4182, '', 'Klaus-Peter', 'Dehde', '1.1.1959.', 'n');
insert into CandidatesData (idno) VALUES (4182);
insert into Landeslistenplatz (llid, idno, position) VALUES (242, 4182, 35);
insert into Citizen (idno, title, firstname, lastname, dateofbirth, gender) VALUES (4183, '', 'Cornelius', 'Dehm', '1.1.1991.', 'n');
insert into CandidatesData (idno) VALUES (4183);
insert into Candidacy (wkid, idno, supportedby) VALUES (356, 4183, 5);
insert into Citizen (idno, title, firstname, lastname, dateofbirth, gender) VALUES (4184, 'Dr. ', 'Diether', 'Dehm-Desoi', '1.1.1950.', 'n');
insert into CandidatesData (idno) VALUES (4184);
insert into Candidacy (wkid, idno, supportedby) VALUES (86, 4184, 3);
insert into Landeslistenplatz (llid, idno, position) VALUES (304, 4184, 1);
insert into Citizen (idno, title, firstname, lastname, dateofbirth, gender) VALUES (4185, '', 'Jonathan', 'Dehn', '1.1.1990.', 'n');
insert into CandidatesData (idno) VALUES (4185);
insert into Candidacy (wkid, idno, supportedby) VALUES (118, 4185, 7);
insert into Citizen (idno, title, firstname, lastname, dateofbirth, gender) VALUES (4186, '', 'Martin', 'Dehnke', '1.1.1971.', 'n');
insert into CandidatesData (idno) VALUES (4186);
insert into Landeslistenplatz (llid, idno, position) VALUES (258, 4186, 6);
insert into Citizen (idno, title, firstname, lastname, dateofbirth, gender) VALUES (4187, '', 'Alexander', 'Deicke', '1.1.1976.', 'n');
insert into CandidatesData (idno) VALUES (4187);
insert into Candidacy (wkid, idno, supportedby) VALUES (530, 4187, 4);
insert into Landeslistenplatz (llid, idno, position) VALUES (224, 4187, 37);
insert into Citizen (idno, title, firstname, lastname, dateofbirth, gender) VALUES (4188, '', 'Heinz', 'Deininger', '1.1.1949.', 'n');
insert into CandidatesData (idno) VALUES (4188);
insert into Candidacy (wkid, idno, supportedby) VALUES (534, 4188, 3);
insert into Citizen (idno, title, firstname, lastname, dateofbirth, gender) VALUES (4189, '', 'Martin', 'Deistler', '1.1.1956.', 'n');
insert into CandidatesData (idno) VALUES (4189);
insert into Candidacy (wkid, idno, supportedby) VALUES (374, 4189, 3);
insert into Citizen (idno, title, firstname, lastname, dateofbirth, gender) VALUES (4190, '', 'Ekin', 'Deligöz', '1.1.1971.', 'n');
insert into CandidatesData (idno) VALUES (4190);
insert into Candidacy (wkid, idno, supportedby) VALUES (510, 4190, 5);
insert into Landeslistenplatz (llid, idno, position) VALUES (238, 4190, 3);
insert into Citizen (idno, title, firstname, lastname, dateofbirth, gender) VALUES (4191, '', 'Orhan', 'Demir', '1.1.1975.', 'n');
insert into CandidatesData (idno) VALUES (4191);
insert into Landeslistenplatz (llid, idno, position) VALUES (223, 4191, 4);
insert into Citizen (idno, title, firstname, lastname, dateofbirth, gender) VALUES (4192, '', 'Gülseren', 'Demirel', '1.1.1964.', 'n');
insert into CandidatesData (idno) VALUES (4192);
insert into Landeslistenplatz (llid, idno, position) VALUES (238, 4192, 45);
insert into Citizen (idno, title, firstname, lastname, dateofbirth, gender) VALUES (4193, '', 'Ali', 'Demirhan', '1.1.1965.', 'n');
insert into CandidatesData (idno) VALUES (4193);
insert into Landeslistenplatz (llid, idno, position) VALUES (232, 4193, 12);
insert into Citizen (idno, title, firstname, lastname, dateofbirth, gender) VALUES (4194, '', 'Martin', 'Dempert', '1.1.1971.', 'n');
insert into CandidatesData (idno) VALUES (4194);
insert into Landeslistenplatz (llid, idno, position) VALUES (228, 4194, 7);
insert into Citizen (idno, title, firstname, lastname, dateofbirth, gender) VALUES (4195, '', 'Ellen', 'Demuth', '1.1.1982.', 'n');
insert into CandidatesData (idno) VALUES (4195);
insert into Landeslistenplatz (llid, idno, position) VALUES (312, 4195, 33);
insert into Citizen (idno, title, firstname, lastname, dateofbirth, gender) VALUES (4196, '', 'Kerstin Sara', 'Demuth', '1.1.1989.', 'n');
insert into CandidatesData (idno) VALUES (4196);
insert into Candidacy (wkid, idno, supportedby) VALUES (78, 4196, 7);
insert into Citizen (idno, title, firstname, lastname, dateofbirth, gender) VALUES (4197, '', 'Tuncay', 'Deniz', '1.1.1963.', 'n');
insert into CandidatesData (idno) VALUES (4197);
insert into Landeslistenplatz (llid, idno, position) VALUES (342, 4197, 31);
insert into Citizen (idno, title, firstname, lastname, dateofbirth, gender) VALUES (4198, '', 'Knut Matthias', 'Dethlefsen', '1.1.1969.', 'n');
insert into CandidatesData (idno) VALUES (4198);
insert into Landeslistenplatz (llid, idno, position) VALUES (277, 4198, 13);
insert into Citizen (idno, title, firstname, lastname, dateofbirth, gender) VALUES (4199, '', 'Manuel', 'Dethloff', '1.1.1981.', 'n');
insert into CandidatesData (idno) VALUES (4199);
insert into Candidacy (wkid, idno, supportedby) VALUES (476, 4199, 5);
insert into Landeslistenplatz (llid, idno, position) VALUES (238, 4199, 38);
insert into Citizen (idno, title, firstname, lastname, dateofbirth, gender) VALUES (4200, '', 'Jürgen', 'Dettmann', '1.1.1966.', 'n');
insert into CandidatesData (idno) VALUES (4200);
insert into Candidacy (wkid, idno, supportedby) VALUES (30, 4200, 32);
insert into Landeslistenplatz (llid, idno, position) VALUES (275, 4200, 5);
insert into Citizen (idno, title, firstname, lastname, dateofbirth, gender) VALUES (4201, '', 'Jutta', 'Dettmann', '1.1.1983.', 'n');
insert into CandidatesData (idno) VALUES (4201);
insert into Landeslistenplatz (llid, idno, position) VALUES (242, 4201, 54);
insert into Citizen (idno, title, firstname, lastname, dateofbirth, gender) VALUES (4202, '', 'Ulrich', 'Deuschle', '1.1.1952.', 'n');
insert into CandidatesData (idno) VALUES (4202);
insert into Candidacy (wkid, idno, supportedby) VALUES (524, 4202, 19);
insert into Landeslistenplatz (llid, idno, position) VALUES (358, 4202, 1);
insert into Citizen (idno, title, firstname, lastname, dateofbirth, gender) VALUES (4203, '', 'Paul', 'Deutsch', '1.1.1951.', 'n');
insert into CandidatesData (idno) VALUES (4203);
insert into Candidacy (wkid, idno, supportedby) VALUES (100, 4203, 13);
insert into LandesListe (llid, year, pid, fsid) VALUES (379, 2013, 13, 3);
insert into Landeslistenplatz (llid, idno, position) VALUES (379, 4203, 3);
insert into Citizen (idno, title, firstname, lastname, dateofbirth, gender) VALUES (4204, '', 'Dennis', 'Deutschkämer', '1.1.1988.', 'n');
insert into CandidatesData (idno) VALUES (4204);
insert into Candidacy (wkid, idno, supportedby) VALUES (266, 4204, 7);
insert into Citizen (idno, title, firstname, lastname, dateofbirth, gender) VALUES (4205, '', 'Reiner Peter', 'Deutschmann', '1.1.1953.', 'n');
insert into CandidatesData (idno) VALUES (4205);
insert into Candidacy (wkid, idno, supportedby) VALUES (312, 4205, 4);
insert into Landeslistenplatz (llid, idno, position) VALUES (334, 4205, 4);
insert into Citizen (idno, title, firstname, lastname, dateofbirth, gender) VALUES (4206, '', 'Susanna', 'Dewitz von', '1.1.1973.', 'n');
insert into CandidatesData (idno) VALUES (4206);
insert into Candidacy (wkid, idno, supportedby) VALUES (552, 4206, 7);
insert into Citizen (idno, title, firstname, lastname, dateofbirth, gender) VALUES (4207, '', 'Frank', 'Di Leo', '1.1.1967.', 'n');
insert into CandidatesData (idno) VALUES (4207);
insert into Candidacy (wkid, idno, supportedby) VALUES (166, 4207, NULL);
insert into Citizen (idno, title, firstname, lastname, dateofbirth, gender) VALUES (4208, 'Dr. ', 'Karamba', 'Diaby', '1.1.1961.', 'n');
insert into CandidatesData (idno) VALUES (4208);
insert into Candidacy (wkid, idno, supportedby) VALUES (144, 4208, 2);
insert into Landeslistenplatz (llid, idno, position) VALUES (337, 4208, 3);
insert into Citizen (idno, title, firstname, lastname, dateofbirth, gender) VALUES (4209, '', 'Bernhard Dietrich', 'Dick', '1.1.1958.', 'n');
insert into CandidatesData (idno) VALUES (4209);
insert into Landeslistenplatz (llid, idno, position) VALUES (250, 4209, 14);
insert into Citizen (idno, title, firstname, lastname, dateofbirth, gender) VALUES (4210, '', 'Claus-Joachim', 'Dickow', '1.1.1965.', 'n');
insert into CandidatesData (idno) VALUES (4210);
insert into Landeslistenplatz (llid, idno, position) VALUES (274, 4210, 7);
insert into Citizen (idno, title, firstname, lastname, dateofbirth, gender) VALUES (4211, '', 'Gudrun', 'Diebold', '1.1.1956.', 'n');
insert into CandidatesData (idno) VALUES (4211);
insert into Candidacy (wkid, idno, supportedby) VALUES (584, 4211, 36);
insert into Landeslistenplatz (llid, idno, position) VALUES (292, 4211, 11);
insert into Citizen (idno, title, firstname, lastname, dateofbirth, gender) VALUES (4212, '', 'Beatrix', 'Diefenbach', '1.1.1964.', 'n');
insert into CandidatesData (idno) VALUES (4212);
insert into Landeslistenplatz (llid, idno, position) VALUES (209, 4212, 12);
insert into Citizen (idno, title, firstname, lastname, dateofbirth, gender) VALUES (4213, '', 'Sven', 'Diem', '1.1.1991.', 'n');
insert into CandidatesData (idno) VALUES (4213);
insert into Candidacy (wkid, idno, supportedby) VALUES (472, 4213, 1);
insert into Citizen (idno, title, firstname, lastname, dateofbirth, gender) VALUES (4214, '', 'Florian', 'Diemer', '1.1.1981.', 'n');
insert into CandidatesData (idno) VALUES (4214);
insert into Landeslistenplatz (llid, idno, position) VALUES (201, 4214, 37);
insert into Citizen (idno, title, firstname, lastname, dateofbirth, gender) VALUES (4215, '', 'Timo', 'Diemer', '1.1.1975.', 'n');
insert into CandidatesData (idno) VALUES (4215);
insert into Candidacy (wkid, idno, supportedby) VALUES (234, 4215, 1);
insert into Citizen (idno, title, firstname, lastname, dateofbirth, gender) VALUES (4216, '', 'Bernhard', 'Dierdorf', '1.1.1946.', 'n');
insert into CandidatesData (idno) VALUES (4216);
insert into Candidacy (wkid, idno, supportedby) VALUES (12, 4216, 5);
insert into Citizen (idno, title, firstname, lastname, dateofbirth, gender) VALUES (4217, '', 'Ulrike', 'Dierkes-Morsy', '1.1.1975.', 'n');
insert into CandidatesData (idno) VALUES (4217);
insert into Candidacy (wkid, idno, supportedby) VALUES (478, 4217, 3);
insert into Landeslistenplatz (llid, idno, position) VALUES (350, 4217, 7);
insert into Citizen (idno, title, firstname, lastname, dateofbirth, gender) VALUES (4218, '', 'Carsten', 'Dierks', '1.1.1957.', 'n');
insert into CandidatesData (idno) VALUES (4218);
insert into Landeslistenplatz (llid, idno, position) VALUES (294, 4218, 23);
insert into Citizen (idno, title, firstname, lastname, dateofbirth, gender) VALUES (4219, '', 'Josef', 'Diersen', '1.1.1959.', 'n');
insert into CandidatesData (idno) VALUES (4219);
insert into Candidacy (wkid, idno, supportedby) VALUES (64, 4219, 5);
insert into Citizen (idno, title, firstname, lastname, dateofbirth, gender) VALUES (4220, 'Dr. ', 'Jens', 'Dietrich', '1.1.1965.', 'n');
insert into CandidatesData (idno) VALUES (4220);
insert into Candidacy (wkid, idno, supportedby) VALUES (384, 4220, 33);
insert into Citizen (idno, title, firstname, lastname, dateofbirth, gender) VALUES (4221, '', 'Matthias', 'Dietrich', '1.1.1971.', 'n');
insert into CandidatesData (idno) VALUES (4221);
insert into Candidacy (wkid, idno, supportedby) VALUES (578, 4221, 36);
insert into Citizen (idno, title, firstname, lastname, dateofbirth, gender) VALUES (4222, '', 'Rolf', 'Dietrich', '1.1.1944.', 'n');
insert into CandidatesData (idno) VALUES (4222);
insert into Candidacy (wkid, idno, supportedby) VALUES (144, 4222, 1);
insert into Landeslistenplatz (llid, idno, position) VALUES (211, 4222, 9);
insert into Citizen (idno, title, firstname, lastname, dateofbirth, gender) VALUES (4223, '', 'Esther Anneliese', 'Dilcher', '1.1.1965.', 'n');
insert into CandidatesData (idno) VALUES (4223);
insert into Landeslistenplatz (llid, idno, position) VALUES (227, 4223, 24);
insert into Citizen (idno, title, firstname, lastname, dateofbirth, gender) VALUES (4224, 'Prof. Dr. ', 'Georg Alexander Ludwig', 'Dilger', '1.1.1968.', 'n');
insert into CandidatesData (idno) VALUES (4224);
insert into Candidacy (wkid, idno, supportedby) VALUES (284, 4224, 33);
insert into Landeslistenplatz (llid, idno, position) VALUES (253, 4224, 1);
insert into Citizen (idno, title, firstname, lastname, dateofbirth, gender) VALUES (4225, '', 'Dirk', 'Dillschneider', '1.1.1974.', 'n');
insert into CandidatesData (idno) VALUES (4225);
insert into Landeslistenplatz (llid, idno, position) VALUES (226, 4225, 7);
insert into Citizen (idno, title, firstname, lastname, dateofbirth, gender) VALUES (4226, '', 'Randhir', 'Dindoyal', '1.1.1974.', 'n');
insert into CandidatesData (idno) VALUES (4226);
insert into Candidacy (wkid, idno, supportedby) VALUES (440, 4226, 4);
insert into Landeslistenplatz (llid, idno, position) VALUES (276, 4226, 17);
insert into Citizen (idno, title, firstname, lastname, dateofbirth, gender) VALUES (4227, '', 'Alexandra', 'Dinges-Dierig', '1.1.1953.', 'n');
insert into CandidatesData (idno) VALUES (4227);
insert into Candidacy (wkid, idno, supportedby) VALUES (22, 4227, 12);
insert into Landeslistenplatz (llid, idno, position) VALUES (335, 4227, 3);
insert into Citizen (idno, title, firstname, lastname, dateofbirth, gender) VALUES (4228, '', 'Arzu', 'Dinler', '1.1.1976.', 'n');
insert into CandidatesData (idno) VALUES (4228);
insert into Landeslistenplatz (llid, idno, position) VALUES (223, 4228, 1);
insert into Citizen (idno, title, firstname, lastname, dateofbirth, gender) VALUES (4229, '', 'Konrad Willibald', 'Dippel', '1.1.1971.', 'n');
insert into CandidatesData (idno) VALUES (4229);
insert into Candidacy (wkid, idno, supportedby) VALUES (470, 4229, NULL);
insert into Citizen (idno, title, firstname, lastname, dateofbirth, gender) VALUES (4230, '', 'Frank', 'Ditsche', '1.1.1966.', 'n');
insert into CandidatesData (idno) VALUES (4230);
insert into Candidacy (wkid, idno, supportedby) VALUES (154, 4230, NULL);
insert into Citizen (idno, title, firstname, lastname, dateofbirth, gender) VALUES (4231, '', 'Jens', 'Dittmann', '1.1.1965.', 'n');
insert into CandidatesData (idno) VALUES (4231);
insert into LandesListe (llid, year, pid, fsid) VALUES (380, 2013, 37, 4);
insert into Landeslistenplatz (llid, idno, position) VALUES (380, 4231, 5);
insert into Citizen (idno, title, firstname, lastname, dateofbirth, gender) VALUES (4232, '', 'Sabine', 'Dittmar', '1.1.1964.', 'n');
insert into CandidatesData (idno) VALUES (4232);
insert into Candidacy (wkid, idno, supportedby) VALUES (496, 4232, 2);
insert into Landeslistenplatz (llid, idno, position) VALUES (260, 4232, 12);
insert into Citizen (idno, title, firstname, lastname, dateofbirth, gender) VALUES (4233, '', 'Christoph', 'Dittrich', '1.1.1989.', 'n');
insert into CandidatesData (idno) VALUES (4233);
insert into Landeslistenplatz (llid, idno, position) VALUES (201, 4233, 21);
insert into Citizen (idno, title, firstname, lastname, dateofbirth, gender) VALUES (4234, '', 'Mathias Moncef', 'Djelassi', '1.1.1980.', 'n');
insert into CandidatesData (idno) VALUES (4234);
insert into Candidacy (wkid, idno, supportedby) VALUES (90, 4234, 32);
insert into Citizen (idno, title, firstname, lastname, dateofbirth, gender) VALUES (4235, '', 'Bijan', 'Djir-Sarai', '1.1.1976.', 'n');
insert into CandidatesData (idno) VALUES (4235);
insert into Candidacy (wkid, idno, supportedby) VALUES (216, 4235, 4);
insert into Landeslistenplatz (llid, idno, position) VALUES (272, 4235, 7);
insert into Citizen (idno, title, firstname, lastname, dateofbirth, gender) VALUES (4236, '', 'Alexander', 'Dobrindt', '1.1.1970.', 'n');
insert into CandidatesData (idno) VALUES (4236);
insert into Candidacy (wkid, idno, supportedby) VALUES (452, 4236, 9);
insert into Landeslistenplatz (llid, idno, position) VALUES (220, 4236, 4);
insert into Citizen (idno, title, firstname, lastname, dateofbirth, gender) VALUES (4237, '', 'Klaus', 'Dobrindt', '1.1.1966.', 'n');
insert into CandidatesData (idno) VALUES (4237);
insert into Landeslistenplatz (llid, idno, position) VALUES (257, 4237, 21);
insert into Citizen (idno, title, firstname, lastname, dateofbirth, gender) VALUES (4238, '', 'Gabriele', 'Dobusch', '1.1.1958.', 'n');
insert into CandidatesData (idno) VALUES (4238);
insert into Landeslistenplatz (llid, idno, position) VALUES (237, 4238, 11);
insert into Citizen (idno, title, firstname, lastname, dateofbirth, gender) VALUES (4239, '', 'Gisela', 'Dochan', '1.1.1931.', 'n');
insert into CandidatesData (idno) VALUES (4239);
insert into Landeslistenplatz (llid, idno, position) VALUES (288, 4239, 5);
insert into Citizen (idno, title, firstname, lastname, dateofbirth, gender) VALUES (4240, '', 'Ursula', 'Döge', '1.1.1947.', 'n');
insert into CandidatesData (idno) VALUES (4240);
insert into LandesListe (llid, year, pid, fsid) VALUES (381, 2013, 41, 5);
insert into Landeslistenplatz (llid, idno, position) VALUES (381, 4240, 5);
insert into Citizen (idno, title, firstname, lastname, dateofbirth, gender) VALUES (4241, '', 'Holger', 'Dölle', '1.1.1969.', 'n');
insert into CandidatesData (idno) VALUES (4241);
insert into Landeslistenplatz (llid, idno, position) VALUES (201, 4241, 42);
insert into Citizen (idno, title, firstname, lastname, dateofbirth, gender) VALUES (4242, '', 'Thomas', 'Dörflinger', '1.1.1965.', 'n');
insert into CandidatesData (idno) VALUES (4242);
insert into Candidacy (wkid, idno, supportedby) VALUES (576, 4242, 12);
insert into Citizen (idno, title, firstname, lastname, dateofbirth, gender) VALUES (4243, '', 'Dagmar', 'Döring', '1.1.1960.', 'n');
insert into CandidatesData (idno) VALUES (4243);
insert into Candidacy (wkid, idno, supportedby) VALUES (358, 4243, 4);
insert into Landeslistenplatz (llid, idno, position) VALUES (290, 4243, 10);
insert into Citizen (idno, title, firstname, lastname, dateofbirth, gender) VALUES (4244, '', 'Patrick', 'Döring', '1.1.1973.', 'n');
insert into CandidatesData (idno) VALUES (4244);
insert into Candidacy (wkid, idno, supportedby) VALUES (84, 4244, 4);
insert into Landeslistenplatz (llid, idno, position) VALUES (301, 4244, 2);
insert into Citizen (idno, title, firstname, lastname, dateofbirth, gender) VALUES (4245, '', 'Waltraud', 'Döring', '1.1.1952.', 'n');
insert into CandidatesData (idno) VALUES (4245);
insert into Landeslistenplatz (llid, idno, position) VALUES (325, 4245, 13);
insert into Citizen (idno, title, firstname, lastname, dateofbirth, gender) VALUES (4246, '', 'Wilfried', 'Döring', '1.1.1953.', 'n');
insert into CandidatesData (idno) VALUES (4246);
insert into Landeslistenplatz (llid, idno, position) VALUES (325, 4246, 18);
insert into Citizen (idno, title, firstname, lastname, dateofbirth, gender) VALUES (4247, '', 'Heinz Helmut', 'Dörlitz', '1.1.1963.', 'n');
insert into CandidatesData (idno) VALUES (4247);
insert into Candidacy (wkid, idno, supportedby) VALUES (42, 4247, 1);
insert into Landeslistenplatz (llid, idno, position) VALUES (212, 4247, 6);
insert into Citizen (idno, title, firstname, lastname, dateofbirth, gender) VALUES (4248, '', 'Martin', 'Dörmann', '1.1.1962.', 'n');
insert into CandidatesData (idno) VALUES (4248);
insert into Candidacy (wkid, idno, supportedby) VALUES (186, 4248, 2);
insert into Landeslistenplatz (llid, idno, position) VALUES (246, 4248, 61);
insert into Citizen (idno, title, firstname, lastname, dateofbirth, gender) VALUES (4249, 'Dr. ', 'Wolfgang-Marc', 'Dörner', '1.1.1960.', 'n');
insert into CandidatesData (idno) VALUES (4249);
insert into Landeslistenplatz (llid, idno, position) VALUES (342, 4249, 26);
insert into Citizen (idno, title, firstname, lastname, dateofbirth, gender) VALUES (4250, '', 'Katja', 'Dörner', '1.1.1976.', 'n');
insert into CandidatesData (idno) VALUES (4250);
insert into Candidacy (wkid, idno, supportedby) VALUES (192, 4250, 5);
insert into Landeslistenplatz (llid, idno, position) VALUES (256, 4250, 5);
insert into Citizen (idno, title, firstname, lastname, dateofbirth, gender) VALUES (4251, '', 'Lars', 'Dörner', '1.1.1982.', 'n');
insert into CandidatesData (idno) VALUES (4251);
insert into Candidacy (wkid, idno, supportedby) VALUES (330, 4251, 5);
insert into Citizen (idno, title, firstname, lastname, dateofbirth, gender) VALUES (4252, '', 'Doris Anna Wilhelmine', 'Dörnhöfer', '1.1.1953.', 'n');
insert into CandidatesData (idno) VALUES (4252);
insert into Candidacy (wkid, idno, supportedby) VALUES (502, 4252, 3);
insert into Citizen (idno, title, firstname, lastname, dateofbirth, gender) VALUES (4253, '', 'Johannes Markus', 'Dörr', '1.1.1976.', 'n');
insert into CandidatesData (idno) VALUES (4253);
insert into Landeslistenplatz (llid, idno, position) VALUES (257, 4253, 9);
insert into Citizen (idno, title, firstname, lastname, dateofbirth, gender) VALUES (4254, '', 'Marie-Luise', 'Dött', '1.1.1953.', 'n');
insert into CandidatesData (idno) VALUES (4254);
insert into Candidacy (wkid, idno, supportedby) VALUES (234, 4254, 12);
insert into Landeslistenplatz (llid, idno, position) VALUES (310, 4254, 9);
insert into Citizen (idno, title, firstname, lastname, dateofbirth, gender) VALUES (4255, '', 'Abdülselam', 'Dogan', '1.1.1974.', 'n');
insert into CandidatesData (idno) VALUES (4255);
insert into Candidacy (wkid, idno, supportedby) VALUES (94, 4255, 5);
insert into Citizen (idno, title, firstname, lastname, dateofbirth, gender) VALUES (4256, '', 'Sülmez', 'Dogan', '1.1.1975.', 'n');
insert into CandidatesData (idno) VALUES (4256);
insert into Candidacy (wkid, idno, supportedby) VALUES (110, 4256, 5);
insert into Landeslistenplatz (llid, idno, position) VALUES (293, 4256, 2);
insert into Citizen (idno, title, firstname, lastname, dateofbirth, gender) VALUES (4257, '', 'Dirk', 'Domicke', '1.1.1967.', 'n');
insert into CandidatesData (idno) VALUES (4257);
insert into Candidacy (wkid, idno, supportedby) VALUES (144, 4257, 33);
insert into Landeslistenplatz (llid, idno, position) VALUES (340, 4257, 4);
insert into Citizen (idno, title, firstname, lastname, dateofbirth, gender) VALUES (4258, '', 'Marianne', 'Dominas', '1.1.1961.', 'n');
insert into CandidatesData (idno) VALUES (4258);
insert into Candidacy (wkid, idno, supportedby) VALUES (250, 4258, 36);
insert into Landeslistenplatz (llid, idno, position) VALUES (257, 4258, 17);
insert into Citizen (idno, title, firstname, lastname, dateofbirth, gender) VALUES (4259, '', 'Hannes', 'Domke', '1.1.1986.', 'n');
insert into CandidatesData (idno) VALUES (4259);
insert into Landeslistenplatz (llid, idno, position) VALUES (201, 4259, 27);
insert into Citizen (idno, title, firstname, lastname, dateofbirth, gender) VALUES (4260, '', 'René', 'Domke', '1.1.1972.', 'n');
insert into CandidatesData (idno) VALUES (4260);
insert into Candidacy (wkid, idno, supportedby) VALUES (26, 4260, 4);
insert into Landeslistenplatz (llid, idno, position) VALUES (278, 4260, 2);
insert into Citizen (idno, title, firstname, lastname, dateofbirth, gender) VALUES (4261, '', 'Anke Margarete', 'Domscheit-Berg', '1.1.1968.', 'n');
insert into CandidatesData (idno) VALUES (4261);
insert into Candidacy (wkid, idno, supportedby) VALUES (116, 4261, 7);
insert into Landeslistenplatz (llid, idno, position) VALUES (354, 4261, 2);
insert into Citizen (idno, title, firstname, lastname, dateofbirth, gender) VALUES (4262, '', 'Michael', 'Donth', '1.1.1967.', 'n');
insert into CandidatesData (idno) VALUES (4262);
insert into Candidacy (wkid, idno, supportedby) VALUES (578, 4262, 12);
insert into Citizen (idno, title, firstname, lastname, dateofbirth, gender) VALUES (4263, '', 'Dennis', 'Dormuth', '1.1.1980.', 'n');
insert into CandidatesData (idno) VALUES (4263);
insert into Candidacy (wkid, idno, supportedby) VALUES (56, 4263, 1);
insert into Citizen (idno, title, firstname, lastname, dateofbirth, gender) VALUES (4264, '', 'Detlef', 'Dorn', '1.1.1954.', 'n');
insert into CandidatesData (idno) VALUES (4264);
insert into Candidacy (wkid, idno, supportedby) VALUES (154, 4264, 32);
insert into Citizen (idno, title, firstname, lastname, dateofbirth, gender) VALUES (4265, 'Dr. Dr. ', 'Matthias Rudolf Helmut', 'Dorn', '1.1.1954.', 'n');
insert into CandidatesData (idno) VALUES (4265);
insert into Candidacy (wkid, idno, supportedby) VALUES (82, 4265, 33);
insert into Landeslistenplatz (llid, idno, position) VALUES (203, 4265, 6);
insert into Citizen (idno, title, firstname, lastname, dateofbirth, gender) VALUES (4266, '', 'Michael', 'Dornhausen', '1.1.1972.', 'n');
insert into CandidatesData (idno) VALUES (4266);
insert into Candidacy (wkid, idno, supportedby) VALUES (530, 4266, 36);
insert into Citizen (idno, title, firstname, lastname, dateofbirth, gender) VALUES (4267, '', 'Laura', 'Dornheim', '1.1.1985.', 'n');
insert into CandidatesData (idno) VALUES (4267);
insert into LandesListe (llid, year, pid, fsid) VALUES (382, 2013, 7, 1);
insert into Landeslistenplatz (llid, idno, position) VALUES (382, 4267, 6);
insert into Citizen (idno, title, firstname, lastname, dateofbirth, gender) VALUES (4268, 'Dr. ', 'Nikolaus Theodor', 'Dorsch', '1.1.1958.', 'n');
insert into CandidatesData (idno) VALUES (4268);
insert into Candidacy (wkid, idno, supportedby) VALUES (390, 4268, 2);
insert into Landeslistenplatz (llid, idno, position) VALUES (330, 4268, 9);
insert into Citizen (idno, title, firstname, lastname, dateofbirth, gender) VALUES (4269, '', 'Peter', 'Dorscht', '1.1.1961.', 'n');
insert into CandidatesData (idno) VALUES (4269);
insert into Candidacy (wkid, idno, supportedby) VALUES (472, 4269, 32);
insert into Landeslistenplatz (llid, idno, position) VALUES (206, 4269, 2);
insert into Citizen (idno, title, firstname, lastname, dateofbirth, gender) VALUES (4270, 'Dr. ', 'Manfred', 'Dott', '1.1.1940.', 'n');
insert into CandidatesData (idno) VALUES (4270);
insert into Candidacy (wkid, idno, supportedby) VALUES (146, 4270, 7);
insert into Landeslistenplatz (llid, idno, position) VALUES (351, 4270, 5);
insert into Citizen (idno, title, firstname, lastname, dateofbirth, gender) VALUES (4271, '', 'Horst', 'Dotten', '1.1.1957.', 'n');
insert into CandidatesData (idno) VALUES (4271);
insert into Candidacy (wkid, idno, supportedby) VALUES (238, 4271, 13);
insert into Citizen (idno, title, firstname, lastname, dateofbirth, gender) VALUES (4272, '', 'Sina', 'Doughan', '1.1.1987.', 'n');
insert into CandidatesData (idno) VALUES (4272);
insert into Candidacy (wkid, idno, supportedby) VALUES (482, 4272, 5);
insert into Landeslistenplatz (llid, idno, position) VALUES (238, 4272, 15);
insert into Citizen (idno, title, firstname, lastname, dateofbirth, gender) VALUES (4273, '', 'Markus', 'Dowe', '1.1.1969.', 'n');
insert into CandidatesData (idno) VALUES (4273);
insert into Candidacy (wkid, idno, supportedby) VALUES (282, 4273, 3);
insert into Landeslistenplatz (llid, idno, position) VALUES (269, 4273, 25);
insert into Citizen (idno, title, firstname, lastname, dateofbirth, gender) VALUES (4274, '', 'Alexander', 'Drage van', '1.1.1980.', 'n');
insert into CandidatesData (idno) VALUES (4274);
insert into Landeslistenplatz (llid, idno, position) VALUES (213, 4274, 5);
insert into Citizen (idno, title, firstname, lastname, dateofbirth, gender) VALUES (4275, '', 'Edgar Tristan', 'Drechsel', '1.1.1955.', 'n');
insert into CandidatesData (idno) VALUES (4275);
insert into Candidacy (wkid, idno, supportedby) VALUES (330, 4275, 7);
insert into Citizen (idno, title, firstname, lastname, dateofbirth, gender) VALUES (4276, '', 'Jörg', 'Drechsel', '1.1.1956.', 'n');
insert into CandidatesData (idno) VALUES (4276);
insert into Candidacy (wkid, idno, supportedby) VALUES (538, 4276, 3);
insert into Citizen (idno, title, firstname, lastname, dateofbirth, gender) VALUES (4277, '', 'Stefan', 'Dreher', '1.1.1955.', 'n');
insert into CandidatesData (idno) VALUES (4277);
insert into Candidacy (wkid, idno, supportedby) VALUES (522, 4277, 3);
insert into Landeslistenplatz (llid, idno, position) VALUES (324, 4277, 10);
insert into Citizen (idno, title, firstname, lastname, dateofbirth, gender) VALUES (4278, '', 'Steffen Richard', 'Dreiling', '1.1.1969.', 'n');
insert into CandidatesData (idno) VALUES (4278);
insert into Candidacy (wkid, idno, supportedby) VALUES (378, 4278, 4);
insert into Landeslistenplatz (llid, idno, position) VALUES (344, 4278, 3);
insert into Citizen (idno, title, firstname, lastname, dateofbirth, gender) VALUES (4279, 'Dr. ', 'Artur', 'Dreischer', '1.1.1928.', 'n');
insert into CandidatesData (idno) VALUES (4279);
insert into Landeslistenplatz (llid, idno, position) VALUES (286, 4279, 1);
insert into Citizen (idno, title, firstname, lastname, dateofbirth, gender) VALUES (4280, '', 'Markus', 'Drenger', '1.1.1987.', 'n');
insert into CandidatesData (idno) VALUES (4280);
insert into Landeslistenplatz (llid, idno, position) VALUES (287, 4280, 3);
insert into Citizen (idno, title, firstname, lastname, dateofbirth, gender) VALUES (4281, '', 'Rainer', 'Drephal', '1.1.1944.', 'n');
insert into CandidatesData (idno) VALUES (4281);
insert into Candidacy (wkid, idno, supportedby) VALUES (364, 4281, 32);
insert into Landeslistenplatz (llid, idno, position) VALUES (315, 4281, 8);
insert into Citizen (idno, title, firstname, lastname, dateofbirth, gender) VALUES (4282, 'Dr. ', 'Dorothea', 'Dresenkamp', '1.1.1978.', 'n');
insert into CandidatesData (idno) VALUES (4282);
insert into Candidacy (wkid, idno, supportedby) VALUES (234, 4282, 4);
insert into Citizen (idno, title, firstname, lastname, dateofbirth, gender) VALUES (4283, '', 'Hans Joachim', 'Drewes', '1.1.1936.', 'n');
insert into CandidatesData (idno) VALUES (4283);
insert into LandesListe (llid, year, pid, fsid) VALUES (383, 2013, 41, 11);
insert into Landeslistenplatz (llid, idno, position) VALUES (383, 4283, 1);
insert into Citizen (idno, title, firstname, lastname, dateofbirth, gender) VALUES (4284, '', 'Richard', 'Drexl', '1.1.1952.', 'n');
insert into CandidatesData (idno) VALUES (4284);
insert into Landeslistenplatz (llid, idno, position) VALUES (206, 4284, 6);
insert into Citizen (idno, title, firstname, lastname, dateofbirth, gender) VALUES (4285, '', 'Uwe Bernd', 'Dreyer', '1.1.1957.', 'n');
insert into CandidatesData (idno) VALUES (4285);
insert into LandesListe (llid, year, pid, fsid) VALUES (384, 2013, 19, 14);
insert into Landeslistenplatz (llid, idno, position) VALUES (384, 4285, 4);
insert into Citizen (idno, title, firstname, lastname, dateofbirth, gender) VALUES (4286, '', 'Dirk Klaus', 'Driesang', '1.1.1964.', 'n');
insert into CandidatesData (idno) VALUES (4286);
insert into Landeslistenplatz (llid, idno, position) VALUES (342, 4286, 34);
insert into Citizen (idno, title, firstname, lastname, dateofbirth, gender) VALUES (4287, '', 'Elvira', 'Drobinski-Weiß', '1.1.1951.', 'n');
insert into CandidatesData (idno) VALUES (4287);
insert into Candidacy (wkid, idno, supportedby) VALUES (568, 4287, 2);
insert into Landeslistenplatz (llid, idno, position) VALUES (249, 4287, 8);
insert into Citizen (idno, title, firstname, lastname, dateofbirth, gender) VALUES (4288, '', 'Katharina', 'Dröge', '1.1.1984.', 'n');
insert into CandidatesData (idno) VALUES (4288);
insert into Candidacy (wkid, idno, supportedby) VALUES (190, 4288, 5);
insert into Landeslistenplatz (llid, idno, position) VALUES (256, 4288, 9);
insert into Citizen (idno, title, firstname, lastname, dateofbirth, gender) VALUES (4289, '', 'Maxim', 'Drüner', '1.1.1984.', 'n');
insert into CandidatesData (idno) VALUES (4289);
insert into Landeslistenplatz (llid, idno, position) VALUES (201, 4289, 48);
insert into Citizen (idno, title, firstname, lastname, dateofbirth, gender) VALUES (4290, 'Dr. ', 'Herbert', 'Drumm', '1.1.1949.', 'n');
insert into CandidatesData (idno) VALUES (4290);
insert into Landeslistenplatz (llid, idno, position) VALUES (312, 4290, 24);
insert into Citizen (idno, title, firstname, lastname, dateofbirth, gender) VALUES (4291, '', 'Kai-Uwe', 'Ducke', '1.1.1975.', 'n');
insert into CandidatesData (idno) VALUES (4291);
insert into Candidacy (wkid, idno, supportedby) VALUES (330, 4291, 10);
insert into Landeslistenplatz (llid, idno, position) VALUES (356, 4291, 8);
insert into Citizen (idno, title, firstname, lastname, dateofbirth, gender) VALUES (4292, '', 'Horst Friedrich', 'Dürr', '1.1.1942.', 'n');
insert into CandidatesData (idno) VALUES (4292);
insert into Candidacy (wkid, idno, supportedby) VALUES (582, 4292, 32);
insert into Landeslistenplatz (llid, idno, position) VALUES (265, 4292, 16);
insert into Citizen (idno, title, firstname, lastname, dateofbirth, gender) VALUES (4293, '', 'Jörg Friedrich', 'Dürre', '1.1.1970.', 'n');
insert into CandidatesData (idno) VALUES (4293);
insert into Landeslistenplatz (llid, idno, position) VALUES (215, 4293, 6);
insert into Citizen (idno, title, firstname, lastname, dateofbirth, gender) VALUES (4294, '', 'Helmut', 'Dürrwanger', '1.1.1941.', 'n');
insert into CandidatesData (idno) VALUES (4294);
insert into Candidacy (wkid, idno, supportedby) VALUES (504, 4294, 19);
insert into Landeslistenplatz (llid, idno, position) VALUES (213, 4294, 45);
insert into Citizen (idno, title, firstname, lastname, dateofbirth, gender) VALUES (4295, '', 'Angelica', 'Dullinger', '1.1.1960.', 'n');
insert into CandidatesData (idno) VALUES (4295);
insert into Candidacy (wkid, idno, supportedby) VALUES (452, 4295, 2);
insert into Landeslistenplatz (llid, idno, position) VALUES (260, 4295, 26);
insert into Citizen (idno, title, firstname, lastname, dateofbirth, gender) VALUES (4296, '', 'Andrea Brigitte', 'Dumberger', '1.1.1957.', 'n');
insert into CandidatesData (idno) VALUES (4296);
insert into Landeslistenplatz (llid, idno, position) VALUES (247, 4296, 5);
insert into Citizen (idno, title, firstname, lastname, dateofbirth, gender) VALUES (4297, '', 'Klaus', 'Dumberger', '1.1.1964.', 'n');
insert into CandidatesData (idno) VALUES (4297);
insert into Candidacy (wkid, idno, supportedby) VALUES (436, 4297, 13);
insert into Landeslistenplatz (llid, idno, position) VALUES (247, 4297, 1);
insert into Citizen (idno, title, firstname, lastname, dateofbirth, gender) VALUES (4298, '', 'Bekir', 'Durak', '1.1.1959.', 'n');
insert into CandidatesData (idno) VALUES (4298);
insert into Landeslistenplatz (llid, idno, position) VALUES (363, 4298, 10);
insert into Citizen (idno, title, firstname, lastname, dateofbirth, gender) VALUES (4299, '', 'Hansjörg', 'Durz', '1.1.1971.', 'n');
insert into CandidatesData (idno) VALUES (4299);
insert into Candidacy (wkid, idno, supportedby) VALUES (506, 4299, 9);
insert into Citizen (idno, title, firstname, lastname, dateofbirth, gender) VALUES (4300, '', 'Nina', 'Dusper', '1.1.1975.', 'n');
insert into CandidatesData (idno) VALUES (4300);
insert into Landeslistenplatz (llid, idno, position) VALUES (346, 4300, 4);
insert into Citizen (idno, title, firstname, lastname, dateofbirth, gender) VALUES (4301, 'Dr. ', 'Kurt Carlos', 'Duwe', '1.1.1951.', 'n');
insert into CandidatesData (idno) VALUES (4301);
insert into Candidacy (wkid, idno, supportedby) VALUES (46, 4301, 4);
insert into Landeslistenplatz (llid, idno, position) VALUES (274, 4301, 2);
insert into Citizen (idno, title, firstname, lastname, dateofbirth, gender) VALUES (4302, '', 'Volker', 'Dyken', '1.1.1969.', 'n');
insert into CandidatesData (idno) VALUES (4302);
insert into Candidacy (wkid, idno, supportedby) VALUES (528, 4302, 7);
insert into Landeslistenplatz (llid, idno, position) VALUES (221, 4302, 26);
insert into Citizen (idno, title, firstname, lastname, dateofbirth, gender) VALUES (4303, '', 'Bernd', 'Ebeling', '1.1.1966.', 'n');
insert into CandidatesData (idno) VALUES (4303);
insert into Candidacy (wkid, idno, supportedby) VALUES (88, 4303, 5);
insert into Citizen (idno, title, firstname, lastname, dateofbirth, gender) VALUES (4304, '', 'Ralph Dieter', 'Ebeling', '1.1.1952.', 'n');
insert into CandidatesData (idno) VALUES (4304);
insert into LandesListe (llid, year, pid, fsid) VALUES (385, 2013, 37, 3);
insert into Landeslistenplatz (llid, idno, position) VALUES (385, 4304, 3);
insert into Citizen (idno, title, firstname, lastname, dateofbirth, gender) VALUES (4305, '', 'Klaus-Peter', 'Eberhard', '1.1.1962.', 'n');
insert into CandidatesData (idno) VALUES (4305);
insert into Candidacy (wkid, idno, supportedby) VALUES (16, 4305, 4);
insert into Landeslistenplatz (llid, idno, position) VALUES (251, 4305, 7);
insert into Citizen (idno, title, firstname, lastname, dateofbirth, gender) VALUES (4306, '', 'Iris Maria', 'Eberl', '1.1.1958.', 'n');
insert into CandidatesData (idno) VALUES (4306);
insert into Landeslistenplatz (llid, idno, position) VALUES (220, 4306, 41);
insert into Citizen (idno, title, firstname, lastname, dateofbirth, gender) VALUES (4307, '', 'Detlef', 'Ebert', '1.1.1964.', 'n');
insert into CandidatesData (idno) VALUES (4307);
insert into Candidacy (wkid, idno, supportedby) VALUES (136, 4307, 4);
insert into Landeslistenplatz (llid, idno, position) VALUES (208, 4307, 5);
insert into Citizen (idno, title, firstname, lastname, dateofbirth, gender) VALUES (4308, '', 'Harald', 'Ebert', '1.1.1961.', 'n');
insert into CandidatesData (idno) VALUES (4308);
insert into Landeslistenplatz (llid, idno, position) VALUES (230, 4308, 3);
insert into Citizen (idno, title, firstname, lastname, dateofbirth, gender) VALUES (4309, '', 'Harald', 'Ebner', '1.1.1964.', 'n');
insert into CandidatesData (idno) VALUES (4309);
insert into Candidacy (wkid, idno, supportedby) VALUES (536, 4309, 5);
insert into Landeslistenplatz (llid, idno, position) VALUES (234, 4309, 8);
insert into Citizen (idno, title, firstname, lastname, dateofbirth, gender) VALUES (4310, '', 'Matthias', 'Ebner', '1.1.1984.', 'n');
insert into CandidatesData (idno) VALUES (4310);
insert into Landeslistenplatz (llid, idno, position) VALUES (331, 4310, 3);
insert into Citizen (idno, title, firstname, lastname, dateofbirth, gender) VALUES (4311, '', 'Robin', 'Ebser', '1.1.1980.', 'n');
insert into CandidatesData (idno) VALUES (4311);
insert into Candidacy (wkid, idno, supportedby) VALUES (170, 4311, 33);
insert into Citizen (idno, title, firstname, lastname, dateofbirth, gender) VALUES (4312, '', 'Daniel Karl', 'Eckard', '1.1.1938.', 'n');
insert into CandidatesData (idno) VALUES (4312);
insert into Landeslistenplatz (llid, idno, position) VALUES (253, 4312, 16);
insert into Citizen (idno, title, firstname, lastname, dateofbirth, gender) VALUES (4313, '', 'Nico Alexander', 'Ecke', '1.1.1978.', 'n');
insert into CandidatesData (idno) VALUES (4313);
insert into Candidacy (wkid, idno, supportedby) VALUES (46, 4313, 7);
insert into Citizen (idno, title, firstname, lastname, dateofbirth, gender) VALUES (4314, '', 'Jutta', 'Eckenbach', '1.1.1952.', 'n');
insert into CandidatesData (idno) VALUES (4314);
insert into Candidacy (wkid, idno, supportedby) VALUES (238, 4314, 12);
insert into Landeslistenplatz (llid, idno, position) VALUES (310, 4314, 47);
insert into Citizen (idno, title, firstname, lastname, dateofbirth, gender) VALUES (4315, '', 'René', 'Eckert van', '1.1.1987.', 'n');
insert into CandidatesData (idno) VALUES (4315);
insert into Landeslistenplatz (llid, idno, position) VALUES (260, 4315, 50);
insert into Citizen (idno, title, firstname, lastname, dateofbirth, gender) VALUES (4316, '', 'Christian', 'Eckert', '1.1.1947.', 'n');
insert into CandidatesData (idno) VALUES (4316);
insert into Landeslistenplatz (llid, idno, position) VALUES (228, 4316, 13);
insert into Citizen (idno, title, firstname, lastname, dateofbirth, gender) VALUES (4317, '', 'Florian', 'Eckert', '1.1.1971.', 'n');
insert into CandidatesData (idno) VALUES (4317);
insert into Candidacy (wkid, idno, supportedby) VALUES (466, 4317, 5);
insert into Landeslistenplatz (llid, idno, position) VALUES (238, 4317, 44);
insert into Citizen (idno, title, firstname, lastname, dateofbirth, gender) VALUES (4318, '', 'Hannelore', 'Eckhardt', '1.1.1954.', 'n');
insert into CandidatesData (idno) VALUES (4318);
insert into Landeslistenplatz (llid, idno, position) VALUES (227, 4318, 42);
insert into Citizen (idno, title, firstname, lastname, dateofbirth, gender) VALUES (4319, '', 'Anita Caroline', 'Eckhoff', '1.1.1966.', 'n');
insert into CandidatesData (idno) VALUES (4319);
insert into LandesListe (llid, year, pid, fsid) VALUES (386, 2013, 42, 13);
insert into Landeslistenplatz (llid, idno, position) VALUES (386, 4319, 2);
insert into Citizen (idno, title, firstname, lastname, dateofbirth, gender) VALUES (4320, '', 'Horst Alexander Josef', 'Eckl', '1.1.1970.', 'n');
insert into CandidatesData (idno) VALUES (4320);
insert into Landeslistenplatz (llid, idno, position) VALUES (204, 4320, 21);
insert into Citizen (idno, title, firstname, lastname, dateofbirth, gender) VALUES (4321, 'Dr. ', 'Carola', 'Eckstein', '1.1.1973.', 'n');
insert into CandidatesData (idno) VALUES (4321);
insert into Candidacy (wkid, idno, supportedby) VALUES (518, 4321, NULL);
insert into Citizen (idno, title, firstname, lastname, dateofbirth, gender) VALUES (4322, '', 'Sebastian', 'Edathy', '1.1.1969.', 'n');
insert into CandidatesData (idno) VALUES (4322);
insert into Candidacy (wkid, idno, supportedby) VALUES (80, 4322, 2);
insert into Landeslistenplatz (llid, idno, position) VALUES (242, 4322, 17);
insert into Citizen (idno, title, firstname, lastname, dateofbirth, gender) VALUES (4323, '', 'Thomas', 'Edtmaier', '1.1.1965.', 'n');
insert into CandidatesData (idno) VALUES (4323);
insert into Candidacy (wkid, idno, supportedby) VALUES (526, 4323, 3);
insert into Landeslistenplatz (llid, idno, position) VALUES (324, 4323, 12);
insert into Citizen (idno, title, firstname, lastname, dateofbirth, gender) VALUES (4324, '', 'Karl Markus Matthias', 'Egg', '1.1.1963.', 'n');
insert into CandidatesData (idno) VALUES (4324);
insert into Candidacy (wkid, idno, supportedby) VALUES (152, 4324, 33);
insert into Citizen (idno, title, firstname, lastname, dateofbirth, gender) VALUES (4325, '', 'Torsten', 'Eggelmann', '1.1.1964.', 'n');
insert into CandidatesData (idno) VALUES (4325);
insert into Candidacy (wkid, idno, supportedby) VALUES (66, 4325, 5);
insert into Citizen (idno, title, firstname, lastname, dateofbirth, gender) VALUES (4326, '', 'Jürgen', 'Eggers', '1.1.1957.', 'n');
insert into CandidatesData (idno) VALUES (4326);
insert into Candidacy (wkid, idno, supportedby) VALUES (90, 4326, 3);
insert into Citizen (idno, title, firstname, lastname, dateofbirth, gender) VALUES (4327, '', 'Ingo', 'Egloff', '1.1.1956.', 'n');
insert into CandidatesData (idno) VALUES (4327);
insert into Landeslistenplatz (llid, idno, position) VALUES (237, 4327, 2);
insert into Citizen (idno, title, firstname, lastname, dateofbirth, gender) VALUES (4328, '', 'Janis', 'Ehling', '1.1.1985.', 'n');
insert into CandidatesData (idno) VALUES (4328);
insert into Candidacy (wkid, idno, supportedby) VALUES (342, 4328, 3);
insert into Landeslistenplatz (llid, idno, position) VALUES (216, 4328, 8);
insert into Citizen (idno, title, firstname, lastname, dateofbirth, gender) VALUES (4329, '', 'Hans-Joachim', 'Ehnes', '1.1.1956.', 'n');
insert into CandidatesData (idno) VALUES (4329);
insert into Candidacy (wkid, idno, supportedby) VALUES (484, 4329, 3);
insert into Landeslistenplatz (llid, idno, position) VALUES (350, 4329, 14);
insert into Citizen (idno, title, firstname, lastname, dateofbirth, gender) VALUES (4330, '', 'Hans-Werner', 'Ehrenberg', '1.1.1952.', 'n');
insert into CandidatesData (idno) VALUES (4330);
insert into Candidacy (wkid, idno, supportedby) VALUES (294, 4330, 4);
insert into Landeslistenplatz (llid, idno, position) VALUES (272, 4330, 12);
insert into Citizen (idno, title, firstname, lastname, dateofbirth, gender) VALUES (4331, '', 'Jutta Christine', 'Ehrhardt', '1.1.1973.', 'n');
insert into CandidatesData (idno) VALUES (4331);
insert into Candidacy (wkid, idno, supportedby) VALUES (460, 4331, 36);
insert into Landeslistenplatz (llid, idno, position) VALUES (295, 4331, 10);
insert into Citizen (idno, title, firstname, lastname, dateofbirth, gender) VALUES (4332, '', 'Thomas Ludwig Walter', 'Ehrhorn', '1.1.1959.', 'n');
insert into CandidatesData (idno) VALUES (4332);
insert into Candidacy (wkid, idno, supportedby) VALUES (88, 4332, 33);
insert into Citizen (idno, title, firstname, lastname, dateofbirth, gender) VALUES (4333, 'Dr. ', 'Matthias', 'Ehrich', '1.1.1937.', 'n');
insert into CandidatesData (idno) VALUES (4333);
insert into Landeslistenplatz (llid, idno, position) VALUES (285, 4333, 10);
insert into Citizen (idno, title, firstname, lastname, dateofbirth, gender) VALUES (4334, '', 'Siegmund', 'Ehrmann', '1.1.1952.', 'n');
insert into CandidatesData (idno) VALUES (4334);
insert into Candidacy (wkid, idno, supportedby) VALUES (228, 4334, 2);
insert into Landeslistenplatz (llid, idno, position) VALUES (246, 4334, 50);
insert into Citizen (idno, title, firstname, lastname, dateofbirth, gender) VALUES (4335, '', 'Martina', 'Ehses', '1.1.1960.', 'n');
insert into CandidatesData (idno) VALUES (4335);
insert into Landeslistenplatz (llid, idno, position) VALUES (229, 4335, 19);
insert into Citizen (idno, title, firstname, lastname, dateofbirth, gender) VALUES (4336, '', 'Sabine', 'Ehses', '1.1.1960.', 'n');
insert into CandidatesData (idno) VALUES (4336);
insert into Landeslistenplatz (llid, idno, position) VALUES (229, 4336, 17);
insert into Citizen (idno, title, firstname, lastname, dateofbirth, gender) VALUES (4337, 'Dr. ', 'Franz', 'Eibl', '1.1.1968.', 'n');
insert into CandidatesData (idno) VALUES (4337);
insert into Candidacy (wkid, idno, supportedby) VALUES (472, 4337, 33);
insert into Landeslistenplatz (llid, idno, position) VALUES (342, 4337, 4);
insert into Citizen (idno, title, firstname, lastname, dateofbirth, gender) VALUES (4338, '', 'Thorsten', 'Eich', '1.1.1983.', 'n');
insert into CandidatesData (idno) VALUES (4338);
insert into Candidacy (wkid, idno, supportedby) VALUES (598, 4338, 4);
insert into Landeslistenplatz (llid, idno, position) VALUES (225, 4338, 4);
insert into Citizen (idno, title, firstname, lastname, dateofbirth, gender) VALUES (4339, '', 'Martin', 'Eichert', '1.1.1965.', 'n');
insert into CandidatesData (idno) VALUES (4339);
insert into Candidacy (wkid, idno, supportedby) VALUES (422, 4339, 32);
insert into Landeslistenplatz (llid, idno, position) VALUES (202, 4339, 5);
insert into Citizen (idno, title, firstname, lastname, dateofbirth, gender) VALUES (4340, '', 'Hermann Josef', 'Eicker', '1.1.1949.', 'n');
insert into CandidatesData (idno) VALUES (4340);
insert into Landeslistenplatz (llid, idno, position) VALUES (207, 4340, 5);
insert into Citizen (idno, title, firstname, lastname, dateofbirth, gender) VALUES (4341, '', 'Andreas', 'Eickmeier', '1.1.1954.', 'n');
insert into CandidatesData (idno) VALUES (4341);
insert into Candidacy (wkid, idno, supportedby) VALUES (268, 4341, 4);
insert into Landeslistenplatz (llid, idno, position) VALUES (272, 4341, 30);
insert into Citizen (idno, title, firstname, lastname, dateofbirth, gender) VALUES (4342, '', 'Matthias Maria', 'Eidens', '1.1.1961.', 'n');
insert into CandidatesData (idno) VALUES (4342);
insert into Landeslistenplatz (llid, idno, position) VALUES (297, 4342, 47);
insert into Citizen (idno, title, firstname, lastname, dateofbirth, gender) VALUES (4343, '', 'Andreas Stefan', 'Eifler', '1.1.1955.', 'n');
insert into CandidatesData (idno) VALUES (4343);
insert into Candidacy (wkid, idno, supportedby) VALUES (392, 4343, 13);
insert into LandesListe (llid, year, pid, fsid) VALUES (387, 2013, 13, 9);
insert into Landeslistenplatz (llid, idno, position) VALUES (387, 4343, 1);
insert into Citizen (idno, title, firstname, lastname, dateofbirth, gender) VALUES (4344, '', 'Manuela Viola', 'Eifler', '1.1.1957.', 'n');
insert into CandidatesData (idno) VALUES (4344);
insert into Landeslistenplatz (llid, idno, position) VALUES (387, 4344, 3);
insert into Citizen (idno, title, firstname, lastname, dateofbirth, gender) VALUES (4345, '', 'Ulrich', 'Eigenfeld', '1.1.1947.', 'n');
insert into CandidatesData (idno) VALUES (4345);
insert into Candidacy (wkid, idno, supportedby) VALUES (54, 4345, 1);
insert into Landeslistenplatz (llid, idno, position) VALUES (347, 4345, 1);
insert into Citizen (idno, title, firstname, lastname, dateofbirth, gender) VALUES (4346, '', 'Thomas', 'Eilers', '1.1.1989.', 'n');
insert into CandidatesData (idno) VALUES (4346);
insert into Landeslistenplatz (llid, idno, position) VALUES (357, 4346, 5);
insert into Citizen (idno, title, firstname, lastname, dateofbirth, gender) VALUES (4347, '', 'Sven Torsten', 'Eisele', '1.1.1961.', 'n');
insert into CandidatesData (idno) VALUES (4347);
insert into Landeslistenplatz (llid, idno, position) VALUES (338, 4347, 6);
insert into Citizen (idno, title, firstname, lastname, dateofbirth, gender) VALUES (4348, '', 'Volker', 'Eisen', '1.1.1948.', 'n');
insert into CandidatesData (idno) VALUES (4348);
insert into Landeslistenplatz (llid, idno, position) VALUES (370, 4348, 5);
insert into Citizen (idno, title, firstname, lastname, dateofbirth, gender) VALUES (4349, '', 'Thomas Günter', 'Eisinger', '1.1.1963.', 'n');
insert into CandidatesData (idno) VALUES (4349);
insert into Candidacy (wkid, idno, supportedby) VALUES (504, 4349, 33);
insert into Landeslistenplatz (llid, idno, position) VALUES (342, 4349, 12);
insert into Citizen (idno, title, firstname, lastname, dateofbirth, gender) VALUES (4350, '', 'Klaus', 'Eisold', '1.1.1961.', 'n');
insert into CandidatesData (idno) VALUES (4350);
insert into Landeslistenplatz (llid, idno, position) VALUES (244, 4350, 26);
insert into Citizen (idno, title, firstname, lastname, dateofbirth, gender) VALUES (4351, '', 'Andreas', 'Eißrig', '1.1.1947.', 'n');
insert into CandidatesData (idno) VALUES (4351);
insert into Candidacy (wkid, idno, supportedby) VALUES (118, 4351, 32);
insert into Landeslistenplatz (llid, idno, position) VALUES (266, 4351, 2);
insert into Citizen (idno, title, firstname, lastname, dateofbirth, gender) VALUES (4352, '', 'Henrik', 'Eitel', '1.1.1977.', 'n');
insert into CandidatesData (idno) VALUES (4352);
insert into Landeslistenplatz (llid, idno, position) VALUES (226, 4352, 8);
insert into Citizen (idno, title, firstname, lastname, dateofbirth, gender) VALUES (4353, '', 'Ahmed', 'El-Masri', '1.1.1972.', 'n');
insert into CandidatesData (idno) VALUES (4353);
insert into Landeslistenplatz (llid, idno, position) VALUES (205, 4353, 4);
insert into Citizen (idno, title, firstname, lastname, dateofbirth, gender) VALUES (4354, '', 'Matthias', 'Elbers', '1.1.1973.', 'n');
insert into CandidatesData (idno) VALUES (4354);
insert into Landeslistenplatz (llid, idno, position) VALUES (209, 4354, 8);
insert into Citizen (idno, title, firstname, lastname, dateofbirth, gender) VALUES (4355, '', 'Christoph', 'Elfenkämper', '1.1.1957.', 'n');
insert into CandidatesData (idno) VALUES (4355);
insert into Candidacy (wkid, idno, supportedby) VALUES (22, 4355, 33);
insert into Landeslistenplatz (llid, idno, position) VALUES (285, 4355, 5);
insert into Citizen (idno, title, firstname, lastname, dateofbirth, gender) VALUES (4356, '', 'Felix', 'Elflein', '1.1.1991.', 'n');
insert into CandidatesData (idno) VALUES (4356);
insert into LandesListe (llid, year, pid, fsid) VALUES (388, 2013, 12, 9);
insert into Landeslistenplatz (llid, idno, position) VALUES (388, 4356, 14);
insert into Citizen (idno, title, firstname, lastname, dateofbirth, gender) VALUES (4357, '', 'Michael', 'Ellies', '1.1.1989.', 'n');
insert into CandidatesData (idno) VALUES (4357);
insert into Candidacy (wkid, idno, supportedby) VALUES (104, 4357, 1);
insert into Citizen (idno, title, firstname, lastname, dateofbirth, gender) VALUES (4358, '', 'Tobias', 'Elsenmüller', '1.1.1989.', 'n');
insert into CandidatesData (idno) VALUES (4358);
insert into Candidacy (wkid, idno, supportedby) VALUES (358, 4358, 7);
insert into Citizen (idno, title, firstname, lastname, dateofbirth, gender) VALUES (4359, '', 'Martin Peter', 'Elten van', '1.1.1991.', 'n');
insert into CandidatesData (idno) VALUES (4359);
insert into Landeslistenplatz (llid, idno, position) VALUES (348, 4359, 4);
insert into Citizen (idno, title, firstname, lastname, dateofbirth, gender) VALUES (4360, '', 'Gerhard Friedrich', 'Emmert', '1.1.1961.', 'n');
insert into CandidatesData (idno) VALUES (4360);
insert into Candidacy (wkid, idno, supportedby) VALUES (488, 4360, 32);
insert into Landeslistenplatz (llid, idno, position) VALUES (206, 4360, 28);
insert into Citizen (idno, title, firstname, lastname, dateofbirth, gender) VALUES (4361, '', 'Heidemarie Gerda', 'Endemann', '1.1.1947.', 'n');
insert into CandidatesData (idno) VALUES (4361);
insert into Landeslistenplatz (llid, idno, position) VALUES (383, 4361, 3);
insert into Citizen (idno, title, firstname, lastname, dateofbirth, gender) VALUES (4362, '', 'Elvira', 'Enderl', '1.1.1974.', 'n');
insert into CandidatesData (idno) VALUES (4362);
insert into Candidacy (wkid, idno, supportedby) VALUES (482, 4362, 15);
insert into Landeslistenplatz (llid, idno, position) VALUES (228, 4362, 16);
insert into Citizen (idno, title, firstname, lastname, dateofbirth, gender) VALUES (4363, '', 'Moritz', 'Enders', '1.1.1964.', 'n');
insert into CandidatesData (idno) VALUES (4363);
insert into Candidacy (wkid, idno, supportedby) VALUES (162, 4363, 32);
insert into Landeslistenplatz (llid, idno, position) VALUES (371, 4363, 2);
insert into Citizen (idno, title, firstname, lastname, dateofbirth, gender) VALUES (4364, '', 'Susann', 'Enders', '1.1.1967.', 'n');
insert into CandidatesData (idno) VALUES (4364);
insert into Candidacy (wkid, idno, supportedby) VALUES (452, 4364, 32);
insert into Landeslistenplatz (llid, idno, position) VALUES (206, 4364, 3);
insert into Citizen (idno, title, firstname, lastname, dateofbirth, gender) VALUES (4365, '', 'Sascha', 'Endlicher', '1.1.1975.', 'n');
insert into CandidatesData (idno) VALUES (4365);
insert into Candidacy (wkid, idno, supportedby) VALUES (346, 4365, 7);
insert into Citizen (idno, title, firstname, lastname, dateofbirth, gender) VALUES (4366, '', 'Alice', 'Endres', '1.1.1964.', 'n');
insert into CandidatesData (idno) VALUES (4366);
insert into Candidacy (wkid, idno, supportedby) VALUES (406, 4366, 5);
insert into LandesListe (llid, year, pid, fsid) VALUES (389, 2013, 5, 2);
insert into Landeslistenplatz (llid, idno, position) VALUES (389, 4366, 11);
insert into Citizen (idno, title, firstname, lastname, dateofbirth, gender) VALUES (4367, '', 'Stefan Klaus', 'Engel', '1.1.1954.', 'n');
insert into CandidatesData (idno) VALUES (4367);
insert into Candidacy (wkid, idno, supportedby) VALUES (246, 4367, 13);
insert into Landeslistenplatz (llid, idno, position) VALUES (207, 4367, 1);
insert into Citizen (idno, title, firstname, lastname, dateofbirth, gender) VALUES (4368, '', 'Jens-Dieter', 'Engelhardt', '1.1.1961.', 'n');
insert into CandidatesData (idno) VALUES (4368);
insert into Candidacy (wkid, idno, supportedby) VALUES (112, 4368, 4);
insert into Citizen (idno, title, firstname, lastname, dateofbirth, gender) VALUES (4369, '', 'Tamara', 'Engelhardt', '1.1.1984.', 'n');
insert into CandidatesData (idno) VALUES (4369);
insert into Landeslistenplatz (llid, idno, position) VALUES (366, 4369, 8);
insert into Citizen (idno, title, firstname, lastname, dateofbirth, gender) VALUES (4370, '', 'Tanja', 'Engelke', '1.1.1977.', 'n');
insert into CandidatesData (idno) VALUES (4370);
insert into Landeslistenplatz (llid, idno, position) VALUES (210, 4370, 4);
insert into Citizen (idno, title, firstname, lastname, dateofbirth, gender) VALUES (4371, '', 'Michaela Barbara', 'Engelmeier-Heite', '1.1.1960.', 'n');
insert into CandidatesData (idno) VALUES (4371);
insert into Candidacy (wkid, idno, supportedby) VALUES (198, 4371, 2);
insert into Landeslistenplatz (llid, idno, position) VALUES (246, 4371, 18);
insert into Citizen (idno, title, firstname, lastname, dateofbirth, gender) VALUES (4372, '', 'Christine', 'Engelschall', '1.1.1965.', 'n');
insert into CandidatesData (idno) VALUES (4372);
insert into LandesListe (llid, year, pid, fsid) VALUES (390, 2013, 42, 4);
insert into Landeslistenplatz (llid, idno, position) VALUES (390, 4372, 2);
insert into Citizen (idno, title, firstname, lastname, dateofbirth, gender) VALUES (4373, '', 'Gaby', 'Englmeier', '1.1.1967.', 'n');
insert into CandidatesData (idno) VALUES (4373);
insert into Candidacy (wkid, idno, supportedby) VALUES (462, 4373, 5);
insert into Landeslistenplatz (llid, idno, position) VALUES (238, 4373, 31);
insert into Citizen (idno, title, firstname, lastname, dateofbirth, gender) VALUES (4374, 'Dr. ', 'Dagmar Gertraud Elsa', 'Enkelmann', '1.1.1956.', 'n');
insert into CandidatesData (idno) VALUES (4374);
insert into Candidacy (wkid, idno, supportedby) VALUES (118, 4374, 3);
insert into Citizen (idno, title, firstname, lastname, dateofbirth, gender) VALUES (4375, '', 'Stephanie', 'Erben', '1.1.1971.', 'n');
insert into CandidatesData (idno) VALUES (4375);
insert into Candidacy (wkid, idno, supportedby) VALUES (392, 4375, 5);
insert into Landeslistenplatz (llid, idno, position) VALUES (348, 4375, 3);
insert into Citizen (idno, title, firstname, lastname, dateofbirth, gender) VALUES (4376, '', 'Rainer', 'Erdel', '1.1.1955.', 'n');
insert into CandidatesData (idno) VALUES (4376);
insert into Candidacy (wkid, idno, supportedby) VALUES (482, 4376, 4);
insert into Landeslistenplatz (llid, idno, position) VALUES (276, 4376, 7);
insert into Citizen (idno, title, firstname, lastname, dateofbirth, gender) VALUES (4377, '', 'Tobias', 'Erdmann', '1.1.1984.', 'n');
insert into CandidatesData (idno) VALUES (4377);
insert into Candidacy (wkid, idno, supportedby) VALUES (552, 4377, 1);
insert into Citizen (idno, title, firstname, lastname, dateofbirth, gender) VALUES (4378, '', 'Abuzar', 'Erdogan', '1.1.1993.', 'n');
insert into CandidatesData (idno) VALUES (4378);
insert into Candidacy (wkid, idno, supportedby) VALUES (446, 4378, 2);
insert into Landeslistenplatz (llid, idno, position) VALUES (260, 4378, 39);
insert into Citizen (idno, title, firstname, lastname, dateofbirth, gender) VALUES (4379, '', 'Christian', 'Erfurt', '1.1.1981.', 'n');
insert into CandidatesData (idno) VALUES (4379);
insert into Landeslistenplatz (llid, idno, position) VALUES (201, 4379, 22);
insert into Citizen (idno, title, firstname, lastname, dateofbirth, gender) VALUES (4380, '', 'Nese', 'Erikli', '1.1.1981.', 'n');
insert into CandidatesData (idno) VALUES (4380);
insert into Candidacy (wkid, idno, supportedby) VALUES (574, 4380, 5);
insert into Landeslistenplatz (llid, idno, position) VALUES (234, 4380, 21);
insert into Citizen (idno, title, firstname, lastname, dateofbirth, gender) VALUES (4381, '', 'Peter Günther', 'Erlanson', '1.1.1959.', 'n');
insert into CandidatesData (idno) VALUES (4381);
insert into Landeslistenplatz (llid, idno, position) VALUES (222, 4381, 6);
insert into Citizen (idno, title, firstname, lastname, dateofbirth, gender) VALUES (4382, '', 'Gernot', 'Erler', '1.1.1944.', 'n');
insert into CandidatesData (idno) VALUES (4382);
insert into Candidacy (wkid, idno, supportedby) VALUES (562, 4382, 2);
insert into Landeslistenplatz (llid, idno, position) VALUES (249, 4382, 1);
insert into Citizen (idno, title, firstname, lastname, dateofbirth, gender) VALUES (4383, '', 'Ute Tunia', 'Erler', '1.1.1963.', 'n');
insert into CandidatesData (idno) VALUES (4383);
insert into Candidacy (wkid, idno, supportedby) VALUES (150, 4383, 21);
insert into Citizen (idno, title, firstname, lastname, dateofbirth, gender) VALUES (4384, '', 'Siegfried', 'Ermer', '1.1.1952.', 'n');
insert into CandidatesData (idno) VALUES (4384);
insert into Candidacy (wkid, idno, supportedby) VALUES (484, 4384, 33);
insert into Citizen (idno, title, firstname, lastname, dateofbirth, gender) VALUES (4385, 'Dr. ', 'Hartmut', 'Ernst', '1.1.1949.', 'n');
insert into CandidatesData (idno) VALUES (4385);
insert into Candidacy (wkid, idno, supportedby) VALUES (446, 4385, 7);
insert into Landeslistenplatz (llid, idno, position) VALUES (245, 4385, 19);
insert into Citizen (idno, title, firstname, lastname, dateofbirth, gender) VALUES (4386, '', 'Klaus', 'Ernst', '1.1.1954.', 'n');
insert into CandidatesData (idno) VALUES (4386);
insert into Candidacy (wkid, idno, supportedby) VALUES (500, 4386, 3);
insert into Landeslistenplatz (llid, idno, position) VALUES (350, 4386, 1);
insert into Citizen (idno, title, firstname, lastname, dateofbirth, gender) VALUES (4387, '', 'Sarah Katharina', 'Ernst', '1.1.1991.', 'n');
insert into CandidatesData (idno) VALUES (4387);
insert into Landeslistenplatz (llid, idno, position) VALUES (312, 4387, 28);
insert into Citizen (idno, title, firstname, lastname, dateofbirth, gender) VALUES (4388, '', 'Petra', 'Ernstberger', '1.1.1955.', 'n');
insert into CandidatesData (idno) VALUES (4388);
insert into Candidacy (wkid, idno, supportedby) VALUES (478, 4388, 2);
insert into Landeslistenplatz (llid, idno, position) VALUES (260, 4388, 10);
insert into Citizen (idno, title, firstname, lastname, dateofbirth, gender) VALUES (4389, '', 'Engin', 'Eroglu', '1.1.1982.', 'n');
insert into CandidatesData (idno) VALUES (4389);
insert into Candidacy (wkid, idno, supportedby) VALUES (340, 4389, 32);
insert into Landeslistenplatz (llid, idno, position) VALUES (315, 4389, 1);
insert into Citizen (idno, title, firstname, lastname, dateofbirth, gender) VALUES (4390, 'Dr. ', 'Ilse', 'Ertl', '1.1.1965.', 'n');
insert into CandidatesData (idno) VALUES (4390);
insert into Candidacy (wkid, idno, supportedby) VALUES (444, 4390, 32);
insert into Landeslistenplatz (llid, idno, position) VALUES (206, 4390, 29);
insert into Citizen (idno, title, firstname, lastname, dateofbirth, gender) VALUES (4391, '', 'Frank', 'Eschrich', '1.1.1964.', 'n');
insert into CandidatesData (idno) VALUES (4391);
insert into Candidacy (wkid, idno, supportedby) VALUES (422, 4391, 3);
insert into Citizen (idno, title, firstname, lastname, dateofbirth, gender) VALUES (4392, '', 'Gerhard', 'Eser', '1.1.1952.', 'n');
insert into CandidatesData (idno) VALUES (4392);
insert into Landeslistenplatz (llid, idno, position) VALUES (213, 4392, 31);
insert into Citizen (idno, title, firstname, lastname, dateofbirth, gender) VALUES (4393, '', 'Claudia', 'Eser-Schuberth', '1.1.1959.', 'n');
insert into CandidatesData (idno) VALUES (4393);
insert into Candidacy (wkid, idno, supportedby) VALUES (506, 4393, 5);
insert into Landeslistenplatz (llid, idno, position) VALUES (238, 4393, 25);
insert into Citizen (idno, title, firstname, lastname, dateofbirth, gender) VALUES (4394, '', 'Saskia', 'Esken', '1.1.1961.', 'n');
insert into CandidatesData (idno) VALUES (4394);
insert into Candidacy (wkid, idno, supportedby) VALUES (560, 4394, 2);
insert into Landeslistenplatz (llid, idno, position) VALUES (249, 4394, 18);
insert into Citizen (idno, title, firstname, lastname, dateofbirth, gender) VALUES (4395, '', 'Michael', 'Espendiller', '1.1.1989.', 'n');
insert into CandidatesData (idno) VALUES (4395);
insert into Landeslistenplatz (llid, idno, position) VALUES (253, 4395, 20);
insert into Citizen (idno, title, firstname, lastname, dateofbirth, gender) VALUES (4396, 'Dr. ', 'Kathrin', 'Esser-Mönning', '1.1.1962.', 'n');
insert into CandidatesData (idno) VALUES (4396);
insert into Landeslistenplatz (llid, idno, position) VALUES (242, 4396, 46);
insert into Citizen (idno, title, firstname, lastname, dateofbirth, gender) VALUES (4397, '', 'Steffen', 'Etzel', '1.1.1950.', 'n');
insert into CandidatesData (idno) VALUES (4397);
insert into Candidacy (wkid, idno, supportedby) VALUES (352, 4397, 3);
insert into Citizen (idno, title, firstname, lastname, dateofbirth, gender) VALUES (4398, '', 'Manfred', 'Evens', '1.1.1953.', 'n');
insert into CandidatesData (idno) VALUES (4398);
insert into LandesListe (llid, year, pid, fsid) VALUES (391, 2013, 32, 16);
insert into Landeslistenplatz (llid, idno, position) VALUES (391, 4398, 10);
insert into Citizen (idno, title, firstname, lastname, dateofbirth, gender) VALUES (4399, '', 'Cornelius Volker Maria', 'Everding', '1.1.1965.', 'n');
insert into CandidatesData (idno) VALUES (4399);
insert into Candidacy (wkid, idno, supportedby) VALUES (122, 4399, 7);
insert into Citizen (idno, title, firstname, lastname, dateofbirth, gender) VALUES (4400, '', 'Karin', 'Evers-Meyer', '1.1.1949.', 'n');
insert into CandidatesData (idno) VALUES (4400);
insert into Candidacy (wkid, idno, supportedby) VALUES (52, 4400, 2);
insert into Landeslistenplatz (llid, idno, position) VALUES (242, 4400, 18);
insert into Citizen (idno, title, firstname, lastname, dateofbirth, gender) VALUES (4401, '', 'Marcus', 'Faber', '1.1.1984.', 'n');
insert into CandidatesData (idno) VALUES (4401);
insert into Candidacy (wkid, idno, supportedby) VALUES (132, 4401, 4);
insert into Citizen (idno, title, firstname, lastname, dateofbirth, gender) VALUES (4402, '', 'Stefan', 'Faber', '1.1.1951.', 'n');
insert into CandidatesData (idno) VALUES (4402);
insert into LandesListe (llid, year, pid, fsid) VALUES (392, 2013, 1, 4);
insert into Landeslistenplatz (llid, idno, position) VALUES (392, 4402, 10);
insert into Citizen (idno, title, firstname, lastname, dateofbirth, gender) VALUES (4403, 'Dr. ', 'Veronica', 'Fabricius', '1.1.1971.', 'n');
insert into CandidatesData (idno) VALUES (4403);
insert into Landeslistenplatz (llid, idno, position) VALUES (262, 4403, 44);
insert into Citizen (idno, title, firstname, lastname, dateofbirth, gender) VALUES (4404, 'Dr. ', 'Bernd-Bernhard', 'Fabritius', '1.1.1965.', 'n');
insert into CandidatesData (idno) VALUES (4404);
insert into Landeslistenplatz (llid, idno, position) VALUES (220, 4404, 37);
insert into Citizen (idno, title, firstname, lastname, dateofbirth, gender) VALUES (4405, '', 'Hannelore', 'Fackler-Plump', '1.1.1946.', 'n');
insert into CandidatesData (idno) VALUES (4405);
insert into Candidacy (wkid, idno, supportedby) VALUES (504, 4405, 10);
insert into LandesListe (llid, year, pid, fsid) VALUES (393, 2013, 10, 4);
insert into Landeslistenplatz (llid, idno, position) VALUES (393, 4405, 5);
insert into Citizen (idno, title, firstname, lastname, dateofbirth, gender) VALUES (4406, '', 'Hermann', 'Färber', '1.1.1963.', 'n');
insert into CandidatesData (idno) VALUES (4406);
insert into Candidacy (wkid, idno, supportedby) VALUES (526, 4406, 12);
insert into Citizen (idno, title, firstname, lastname, dateofbirth, gender) VALUES (4407, '', 'Nils Peter', 'Faerber', '1.1.1970.', 'n');
insert into CandidatesData (idno) VALUES (4407);
insert into Candidacy (wkid, idno, supportedby) VALUES (296, 4407, 7);
insert into Citizen (idno, title, firstname, lastname, dateofbirth, gender) VALUES (4408, '', 'Daniel', 'Fahr', '1.1.1976.', 'n');
insert into CandidatesData (idno) VALUES (4408);
insert into Candidacy (wkid, idno, supportedby) VALUES (254, 4408, 4);
insert into Landeslistenplatz (llid, idno, position) VALUES (272, 4408, 41);
insert into Citizen (idno, title, firstname, lastname, dateofbirth, gender) VALUES (4409, '', 'Karl Heinz', 'Faißt', '1.1.1954.', 'n');
insert into CandidatesData (idno) VALUES (4409);
insert into Landeslistenplatz (llid, idno, position) VALUES (265, 4409, 26);
insert into Citizen (idno, title, firstname, lastname, dateofbirth, gender) VALUES (4410, '', 'Johannes David Themba', 'Faku', '1.1.1986.', 'n');
insert into CandidatesData (idno) VALUES (4410);
insert into Candidacy (wkid, idno, supportedby) VALUES (188, 4410, 10);
insert into Landeslistenplatz (llid, idno, position) VALUES (338, 4410, 3);
insert into Citizen (idno, title, firstname, lastname, dateofbirth, gender) VALUES (4411, '', 'Tobias', 'Faku', '1.1.1988.', 'n');
insert into CandidatesData (idno) VALUES (4411);
insert into Candidacy (wkid, idno, supportedby) VALUES (214, 4411, 10);
insert into Landeslistenplatz (llid, idno, position) VALUES (338, 4411, 8);
insert into Citizen (idno, title, firstname, lastname, dateofbirth, gender) VALUES (4412, '', 'Benno', 'Falk', '1.1.1953.', 'n');
insert into CandidatesData (idno) VALUES (4412);
insert into Candidacy (wkid, idno, supportedby) VALUES (24, 4412, NULL);
insert into Citizen (idno, title, firstname, lastname, dateofbirth, gender) VALUES (4413, 'Dr. ', 'Dieter', 'Falk', '1.1.1956.', 'n');
insert into CandidatesData (idno) VALUES (4413);
insert into Candidacy (wkid, idno, supportedby) VALUES (362, 4413, 2);
insert into Landeslistenplatz (llid, idno, position) VALUES (227, 4413, 27);
insert into Citizen (idno, title, firstname, lastname, dateofbirth, gender) VALUES (4414, '', 'Katja', 'Falkenbach', '1.1.1986.', 'n');
insert into CandidatesData (idno) VALUES (4414);
insert into Candidacy (wkid, idno, supportedby) VALUES (44, 4414, 7);
insert into Landeslistenplatz (llid, idno, position) VALUES (215, 4414, 5);
insert into Citizen (idno, title, firstname, lastname, dateofbirth, gender) VALUES (4415, '', 'Josef', 'Fassel', '1.1.1957.', 'n');
insert into CandidatesData (idno) VALUES (4415);
insert into Candidacy (wkid, idno, supportedby) VALUES (138, 4415, 42);
insert into Citizen (idno, title, firstname, lastname, dateofbirth, gender) VALUES (4416, '', 'Gabriele', 'Faulhaber', '1.1.1953.', 'n');
insert into CandidatesData (idno) VALUES (4416);
insert into Candidacy (wkid, idno, supportedby) VALUES (354, 4416, 3);
insert into Citizen (idno, title, firstname, lastname, dateofbirth, gender) VALUES (4417, '', 'Holger Konrad', 'Faustmann', '1.1.1975.', 'n');
insert into CandidatesData (idno) VALUES (4417);
insert into Landeslistenplatz (llid, idno, position) VALUES (203, 4417, 14);
insert into Citizen (idno, title, firstname, lastname, dateofbirth, gender) VALUES (4418, 'Dr. ', 'Johannes', 'Fechner', '1.1.1972.', 'n');
insert into CandidatesData (idno) VALUES (4418);
insert into Candidacy (wkid, idno, supportedby) VALUES (566, 4418, 2);
insert into Landeslistenplatz (llid, idno, position) VALUES (249, 4418, 19);
insert into Citizen (idno, title, firstname, lastname, dateofbirth, gender) VALUES (4419, '', 'Katharina', 'Fegebank', '1.1.1977.', 'n');
insert into CandidatesData (idno) VALUES (4419);
insert into Candidacy (wkid, idno, supportedby) VALUES (36, 4419, 5);
insert into Landeslistenplatz (llid, idno, position) VALUES (321, 4419, 3);
insert into Citizen (idno, title, firstname, lastname, dateofbirth, gender) VALUES (4420, '', 'Ayse', 'Fehimli', '1.1.1957.', 'n');
insert into CandidatesData (idno) VALUES (4420);
insert into Landeslistenplatz (llid, idno, position) VALUES (320, 4420, 3);
insert into Citizen (idno, title, firstname, lastname, dateofbirth, gender) VALUES (4421, '', 'Dan', 'Fehlberg', '1.1.1975.', 'n');
insert into CandidatesData (idno) VALUES (4421);
insert into Candidacy (wkid, idno, supportedby) VALUES (326, 4421, 5);
insert into Landeslistenplatz (llid, idno, position) VALUES (361, 4421, 8);
insert into Citizen (idno, title, firstname, lastname, dateofbirth, gender) VALUES (4422, '', 'Thomas', 'Fehling', '1.1.1967.', 'n');
insert into CandidatesData (idno) VALUES (4422);
insert into Landeslistenplatz (llid, idno, position) VALUES (290, 4422, 27);
insert into Citizen (idno, title, firstname, lastname, dateofbirth, gender) VALUES (4423, '', 'Wilhelm Josef', 'Feilen', '1.1.1948.', 'n');
insert into CandidatesData (idno) VALUES (4423);
insert into Candidacy (wkid, idno, supportedby) VALUES (402, 4423, 32);
insert into Landeslistenplatz (llid, idno, position) VALUES (202, 4423, 13);
insert into Citizen (idno, title, firstname, lastname, dateofbirth, gender) VALUES (4424, '', 'Uwe Wolfgang Werner', 'Feiler', '1.1.1965.', 'n');
insert into CandidatesData (idno) VALUES (4424);
insert into Candidacy (wkid, idno, supportedby) VALUES (116, 4424, 12);
insert into LandesListe (llid, year, pid, fsid) VALUES (394, 2013, 12, 14);
insert into Landeslistenplatz (llid, idno, position) VALUES (394, 4424, 6);
insert into Citizen (idno, title, firstname, lastname, dateofbirth, gender) VALUES (4425, '', 'Ümit', 'Feilke', '1.1.1972.', 'n');
insert into CandidatesData (idno) VALUES (4425);
insert into LandesListe (llid, year, pid, fsid) VALUES (395, 2013, 13, 11);
insert into Landeslistenplatz (llid, idno, position) VALUES (395, 4425, 4);
insert into Citizen (idno, title, firstname, lastname, dateofbirth, gender) VALUES (4426, 'Dr. ', 'Elke', 'Fein', '1.1.1970.', 'n');
insert into CandidatesData (idno) VALUES (4426);
insert into Candidacy (wkid, idno, supportedby) VALUES (562, 4426, 33);
insert into Landeslistenplatz (llid, idno, position) VALUES (314, 4426, 5);
insert into Citizen (idno, title, firstname, lastname, dateofbirth, gender) VALUES (4427, 'Dr. ', 'Thomas Wolfgang', 'Feist', '1.1.1965.', 'n');
insert into CandidatesData (idno) VALUES (4427);
insert into Candidacy (wkid, idno, supportedby) VALUES (306, 4427, 12);
insert into Landeslistenplatz (llid, idno, position) VALUES (308, 4427, 9);
insert into Citizen (idno, title, firstname, lastname, dateofbirth, gender) VALUES (4428, '', 'Astrid', 'Felde zum', '1.1.1963.', 'n');
insert into CandidatesData (idno) VALUES (4428);
insert into Landeslistenplatz (llid, idno, position) VALUES (203, 4428, 19);
insert into Citizen (idno, title, firstname, lastname, dateofbirth, gender) VALUES (4429, 'Dr. ', 'Fritz', 'Felgentreu', '1.1.1968.', 'n');
insert into CandidatesData (idno) VALUES (4429);
insert into Candidacy (wkid, idno, supportedby) VALUES (164, 4429, 2);
insert into Landeslistenplatz (llid, idno, position) VALUES (355, 4429, 6);
insert into Citizen (idno, title, firstname, lastname, dateofbirth, gender) VALUES (4430, '', 'Heidelinde Sylke Kerstin', 'Felgner', '1.1.1966.', 'n');
insert into CandidatesData (idno) VALUES (4430);
insert into Candidacy (wkid, idno, supportedby) VALUES (34, 4430, 5);
insert into Landeslistenplatz (llid, idno, position) VALUES (352, 4430, 6);
insert into Citizen (idno, title, firstname, lastname, dateofbirth, gender) VALUES (4431, 'Dr. ', 'Bernd', 'Fell', '1.1.1948.', 'n');
insert into CandidatesData (idno) VALUES (4431);
insert into Candidacy (wkid, idno, supportedby) VALUES (96, 4431, 4);
insert into Landeslistenplatz (llid, idno, position) VALUES (301, 4431, 22);
insert into Citizen (idno, title, firstname, lastname, dateofbirth, gender) VALUES (4432, '', 'Hans-Josef', 'Fell', '1.1.1952.', 'n');
insert into CandidatesData (idno) VALUES (4432);
insert into Candidacy (wkid, idno, supportedby) VALUES (496, 4432, 5);
insert into Landeslistenplatz (llid, idno, position) VALUES (238, 4432, 12);
insert into Citizen (idno, title, firstname, lastname, dateofbirth, gender) VALUES (4433, '', 'Madeleine', 'Fellauer', '1.1.1979.', 'n');
insert into CandidatesData (idno) VALUES (4433);
insert into Landeslistenplatz (llid, idno, position) VALUES (338, 4433, 5);
insert into Citizen (idno, title, firstname, lastname, dateofbirth, gender) VALUES (4434, '', 'Jörk Henrik', 'Feller', '1.1.1960.', 'n');
insert into CandidatesData (idno) VALUES (4434);
insert into Landeslistenplatz (llid, idno, position) VALUES (253, 4434, 22);
insert into Citizen (idno, title, firstname, lastname, dateofbirth, gender) VALUES (4435, '', 'Danny', 'Felsch', '1.1.1985.', 'n');
insert into CandidatesData (idno) VALUES (4435);
insert into Landeslistenplatz (llid, idno, position) VALUES (340, 4435, 15);
insert into Citizen (idno, title, firstname, lastname, dateofbirth, gender) VALUES (4436, '', 'Tobias Karl-Heinz', 'Fengler', '1.1.1970.', 'n');
insert into CandidatesData (idno) VALUES (4436);
insert into Landeslistenplatz (llid, idno, position) VALUES (295, 4436, 11);
insert into Citizen (idno, title, firstname, lastname, dateofbirth, gender) VALUES (4437, '', 'Klaus Engelbert', 'Fenzl', '1.1.1955.', 'n');
insert into CandidatesData (idno) VALUES (4437);
insert into Landeslistenplatz (llid, idno, position) VALUES (286, 4437, 6);
insert into Citizen (idno, title, firstname, lastname, dateofbirth, gender) VALUES (4438, '', 'Enak', 'Ferlemann', '1.1.1963.', 'n');
insert into CandidatesData (idno) VALUES (4438);
insert into Candidacy (wkid, idno, supportedby) VALUES (58, 4438, 12);
insert into Landeslistenplatz (llid, idno, position) VALUES (217, 4438, 3);
insert into Citizen (idno, title, firstname, lastname, dateofbirth, gender) VALUES (4439, '', 'Franz-Josef', 'Ferme', '1.1.1965.', 'n');
insert into CandidatesData (idno) VALUES (4439);
insert into Candidacy (wkid, idno, supportedby) VALUES (250, 4439, 33);
insert into Landeslistenplatz (llid, idno, position) VALUES (253, 4439, 43);
insert into Citizen (idno, title, firstname, lastname, dateofbirth, gender) VALUES (4440, '', 'Elke', 'Ferner', '1.1.1958.', 'n');
insert into CandidatesData (idno) VALUES (4440);
insert into Candidacy (wkid, idno, supportedby) VALUES (592, 4440, 2);
insert into Landeslistenplatz (llid, idno, position) VALUES (250, 4440, 1);
insert into Citizen (idno, title, firstname, lastname, dateofbirth, gender) VALUES (4441, '', 'Carola Veronika', 'Fey', '1.1.1961.', 'n');
insert into CandidatesData (idno) VALUES (4441);
insert into LandesListe (llid, year, pid, fsid) VALUES (396, 2013, 19, 9);
insert into Landeslistenplatz (llid, idno, position) VALUES (396, 4441, 5);
insert into Citizen (idno, title, firstname, lastname, dateofbirth, gender) VALUES (4442, '', 'Frank', 'Fey', '1.1.1956.', 'n');
insert into CandidatesData (idno) VALUES (4442);
insert into Landeslistenplatz (llid, idno, position) VALUES (396, 4442, 2);
insert into Citizen (idno, title, firstname, lastname, dateofbirth, gender) VALUES (4443, '', 'Alexander', 'Feyen', '1.1.1975.', 'n');
insert into CandidatesData (idno) VALUES (4443);
insert into Candidacy (wkid, idno, supportedby) VALUES (508, 4443, 1);
insert into Citizen (idno, title, firstname, lastname, dateofbirth, gender) VALUES (4444, 'Dr. ', 'Heinrich', 'Fiechtner', '1.1.1960.', 'n');
insert into CandidatesData (idno) VALUES (4444);
insert into Landeslistenplatz (llid, idno, position) VALUES (314, 4444, 8);
insert into Citizen (idno, title, firstname, lastname, dateofbirth, gender) VALUES (4445, '', 'Frank', 'Fiedler', '1.1.1974.', 'n');
insert into CandidatesData (idno) VALUES (4445);
insert into Candidacy (wkid, idno, supportedby) VALUES (24, 4445, 5);
insert into Landeslistenplatz (llid, idno, position) VALUES (352, 4445, 7);
insert into Citizen (idno, title, firstname, lastname, dateofbirth, gender) VALUES (4446, '', 'Frank', 'Fiedler', '1.1.1977.', 'n');
insert into CandidatesData (idno) VALUES (4446);
insert into Candidacy (wkid, idno, supportedby) VALUES (394, 4446, 4);
insert into Landeslistenplatz (llid, idno, position) VALUES (344, 4446, 7);
insert into Citizen (idno, title, firstname, lastname, dateofbirth, gender) VALUES (4447, '', 'Joachim', 'Fiedler', '1.1.1958.', 'n');
insert into CandidatesData (idno) VALUES (4447);
insert into Candidacy (wkid, idno, supportedby) VALUES (38, 4447, NULL);
insert into Citizen (idno, title, firstname, lastname, dateofbirth, gender) VALUES (4448, '', 'Sascha', 'Fiek', '1.1.1974.', 'n');
insert into CandidatesData (idno) VALUES (4448);
insert into Candidacy (wkid, idno, supportedby) VALUES (562, 4448, 4);
insert into Landeslistenplatz (llid, idno, position) VALUES (224, 4448, 13);
insert into Citizen (idno, title, firstname, lastname, dateofbirth, gender) VALUES (4449, '', 'Klaus', 'Fimmen', '1.1.1956.', 'n');
insert into CandidatesData (idno) VALUES (4449);
insert into Candidacy (wkid, idno, supportedby) VALUES (366, 4449, 10);
insert into Landeslistenplatz (llid, idno, position) VALUES (240, 4449, 2);
insert into Citizen (idno, title, firstname, lastname, dateofbirth, gender) VALUES (4450, 'Dr. ', 'Ute Elisabeth', 'Finckh-Krämer', '1.1.1956.', 'n');
insert into CandidatesData (idno) VALUES (4450);
insert into Candidacy (wkid, idno, supportedby) VALUES (158, 4450, 2);
insert into Landeslistenplatz (llid, idno, position) VALUES (355, 4450, 7);
insert into Citizen (idno, title, firstname, lastname, dateofbirth, gender) VALUES (4451, '', 'Jan Niklas', 'Fingerle', '1.1.1974.', 'n');
insert into CandidatesData (idno) VALUES (4451);
insert into LandesListe (llid, year, pid, fsid) VALUES (397, 2013, 7, 12);
insert into Landeslistenplatz (llid, idno, position) VALUES (397, 4451, 1);
insert into Citizen (idno, title, firstname, lastname, dateofbirth, gender) VALUES (4452, '', 'Victor Alexander', 'Fintel von', '1.1.1971.', 'n');
insert into CandidatesData (idno) VALUES (4452);
insert into Candidacy (wkid, idno, supportedby) VALUES (52, 4452, 5);
insert into Landeslistenplatz (llid, idno, position) VALUES (316, 4452, 14);
insert into Citizen (idno, title, firstname, lastname, dateofbirth, gender) VALUES (4453, '', 'Tuna', 'Firat', '1.1.1981.', 'n');
insert into CandidatesData (idno) VALUES (4453);
insert into Landeslistenplatz (llid, idno, position) VALUES (227, 4453, 33);
insert into Citizen (idno, title, firstname, lastname, dateofbirth, gender) VALUES (4454, '', 'Ingrid Marianne', 'Fischbach', '1.1.1957.', 'n');
insert into CandidatesData (idno) VALUES (4454);
insert into Candidacy (wkid, idno, supportedby) VALUES (282, 4454, 12);
insert into Landeslistenplatz (llid, idno, position) VALUES (310, 4454, 3);
insert into Citizen (idno, title, firstname, lastname, dateofbirth, gender) VALUES (4455, '', 'Andrea Dagmar', 'Fischer', '1.1.1964.', 'n');
insert into CandidatesData (idno) VALUES (4455);
insert into Landeslistenplatz (llid, idno, position) VALUES (238, 4455, 35);
insert into Citizen (idno, title, firstname, lastname, dateofbirth, gender) VALUES (4456, '', 'Anton', 'Fischer', '1.1.1992.', 'n');
insert into CandidatesData (idno) VALUES (4456);
insert into Candidacy (wkid, idno, supportedby) VALUES (76, 4456, 17);
insert into Citizen (idno, title, firstname, lastname, dateofbirth, gender) VALUES (4457, '', 'Axel Eduard', 'Fischer', '1.1.1966.', 'n');
insert into CandidatesData (idno) VALUES (4457);
insert into Candidacy (wkid, idno, supportedby) VALUES (544, 4457, 12);
insert into Citizen (idno, title, firstname, lastname, dateofbirth, gender) VALUES (4458, '', 'Barbara-Maria', 'Fischer', '1.1.1942.', 'n');
insert into CandidatesData (idno) VALUES (4458);
insert into Landeslistenplatz (llid, idno, position) VALUES (292, 4458, 19);
insert into Citizen (idno, title, firstname, lastname, dateofbirth, gender) VALUES (4459, '', 'Dirk Erik', 'Fischer', '1.1.1943.', 'n');
insert into CandidatesData (idno) VALUES (4459);
insert into Candidacy (wkid, idno, supportedby) VALUES (42, 4459, 12);
insert into LandesListe (llid, year, pid, fsid) VALUES (398, 2013, 12, 8);
insert into Landeslistenplatz (llid, idno, position) VALUES (398, 4459, 4);
insert into Citizen (idno, title, firstname, lastname, dateofbirth, gender) VALUES (4460, 'Dr. ', 'Dietrich Eberhard', 'Fischer', '1.1.1930.', 'n');
insert into CandidatesData (idno) VALUES (4460);
insert into Landeslistenplatz (llid, idno, position) VALUES (273, 4460, 6);
insert into Citizen (idno, title, firstname, lastname, dateofbirth, gender) VALUES (4461, 'Dr. ', 'Guido', 'Fischer', '1.1.1959.', 'n');
insert into CandidatesData (idno) VALUES (4461);
insert into Candidacy (wkid, idno, supportedby) VALUES (202, 4461, 4);
insert into Landeslistenplatz (llid, idno, position) VALUES (272, 4461, 29);
insert into Citizen (idno, title, firstname, lastname, dateofbirth, gender) VALUES (4462, '', 'Heinz Peter Karl', 'Fischer', '1.1.1967.', 'n');
insert into CandidatesData (idno) VALUES (4462);
insert into Candidacy (wkid, idno, supportedby) VALUES (186, 4462, 3);
insert into Citizen (idno, title, firstname, lastname, dateofbirth, gender) VALUES (4463, '', 'Herbert Franz', 'Fischer', '1.1.1963.', 'n');
insert into CandidatesData (idno) VALUES (4463);
insert into Landeslistenplatz (llid, idno, position) VALUES (213, 4463, 21);
insert into Citizen (idno, title, firstname, lastname, dateofbirth, gender) VALUES (4464, '', 'Karl-Heinz', 'Fischer', '1.1.1952.', 'n');
insert into CandidatesData (idno) VALUES (4464);
insert into Candidacy (wkid, idno, supportedby) VALUES (214, 4464, 19);
insert into Landeslistenplatz (llid, idno, position) VALUES (273, 4464, 2);
insert into Citizen (idno, title, firstname, lastname, dateofbirth, gender) VALUES (4465, '', 'Leonhard Georg', 'Fischer', '1.1.1981.', 'n');
insert into CandidatesData (idno) VALUES (4465);
insert into Candidacy (wkid, idno, supportedby) VALUES (366, 4465, 31);
insert into Landeslistenplatz (llid, idno, position) VALUES (252, 4465, 13);
insert into Citizen (idno, title, firstname, lastname, dateofbirth, gender) VALUES (4466, '', 'Lucia Maria', 'Fischer', '1.1.1967.', 'n');
insert into CandidatesData (idno) VALUES (4466);
insert into Candidacy (wkid, idno, supportedby) VALUES (514, 4466, 36);
insert into Landeslistenplatz (llid, idno, position) VALUES (295, 4466, 12);
insert into Citizen (idno, title, firstname, lastname, dateofbirth, gender) VALUES (4467, '', 'Patrick Gustav', 'Fischer', '1.1.1970.', 'n');
insert into CandidatesData (idno) VALUES (4467);
insert into Landeslistenplatz (llid, idno, position) VALUES (219, 4467, 10);
insert into Citizen (idno, title, firstname, lastname, dateofbirth, gender) VALUES (4468, '', 'Roland', 'Fischer', '1.1.1961.', 'n');
insert into CandidatesData (idno) VALUES (4468);
insert into Candidacy (wkid, idno, supportedby) VALUES (442, 4468, 2);
insert into Landeslistenplatz (llid, idno, position) VALUES (260, 4468, 40);
insert into Citizen (idno, title, firstname, lastname, dateofbirth, gender) VALUES (4469, '', 'Tina', 'Fischer', '1.1.1971.', 'n');
insert into CandidatesData (idno) VALUES (4469);
insert into Candidacy (wkid, idno, supportedby) VALUES (124, 4469, 2);
insert into Landeslistenplatz (llid, idno, position) VALUES (322, 4469, 8);
insert into Citizen (idno, title, firstname, lastname, dateofbirth, gender) VALUES (4470, '', 'Werner', 'Fischer', '1.1.1955.', 'n');
insert into CandidatesData (idno) VALUES (4470);
insert into Candidacy (wkid, idno, supportedby) VALUES (514, 4470, NULL);
insert into Citizen (idno, title, firstname, lastname, dateofbirth, gender) VALUES (4471, '', 'Wolfram', 'Fischer', '1.1.1964.', 'n');
insert into CandidatesData (idno) VALUES (4471);
insert into Candidacy (wkid, idno, supportedby) VALUES (570, 4471, 1);
insert into Citizen (idno, title, firstname, lastname, dateofbirth, gender) VALUES (4472, '', 'Matthias', 'Fitzke', '1.1.1972.', 'n');
insert into CandidatesData (idno) VALUES (4472);
insert into Landeslistenplatz (llid, idno, position) VALUES (258, 4472, 10);
insert into Citizen (idno, title, firstname, lastname, dateofbirth, gender) VALUES (4473, 'Dr. ', 'Maria', 'Flachsbarth', '1.1.1963.', 'n');
insert into CandidatesData (idno) VALUES (4473);
insert into Candidacy (wkid, idno, supportedby) VALUES (94, 4473, 12);
insert into Landeslistenplatz (llid, idno, position) VALUES (217, 4473, 4);
insert into Citizen (idno, title, firstname, lastname, dateofbirth, gender) VALUES (4474, '', 'Ole', 'Flakus', '1.1.1984.', 'n');
insert into CandidatesData (idno) VALUES (4474);
insert into Landeslistenplatz (llid, idno, position) VALUES (309, 4474, 13);
insert into Citizen (idno, title, firstname, lastname, dateofbirth, gender) VALUES (4475, 'Dr. ', 'Helmut', 'Fleck', '1.1.1938.', 'n');
insert into CandidatesData (idno) VALUES (4475);
insert into Candidacy (wkid, idno, supportedby) VALUES (194, 4475, 39);
insert into Landeslistenplatz (llid, idno, position) VALUES (254, 4475, 1);
insert into Citizen (idno, title, firstname, lastname, dateofbirth, gender) VALUES (4476, '', 'Susann', 'Flegel', '1.1.1979.', 'n');
insert into CandidatesData (idno) VALUES (4476);
insert into Landeslistenplatz (llid, idno, position) VALUES (268, 4476, 4);
insert into Citizen (idno, title, firstname, lastname, dateofbirth, gender) VALUES (4477, '', 'Franz Martin', 'Fleischer', '1.1.1954.', 'n');
insert into CandidatesData (idno) VALUES (4477);
insert into Candidacy (wkid, idno, supportedby) VALUES (486, 4477, 4);
insert into Landeslistenplatz (llid, idno, position) VALUES (276, 4477, 22);
insert into Citizen (idno, title, firstname, lastname, dateofbirth, gender) VALUES (4478, '', 'Karsten', 'Fleischer', '1.1.1971.', 'n');
insert into CandidatesData (idno) VALUES (4478);
insert into Landeslistenplatz (llid, idno, position) VALUES (297, 4478, 29);
insert into Citizen (idno, title, firstname, lastname, dateofbirth, gender) VALUES (4479, '', 'Paul Lorenz', 'Flemming', '1.1.1943.', 'n');
insert into CandidatesData (idno) VALUES (4479);
insert into Candidacy (wkid, idno, supportedby) VALUES (38, 4479, 4);
insert into Citizen (idno, title, firstname, lastname, dateofbirth, gender) VALUES (4480, '', 'Dominique', 'Flemming-Schmidt', '1.1.1991.', 'n');
insert into CandidatesData (idno) VALUES (4480);
insert into Landeslistenplatz (llid, idno, position) VALUES (257, 4480, 2);
insert into Citizen (idno, title, firstname, lastname, dateofbirth, gender) VALUES (4481, '', 'Petra', 'Flemming-Schmidt', '1.1.1956.', 'n');
insert into CandidatesData (idno) VALUES (4481);
insert into Landeslistenplatz (llid, idno, position) VALUES (257, 4481, 14);
insert into Citizen (idno, title, firstname, lastname, dateofbirth, gender) VALUES (4482, '', 'Anisa', 'Fliegner', '1.1.1975.', 'n');
insert into CandidatesData (idno) VALUES (4482);
insert into Landeslistenplatz (llid, idno, position) VALUES (382, 4482, 7);
insert into Citizen (idno, title, firstname, lastname, dateofbirth, gender) VALUES (4483, '', 'Robertine', 'Flink', '1.1.1927.', 'n');
insert into CandidatesData (idno) VALUES (4483);
insert into LandesListe (llid, year, pid, fsid) VALUES (399, 2013, 37, 5);
insert into Landeslistenplatz (llid, idno, position) VALUES (399, 4483, 2);
insert into Citizen (idno, title, firstname, lastname, dateofbirth, gender) VALUES (4484, '', 'Christian', 'Flisek', '1.1.1974.', 'n');
insert into CandidatesData (idno) VALUES (4484);
insert into Candidacy (wkid, idno, supportedby) VALUES (458, 4484, 2);
insert into Landeslistenplatz (llid, idno, position) VALUES (260, 4484, 13);
insert into Citizen (idno, title, firstname, lastname, dateofbirth, gender) VALUES (4485, '', 'Felicitas', 'Flörchinger', '1.1.1966.', 'n');
insert into CandidatesData (idno) VALUES (4485);
insert into Candidacy (wkid, idno, supportedby) VALUES (420, 4485, 5);
insert into Landeslistenplatz (llid, idno, position) VALUES (389, 4485, 5);
insert into Citizen (idno, title, firstname, lastname, dateofbirth, gender) VALUES (4486, '', 'Klaus-Peter', 'Flosbach', '1.1.1952.', 'n');
insert into CandidatesData (idno) VALUES (4486);
insert into Candidacy (wkid, idno, supportedby) VALUES (198, 4486, 12);
insert into Landeslistenplatz (llid, idno, position) VALUES (310, 4486, 29);
insert into Citizen (idno, title, firstname, lastname, dateofbirth, gender) VALUES (4487, '', 'Günter Walter', 'Flott', '1.1.1968.', 'n');
insert into CandidatesData (idno) VALUES (4487);
insert into Landeslistenplatz (llid, idno, position) VALUES (309, 4487, 8);
insert into Citizen (idno, title, firstname, lastname, dateofbirth, gender) VALUES (4488, '', 'Thomas', 'Flügge', '1.1.1975.', 'n');
insert into CandidatesData (idno) VALUES (4488);
insert into Landeslistenplatz (llid, idno, position) VALUES (318, 4488, 12);
insert into Citizen (idno, title, firstname, lastname, dateofbirth, gender) VALUES (4489, '', 'Christel Christiane Cassandra', 'Focken', '1.1.1961.', 'n');
insert into CandidatesData (idno) VALUES (4489);
insert into Candidacy (wkid, idno, supportedby) VALUES (118, 4489, NULL);
insert into Citizen (idno, title, firstname, lastname, dateofbirth, gender) VALUES (4490, '', 'Sabine', 'Födisch-Rüstig', '1.1.1968.', 'n');
insert into CandidatesData (idno) VALUES (4490);
insert into Landeslistenplatz (llid, idno, position) VALUES (343, 4490, 3);
insert into Citizen (idno, title, firstname, lastname, dateofbirth, gender) VALUES (4491, '', 'Hans', 'Föllmer', '1.1.1948.', 'n');
insert into CandidatesData (idno) VALUES (4491);
insert into Landeslistenplatz (llid, idno, position) VALUES (325, 4491, 17);
insert into Citizen (idno, title, firstname, lastname, dateofbirth, gender) VALUES (4492, '', 'Oliver', 'Förste', '1.1.1961.', 'n');
insert into CandidatesData (idno) VALUES (4492);
insert into Candidacy (wkid, idno, supportedby) VALUES (82, 4492, 3);
insert into Citizen (idno, title, firstname, lastname, dateofbirth, gender) VALUES (4493, '', 'Bert Rüdiger', 'Förster', '1.1.1942.', 'n');
insert into CandidatesData (idno) VALUES (4493);
insert into LandesListe (llid, year, pid, fsid) VALUES (400, 2013, 19, 7);
insert into Landeslistenplatz (llid, idno, position) VALUES (400, 4493, 4);
insert into Citizen (idno, title, firstname, lastname, dateofbirth, gender) VALUES (4494, '', 'Heinrich', 'Förster', '1.1.1927.', 'n');
insert into CandidatesData (idno) VALUES (4494);
insert into Candidacy (wkid, idno, supportedby) VALUES (20, 4494, 1);
insert into Citizen (idno, title, firstname, lastname, dateofbirth, gender) VALUES (4495, '', 'Herbert Walter', 'Förster', '1.1.1966.', 'n');
insert into CandidatesData (idno) VALUES (4495);
insert into Landeslistenplatz (llid, idno, position) VALUES (287, 4495, 9);
insert into Citizen (idno, title, firstname, lastname, dateofbirth, gender) VALUES (4496, '', 'Rudolf', 'Förster', '1.1.1943.', 'n');
insert into CandidatesData (idno) VALUES (4496);
insert into Landeslistenplatz (llid, idno, position) VALUES (358, 4496, 6);
insert into Citizen (idno, title, firstname, lastname, dateofbirth, gender) VALUES (4497, '', 'Wolfgang', 'Förster', '1.1.1959.', 'n');
insert into CandidatesData (idno) VALUES (4497);
insert into Candidacy (wkid, idno, supportedby) VALUES (418, 4497, 3);
insert into Citizen (idno, title, firstname, lastname, dateofbirth, gender) VALUES (4498, '', 'Verena', 'Föttinger', '1.1.1956.', 'n');
insert into CandidatesData (idno) VALUES (4498);
insert into Candidacy (wkid, idno, supportedby) VALUES (560, 4498, 36);
insert into Landeslistenplatz (llid, idno, position) VALUES (292, 4498, 2);
insert into Citizen (idno, title, firstname, lastname, dateofbirth, gender) VALUES (4499, '', 'Gabriele', 'Fograscher', '1.1.1957.', 'n');
insert into CandidatesData (idno) VALUES (4499);
insert into Candidacy (wkid, idno, supportedby) VALUES (508, 4499, 2);
insert into Landeslistenplatz (llid, idno, position) VALUES (260, 4499, 4);
insert into Citizen (idno, title, firstname, lastname, dateofbirth, gender) VALUES (4500, '', 'Olaf', 'Forberger', '1.1.1962.', 'n');
insert into CandidatesData (idno) VALUES (4500);
insert into Candidacy (wkid, idno, supportedby) VALUES (74, 4500, 7);
insert into Citizen (idno, title, firstname, lastname, dateofbirth, gender) VALUES (4501, '', 'Thomas Erhard Josef', 'Forster', '1.1.1968.', 'n');
insert into CandidatesData (idno) VALUES (4501);
insert into Landeslistenplatz (llid, idno, position) VALUES (204, 4501, 29);
insert into Citizen (idno, title, firstname, lastname, dateofbirth, gender) VALUES (4502, '', 'Mirjam', 'Forszpaniak', '1.1.1986.', 'n');
insert into CandidatesData (idno) VALUES (4502);
insert into Candidacy (wkid, idno, supportedby) VALUES (244, 4502, 4);
insert into Landeslistenplatz (llid, idno, position) VALUES (272, 4502, 35);
insert into Citizen (idno, title, firstname, lastname, dateofbirth, gender) VALUES (4503, '', 'Albert', 'Francke', '1.1.1938.', 'n');
insert into CandidatesData (idno) VALUES (4503);
insert into Landeslistenplatz (llid, idno, position) VALUES (210, 4503, 7);
insert into Citizen (idno, title, firstname, lastname, dateofbirth, gender) VALUES (4504, '', 'Jutta Ilka', 'Francke', '1.1.1939.', 'n');
insert into CandidatesData (idno) VALUES (4504);
insert into Landeslistenplatz (llid, idno, position) VALUES (210, 4504, 5);
insert into Citizen (idno, title, firstname, lastname, dateofbirth, gender) VALUES (4505, '', 'Christina', 'Frank', '1.1.1955.', 'n');
insert into CandidatesData (idno) VALUES (4505);
insert into Candidacy (wkid, idno, supportedby) VALUES (516, 4505, 3);
insert into Landeslistenplatz (llid, idno, position) VALUES (324, 4505, 7);
insert into Citizen (idno, title, firstname, lastname, dateofbirth, gender) VALUES (4506, '', 'Christian', 'Franke', '1.1.1992.', 'n');
insert into CandidatesData (idno) VALUES (4506);
insert into Candidacy (wkid, idno, supportedby) VALUES (132, 4506, 5);
insert into Landeslistenplatz (llid, idno, position) VALUES (327, 4506, 6);
insert into Citizen (idno, title, firstname, lastname, dateofbirth, gender) VALUES (4507, 'Dr. ', 'Edgar Konrad Helmut', 'Franke', '1.1.1960.', 'n');
insert into CandidatesData (idno) VALUES (4507);
insert into Candidacy (wkid, idno, supportedby) VALUES (340, 4507, 2);
insert into Landeslistenplatz (llid, idno, position) VALUES (227, 4507, 17);
insert into Citizen (idno, title, firstname, lastname, dateofbirth, gender) VALUES (4508, '', 'Udo Wolfgang', 'Franke', '1.1.1954.', 'n');
insert into CandidatesData (idno) VALUES (4508);
insert into Candidacy (wkid, idno, supportedby) VALUES (276, 4508, 1);
insert into Citizen (idno, title, firstname, lastname, dateofbirth, gender) VALUES (4509, '', 'Jobst-Egbert', 'Frankenberg und Proschlitz von', '1.1.1967.', 'n');
insert into CandidatesData (idno) VALUES (4509);
insert into Landeslistenplatz (llid, idno, position) VALUES (398, 4509, 12);
insert into Citizen (idno, title, firstname, lastname, dateofbirth, gender) VALUES (4510, '', 'Sebastian', 'Frankenberger', '1.1.1981.', 'n');
insert into CandidatesData (idno) VALUES (4510);
insert into Candidacy (wkid, idno, supportedby) VALUES (440, 4510, 36);
insert into Landeslistenplatz (llid, idno, position) VALUES (295, 4510, 3);
insert into Citizen (idno, title, firstname, lastname, dateofbirth, gender) VALUES (4511, '', 'Frank', 'Franz', '1.1.1978.', 'n');
insert into CandidatesData (idno) VALUES (4511);
insert into Candidacy (wkid, idno, supportedby) VALUES (594, 4511, 1);
insert into Landeslistenplatz (llid, idno, position) VALUES (231, 4511, 2);
insert into Citizen (idno, title, firstname, lastname, dateofbirth, gender) VALUES (4512, '', 'Markus', 'Franz', '1.1.1963.', 'n');
insert into CandidatesData (idno) VALUES (4512);
insert into Landeslistenplatz (llid, idno, position) VALUES (226, 4512, 14);
insert into Citizen (idno, title, firstname, lastname, dateofbirth, gender) VALUES (4513, '', 'Michael', 'Franz', '1.1.1982.', 'n');
insert into CandidatesData (idno) VALUES (4513);
insert into Landeslistenplatz (llid, idno, position) VALUES (356, 4513, 16);
insert into Citizen (idno, title, firstname, lastname, dateofbirth, gender) VALUES (4514, '', 'Olaf Torsten', 'Franz', '1.1.1969.', 'n');
insert into CandidatesData (idno) VALUES (4514);
insert into Candidacy (wkid, idno, supportedby) VALUES (104, 4514, 4);
insert into Landeslistenplatz (llid, idno, position) VALUES (301, 4514, 23);
insert into Citizen (idno, title, firstname, lastname, dateofbirth, gender) VALUES (4515, '', 'Romeo', 'Franz', '1.1.1966.', 'n');
insert into CandidatesData (idno) VALUES (4515);
insert into Candidacy (wkid, idno, supportedby) VALUES (416, 4515, 5);
insert into Landeslistenplatz (llid, idno, position) VALUES (389, 4515, 6);
insert into Citizen (idno, title, firstname, lastname, dateofbirth, gender) VALUES (4516, '', 'Torben', 'Franz', '1.1.1994.', 'n');
insert into CandidatesData (idno) VALUES (4516);
insert into Candidacy (wkid, idno, supportedby) VALUES (80, 4516, 3);
insert into Citizen (idno, title, firstname, lastname, dateofbirth, gender) VALUES (4517, '', 'Marcus', 'Franzen', '1.1.1979.', 'n');
insert into CandidatesData (idno) VALUES (4517);
insert into Landeslistenplatz (llid, idno, position) VALUES (230, 4517, 6);
insert into Citizen (idno, title, firstname, lastname, dateofbirth, gender) VALUES (4518, '', 'Mark Alexander', 'Fraschka', '1.1.1983.', 'n');
insert into CandidatesData (idno) VALUES (4518);
insert into Landeslistenplatz (llid, idno, position) VALUES (279, 4518, 34);
insert into Citizen (idno, title, firstname, lastname, dateofbirth, gender) VALUES (4519, '', 'Sebastian', 'Frech', '1.1.1982.', 'n');
insert into CandidatesData (idno) VALUES (4519);
insert into Candidacy (wkid, idno, supportedby) VALUES (424, 4519, 3);
insert into Citizen (idno, title, firstname, lastname, dateofbirth, gender) VALUES (4520, '', 'Ulrich Ronald', 'Freese', '1.1.1951.', 'n');
insert into CandidatesData (idno) VALUES (4520);
insert into Candidacy (wkid, idno, supportedby) VALUES (128, 4520, 2);
insert into Landeslistenplatz (llid, idno, position) VALUES (322, 4520, 3);
insert into Citizen (idno, title, firstname, lastname, dateofbirth, gender) VALUES (4521, '', 'Thorsten', 'Frei', '1.1.1973.', 'n');
insert into CandidatesData (idno) VALUES (4521);
insert into Candidacy (wkid, idno, supportedby) VALUES (572, 4521, 12);
insert into Citizen (idno, title, firstname, lastname, dateofbirth, gender) VALUES (4522, '', 'Holm Henning', 'Freier', '1.1.1949.', 'n');
insert into CandidatesData (idno) VALUES (4522);
insert into Candidacy (wkid, idno, supportedby) VALUES (32, 4522, 2);
insert into LandesListe (llid, year, pid, fsid) VALUES (401, 2013, 2, 15);
insert into Landeslistenplatz (llid, idno, position) VALUES (401, 4522, 6);
insert into Citizen (idno, title, firstname, lastname, dateofbirth, gender) VALUES (4523, '', 'Brigitte', 'Freihold', '1.1.1955.', 'n');
insert into CandidatesData (idno) VALUES (4523);
insert into Landeslistenplatz (llid, idno, position) VALUES (359, 4523, 3);
insert into Citizen (idno, title, firstname, lastname, dateofbirth, gender) VALUES (4524, '', 'Marcel', 'Freihorst', '1.1.1991.', 'n');
insert into CandidatesData (idno) VALUES (4524);
insert into Landeslistenplatz (llid, idno, position) VALUES (364, 4524, 6);
insert into Citizen (idno, title, firstname, lastname, dateofbirth, gender) VALUES (4525, '', 'Dagmar', 'Freitag', '1.1.1953.', 'n');
insert into CandidatesData (idno) VALUES (4525);
insert into Candidacy (wkid, idno, supportedby) VALUES (300, 4525, 2);
insert into Landeslistenplatz (llid, idno, position) VALUES (246, 4525, 20);
insert into Citizen (idno, title, firstname, lastname, dateofbirth, gender) VALUES (4526, '', 'Hagen Fabian', 'Freitag', '1.1.1987.', 'n');
insert into CandidatesData (idno) VALUES (4526);
insert into Candidacy (wkid, idno, supportedby) VALUES (270, 4526, 32);
insert into Citizen (idno, title, firstname, lastname, dateofbirth, gender) VALUES (4527, '', 'Waltraud', 'Frensch', '1.1.1939.', 'n');
insert into CandidatesData (idno) VALUES (4527);
insert into Landeslistenplatz (llid, idno, position) VALUES (279, 4527, 39);
insert into Citizen (idno, title, firstname, lastname, dateofbirth, gender) VALUES (4528, '', 'Ronald Joachim', 'Frensel', '1.1.1958.', 'n');
insert into CandidatesData (idno) VALUES (4528);
insert into Landeslistenplatz (llid, idno, position) VALUES (369, 4528, 6);
insert into Citizen (idno, title, firstname, lastname, dateofbirth, gender) VALUES (4529, '', 'Manfred', 'Frentzen', '1.1.1948.', 'n');
insert into CandidatesData (idno) VALUES (4529);
insert into Candidacy (wkid, idno, supportedby) VALUES (218, 4529, 1);
insert into Citizen (idno, title, firstname, lastname, dateofbirth, gender) VALUES (4530, '', 'Norbert', 'Frenzel', '1.1.1952.', 'n');
insert into CandidatesData (idno) VALUES (4530);
insert into Candidacy (wkid, idno, supportedby) VALUES (490, 4530, 32);
insert into Landeslistenplatz (llid, idno, position) VALUES (206, 4530, 39);
insert into Citizen (idno, title, firstname, lastname, dateofbirth, gender) VALUES (4531, '', 'Ulrich', 'Frenzel', '1.1.1957.', 'n');
insert into CandidatesData (idno) VALUES (4531);
insert into Landeslistenplatz (llid, idno, position) VALUES (253, 4531, 38);
insert into Citizen (idno, title, firstname, lastname, dateofbirth, gender) VALUES (4532, '', 'Sven Paul', 'Fresdorf', '1.1.1977.', 'n');
insert into CandidatesData (idno) VALUES (4532);
insert into Candidacy (wkid, idno, supportedby) VALUES (156, 4532, 4);
insert into Citizen (idno, title, firstname, lastname, dateofbirth, gender) VALUES (4533, 'Dr. ', 'Astrid', 'Freudenstein', '1.1.1973.', 'n');
insert into CandidatesData (idno) VALUES (4533);
insert into Landeslistenplatz (llid, idno, position) VALUES (220, 4533, 38);
insert into Citizen (idno, title, firstname, lastname, dateofbirth, gender) VALUES (4534, '', 'Klaus', 'Freudigmann', '1.1.1942.', 'n');
insert into CandidatesData (idno) VALUES (4534);
insert into LandesListe (llid, year, pid, fsid) VALUES (402, 2013, 13, 1);
insert into Landeslistenplatz (llid, idno, position) VALUES (402, 4534, 7);
insert into Citizen (idno, title, firstname, lastname, dateofbirth, gender) VALUES (4535, '', 'Birsen', 'Freund', '1.1.1977.', 'n');
insert into CandidatesData (idno) VALUES (4535);
insert into Candidacy (wkid, idno, supportedby) VALUES (244, 4535, 7);
insert into Citizen (idno, title, firstname, lastname, dateofbirth, gender) VALUES (4536, 'Dr. ', 'Matthias', 'Frey', '1.1.1964.', 'n');
insert into CandidatesData (idno) VALUES (4536);
insert into Landeslistenplatz (llid, idno, position) VALUES (294, 4536, 12);
insert into Citizen (idno, title, firstname, lastname, dateofbirth, gender) VALUES (4537, '', 'Claudia', 'Frick', '1.1.1983.', 'n');
insert into CandidatesData (idno) VALUES (4537);
insert into Candidacy (wkid, idno, supportedby) VALUES (404, 4537, 7);
insert into Landeslistenplatz (llid, idno, position) VALUES (349, 4537, 2);
insert into Citizen (idno, title, firstname, lastname, dateofbirth, gender) VALUES (4538, '', 'Jörg', 'Frick', '1.1.1974.', 'n');
insert into CandidatesData (idno) VALUES (4538);
insert into Candidacy (wkid, idno, supportedby) VALUES (222, 4538, 32);
insert into Citizen (idno, title, firstname, lastname, dateofbirth, gender) VALUES (4539, '', 'Andre Patrick', 'Fricke', '1.1.1985.', 'n');
insert into CandidatesData (idno) VALUES (4539);
insert into Candidacy (wkid, idno, supportedby) VALUES (100, 4539, 3);
insert into Citizen (idno, title, firstname, lastname, dateofbirth, gender) VALUES (4540, '', 'Otto', 'Fricke', '1.1.1965.', 'n');
insert into CandidatesData (idno) VALUES (4540);
insert into Candidacy (wkid, idno, supportedby) VALUES (220, 4540, 4);
insert into Landeslistenplatz (llid, idno, position) VALUES (272, 4540, 4);
insert into Citizen (idno, title, firstname, lastname, dateofbirth, gender) VALUES (4541, '', 'Sven', 'Fricke', '1.1.1964.', 'n');
insert into CandidatesData (idno) VALUES (4541);
insert into Candidacy (wkid, idno, supportedby) VALUES (138, 4541, 4);
insert into Landeslistenplatz (llid, idno, position) VALUES (208, 4541, 3);
insert into Citizen (idno, title, firstname, lastname, dateofbirth, gender) VALUES (4542, '', 'Walter', 'Fricke', '1.1.1955.', 'n');
insert into CandidatesData (idno) VALUES (4542);
insert into Candidacy (wkid, idno, supportedby) VALUES (160, 4542, NULL);
insert into Citizen (idno, title, firstname, lastname, dateofbirth, gender) VALUES (4543, '', 'Sabine', 'Fricker', '1.1.1957.', 'n');
insert into CandidatesData (idno) VALUES (4543);
insert into Landeslistenplatz (llid, idno, position) VALUES (255, 4543, 2);
insert into Citizen (idno, title, firstname, lastname, dateofbirth, gender) VALUES (4544, '', 'Lea Joy', 'Friedel', '1.1.1993.', 'n');
insert into CandidatesData (idno) VALUES (4544);
insert into Candidacy (wkid, idno, supportedby) VALUES (170, 4544, 31);
insert into Citizen (idno, title, firstname, lastname, dateofbirth, gender) VALUES (4545, '', 'Peter', 'Friedhoff', '1.1.1970.', 'n');
insert into CandidatesData (idno) VALUES (4545);
insert into Candidacy (wkid, idno, supportedby) VALUES (64, 4545, 4);
insert into Landeslistenplatz (llid, idno, position) VALUES (301, 4545, 13);
insert into Citizen (idno, title, firstname, lastname, dateofbirth, gender) VALUES (4546, 'Dr. ', 'Hans-Peter', 'Friedrich', '1.1.1957.', 'n');
insert into CandidatesData (idno) VALUES (4546);
insert into Candidacy (wkid, idno, supportedby) VALUES (478, 4546, 9);
insert into Landeslistenplatz (llid, idno, position) VALUES (220, 4546, 2);
insert into Citizen (idno, title, firstname, lastname, dateofbirth, gender) VALUES (4547, '', 'Klaus-Jürgen', 'Friedrich', '1.1.1950.', 'n');
insert into CandidatesData (idno) VALUES (4547);
insert into Candidacy (wkid, idno, supportedby) VALUES (404, 4547, 4);
insert into Landeslistenplatz (llid, idno, position) VALUES (294, 4547, 7);
insert into Citizen (idno, title, firstname, lastname, dateofbirth, gender) VALUES (4548, '', 'Marcus', 'Friedrich', '1.1.1973.', 'n');
insert into CandidatesData (idno) VALUES (4548);
insert into Candidacy (wkid, idno, supportedby) VALUES (180, 4548, 7);
insert into Citizen (idno, title, firstname, lastname, dateofbirth, gender) VALUES (4549, '', 'Peter', 'Friedrich', '1.1.1957.', 'n');
insert into CandidatesData (idno) VALUES (4549);
insert into Candidacy (wkid, idno, supportedby) VALUES (524, 4549, 33);
insert into Citizen (idno, title, firstname, lastname, dateofbirth, gender) VALUES (4550, '', 'Ralf', 'Friedrich', '1.1.1966.', 'n');
insert into CandidatesData (idno) VALUES (4550);
insert into Landeslistenplatz (llid, idno, position) VALUES (271, 4550, 13);
insert into Citizen (idno, title, firstname, lastname, dateofbirth, gender) VALUES (4551, '', 'Maika', 'Friemann-Jennert', '1.1.1964.', 'n');
insert into CandidatesData (idno) VALUES (4551);
insert into Landeslistenplatz (llid, idno, position) VALUES (367, 4551, 9);
insert into Citizen (idno, title, firstname, lastname, dateofbirth, gender) VALUES (4552, '', 'Jan Burkhard', 'Fries', '1.1.1984.', 'n');
insert into CandidatesData (idno) VALUES (4552);
insert into Candidacy (wkid, idno, supportedby) VALUES (500, 4552, 1);
insert into Citizen (idno, title, firstname, lastname, dateofbirth, gender) VALUES (4553, '', 'Adrian', 'Friese', '1.1.1989.', 'n');
insert into CandidatesData (idno) VALUES (4553);
insert into Candidacy (wkid, idno, supportedby) VALUES (560, 4553, 7);
insert into Citizen (idno, title, firstname, lastname, dateofbirth, gender) VALUES (4554, '', 'Michael Edwin', 'Frieser', '1.1.1964.', 'n');
insert into CandidatesData (idno) VALUES (4554);
insert into Candidacy (wkid, idno, supportedby) VALUES (490, 4554, 9);
insert into Landeslistenplatz (llid, idno, position) VALUES (220, 4554, 16);
insert into Citizen (idno, title, firstname, lastname, dateofbirth, gender) VALUES (4555, '', 'Hans-Josef', 'Frings', '1.1.1958.', 'n');
insert into CandidatesData (idno) VALUES (4555);
insert into Candidacy (wkid, idno, supportedby) VALUES (194, 4555, 33);
insert into Landeslistenplatz (llid, idno, position) VALUES (253, 4555, 37);
insert into Citizen (idno, title, firstname, lastname, dateofbirth, gender) VALUES (4556, '', 'Nicole', 'Fritsche', '1.1.1979.', 'n');
insert into CandidatesData (idno) VALUES (4556);
insert into Candidacy (wkid, idno, supportedby) VALUES (442, 4556, 3);
insert into Landeslistenplatz (llid, idno, position) VALUES (350, 4556, 5);
insert into Citizen (idno, title, firstname, lastname, dateofbirth, gender) VALUES (4557, 'Dr. ', 'Martin Ulrich', 'Fritz', '1.1.1956.', 'n');
insert into CandidatesData (idno) VALUES (4557);
insert into Candidacy (wkid, idno, supportedby) VALUES (236, 4557, 33);
insert into Citizen (idno, title, firstname, lastname, dateofbirth, gender) VALUES (4558, '', 'Maria-Elisabeth', 'Fritzen', '1.1.1962.', 'n');
insert into CandidatesData (idno) VALUES (4558);
insert into Candidacy (wkid, idno, supportedby) VALUES (18, 4558, 5);
insert into Citizen (idno, title, firstname, lastname, dateofbirth, gender) VALUES (4559, 'Dr. ', 'Patrick', 'Fröhlich', '1.1.1981.', 'n');
insert into CandidatesData (idno) VALUES (4559);
insert into Landeslistenplatz (llid, idno, position) VALUES (220, 4559, 57);
insert into Citizen (idno, title, firstname, lastname, dateofbirth, gender) VALUES (4560, '', 'Jakobus', 'Fröhlich', '1.1.1945.', 'n');
insert into CandidatesData (idno) VALUES (4560);
insert into Candidacy (wkid, idno, supportedby) VALUES (278, 4560, 13);
insert into Citizen (idno, title, firstname, lastname, dateofbirth, gender) VALUES (4561, 'Dr. ', 'Walter', 'Frölich', '1.1.1948.', 'n');
insert into CandidatesData (idno) VALUES (4561);
insert into Candidacy (wkid, idno, supportedby) VALUES (532, 4561, 36);
insert into Landeslistenplatz (llid, idno, position) VALUES (292, 4561, 14);
insert into Citizen (idno, title, firstname, lastname, dateofbirth, gender) VALUES (4562, '', 'Günther', 'Frölich', '1.1.1954.', 'n');
insert into CandidatesData (idno) VALUES (4562);
insert into Candidacy (wkid, idno, supportedby) VALUES (530, 4562, 32);
insert into Landeslistenplatz (llid, idno, position) VALUES (265, 4562, 11);
insert into Citizen (idno, title, firstname, lastname, dateofbirth, gender) VALUES (4563, '', 'Wilhelm Alexander', 'Frömgen', '1.1.1982.', 'n');
insert into CandidatesData (idno) VALUES (4563);
insert into Candidacy (wkid, idno, supportedby) VALUES (220, 4563, 7);
insert into Citizen (idno, title, firstname, lastname, dateofbirth, gender) VALUES (4564, '', 'Götz', 'Frömming', '1.1.1968.', 'n');
insert into CandidatesData (idno) VALUES (4564);
insert into Landeslistenplatz (llid, idno, position) VALUES (303, 4564, 9);
insert into Citizen (idno, title, firstname, lastname, dateofbirth, gender) VALUES (4565, '', 'Manfred Stefan', 'Frünke', '1.1.1955.', 'n');
insert into CandidatesData (idno) VALUES (4565);
insert into Candidacy (wkid, idno, supportedby) VALUES (326, 4565, 4);
insert into Landeslistenplatz (llid, idno, position) VALUES (334, 4565, 9);
insert into Citizen (idno, title, firstname, lastname, dateofbirth, gender) VALUES (4566, '', 'Claudia', 'Fuchs', '1.1.1965.', 'n');
insert into CandidatesData (idno) VALUES (4566);
insert into Landeslistenplatz (llid, idno, position) VALUES (225, 4566, 3);
insert into Citizen (idno, title, firstname, lastname, dateofbirth, gender) VALUES (4567, '', 'David', 'Fuchs', '1.1.1987.', 'n');
insert into CandidatesData (idno) VALUES (4567);
insert into Landeslistenplatz (llid, idno, position) VALUES (297, 4567, 18);
insert into Citizen (idno, title, firstname, lastname, dateofbirth, gender) VALUES (4568, 'Dr. ', 'Michael', 'Fuchs', '1.1.1949.', 'n');
insert into CandidatesData (idno) VALUES (4568);
insert into Candidacy (wkid, idno, supportedby) VALUES (400, 4568, 12);
insert into Landeslistenplatz (llid, idno, position) VALUES (312, 4568, 5);
insert into Citizen (idno, title, firstname, lastname, dateofbirth, gender) VALUES (4569, '', 'Harald Roland', 'Fuchs', '1.1.1966.', 'n');
insert into CandidatesData (idno) VALUES (4569);
insert into Candidacy (wkid, idno, supportedby) VALUES (488, 4569, 5);
insert into Landeslistenplatz (llid, idno, position) VALUES (238, 4569, 26);
insert into Citizen (idno, title, firstname, lastname, dateofbirth, gender) VALUES (4570, '', 'Horst', 'Fuchs', '1.1.1944.', 'n');
insert into CandidatesData (idno) VALUES (4570);
insert into Candidacy (wkid, idno, supportedby) VALUES (496, 4570, 1);
insert into Citizen (idno, title, firstname, lastname, dateofbirth, gender) VALUES (4571, '', 'Klaus', 'Fuchs', '1.1.1954.', 'n');
insert into CandidatesData (idno) VALUES (4571);
insert into LandesListe (llid, year, pid, fsid) VALUES (403, 2013, 13, 6);
insert into Landeslistenplatz (llid, idno, position) VALUES (403, 4571, 5);
insert into Citizen (idno, title, firstname, lastname, dateofbirth, gender) VALUES (4572, '', 'Marcel', 'Fuchs', '1.1.1979.', 'n');
insert into CandidatesData (idno) VALUES (4572);
insert into Landeslistenplatz (llid, idno, position) VALUES (273, 4572, 13);
insert into Citizen (idno, title, firstname, lastname, dateofbirth, gender) VALUES (4573, '', 'Sandra', 'Fuchs', '1.1.1967.', 'n');
insert into CandidatesData (idno) VALUES (4573);
insert into Landeslistenplatz (llid, idno, position) VALUES (285, 4573, 8);
insert into Citizen (idno, title, firstname, lastname, dateofbirth, gender) VALUES (4574, '', 'Steffen', 'Fuchs', '1.1.1970.', 'n');
insert into CandidatesData (idno) VALUES (4574);
insert into Candidacy (wkid, idno, supportedby) VALUES (384, 4574, 5);
insert into Landeslistenplatz (llid, idno, position) VALUES (348, 4574, 8);
insert into Citizen (idno, title, firstname, lastname, dateofbirth, gender) VALUES (4575, '', 'Hans-Joachim', 'Fuchtel', '1.1.1952.', 'n');
insert into CandidatesData (idno) VALUES (4575);
insert into Candidacy (wkid, idno, supportedby) VALUES (560, 4575, 12);
insert into Citizen (idno, title, firstname, lastname, dateofbirth, gender) VALUES (4576, '', 'Stefan', 'Füsers', '1.1.1980.', 'n');
insert into CandidatesData (idno) VALUES (4576);
insert into Candidacy (wkid, idno, supportedby) VALUES (36, 4576, NULL);
insert into Citizen (idno, title, firstname, lastname, dateofbirth, gender) VALUES (4577, '', 'Wolfgang', 'Fuhl', '1.1.1960.', 'n');
insert into CandidatesData (idno) VALUES (4577);
insert into Candidacy (wkid, idno, supportedby) VALUES (564, 4577, 33);
insert into Citizen (idno, title, firstname, lastname, dateofbirth, gender) VALUES (4578, '', 'Christian', 'Fuhrer', '1.1.1962.', 'n');
insert into CandidatesData (idno) VALUES (4578);
insert into LandesListe (llid, year, pid, fsid) VALUES (404, 2013, 19, 15);
insert into Landeslistenplatz (llid, idno, position) VALUES (404, 4578, 2);
insert into Citizen (idno, title, firstname, lastname, dateofbirth, gender) VALUES (4579, '', 'Joachim Paul Bernhard', 'Fulde', '1.1.1948.', 'n');
insert into CandidatesData (idno) VALUES (4579);
insert into Candidacy (wkid, idno, supportedby) VALUES (486, 4579, 32);
insert into Landeslistenplatz (llid, idno, position) VALUES (206, 4579, 34);
insert into Citizen (idno, title, firstname, lastname, dateofbirth, gender) VALUES (4580, '', 'Alexander', 'Funk', '1.1.1974.', 'n');
insert into CandidatesData (idno) VALUES (4580);
insert into Candidacy (wkid, idno, supportedby) VALUES (598, 4580, 12);
insert into Landeslistenplatz (llid, idno, position) VALUES (226, 4580, 4);
insert into Citizen (idno, title, firstname, lastname, dateofbirth, gender) VALUES (4581, '', 'Reinhard Johannes', 'Funk', '1.1.1958.', 'n');
insert into CandidatesData (idno) VALUES (4581);
insert into Candidacy (wkid, idno, supportedby) VALUES (276, 4581, 13);
insert into Citizen (idno, title, firstname, lastname, dateofbirth, gender) VALUES (4582, '', 'Anne', 'Funke', '1.1.1988.', 'n');
insert into CandidatesData (idno) VALUES (4582);
insert into Landeslistenplatz (llid, idno, position) VALUES (351, 4582, 3);
insert into Citizen (idno, title, firstname, lastname, dateofbirth, gender) VALUES (4583, '', 'Bernhard', 'Furch', '1.1.1959.', 'n');
insert into CandidatesData (idno) VALUES (4583);
insert into Candidacy (wkid, idno, supportedby) VALUES (414, 4583, 7);
insert into Citizen (idno, title, firstname, lastname, dateofbirth, gender) VALUES (4584, '', 'Timo', 'Gaarz', '1.1.1977.', 'n');
insert into CandidatesData (idno) VALUES (4584);
insert into Landeslistenplatz (llid, idno, position) VALUES (335, 4584, 23);
insert into Citizen (idno, title, firstname, lastname, dateofbirth, gender) VALUES (4585, '', 'Klaus-Dieter', 'Gabbert', '1.1.1959.', 'n');
insert into CandidatesData (idno) VALUES (4585);
insert into Candidacy (wkid, idno, supportedby) VALUES (28, 4585, 32);
insert into Landeslistenplatz (llid, idno, position) VALUES (275, 4585, 4);
insert into Citizen (idno, title, firstname, lastname, dateofbirth, gender) VALUES (4586, '', 'Norman', 'Gabler', '1.1.1958.', 'n');
insert into CandidatesData (idno) VALUES (4586);
insert into Landeslistenplatz (llid, idno, position) VALUES (290, 4586, 24);
insert into Citizen (idno, title, firstname, lastname, dateofbirth, gender) VALUES (4587, '', 'Sigmar', 'Gabriel', '1.1.1959.', 'n');
insert into CandidatesData (idno) VALUES (4587);
insert into Candidacy (wkid, idno, supportedby) VALUES (98, 4587, 2);
insert into Landeslistenplatz (llid, idno, position) VALUES (242, 4587, 1);
insert into Citizen (idno, title, firstname, lastname, dateofbirth, gender) VALUES (4588, '', 'Udo', 'Gabriel', '1.1.1956.', 'n');
insert into CandidatesData (idno) VALUES (4588);
insert into Candidacy (wkid, idno, supportedby) VALUES (290, 4588, 3);
insert into Landeslistenplatz (llid, idno, position) VALUES (269, 4588, 28);
insert into Citizen (idno, title, firstname, lastname, dateofbirth, gender) VALUES (4589, 'Dr. ', 'Gunther Dietrich', 'Gade', '1.1.1973.', 'n');
insert into CandidatesData (idno) VALUES (4589);
insert into LandesListe (llid, year, pid, fsid) VALUES (405, 2013, 33, 15);
insert into Landeslistenplatz (llid, idno, position) VALUES (405, 4589, 3);
insert into Citizen (idno, title, firstname, lastname, dateofbirth, gender) VALUES (4590, '', 'Hans-Jürgen', 'Gäbel', '1.1.1946.', 'n');
insert into CandidatesData (idno) VALUES (4590);
insert into Candidacy (wkid, idno, supportedby) VALUES (516, 4590, NULL);
insert into Citizen (idno, title, firstname, lastname, dateofbirth, gender) VALUES (4591, '', 'Ingo', 'Gädechens', '1.1.1960.', 'n');
insert into CandidatesData (idno) VALUES (4591);
insert into Candidacy (wkid, idno, supportedby) VALUES (18, 4591, 12);
insert into Landeslistenplatz (llid, idno, position) VALUES (335, 4591, 7);
insert into Citizen (idno, title, firstname, lastname, dateofbirth, gender) VALUES (4592, '', 'Andreas', 'Gärtner', '1.1.1963.', 'n');
insert into CandidatesData (idno) VALUES (4592);
insert into Candidacy (wkid, idno, supportedby) VALUES (188, 4592, 7);
insert into Citizen (idno, title, firstname, lastname, dateofbirth, gender) VALUES (4593, '', 'Gabriele', 'Gärtner', '1.1.1977.', 'n');
insert into CandidatesData (idno) VALUES (4593);
insert into Candidacy (wkid, idno, supportedby) VALUES (206, 4593, 13);
insert into Landeslistenplatz (llid, idno, position) VALUES (207, 4593, 2);
insert into Citizen (idno, title, firstname, lastname, dateofbirth, gender) VALUES (4594, '', 'Joachim Karl Ludolf', 'Gärtner', '1.1.1948.', 'n');
insert into CandidatesData (idno) VALUES (4594);
insert into Candidacy (wkid, idno, supportedby) VALUES (336, 4594, 13);
insert into LandesListe (llid, year, pid, fsid) VALUES (406, 2013, 13, 7);
insert into Landeslistenplatz (llid, idno, position) VALUES (406, 4594, 3);
insert into Citizen (idno, title, firstname, lastname, dateofbirth, gender) VALUES (4595, '', 'Johann Karl', 'Gärtner', '1.1.1950.', 'n');
insert into CandidatesData (idno) VALUES (4595);
insert into Landeslistenplatz (llid, idno, position) VALUES (213, 4595, 1);
insert into Citizen (idno, title, firstname, lastname, dateofbirth, gender) VALUES (4596, '', 'Lisa Ursula', 'Gärtner', '1.1.1986.', 'n');
insert into CandidatesData (idno) VALUES (4596);
insert into Landeslistenplatz (llid, idno, position) VALUES (387, 4596, 4);
insert into Citizen (idno, title, firstname, lastname, dateofbirth, gender) VALUES (4597, '', 'Mario', 'Gärtner', '1.1.1980.', 'n');
insert into CandidatesData (idno) VALUES (4597);
insert into Candidacy (wkid, idno, supportedby) VALUES (66, 4597, 7);
insert into Citizen (idno, title, firstname, lastname, dateofbirth, gender) VALUES (4598, '', 'Stephan Johann', 'Gärtner', '1.1.1976.', 'n');
insert into CandidatesData (idno) VALUES (4598);
insert into Landeslistenplatz (llid, idno, position) VALUES (213, 4598, 37);
insert into Citizen (idno, title, firstname, lastname, dateofbirth, gender) VALUES (4599, '', 'Hans Dietmar', 'Gaisenkersting', '1.1.1967.', 'n');
insert into CandidatesData (idno) VALUES (4599);
insert into LandesListe (llid, year, pid, fsid) VALUES (407, 2013, 26, 5);
insert into Landeslistenplatz (llid, idno, position) VALUES (407, 4599, 1);
insert into Citizen (idno, title, firstname, lastname, dateofbirth, gender) VALUES (4600, '', 'Torsten Matthias', 'Gaitzsch', '1.1.1981.', 'n');
insert into CandidatesData (idno) VALUES (4600);
insert into Landeslistenplatz (llid, idno, position) VALUES (252, 4600, 15);
insert into Citizen (idno, title, firstname, lastname, dateofbirth, gender) VALUES (4601, 'Dr. ', 'Volker', 'Gallandi', '1.1.1955.', 'n');
insert into CandidatesData (idno) VALUES (4601);
insert into Candidacy (wkid, idno, supportedby) VALUES (376, 4601, 32);
insert into Landeslistenplatz (llid, idno, position) VALUES (315, 4601, 2);
insert into Citizen (idno, title, firstname, lastname, dateofbirth, gender) VALUES (4602, '', 'Ronald', 'Galle', '1.1.1957.', 'n');
insert into CandidatesData (idno) VALUES (4602);
insert into Landeslistenplatz (llid, idno, position) VALUES (353, 4602, 6);
insert into Citizen (idno, title, firstname, lastname, dateofbirth, gender) VALUES (4603, '', 'Anna', 'Gallina', '1.1.1983.', 'n');
insert into CandidatesData (idno) VALUES (4603);
insert into Candidacy (wkid, idno, supportedby) VALUES (40, 4603, 5);
insert into Landeslistenplatz (llid, idno, position) VALUES (321, 4603, 5);
insert into Citizen (idno, title, firstname, lastname, dateofbirth, gender) VALUES (4604, 'Dr. ', 'Thomas', 'Gambke', '1.1.1949.', 'n');
insert into CandidatesData (idno) VALUES (4604);
insert into Candidacy (wkid, idno, supportedby) VALUES (456, 4604, 5);
insert into Landeslistenplatz (llid, idno, position) VALUES (238, 4604, 8);
insert into Citizen (idno, title, firstname, lastname, dateofbirth, gender) VALUES (4605, '', 'Thomas Ernst Erich Emil', 'Ganskow', '1.1.1967.', 'n');
insert into CandidatesData (idno) VALUES (4605);
insert into Landeslistenplatz (llid, idno, position) VALUES (268, 4605, 14);
insert into Citizen (idno, title, firstname, lastname, dateofbirth, gender) VALUES (4606, '', 'Peter', 'Gansky', '1.1.1961.', 'n');
insert into CandidatesData (idno) VALUES (4606);
insert into Candidacy (wkid, idno, supportedby) VALUES (536, 4606, 36);
insert into Citizen (idno, title, firstname, lastname, dateofbirth, gender) VALUES (4607, '', 'Heinrich Theodor', 'Garbe', '1.1.1955.', 'n');
insert into CandidatesData (idno) VALUES (4607);
insert into Landeslistenplatz (llid, idno, position) VALUES (253, 4607, 36);
insert into Citizen (idno, title, firstname, lastname, dateofbirth, gender) VALUES (4608, '', 'Kerstin', 'Garbracht', '1.1.1957.', 'n');
insert into CandidatesData (idno) VALUES (4608);
insert into Candidacy (wkid, idno, supportedby) VALUES (212, 4608, 33);
insert into Landeslistenplatz (llid, idno, position) VALUES (253, 4608, 8);
insert into Citizen (idno, title, firstname, lastname, dateofbirth, gender) VALUES (4609, '', 'Irene Veronika', 'Garcia Garcia', '1.1.1957.', 'n');
insert into CandidatesData (idno) VALUES (4609);
insert into Landeslistenplatz (llid, idno, position) VALUES (204, 4609, 1);
insert into Citizen (idno, title, firstname, lastname, dateofbirth, gender) VALUES (4610, '', 'Annette', 'Garcia', '1.1.1976.', 'n');
insert into CandidatesData (idno) VALUES (4610);
insert into Candidacy (wkid, idno, supportedby) VALUES (384, 4610, 32);
insert into Landeslistenplatz (llid, idno, position) VALUES (319, 4610, 2);
insert into Citizen (idno, title, firstname, lastname, dateofbirth, gender) VALUES (4611, '', 'Mark Anthony', 'Garnier von', '1.1.1972.', 'n');
insert into CandidatesData (idno) VALUES (4611);
insert into Candidacy (wkid, idno, supportedby) VALUES (418, 4611, 22);
insert into Citizen (idno, title, firstname, lastname, dateofbirth, gender) VALUES (4612, '', 'Matthias', 'Gastel', '1.1.1970.', 'n');
insert into CandidatesData (idno) VALUES (4612);
insert into Candidacy (wkid, idno, supportedby) VALUES (524, 4612, 5);
insert into Landeslistenplatz (llid, idno, position) VALUES (234, 4612, 10);
insert into Citizen (idno, title, firstname, lastname, dateofbirth, gender) VALUES (4613, '', 'Jens', 'Gatter', '1.1.1986.', 'n');
insert into CandidatesData (idno) VALUES (4613);
insert into Candidacy (wkid, idno, supportedby) VALUES (302, 4613, 1);
insert into Citizen (idno, title, firstname, lastname, dateofbirth, gender) VALUES (4614, '', 'Thomas', 'Gattner', '1.1.1982.', 'n');
insert into CandidatesData (idno) VALUES (4614);
insert into Candidacy (wkid, idno, supportedby) VALUES (268, 4614, 32);
insert into Landeslistenplatz (llid, idno, position) VALUES (317, 4614, 9);
insert into Citizen (idno, title, firstname, lastname, dateofbirth, gender) VALUES (4615, '', 'Cornelia', 'Gatz', '1.1.1973.', 'n');
insert into CandidatesData (idno) VALUES (4615);
insert into Landeslistenplatz (llid, idno, position) VALUES (204, 4615, 33);
insert into Citizen (idno, title, firstname, lastname, dateofbirth, gender) VALUES (4616, 'Dr. ', 'Alexander Eberhardt', 'Gauland', '1.1.1941.', 'n');
insert into CandidatesData (idno) VALUES (4616);
insert into Landeslistenplatz (llid, idno, position) VALUES (332, 4616, 1);
insert into Citizen (idno, title, firstname, lastname, dateofbirth, gender) VALUES (4617, '', 'Alexander', 'Gaus', '1.1.1984.', 'n');
insert into CandidatesData (idno) VALUES (4617);
insert into Candidacy (wkid, idno, supportedby) VALUES (586, 4617, 5);
insert into Landeslistenplatz (llid, idno, position) VALUES (234, 4617, 30);
insert into Citizen (idno, title, firstname, lastname, dateofbirth, gender) VALUES (4618, 'Dr. ', 'Henning', 'Gaus', '1.1.1958.', 'n');
insert into CandidatesData (idno) VALUES (4618);
insert into Candidacy (wkid, idno, supportedby) VALUES (544, 4618, 32);
insert into Citizen (idno, title, firstname, lastname, dateofbirth, gender) VALUES (4619, '', 'Stephanus', 'Gausmann', '1.1.1965.', 'n');
insert into CandidatesData (idno) VALUES (4619);
insert into Landeslistenplatz (llid, idno, position) VALUES (302, 4619, 4);
insert into Citizen (idno, title, firstname, lastname, dateofbirth, gender) VALUES (4620, 'Dr. ', 'Peter', 'Gauweiler', '1.1.1949.', 'n');
insert into CandidatesData (idno) VALUES (4620);
insert into Candidacy (wkid, idno, supportedby) VALUES (440, 4620, 9);
insert into Citizen (idno, title, firstname, lastname, dateofbirth, gender) VALUES (4621, '', 'Christiane', 'Geb', '1.1.1958.', 'n');
insert into CandidatesData (idno) VALUES (4621);
insert into Candidacy (wkid, idno, supportedby) VALUES (210, 4621, 33);
insert into Citizen (idno, title, firstname, lastname, dateofbirth, gender) VALUES (4622, '', 'Steffen Lars', 'Gebauer', '1.1.1971.', 'n');
insert into CandidatesData (idno) VALUES (4622);
insert into Landeslistenplatz (llid, idno, position) VALUES (314, 4622, 24);
insert into Citizen (idno, title, firstname, lastname, dateofbirth, gender) VALUES (4623, '', 'Torsten', 'Gebert', '1.1.1972.', 'n');
insert into CandidatesData (idno) VALUES (4623);
insert into Landeslistenplatz (llid, idno, position) VALUES (278, 4623, 8);
insert into Citizen (idno, title, firstname, lastname, dateofbirth, gender) VALUES (4624, '', 'Herbert Alexander', 'Gebhardt', '1.1.1944.', 'n');
insert into CandidatesData (idno) VALUES (4624);
insert into Candidacy (wkid, idno, supportedby) VALUES (552, 4624, 36);
insert into Landeslistenplatz (llid, idno, position) VALUES (292, 4624, 8);
insert into Citizen (idno, title, firstname, lastname, dateofbirth, gender) VALUES (4625, 'Dr. ', 'Thomas', 'Gebhart', '1.1.1971.', 'n');
insert into CandidatesData (idno) VALUES (4625);
insert into Candidacy (wkid, idno, supportedby) VALUES (424, 4625, 12);
insert into Landeslistenplatz (llid, idno, position) VALUES (312, 4625, 8);
insert into Citizen (idno, title, firstname, lastname, dateofbirth, gender) VALUES (4626, '', 'Viktor Maria', 'Gebhart', '1.1.1985.', 'n');
insert into CandidatesData (idno) VALUES (4626);
insert into Landeslistenplatz (llid, idno, position) VALUES (390, 4626, 3);
insert into Citizen (idno, title, firstname, lastname, dateofbirth, gender) VALUES (4627, '', 'Ali Riza', 'Gecgel', '1.1.1970.', 'n');
insert into CandidatesData (idno) VALUES (4627);
insert into Landeslistenplatz (llid, idno, position) VALUES (207, 4627, 12);
insert into Citizen (idno, title, firstname, lastname, dateofbirth, gender) VALUES (4628, '', 'Wolfgang', 'Gehrcke-Reymann', '1.1.1943.', 'n');
insert into CandidatesData (idno) VALUES (4628);
insert into Candidacy (wkid, idno, supportedby) VALUES (366, 4628, 3);
insert into Landeslistenplatz (llid, idno, position) VALUES (216, 4628, 2);
insert into Citizen (idno, title, firstname, lastname, dateofbirth, gender) VALUES (4629, '', 'Kai Boris', 'Gehring', '1.1.1977.', 'n');
insert into CandidatesData (idno) VALUES (4629);
insert into Candidacy (wkid, idno, supportedby) VALUES (240, 4629, 5);
insert into Landeslistenplatz (llid, idno, position) VALUES (256, 4629, 10);
insert into Citizen (idno, title, firstname, lastname, dateofbirth, gender) VALUES (4630, 'Dr. ', 'Axel', 'Gehrke', '1.1.1942.', 'n');
insert into CandidatesData (idno) VALUES (4630);
insert into Candidacy (wkid, idno, supportedby) VALUES (20, 4630, 33);
insert into Landeslistenplatz (llid, idno, position) VALUES (285, 4630, 9);
insert into Citizen (idno, title, firstname, lastname, dateofbirth, gender) VALUES (4631, '', 'Bernd', 'Geider', '1.1.1953.', 'n');
insert into CandidatesData (idno) VALUES (4631);
insert into Candidacy (wkid, idno, supportedby) VALUES (520, 4631, 1);
insert into Citizen (idno, title, firstname, lastname, dateofbirth, gender) VALUES (4632, '', 'Alexander', 'Geiger', '1.1.1981.', 'n');
insert into CandidatesData (idno) VALUES (4632);
insert into Candidacy (wkid, idno, supportedby) VALUES (556, 4632, 5);
insert into Landeslistenplatz (llid, idno, position) VALUES (234, 4632, 28);
insert into Citizen (idno, title, firstname, lastname, dateofbirth, gender) VALUES (4633, '', 'Markus', 'Geiger', '1.1.1979.', 'n');
insert into CandidatesData (idno) VALUES (4633);
insert into Landeslistenplatz (llid, idno, position) VALUES (230, 4633, 15);
insert into Citizen (idno, title, firstname, lastname, dateofbirth, gender) VALUES (4634, '', 'Ronald', 'Geiger', '1.1.1969.', 'n');
insert into CandidatesData (idno) VALUES (4634);
insert into Candidacy (wkid, idno, supportedby) VALUES (516, 4634, 33);
insert into Landeslistenplatz (llid, idno, position) VALUES (314, 4634, 2);
insert into Citizen (idno, title, firstname, lastname, dateofbirth, gender) VALUES (4635, '', 'Nedeljka', 'Geis', '1.1.1971.', 'n');
insert into CandidatesData (idno) VALUES (4635);
insert into Landeslistenplatz (llid, idno, position) VALUES (244, 4635, 23);
insert into Citizen (idno, title, firstname, lastname, dateofbirth, gender) VALUES (4636, '', 'Robert', 'Geislinger', '1.1.1988.', 'n');
insert into CandidatesData (idno) VALUES (4636);
insert into Candidacy (wkid, idno, supportedby) VALUES (72, 4636, 7);
insert into Citizen (idno, title, firstname, lastname, dateofbirth, gender) VALUES (4637, '', 'Jonas Alexander Tecumseh', 'Geissler', '1.1.1984.', 'n');
insert into CandidatesData (idno) VALUES (4637);
insert into Landeslistenplatz (llid, idno, position) VALUES (220, 4637, 62);
insert into Citizen (idno, title, firstname, lastname, dateofbirth, gender) VALUES (4638, '', 'Lola Beate Friederike', 'Geißler', '1.1.1960.', 'n');
insert into CandidatesData (idno) VALUES (4638);
insert into Landeslistenplatz (llid, idno, position) VALUES (323, 4638, 10);
insert into Citizen (idno, title, firstname, lastname, dateofbirth, gender) VALUES (4639, 'Dr. ', 'Norbert', 'Geng', '1.1.1965.', 'n');
insert into CandidatesData (idno) VALUES (4639);
insert into Landeslistenplatz (llid, idno, position) VALUES (239, 4639, 3);
insert into Citizen (idno, title, firstname, lastname, dateofbirth, gender) VALUES (4640, '', 'Maria', 'Genschorek', '1.1.1989.', 'n');
insert into CandidatesData (idno) VALUES (4640);
insert into Landeslistenplatz (llid, idno, position) VALUES (327, 4640, 7);
insert into Citizen (idno, title, firstname, lastname, dateofbirth, gender) VALUES (4641, '', 'Patrick', 'Gentsch', '1.1.1976.', 'n');
insert into CandidatesData (idno) VALUES (4641);
insert into Candidacy (wkid, idno, supportedby) VALUES (330, 4641, 1);
insert into Citizen (idno, title, firstname, lastname, dateofbirth, gender) VALUES (4642, '', 'Gabriele', 'Georgiou', '1.1.1955.', 'n');
insert into CandidatesData (idno) VALUES (4642);
insert into Landeslistenplatz (llid, idno, position) VALUES (395, 4642, 2);
insert into Citizen (idno, title, firstname, lastname, dateofbirth, gender) VALUES (4643, '', 'Michel Philippe', 'Gérard', '1.1.1979.', 'n');
insert into CandidatesData (idno) VALUES (4643);
insert into Candidacy (wkid, idno, supportedby) VALUES (36, 4643, 31);
insert into Landeslistenplatz (llid, idno, position) VALUES (309, 4643, 14);
insert into Citizen (idno, title, firstname, lastname, dateofbirth, gender) VALUES (4644, '', 'Bernd Bruno', 'Gerber', '1.1.1953.', 'n');
insert into CandidatesData (idno) VALUES (4644);
insert into Landeslistenplatz (llid, idno, position) VALUES (391, 4644, 1);
insert into Citizen (idno, title, firstname, lastname, dateofbirth, gender) VALUES (4645, '', 'Michael', 'Gerdes', '1.1.1960.', 'n');
insert into CandidatesData (idno) VALUES (4645);
insert into Candidacy (wkid, idno, supportedby) VALUES (250, 4645, 2);
insert into Landeslistenplatz (llid, idno, position) VALUES (246, 4645, 45);
insert into Citizen (idno, title, firstname, lastname, dateofbirth, gender) VALUES (4646, '', 'Alois', 'Gerig', '1.1.1956.', 'n');
insert into CandidatesData (idno) VALUES (4646);
insert into Candidacy (wkid, idno, supportedby) VALUES (552, 4646, 12);
insert into Citizen (idno, title, firstname, lastname, dateofbirth, gender) VALUES (4647, '', 'Andreas', 'Gernegroß', '1.1.1972.', 'n');
insert into CandidatesData (idno) VALUES (4647);
insert into Landeslistenplatz (llid, idno, position) VALUES (327, 4647, 8);
insert into Citizen (idno, title, firstname, lastname, dateofbirth, gender) VALUES (4648, '', 'Michael', 'Gerr', '1.1.1966.', 'n');
insert into CandidatesData (idno) VALUES (4648);
insert into Landeslistenplatz (llid, idno, position) VALUES (238, 4648, 22);
insert into Citizen (idno, title, firstname, lastname, dateofbirth, gender) VALUES (4649, '', 'Nadine', 'Gersberg', '1.1.1977.', 'n');
insert into CandidatesData (idno) VALUES (4649);
insert into Landeslistenplatz (llid, idno, position) VALUES (227, 4649, 30);
insert into Citizen (idno, title, firstname, lastname, dateofbirth, gender) VALUES (4650, '', 'Martin', 'Gerster', '1.1.1971.', 'n');
insert into CandidatesData (idno) VALUES (4650);
insert into Candidacy (wkid, idno, supportedby) VALUES (584, 4650, 2);
insert into Landeslistenplatz (llid, idno, position) VALUES (249, 4650, 9);
insert into Citizen (idno, title, firstname, lastname, dateofbirth, gender) VALUES (4651, '', 'Hans-Günter', 'Gerstle', '1.1.1959.', 'n');
insert into CandidatesData (idno) VALUES (4651);
insert into Landeslistenplatz (llid, idno, position) VALUES (236, 4651, 23);
insert into Citizen (idno, title, firstname, lastname, dateofbirth, gender) VALUES (4652, '', 'Ralf', 'Gervelmeyer', '1.1.1970.', 'n');
insert into CandidatesData (idno) VALUES (4652);
insert into Candidacy (wkid, idno, supportedby) VALUES (78, 4652, 17);
insert into Citizen (idno, title, firstname, lastname, dateofbirth, gender) VALUES (4653, '', 'Thomas-Dieter', 'Gerwert', '1.1.1969.', 'n');
insert into CandidatesData (idno) VALUES (4653);
insert into Landeslistenplatz (llid, idno, position) VALUES (268, 4653, 11);
insert into Citizen (idno, title, firstname, lastname, dateofbirth, gender) VALUES (4654, '', 'Antje', 'Gesinn', '1.1.1965.', 'n');
insert into CandidatesData (idno) VALUES (4654);
insert into Candidacy (wkid, idno, supportedby) VALUES (354, 4654, 5);
insert into Landeslistenplatz (llid, idno, position) VALUES (318, 4654, 15);
insert into Citizen (idno, title, firstname, lastname, dateofbirth, gender) VALUES (4655, '', 'Johannes', 'Giar', '1.1.1987.', 'n');
insert into CandidatesData (idno) VALUES (4655);
insert into Landeslistenplatz (llid, idno, position) VALUES (227, 4655, 39);
insert into Citizen (idno, title, firstname, lastname, dateofbirth, gender) VALUES (4656, '', 'Eberhard', 'Gienger', '1.1.1951.', 'n');
insert into CandidatesData (idno) VALUES (4656);
insert into Candidacy (wkid, idno, supportedby) VALUES (532, 4656, 12);
insert into Citizen (idno, title, firstname, lastname, dateofbirth, gender) VALUES (4657, '', 'Rita Maria', 'Giermann', '1.1.1941.', 'n');
insert into CandidatesData (idno) VALUES (4657);
insert into Landeslistenplatz (llid, idno, position) VALUES (264, 4657, 4);
insert into Citizen (idno, title, firstname, lastname, dateofbirth, gender) VALUES (4658, '', 'Tim', 'Giesbert', '1.1.1980.', 'n');
insert into CandidatesData (idno) VALUES (4658);
insert into Candidacy (wkid, idno, supportedby) VALUES (236, 4658, 5);
insert into Citizen (idno, title, firstname, lastname, dateofbirth, gender) VALUES (4659, '', 'Herta-Margarete', 'Giese', '1.1.1935.', 'n');
insert into CandidatesData (idno) VALUES (4659);
insert into LandesListe (llid, year, pid, fsid) VALUES (408, 2013, 42, 3);
insert into Landeslistenplatz (llid, idno, position) VALUES (408, 4659, 1);
insert into Citizen (idno, title, firstname, lastname, dateofbirth, gender) VALUES (4660, '', 'Elmar', 'Gillet', '1.1.1965.', 'n');
insert into CandidatesData (idno) VALUES (4660);
insert into Candidacy (wkid, idno, supportedby) VALUES (182, 4660, 5);
insert into Landeslistenplatz (llid, idno, position) VALUES (256, 4660, 22);
insert into Citizen (idno, title, firstname, lastname, dateofbirth, gender) VALUES (4661, '', 'Cyrill Bernhard Erik', 'Gilsdorf', '1.1.1966.', 'n');
insert into CandidatesData (idno) VALUES (4661);
insert into Landeslistenplatz (llid, idno, position) VALUES (257, 4661, 23);
insert into Citizen (idno, title, firstname, lastname, dateofbirth, gender) VALUES (4662, '', 'Patrick', 'Ginsbach', '1.1.1984.', 'n');
insert into CandidatesData (idno) VALUES (4662);
insert into Landeslistenplatz (llid, idno, position) VALUES (366, 4662, 6);
insert into Citizen (idno, title, firstname, lastname, dateofbirth, gender) VALUES (4663, '', 'Cemile', 'Giousouf', '1.1.1978.', 'n');
insert into CandidatesData (idno) VALUES (4663);
insert into Candidacy (wkid, idno, supportedby) VALUES (276, 4663, 12);
insert into Landeslistenplatz (llid, idno, position) VALUES (310, 4663, 25);
insert into Citizen (idno, title, firstname, lastname, dateofbirth, gender) VALUES (4664, '', 'Jürgen', 'Gladigau', '1.1.1969.', 'n');
insert into CandidatesData (idno) VALUES (4664);
insert into Candidacy (wkid, idno, supportedby) VALUES (446, 4664, 33);
insert into Citizen (idno, title, firstname, lastname, dateofbirth, gender) VALUES (4665, '', 'Bärbel', 'Glas', '1.1.1962.', 'n');
insert into CandidatesData (idno) VALUES (4665);
insert into Landeslistenplatz (llid, idno, position) VALUES (312, 4665, 18);
insert into Citizen (idno, title, firstname, lastname, dateofbirth, gender) VALUES (4666, '', 'Albrecht Heinz Erhard', 'Glaser', '1.1.1942.', 'n');
insert into CandidatesData (idno) VALUES (4666);
insert into Landeslistenplatz (llid, idno, position) VALUES (209, 4666, 3);
insert into Citizen (idno, title, firstname, lastname, dateofbirth, gender) VALUES (4667, '', 'Eva-Maria', 'Glathe-Braun', '1.1.1958.', 'n');
insert into CandidatesData (idno) VALUES (4667);
insert into Candidacy (wkid, idno, supportedby) VALUES (582, 4667, 3);
insert into Landeslistenplatz (llid, idno, position) VALUES (324, 4667, 13);
insert into Citizen (idno, title, firstname, lastname, dateofbirth, gender) VALUES (4668, '', 'Iris', 'Gleicke', '1.1.1964.', 'n');
insert into CandidatesData (idno) VALUES (4668);
insert into Candidacy (wkid, idno, supportedby) VALUES (394, 4668, 2);
insert into Landeslistenplatz (llid, idno, position) VALUES (330, 4668, 2);
insert into Citizen (idno, title, firstname, lastname, dateofbirth, gender) VALUES (4669, '', 'Jörg', 'Gleisenstein', '1.1.1973.', 'n');
insert into CandidatesData (idno) VALUES (4669);
insert into Candidacy (wkid, idno, supportedby) VALUES (126, 4669, 5);
insert into Citizen (idno, title, firstname, lastname, dateofbirth, gender) VALUES (4670, '', 'Björn', 'Glienke', '1.1.1978.', 'n');
insert into CandidatesData (idno) VALUES (4670);
insert into Candidacy (wkid, idno, supportedby) VALUES (170, 4670, 7);
insert into Citizen (idno, title, firstname, lastname, dateofbirth, gender) VALUES (4671, '', 'Harro', 'Glienke', '1.1.1958.', 'n');
insert into CandidatesData (idno) VALUES (4671);
insert into Candidacy (wkid, idno, supportedby) VALUES (34, 4671, 7);
insert into Landeslistenplatz (llid, idno, position) VALUES (283, 4671, 7);
insert into Citizen (idno, title, firstname, lastname, dateofbirth, gender) VALUES (4672, '', 'Angelika', 'Glöckner', '1.1.1962.', 'n');
insert into CandidatesData (idno) VALUES (4672);
insert into Candidacy (wkid, idno, supportedby) VALUES (422, 4672, 2);
insert into Landeslistenplatz (llid, idno, position) VALUES (244, 4672, 11);
insert into Citizen (idno, title, firstname, lastname, dateofbirth, gender) VALUES (4673, '', 'Heiko', 'Glowka', '1.1.1969.', 'n');
insert into CandidatesData (idno) VALUES (4673);
insert into Candidacy (wkid, idno, supportedby) VALUES (178, 4673, 1);
insert into Citizen (idno, title, firstname, lastname, dateofbirth, gender) VALUES (4674, '', 'Therese', 'Gmelch', '1.1.1955.', 'n');
insert into CandidatesData (idno) VALUES (4674);
insert into Landeslistenplatz (llid, idno, position) VALUES (247, 4674, 2);
insert into Citizen (idno, title, firstname, lastname, dateofbirth, gender) VALUES (4675, '', 'Franziska', 'Gminder', '1.1.1945.', 'n');
insert into CandidatesData (idno) VALUES (4675);
insert into Landeslistenplatz (llid, idno, position) VALUES (314, 4675, 21);
insert into Citizen (idno, title, firstname, lastname, dateofbirth, gender) VALUES (4676, '', 'Christa', 'Gnann', '1.1.1965.', 'n');
insert into CandidatesData (idno) VALUES (4676);
insert into Landeslistenplatz (llid, idno, position) VALUES (292, 4676, 6);
insert into Citizen (idno, title, firstname, lastname, dateofbirth, gender) VALUES (4677, '', 'Maria', 'Gockenbach', '1.1.1979.', 'n');
insert into CandidatesData (idno) VALUES (4677);
insert into Landeslistenplatz (llid, idno, position) VALUES (331, 4677, 4);
insert into Citizen (idno, title, firstname, lastname, dateofbirth, gender) VALUES (4678, '', 'Michael', 'Göbel', '1.1.1963.', 'n');
insert into CandidatesData (idno) VALUES (4678);
insert into Landeslistenplatz (llid, idno, position) VALUES (202, 4678, 10);
insert into Citizen (idno, title, firstname, lastname, dateofbirth, gender) VALUES (4679, '', 'Werner', 'Goedeke', '1.1.1949.', 'n');
insert into CandidatesData (idno) VALUES (4679);
insert into Candidacy (wkid, idno, supportedby) VALUES (242, 4679, 1);
insert into Citizen (idno, title, firstname, lastname, dateofbirth, gender) VALUES (4680, '', 'Britta', 'Göggelmann', '1.1.1992.', 'n');
insert into CandidatesData (idno) VALUES (4680);
insert into Landeslistenplatz (llid, idno, position) VALUES (292, 4680, 12);
insert into Citizen (idno, title, firstname, lastname, dateofbirth, gender) VALUES (4681, '', 'Klaus', 'Göggelmann', '1.1.1960.', 'n');
insert into CandidatesData (idno) VALUES (4681);
insert into Landeslistenplatz (llid, idno, position) VALUES (292, 4681, 22);
insert into Citizen (idno, title, firstname, lastname, dateofbirth, gender) VALUES (4682, '', 'Ute', 'Göggelmann', '1.1.1959.', 'n');
insert into CandidatesData (idno) VALUES (4682);
insert into Landeslistenplatz (llid, idno, position) VALUES (292, 4682, 13);
insert into Citizen (idno, title, firstname, lastname, dateofbirth, gender) VALUES (4683, '', 'Karel', 'Göhler', '1.1.1972.', 'n');
insert into CandidatesData (idno) VALUES (4683);
insert into LandesListe (llid, year, pid, fsid) VALUES (409, 2013, 13, 16);
insert into Landeslistenplatz (llid, idno, position) VALUES (409, 4683, 4);
insert into Citizen (idno, title, firstname, lastname, dateofbirth, gender) VALUES (4684, '', 'Zeki', 'Gökhan', '1.1.1956.', 'n');
insert into CandidatesData (idno) VALUES (4684);
insert into Candidacy (wkid, idno, supportedby) VALUES (182, 4684, 3);
insert into Citizen (idno, title, firstname, lastname, dateofbirth, gender) VALUES (4685, '', 'Carsten', 'Göpfert', '1.1.1973.', 'n');
insert into CandidatesData (idno) VALUES (4685);
insert into Candidacy (wkid, idno, supportedby) VALUES (586, 4685, 7);
insert into Citizen (idno, title, firstname, lastname, dateofbirth, gender) VALUES (4686, '', 'Josef', 'Göppel', '1.1.1950.', 'n');
insert into CandidatesData (idno) VALUES (4686);
insert into Candidacy (wkid, idno, supportedby) VALUES (482, 4686, 9);
insert into Citizen (idno, title, firstname, lastname, dateofbirth, gender) VALUES (4687, '', 'Ludwig', 'Goergens', '1.1.1949.', 'n');
insert into CandidatesData (idno) VALUES (4687);
insert into Landeslistenplatz (llid, idno, position) VALUES (385, 4687, 5);
insert into Citizen (idno, title, firstname, lastname, dateofbirth, gender) VALUES (4688, '', 'Katrin Dagmar', 'Göring-Eckardt', '1.1.1966.', 'n');
insert into CandidatesData (idno) VALUES (4688);
insert into Landeslistenplatz (llid, idno, position) VALUES (348, 4688, 1);
insert into Citizen (idno, title, firstname, lastname, dateofbirth, gender) VALUES (4689, '', 'Veit', 'Göritz', '1.1.1985.', 'n');
insert into CandidatesData (idno) VALUES (4689);
insert into Landeslistenplatz (llid, idno, position) VALUES (354, 4689, 1);
insert into Citizen (idno, title, firstname, lastname, dateofbirth, gender) VALUES (4690, '', 'Uwe Hans', 'Görler', '1.1.1960.', 'n');
insert into CandidatesData (idno) VALUES (4690);
insert into Landeslistenplatz (llid, idno, position) VALUES (380, 4690, 2);
insert into Citizen (idno, title, firstname, lastname, dateofbirth, gender) VALUES (4691, '', 'Rudolf', 'Goerlich', '1.1.1943.', 'n');
insert into CandidatesData (idno) VALUES (4691);
insert into Landeslistenplatz (llid, idno, position) VALUES (265, 4691, 13);
insert into Citizen (idno, title, firstname, lastname, dateofbirth, gender) VALUES (4692, '', 'Horst Günter', 'Görmann', '1.1.1953.', 'n');
insert into CandidatesData (idno) VALUES (4692);
insert into Candidacy (wkid, idno, supportedby) VALUES (110, 4692, 1);
insert into Landeslistenplatz (llid, idno, position) VALUES (357, 4692, 1);
insert into Citizen (idno, title, firstname, lastname, dateofbirth, gender) VALUES (4693, '', 'Uwe Detlev', 'Görnemann', '1.1.1953.', 'n');
insert into CandidatesData (idno) VALUES (4693);
insert into LandesListe (llid, year, pid, fsid) VALUES (410, 2013, 37, 6);
insert into Landeslistenplatz (llid, idno, position) VALUES (410, 4693, 1);
insert into Citizen (idno, title, firstname, lastname, dateofbirth, gender) VALUES (4694, '', 'Steve', 'Görnitz', '1.1.1987.', 'n');
insert into CandidatesData (idno) VALUES (4694);
insert into Candidacy (wkid, idno, supportedby) VALUES (308, 4694, 4);
insert into Landeslistenplatz (llid, idno, position) VALUES (334, 4694, 11);
insert into Citizen (idno, title, firstname, lastname, dateofbirth, gender) VALUES (4695, '', 'Volker', 'Görzel', '1.1.1970.', 'n');
insert into CandidatesData (idno) VALUES (4695);
insert into Candidacy (wkid, idno, supportedby) VALUES (190, 4695, 4);
insert into Landeslistenplatz (llid, idno, position) VALUES (272, 4695, 50);
insert into Citizen (idno, title, firstname, lastname, dateofbirth, gender) VALUES (4696, '', 'Ingo Lutz', 'Göschel', '1.1.1955.', 'n');
insert into CandidatesData (idno) VALUES (4696);
insert into Candidacy (wkid, idno, supportedby) VALUES (330, 4696, 32);
insert into Landeslistenplatz (llid, idno, position) VALUES (391, 4696, 6);
insert into Citizen (idno, title, firstname, lastname, dateofbirth, gender) VALUES (4697, '', 'Michael Gerhard', 'Göschel', '1.1.1975.', 'n');
insert into CandidatesData (idno) VALUES (4697);
insert into Landeslistenplatz (llid, idno, position) VALUES (342, 4697, 5);
insert into Citizen (idno, title, firstname, lastname, dateofbirth, gender) VALUES (4698, '', 'Tobias', 'Göthert', '1.1.1989.', 'n');
insert into CandidatesData (idno) VALUES (4698);
insert into Candidacy (wkid, idno, supportedby) VALUES (324, 4698, 31);
insert into Citizen (idno, title, firstname, lastname, dateofbirth, gender) VALUES (4699, '', 'Tobias', 'Göttling', '1.1.1993.', 'n');
insert into CandidatesData (idno) VALUES (4699);
insert into Landeslistenplatz (llid, idno, position) VALUES (279, 4699, 22);
insert into Citizen (idno, title, firstname, lastname, dateofbirth, gender) VALUES (4700, 'Dr. ', 'Heide', 'Göttner-Abendroth', '1.1.1941.', 'n');
insert into CandidatesData (idno) VALUES (4700);
insert into Landeslistenplatz (llid, idno, position) VALUES (323, 4700, 1);
insert into Citizen (idno, title, firstname, lastname, dateofbirth, gender) VALUES (4701, '', 'Ulrich', 'Goetz', '1.1.1980.', 'n');
insert into CandidatesData (idno) VALUES (4701);
insert into Landeslistenplatz (llid, idno, position) VALUES (201, 4701, 23);
insert into Citizen (idno, title, firstname, lastname, dateofbirth, gender) VALUES (4702, '', 'Bernd', 'Goffart', '1.1.1966.', 'n');
insert into CandidatesData (idno) VALUES (4702);
insert into Landeslistenplatz (llid, idno, position) VALUES (310, 4702, 59);
insert into Citizen (idno, title, firstname, lastname, dateofbirth, gender) VALUES (4703, 'Dr. ', 'Christopher', 'Gohl', '1.1.1974.', 'n');
insert into CandidatesData (idno) VALUES (4703);
insert into Candidacy (wkid, idno, supportedby) VALUES (580, 4703, 4);
insert into Landeslistenplatz (llid, idno, position) VALUES (224, 4703, 15);
insert into Citizen (idno, title, firstname, lastname, dateofbirth, gender) VALUES (4704, '', 'Nicole', 'Gohlke', '1.1.1975.', 'n');
insert into CandidatesData (idno) VALUES (4704);
insert into Candidacy (wkid, idno, supportedby) VALUES (440, 4704, 3);
insert into Landeslistenplatz (llid, idno, position) VALUES (350, 4704, 3);
insert into Citizen (idno, title, firstname, lastname, dateofbirth, gender) VALUES (4705, '', 'Ralf', 'Gold', '1.1.1968.', 'n');
insert into CandidatesData (idno) VALUES (4705);
insert into Candidacy (wkid, idno, supportedby) VALUES (500, 4705, 15);
insert into Citizen (idno, title, firstname, lastname, dateofbirth, gender) VALUES (4706, '', 'Hans-Michael', 'Goldmann', '1.1.1946.', 'n');
insert into CandidatesData (idno) VALUES (4706);
insert into Candidacy (wkid, idno, supportedby) VALUES (50, 4706, 4);
insert into Landeslistenplatz (llid, idno, position) VALUES (301, 4706, 5);
insert into Citizen (idno, title, firstname, lastname, dateofbirth, gender) VALUES (4707, '', 'Hans-Joachim', 'Goldschmidt', '1.1.1950.', 'n');
insert into CandidatesData (idno) VALUES (4707);
insert into LandesListe (llid, year, pid, fsid) VALUES (411, 2013, 37, 1);
insert into Landeslistenplatz (llid, idno, position) VALUES (411, 4707, 3);
insert into Citizen (idno, title, firstname, lastname, dateofbirth, gender) VALUES (4708, '', 'Ulrike', 'Goldstein', '1.1.1976.', 'n');
insert into CandidatesData (idno) VALUES (4708);
insert into Candidacy (wkid, idno, supportedby) VALUES (438, 4708, 5);
insert into Landeslistenplatz (llid, idno, position) VALUES (238, 4708, 27);
insert into Citizen (idno, title, firstname, lastname, dateofbirth, gender) VALUES (4709, '', 'Philipp Simon', 'Goletz', '1.1.1954.', 'n');
insert into CandidatesData (idno) VALUES (4709);
insert into Candidacy (wkid, idno, supportedby) VALUES (480, 4709, 32);
insert into Landeslistenplatz (llid, idno, position) VALUES (206, 4709, 16);
insert into Citizen (idno, title, firstname, lastname, dateofbirth, gender) VALUES (4710, '', 'Heinz', 'Golombeck', '1.1.1948.', 'n');
insert into CandidatesData (idno) VALUES (4710);
insert into Candidacy (wkid, idno, supportedby) VALUES (542, 4710, 4);
insert into Landeslistenplatz (llid, idno, position) VALUES (224, 4710, 27);
insert into Citizen (idno, title, firstname, lastname, dateofbirth, gender) VALUES (4711, '', 'Diana Hertha', 'Golze', '1.1.1975.', 'n');
insert into CandidatesData (idno) VALUES (4711);
insert into Candidacy (wkid, idno, supportedby) VALUES (120, 4711, 3);
insert into LandesListe (llid, year, pid, fsid) VALUES (412, 2013, 3, 14);
insert into Landeslistenplatz (llid, idno, position) VALUES (412, 4711, 1);
insert into Citizen (idno, title, firstname, lastname, dateofbirth, gender) VALUES (4712, '', 'Charlotte', 'Gornik', '1.1.1944.', 'n');
insert into CandidatesData (idno) VALUES (4712);
insert into Landeslistenplatz (llid, idno, position) VALUES (228, 4712, 20);
insert into Citizen (idno, title, firstname, lastname, dateofbirth, gender) VALUES (4713, '', 'Daniel', 'Gorsler', '1.1.1986.', 'n');
insert into CandidatesData (idno) VALUES (4713);
insert into Landeslistenplatz (llid, idno, position) VALUES (239, 4713, 9);
insert into Citizen (idno, title, firstname, lastname, dateofbirth, gender) VALUES (4714, '', 'Wilhelm', 'Gottberg von', '1.1.1940.', 'n');
insert into CandidatesData (idno) VALUES (4714);
insert into Landeslistenplatz (llid, idno, position) VALUES (203, 4714, 8);
insert into Citizen (idno, title, firstname, lastname, dateofbirth, gender) VALUES (4715, '', 'Jörg', 'Gottesleben', '1.1.1968.', 'n');
insert into CandidatesData (idno) VALUES (4715);
insert into Landeslistenplatz (llid, idno, position) VALUES (319, 4715, 9);
insert into Citizen (idno, title, firstname, lastname, dateofbirth, gender) VALUES (4716, '', 'Ulrike', 'Gottschalck', '1.1.1955.', 'n');
insert into CandidatesData (idno) VALUES (4716);
insert into Candidacy (wkid, idno, supportedby) VALUES (336, 4716, 2);
insert into Landeslistenplatz (llid, idno, position) VALUES (227, 4716, 10);
insert into Citizen (idno, title, firstname, lastname, dateofbirth, gender) VALUES (4717, '', 'Kay', 'Gottschalk', '1.1.1965.', 'n');
insert into CandidatesData (idno) VALUES (4717);
insert into Candidacy (wkid, idno, supportedby) VALUES (36, 4717, 33);
insert into LandesListe (llid, year, pid, fsid) VALUES (413, 2013, 33, 8);
insert into Landeslistenplatz (llid, idno, position) VALUES (413, 4717, 2);
insert into Citizen (idno, title, firstname, lastname, dateofbirth, gender) VALUES (4718, '', 'Andreas', 'Graaf', '1.1.1982.', 'n');
insert into CandidatesData (idno) VALUES (4718);
insert into Candidacy (wkid, idno, supportedby) VALUES (208, 4718, 7);
insert into Landeslistenplatz (llid, idno, position) VALUES (248, 4718, 7);
insert into Citizen (idno, title, firstname, lastname, dateofbirth, gender) VALUES (4719, '', 'Gabriel', 'Graber', '1.1.1980.', 'n');
insert into CandidatesData (idno) VALUES (4719);
insert into Landeslistenplatz (llid, idno, position) VALUES (223, 4719, 2);
insert into Citizen (idno, title, firstname, lastname, dateofbirth, gender) VALUES (4720, '', 'Wolfgang', 'Grader', '1.1.1960.', 'n');
insert into CandidatesData (idno) VALUES (4720);
insert into Candidacy (wkid, idno, supportedby) VALUES (472, 4720, 5);
insert into Landeslistenplatz (llid, idno, position) VALUES (238, 4720, 40);
insert into Citizen (idno, title, firstname, lastname, dateofbirth, gender) VALUES (4721, '', 'Josiane Insa Thembi', 'Gräntzdörffer', '1.1.1984.', 'n');
insert into CandidatesData (idno) VALUES (4721);
insert into Candidacy (wkid, idno, supportedby) VALUES (38, 4721, 7);
insert into Landeslistenplatz (llid, idno, position) VALUES (215, 4721, 3);
insert into Citizen (idno, title, firstname, lastname, dateofbirth, gender) VALUES (4722, '', 'Hans-Jürgen', 'Graf', '1.1.1969.', 'n');
insert into CandidatesData (idno) VALUES (4722);
insert into Landeslistenplatz (llid, idno, position) VALUES (271, 4722, 12);
insert into Citizen (idno, title, firstname, lastname, dateofbirth, gender) VALUES (4723, '', 'Irina', 'Graf', '1.1.1961.', 'n');
insert into CandidatesData (idno) VALUES (4723);
insert into Candidacy (wkid, idno, supportedby) VALUES (432, 4723, 3);
insert into Landeslistenplatz (llid, idno, position) VALUES (350, 4723, 15);
insert into Citizen (idno, title, firstname, lastname, dateofbirth, gender) VALUES (4724, '', 'Josef', 'Graf', '1.1.1960.', 'n');
insert into CandidatesData (idno) VALUES (4724);
insert into Candidacy (wkid, idno, supportedby) VALUES (158, 4724, 1);
insert into Citizen (idno, title, firstname, lastname, dateofbirth, gender) VALUES (4725, '', 'René David', 'Grahn', '1.1.1992.', 'n');
insert into CandidatesData (idno) VALUES (4725);
insert into Candidacy (wkid, idno, supportedby) VALUES (90, 4725, 1);
insert into Landeslistenplatz (llid, idno, position) VALUES (347, 4725, 9);
insert into Citizen (idno, title, firstname, lastname, dateofbirth, gender) VALUES (4726, '', 'Thomas', 'Grambow', '1.1.1963.', 'n');
insert into CandidatesData (idno) VALUES (4726);
insert into Landeslistenplatz (llid, idno, position) VALUES (242, 4726, 51);
insert into Citizen (idno, title, firstname, lastname, dateofbirth, gender) VALUES (4727, '', 'Johannes Dieter', 'Gramm', '1.1.1964.', 'n');
insert into CandidatesData (idno) VALUES (4727);
insert into Candidacy (wkid, idno, supportedby) VALUES (240, 4727, NULL);
insert into Citizen (idno, title, firstname, lastname, dateofbirth, gender) VALUES (4728, '', 'Dorothee', 'Granderath', '1.1.1966.', 'n');
insert into CandidatesData (idno) VALUES (4728);
insert into Candidacy (wkid, idno, supportedby) VALUES (566, 4728, 5);
insert into Landeslistenplatz (llid, idno, position) VALUES (234, 4728, 33);
insert into Citizen (idno, title, firstname, lastname, dateofbirth, gender) VALUES (4729, '', 'Bruno', 'Granser', '1.1.1953.', 'n');
insert into CandidatesData (idno) VALUES (4729);
insert into Landeslistenplatz (llid, idno, position) VALUES (358, 4729, 13);
insert into Citizen (idno, title, firstname, lastname, dateofbirth, gender) VALUES (4730, '', 'Klaus Alfons', 'Gras', '1.1.1953.', 'n');
insert into CandidatesData (idno) VALUES (4730);
insert into Candidacy (wkid, idno, supportedby) VALUES (420, 4730, 1);
insert into Citizen (idno, title, firstname, lastname, dateofbirth, gender) VALUES (4731, '', 'Daniel-Enrico', 'Grasenack-Tente', '1.1.1984.', 'n');
insert into CandidatesData (idno) VALUES (4731);
insert into Candidacy (wkid, idno, supportedby) VALUES (172, 4731, 10);
insert into Landeslistenplatz (llid, idno, position) VALUES (356, 4731, 7);
insert into Citizen (idno, title, firstname, lastname, dateofbirth, gender) VALUES (4732, 'Dr. ', 'Andreas', 'Graudin', '1.1.1965.', 'n');
insert into CandidatesData (idno) VALUES (4732);
insert into Landeslistenplatz (llid, idno, position) VALUES (311, 4732, 1);
insert into Citizen (idno, title, firstname, lastname, dateofbirth, gender) VALUES (4733, '', 'Oliver', 'Graue', '1.1.1967.', 'n');
insert into CandidatesData (idno) VALUES (4733);
insert into Landeslistenplatz (llid, idno, position) VALUES (296, 4733, 4);
insert into Citizen (idno, title, firstname, lastname, dateofbirth, gender) VALUES (4734, '', 'Richard', 'Graupner', '1.1.1963.', 'n');
insert into CandidatesData (idno) VALUES (4734);
insert into Landeslistenplatz (llid, idno, position) VALUES (213, 4734, 10);
insert into Citizen (idno, title, firstname, lastname, dateofbirth, gender) VALUES (4735, '', 'Annette', 'Greilich', '1.1.1958.', 'n');
insert into CandidatesData (idno) VALUES (4735);
insert into Landeslistenplatz (llid, idno, position) VALUES (290, 4735, 38);
insert into Citizen (idno, title, firstname, lastname, dateofbirth, gender) VALUES (4736, '', 'Oswald Emil', 'Greim', '1.1.1954.', 'n');
insert into CandidatesData (idno) VALUES (4736);
insert into Candidacy (wkid, idno, supportedby) VALUES (490, 4736, 3);
insert into Citizen (idno, title, firstname, lastname, dateofbirth, gender) VALUES (4737, '', 'Thomas', 'Grein', '1.1.1960.', 'n');
insert into CandidatesData (idno) VALUES (4737);
insert into Candidacy (wkid, idno, supportedby) VALUES (564, 4737, 3);
insert into Citizen (idno, title, firstname, lastname, dateofbirth, gender) VALUES (4738, '', 'Werner Otto', 'Greipel', '1.1.1949.', 'n');
insert into CandidatesData (idno) VALUES (4738);
insert into Candidacy (wkid, idno, supportedby) VALUES (582, 4738, 33);
insert into Citizen (idno, title, firstname, lastname, dateofbirth, gender) VALUES (4739, 'Dr. ', 'Bernhard', 'Gremmler', '1.1.1948.', 'n');
insert into CandidatesData (idno) VALUES (4739);
insert into Landeslistenplatz (llid, idno, position) VALUES (257, 4739, 8);
insert into Citizen (idno, title, firstname, lastname, dateofbirth, gender) VALUES (4740, '', 'Simon Martin', 'Gremmler', '1.1.1983.', 'n');
insert into CandidatesData (idno) VALUES (4740);
insert into Landeslistenplatz (llid, idno, position) VALUES (257, 4740, 5);
insert into Citizen (idno, title, firstname, lastname, dateofbirth, gender) VALUES (4741, '', 'Frank', 'Grenda', '1.1.1967.', 'n');
insert into CandidatesData (idno) VALUES (4741);
insert into Candidacy (wkid, idno, supportedby) VALUES (212, 4741, 7);
insert into Citizen (idno, title, firstname, lastname, dateofbirth, gender) VALUES (4742, '', 'Thomas', 'Grey', '1.1.1975.', 'n');
insert into CandidatesData (idno) VALUES (4742);
insert into Landeslistenplatz (llid, idno, position) VALUES (211, 4742, 4);
insert into Citizen (idno, title, firstname, lastname, dateofbirth, gender) VALUES (4743, '', 'Bernhard', 'Grieb', '1.1.1969.', 'n');
insert into CandidatesData (idno) VALUES (4743);
insert into Landeslistenplatz (llid, idno, position) VALUES (265, 4743, 21);
insert into Citizen (idno, title, firstname, lastname, dateofbirth, gender) VALUES (4744, '', 'Joachim Robert Maria', 'Griesbaum', '1.1.1955.', 'n');
insert into CandidatesData (idno) VALUES (4744);
insert into Landeslistenplatz (llid, idno, position) VALUES (264, 4744, 1);
insert into Citizen (idno, title, firstname, lastname, dateofbirth, gender) VALUES (4745, '', 'Kerstin', 'Griese', '1.1.1966.', 'n');
insert into CandidatesData (idno) VALUES (4745);
insert into Candidacy (wkid, idno, supportedby) VALUES (210, 4745, 2);
insert into Landeslistenplatz (llid, idno, position) VALUES (246, 4745, 8);
insert into Citizen (idno, title, firstname, lastname, dateofbirth, gender) VALUES (4746, '', 'Christoph Herbert Walter', 'Grimm', '1.1.1957.', 'n');
insert into CandidatesData (idno) VALUES (4746);
insert into Landeslistenplatz (llid, idno, position) VALUES (405, 4746, 2);
insert into Citizen (idno, title, firstname, lastname, dateofbirth, gender) VALUES (4747, '', 'Ulrike Eleonore', 'Grimm', '1.1.1962.', 'n');
insert into CandidatesData (idno) VALUES (4747);
insert into Landeslistenplatz (llid, idno, position) VALUES (220, 4747, 49);
insert into Citizen (idno, title, firstname, lastname, dateofbirth, gender) VALUES (4748, '', 'Reinhard Dieter', 'Grindel', '1.1.1961.', 'n');
insert into CandidatesData (idno) VALUES (4748);
insert into Candidacy (wkid, idno, supportedby) VALUES (70, 4748, 12);
insert into Landeslistenplatz (llid, idno, position) VALUES (217, 4748, 9);
insert into Citizen (idno, title, firstname, lastname, dateofbirth, gender) VALUES (4749, '', 'Ursula', 'Groden-Kranich', '1.1.1965.', 'n');
insert into CandidatesData (idno) VALUES (4749);
insert into Candidacy (wkid, idno, supportedby) VALUES (412, 4749, 12);
insert into Landeslistenplatz (llid, idno, position) VALUES (312, 4749, 15);
insert into Citizen (idno, title, firstname, lastname, dateofbirth, gender) VALUES (4750, '', 'Hermann', 'Gröhe', '1.1.1961.', 'n');
insert into CandidatesData (idno) VALUES (4750);
insert into Candidacy (wkid, idno, supportedby) VALUES (216, 4750, 12);
insert into Landeslistenplatz (llid, idno, position) VALUES (310, 4750, 4);
insert into Citizen (idno, title, firstname, lastname, dateofbirth, gender) VALUES (4751, '', 'Klaus-Dieter', 'Gröhler', '1.1.1966.', 'n');
insert into CandidatesData (idno) VALUES (4751);
insert into Candidacy (wkid, idno, supportedby) VALUES (160, 4751, 12);
insert into Citizen (idno, title, firstname, lastname, dateofbirth, gender) VALUES (4752, '', 'Friedrich', 'Gröner', '1.1.1947.', 'n');
insert into CandidatesData (idno) VALUES (4752);
insert into Landeslistenplatz (llid, idno, position) VALUES (326, 4752, 7);
insert into Citizen (idno, title, firstname, lastname, dateofbirth, gender) VALUES (4753, '', 'Hinrich', 'Groeneveld', '1.1.1958.', 'n');
insert into CandidatesData (idno) VALUES (4753);
insert into Candidacy (wkid, idno, supportedby) VALUES (430, 4753, 32);
insert into Landeslistenplatz (llid, idno, position) VALUES (206, 4753, 31);
insert into Citizen (idno, title, firstname, lastname, dateofbirth, gender) VALUES (4754, '', 'Uli', 'Grötsch', '1.1.1975.', 'n');
insert into CandidatesData (idno) VALUES (4754);
insert into Candidacy (wkid, idno, supportedby) VALUES (470, 4754, 2);
insert into Landeslistenplatz (llid, idno, position) VALUES (260, 4754, 15);
insert into Citizen (idno, title, firstname, lastname, dateofbirth, gender) VALUES (4755, '', 'Ingo', 'Grötze', '1.1.1969.', 'n');
insert into CandidatesData (idno) VALUES (4755);
insert into Candidacy (wkid, idno, supportedby) VALUES (142, 4755, 5);
insert into Citizen (idno, title, firstname, lastname, dateofbirth, gender) VALUES (4756, '', 'Manfred', 'Grötzsch', '1.1.1946.', 'n');
insert into CandidatesData (idno) VALUES (4756);
insert into Landeslistenplatz (llid, idno, position) VALUES (353, 4756, 5);
insert into Citizen (idno, title, firstname, lastname, dateofbirth, gender) VALUES (4757, '', 'Stefan', 'Grötzsch', '1.1.1986.', 'n');
insert into CandidatesData (idno) VALUES (4757);
insert into Landeslistenplatz (llid, idno, position) VALUES (252, 4757, 9);
insert into Citizen (idno, title, firstname, lastname, dateofbirth, gender) VALUES (4758, '', 'Raphael', 'Grohganz', '1.1.1952.', 'n');
insert into CandidatesData (idno) VALUES (4758);
insert into Landeslistenplatz (llid, idno, position) VALUES (262, 4758, 28);
insert into Citizen (idno, title, firstname, lastname, dateofbirth, gender) VALUES (4759, '', 'Franz', 'Groll', '1.1.1943.', 'n');
insert into CandidatesData (idno) VALUES (4759);
insert into Candidacy (wkid, idno, supportedby) VALUES (560, 4759, 3);
insert into Citizen (idno, title, firstname, lastname, dateofbirth, gender) VALUES (4760, '', 'Gabriele', 'Groneberg', '1.1.1955.', 'n');
insert into CandidatesData (idno) VALUES (4760);
insert into Candidacy (wkid, idno, supportedby) VALUES (64, 4760, 2);
insert into Landeslistenplatz (llid, idno, position) VALUES (242, 4760, 22);
insert into Citizen (idno, title, firstname, lastname, dateofbirth, gender) VALUES (4761, '', 'Michael Peter', 'Groß', '1.1.1956.', 'n');
insert into CandidatesData (idno) VALUES (4761);
insert into Candidacy (wkid, idno, supportedby) VALUES (244, 4761, 2);
insert into Landeslistenplatz (llid, idno, position) VALUES (246, 4761, 40);
insert into Citizen (idno, title, firstname, lastname, dateofbirth, gender) VALUES (4762, '', 'Steffen', 'Große', '1.1.1967.', 'n');
insert into CandidatesData (idno) VALUES (4762);
insert into Candidacy (wkid, idno, supportedby) VALUES (320, 4762, 32);
insert into Landeslistenplatz (llid, idno, position) VALUES (391, 4762, 4);
insert into Citizen (idno, title, firstname, lastname, dateofbirth, gender) VALUES (4763, '', 'Michael', 'Grosse-Brömer', '1.1.1960.', 'n');
insert into CandidatesData (idno) VALUES (4763);
insert into Candidacy (wkid, idno, supportedby) VALUES (72, 4763, 12);
insert into Landeslistenplatz (llid, idno, position) VALUES (217, 4763, 2);
insert into Citizen (idno, title, firstname, lastname, dateofbirth, gender) VALUES (4764, '', 'Lüder', 'Grosser', '1.1.1973.', 'n');
insert into CandidatesData (idno) VALUES (4764);
insert into Landeslistenplatz (llid, idno, position) VALUES (326, 4764, 8);
insert into Citizen (idno, title, firstname, lastname, dateofbirth, gender) VALUES (4765, '', 'Marc', 'Großjean', '1.1.1986.', 'n');
insert into CandidatesData (idno) VALUES (4765);
insert into Candidacy (wkid, idno, supportedby) VALUES (592, 4765, 7);
insert into Landeslistenplatz (llid, idno, position) VALUES (397, 4765, 2);
insert into Citizen (idno, title, firstname, lastname, dateofbirth, gender) VALUES (4766, '', 'Burghard', 'Grote', '1.1.1946.', 'n');
insert into CandidatesData (idno) VALUES (4766);
insert into Candidacy (wkid, idno, supportedby) VALUES (268, 4766, 5);
insert into Citizen (idno, title, firstname, lastname, dateofbirth, gender) VALUES (4767, '', 'Astrid', 'Grotelüschen', '1.1.1964.', 'n');
insert into CandidatesData (idno) VALUES (4767);
insert into Candidacy (wkid, idno, supportedby) VALUES (56, 4767, 12);
insert into Landeslistenplatz (llid, idno, position) VALUES (217, 4767, 11);
insert into Citizen (idno, title, firstname, lastname, dateofbirth, gender) VALUES (4768, '', 'Annette', 'Groth', '1.1.1954.', 'n');
insert into CandidatesData (idno) VALUES (4768);
insert into Candidacy (wkid, idno, supportedby) VALUES (586, 4768, 3);
insert into Landeslistenplatz (llid, idno, position) VALUES (324, 4768, 5);
insert into Citizen (idno, title, firstname, lastname, dateofbirth, gender) VALUES (4769, '', 'Oliver', 'Grube', '1.1.1970.', 'n');
insert into CandidatesData (idno) VALUES (4769);
insert into Candidacy (wkid, idno, supportedby) VALUES (16, 4769, 7);
insert into Landeslistenplatz (llid, idno, position) VALUES (368, 4769, 2);
insert into Citizen (idno, title, firstname, lastname, dateofbirth, gender) VALUES (4770, '', 'Daniel', 'Gruber', '1.1.1987.', 'n');
insert into CandidatesData (idno) VALUES (4770);
insert into Candidacy (wkid, idno, supportedby) VALUES (482, 4770, 7);
insert into Citizen (idno, title, firstname, lastname, dateofbirth, gender) VALUES (4771, '', 'Sabine Ursula', 'Gruber', '1.1.1959.', 'n');
insert into CandidatesData (idno) VALUES (4771);
insert into Landeslistenplatz (llid, idno, position) VALUES (204, 4771, 28);
insert into Citizen (idno, title, firstname, lastname, dateofbirth, gender) VALUES (4772, '', 'Markus', 'Grübel', '1.1.1959.', 'n');
insert into CandidatesData (idno) VALUES (4772);
insert into Candidacy (wkid, idno, supportedby) VALUES (522, 4772, 12);
insert into Citizen (idno, title, firstname, lastname, dateofbirth, gender) VALUES (4773, '', 'Matthias', 'Grüllich-Mack', '1.1.1966.', 'n');
insert into CandidatesData (idno) VALUES (4773);
insert into Landeslistenplatz (llid, idno, position) VALUES (221, 4773, 17);
insert into Citizen (idno, title, firstname, lastname, dateofbirth, gender) VALUES (4774, '', 'Birgitta', 'Gründler', '1.1.1961.', 'n');
insert into CandidatesData (idno) VALUES (4774);
insert into Candidacy (wkid, idno, supportedby) VALUES (316, 4774, 10);
insert into Citizen (idno, title, firstname, lastname, dateofbirth, gender) VALUES (4775, '', 'Michael Johannes', 'Gründler', '1.1.1958.', 'n');
insert into CandidatesData (idno) VALUES (4775);
insert into Candidacy (wkid, idno, supportedby) VALUES (318, 4775, 10);
insert into Landeslistenplatz (llid, idno, position) VALUES (353, 4775, 1);
insert into Citizen (idno, title, firstname, lastname, dateofbirth, gender) VALUES (4776, '', 'Anton', 'Grüner', '1.1.1951.', 'n');
insert into CandidatesData (idno) VALUES (4776);
insert into Landeslistenplatz (llid, idno, position) VALUES (213, 4776, 6);
insert into Citizen (idno, title, firstname, lastname, dateofbirth, gender) VALUES (4777, '', 'Heinz Werner', 'Grünewald', '1.1.1962.', 'n');
insert into CandidatesData (idno) VALUES (4777);
insert into LandesListe (llid, year, pid, fsid) VALUES (414, 2013, 1, 7);
insert into Landeslistenplatz (llid, idno, position) VALUES (414, 4777, 4);
insert into Citizen (idno, title, firstname, lastname, dateofbirth, gender) VALUES (4778, '', 'Kai', 'Grünler', '1.1.1971.', 'n');
insert into CandidatesData (idno) VALUES (4778);
insert into Candidacy (wkid, idno, supportedby) VALUES (332, 4778, 7);
insert into Landeslistenplatz (llid, idno, position) VALUES (258, 4778, 14);
insert into Citizen (idno, title, firstname, lastname, dateofbirth, gender) VALUES (4779, '', 'Monika', 'Grütters', '1.1.1962.', 'n');
insert into CandidatesData (idno) VALUES (4779);
insert into Candidacy (wkid, idno, supportedby) VALUES (170, 4779, 12);
insert into Landeslistenplatz (llid, idno, position) VALUES (291, 4779, 1);
insert into Citizen (idno, title, firstname, lastname, dateofbirth, gender) VALUES (4780, '', 'Horst Josef Walter', 'Grumich', '1.1.1950.', 'n');
insert into CandidatesData (idno) VALUES (4780);
insert into Candidacy (wkid, idno, supportedby) VALUES (272, 4780, 4);
insert into Landeslistenplatz (llid, idno, position) VALUES (272, 4780, 56);
insert into Citizen (idno, title, firstname, lastname, dateofbirth, gender) VALUES (4781, '', 'Manfred', 'Grund', '1.1.1955.', 'n');
insert into CandidatesData (idno) VALUES (4781);
insert into Candidacy (wkid, idno, supportedby) VALUES (378, 4781, 12);
insert into Landeslistenplatz (llid, idno, position) VALUES (388, 4781, 1);
insert into Citizen (idno, title, firstname, lastname, dateofbirth, gender) VALUES (4782, '', 'Bastian', 'Grundmann', '1.1.1982.', 'n');
insert into CandidatesData (idno) VALUES (4782);
insert into Candidacy (wkid, idno, supportedby) VALUES (10, 4782, 7);
insert into Citizen (idno, title, firstname, lastname, dateofbirth, gender) VALUES (4783, '', 'Oliver', 'Grundmann', '1.1.1971.', 'n');
insert into CandidatesData (idno) VALUES (4783);
insert into Candidacy (wkid, idno, supportedby) VALUES (60, 4783, 12);
insert into Landeslistenplatz (llid, idno, position) VALUES (217, 4783, 20);
insert into Citizen (idno, title, firstname, lastname, dateofbirth, gender) VALUES (4784, '', 'Stefanie', 'Gruner', '1.1.1980.', 'n');
insert into CandidatesData (idno) VALUES (4784);
insert into Candidacy (wkid, idno, supportedby) VALUES (304, 4784, 5);
insert into Landeslistenplatz (llid, idno, position) VALUES (361, 4784, 7);
insert into Citizen (idno, title, firstname, lastname, dateofbirth, gender) VALUES (4785, '', 'Benno', 'Grunert', '1.1.1935.', 'n');
insert into CandidatesData (idno) VALUES (4785);
insert into Candidacy (wkid, idno, supportedby) VALUES (538, 4785, 1);
insert into Citizen (idno, title, firstname, lastname, dateofbirth, gender) VALUES (4786, '', 'Jörg', 'Grunert', '1.1.1966.', 'n');
insert into CandidatesData (idno) VALUES (4786);
insert into Candidacy (wkid, idno, supportedby) VALUES (76, 4786, 32);
insert into Citizen (idno, title, firstname, lastname, dateofbirth, gender) VALUES (4787, '', 'Michael', 'Grunzel', '1.1.1969.', 'n');
insert into CandidatesData (idno) VALUES (4787);
insert into Candidacy (wkid, idno, supportedby) VALUES (136, 4787, 1);
insert into Landeslistenplatz (llid, idno, position) VALUES (211, 4787, 5);
insert into Citizen (idno, title, firstname, lastname, dateofbirth, gender) VALUES (4788, '', 'Alexander', 'Grupe', '1.1.1978.', 'n');
insert into CandidatesData (idno) VALUES (4788);
insert into Landeslistenplatz (llid, idno, position) VALUES (309, 4788, 1);
insert into Citizen (idno, title, firstname, lastname, dateofbirth, gender) VALUES (4789, '', 'Miriam', 'Gruß', '1.1.1975.', 'n');
insert into CandidatesData (idno) VALUES (4789);
insert into Candidacy (wkid, idno, supportedby) VALUES (504, 4789, 4);
insert into Landeslistenplatz (llid, idno, position) VALUES (276, 4789, 3);
insert into Citizen (idno, title, firstname, lastname, dateofbirth, gender) VALUES (4790, '', 'Oliver', 'Guckenbiehl', '1.1.1982.', 'n');
insert into CandidatesData (idno) VALUES (4790);
insert into Landeslistenplatz (llid, idno, position) VALUES (244, 4790, 34);
insert into Citizen (idno, title, firstname, lastname, dateofbirth, gender) VALUES (4791, '', 'Andreas', 'Guckert', '1.1.1980.', 'n');
insert into CandidatesData (idno) VALUES (4791);
insert into Candidacy (wkid, idno, supportedby) VALUES (598, 4791, 7);
insert into Landeslistenplatz (llid, idno, position) VALUES (397, 4791, 5);
insert into Citizen (idno, title, firstname, lastname, dateofbirth, gender) VALUES (4792, '', 'Ute', 'Gudella de Graaf', '1.1.1958.', 'n');
insert into CandidatesData (idno) VALUES (4792);
insert into Landeslistenplatz (llid, idno, position) VALUES (242, 4792, 52);
insert into Citizen (idno, title, firstname, lastname, dateofbirth, gender) VALUES (4793, 'Dr. ', 'Erik', 'Gührs', '1.1.1982.', 'n');
insert into CandidatesData (idno) VALUES (4793);
insert into Candidacy (wkid, idno, supportedby) VALUES (172, 4793, 2);
insert into Landeslistenplatz (llid, idno, position) VALUES (355, 4793, 10);
insert into Citizen (idno, title, firstname, lastname, dateofbirth, gender) VALUES (4794, '', 'Hans-Jürgen', 'Güllich', '1.1.1962.', 'n');
insert into CandidatesData (idno) VALUES (4794);
insert into Candidacy (wkid, idno, supportedby) VALUES (566, 4794, 1);
insert into Citizen (idno, title, firstname, lastname, dateofbirth, gender) VALUES (4795, '', 'Reinhard', 'Günther', '1.1.1944.', 'n');
insert into CandidatesData (idno) VALUES (4795);
insert into Candidacy (wkid, idno, supportedby) VALUES (560, 4795, 4);
insert into Landeslistenplatz (llid, idno, position) VALUES (224, 4795, 35);
insert into Citizen (idno, title, firstname, lastname, dateofbirth, gender) VALUES (4796, '', 'Thomas Joachim', 'Günther', '1.1.1951.', 'n');
insert into CandidatesData (idno) VALUES (4796);
insert into Landeslistenplatz (llid, idno, position) VALUES (409, 4796, 3);
insert into Citizen (idno, title, firstname, lastname, dateofbirth, gender) VALUES (4797, '', 'Uwe', 'Günther', '1.1.1932.', 'n');
insert into CandidatesData (idno) VALUES (4797);
insert into LandesListe (llid, year, pid, fsid) VALUES (415, 2013, 18, 13);
insert into Landeslistenplatz (llid, idno, position) VALUES (415, 4797, 2);
insert into Citizen (idno, title, firstname, lastname, dateofbirth, gender) VALUES (4798, '', 'Fritz', 'Güntzler', '1.1.1966.', 'n');
insert into CandidatesData (idno) VALUES (4798);
insert into Candidacy (wkid, idno, supportedby) VALUES (106, 4798, 12);
insert into Landeslistenplatz (llid, idno, position) VALUES (217, 4798, 10);
insert into Citizen (idno, title, firstname, lastname, dateofbirth, gender) VALUES (4799, '', 'Rüdiger', 'Gums', '1.1.1959.', 'n');
insert into CandidatesData (idno) VALUES (4799);
insert into Candidacy (wkid, idno, supportedby) VALUES (66, 4799, NULL);
insert into Citizen (idno, title, firstname, lastname, dateofbirth, gender) VALUES (4800, 'Dr. ', 'Herlind Magdalena', 'Gundelach', '1.1.1949.', 'n');
insert into CandidatesData (idno) VALUES (4800);
insert into Candidacy (wkid, idno, supportedby) VALUES (46, 4800, 12);
insert into Landeslistenplatz (llid, idno, position) VALUES (398, 4800, 3);
insert into Citizen (idno, title, firstname, lastname, dateofbirth, gender) VALUES (4801, '', 'Thomas', 'Gundelbacher', '1.1.1964.', 'n');
insert into CandidatesData (idno) VALUES (4801);
insert into Candidacy (wkid, idno, supportedby) VALUES (94, 4801, 7);
insert into Citizen (idno, title, firstname, lastname, dateofbirth, gender) VALUES (4802, '', 'Angelika Eleonore Wilhelmine', 'Gunkel', '1.1.1955.', 'n');
insert into CandidatesData (idno) VALUES (4802);
insert into Candidacy (wkid, idno, supportedby) VALUES (360, 4802, 5);
insert into Landeslistenplatz (llid, idno, position) VALUES (318, 4802, 19);
insert into Citizen (idno, title, firstname, lastname, dateofbirth, gender) VALUES (4803, '', 'Wolfgang Michael', 'Gunkel', '1.1.1947.', 'n');
insert into CandidatesData (idno) VALUES (4803);
insert into Candidacy (wkid, idno, supportedby) VALUES (328, 4803, 2);
insert into Landeslistenplatz (llid, idno, position) VALUES (329, 4803, 5);
insert into Citizen (idno, title, firstname, lastname, dateofbirth, gender) VALUES (4804, '', 'Ditte', 'Gurack', '1.1.1973.', 'n');
insert into CandidatesData (idno) VALUES (4804);
insert into Landeslistenplatz (llid, idno, position) VALUES (256, 4804, 25);
insert into Citizen (idno, title, firstname, lastname, dateofbirth, gender) VALUES (4805, '', 'Alexander', 'Gutsch', '1.1.1989.', 'n');
insert into CandidatesData (idno) VALUES (4805);
insert into Candidacy (wkid, idno, supportedby) VALUES (270, 4805, NULL);
insert into Citizen (idno, title, firstname, lastname, dateofbirth, gender) VALUES (4806, '', 'Hermann Josef Andreas', 'Gutsche', '1.1.1954.', 'n');
insert into CandidatesData (idno) VALUES (4806);
insert into Candidacy (wkid, idno, supportedby) VALUES (10, 4806, 1);
insert into LandesListe (llid, year, pid, fsid) VALUES (416, 2013, 1, 13);
insert into Landeslistenplatz (llid, idno, position) VALUES (416, 4806, 2);
insert into Citizen (idno, title, firstname, lastname, dateofbirth, gender) VALUES (4807, '', 'Olav Steffen', 'Gutting', '1.1.1970.', 'n');
insert into CandidatesData (idno) VALUES (4807);
insert into Candidacy (wkid, idno, supportedby) VALUES (556, 4807, 12);
insert into Citizen (idno, title, firstname, lastname, dateofbirth, gender) VALUES (4808, '', 'Joachim Josef', 'Guzy', '1.1.1958.', 'n');
insert into CandidatesData (idno) VALUES (4808);
insert into Candidacy (wkid, idno, supportedby) VALUES (318, 4808, 32);
insert into Landeslistenplatz (llid, idno, position) VALUES (391, 4808, 7);
insert into Citizen (idno, title, firstname, lastname, dateofbirth, gender) VALUES (4809, 'Dr. ', 'Gregor', 'Gysi', '1.1.1948.', 'n');
insert into CandidatesData (idno) VALUES (4809);
insert into Candidacy (wkid, idno, supportedby) VALUES (168, 4809, 3);
insert into Landeslistenplatz (llid, idno, position) VALUES (372, 4809, 1);
insert into Citizen (idno, title, firstname, lastname, dateofbirth, gender) VALUES (4810, '', 'Andreas', 'Haack', '1.1.1979.', 'n');
insert into CandidatesData (idno) VALUES (4810);
insert into Candidacy (wkid, idno, supportedby) VALUES (58, 4810, 1);
insert into Citizen (idno, title, firstname, lastname, dateofbirth, gender) VALUES (4811, '', 'Rainer', 'Haag', '1.1.1962.', 'n');
insert into CandidatesData (idno) VALUES (4811);
insert into Candidacy (wkid, idno, supportedby) VALUES (542, 4811, 19);
insert into Landeslistenplatz (llid, idno, position) VALUES (358, 4811, 11);
insert into Citizen (idno, title, firstname, lastname, dateofbirth, gender) VALUES (4812, '', 'Gert', 'Haage', '1.1.1948.', 'n');
insert into CandidatesData (idno) VALUES (4812);
insert into Landeslistenplatz (llid, idno, position) VALUES (391, 4812, 9);
insert into Citizen (idno, title, firstname, lastname, dateofbirth, gender) VALUES (4813, '', 'Kerstin', 'Haarmann', '1.1.1966.', 'n');
insert into CandidatesData (idno) VALUES (4813);
insert into Candidacy (wkid, idno, supportedby) VALUES (274, 4813, 5);
insert into Landeslistenplatz (llid, idno, position) VALUES (256, 4813, 23);
insert into Citizen (idno, title, firstname, lastname, dateofbirth, gender) VALUES (4814, '', 'Angelika', 'Haas', '1.1.1941.', 'n');
insert into CandidatesData (idno) VALUES (4814);
insert into Landeslistenplatz (llid, idno, position) VALUES (213, 4814, 49);
insert into Citizen (idno, title, firstname, lastname, dateofbirth, gender) VALUES (4815, '', 'Christian', 'Haase', '1.1.1966.', 'n');
insert into CandidatesData (idno) VALUES (4815);
insert into Candidacy (wkid, idno, supportedby) VALUES (272, 4815, 12);
insert into Citizen (idno, title, firstname, lastname, dateofbirth, gender) VALUES (4816, '', 'Martin', 'Haase', '1.1.1955.', 'n');
insert into CandidatesData (idno) VALUES (4816);
insert into Candidacy (wkid, idno, supportedby) VALUES (200, 4816, 33);
insert into Landeslistenplatz (llid, idno, position) VALUES (253, 4816, 12);
insert into Citizen (idno, title, firstname, lastname, dateofbirth, gender) VALUES (4817, '', 'Stephan', 'Haase', '1.1.1968.', 'n');
insert into CandidatesData (idno) VALUES (4817);
insert into Candidacy (wkid, idno, supportedby) VALUES (298, 4817, 1);
insert into Landeslistenplatz (llid, idno, position) VALUES (376, 4817, 2);
insert into Citizen (idno, title, firstname, lastname, dateofbirth, gender) VALUES (4818, '', 'Wilfried Harald', 'Haase', '1.1.1940.', 'n');
insert into CandidatesData (idno) VALUES (4818);
insert into Candidacy (wkid, idno, supportedby) VALUES (114, 4818, 32);
insert into Landeslistenplatz (llid, idno, position) VALUES (266, 4818, 6);
insert into Citizen (idno, title, firstname, lastname, dateofbirth, gender) VALUES (4819, '', 'André', 'Habedank', '1.1.1972.', 'n');
insert into CandidatesData (idno) VALUES (4819);
insert into Landeslistenplatz (llid, idno, position) VALUES (340, 4819, 9);
insert into Citizen (idno, title, firstname, lastname, dateofbirth, gender) VALUES (4820, '', 'Peter', 'Habel', '1.1.1963.', 'n');
insert into CandidatesData (idno) VALUES (4820);
insert into Landeslistenplatz (llid, idno, position) VALUES (225, 4820, 9);
insert into Citizen (idno, title, firstname, lastname, dateofbirth, gender) VALUES (4821, '', 'Heike Margot', 'Habermann', '1.1.1956.', 'n');
insert into CandidatesData (idno) VALUES (4821);
insert into Landeslistenplatz (llid, idno, position) VALUES (318, 4821, 23);
insert into Citizen (idno, title, firstname, lastname, dateofbirth, gender) VALUES (4822, '', 'Vera', 'Haböck', '1.1.1974.', 'n');
insert into CandidatesData (idno) VALUES (4822);
insert into Landeslistenplatz (llid, idno, position) VALUES (225, 4822, 6);
insert into Citizen (idno, title, firstname, lastname, dateofbirth, gender) VALUES (4823, '', 'Hans-Joachim', 'Hacker', '1.1.1949.', 'n');
insert into CandidatesData (idno) VALUES (4823);
insert into Candidacy (wkid, idno, supportedby) VALUES (24, 4823, 2);
insert into Landeslistenplatz (llid, idno, position) VALUES (401, 4823, 4);
insert into Citizen (idno, title, firstname, lastname, dateofbirth, gender) VALUES (4824, '', 'Sebastian', 'Hacker', '1.1.1984.', 'n');
insert into CandidatesData (idno) VALUES (4824);
insert into Candidacy (wkid, idno, supportedby) VALUES (328, 4824, 7);
insert into Citizen (idno, title, firstname, lastname, dateofbirth, gender) VALUES (4825, '', 'Mohamed', 'Haddouti', '1.1.1968.', 'n');
insert into CandidatesData (idno) VALUES (4825);
insert into Landeslistenplatz (llid, idno, position) VALUES (205, 4825, 9);
insert into Citizen (idno, title, firstname, lastname, dateofbirth, gender) VALUES (4826, '', 'Roland', 'Haderer', '1.1.1949.', 'n');
insert into CandidatesData (idno) VALUES (4826);
insert into Landeslistenplatz (llid, idno, position) VALUES (240, 4826, 7);
insert into Citizen (idno, title, firstname, lastname, dateofbirth, gender) VALUES (4827, '', 'Axel', 'Häberle', '1.1.1956.', 'n');
insert into CandidatesData (idno) VALUES (4827);
insert into Landeslistenplatz (llid, idno, position) VALUES (279, 4827, 55);
insert into Citizen (idno, title, firstname, lastname, dateofbirth, gender) VALUES (4828, '', 'Sylvia', 'Häfen von', '1.1.1974.', 'n');
insert into CandidatesData (idno) VALUES (4828);
insert into Candidacy (wkid, idno, supportedby) VALUES (236, 4828, 3);
insert into Landeslistenplatz (llid, idno, position) VALUES (269, 4828, 20);
insert into Citizen (idno, title, firstname, lastname, dateofbirth, gender) VALUES (4829, '', 'Iris', 'Häger', '1.1.1971.', 'n');
insert into CandidatesData (idno) VALUES (4829);
insert into Candidacy (wkid, idno, supportedby) VALUES (196, 4829, 32);
insert into Citizen (idno, title, firstname, lastname, dateofbirth, gender) VALUES (4830, '', 'Florian', 'Häggberg', '1.1.1972.', 'n');
insert into CandidatesData (idno) VALUES (4830);
insert into Landeslistenplatz (llid, idno, position) VALUES (296, 4830, 6);
insert into Citizen (idno, title, firstname, lastname, dateofbirth, gender) VALUES (4831, '', 'Verena', 'Häggberg', '1.1.1973.', 'n');
insert into CandidatesData (idno) VALUES (4831);
insert into Landeslistenplatz (llid, idno, position) VALUES (296, 4831, 3);
insert into Citizen (idno, title, firstname, lastname, dateofbirth, gender) VALUES (4832, '', 'Stella', 'Hähnel', '1.1.1972.', 'n');
insert into CandidatesData (idno) VALUES (4832);
insert into Landeslistenplatz (llid, idno, position) VALUES (306, 4832, 2);
insert into Citizen (idno, title, firstname, lastname, dateofbirth, gender) VALUES (4833, '', 'René', 'Hähnlein', '1.1.1971.', 'n');
insert into CandidatesData (idno) VALUES (4833);
insert into Candidacy (wkid, idno, supportedby) VALUES (476, 4833, 3);
insert into Citizen (idno, title, firstname, lastname, dateofbirth, gender) VALUES (4834, '', 'Melanie', 'Händelkes', '1.1.1977.', 'n');
insert into CandidatesData (idno) VALUES (4834);
insert into Candidacy (wkid, idno, supportedby) VALUES (186, 4834, 1);
insert into Landeslistenplatz (llid, idno, position) VALUES (376, 4834, 10);
insert into Citizen (idno, title, firstname, lastname, dateofbirth, gender) VALUES (4835, '', 'Gustav Walter', 'Haenschke', '1.1.1948.', 'n');
insert into CandidatesData (idno) VALUES (4835);
insert into Candidacy (wkid, idno, supportedby) VALUES (138, 4835, 1);
insert into Landeslistenplatz (llid, idno, position) VALUES (211, 4835, 7);
insert into Citizen (idno, title, firstname, lastname, dateofbirth, gender) VALUES (4836, '', 'Heike', 'Hänsel', '1.1.1966.', 'n');
insert into CandidatesData (idno) VALUES (4836);
insert into Candidacy (wkid, idno, supportedby) VALUES (580, 4836, 3);
insert into Landeslistenplatz (llid, idno, position) VALUES (324, 4836, 2);
insert into Citizen (idno, title, firstname, lastname, dateofbirth, gender) VALUES (4837, '', 'Martina', 'Härting', '1.1.1956.', 'n');
insert into CandidatesData (idno) VALUES (4837);
insert into Candidacy (wkid, idno, supportedby) VALUES (62, 4837, 33);
insert into Citizen (idno, title, firstname, lastname, dateofbirth, gender) VALUES (4838, '', 'Peter Joachim Bruno', 'Haese', '1.1.1937.', 'n');
insert into CandidatesData (idno) VALUES (4838);
insert into Candidacy (wkid, idno, supportedby) VALUES (466, 4838, 1);
insert into Citizen (idno, title, firstname, lastname, dateofbirth, gender) VALUES (4839, '', 'Ralf Peter Siegfried', 'Hässelbarth', '1.1.1952.', 'n');
insert into CandidatesData (idno) VALUES (4839);
insert into Candidacy (wkid, idno, supportedby) VALUES (32, 4839, 5);
insert into Landeslistenplatz (llid, idno, position) VALUES (352, 4839, 5);
insert into Citizen (idno, title, firstname, lastname, dateofbirth, gender) VALUES (4840, '', 'Hermann', 'Häusling', '1.1.1956.', 'n');
insert into CandidatesData (idno) VALUES (4840);
insert into Candidacy (wkid, idno, supportedby) VALUES (340, 4840, 5);
insert into Citizen (idno, title, firstname, lastname, dateofbirth, gender) VALUES (4841, '', 'Bettina', 'Hagedorn', '1.1.1955.', 'n');
insert into CandidatesData (idno) VALUES (4841);
insert into Candidacy (wkid, idno, supportedby) VALUES (18, 4841, 2);
insert into Landeslistenplatz (llid, idno, position) VALUES (277, 4841, 2);
insert into Citizen (idno, title, firstname, lastname, dateofbirth, gender) VALUES (4842, '', 'Nicolai', 'Hagedorn', '1.1.1976.', 'n');
insert into CandidatesData (idno) VALUES (4842);
insert into Landeslistenplatz (llid, idno, position) VALUES (252, 4842, 17);
insert into Citizen (idno, title, firstname, lastname, dateofbirth, gender) VALUES (4843, '', 'Guido', 'Hagelstede', '1.1.1967.', 'n');
insert into CandidatesData (idno) VALUES (4843);
insert into Candidacy (wkid, idno, supportedby) VALUES (58, 4843, 3);
insert into Citizen (idno, title, firstname, lastname, dateofbirth, gender) VALUES (4844, '', 'Dirk Gene', 'Hagelstein', '1.1.1967.', 'n');
insert into CandidatesData (idno) VALUES (4844);
insert into Candidacy (wkid, idno, supportedby) VALUES (370, 4844, 2);
insert into Landeslistenplatz (llid, idno, position) VALUES (227, 4844, 23);
insert into Citizen (idno, title, firstname, lastname, dateofbirth, gender) VALUES (4845, '', 'Willy', 'Hagemann', '1.1.1989.', 'n');
insert into CandidatesData (idno) VALUES (4845);
insert into Landeslistenplatz (llid, idno, position) VALUES (322, 4845, 15);
insert into Citizen (idno, title, firstname, lastname, dateofbirth, gender) VALUES (4846, '', 'Heide', 'Hagen', '1.1.1956.', 'n');
insert into CandidatesData (idno) VALUES (4846);
insert into Landeslistenplatz (llid, idno, position) VALUES (382, 4846, 9);
insert into Citizen (idno, title, firstname, lastname, dateofbirth, gender) VALUES (4847, '', 'Rita', 'Hagl-Kehl', '1.1.1970.', 'n');
insert into CandidatesData (idno) VALUES (4847);
insert into Candidacy (wkid, idno, supportedby) VALUES (454, 4847, 2);
insert into Landeslistenplatz (llid, idno, position) VALUES (260, 4847, 20);
insert into Citizen (idno, title, firstname, lastname, dateofbirth, gender) VALUES (4848, '', 'Andreas', 'Hahn', '1.1.1971.', 'n');
insert into CandidatesData (idno) VALUES (4848);
insert into Candidacy (wkid, idno, supportedby) VALUES (554, 4848, 7);
insert into Landeslistenplatz (llid, idno, position) VALUES (221, 4848, 8);
insert into Citizen (idno, title, firstname, lastname, dateofbirth, gender) VALUES (4849, 'Dr. ', 'André Peter Frank', 'Hahn', '1.1.1963.', 'n');
insert into CandidatesData (idno) VALUES (4849);
insert into Candidacy (wkid, idno, supportedby) VALUES (316, 4849, 3);
insert into LandesListe (llid, year, pid, fsid) VALUES (417, 2013, 3, 16);
insert into Landeslistenplatz (llid, idno, position) VALUES (417, 4849, 2);
insert into Citizen (idno, title, firstname, lastname, dateofbirth, gender) VALUES (4850, '', 'Florian', 'Hahn', '1.1.1974.', 'n');
insert into CandidatesData (idno) VALUES (4850);
insert into Candidacy (wkid, idno, supportedby) VALUES (444, 4850, 9);
insert into Landeslistenplatz (llid, idno, position) VALUES (220, 4850, 23);
insert into Citizen (idno, title, firstname, lastname, dateofbirth, gender) VALUES (4851, '', 'Julius', 'Hahn', '1.1.1994.', 'n');
insert into CandidatesData (idno) VALUES (4851);
insert into Candidacy (wkid, idno, supportedby) VALUES (294, 4851, 7);
insert into Citizen (idno, title, firstname, lastname, dateofbirth, gender) VALUES (4852, '', 'Peter', 'Hahn', '1.1.1958.', 'n');
insert into CandidatesData (idno) VALUES (4852);
insert into Landeslistenplatz (llid, idno, position) VALUES (298, 4852, 7);
insert into Citizen (idno, title, firstname, lastname, dateofbirth, gender) VALUES (4853, '', 'Bernd', 'Haider', '1.1.1968.', 'n');
insert into CandidatesData (idno) VALUES (4853);
insert into Landeslistenplatz (llid, idno, position) VALUES (404, 4853, 3);
insert into Citizen (idno, title, firstname, lastname, dateofbirth, gender) VALUES (4854, '', 'Anja Margarete Helene', 'Hajduk', '1.1.1963.', 'n');
insert into CandidatesData (idno) VALUES (4854);
insert into Candidacy (wkid, idno, supportedby) VALUES (42, 4854, 5);
insert into Landeslistenplatz (llid, idno, position) VALUES (321, 4854, 1);
insert into Citizen (idno, title, firstname, lastname, dateofbirth, gender) VALUES (4855, '', 'Rainer', 'Hajek', '1.1.1945.', 'n');
insert into CandidatesData (idno) VALUES (4855);
insert into Landeslistenplatz (llid, idno, position) VALUES (217, 4855, 31);
insert into Citizen (idno, title, firstname, lastname, dateofbirth, gender) VALUES (4856, '', 'Metin', 'Hakverdi', '1.1.1969.', 'n');
insert into CandidatesData (idno) VALUES (4856);
insert into Candidacy (wkid, idno, supportedby) VALUES (46, 4856, 2);
insert into Landeslistenplatz (llid, idno, position) VALUES (237, 4856, 8);
insert into Citizen (idno, title, firstname, lastname, dateofbirth, gender) VALUES (4857, '', 'Bastian', 'Halbe', '1.1.1993.', 'n');
insert into CandidatesData (idno) VALUES (4857);
insert into Candidacy (wkid, idno, supportedby) VALUES (298, 4857, 7);
insert into Citizen (idno, title, firstname, lastname, dateofbirth, gender) VALUES (4858, '', 'Marcel', 'Haliti', '1.1.1983.', 'n');
insert into CandidatesData (idno) VALUES (4858);
insert into Candidacy (wkid, idno, supportedby) VALUES (236, 4858, 1);
insert into Landeslistenplatz (llid, idno, position) VALUES (376, 4858, 6);
insert into Citizen (idno, title, firstname, lastname, dateofbirth, gender) VALUES (4859, '', 'Peter-René', 'Hall von', '1.1.1981.', 'n');
insert into CandidatesData (idno) VALUES (4859);
insert into Landeslistenplatz (llid, idno, position) VALUES (253, 4859, 11);
insert into Citizen (idno, title, firstname, lastname, dateofbirth, gender) VALUES (4860, '', 'Philip-Mario', 'Hallasch', '1.1.1989.', 'n');
insert into CandidatesData (idno) VALUES (4860);
insert into Candidacy (wkid, idno, supportedby) VALUES (576, 4860, 1);
insert into Citizen (idno, title, firstname, lastname, dateofbirth, gender) VALUES (4861, '', 'Klaus', 'Hamal', '1.1.1965.', 'n');
insert into CandidatesData (idno) VALUES (4861);
insert into Landeslistenplatz (llid, idno, position) VALUES (206, 4861, 41);
insert into Citizen (idno, title, firstname, lastname, dateofbirth, gender) VALUES (4862, '', 'David', 'Hamann', '1.1.1981.', 'n');
insert into CandidatesData (idno) VALUES (4862);
insert into Candidacy (wkid, idno, supportedby) VALUES (150, 4862, 31);
insert into Landeslistenplatz (llid, idno, position) VALUES (201, 4862, 54);
insert into Citizen (idno, title, firstname, lastname, dateofbirth, gender) VALUES (4863, '', 'Josef', 'Hamburger', '1.1.1963.', 'n');
insert into CandidatesData (idno) VALUES (4863);
insert into Landeslistenplatz (llid, idno, position) VALUES (279, 4863, 50);
insert into Citizen (idno, title, firstname, lastname, dateofbirth, gender) VALUES (4864, '', 'Pirmin', 'Hammer', '1.1.1961.', 'n');
insert into CandidatesData (idno) VALUES (4864);
insert into Landeslistenplatz (llid, idno, position) VALUES (259, 4864, 9);
insert into Citizen (idno, title, firstname, lastname, dateofbirth, gender) VALUES (4865, '', 'Silke', 'Hammer', '1.1.1968.', 'n');
insert into CandidatesData (idno) VALUES (4865);
insert into Landeslistenplatz (llid, idno, position) VALUES (285, 4865, 25);
insert into Citizen (idno, title, firstname, lastname, dateofbirth, gender) VALUES (4866, '', 'Klaus Anton', 'Hammerlindl', '1.1.1965.', 'n');
insert into CandidatesData (idno) VALUES (4866);
insert into Candidacy (wkid, idno, supportedby) VALUES (488, 4866, 31);
insert into Citizen (idno, title, firstname, lastname, dateofbirth, gender) VALUES (4867, '', 'Gerhard', 'Hammitzsch', '1.1.1958.', 'n');
insert into CandidatesData (idno) VALUES (4867);
insert into Candidacy (wkid, idno, supportedby) VALUES (516, 4867, 32);
insert into Landeslistenplatz (llid, idno, position) VALUES (265, 4867, 9);
insert into Citizen (idno, title, firstname, lastname, dateofbirth, gender) VALUES (4868, '', 'Armin-Paulus', 'Hampel', '1.1.1957.', 'n');
insert into CandidatesData (idno) VALUES (4868);
insert into Landeslistenplatz (llid, idno, position) VALUES (203, 4868, 4);
insert into Citizen (idno, title, firstname, lastname, dateofbirth, gender) VALUES (4869, '', 'Martin', 'Hampel', '1.1.1980.', 'n');
insert into CandidatesData (idno) VALUES (4869);
insert into Candidacy (wkid, idno, supportedby) VALUES (126, 4869, 7);
insert into Citizen (idno, title, firstname, lastname, dateofbirth, gender) VALUES (4870, '', 'Ulrich', 'Hampel', '1.1.1964.', 'n');
insert into CandidatesData (idno) VALUES (4870);
insert into Candidacy (wkid, idno, supportedby) VALUES (254, 4870, 2);
insert into Landeslistenplatz (llid, idno, position) VALUES (246, 4870, 27);
insert into Citizen (idno, title, firstname, lastname, dateofbirth, gender) VALUES (4871, '', 'Gesche', 'Hand', '1.1.1972.', 'n');
insert into CandidatesData (idno) VALUES (4871);
insert into Candidacy (wkid, idno, supportedby) VALUES (100, 4871, 5);
insert into Landeslistenplatz (llid, idno, position) VALUES (316, 4871, 13);
insert into Citizen (idno, title, firstname, lastname, dateofbirth, gender) VALUES (4872, '', 'Martina', 'Hanf', '1.1.1967.', 'n');
insert into CandidatesData (idno) VALUES (4872);
insert into Landeslistenplatz (llid, idno, position) VALUES (325, 4872, 20);
insert into Citizen (idno, title, firstname, lastname, dateofbirth, gender) VALUES (4873, '', 'Thomas', 'Hanf', '1.1.1969.', 'n');
insert into CandidatesData (idno) VALUES (4873);
insert into Landeslistenplatz (llid, idno, position) VALUES (325, 4873, 8);
insert into Citizen (idno, title, firstname, lastname, dateofbirth, gender) VALUES (4874, '', 'Margarita Maria', 'Hanfland', '1.1.1957.', 'n');
insert into CandidatesData (idno) VALUES (4874);
insert into Landeslistenplatz (llid, idno, position) VALUES (205, 4874, 10);
insert into Citizen (idno, title, firstname, lastname, dateofbirth, gender) VALUES (4875, '', 'Christian', 'Hanika', '1.1.1986.', 'n');
insert into CandidatesData (idno) VALUES (4875);
insert into Candidacy (wkid, idno, supportedby) VALUES (456, 4875, 32);
insert into Landeslistenplatz (llid, idno, position) VALUES (206, 4875, 1);
insert into Citizen (idno, title, firstname, lastname, dateofbirth, gender) VALUES (4876, '', 'Angela Anne', 'Hanisch', '1.1.1957.', 'n');
insert into CandidatesData (idno) VALUES (4876);
insert into Candidacy (wkid, idno, supportedby) VALUES (364, 4876, 5);
insert into Landeslistenplatz (llid, idno, position) VALUES (318, 4876, 21);
insert into Citizen (idno, title, firstname, lastname, dateofbirth, gender) VALUES (4877, 'Dr. ', 'Karl Hans-Joachim', 'Hanisch', '1.1.1948.', 'n');
insert into CandidatesData (idno) VALUES (4877);
insert into Candidacy (wkid, idno, supportedby) VALUES (36, 4877, 3);
insert into Landeslistenplatz (llid, idno, position) VALUES (214, 4877, 4);
insert into Citizen (idno, title, firstname, lastname, dateofbirth, gender) VALUES (4878, '', 'Meinhard Franz Helmut', 'Hanke', '1.1.1940.', 'n');
insert into CandidatesData (idno) VALUES (4878);
insert into Landeslistenplatz (llid, idno, position) VALUES (204, 4878, 6);
insert into Citizen (idno, title, firstname, lastname, dateofbirth, gender) VALUES (4879, '', 'Arnold', 'Hansen', '1.1.1956.', 'n');
insert into CandidatesData (idno) VALUES (4879);
insert into Candidacy (wkid, idno, supportedby) VALUES (56, 4879, 32);
insert into Landeslistenplatz (llid, idno, position) VALUES (282, 4879, 8);
insert into Citizen (idno, title, firstname, lastname, dateofbirth, gender) VALUES (4880, 'Dr. ', 'Gerhard', 'Hansen', '1.1.1959.', 'n');
insert into CandidatesData (idno) VALUES (4880);
insert into Candidacy (wkid, idno, supportedby) VALUES (214, 4880, 4);
insert into Landeslistenplatz (llid, idno, position) VALUES (272, 4880, 42);
insert into Citizen (idno, title, firstname, lastname, dateofbirth, gender) VALUES (4881, '', 'Frank', 'Hansen', '1.1.1973.', 'n');
insert into CandidatesData (idno) VALUES (4881);
insert into Candidacy (wkid, idno, supportedby) VALUES (428, 4881, 4);
insert into Landeslistenplatz (llid, idno, position) VALUES (276, 4881, 42);
insert into Citizen (idno, title, firstname, lastname, dateofbirth, gender) VALUES (4882, '', 'Ramón', 'Hansmeyer', '1.1.1975.', 'n');
insert into CandidatesData (idno) VALUES (4882);
insert into Candidacy (wkid, idno, supportedby) VALUES (274, 4882, 33);
insert into Citizen (idno, title, firstname, lastname, dateofbirth, gender) VALUES (4883, '', 'Thomas', 'Hantusch', '1.1.1966.', 'n');
insert into CandidatesData (idno) VALUES (4883);
insert into Candidacy (wkid, idno, supportedby) VALUES (344, 4883, 1);
insert into Landeslistenplatz (llid, idno, position) VALUES (414, 4883, 1);
insert into Citizen (idno, title, firstname, lastname, dateofbirth, gender) VALUES (4884, 'Dr. ', 'Christel Erika', 'Happach-Kasan', '1.1.1950.', 'n');
insert into CandidatesData (idno) VALUES (4884);
insert into Candidacy (wkid, idno, supportedby) VALUES (20, 4884, 4);
insert into Landeslistenplatz (llid, idno, position) VALUES (251, 4884, 4);
insert into Citizen (idno, title, firstname, lastname, dateofbirth, gender) VALUES (4885, '', 'Markus', 'Happe', '1.1.1976.', 'n');
insert into CandidatesData (idno) VALUES (4885);
insert into Candidacy (wkid, idno, supportedby) VALUES (284, 4885, 32);
insert into Citizen (idno, title, firstname, lastname, dateofbirth, gender) VALUES (4886, 'Dr. ', 'Stephan', 'Harbarth', '1.1.1971.', 'n');
insert into CandidatesData (idno) VALUES (4886);
insert into Candidacy (wkid, idno, supportedby) VALUES (554, 4886, 12);
insert into Citizen (idno, title, firstname, lastname, dateofbirth, gender) VALUES (4887, '', 'Ronald', 'Harder', '1.1.1947.', 'n');
insert into CandidatesData (idno) VALUES (4887);
insert into Landeslistenplatz (llid, idno, position) VALUES (362, 4887, 2);
insert into Citizen (idno, title, firstname, lastname, dateofbirth, gender) VALUES (4888, '', 'Jürgen', 'Hardt', '1.1.1963.', 'n');
insert into CandidatesData (idno) VALUES (4888);
insert into Candidacy (wkid, idno, supportedby) VALUES (206, 4888, 12);
insert into Landeslistenplatz (llid, idno, position) VALUES (310, 4888, 39);
insert into Citizen (idno, title, firstname, lastname, dateofbirth, gender) VALUES (4889, '', 'Klaus', 'Harig', '1.1.1963.', 'n');
insert into CandidatesData (idno) VALUES (4889);
insert into Candidacy (wkid, idno, supportedby) VALUES (100, 4889, 33);
insert into Citizen (idno, title, firstname, lastname, dateofbirth, gender) VALUES (4890, '', 'Katharina', 'Harling', '1.1.1985.', 'n');
insert into CandidatesData (idno) VALUES (4890);
insert into Candidacy (wkid, idno, supportedby) VALUES (168, 4890, 31);
insert into Landeslistenplatz (llid, idno, position) VALUES (201, 4890, 11);
insert into Citizen (idno, title, firstname, lastname, dateofbirth, gender) VALUES (4891, '', 'Sebastian', 'Harmel', '1.1.1982.', 'n');
insert into CandidatesData (idno) VALUES (4891);
insert into Candidacy (wkid, idno, supportedby) VALUES (318, 4891, 7);
insert into Landeslistenplatz (llid, idno, position) VALUES (258, 4891, 1);
insert into Citizen (idno, title, firstname, lastname, dateofbirth, gender) VALUES (4892, '', 'Daniel', 'Harms', '1.1.1981.', 'n');
insert into CandidatesData (idno) VALUES (4892);
insert into Landeslistenplatz (llid, idno, position) VALUES (309, 4892, 6);
insert into Citizen (idno, title, firstname, lastname, dateofbirth, gender) VALUES (4893, '', 'Florian Andreas', 'Hartjen', '1.1.1990.', 'n');
insert into CandidatesData (idno) VALUES (4893);
insert into Candidacy (wkid, idno, supportedby) VALUES (386, 4893, 4);
insert into Citizen (idno, title, firstname, lastname, dateofbirth, gender) VALUES (4894, '', 'Alexander', 'Hartmann', '1.1.1961.', 'n');
insert into CandidatesData (idno) VALUES (4894);
insert into Candidacy (wkid, idno, supportedby) VALUES (358, 4894, 10);
insert into Landeslistenplatz (llid, idno, position) VALUES (240, 4894, 1);
insert into Citizen (idno, title, firstname, lastname, dateofbirth, gender) VALUES (4895, '', 'Caroline', 'Hartmann', '1.1.1959.', 'n');
insert into CandidatesData (idno) VALUES (4895);
insert into Landeslistenplatz (llid, idno, position) VALUES (240, 4895, 9);
insert into Citizen (idno, title, firstname, lastname, dateofbirth, gender) VALUES (4896, '', 'Christian', 'Hartmann', '1.1.1985.', 'n');
insert into CandidatesData (idno) VALUES (4896);
insert into Landeslistenplatz (llid, idno, position) VALUES (262, 4896, 32);
insert into Citizen (idno, title, firstname, lastname, dateofbirth, gender) VALUES (4897, '', 'Kai', 'Hartmann', '1.1.1971.', 'n');
insert into CandidatesData (idno) VALUES (4897);
insert into Landeslistenplatz (llid, idno, position) VALUES (383, 4897, 5);
insert into Citizen (idno, title, firstname, lastname, dateofbirth, gender) VALUES (4898, '', 'Michael', 'Hartmann', '1.1.1963.', 'n');
insert into CandidatesData (idno) VALUES (4898);
insert into Candidacy (wkid, idno, supportedby) VALUES (412, 4898, 2);
insert into Landeslistenplatz (llid, idno, position) VALUES (244, 4898, 4);
insert into Citizen (idno, title, firstname, lastname, dateofbirth, gender) VALUES (4899, '', 'Sebastian', 'Hartmann', '1.1.1977.', 'n');
insert into CandidatesData (idno) VALUES (4899);
insert into Candidacy (wkid, idno, supportedby) VALUES (194, 4899, 2);
insert into Landeslistenplatz (llid, idno, position) VALUES (246, 4899, 15);
insert into Citizen (idno, title, firstname, lastname, dateofbirth, gender) VALUES (4900, '', 'Simon', 'Hartmann', '1.1.1977.', 'n');
insert into CandidatesData (idno) VALUES (4900);
insert into Landeslistenplatz (llid, idno, position) VALUES (242, 4900, 39);
insert into Citizen (idno, title, firstname, lastname, dateofbirth, gender) VALUES (4901, '', 'Uwe', 'Hartmann', '1.1.1963.', 'n');
insert into CandidatesData (idno) VALUES (4901);
insert into Landeslistenplatz (llid, idno, position) VALUES (228, 4901, 1);
insert into Citizen (idno, title, firstname, lastname, dateofbirth, gender) VALUES (4902, '', 'Michael Richard', 'Hartrich', '1.1.1967.', 'n');
insert into CandidatesData (idno) VALUES (4902);
insert into Candidacy (wkid, idno, supportedby) VALUES (502, 4902, 7);
insert into Landeslistenplatz (llid, idno, position) VALUES (245, 4902, 29);
insert into Citizen (idno, title, firstname, lastname, dateofbirth, gender) VALUES (4903, 'Dr. ', 'Thomas', 'Hartung', '1.1.1962.', 'n');
insert into CandidatesData (idno) VALUES (4903);
insert into Landeslistenplatz (llid, idno, position) VALUES (339, 4903, 6);
insert into Citizen (idno, title, firstname, lastname, dateofbirth, gender) VALUES (4904, '', 'Melanie', 'Hartung', '1.1.1976.', 'n');
insert into CandidatesData (idno) VALUES (4904);
insert into Landeslistenplatz (llid, idno, position) VALUES (253, 4904, 10);
insert into Citizen (idno, title, firstname, lastname, dateofbirth, gender) VALUES (4905, '', 'Mathias', 'Haschke', '1.1.1982.', 'n');
insert into CandidatesData (idno) VALUES (4905);
insert into Candidacy (wkid, idno, supportedby) VALUES (306, 4905, 31);
insert into Citizen (idno, title, firstname, lastname, dateofbirth, gender) VALUES (4906, '', 'Ulrich', 'Hasecke', '1.1.1963.', 'n');
insert into CandidatesData (idno) VALUES (4906);
insert into Candidacy (wkid, idno, supportedby) VALUES (206, 4906, 7);
insert into Citizen (idno, title, firstname, lastname, dateofbirth, gender) VALUES (4907, '', 'Agnes', 'Hasenjäger', '1.1.1950.', 'n');
insert into CandidatesData (idno) VALUES (4907);
insert into Candidacy (wkid, idno, supportedby) VALUES (94, 4907, 3);
insert into Citizen (idno, title, firstname, lastname, dateofbirth, gender) VALUES (4908, '', 'Beate', 'Haskic', '1.1.1965.', 'n');
insert into CandidatesData (idno) VALUES (4908);
insert into Candidacy (wkid, idno, supportedby) VALUES (484, 4908, 15);
insert into Citizen (idno, title, firstname, lastname, dateofbirth, gender) VALUES (4909, '', 'Thomas', 'Haslinger', '1.1.1986.', 'n');
insert into CandidatesData (idno) VALUES (4909);
insert into Landeslistenplatz (llid, idno, position) VALUES (220, 4909, 53);
insert into Citizen (idno, title, firstname, lastname, dateofbirth, gender) VALUES (4910, '', 'Dagmar Luise', 'Hassel', '1.1.1958.', 'n');
insert into CandidatesData (idno) VALUES (4910);
insert into Landeslistenplatz (llid, idno, position) VALUES (312, 4910, 19);
insert into Citizen (idno, title, firstname, lastname, dateofbirth, gender) VALUES (4911, '', 'Gerda', 'Hasselfeldt', '1.1.1950.', 'n');
insert into CandidatesData (idno) VALUES (4911);
insert into Candidacy (wkid, idno, supportedby) VALUES (432, 4911, 9);
insert into Landeslistenplatz (llid, idno, position) VALUES (220, 4911, 1);
insert into Citizen (idno, title, firstname, lastname, dateofbirth, gender) VALUES (4912, '', 'Britta', 'Haßelmann', '1.1.1961.', 'n');
insert into CandidatesData (idno) VALUES (4912);
insert into Candidacy (wkid, idno, supportedby) VALUES (264, 4912, 5);
insert into Landeslistenplatz (llid, idno, position) VALUES (256, 4912, 3);
insert into Citizen (idno, title, firstname, lastname, dateofbirth, gender) VALUES (4913, '', 'Christine', 'Hastan', '1.1.1961.', 'n');
insert into CandidatesData (idno) VALUES (4913);
insert into Landeslistenplatz (llid, idno, position) VALUES (240, 4913, 4);
insert into Citizen (idno, title, firstname, lastname, dateofbirth, gender) VALUES (4914, '', 'Arne', 'Hattendorf', '1.1.1967.', 'n');
insert into CandidatesData (idno) VALUES (4914);
insert into Candidacy (wkid, idno, supportedby) VALUES (98, 4914, 7);
insert into Citizen (idno, title, firstname, lastname, dateofbirth, gender) VALUES (4915, '', 'Melanie Svenja', 'Haubrich', '1.1.1983.', 'n');
insert into CandidatesData (idno) VALUES (4915);
insert into Landeslistenplatz (llid, idno, position) VALUES (227, 4915, 16);
insert into Citizen (idno, title, firstname, lastname, dateofbirth, gender) VALUES (4916, '', 'Albrecht', 'Hauck', '1.1.1954.', 'n');
insert into CandidatesData (idno) VALUES (4916);
insert into LandesListe (llid, year, pid, fsid) VALUES (418, 2013, 22, 12);
insert into Landeslistenplatz (llid, idno, position) VALUES (418, 4916, 4);
insert into Citizen (idno, title, firstname, lastname, dateofbirth, gender) VALUES (4917, '', 'Marc', 'Hauck', '1.1.1978.', 'n');
insert into CandidatesData (idno) VALUES (4917);
insert into Landeslistenplatz (llid, idno, position) VALUES (294, 4917, 18);
insert into Citizen (idno, title, firstname, lastname, dateofbirth, gender) VALUES (4918, '', 'Nobert', 'Hauck', '1.1.1949.', 'n');
insert into CandidatesData (idno) VALUES (4918);
insert into Landeslistenplatz (llid, idno, position) VALUES (298, 4918, 1);
insert into Citizen (idno, title, firstname, lastname, dateofbirth, gender) VALUES (4919, '', 'Matthias', 'Hauer', '1.1.1977.', 'n');
insert into CandidatesData (idno) VALUES (4919);
insert into Candidacy (wkid, idno, supportedby) VALUES (240, 4919, 12);
insert into Landeslistenplatz (llid, idno, position) VALUES (310, 4919, 30);
insert into Citizen (idno, title, firstname, lastname, dateofbirth, gender) VALUES (4920, '', 'Stefan', 'Haug', '1.1.1958.', 'n');
insert into CandidatesData (idno) VALUES (4920);
insert into Candidacy (wkid, idno, supportedby) VALUES (460, 4920, 5);
insert into Citizen (idno, title, firstname, lastname, dateofbirth, gender) VALUES (4921, '', 'Matthias', 'Haugk', '1.1.1962.', 'n');
insert into CandidatesData (idno) VALUES (4921);
insert into Landeslistenplatz (llid, idno, position) VALUES (358, 4921, 15);
insert into Citizen (idno, title, firstname, lastname, dateofbirth, gender) VALUES (4922, '', 'Marco', 'Hauke', '1.1.1973.', 'n');
insert into CandidatesData (idno) VALUES (4922);
insert into Candidacy (wkid, idno, supportedby) VALUES (522, 4922, 7);
insert into Landeslistenplatz (llid, idno, position) VALUES (221, 4922, 20);
insert into Citizen (idno, title, firstname, lastname, dateofbirth, gender) VALUES (4923, '', 'Mark Lars Carsten', 'Hauptmann', '1.1.1984.', 'n');
insert into CandidatesData (idno) VALUES (4923);
insert into Candidacy (wkid, idno, supportedby) VALUES (394, 4923, 12);
insert into Landeslistenplatz (llid, idno, position) VALUES (388, 4923, 9);
insert into Citizen (idno, title, firstname, lastname, dateofbirth, gender) VALUES (4924, 'Dr. ', 'Dietlind', 'Hausberg', '1.1.1962.', 'n');
insert into CandidatesData (idno) VALUES (4924);
insert into Landeslistenplatz (llid, idno, position) VALUES (285, 4924, 7);
insert into Citizen (idno, title, firstname, lastname, dateofbirth, gender) VALUES (4925, 'Dr. ', 'Rolf Dieter', 'Hauser', '1.1.1955.', 'n');
insert into CandidatesData (idno) VALUES (4925);
insert into Candidacy (wkid, idno, supportedby) VALUES (562, 4925, 32);
insert into Citizen (idno, title, firstname, lastname, dateofbirth, gender) VALUES (4926, 'Dr. ', 'Sebastian', 'Hausmann', '1.1.1968.', 'n');
insert into CandidatesData (idno) VALUES (4926);
insert into Candidacy (wkid, idno, supportedby) VALUES (14, 4926, 33);
insert into Landeslistenplatz (llid, idno, position) VALUES (285, 4926, 2);
insert into Citizen (idno, title, firstname, lastname, dateofbirth, gender) VALUES (4927, '', 'Heinz-Peter', 'Haustein', '1.1.1954.', 'n');
insert into CandidatesData (idno) VALUES (4927);
insert into Candidacy (wkid, idno, supportedby) VALUES (328, 4927, 4);
insert into Landeslistenplatz (llid, idno, position) VALUES (334, 4927, 2);
insert into Citizen (idno, title, firstname, lastname, dateofbirth, gender) VALUES (4928, '', 'Birgit', 'Haveneth', '1.1.1975.', 'n');
insert into CandidatesData (idno) VALUES (4928);
insert into Candidacy (wkid, idno, supportedby) VALUES (174, 4928, 4);
insert into Landeslistenplatz (llid, idno, position) VALUES (272, 4928, 20);
insert into Citizen (idno, title, firstname, lastname, dateofbirth, gender) VALUES (4929, '', 'Claudia', 'Haydt', '1.1.1966.', 'n');
insert into CandidatesData (idno) VALUES (4929);
insert into Candidacy (wkid, idno, supportedby) VALUES (524, 4929, 3);
insert into Landeslistenplatz (llid, idno, position) VALUES (324, 4929, 11);
insert into Citizen (idno, title, firstname, lastname, dateofbirth, gender) VALUES (4930, '', 'Claudia', 'Heber', '1.1.1976.', 'n');
insert into CandidatesData (idno) VALUES (4930);
insert into Landeslistenplatz (llid, idno, position) VALUES (388, 4930, 12);
insert into Citizen (idno, title, firstname, lastname, dateofbirth, gender) VALUES (4931, '', 'Marco', 'Hebestadt', '1.1.1983.', 'n');
insert into CandidatesData (idno) VALUES (4931);
insert into Candidacy (wkid, idno, supportedby) VALUES (320, 4931, 10);
insert into Landeslistenplatz (llid, idno, position) VALUES (353, 4931, 4);
insert into Citizen (idno, title, firstname, lastname, dateofbirth, gender) VALUES (4932, 'Dr. ', 'Stefan', 'Heck', '1.1.1982.', 'n');
insert into CandidatesData (idno) VALUES (4932);
insert into Candidacy (wkid, idno, supportedby) VALUES (342, 4932, 12);
insert into Landeslistenplatz (llid, idno, position) VALUES (262, 4932, 12);
insert into Citizen (idno, title, firstname, lastname, dateofbirth, gender) VALUES (4933, '', 'Peter Hubert', 'Heck', '1.1.1951.', 'n');
insert into CandidatesData (idno) VALUES (4933);
insert into Candidacy (wkid, idno, supportedby) VALUES (116, 4933, 32);
insert into Landeslistenplatz (llid, idno, position) VALUES (266, 4933, 3);
insert into Citizen (idno, title, firstname, lastname, dateofbirth, gender) VALUES (4934, '', 'Heinz-Josef', 'Hecker', '1.1.1948.', 'n');
insert into CandidatesData (idno) VALUES (4934);
insert into Candidacy (wkid, idno, supportedby) VALUES (220, 4934, 33);
insert into Landeslistenplatz (llid, idno, position) VALUES (253, 4934, 28);
insert into Citizen (idno, title, firstname, lastname, dateofbirth, gender) VALUES (4935, '', 'Hermine', 'Hecker', '1.1.1935.', 'n');
insert into CandidatesData (idno) VALUES (4935);
insert into Landeslistenplatz (llid, idno, position) VALUES (398, 4935, 9);
insert into Citizen (idno, title, firstname, lastname, dateofbirth, gender) VALUES (4936, '', 'Michael', 'Heendorf', '1.1.1964.', 'n');
insert into CandidatesData (idno) VALUES (4936);
insert into Landeslistenplatz (llid, idno, position) VALUES (340, 4936, 1);
insert into Citizen (idno, title, firstname, lastname, dateofbirth, gender) VALUES (4937, '', 'Michael Remy', 'Heepen', '1.1.1978.', 'n');
insert into CandidatesData (idno) VALUES (4937);
insert into Landeslistenplatz (llid, idno, position) VALUES (297, 4937, 27);
insert into Citizen (idno, title, firstname, lastname, dateofbirth, gender) VALUES (4938, '', 'René', 'Heesen', '1.1.1992.', 'n');
insert into CandidatesData (idno) VALUES (4938);
insert into Candidacy (wkid, idno, supportedby) VALUES (222, 4938, 5);
insert into Landeslistenplatz (llid, idno, position) VALUES (256, 4938, 40);
insert into Citizen (idno, title, firstname, lastname, dateofbirth, gender) VALUES (4939, '', 'Beate', 'Hegeler', '1.1.1955.', 'n');
insert into CandidatesData (idno) VALUES (4939);
insert into Landeslistenplatz (llid, idno, position) VALUES (213, 4939, 19);
insert into Citizen (idno, title, firstname, lastname, dateofbirth, gender) VALUES (4940, '', 'Horst', 'Hegeler', '1.1.1939.', 'n');
insert into CandidatesData (idno) VALUES (4940);
insert into Landeslistenplatz (llid, idno, position) VALUES (213, 4940, 40);
insert into Citizen (idno, title, firstname, lastname, dateofbirth, gender) VALUES (4941, '', 'Thomas', 'Hegenbarth', '1.1.1964.', 'n');
insert into CandidatesData (idno) VALUES (4941);
insert into Candidacy (wkid, idno, supportedby) VALUES (190, 4941, 7);
insert into Citizen (idno, title, firstname, lastname, dateofbirth, gender) VALUES (4942, '', 'Wilhelm', 'Hegener', '1.1.1955.', 'n');
insert into CandidatesData (idno) VALUES (4942);
insert into Landeslistenplatz (llid, idno, position) VALUES (410, 4942, 4);
insert into Citizen (idno, title, firstname, lastname, dateofbirth, gender) VALUES (4943, '', 'Jann Christian', 'Hegewald', '1.1.1992.', 'n');
insert into CandidatesData (idno) VALUES (4943);
insert into Landeslistenplatz (llid, idno, position) VALUES (217, 4943, 43);
insert into Citizen (idno, title, firstname, lastname, dateofbirth, gender) VALUES (4944, '', 'Christian', 'Hehl', '1.1.1969.', 'n');
insert into CandidatesData (idno) VALUES (4944);
insert into Landeslistenplatz (llid, idno, position) VALUES (259, 4944, 8);
insert into Citizen (idno, title, firstname, lastname, dateofbirth, gender) VALUES (4945, '', 'Srita', 'Heide', '1.1.1968.', 'n');
insert into CandidatesData (idno) VALUES (4945);
insert into Landeslistenplatz (llid, idno, position) VALUES (262, 4945, 35);
insert into Citizen (idno, title, firstname, lastname, dateofbirth, gender) VALUES (4946, '', 'Dirk', 'Heidenblut', '1.1.1961.', 'n');
insert into CandidatesData (idno) VALUES (4946);
insert into Candidacy (wkid, idno, supportedby) VALUES (238, 4946, 2);
insert into Landeslistenplatz (llid, idno, position) VALUES (246, 4946, 59);
insert into Citizen (idno, title, firstname, lastname, dateofbirth, gender) VALUES (4947, '', 'Ralph', 'Heidenreich', '1.1.1957.', 'n');
insert into CandidatesData (idno) VALUES (4947);
insert into Candidacy (wkid, idno, supportedby) VALUES (584, 4947, 3);
insert into Citizen (idno, title, firstname, lastname, dateofbirth, gender) VALUES (4948, 'Dr. ', 'Matthias', 'Heider', '1.1.1966.', 'n');
insert into CandidatesData (idno) VALUES (4948);
insert into Candidacy (wkid, idno, supportedby) VALUES (298, 4948, 12);
insert into Citizen (idno, title, firstname, lastname, dateofbirth, gender) VALUES (4949, '', 'Maria', 'Heider', '1.1.1959.', 'n');
insert into CandidatesData (idno) VALUES (4949);
insert into Candidacy (wkid, idno, supportedby) VALUES (116, 4949, 5);
insert into Landeslistenplatz (llid, idno, position) VALUES (267, 4949, 5);
insert into Citizen (idno, title, firstname, lastname, dateofbirth, gender) VALUES (4950, '', 'Stephan', 'Heider', '1.1.1966.', 'n');
insert into CandidatesData (idno) VALUES (4950);
insert into Landeslistenplatz (llid, idno, position) VALUES (292, 4950, 5);
insert into Citizen (idno, title, firstname, lastname, dateofbirth, gender) VALUES (4951, '', 'Helmut', 'Heiderich', '1.1.1949.', 'n');
insert into CandidatesData (idno) VALUES (4951);
insert into Candidacy (wkid, idno, supportedby) VALUES (338, 4951, 12);
insert into Landeslistenplatz (llid, idno, position) VALUES (262, 4951, 13);
insert into Citizen (idno, title, firstname, lastname, dateofbirth, gender) VALUES (4952, '', 'Martin', 'Heidingsfelder', '1.1.1965.', 'n');
insert into CandidatesData (idno) VALUES (4952);
insert into Landeslistenplatz (llid, idno, position) VALUES (245, 4952, 25);
insert into Citizen (idno, title, firstname, lastname, dateofbirth, gender) VALUES (4953, '', 'Erich Heinrich', 'Heidkamp', '1.1.1948.', 'n');
insert into CandidatesData (idno) VALUES (4953);
insert into Candidacy (wkid, idno, supportedby) VALUES (366, 4953, 33);
insert into Citizen (idno, title, firstname, lastname, dateofbirth, gender) VALUES (4954, '', 'Annette Mathilde', 'Heidrich', '1.1.1967.', 'n');
insert into CandidatesData (idno) VALUES (4954);
insert into Candidacy (wkid, idno, supportedby) VALUES (426, 4954, 2);
insert into Landeslistenplatz (llid, idno, position) VALUES (260, 4954, 36);
insert into Citizen (idno, title, firstname, lastname, dateofbirth, gender) VALUES (4955, '', 'Peter', 'Heidt', '1.1.1965.', 'n');
insert into CandidatesData (idno) VALUES (4955);
insert into Landeslistenplatz (llid, idno, position) VALUES (290, 4955, 25);
insert into Citizen (idno, title, firstname, lastname, dateofbirth, gender) VALUES (4956, '', 'Anny', 'Heike', '1.1.1948.', 'n');
insert into CandidatesData (idno) VALUES (4956);
insert into Candidacy (wkid, idno, supportedby) VALUES (486, 4956, 3);
insert into Landeslistenplatz (llid, idno, position) VALUES (350, 4956, 13);
insert into Citizen (idno, title, firstname, lastname, dateofbirth, gender) VALUES (4957, 'Dr. ', 'Matthias', 'Heil', '1.1.1963.', 'n');
insert into CandidatesData (idno) VALUES (4957);
insert into Landeslistenplatz (llid, idno, position) VALUES (201, 4957, 24);
insert into Citizen (idno, title, firstname, lastname, dateofbirth, gender) VALUES (4958, '', 'Hubertus', 'Heil', '1.1.1972.', 'n');
insert into CandidatesData (idno) VALUES (4958);
insert into Candidacy (wkid, idno, supportedby) VALUES (90, 4958, 2);
insert into Landeslistenplatz (llid, idno, position) VALUES (242, 4958, 5);
insert into Citizen (idno, title, firstname, lastname, dateofbirth, gender) VALUES (4959, '', 'Mechthild', 'Heil', '1.1.1961.', 'n');
insert into CandidatesData (idno) VALUES (4959);
insert into Candidacy (wkid, idno, supportedby) VALUES (398, 4959, 12);
insert into Landeslistenplatz (llid, idno, position) VALUES (312, 4959, 7);
insert into Citizen (idno, title, firstname, lastname, dateofbirth, gender) VALUES (4960, '', 'Martin Michael', 'Heilig', '1.1.1975.', 'n');
insert into CandidatesData (idno) VALUES (4960);
insert into Candidacy (wkid, idno, supportedby) VALUES (502, 4960, 5);
insert into Landeslistenplatz (llid, idno, position) VALUES (238, 4960, 28);
insert into Citizen (idno, title, firstname, lastname, dateofbirth, gender) VALUES (4961, '', 'Thomas', 'Heilig', '1.1.1964.', 'n');
insert into CandidatesData (idno) VALUES (4961);
insert into Candidacy (wkid, idno, supportedby) VALUES (190, 4961, 32);
insert into Citizen (idno, title, firstname, lastname, dateofbirth, gender) VALUES (4962, '', 'Bernd', 'Heilmeier', '1.1.1959.', 'n');
insert into CandidatesData (idno) VALUES (4962);
insert into Candidacy (wkid, idno, supportedby) VALUES (432, 4962, 32);
insert into Landeslistenplatz (llid, idno, position) VALUES (206, 4962, 21);
insert into Citizen (idno, title, firstname, lastname, dateofbirth, gender) VALUES (4963, '', 'Adrian', 'Heim', '1.1.1964.', 'n');
insert into CandidatesData (idno) VALUES (4963);
insert into Candidacy (wkid, idno, supportedby) VALUES (432, 4963, 36);
insert into Landeslistenplatz (llid, idno, position) VALUES (295, 4963, 13);
insert into Citizen (idno, title, firstname, lastname, dateofbirth, gender) VALUES (4964, '', 'Elmar', 'Heim', '1.1.1952.', 'n');
insert into CandidatesData (idno) VALUES (4964);
insert into Candidacy (wkid, idno, supportedby) VALUES (510, 4964, 3);
insert into Landeslistenplatz (llid, idno, position) VALUES (350, 4964, 10);
insert into Citizen (idno, title, firstname, lastname, dateofbirth, gender) VALUES (4965, '', 'Ulrich Wolfgang', 'Heim', '1.1.1957.', 'n');
insert into CandidatesData (idno) VALUES (4965);
insert into Candidacy (wkid, idno, supportedby) VALUES (72, 4965, 1);
insert into Citizen (idno, title, firstname, lastname, dateofbirth, gender) VALUES (4966, 'Dr. ', 'Christian Jörg Johannes Hinrich', 'Heimann', '1.1.1961.', 'n');
insert into CandidatesData (idno) VALUES (4966);
insert into Candidacy (wkid, idno, supportedby) VALUES (138, 4966, 32);
insert into Landeslistenplatz (llid, idno, position) VALUES (341, 4966, 3);
insert into Citizen (idno, title, firstname, lastname, dateofbirth, gender) VALUES (4967, '', 'Wolfgang', 'Heimann', '1.1.1960.', 'n');
insert into CandidatesData (idno) VALUES (4967);
insert into Candidacy (wkid, idno, supportedby) VALUES (20, 4967, NULL);
insert into Citizen (idno, title, firstname, lastname, dateofbirth, gender) VALUES (4968, '', 'Dirk', 'Heimsoth', '1.1.1956.', 'n');
insert into CandidatesData (idno) VALUES (4968);
insert into Candidacy (wkid, idno, supportedby) VALUES (76, 4968, 1);
insert into Citizen (idno, title, firstname, lastname, dateofbirth, gender) VALUES (4969, 'Dr. ', 'Rosemarie Anna Gertrud', 'Hein', '1.1.1953.', 'n');
insert into CandidatesData (idno) VALUES (4969);
insert into Candidacy (wkid, idno, supportedby) VALUES (138, 4969, 3);
insert into Landeslistenplatz (llid, idno, position) VALUES (373, 4969, 5);
insert into Citizen (idno, title, firstname, lastname, dateofbirth, gender) VALUES (4970, '', 'Olaf', 'Hein', '1.1.1956.', 'n');
insert into CandidatesData (idno) VALUES (4970);
insert into Landeslistenplatz (llid, idno, position) VALUES (253, 4970, 41);
insert into Citizen (idno, title, firstname, lastname, dateofbirth, gender) VALUES (4971, '', 'Wilfried', 'Hein', '1.1.1952.', 'n');
insert into CandidatesData (idno) VALUES (4971);
insert into Landeslistenplatz (llid, idno, position) VALUES (343, 4971, 4);
insert into Citizen (idno, title, firstname, lastname, dateofbirth, gender) VALUES (4972, '', 'Tobias', 'Heine', '1.1.1986.', 'n');
insert into CandidatesData (idno) VALUES (4972);
insert into Landeslistenplatz (llid, idno, position) VALUES (268, 4972, 12);
insert into Citizen (idno, title, firstname, lastname, dateofbirth, gender) VALUES (4973, '', 'Heinrich', 'Heineke', '1.1.1949.', 'n');
insert into CandidatesData (idno) VALUES (4973);
insert into Candidacy (wkid, idno, supportedby) VALUES (274, 4973, 4);
insert into Landeslistenplatz (llid, idno, position) VALUES (272, 4973, 39);
insert into Citizen (idno, title, firstname, lastname, dateofbirth, gender) VALUES (4974, '', 'Silvia', 'Heinel', '1.1.1988.', 'n');
insert into CandidatesData (idno) VALUES (4974);
insert into Landeslistenplatz (llid, idno, position) VALUES (353, 4974, 2);
insert into Citizen (idno, title, firstname, lastname, dateofbirth, gender) VALUES (4975, 'Dr. ', 'Uwe', 'Heinemann', '1.1.1975.', 'n');
insert into CandidatesData (idno) VALUES (4975);
insert into Landeslistenplatz (llid, idno, position) VALUES (227, 4975, 45);
insert into Citizen (idno, title, firstname, lastname, dateofbirth, gender) VALUES (4976, '', 'Alexandra', 'Heinen', '1.1.1971.', 'n');
insert into CandidatesData (idno) VALUES (4976);
insert into Landeslistenplatz (llid, idno, position) VALUES (226, 4976, 16);
insert into Citizen (idno, title, firstname, lastname, dateofbirth, gender) VALUES (4977, '', 'Filip', 'Heinlein', '1.1.1985.', 'n');
insert into CandidatesData (idno) VALUES (4977);
insert into Landeslistenplatz (llid, idno, position) VALUES (348, 4977, 11);
insert into Citizen (idno, title, firstname, lastname, dateofbirth, gender) VALUES (4978, '', 'Detlef', 'Heinrich', '1.1.1942.', 'n');
insert into CandidatesData (idno) VALUES (4978);
insert into Landeslistenplatz (llid, idno, position) VALUES (377, 4978, 5);
insert into Citizen (idno, title, firstname, lastname, dateofbirth, gender) VALUES (4979, '', 'Frank', 'Heinrich', '1.1.1964.', 'n');
insert into CandidatesData (idno) VALUES (4979);
insert into Candidacy (wkid, idno, supportedby) VALUES (324, 4979, 12);
insert into Citizen (idno, title, firstname, lastname, dateofbirth, gender) VALUES (4980, '', 'Gabriela', 'Heinrich', '1.1.1963.', 'n');
insert into CandidatesData (idno) VALUES (4980);
insert into Candidacy (wkid, idno, supportedby) VALUES (488, 4980, 2);
insert into Landeslistenplatz (llid, idno, position) VALUES (260, 4980, 22);
insert into Citizen (idno, title, firstname, lastname, dateofbirth, gender) VALUES (4981, '', 'Ralf', 'Heinrich', '1.1.1962.', 'n');
insert into CandidatesData (idno) VALUES (4981);
insert into Landeslistenplatz (llid, idno, position) VALUES (393, 4981, 10);
insert into Citizen (idno, title, firstname, lastname, dateofbirth, gender) VALUES (4982, '', 'Ronald', 'Heinrich', '1.1.1976.', 'n');
insert into CandidatesData (idno) VALUES (4982);
insert into Candidacy (wkid, idno, supportedby) VALUES (442, 4982, 7);
insert into Citizen (idno, title, firstname, lastname, dateofbirth, gender) VALUES (4983, '', 'Torsten', 'Heinrich', '1.1.1982.', 'n');
insert into CandidatesData (idno) VALUES (4983);
insert into Candidacy (wkid, idno, supportedby) VALUES (502, 4983, 33);
insert into Citizen (idno, title, firstname, lastname, dateofbirth, gender) VALUES (4984, '', 'Roland', 'Heintze', '1.1.1973.', 'n');
insert into CandidatesData (idno) VALUES (4984);
insert into Landeslistenplatz (llid, idno, position) VALUES (398, 4984, 11);
insert into Citizen (idno, title, firstname, lastname, dateofbirth, gender) VALUES (4985, '', 'Axel Werner', 'Heinzmann', '1.1.1946.', 'n');
insert into CandidatesData (idno) VALUES (4985);
insert into Candidacy (wkid, idno, supportedby) VALUES (578, 4985, 1);
insert into Citizen (idno, title, firstname, lastname, dateofbirth, gender) VALUES (4986, '', 'Gabriel', 'Heinzmann-Jiménez', '1.1.1991.', 'n');
insert into CandidatesData (idno) VALUES (4986);
insert into Candidacy (wkid, idno, supportedby) VALUES (210, 4986, 7);
insert into Citizen (idno, title, firstname, lastname, dateofbirth, gender) VALUES (4987, '', 'Tabea', 'Heipel', '1.1.1988.', 'n');
insert into CandidatesData (idno) VALUES (4987);
insert into Landeslistenplatz (llid, idno, position) VALUES (227, 4987, 38);
insert into Citizen (idno, title, firstname, lastname, dateofbirth, gender) VALUES (4988, '', 'Thorsten', 'Heise', '1.1.1969.', 'n');
insert into CandidatesData (idno) VALUES (4988);
insert into Candidacy (wkid, idno, supportedby) VALUES (378, 4988, 1);
insert into Landeslistenplatz (llid, idno, position) VALUES (271, 4988, 2);
insert into Citizen (idno, title, firstname, lastname, dateofbirth, gender) VALUES (4989, '', 'Thomas Martin', 'Heiske', '1.1.1966.', 'n');
insert into CandidatesData (idno) VALUES (4989);
insert into Candidacy (wkid, idno, supportedby) VALUES (226, 4989, 4);
insert into Landeslistenplatz (llid, idno, position) VALUES (272, 4989, 55);
insert into Citizen (idno, title, firstname, lastname, dateofbirth, gender) VALUES (4990, '', 'Michael', 'Heiß', '1.1.1947.', 'n');
insert into CandidatesData (idno) VALUES (4990);
insert into Candidacy (wkid, idno, supportedby) VALUES (482, 4990, 1);
insert into Citizen (idno, title, firstname, lastname, dateofbirth, gender) VALUES (4991, '', 'Alfred', 'Heitmann', '1.1.1948.', 'n');
insert into CandidatesData (idno) VALUES (4991);
insert into Candidacy (wkid, idno, supportedby) VALUES (252, 4991, 33);
insert into Citizen (idno, title, firstname, lastname, dateofbirth, gender) VALUES (4992, '', 'Marcus', 'Held', '1.1.1977.', 'n');
insert into CandidatesData (idno) VALUES (4992);
insert into Candidacy (wkid, idno, supportedby) VALUES (414, 4992, 2);
insert into Landeslistenplatz (llid, idno, position) VALUES (244, 4992, 10);
insert into Citizen (idno, title, firstname, lastname, dateofbirth, gender) VALUES (4993, '', 'Thomas', 'Heldberg', '1.1.1977.', 'n');
insert into CandidatesData (idno) VALUES (4993);
insert into Candidacy (wkid, idno, supportedby) VALUES (24, 4993, 4);
insert into Landeslistenplatz (llid, idno, position) VALUES (278, 4993, 3);
insert into Citizen (idno, title, firstname, lastname, dateofbirth, gender) VALUES (4994, '', 'Eva-Maria Helene', 'Heldmann', '1.1.1982.', 'n');
insert into CandidatesData (idno) VALUES (4994);
insert into Landeslistenplatz (llid, idno, position) VALUES (227, 4994, 36);
insert into Citizen (idno, title, firstname, lastname, dateofbirth, gender) VALUES (4995, '', 'Marc André', 'Helfrich', '1.1.1978.', 'n');
insert into CandidatesData (idno) VALUES (4995);
insert into Candidacy (wkid, idno, supportedby) VALUES (6, 4995, 12);
insert into Landeslistenplatz (llid, idno, position) VALUES (335, 4995, 11);
insert into Citizen (idno, title, firstname, lastname, dateofbirth, gender) VALUES (4996, '', 'Ingo Rüdiger', 'Helge', '1.1.1976.', 'n');
insert into CandidatesData (idno) VALUES (4996);
insert into Candidacy (wkid, idno, supportedby) VALUES (70, 4996, 1);
insert into Landeslistenplatz (llid, idno, position) VALUES (347, 4996, 8);
insert into Citizen (idno, title, firstname, lastname, dateofbirth, gender) VALUES (4997, '', 'Hendrick Tilmann', 'Heller', '1.1.1986.', 'n');
insert into CandidatesData (idno) VALUES (4997);
insert into Landeslistenplatz (llid, idno, position) VALUES (271, 4997, 8);
insert into Citizen (idno, title, firstname, lastname, dateofbirth, gender) VALUES (4998, '', 'Uda Carmen Freia', 'Heller', '1.1.1951.', 'n');
insert into CandidatesData (idno) VALUES (4998);
insert into Candidacy (wkid, idno, supportedby) VALUES (148, 4998, 12);
insert into Landeslistenplatz (llid, idno, position) VALUES (305, 4998, 6);
insert into Citizen (idno, title, firstname, lastname, dateofbirth, gender) VALUES (4999, '', 'Alexander', 'Heller-Elspaß', '1.1.1953.', 'n');
insert into CandidatesData (idno) VALUES (4999);
insert into Landeslistenplatz (llid, idno, position) VALUES (201, 4999, 46);
insert into Citizen (idno, title, firstname, lastname, dateofbirth, gender) VALUES (5000, '', 'Harald', 'Helling', '1.1.1958.', 'n');
insert into CandidatesData (idno) VALUES (5000);
insert into Landeslistenplatz (llid, idno, position) VALUES (242, 5000, 59);
insert into Citizen (idno, title, firstname, lastname, dateofbirth, gender) VALUES (5001, '', 'Katrin', 'Helling-Plahr', '1.1.1986.', 'n');
insert into CandidatesData (idno) VALUES (5001);
insert into Candidacy (wkid, idno, supportedby) VALUES (276, 5001, 4);
insert into Landeslistenplatz (llid, idno, position) VALUES (272, 5001, 23);
insert into Citizen (idno, title, firstname, lastname, dateofbirth, gender) VALUES (5002, '', 'Wolfgang', 'Hellmich', '1.1.1958.', 'n');
insert into CandidatesData (idno) VALUES (5002);
insert into Candidacy (wkid, idno, supportedby) VALUES (292, 5002, 2);
insert into Landeslistenplatz (llid, idno, position) VALUES (246, 5002, 13);
insert into Citizen (idno, title, firstname, lastname, dateofbirth, gender) VALUES (5003, '', 'Jörg', 'Hellmuth', '1.1.1957.', 'n');
insert into CandidatesData (idno) VALUES (5003);
insert into Candidacy (wkid, idno, supportedby) VALUES (132, 5003, 12);
insert into Landeslistenplatz (llid, idno, position) VALUES (305, 5003, 7);
insert into Citizen (idno, title, firstname, lastname, dateofbirth, gender) VALUES (5004, '', 'Ronnie', 'Hellriegel', '1.1.1978.', 'n');
insert into CandidatesData (idno) VALUES (5004);
insert into Candidacy (wkid, idno, supportedby) VALUES (516, 5004, 1);
insert into Citizen (idno, title, firstname, lastname, dateofbirth, gender) VALUES (5005, '', 'Anne', 'Helm', '1.1.1986.', 'n');
insert into CandidatesData (idno) VALUES (5005);
insert into Candidacy (wkid, idno, supportedby) VALUES (164, 5005, 7);
insert into Citizen (idno, title, firstname, lastname, dateofbirth, gender) VALUES (5006, '', 'Kai-Uwe', 'Hemmerich', '1.1.1969.', 'n');
insert into CandidatesData (idno) VALUES (5006);
insert into Landeslistenplatz (llid, idno, position) VALUES (262, 5006, 34);
insert into Citizen (idno, title, firstname, lastname, dateofbirth, gender) VALUES (5007, 'Dr. ', 'Barbara', 'Hendricks', '1.1.1952.', 'n');
insert into CandidatesData (idno) VALUES (5007);
insert into Candidacy (wkid, idno, supportedby) VALUES (224, 5007, 2);
insert into Landeslistenplatz (llid, idno, position) VALUES (246, 5007, 2);
insert into Citizen (idno, title, firstname, lastname, dateofbirth, gender) VALUES (5008, '', 'Lutz-Michael', 'Henjes', '1.1.1959.', 'n');
insert into CandidatesData (idno) VALUES (5008);
insert into Landeslistenplatz (llid, idno, position) VALUES (340, 5008, 16);
insert into Citizen (idno, title, firstname, lastname, dateofbirth, gender) VALUES (5009, '', 'Jürgen Christoph', 'Henke', '1.1.1958.', 'n');
insert into CandidatesData (idno) VALUES (5009);
insert into Landeslistenplatz (llid, idno, position) VALUES (347, 5009, 7);
insert into Citizen (idno, title, firstname, lastname, dateofbirth, gender) VALUES (5010, '', 'Rudolf', 'Henke', '1.1.1954.', 'n');
insert into CandidatesData (idno) VALUES (5010);
insert into Candidacy (wkid, idno, supportedby) VALUES (174, 5010, 12);
insert into Landeslistenplatz (llid, idno, position) VALUES (310, 5010, 32);
insert into Citizen (idno, title, firstname, lastname, dateofbirth, gender) VALUES (5011, '', 'Heidtrud', 'Henn', '1.1.1962.', 'n');
insert into CandidatesData (idno) VALUES (5011);
insert into Landeslistenplatz (llid, idno, position) VALUES (250, 5011, 3);
insert into Citizen (idno, title, firstname, lastname, dateofbirth, gender) VALUES (5012, '', 'Benjamin Herbert', 'Hennes', '1.1.1987.', 'n');
insert into CandidatesData (idno) VALUES (5012);
insert into Candidacy (wkid, idno, supportedby) VALUES (588, 5012, 1);
insert into Citizen (idno, title, firstname, lastname, dateofbirth, gender) VALUES (5013, '', 'Holger', 'Hennig', '1.1.1974.', 'n');
insert into CandidatesData (idno) VALUES (5013);
insert into Landeslistenplatz (llid, idno, position) VALUES (248, 5013, 24);
insert into Citizen (idno, title, firstname, lastname, dateofbirth, gender) VALUES (5014, '', 'Mario', 'Hennig', '1.1.1966.', 'n');
insert into CandidatesData (idno) VALUES (5014);
insert into Candidacy (wkid, idno, supportedby) VALUES (136, 5014, 2);
insert into Landeslistenplatz (llid, idno, position) VALUES (337, 5014, 8);
insert into Citizen (idno, title, firstname, lastname, dateofbirth, gender) VALUES (5015, '', 'Martin', 'Hennig', '1.1.1970.', 'n');
insert into CandidatesData (idno) VALUES (5015);
insert into Candidacy (wkid, idno, supportedby) VALUES (436, 5015, 10);
insert into Landeslistenplatz (llid, idno, position) VALUES (393, 5015, 7);
insert into Citizen (idno, title, firstname, lastname, dateofbirth, gender) VALUES (5016, '', 'Joachim H.', 'Henning', '1.1.1952.', 'n');
insert into CandidatesData (idno) VALUES (5016);
insert into Candidacy (wkid, idno, supportedby) VALUES (166, 5016, 32);
insert into Citizen (idno, title, firstname, lastname, dateofbirth, gender) VALUES (5017, '', 'Hans-Dieter', 'Henninger', '1.1.1952.', 'n');
insert into CandidatesData (idno) VALUES (5017);
insert into Landeslistenplatz (llid, idno, position) VALUES (236, 5017, 25);
insert into Citizen (idno, title, firstname, lastname, dateofbirth, gender) VALUES (5018, '', 'Michael', 'Hennrich', '1.1.1965.', 'n');
insert into CandidatesData (idno) VALUES (5018);
insert into Candidacy (wkid, idno, supportedby) VALUES (524, 5018, 12);
insert into Citizen (idno, title, firstname, lastname, dateofbirth, gender) VALUES (5019, '', 'Wener', 'Henrichs', '1.1.1938.', 'n');
insert into CandidatesData (idno) VALUES (5019);
insert into Landeslistenplatz (llid, idno, position) VALUES (254, 5019, 10);
insert into Citizen (idno, title, firstname, lastname, dateofbirth, gender) VALUES (5020, '', 'Norbert', 'Hense', '1.1.1990.', 'n');
insert into CandidatesData (idno) VALUES (5020);
insert into Candidacy (wkid, idno, supportedby) VALUES (568, 5020, 7);
insert into Landeslistenplatz (llid, idno, position) VALUES (221, 5020, 18);
insert into Citizen (idno, title, firstname, lastname, dateofbirth, gender) VALUES (5021, 'Dr. ', 'Stephanie', 'Hentschel', '1.1.1963.', 'n');
insert into CandidatesData (idno) VALUES (5021);
insert into Candidacy (wkid, idno, supportedby) VALUES (438, 5021, 32);
insert into Landeslistenplatz (llid, idno, position) VALUES (206, 5021, 8);
insert into Citizen (idno, title, firstname, lastname, dateofbirth, gender) VALUES (5022, '', 'Michael', 'Hentschel', '1.1.1964.', 'n');
insert into CandidatesData (idno) VALUES (5022);
insert into Candidacy (wkid, idno, supportedby) VALUES (270, 5022, 33);
insert into Citizen (idno, title, firstname, lastname, dateofbirth, gender) VALUES (5023, '', 'Achim', 'Heppding', '1.1.1954.', 'n');
insert into CandidatesData (idno) VALUES (5023);
insert into Landeslistenplatz (llid, idno, position) VALUES (243, 5023, 2);
insert into Citizen (idno, title, firstname, lastname, dateofbirth, gender) VALUES (5024, 'Dr. ', 'Ernst Albert', 'Herbert', '1.1.1952.', 'n');
insert into CandidatesData (idno) VALUES (5024);
insert into Candidacy (wkid, idno, supportedby) VALUES (202, 5024, 13);
insert into Citizen (idno, title, firstname, lastname, dateofbirth, gender) VALUES (5025, 'Dr. ', 'Ulrich', 'Herbert', '1.1.1952.', 'n');
insert into CandidatesData (idno) VALUES (5025);
insert into Candidacy (wkid, idno, supportedby) VALUES (476, 5025, 4);
insert into Landeslistenplatz (llid, idno, position) VALUES (276, 5025, 14);
insert into Citizen (idno, title, firstname, lastname, dateofbirth, gender) VALUES (5026, '', 'Reinhold', 'Herbert', '1.1.1961.', 'n');
insert into CandidatesData (idno) VALUES (5026);
insert into Candidacy (wkid, idno, supportedby) VALUES (442, 5026, 32);
insert into Landeslistenplatz (llid, idno, position) VALUES (206, 5026, 11);
insert into Citizen (idno, title, firstname, lastname, dateofbirth, gender) VALUES (5027, '', 'Sibylle Bärbel', 'Herbert', '1.1.1942.', 'n');
insert into CandidatesData (idno) VALUES (5027);
insert into Landeslistenplatz (llid, idno, position) VALUES (290, 5027, 32);
insert into Citizen (idno, title, firstname, lastname, dateofbirth, gender) VALUES (5028, '', 'Günter Franz Wilhelm', 'Herbig', '1.1.1948.', 'n');
insert into CandidatesData (idno) VALUES (5028);
insert into Candidacy (wkid, idno, supportedby) VALUES (578, 5028, 3);
insert into Citizen (idno, title, firstname, lastname, dateofbirth, gender) VALUES (5029, '', 'Peter', 'Herbold', '1.1.1965.', 'n');
insert into CandidatesData (idno) VALUES (5029);
insert into Candidacy (wkid, idno, supportedby) VALUES (554, 5029, 19);
insert into Landeslistenplatz (llid, idno, position) VALUES (358, 5029, 17);
insert into Citizen (idno, title, firstname, lastname, dateofbirth, gender) VALUES (5030, '', 'Philipp Alexander', 'Herbold', '1.1.1983.', 'n');
insert into CandidatesData (idno) VALUES (5030);
insert into Landeslistenplatz (llid, idno, position) VALUES (290, 5030, 30);
insert into Citizen (idno, title, firstname, lastname, dateofbirth, gender) VALUES (5031, '', 'Rolf', 'Hercher', '1.1.1937.', 'n');
insert into CandidatesData (idno) VALUES (5031);
insert into Candidacy (wkid, idno, supportedby) VALUES (122, 5031, NULL);
insert into Citizen (idno, title, firstname, lastname, dateofbirth, gender) VALUES (5032, '', 'Marion Marga', 'Herdan', '1.1.1958.', 'n');
insert into CandidatesData (idno) VALUES (5032);
insert into Landeslistenplatz (llid, idno, position) VALUES (335, 5032, 12);
insert into Citizen (idno, title, firstname, lastname, dateofbirth, gender) VALUES (5033, '', 'Janina', 'Herff', '1.1.1983.', 'n');
insert into CandidatesData (idno) VALUES (5033);
insert into Candidacy (wkid, idno, supportedby) VALUES (238, 5033, 3);
insert into Landeslistenplatz (llid, idno, position) VALUES (269, 5033, 13);
insert into Citizen (idno, title, firstname, lastname, dateofbirth, gender) VALUES (5034, 'Dr. ', 'Harald', 'Herget von', '1.1.1963.', 'n');
insert into CandidatesData (idno) VALUES (5034);
insert into Landeslistenplatz (llid, idno, position) VALUES (371, 5034, 5);
insert into Citizen (idno, title, firstname, lastname, dateofbirth, gender) VALUES (5035, '', 'Peter', 'Herion', '1.1.1941.', 'n');
insert into CandidatesData (idno) VALUES (5035);
insert into Landeslistenplatz (llid, idno, position) VALUES (410, 5035, 3);
insert into Citizen (idno, title, firstname, lastname, dateofbirth, gender) VALUES (5036, '', 'Bettina', 'Herlitzius', '1.1.1960.', 'n');
insert into CandidatesData (idno) VALUES (5036);
insert into Candidacy (wkid, idno, supportedby) VALUES (176, 5036, 5);
insert into Landeslistenplatz (llid, idno, position) VALUES (256, 5036, 17);
insert into Citizen (idno, title, firstname, lastname, dateofbirth, gender) VALUES (5037, '', 'Frank-Uwe', 'Hermann', '1.1.1943.', 'n');
insert into CandidatesData (idno) VALUES (5037);
insert into Landeslistenplatz (llid, idno, position) VALUES (213, 5037, 22);
insert into Citizen (idno, title, firstname, lastname, dateofbirth, gender) VALUES (5038, '', 'Petra', 'Hermann', '1.1.1960.', 'n');
insert into CandidatesData (idno) VALUES (5038);
insert into Candidacy (wkid, idno, supportedby) VALUES (240, 5038, 4);
insert into Landeslistenplatz (llid, idno, position) VALUES (272, 5038, 45);
insert into Citizen (idno, title, firstname, lastname, dateofbirth, gender) VALUES (5039, '', 'Alfred', 'Herr', '1.1.1948.', 'n');
insert into CandidatesData (idno) VALUES (5039);
insert into Landeslistenplatz (llid, idno, position) VALUES (226, 5039, 20);
insert into Citizen (idno, title, firstname, lastname, dateofbirth, gender) VALUES (5040, '', 'Caroline', 'Herre', '1.1.1946.', 'n');
insert into CandidatesData (idno) VALUES (5040);
insert into Landeslistenplatz (llid, idno, position) VALUES (270, 5040, 12);
insert into Citizen (idno, title, firstname, lastname, dateofbirth, gender) VALUES (5041, '', 'Franz-Rudolf', 'Herrmann', '1.1.1948.', 'n');
insert into CandidatesData (idno) VALUES (5041);
insert into Landeslistenplatz (llid, idno, position) VALUES (418, 5041, 2);
insert into Citizen (idno, title, firstname, lastname, dateofbirth, gender) VALUES (5042, '', 'Klaus Lars', 'Herrmann', '1.1.1977.', 'n');
insert into CandidatesData (idno) VALUES (5042);
insert into Landeslistenplatz (llid, idno, position) VALUES (339, 5042, 4);
insert into Citizen (idno, title, firstname, lastname, dateofbirth, gender) VALUES (5043, '', 'Gustav', 'Herzog', '1.1.1958.', 'n');
insert into CandidatesData (idno) VALUES (5043);
insert into Candidacy (wkid, idno, supportedby) VALUES (420, 5043, 2);
insert into Landeslistenplatz (llid, idno, position) VALUES (244, 5043, 2);
insert into Citizen (idno, title, firstname, lastname, dateofbirth, gender) VALUES (5044, '', 'Tibor', 'Herzog', '1.1.1963.', 'n');
insert into CandidatesData (idno) VALUES (5044);
insert into Candidacy (wkid, idno, supportedby) VALUES (190, 5044, 1);
insert into Citizen (idno, title, firstname, lastname, dateofbirth, gender) VALUES (5045, '', 'Petra', 'Heß', '1.1.1959.', 'n');
insert into CandidatesData (idno) VALUES (5045);
insert into Candidacy (wkid, idno, supportedby) VALUES (384, 5045, 2);
insert into Landeslistenplatz (llid, idno, position) VALUES (330, 5045, 4);
insert into Citizen (idno, title, firstname, lastname, dateofbirth, gender) VALUES (5046, '', 'Klaus-Peter', 'Hesse', '1.1.1967.', 'n');
insert into CandidatesData (idno) VALUES (5046);
insert into Landeslistenplatz (llid, idno, position) VALUES (398, 5046, 10);
insert into Citizen (idno, title, firstname, lastname, dateofbirth, gender) VALUES (5047, '', 'Markus Arthur', 'Hesse', '1.1.1966.', 'n');
insert into CandidatesData (idno) VALUES (5047);
insert into Candidacy (wkid, idno, supportedby) VALUES (462, 5047, 33);
insert into Citizen (idno, title, firstname, lastname, dateofbirth, gender) VALUES (5048, '', 'Patricia', 'Hesse', '1.1.1959.', 'n');
insert into CandidatesData (idno) VALUES (5048);
insert into Landeslistenplatz (llid, idno, position) VALUES (369, 5048, 3);
insert into Citizen (idno, title, firstname, lastname, dateofbirth, gender) VALUES (5049, '', 'Sven', 'Heublein', '1.1.1984.', 'n');
insert into CandidatesData (idno) VALUES (5049);
insert into Landeslistenplatz (llid, idno, position) VALUES (220, 5049, 63);
insert into Citizen (idno, title, firstname, lastname, dateofbirth, gender) VALUES (5050, '', 'Joachim', 'Heumos', '1.1.1962.', 'n');
insert into CandidatesData (idno) VALUES (5050);
insert into Landeslistenplatz (llid, idno, position) VALUES (292, 5050, 20);
insert into Citizen (idno, title, firstname, lastname, dateofbirth, gender) VALUES (5051, '', 'Susanne', 'Heun', '1.1.1956.', 'n');
insert into CandidatesData (idno) VALUES (5051);
insert into Landeslistenplatz (llid, idno, position) VALUES (294, 5051, 25);
insert into Citizen (idno, title, firstname, lastname, dateofbirth, gender) VALUES (5052, '', 'Ansgar', 'Heveling', '1.1.1972.', 'n');
insert into CandidatesData (idno) VALUES (5052);
insert into Candidacy (wkid, idno, supportedby) VALUES (220, 5052, 12);
insert into Citizen (idno, title, firstname, lastname, dateofbirth, gender) VALUES (5053, '', 'Georg', 'Hewald', '1.1.1957.', 'n');
insert into CandidatesData (idno) VALUES (5053);
insert into Candidacy (wkid, idno, supportedby) VALUES (198, 5053, 3);
insert into Citizen (idno, title, firstname, lastname, dateofbirth, gender) VALUES (5054, 'Dr. ', 'Carl Allwill Jürgen', 'Heydrich', '1.1.1933.', 'n');
insert into CandidatesData (idno) VALUES (5054);
insert into Landeslistenplatz (llid, idno, position) VALUES (273, 5054, 4);
insert into Citizen (idno, title, firstname, lastname, dateofbirth, gender) VALUES (5055, '', 'Antje', 'Hiekisch', '1.1.1977.', 'n');
insert into CandidatesData (idno) VALUES (5055);
insert into Landeslistenplatz (llid, idno, position) VALUES (241, 5055, 3);
insert into Citizen (idno, title, firstname, lastname, dateofbirth, gender) VALUES (5056, 'Dr. ', 'Hermann', 'Hiery', '1.1.1957.', 'n');
insert into CandidatesData (idno) VALUES (5056);
insert into Candidacy (wkid, idno, supportedby) VALUES (474, 5056, 4);
insert into Landeslistenplatz (llid, idno, position) VALUES (276, 5056, 32);
insert into Citizen (idno, title, firstname, lastname, dateofbirth, gender) VALUES (5057, '', 'Anna-Maria', 'Hildebrand', '1.1.1985.', 'n');
insert into CandidatesData (idno) VALUES (5057);
insert into Candidacy (wkid, idno, supportedby) VALUES (160, 5057, 10);
insert into Landeslistenplatz (llid, idno, position) VALUES (356, 5057, 12);
insert into Citizen (idno, title, firstname, lastname, dateofbirth, gender) VALUES (5058, '', 'Katrin Cornelia', 'Hilger', '1.1.1966.', 'n');
insert into CandidatesData (idno) VALUES (5058);
insert into Landeslistenplatz (llid, idno, position) VALUES (287, 5058, 6);
insert into Citizen (idno, title, firstname, lastname, dateofbirth, gender) VALUES (5059, '', 'Mirko', 'Hilgers', '1.1.1967.', 'n');
insert into CandidatesData (idno) VALUES (5059);
insert into Candidacy (wkid, idno, supportedby) VALUES (220, 5059, 1);
insert into Citizen (idno, title, firstname, lastname, dateofbirth, gender) VALUES (5060, '', 'Erik', 'Hilgert', '1.1.1987.', 'n');
insert into CandidatesData (idno) VALUES (5060);
insert into Landeslistenplatz (llid, idno, position) VALUES (297, 5060, 24);
insert into Citizen (idno, title, firstname, lastname, dateofbirth, gender) VALUES (5061, '', 'Rainer Josef', 'Hilgert', '1.1.1953.', 'n');
insert into CandidatesData (idno) VALUES (5061);
insert into Candidacy (wkid, idno, supportedby) VALUES (398, 5061, 36);
insert into Landeslistenplatz (llid, idno, position) VALUES (229, 5061, 1);
insert into Citizen (idno, title, firstname, lastname, dateofbirth, gender) VALUES (5062, '', 'Hans-Kurt', 'Hill', '1.1.1950.', 'n');
insert into CandidatesData (idno) VALUES (5062);
insert into LandesListe (llid, year, pid, fsid) VALUES (419, 2013, 3, 12);
insert into Landeslistenplatz (llid, idno, position) VALUES (419, 5062, 4);
insert into Citizen (idno, title, firstname, lastname, dateofbirth, gender) VALUES (5063, '', 'Dieter', 'Hille', '1.1.1961.', 'n');
insert into CandidatesData (idno) VALUES (5063);
insert into Candidacy (wkid, idno, supportedby) VALUES (334, 5063, 3);
insert into Citizen (idno, title, firstname, lastname, dateofbirth, gender) VALUES (5064, '', 'Klaus-Jürgen', 'Hillebrand', '1.1.1950.', 'n');
insert into CandidatesData (idno) VALUES (5064);
insert into Landeslistenplatz (llid, idno, position) VALUES (285, 5064, 16);
insert into Citizen (idno, title, firstname, lastname, dateofbirth, gender) VALUES (5065, '', 'Claus- Detlev', 'Hiller', '1.1.1946.', 'n');
insert into CandidatesData (idno) VALUES (5065);
insert into Landeslistenplatz (llid, idno, position) VALUES (203, 5065, 9);
insert into Citizen (idno, title, firstname, lastname, dateofbirth, gender) VALUES (5066, '', 'Gabriele Therese Hedwig', 'Hiller-Ohm', '1.1.1953.', 'n');
insert into CandidatesData (idno) VALUES (5066);
insert into Candidacy (wkid, idno, supportedby) VALUES (22, 5066, 2);
insert into Landeslistenplatz (llid, idno, position) VALUES (277, 5066, 4);
insert into Citizen (idno, title, firstname, lastname, dateofbirth, gender) VALUES (5067, '', 'Armin', 'Hillingshäuser', '1.1.1961.', 'n');
insert into CandidatesData (idno) VALUES (5067);
insert into Candidacy (wkid, idno, supportedby) VALUES (410, 5067, 32);
insert into Landeslistenplatz (llid, idno, position) VALUES (202, 5067, 11);
insert into Citizen (idno, title, firstname, lastname, dateofbirth, gender) VALUES (5068, '', 'Bernd', 'Hilpert', '1.1.1965.', 'n');
insert into CandidatesData (idno) VALUES (5068);
insert into Candidacy (wkid, idno, supportedby) VALUES (360, 5068, 1);
insert into Citizen (idno, title, firstname, lastname, dateofbirth, gender) VALUES (5069, '', 'Peter', 'Hilpert', '1.1.1962.', 'n');
insert into CandidatesData (idno) VALUES (5069);
insert into Candidacy (wkid, idno, supportedby) VALUES (260, 5069, 1);
insert into Citizen (idno, title, firstname, lastname, dateofbirth, gender) VALUES (5070, 'Dr. ', 'Thomas', 'Hilscher', '1.1.1955.', 'n');
insert into CandidatesData (idno) VALUES (5070);
insert into Candidacy (wkid, idno, supportedby) VALUES (514, 5070, 15);
insert into Landeslistenplatz (llid, idno, position) VALUES (228, 5070, 3);
insert into Citizen (idno, title, firstname, lastname, dateofbirth, gender) VALUES (5071, 'Dr. ', 'Hauke', 'Hilz', '1.1.1977.', 'n');
insert into CandidatesData (idno) VALUES (5071);
insert into Candidacy (wkid, idno, supportedby) VALUES (110, 5071, 4);
insert into LandesListe (llid, year, pid, fsid) VALUES (420, 2013, 4, 11);
insert into Landeslistenplatz (llid, idno, position) VALUES (420, 5071, 2);
insert into Citizen (idno, title, firstname, lastname, dateofbirth, gender) VALUES (5072, '', 'Heinz Karl', 'Hinkel', '1.1.1949.', 'n');
insert into CandidatesData (idno) VALUES (5072);
insert into Candidacy (wkid, idno, supportedby) VALUES (422, 5072, 19);
insert into Landeslistenplatz (llid, idno, position) VALUES (298, 5072, 3);
insert into Citizen (idno, title, firstname, lastname, dateofbirth, gender) VALUES (5073, '', 'Thomas', 'Hintner', '1.1.1960.', 'n');
insert into CandidatesData (idno) VALUES (5073);
insert into Landeslistenplatz (llid, idno, position) VALUES (252, 5073, 12);
insert into Citizen (idno, title, firstname, lastname, dateofbirth, gender) VALUES (5074, '', 'Peter', 'Hintze', '1.1.1950.', 'n');
insert into CandidatesData (idno) VALUES (5074);
insert into Candidacy (wkid, idno, supportedby) VALUES (204, 5074, 12);
insert into Landeslistenplatz (llid, idno, position) VALUES (310, 5074, 5);
insert into Citizen (idno, title, firstname, lastname, dateofbirth, gender) VALUES (5075, 'Dr. ', 'Peter', 'Hinz', '1.1.1958.', 'n');
insert into CandidatesData (idno) VALUES (5075);
insert into Landeslistenplatz (llid, idno, position) VALUES (279, 5075, 16);
insert into Citizen (idno, title, firstname, lastname, dateofbirth, gender) VALUES (5076, '', 'Martina', 'Hinz', '1.1.1957.', 'n');
insert into CandidatesData (idno) VALUES (5076);
insert into Landeslistenplatz (llid, idno, position) VALUES (356, 5076, 17);
insert into Citizen (idno, title, firstname, lastname, dateofbirth, gender) VALUES (5077, '', 'Petra', 'Hinz', '1.1.1962.', 'n');
insert into CandidatesData (idno) VALUES (5077);
insert into Candidacy (wkid, idno, supportedby) VALUES (240, 5077, 2);
insert into Landeslistenplatz (llid, idno, position) VALUES (246, 5077, 26);
insert into Citizen (idno, title, firstname, lastname, dateofbirth, gender) VALUES (5078, '', 'Priska Margarete', 'Hinz', '1.1.1959.', 'n');
insert into CandidatesData (idno) VALUES (5078);
insert into Candidacy (wkid, idno, supportedby) VALUES (344, 5078, 5);
insert into Landeslistenplatz (llid, idno, position) VALUES (318, 5078, 1);
insert into Citizen (idno, title, firstname, lastname, dateofbirth, gender) VALUES (5079, '', 'Simson', 'Hipp', '1.1.1984.', 'n');
insert into CandidatesData (idno) VALUES (5079);
insert into Candidacy (wkid, idno, supportedby) VALUES (498, 5079, 32);
insert into Landeslistenplatz (llid, idno, position) VALUES (206, 5079, 7);
insert into Citizen (idno, title, firstname, lastname, dateofbirth, gender) VALUES (5080, '', 'Christian', 'Hirte', '1.1.1976.', 'n');
insert into CandidatesData (idno) VALUES (5080);
insert into Candidacy (wkid, idno, supportedby) VALUES (380, 5080, 12);
insert into Landeslistenplatz (llid, idno, position) VALUES (388, 5080, 4);
insert into Citizen (idno, title, firstname, lastname, dateofbirth, gender) VALUES (5081, 'Prof. Dr. ', 'Heribert', 'Hirte', '1.1.1958.', 'n');
insert into CandidatesData (idno) VALUES (5081);
insert into Candidacy (wkid, idno, supportedby) VALUES (188, 5081, 12);
insert into Landeslistenplatz (llid, idno, position) VALUES (310, 5081, 55);
insert into Citizen (idno, title, firstname, lastname, dateofbirth, gender) VALUES (5082, '', 'Lukas Maximilian', 'Hirtz', '1.1.1989.', 'n');
insert into CandidatesData (idno) VALUES (5082);
insert into Candidacy (wkid, idno, supportedby) VALUES (232, 5082, 3);
insert into Landeslistenplatz (llid, idno, position) VALUES (269, 5082, 16);
insert into Citizen (idno, title, firstname, lastname, dateofbirth, gender) VALUES (5083, '', 'Thomas', 'Hitschler', '1.1.1982.', 'n');
insert into CandidatesData (idno) VALUES (5083);
insert into Candidacy (wkid, idno, supportedby) VALUES (424, 5083, 2);
insert into Landeslistenplatz (llid, idno, position) VALUES (244, 5083, 6);
insert into Citizen (idno, title, firstname, lastname, dateofbirth, gender) VALUES (5084, '', 'Jeannette', 'Hnida', '1.1.1965.', 'n');
insert into CandidatesData (idno) VALUES (5084);
insert into Landeslistenplatz (llid, idno, position) VALUES (371, 5084, 3);
insert into Citizen (idno, title, firstname, lastname, dateofbirth, gender) VALUES (5085, '', 'Robert', 'Hochbaum', '1.1.1954.', 'n');
insert into CandidatesData (idno) VALUES (5085);
insert into Candidacy (wkid, idno, supportedby) VALUES (332, 5085, 12);
insert into Citizen (idno, title, firstname, lastname, dateofbirth, gender) VALUES (5086, 'Dr. ', 'Thomas', 'Hochrainer', '1.1.1975.', 'n');
insert into CandidatesData (idno) VALUES (5086);
insert into Candidacy (wkid, idno, supportedby) VALUES (68, 5086, 33);
insert into Landeslistenplatz (llid, idno, position) VALUES (203, 5086, 7);
insert into Citizen (idno, title, firstname, lastname, dateofbirth, gender) VALUES (5087, '', 'Stephan', 'Hochstein', '1.1.1983.', 'n');
insert into CandidatesData (idno) VALUES (5087);
insert into Candidacy (wkid, idno, supportedby) VALUES (190, 5087, 10);
insert into Landeslistenplatz (llid, idno, position) VALUES (338, 5087, 2);
insert into Citizen (idno, title, firstname, lastname, dateofbirth, gender) VALUES (5088, '', 'Georg', 'Hock', '1.1.1950.', 'n');
insert into CandidatesData (idno) VALUES (5088);
insert into Candidacy (wkid, idno, supportedby) VALUES (480, 5088, 33);
insert into Landeslistenplatz (llid, idno, position) VALUES (342, 5088, 35);
insert into Citizen (idno, title, firstname, lastname, dateofbirth, gender) VALUES (5089, '', 'Martin', 'Hoeck', '1.1.1985.', 'n');
insert into CandidatesData (idno) VALUES (5089);
insert into Candidacy (wkid, idno, supportedby) VALUES (114, 5089, 4);
insert into Citizen (idno, title, firstname, lastname, dateofbirth, gender) VALUES (5090, '', 'Björn', 'Höcke', '1.1.1972.', 'n');
insert into CandidatesData (idno) VALUES (5090);
insert into Landeslistenplatz (llid, idno, position) VALUES (378, 5090, 2);
insert into Citizen (idno, title, firstname, lastname, dateofbirth, gender) VALUES (5091, '', 'Uwe', 'Höckendorff', '1.1.1957.', 'n');
insert into CandidatesData (idno) VALUES (5091);
insert into Landeslistenplatz (llid, idno, position) VALUES (340, 5091, 12);
insert into Citizen (idno, title, firstname, lastname, dateofbirth, gender) VALUES (5092, '', 'Annegret', 'Höcker', '1.1.1954.', 'n');
insert into CandidatesData (idno) VALUES (5092);
insert into Candidacy (wkid, idno, supportedby) VALUES (150, 5092, 13);
insert into Landeslistenplatz (llid, idno, position) VALUES (402, 5092, 4);
insert into Citizen (idno, title, firstname, lastname, dateofbirth, gender) VALUES (5093, '', 'Heike', 'Höfer', '1.1.1966.', 'n');
insert into CandidatesData (idno) VALUES (5093);
insert into Candidacy (wkid, idno, supportedby) VALUES (244, 5093, 1);
insert into Citizen (idno, title, firstname, lastname, dateofbirth, gender) VALUES (5094, '', 'Manuel', 'Höferlin', '1.1.1973.', 'n');
insert into CandidatesData (idno) VALUES (5094);
insert into Candidacy (wkid, idno, supportedby) VALUES (414, 5094, 4);
insert into Landeslistenplatz (llid, idno, position) VALUES (294, 5094, 3);
insert into Citizen (idno, title, firstname, lastname, dateofbirth, gender) VALUES (5095, '', 'Ingo', 'Höft', '1.1.1949.', 'n');
insert into CandidatesData (idno) VALUES (5095);
insert into Landeslistenplatz (llid, idno, position) VALUES (349, 5095, 5);
insert into Citizen (idno, title, firstname, lastname, dateofbirth, gender) VALUES (5096, '', 'Inge Dora Minna', 'Höger', '1.1.1950.', 'n');
insert into CandidatesData (idno) VALUES (5096);
insert into Candidacy (wkid, idno, supportedby) VALUES (266, 5096, 3);
insert into Landeslistenplatz (llid, idno, position) VALUES (269, 5096, 9);
insert into Citizen (idno, title, firstname, lastname, dateofbirth, gender) VALUES (5097, 'Dr. ', 'Eva Alexandra Ingrid Irmgard Anna', 'Högl', '1.1.1969.', 'n');
insert into CandidatesData (idno) VALUES (5097);
insert into Candidacy (wkid, idno, supportedby) VALUES (150, 5097, 2);
insert into Landeslistenplatz (llid, idno, position) VALUES (355, 5097, 1);
insert into Citizen (idno, title, firstname, lastname, dateofbirth, gender) VALUES (5098, '', 'Bärbel', 'Höhn', '1.1.1952.', 'n');
insert into CandidatesData (idno) VALUES (5098);
insert into Candidacy (wkid, idno, supportedby) VALUES (234, 5098, 5);
insert into Landeslistenplatz (llid, idno, position) VALUES (256, 5098, 1);
insert into Citizen (idno, title, firstname, lastname, dateofbirth, gender) VALUES (5099, 'Dr. ', 'Barbara', 'Höll', '1.1.1957.', 'n');
insert into CandidatesData (idno) VALUES (5099);
insert into Candidacy (wkid, idno, supportedby) VALUES (304, 5099, 3);
insert into Landeslistenplatz (llid, idno, position) VALUES (417, 5099, 9);
insert into Citizen (idno, title, firstname, lastname, dateofbirth, gender) VALUES (5100, 'Dr. ', 'Kurt Emmerich', 'Höller', '1.1.1980.', 'n');
insert into CandidatesData (idno) VALUES (5100);
insert into Landeslistenplatz (llid, idno, position) VALUES (220, 5100, 46);
insert into Citizen (idno, title, firstname, lastname, dateofbirth, gender) VALUES (5101, '', 'Markus Alfred', 'Höltke', '1.1.1967.', 'n');
insert into CandidatesData (idno) VALUES (5101);
insert into LandesListe (llid, year, pid, fsid) VALUES (421, 2013, 42, 11);
insert into Landeslistenplatz (llid, idno, position) VALUES (421, 5101, 2);
insert into Citizen (idno, title, firstname, lastname, dateofbirth, gender) VALUES (5102, '', 'Günter', 'Hönig', '1.1.1951.', 'n');
insert into CandidatesData (idno) VALUES (5102);
insert into Candidacy (wkid, idno, supportedby) VALUES (102, 5102, NULL);
insert into Citizen (idno, title, firstname, lastname, dateofbirth, gender) VALUES (5103, '', 'Manfred', 'Hönig', '1.1.1971.', 'n');
insert into CandidatesData (idno) VALUES (5103);
insert into Candidacy (wkid, idno, supportedby) VALUES (374, 5103, 1);
insert into Citizen (idno, title, firstname, lastname, dateofbirth, gender) VALUES (5104, '', 'Ingrid', 'Hönlinger', '1.1.1964.', 'n');
insert into CandidatesData (idno) VALUES (5104);
insert into Candidacy (wkid, idno, supportedby) VALUES (530, 5104, 5);
insert into Landeslistenplatz (llid, idno, position) VALUES (234, 5104, 17);
insert into Citizen (idno, title, firstname, lastname, dateofbirth, gender) VALUES (5105, '', 'Andreas', 'Hörhold', '1.1.1969.', 'n');
insert into CandidatesData (idno) VALUES (5105);
insert into Landeslistenplatz (llid, idno, position) VALUES (299, 5105, 2);
insert into Citizen (idno, title, firstname, lastname, dateofbirth, gender) VALUES (5106, '', 'Erich Paul Manfred', 'Hörner', '1.1.1951.', 'n');
insert into CandidatesData (idno) VALUES (5106);
insert into Landeslistenplatz (llid, idno, position) VALUES (247, 5106, 4);
insert into Citizen (idno, title, firstname, lastname, dateofbirth, gender) VALUES (5107, '', 'Christoph', 'Hörstel', '1.1.1956.', 'n');
insert into CandidatesData (idno) VALUES (5107);
insert into Candidacy (wkid, idno, supportedby) VALUES (122, 5107, NULL);
insert into Citizen (idno, title, firstname, lastname, dateofbirth, gender) VALUES (5108, 'Dr. ', 'Mathias Edwin', 'Höschel', '1.1.1967.', 'n');
insert into CandidatesData (idno) VALUES (5108);
insert into Landeslistenplatz (llid, idno, position) VALUES (310, 5108, 57);
insert into Citizen (idno, title, firstname, lastname, dateofbirth, gender) VALUES (5109, '', 'Frank', 'Höschen', '1.1.1965.', 'n');
insert into CandidatesData (idno) VALUES (5109);
insert into Candidacy (wkid, idno, supportedby) VALUES (240, 5109, 7);
insert into Citizen (idno, title, firstname, lastname, dateofbirth, gender) VALUES (5110, '', 'Erich', 'Hofe von', '1.1.1956.', 'n');
insert into CandidatesData (idno) VALUES (5110);
insert into Candidacy (wkid, idno, supportedby) VALUES (68, 5110, 5);
insert into Citizen (idno, title, firstname, lastname, dateofbirth, gender) VALUES (5111, '', 'Sebastian', 'Hoff von', '1.1.1982.', 'n');
insert into CandidatesData (idno) VALUES (5111);
insert into Candidacy (wkid, idno, supportedby) VALUES (166, 5111, 7);
insert into Citizen (idno, title, firstname, lastname, dateofbirth, gender) VALUES (5112, '', 'Alexander', 'Hoffmann', '1.1.1975.', 'n');
insert into CandidatesData (idno) VALUES (5112);
insert into Candidacy (wkid, idno, supportedby) VALUES (498, 5112, 9);
insert into Landeslistenplatz (llid, idno, position) VALUES (220, 5112, 27);
insert into Citizen (idno, title, firstname, lastname, dateofbirth, gender) VALUES (5113, '', 'Angeline Marie', 'Hoffmann', '1.1.1990.', 'n');
insert into CandidatesData (idno) VALUES (5113);
insert into Landeslistenplatz (llid, idno, position) VALUES (342, 5113, 11);
insert into Citizen (idno, title, firstname, lastname, dateofbirth, gender) VALUES (5114, '', 'Dustin', 'Hoffmann', '1.1.1987.', 'n');
insert into CandidatesData (idno) VALUES (5114);
insert into Landeslistenplatz (llid, idno, position) VALUES (201, 5114, 2);
insert into Citizen (idno, title, firstname, lastname, dateofbirth, gender) VALUES (5115, '', 'Hans-Gerd', 'Hoffmann', '1.1.1947.', 'n');
insert into CandidatesData (idno) VALUES (5115);
insert into Candidacy (wkid, idno, supportedby) VALUES (570, 5115, 32);
insert into Citizen (idno, title, firstname, lastname, dateofbirth, gender) VALUES (5116, '', 'Jens Edgar', 'Hoffmann', '1.1.1983.', 'n');
insert into CandidatesData (idno) VALUES (5116);
insert into Landeslistenplatz (llid, idno, position) VALUES (312, 5116, 23);
insert into Citizen (idno, title, firstname, lastname, dateofbirth, gender) VALUES (5117, '', 'Rainer', 'Hoffmann', '1.1.1962.', 'n');
insert into CandidatesData (idno) VALUES (5117);
insert into Candidacy (wkid, idno, supportedby) VALUES (406, 5117, 35);
insert into Landeslistenplatz (llid, idno, position) VALUES (375, 5117, 1);
insert into Citizen (idno, title, firstname, lastname, dateofbirth, gender) VALUES (5118, '', 'Sandra Cordula', 'Hoffmann', '1.1.1968.', 'n');
insert into CandidatesData (idno) VALUES (5118);
insert into Landeslistenplatz (llid, idno, position) VALUES (342, 5118, 24);
insert into Citizen (idno, title, firstname, lastname, dateofbirth, gender) VALUES (5119, '', 'Susanne', 'Hoffmann', '1.1.1960.', 'n');
insert into CandidatesData (idno) VALUES (5119);
insert into Candidacy (wkid, idno, supportedby) VALUES (574, 5119, 1);
insert into Citizen (idno, title, firstname, lastname, dateofbirth, gender) VALUES (5120, '', 'Thorsten', 'Hoffmann', '1.1.1961.', 'n');
insert into CandidatesData (idno) VALUES (5120);
insert into Candidacy (wkid, idno, supportedby) VALUES (284, 5120, 12);
insert into Landeslistenplatz (llid, idno, position) VALUES (310, 5120, 52);
insert into Citizen (idno, title, firstname, lastname, dateofbirth, gender) VALUES (5121, '', 'Timo', 'Hoffmann', '1.1.1978.', 'n');
insert into CandidatesData (idno) VALUES (5121);
insert into Landeslistenplatz (llid, idno, position) VALUES (356, 5121, 20);
insert into Citizen (idno, title, firstname, lastname, dateofbirth, gender) VALUES (5122, '', 'Wolfgang', 'Hoffmann', '1.1.1951.', 'n');
insert into CandidatesData (idno) VALUES (5122);
insert into Candidacy (wkid, idno, supportedby) VALUES (298, 5122, 3);
insert into Citizen (idno, title, firstname, lastname, dateofbirth, gender) VALUES (5123, '', 'Erik', 'Hofmann', '1.1.1986.', 'n');
insert into CandidatesData (idno) VALUES (5123);
insert into Candidacy (wkid, idno, supportedby) VALUES (402, 5123, 36);
insert into Landeslistenplatz (llid, idno, position) VALUES (229, 5123, 6);
insert into Citizen (idno, title, firstname, lastname, dateofbirth, gender) VALUES (5124, '', 'Martin Horst', 'Hofmann', '1.1.1977.', 'n');
insert into CandidatesData (idno) VALUES (5124);
insert into Landeslistenplatz (llid, idno, position) VALUES (204, 5124, 19);
insert into Citizen (idno, title, firstname, lastname, dateofbirth, gender) VALUES (5125, '', 'Ralf', 'Hofmann', '1.1.1967.', 'n');
insert into CandidatesData (idno) VALUES (5125);
insert into Candidacy (wkid, idno, supportedby) VALUES (500, 5125, 2);
insert into Landeslistenplatz (llid, idno, position) VALUES (260, 5125, 35);
insert into Citizen (idno, title, firstname, lastname, dateofbirth, gender) VALUES (5126, '', 'Andreas', 'Hofmeister', '1.1.1961.', 'n');
insert into CandidatesData (idno) VALUES (5126);
insert into Landeslistenplatz (llid, idno, position) VALUES (236, 5126, 17);
insert into Citizen (idno, title, firstname, lastname, dateofbirth, gender) VALUES (5127, 'Dr. ', 'Anton', 'Hofreiter', '1.1.1970.', 'n');
insert into CandidatesData (idno) VALUES (5127);
insert into Candidacy (wkid, idno, supportedby) VALUES (444, 5127, 5);
insert into Landeslistenplatz (llid, idno, position) VALUES (238, 5127, 2);
insert into Citizen (idno, title, firstname, lastname, dateofbirth, gender) VALUES (5128, '', 'Ruth', 'Hohenadl', '1.1.1960.', 'n');
insert into CandidatesData (idno) VALUES (5128);
insert into Candidacy (wkid, idno, supportedby) VALUES (436, 5128, 4);
insert into Landeslistenplatz (llid, idno, position) VALUES (276, 5128, 28);
insert into Citizen (idno, title, firstname, lastname, dateofbirth, gender) VALUES (5129, '', 'Gerald', 'Hohmann', '1.1.1959.', 'n');
insert into CandidatesData (idno) VALUES (5129);
insert into Candidacy (wkid, idno, supportedby) VALUES (10, 5129, NULL);
insert into Citizen (idno, title, firstname, lastname, dateofbirth, gender) VALUES (5130, '', 'Carin', 'Hollack', '1.1.1940.', 'n');
insert into CandidatesData (idno) VALUES (5130);
insert into Candidacy (wkid, idno, supportedby) VALUES (84, 5130, 1);
insert into Citizen (idno, title, firstname, lastname, dateofbirth, gender) VALUES (5131, '', 'Hartmut', 'Hollenberg', '1.1.1937.', 'n');
insert into CandidatesData (idno) VALUES (5131);
insert into Landeslistenplatz (llid, idno, position) VALUES (292, 5131, 28);
insert into Citizen (idno, title, firstname, lastname, dateofbirth, gender) VALUES (5132, '', 'Robert', 'Holler', '1.1.1946.', 'n');
insert into CandidatesData (idno) VALUES (5132);
insert into Landeslistenplatz (llid, idno, position) VALUES (213, 5132, 17);
insert into Citizen (idno, title, firstname, lastname, dateofbirth, gender) VALUES (5133, '', 'Leif-Erik', 'Holm', '1.1.1970.', 'n');
insert into CandidatesData (idno) VALUES (5133);
insert into Landeslistenplatz (llid, idno, position) VALUES (405, 5133, 1);
insert into Citizen (idno, title, firstname, lastname, dateofbirth, gender) VALUES (5134, '', 'Karl', 'Holmeier', '1.1.1956.', 'n');
insert into CandidatesData (idno) VALUES (5134);
insert into Candidacy (wkid, idno, supportedby) VALUES (468, 5134, 9);
insert into Citizen (idno, title, firstname, lastname, dateofbirth, gender) VALUES (5135, '', 'Sandra', 'Holtermann', '1.1.1971.', 'n');
insert into CandidatesData (idno) VALUES (5135);
insert into Landeslistenplatz (llid, idno, position) VALUES (201, 5135, 35);
insert into Citizen (idno, title, firstname, lastname, dateofbirth, gender) VALUES (5136, '', 'Angela', 'Holz', '1.1.1979.', 'n');
insert into CandidatesData (idno) VALUES (5136);
insert into Landeslistenplatz (llid, idno, position) VALUES (242, 5136, 38);
insert into Citizen (idno, title, firstname, lastname, dateofbirth, gender) VALUES (5137, '', 'Dietmar', 'Holzapfel', '1.1.1966.', 'n');
insert into CandidatesData (idno) VALUES (5137);
insert into LandesListe (llid, year, pid, fsid) VALUES (422, 2013, 32, 12);
insert into Landeslistenplatz (llid, idno, position) VALUES (422, 5137, 1);
insert into Citizen (idno, title, firstname, lastname, dateofbirth, gender) VALUES (5138, '', 'Franz-Josef', 'Holzenkamp', '1.1.1960.', 'n');
insert into CandidatesData (idno) VALUES (5138);
insert into Candidacy (wkid, idno, supportedby) VALUES (64, 5138, 12);
insert into Citizen (idno, title, firstname, lastname, dateofbirth, gender) VALUES (5139, '', 'Reiner', 'Holzhäuser', '1.1.1938.', 'n');
insert into CandidatesData (idno) VALUES (5139);
insert into Landeslistenplatz (llid, idno, position) VALUES (265, 5139, 14);
insert into Citizen (idno, title, firstname, lastname, dateofbirth, gender) VALUES (5140, '', 'Johann', 'Holzheu', '1.1.1944.', 'n');
insert into CandidatesData (idno) VALUES (5140);
insert into Candidacy (wkid, idno, supportedby) VALUES (540, 5140, 21);
insert into Citizen (idno, title, firstname, lastname, dateofbirth, gender) VALUES (5141, '', 'Martina', 'Holzner', '1.1.1976.', 'n');
insert into CandidatesData (idno) VALUES (5141);
insert into Landeslistenplatz (llid, idno, position) VALUES (250, 5141, 5);
insert into Citizen (idno, title, firstname, lastname, dateofbirth, gender) VALUES (5142, '', 'Ursula', 'Holzwarth', '1.1.1949.', 'n');
insert into CandidatesData (idno) VALUES (5142);
insert into Candidacy (wkid, idno, supportedby) VALUES (544, 5142, 19);
insert into Citizen (idno, title, firstname, lastname, dateofbirth, gender) VALUES (5143, '', 'Frank-Michael', 'Homa', '1.1.1957.', 'n');
insert into CandidatesData (idno) VALUES (5143);
insert into Candidacy (wkid, idno, supportedby) VALUES (364, 5143, 19);
insert into Citizen (idno, title, firstname, lastname, dateofbirth, gender) VALUES (5144, '', 'Birgit', 'Homburger', '1.1.1965.', 'n');
insert into CandidatesData (idno) VALUES (5144);
insert into Candidacy (wkid, idno, supportedby) VALUES (574, 5144, 4);
insert into Landeslistenplatz (llid, idno, position) VALUES (224, 5144, 2);
insert into Citizen (idno, title, firstname, lastname, dateofbirth, gender) VALUES (5145, '', 'Sebastian', 'Hopfensperger', '1.1.1984.', 'n');
insert into CandidatesData (idno) VALUES (5145);
insert into Candidacy (wkid, idno, supportedby) VALUES (466, 5145, 32);
insert into Landeslistenplatz (llid, idno, position) VALUES (206, 5145, 4);
insert into Citizen (idno, title, firstname, lastname, dateofbirth, gender) VALUES (5146, '', 'Thilo', 'Hoppe', '1.1.1958.', 'n');
insert into CandidatesData (idno) VALUES (5146);
insert into Candidacy (wkid, idno, supportedby) VALUES (48, 5146, 5);
insert into Landeslistenplatz (llid, idno, position) VALUES (316, 5146, 8);
insert into Citizen (idno, title, firstname, lastname, dateofbirth, gender) VALUES (5147, 'Dr. ', 'Hendrik', 'Hoppenstedt', '1.1.1972.', 'n');
insert into CandidatesData (idno) VALUES (5147);
insert into Candidacy (wkid, idno, supportedby) VALUES (86, 5147, 12);
insert into Landeslistenplatz (llid, idno, position) VALUES (217, 5147, 17);
insert into Citizen (idno, title, firstname, lastname, dateofbirth, gender) VALUES (5148, '', 'Petra', 'Hoppenstedt', '1.1.1982.', 'n');
insert into CandidatesData (idno) VALUES (5148);
insert into Landeslistenplatz (llid, idno, position) VALUES (367, 5148, 11);
insert into Citizen (idno, title, firstname, lastname, dateofbirth, gender) VALUES (5149, '', 'Margaret', 'Horb', '1.1.1967.', 'n');
insert into CandidatesData (idno) VALUES (5149);
insert into Landeslistenplatz (llid, idno, position) VALUES (279, 5149, 15);
insert into Citizen (idno, title, firstname, lastname, dateofbirth, gender) VALUES (5150, '', 'Reinhard', 'Hornberger', '1.1.1948.', 'n');
insert into CandidatesData (idno) VALUES (5150);
insert into Landeslistenplatz (llid, idno, position) VALUES (213, 5150, 7);
insert into Citizen (idno, title, firstname, lastname, dateofbirth, gender) VALUES (5151, '', 'Steffi Thea', 'Hornbostel', '1.1.1959.', 'n');
insert into CandidatesData (idno) VALUES (5151);
insert into Landeslistenplatz (llid, idno, position) VALUES (261, 5151, 7);
insert into Citizen (idno, title, firstname, lastname, dateofbirth, gender) VALUES (5152, '', 'Else Katharina Bettina', 'Hornhues', '1.1.1972.', 'n');
insert into CandidatesData (idno) VALUES (5152);
insert into Candidacy (wkid, idno, supportedby) VALUES (110, 5152, 12);
insert into Landeslistenplatz (llid, idno, position) VALUES (364, 5152, 2);
insert into Citizen (idno, title, firstname, lastname, dateofbirth, gender) VALUES (5153, '', 'Fritz-Walter', 'Hornung', '1.1.1957.', 'n');
insert into CandidatesData (idno) VALUES (5153);
insert into Candidacy (wkid, idno, supportedby) VALUES (362, 5153, 3);
insert into Landeslistenplatz (llid, idno, position) VALUES (216, 5153, 14);
insert into Citizen (idno, title, firstname, lastname, dateofbirth, gender) VALUES (5154, '', 'Alfred Hermann', 'Horst', '1.1.1952.', 'n');
insert into CandidatesData (idno) VALUES (5154);
insert into Candidacy (wkid, idno, supportedby) VALUES (342, 5154, 1);
insert into Citizen (idno, title, firstname, lastname, dateofbirth, gender) VALUES (5155, '', 'Timo', 'Horst', '1.1.1979.', 'n');
insert into CandidatesData (idno) VALUES (5155);
insert into Landeslistenplatz (llid, idno, position) VALUES (244, 5155, 25);
insert into Citizen (idno, title, firstname, lastname, dateofbirth, gender) VALUES (5156, '', 'Lucas', 'Hotter', '1.1.1989.', 'n');
insert into CandidatesData (idno) VALUES (5156);
insert into Landeslistenplatz (llid, idno, position) VALUES (228, 5156, 22);
insert into Citizen (idno, title, firstname, lastname, dateofbirth, gender) VALUES (5157, '', 'Karl-Heinz (Charles M.)', 'Huber', '1.1.1956.', 'n');
insert into CandidatesData (idno) VALUES (5157);
insert into Candidacy (wkid, idno, supportedby) VALUES (372, 5157, 12);
insert into Landeslistenplatz (llid, idno, position) VALUES (262, 5157, 19);
insert into Citizen (idno, title, firstname, lastname, dateofbirth, gender) VALUES (5158, '', 'Martin', 'Huber', '1.1.1960.', 'n');
insert into CandidatesData (idno) VALUES (5158);
insert into Landeslistenplatz (llid, idno, position) VALUES (213, 5158, 18);
insert into Citizen (idno, title, firstname, lastname, dateofbirth, gender) VALUES (5159, '', 'Wilfried', 'Huber', '1.1.1954.', 'n');
insert into CandidatesData (idno) VALUES (5159);
insert into Candidacy (wkid, idno, supportedby) VALUES (540, 5159, 4);
insert into Landeslistenplatz (llid, idno, position) VALUES (224, 5159, 26);
insert into Citizen (idno, title, firstname, lastname, dateofbirth, gender) VALUES (5160, '', 'Ute', 'Hubig', '1.1.1947.', 'n');
insert into CandidatesData (idno) VALUES (5160);
insert into Landeslistenplatz (llid, idno, position) VALUES (226, 5160, 11);
insert into Citizen (idno, title, firstname, lastname, dateofbirth, gender) VALUES (5161, '', 'Christine-Maria', 'Hudyma', '1.1.1961.', 'n');
insert into CandidatesData (idno) VALUES (5161);
insert into Candidacy (wkid, idno, supportedby) VALUES (186, 5161, 32);
insert into Citizen (idno, title, firstname, lastname, dateofbirth, gender) VALUES (5162, '', 'Thomas', 'Hübener', '1.1.1974.', 'n');
insert into CandidatesData (idno) VALUES (5162);
insert into Candidacy (wkid, idno, supportedby) VALUES (162, 5162, 1);
insert into LandesListe (llid, year, pid, fsid) VALUES (423, 2013, 1, 1);
insert into Landeslistenplatz (llid, idno, position) VALUES (423, 5162, 8);
insert into Citizen (idno, title, firstname, lastname, dateofbirth, gender) VALUES (5163, '', 'Anette', 'Hübinger', '1.1.1955.', 'n');
insert into CandidatesData (idno) VALUES (5163);
insert into Candidacy (wkid, idno, supportedby) VALUES (592, 5163, 12);
insert into Landeslistenplatz (llid, idno, position) VALUES (226, 5163, 3);
insert into Citizen (idno, title, firstname, lastname, dateofbirth, gender) VALUES (5164, '', 'Thomas', 'Hübner', '1.1.1971.', 'n');
insert into CandidatesData (idno) VALUES (5164);
insert into Landeslistenplatz (llid, idno, position) VALUES (351, 5164, 8);
insert into Citizen (idno, title, firstname, lastname, dateofbirth, gender) VALUES (5165, '', 'Florian', 'Hüfner', '1.1.1987.', 'n');
insert into CandidatesData (idno) VALUES (5165);
insert into Candidacy (wkid, idno, supportedby) VALUES (146, 5165, 2);
insert into Landeslistenplatz (llid, idno, position) VALUES (337, 5165, 9);
insert into Citizen (idno, title, firstname, lastname, dateofbirth, gender) VALUES (5166, '', 'Johannes', 'Hühnlein', '1.1.1984.', 'n');
insert into CandidatesData (idno) VALUES (5166);
insert into Candidacy (wkid, idno, supportedby) VALUES (480, 5166, 1);
insert into Landeslistenplatz (llid, idno, position) VALUES (392, 5166, 9);
insert into Citizen (idno, title, firstname, lastname, dateofbirth, gender) VALUES (5167, '', 'Hartmut', 'Hülfemann', '1.1.1941.', 'n');
insert into CandidatesData (idno) VALUES (5167);
insert into Landeslistenplatz (llid, idno, position) VALUES (317, 5167, 13);
insert into Citizen (idno, title, firstname, lastname, dateofbirth, gender) VALUES (5168, '', 'Robert', 'Huemer', '1.1.1967.', 'n');
insert into CandidatesData (idno) VALUES (5168);
insert into Landeslistenplatz (llid, idno, position) VALUES (295, 5168, 14);
insert into Citizen (idno, title, firstname, lastname, dateofbirth, gender) VALUES (5169, '', 'Hubert Wilhelm', 'Hüppe', '1.1.1956.', 'n');
insert into CandidatesData (idno) VALUES (5169);
insert into Candidacy (wkid, idno, supportedby) VALUES (288, 5169, 12);
insert into Landeslistenplatz (llid, idno, position) VALUES (310, 5169, 19);
insert into Citizen (idno, title, firstname, lastname, dateofbirth, gender) VALUES (5170, '', 'Manuel', 'Huff', '1.1.1984.', 'n');
insert into CandidatesData (idno) VALUES (5170);
insert into Candidacy (wkid, idno, supportedby) VALUES (300, 5170, 3);
insert into Citizen (idno, title, firstname, lastname, dateofbirth, gender) VALUES (5171, '', 'Christian', 'Hufgard', '1.1.1979.', 'n');
insert into CandidatesData (idno) VALUES (5171);
insert into Candidacy (wkid, idno, supportedby) VALUES (368, 5171, 7);
insert into Citizen (idno, title, firstname, lastname, dateofbirth, gender) VALUES (5172, '', 'Mark Daniel', 'Huger', '1.1.1983.', 'n');
insert into CandidatesData (idno) VALUES (5172);
insert into Landeslistenplatz (llid, idno, position) VALUES (245, 5172, 9);
insert into Citizen (idno, title, firstname, lastname, dateofbirth, gender) VALUES (5173, '', 'Merlyn Meikel Moritz Manfred', 'Hugo von', '1.1.1991.', 'n');
insert into CandidatesData (idno) VALUES (5173);
insert into Candidacy (wkid, idno, supportedby) VALUES (388, 5173, 36);
insert into Citizen (idno, title, firstname, lastname, dateofbirth, gender) VALUES (5174, '', 'Claus', 'Huhn', '1.1.1956.', 'n');
insert into CandidatesData (idno) VALUES (5174);
insert into Landeslistenplatz (llid, idno, position) VALUES (422, 5174, 4);
insert into Citizen (idno, title, firstname, lastname, dateofbirth, gender) VALUES (5175, '', 'Karl-Justus', 'Human', '1.1.1969.', 'n');
insert into CandidatesData (idno) VALUES (5175);
insert into Candidacy (wkid, idno, supportedby) VALUES (470, 5175, NULL);
insert into Citizen (idno, title, firstname, lastname, dateofbirth, gender) VALUES (5176, '', 'Frank Detlef', 'Hummel', '1.1.1960.', 'n');
insert into CandidatesData (idno) VALUES (5176);
insert into Landeslistenplatz (llid, idno, position) VALUES (233, 5176, 2);
insert into Citizen (idno, title, firstname, lastname, dateofbirth, gender) VALUES (5177, '', 'Melanie', 'Hummel', '1.1.1984.', 'n');
insert into CandidatesData (idno) VALUES (5177);
insert into Landeslistenplatz (llid, idno, position) VALUES (228, 5177, 21);
insert into Citizen (idno, title, firstname, lastname, dateofbirth, gender) VALUES (5178, '', 'Rebecca', 'Hummel', '1.1.1983.', 'n');
insert into CandidatesData (idno) VALUES (5178);
insert into Candidacy (wkid, idno, supportedby) VALUES (578, 5178, 2);
insert into Landeslistenplatz (llid, idno, position) VALUES (249, 5178, 26);
insert into Citizen (idno, title, firstname, lastname, dateofbirth, gender) VALUES (5179, '', 'Stephan Udo', 'Humml', '1.1.1976.', 'n');
insert into CandidatesData (idno) VALUES (5179);
insert into Landeslistenplatz (llid, idno, position) VALUES (230, 5179, 17);
insert into Citizen (idno, title, firstname, lastname, dateofbirth, gender) VALUES (5180, '', 'Ulf Henning', 'Hundeiker', '1.1.1972.', 'n');
insert into CandidatesData (idno) VALUES (5180);
insert into Landeslistenplatz (llid, idno, position) VALUES (297, 5180, 51);
insert into Citizen (idno, title, firstname, lastname, dateofbirth, gender) VALUES (5181, '', 'Birgitta Maria Klara', 'Hundeshagen', '1.1.1953.', 'n');
insert into CandidatesData (idno) VALUES (5181);
insert into Landeslistenplatz (llid, idno, position) VALUES (217, 5181, 32);
insert into Citizen (idno, title, firstname, lastname, dateofbirth, gender) VALUES (5182, '', 'Andrej Konstantin', 'Hunko', '1.1.1963.', 'n');
insert into CandidatesData (idno) VALUES (5182);
insert into Candidacy (wkid, idno, supportedby) VALUES (174, 5182, 3);
insert into Landeslistenplatz (llid, idno, position) VALUES (269, 5182, 4);
insert into Citizen (idno, title, firstname, lastname, dateofbirth, gender) VALUES (5183, '', 'Birgit', 'Huonker', '1.1.1961.', 'n');
insert into CandidatesData (idno) VALUES (5183);
insert into Landeslistenplatz (llid, idno, position) VALUES (419, 5183, 3);
insert into Citizen (idno, title, firstname, lastname, dateofbirth, gender) VALUES (5184, '', 'Sigrid', 'Hupach', '1.1.1968.', 'n');
insert into CandidatesData (idno) VALUES (5184);
insert into Candidacy (wkid, idno, supportedby) VALUES (378, 5184, 3);
insert into Landeslistenplatz (llid, idno, position) VALUES (261, 5184, 5);
insert into Citizen (idno, title, firstname, lastname, dateofbirth, gender) VALUES (5185, '', 'Katja', 'Husen', '1.1.1976.', 'n');
insert into CandidatesData (idno) VALUES (5185);
insert into Candidacy (wkid, idno, supportedby) VALUES (44, 5185, 5);
insert into Landeslistenplatz (llid, idno, position) VALUES (321, 5185, 7);
insert into Citizen (idno, title, firstname, lastname, dateofbirth, gender) VALUES (5186, '', 'Patrick', 'Huth', '1.1.1978.', 'n');
insert into CandidatesData (idno) VALUES (5186);
insert into Candidacy (wkid, idno, supportedby) VALUES (352, 5186, 1);
insert into Citizen (idno, title, firstname, lastname, dateofbirth, gender) VALUES (5187, '', 'Richard', 'Igelmann', '1.1.1977.', 'n');
insert into CandidatesData (idno) VALUES (5187);
insert into Landeslistenplatz (llid, idno, position) VALUES (333, 5187, 3);
insert into Citizen (idno, title, firstname, lastname, dateofbirth, gender) VALUES (5188, '', 'Volkmar', 'Ihle', '1.1.1952.', 'n');
insert into CandidatesData (idno) VALUES (5188);
insert into Landeslistenplatz (llid, idno, position) VALUES (361, 5188, 13);
insert into Citizen (idno, title, firstname, lastname, dateofbirth, gender) VALUES (5189, '', 'Matthias', 'Ilgen', '1.1.1983.', 'n');
insert into CandidatesData (idno) VALUES (5189);
insert into Candidacy (wkid, idno, supportedby) VALUES (4, 5189, 2);
insert into Landeslistenplatz (llid, idno, position) VALUES (277, 5189, 9);
insert into Citizen (idno, title, firstname, lastname, dateofbirth, gender) VALUES (5190, '', 'Klaus-Dieter', 'Ilius', '1.1.1948.', 'n');
insert into CandidatesData (idno) VALUES (5190);
insert into Landeslistenplatz (llid, idno, position) VALUES (402, 5190, 5);
insert into Citizen (idno, title, firstname, lastname, dateofbirth, gender) VALUES (5191, '', 'Petra', 'Ilius', '1.1.1950.', 'n');
insert into CandidatesData (idno) VALUES (5191);
insert into Candidacy (wkid, idno, supportedby) VALUES (168, 5191, 13);
insert into Landeslistenplatz (llid, idno, position) VALUES (402, 5191, 2);
insert into Citizen (idno, title, firstname, lastname, dateofbirth, gender) VALUES (5192, '', 'Josef', 'Ilsanker', '1.1.1975.', 'n');
insert into CandidatesData (idno) VALUES (5192);
insert into Candidacy (wkid, idno, supportedby) VALUES (458, 5192, 3);
insert into Citizen (idno, title, firstname, lastname, dateofbirth, gender) VALUES (5193, '', 'Alan Daniel', 'Imamura', '1.1.1973.', 'n');
insert into CandidatesData (idno) VALUES (5193);
insert into Candidacy (wkid, idno, supportedby) VALUES (232, 5193, 33);
insert into Landeslistenplatz (llid, idno, position) VALUES (253, 5193, 26);
insert into Citizen (idno, title, firstname, lastname, dateofbirth, gender) VALUES (5194, '', 'Sonja', 'Imken', '1.1.1967.', 'n');
insert into CandidatesData (idno) VALUES (5194);
insert into Landeslistenplatz (llid, idno, position) VALUES (352, 5194, 8);
insert into Citizen (idno, title, firstname, lastname, dateofbirth, gender) VALUES (5195, '', 'Güney', 'Imre', '1.1.1990.', 'n');
insert into CandidatesData (idno) VALUES (5195);
insert into Candidacy (wkid, idno, supportedby) VALUES (156, 5195, 32);
insert into Citizen (idno, title, firstname, lastname, dateofbirth, gender) VALUES (5196, '', 'Monika', 'Insinger', '1.1.1956.', 'n');
insert into CandidatesData (idno) VALUES (5196);
insert into Landeslistenplatz (llid, idno, position) VALUES (217, 5196, 34);
insert into Citizen (idno, title, firstname, lastname, dateofbirth, gender) VALUES (5197, '', 'Frank', 'Ipach', '1.1.1962.', 'n');
insert into CandidatesData (idno) VALUES (5197);
insert into Candidacy (wkid, idno, supportedby) VALUES (198, 5197, 1);
insert into Citizen (idno, title, firstname, lastname, dateofbirth, gender) VALUES (5198, '', 'Jörg Joachim', 'Irion', '1.1.1939.', 'n');
insert into CandidatesData (idno) VALUES (5198);
insert into Landeslistenplatz (llid, idno, position) VALUES (365, 5198, 4);
insert into Citizen (idno, title, firstname, lastname, dateofbirth, gender) VALUES (5199, '', 'Erich', 'Irlstorfer', '1.1.1970.', 'n');
insert into CandidatesData (idno) VALUES (5199);
insert into Candidacy (wkid, idno, supportedby) VALUES (430, 5199, 9);
insert into Citizen (idno, title, firstname, lastname, dateofbirth, gender) VALUES (5200, '', 'Daniel Andreas', 'Isberner', '1.1.1985.', 'n');
insert into CandidatesData (idno) VALUES (5200);
insert into Landeslistenplatz (llid, idno, position) VALUES (245, 5200, 27);
insert into Citizen (idno, title, firstname, lastname, dateofbirth, gender) VALUES (5201, '', 'Thomas', 'Iseke', '1.1.1963.', 'n');
insert into CandidatesData (idno) VALUES (5201);
insert into Candidacy (wkid, idno, supportedby) VALUES (82, 5201, 4);
insert into Landeslistenplatz (llid, idno, position) VALUES (301, 5201, 8);
insert into Citizen (idno, title, firstname, lastname, dateofbirth, gender) VALUES (5202, '', 'Christian Alexander Eugen Johannes', 'Jacken', '1.1.1977.', 'n');
insert into CandidatesData (idno) VALUES (5202);
insert into Candidacy (wkid, idno, supportedby) VALUES (172, 5202, 33);
insert into Citizen (idno, title, firstname, lastname, dateofbirth, gender) VALUES (5203, '', 'Andreas', 'Jacob', '1.1.1976.', 'n');
insert into CandidatesData (idno) VALUES (5203);
insert into Candidacy (wkid, idno, supportedby) VALUES (380, 5203, 7);
insert into Landeslistenplatz (llid, idno, position) VALUES (218, 5203, 6);
insert into Citizen (idno, title, firstname, lastname, dateofbirth, gender) VALUES (5204, '', 'Ursula', 'Jacob-Reisinger', '1.1.1957.', 'n');
insert into CandidatesData (idno) VALUES (5204);
insert into Candidacy (wkid, idno, supportedby) VALUES (272, 5204, 3);
insert into Citizen (idno, title, firstname, lastname, dateofbirth, gender) VALUES (5205, 'Dr. ', 'Klaus', 'Jacobitz', '1.1.1937.', 'n');
insert into CandidatesData (idno) VALUES (5205);
insert into Candidacy (wkid, idno, supportedby) VALUES (452, 5205, 15);
insert into Citizen (idno, title, firstname, lastname, dateofbirth, gender) VALUES (5206, '', 'Telse', 'Jacobsen', '1.1.1954.', 'n');
insert into CandidatesData (idno) VALUES (5206);
insert into Landeslistenplatz (llid, idno, position) VALUES (335, 5206, 26);
insert into Citizen (idno, title, firstname, lastname, dateofbirth, gender) VALUES (5207, '', 'Sten', 'Jacobson', '1.1.1978.', 'n');
insert into CandidatesData (idno) VALUES (5207);
insert into Candidacy (wkid, idno, supportedby) VALUES (312, 5207, 5);
insert into Landeslistenplatz (llid, idno, position) VALUES (361, 5207, 6);
insert into Citizen (idno, title, firstname, lastname, dateofbirth, gender) VALUES (5208, '', 'Lutz', 'Jäckel', '1.1.1956.', 'n');
insert into CandidatesData (idno) VALUES (5208);
insert into Candidacy (wkid, idno, supportedby) VALUES (546, 5208, 4);
insert into Landeslistenplatz (llid, idno, position) VALUES (224, 5208, 32);
insert into Citizen (idno, title, firstname, lastname, dateofbirth, gender) VALUES (5209, '', 'Markus', 'Jäckel', '1.1.1965.', 'n');
insert into CandidatesData (idno) VALUES (5209);
insert into Candidacy (wkid, idno, supportedby) VALUES (272, 5209, 33);
insert into Citizen (idno, title, firstname, lastname, dateofbirth, gender) VALUES (5210, '', 'Alexander', 'Jäger', '1.1.1986.', 'n');
insert into CandidatesData (idno) VALUES (5210);
insert into Candidacy (wkid, idno, supportedby) VALUES (268, 5210, 7);
insert into Citizen (idno, title, firstname, lastname, dateofbirth, gender) VALUES (5211, '', 'Benjamin', 'Jäger', '1.1.1988.', 'n');
insert into CandidatesData (idno) VALUES (5211);
insert into Landeslistenplatz (llid, idno, position) VALUES (257, 5211, 3);
insert into Citizen (idno, title, firstname, lastname, dateofbirth, gender) VALUES (5212, '', 'Edmond', 'Jäger', '1.1.1982.', 'n');
insert into CandidatesData (idno) VALUES (5212);
insert into Candidacy (wkid, idno, supportedby) VALUES (570, 5212, 3);
insert into Citizen (idno, title, firstname, lastname, dateofbirth, gender) VALUES (5213, '', 'Florian', 'Jäger', '1.1.1971.', 'n');
insert into CandidatesData (idno) VALUES (5213);
insert into Candidacy (wkid, idno, supportedby) VALUES (432, 5213, 33);
insert into Landeslistenplatz (llid, idno, position) VALUES (342, 5213, 22);
insert into Citizen (idno, title, firstname, lastname, dateofbirth, gender) VALUES (5214, '', 'Jan', 'Jaeschke', '1.1.1990.', 'n');
insert into CandidatesData (idno) VALUES (5214);
insert into Candidacy (wkid, idno, supportedby) VALUES (548, 5214, 1);
insert into LandesListe (llid, year, pid, fsid) VALUES (424, 2013, 1, 10);
insert into Landeslistenplatz (llid, idno, position) VALUES (424, 5214, 4);
insert into Citizen (idno, title, firstname, lastname, dateofbirth, gender) VALUES (5215, '', 'Karsten Erich Theodor', 'Jagau', '1.1.1956.', 'n');
insert into CandidatesData (idno) VALUES (5215);
insert into Candidacy (wkid, idno, supportedby) VALUES (24, 5215, 7);
insert into Landeslistenplatz (llid, idno, position) VALUES (283, 5215, 8);
insert into Citizen (idno, title, firstname, lastname, dateofbirth, gender) VALUES (5216, '', 'Stefan', 'Jagsch', '1.1.1986.', 'n');
insert into CandidatesData (idno) VALUES (5216);
insert into Candidacy (wkid, idno, supportedby) VALUES (354, 5216, 1);
insert into Citizen (idno, title, firstname, lastname, dateofbirth, gender) VALUES (5217, '', 'Wiebke', 'Jahn', '1.1.1980.', 'n');
insert into CandidatesData (idno) VALUES (5217);
insert into Landeslistenplatz (llid, idno, position) VALUES (201, 5217, 15);
insert into Citizen (idno, title, firstname, lastname, dateofbirth, gender) VALUES (5218, '', 'Hans-Georg', 'Jakobs', '1.1.1959.', 'n');
insert into CandidatesData (idno) VALUES (5218);
insert into Landeslistenplatz (llid, idno, position) VALUES (202, 5218, 17);
insert into Citizen (idno, title, firstname, lastname, dateofbirth, gender) VALUES (5219, '', 'Heidrun', 'Jakobs', '1.1.1963.', 'n');
insert into CandidatesData (idno) VALUES (5219);
insert into Landeslistenplatz (llid, idno, position) VALUES (236, 5219, 3);
insert into Citizen (idno, title, firstname, lastname, dateofbirth, gender) VALUES (5220, '', 'Mahmoud', 'Jalboot', '1.1.1954.', 'n');
insert into CandidatesData (idno) VALUES (5220);
insert into Landeslistenplatz (llid, idno, position) VALUES (403, 5220, 6);
insert into Citizen (idno, title, firstname, lastname, dateofbirth, gender) VALUES (5221, '', 'Roland', 'Jalowy', '1.1.1969.', 'n');
insert into CandidatesData (idno) VALUES (5221);
insert into Landeslistenplatz (llid, idno, position) VALUES (311, 5221, 4);
insert into Citizen (idno, title, firstname, lastname, dateofbirth, gender) VALUES (5222, '', 'Dieter', 'Janecek', '1.1.1976.', 'n');
insert into CandidatesData (idno) VALUES (5222);
insert into Candidacy (wkid, idno, supportedby) VALUES (442, 5222, 5);
insert into Landeslistenplatz (llid, idno, position) VALUES (238, 5222, 4);
insert into Citizen (idno, title, firstname, lastname, dateofbirth, gender) VALUES (5223, '', 'Oliver Markus Raoul', 'Janich', '1.1.1969.', 'n');
insert into CandidatesData (idno) VALUES (5223);
insert into Landeslistenplatz (llid, idno, position) VALUES (230, 5223, 1);
insert into Citizen (idno, title, firstname, lastname, dateofbirth, gender) VALUES (5224, '', 'Alfred', 'Jansen', '1.1.1969.', 'n');
insert into CandidatesData (idno) VALUES (5224);
insert into Landeslistenplatz (llid, idno, position) VALUES (297, 5224, 23);
insert into Citizen (idno, title, firstname, lastname, dateofbirth, gender) VALUES (5225, '', 'Antje', 'Jansen', '1.1.1950.', 'n');
insert into CandidatesData (idno) VALUES (5225);
insert into Landeslistenplatz (llid, idno, position) VALUES (320, 5225, 5);
insert into Citizen (idno, title, firstname, lastname, dateofbirth, gender) VALUES (5226, '', 'Franz', 'Jansen', '1.1.1935.', 'n');
insert into CandidatesData (idno) VALUES (5226);
insert into Candidacy (wkid, idno, supportedby) VALUES (404, 5226, NULL);
insert into Citizen (idno, title, firstname, lastname, dateofbirth, gender) VALUES (5227, '', 'Frederik', 'Jansen', '1.1.1983.', 'n');
insert into CandidatesData (idno) VALUES (5227);
insert into Landeslistenplatz (llid, idno, position) VALUES (297, 5227, 28);
insert into Citizen (idno, title, firstname, lastname, dateofbirth, gender) VALUES (5228, '', 'Richard Jörg', 'Jansen', '1.1.1965.', 'n');
insert into CandidatesData (idno) VALUES (5228);
insert into Candidacy (wkid, idno, supportedby) VALUES (228, 5228, 31);
insert into Landeslistenplatz (llid, idno, position) VALUES (297, 5228, 21);
insert into Citizen (idno, title, firstname, lastname, dateofbirth, gender) VALUES (5229, 'Dr. ', 'Gerd', 'Janson', '1.1.1961.', 'n');
insert into CandidatesData (idno) VALUES (5229);
insert into Landeslistenplatz (llid, idno, position) VALUES (294, 5229, 20);
insert into Citizen (idno, title, firstname, lastname, dateofbirth, gender) VALUES (5230, '', 'Marco', 'Janßen', '1.1.1973.', 'n');
insert into CandidatesData (idno) VALUES (5230);
insert into Landeslistenplatz (llid, idno, position) VALUES (302, 5230, 9);
insert into Citizen (idno, title, firstname, lastname, dateofbirth, gender) VALUES (5231, '', 'Martin', 'Jante', '1.1.1983.', 'n');
insert into CandidatesData (idno) VALUES (5231);
insert into Landeslistenplatz (llid, idno, position) VALUES (239, 5231, 7);
insert into Citizen (idno, title, firstname, lastname, dateofbirth, gender) VALUES (5232, '', 'Christina', 'Jantz', '1.1.1978.', 'n');
insert into CandidatesData (idno) VALUES (5232);
insert into Candidacy (wkid, idno, supportedby) VALUES (68, 5232, 2);
insert into Landeslistenplatz (llid, idno, position) VALUES (242, 5232, 16);
insert into Citizen (idno, title, firstname, lastname, dateofbirth, gender) VALUES (5233, '', 'Richard Johannes', 'Janus', '1.1.1970.', 'n');
insert into CandidatesData (idno) VALUES (5233);
insert into Landeslistenplatz (llid, idno, position) VALUES (256, 5233, 34);
insert into Citizen (idno, title, firstname, lastname, dateofbirth, gender) VALUES (5234, '', 'Sven-Oliver', 'Janz', '1.1.1964.', 'n');
insert into CandidatesData (idno) VALUES (5234);
insert into Landeslistenplatz (llid, idno, position) VALUES (297, 5234, 8);
insert into Citizen (idno, title, firstname, lastname, dateofbirth, gender) VALUES (5235, '', 'Nikolaus', 'Jaroslawsky', '1.1.1960.', 'n');
insert into CandidatesData (idno) VALUES (5235);
insert into Candidacy (wkid, idno, supportedby) VALUES (440, 5235, 7);
insert into Landeslistenplatz (llid, idno, position) VALUES (245, 5235, 15);
insert into Citizen (idno, title, firstname, lastname, dateofbirth, gender) VALUES (5236, '', 'Thomas', 'Jarzombek', '1.1.1973.', 'n');
insert into CandidatesData (idno) VALUES (5236);
insert into Candidacy (wkid, idno, supportedby) VALUES (212, 5236, 12);
insert into Landeslistenplatz (llid, idno, position) VALUES (310, 5236, 35);
insert into Citizen (idno, title, firstname, lastname, dateofbirth, gender) VALUES (5237, '', 'Erich', 'Jaschkowski', '1.1.1952.', 'n');
insert into CandidatesData (idno) VALUES (5237);
insert into Candidacy (wkid, idno, supportedby) VALUES (146, 5237, NULL);
insert into Citizen (idno, title, firstname, lastname, dateofbirth, gender) VALUES (5238, '', 'Dietrich', 'Jaser', '1.1.1961.', 'n');
insert into CandidatesData (idno) VALUES (5238);
insert into Candidacy (wkid, idno, supportedby) VALUES (510, 5238, 33);
insert into Citizen (idno, title, firstname, lastname, dateofbirth, gender) VALUES (5239, '', 'Romuald', 'Jasinski', '1.1.1952.', 'n');
insert into CandidatesData (idno) VALUES (5239);
insert into Candidacy (wkid, idno, supportedby) VALUES (36, 5239, NULL);
insert into Citizen (idno, title, firstname, lastname, dateofbirth, gender) VALUES (5240, '', 'Jochen', 'Jehle', '1.1.1968.', 'n');
insert into CandidatesData (idno) VALUES (5240);
insert into Candidacy (wkid, idno, supportedby) VALUES (586, 5240, 2);
insert into Landeslistenplatz (llid, idno, position) VALUES (249, 5240, 37);
insert into Citizen (idno, title, firstname, lastname, dateofbirth, gender) VALUES (5241, '', 'Ursula', 'Jelpke', '1.1.1951.', 'n');
insert into CandidatesData (idno) VALUES (5241);
insert into Candidacy (wkid, idno, supportedby) VALUES (284, 5241, 3);
insert into Landeslistenplatz (llid, idno, position) VALUES (269, 5241, 3);
insert into Citizen (idno, title, firstname, lastname, dateofbirth, gender) VALUES (5242, '', 'Helmut', 'Jenne', '1.1.1962.', 'n');
insert into CandidatesData (idno) VALUES (5242);
insert into Candidacy (wkid, idno, supportedby) VALUES (448, 5242, 36);
insert into Citizen (idno, title, firstname, lastname, dateofbirth, gender) VALUES (5243, '', 'Karina Annemarie', 'Jens', '1.1.1958.', 'n');
insert into CandidatesData (idno) VALUES (5243);
insert into Landeslistenplatz (llid, idno, position) VALUES (367, 5243, 10);
insert into Citizen (idno, title, firstname, lastname, dateofbirth, gender) VALUES (5244, '', 'Jens', 'Jenssen', '1.1.1979.', 'n');
insert into CandidatesData (idno) VALUES (5244);
insert into Candidacy (wkid, idno, supportedby) VALUES (406, 5244, 2);
insert into Landeslistenplatz (llid, idno, position) VALUES (244, 5244, 14);
insert into Citizen (idno, title, firstname, lastname, dateofbirth, gender) VALUES (5245, '', 'Thomas', 'Jepsen', '1.1.1973.', 'n');
insert into CandidatesData (idno) VALUES (5245);
insert into Landeslistenplatz (llid, idno, position) VALUES (335, 5245, 13);
insert into Citizen (idno, title, firstname, lastname, dateofbirth, gender) VALUES (5246, '', 'Elke', 'Jesinghausen', '1.1.1955.', 'n');
insert into CandidatesData (idno) VALUES (5246);
insert into Landeslistenplatz (llid, idno, position) VALUES (262, 5246, 29);
insert into Citizen (idno, title, firstname, lastname, dateofbirth, gender) VALUES (5247, '', 'Thomas', 'Jeske', '1.1.1972.', 'n');
insert into CandidatesData (idno) VALUES (5247);
insert into Landeslistenplatz (llid, idno, position) VALUES (201, 5247, 18);
insert into Citizen (idno, title, firstname, lastname, dateofbirth, gender) VALUES (5248, '', 'Gunter Harald Wilfried', 'Jess', '1.1.1951.', 'n');
insert into CandidatesData (idno) VALUES (5248);
insert into Landeslistenplatz (llid, idno, position) VALUES (405, 5248, 6);
insert into Citizen (idno, title, firstname, lastname, dateofbirth, gender) VALUES (5249, '', 'Kurt', 'Jeßberger', '1.1.1951.', 'n');
insert into CandidatesData (idno) VALUES (5249);
insert into Candidacy (wkid, idno, supportedby) VALUES (246, 5249, 32);
insert into Landeslistenplatz (llid, idno, position) VALUES (317, 5249, 11);
insert into Citizen (idno, title, firstname, lastname, dateofbirth, gender) VALUES (5250, '', 'Heinz-Werner', 'Jezewski', '1.1.1958.', 'n');
insert into CandidatesData (idno) VALUES (5250);
insert into Candidacy (wkid, idno, supportedby) VALUES (2, 5250, 3);
insert into Citizen (idno, title, firstname, lastname, dateofbirth, gender) VALUES (5251, '', 'Mathias', 'Jochum', '1.1.1981.', 'n');
insert into CandidatesData (idno) VALUES (5251);
insert into Landeslistenplatz (llid, idno, position) VALUES (226, 5251, 21);
insert into Citizen (idno, title, firstname, lastname, dateofbirth, gender) VALUES (5252, '', 'Bruno', 'Jöbkes', '1.1.1967.', 'n');
insert into CandidatesData (idno) VALUES (5252);
insert into Candidacy (wkid, idno, supportedby) VALUES (224, 5252, 5);
insert into Landeslistenplatz (llid, idno, position) VALUES (256, 5252, 20);
insert into Citizen (idno, title, firstname, lastname, dateofbirth, gender) VALUES (5253, '', 'Wolfgang', 'Jöckle', '1.1.1950.', 'n');
insert into CandidatesData (idno) VALUES (5253);
insert into Landeslistenplatz (llid, idno, position) VALUES (229, 5253, 11);
insert into Citizen (idno, title, firstname, lastname, dateofbirth, gender) VALUES (5254, '', 'Sven Wolfgang', 'Jörns', '1.1.1970.', 'n');
insert into CandidatesData (idno) VALUES (5254);
insert into Candidacy (wkid, idno, supportedby) VALUES (18, 5254, 7);
insert into Citizen (idno, title, firstname, lastname, dateofbirth, gender) VALUES (5255, '', 'Sylvia Sabine', 'Jörrißen', '1.1.1967.', 'n');
insert into CandidatesData (idno) VALUES (5255);
insert into Candidacy (wkid, idno, supportedby) VALUES (290, 5255, 12);
insert into Landeslistenplatz (llid, idno, position) VALUES (310, 5255, 42);
insert into Citizen (idno, title, firstname, lastname, dateofbirth, gender) VALUES (5256, 'Dr. ', 'Helmut', 'Johach', '1.1.1941.', 'n');
insert into CandidatesData (idno) VALUES (5256);
insert into Candidacy (wkid, idno, supportedby) VALUES (492, 5256, 3);
insert into Citizen (idno, title, firstname, lastname, dateofbirth, gender) VALUES (5257, '', 'Henry Karl Heinrich', 'Johannsen', '1.1.1944.', 'n');
insert into CandidatesData (idno) VALUES (5257);
insert into Candidacy (wkid, idno, supportedby) VALUES (16, 5257, 1);
insert into Citizen (idno, title, firstname, lastname, dateofbirth, gender) VALUES (5258, '', 'Franz Siegmar', 'John', '1.1.1939.', 'n');
insert into CandidatesData (idno) VALUES (5258);
insert into Candidacy (wkid, idno, supportedby) VALUES (314, 5258, 10);
insert into Landeslistenplatz (llid, idno, position) VALUES (353, 5258, 9);
insert into Citizen (idno, title, firstname, lastname, dateofbirth, gender) VALUES (5259, '', 'Rüdiger', 'John', '1.1.1977.', 'n');
insert into CandidatesData (idno) VALUES (5259);
insert into Candidacy (wkid, idno, supportedby) VALUES (424, 5259, 36);
insert into Landeslistenplatz (llid, idno, position) VALUES (229, 5259, 7);
insert into Citizen (idno, title, firstname, lastname, dateofbirth, gender) VALUES (5260, '', 'Sabine', 'Johnson', '1.1.1956.', 'n');
insert into CandidatesData (idno) VALUES (5260);
insert into Landeslistenplatz (llid, idno, position) VALUES (358, 5260, 10);
insert into Citizen (idno, title, firstname, lastname, dateofbirth, gender) VALUES (5261, 'Dr. ', 'Marc', 'Jongen', '1.1.1968.', 'n');
insert into CandidatesData (idno) VALUES (5261);
insert into Candidacy (wkid, idno, supportedby) VALUES (542, 5261, 33);
insert into Landeslistenplatz (llid, idno, position) VALUES (314, 5261, 10);
insert into Citizen (idno, title, firstname, lastname, dateofbirth, gender) VALUES (5262, '', 'Kevin', 'Jonik', '1.1.1979.', 'n');
insert into CandidatesData (idno) VALUES (5262);
insert into Candidacy (wkid, idno, supportedby) VALUES (130, 5262, NULL);
insert into Citizen (idno, title, firstname, lastname, dateofbirth, gender) VALUES (5263, '', 'Arnold', 'Joosten', '1.1.1982.', 'n');
insert into CandidatesData (idno) VALUES (5263);
insert into Landeslistenplatz (llid, idno, position) VALUES (244, 5263, 24);
insert into Citizen (idno, title, firstname, lastname, dateofbirth, gender) VALUES (5264, '', 'Reinhold', 'Jost', '1.1.1966.', 'n');
insert into CandidatesData (idno) VALUES (5264);
insert into Candidacy (wkid, idno, supportedby) VALUES (594, 5264, 2);
insert into Landeslistenplatz (llid, idno, position) VALUES (250, 5264, 2);
insert into Citizen (idno, title, firstname, lastname, dateofbirth, gender) VALUES (5265, '', 'Christiane', 'Jütten', '1.1.1971.', 'n');
insert into CandidatesData (idno) VALUES (5265);
insert into Candidacy (wkid, idno, supportedby) VALUES (184, 5265, 1);
insert into Citizen (idno, title, firstname, lastname, dateofbirth, gender) VALUES (5266, '', 'Christian', 'Jüttendonk', '1.1.1957.', 'n');
insert into CandidatesData (idno) VALUES (5266);
insert into Landeslistenplatz (llid, idno, position) VALUES (204, 5266, 27);
insert into Citizen (idno, title, firstname, lastname, dateofbirth, gender) VALUES (5267, 'Dr. ', 'Egon', 'Jüttner', '1.1.1942.', 'n');
insert into CandidatesData (idno) VALUES (5267);
insert into Candidacy (wkid, idno, supportedby) VALUES (550, 5267, 12);
insert into Landeslistenplatz (llid, idno, position) VALUES (279, 5267, 12);
insert into Citizen (idno, title, firstname, lastname, dateofbirth, gender) VALUES (5268, '', 'Andreas', 'Jung', '1.1.1975.', 'n');
insert into CandidatesData (idno) VALUES (5268);
insert into Candidacy (wkid, idno, supportedby) VALUES (574, 5268, 12);
insert into Citizen (idno, title, firstname, lastname, dateofbirth, gender) VALUES (5269, '', 'Armin', 'Jung', '1.1.1959.', 'n');
insert into CandidatesData (idno) VALUES (5269);
insert into Candidacy (wkid, idno, supportedby) VALUES (338, 5269, 5);
insert into Landeslistenplatz (llid, idno, position) VALUES (318, 5269, 18);
insert into Citizen (idno, title, firstname, lastname, dateofbirth, gender) VALUES (5270, 'Dr. ', 'Franz Josef Friedrich', 'Jung', '1.1.1949.', 'n');
insert into CandidatesData (idno) VALUES (5270);
insert into Candidacy (wkid, idno, supportedby) VALUES (368, 5270, 12);
insert into Landeslistenplatz (llid, idno, position) VALUES (262, 5270, 1);
insert into Citizen (idno, title, firstname, lastname, dateofbirth, gender) VALUES (5271, 'Dr. ', 'Karsten', 'Jung', '1.1.1977.', 'n');
insert into CandidatesData (idno) VALUES (5271);
insert into Candidacy (wkid, idno, supportedby) VALUES (576, 5271, 4);
insert into Landeslistenplatz (llid, idno, position) VALUES (224, 5271, 34);
insert into Citizen (idno, title, firstname, lastname, dateofbirth, gender) VALUES (5272, '', 'Hermann Thomas', 'Jung', '1.1.1957.', 'n');
insert into CandidatesData (idno) VALUES (5272);
insert into Landeslistenplatz (llid, idno, position) VALUES (332, 5272, 10);
insert into Citizen (idno, title, firstname, lastname, dateofbirth, gender) VALUES (5273, '', 'Norbert', 'Jung', '1.1.1964.', 'n');
insert into CandidatesData (idno) VALUES (5273);
insert into Candidacy (wkid, idno, supportedby) VALUES (148, 5273, 5);
insert into Citizen (idno, title, firstname, lastname, dateofbirth, gender) VALUES (5274, '', 'Xaver', 'Jung', '1.1.1962.', 'n');
insert into CandidatesData (idno) VALUES (5274);
insert into Candidacy (wkid, idno, supportedby) VALUES (420, 5274, 12);
insert into Landeslistenplatz (llid, idno, position) VALUES (312, 5274, 13);
insert into Citizen (idno, title, firstname, lastname, dateofbirth, gender) VALUES (5275, 'Dr. ', 'Freia', 'Jung-Klein', '1.1.1958.', 'n');
insert into CandidatesData (idno) VALUES (5275);
insert into Landeslistenplatz (llid, idno, position) VALUES (389, 5275, 9);
insert into Citizen (idno, title, firstname, lastname, dateofbirth, gender) VALUES (5276, '', 'Marika', 'Jungblut', '1.1.1964.', 'n');
insert into CandidatesData (idno) VALUES (5276);
insert into Candidacy (wkid, idno, supportedby) VALUES (176, 5276, 3);
insert into Citizen (idno, title, firstname, lastname, dateofbirth, gender) VALUES (5277, '', 'Torsten', 'Jungbluth', '1.1.1967.', 'n');
insert into CandidatesData (idno) VALUES (5277);
insert into Landeslistenplatz (llid, idno, position) VALUES (253, 5277, 30);
insert into Citizen (idno, title, firstname, lastname, dateofbirth, gender) VALUES (5278, '', 'Michael Peter', 'Jungclaus', '1.1.1964.', 'n');
insert into CandidatesData (idno) VALUES (5278);
insert into Candidacy (wkid, idno, supportedby) VALUES (118, 5278, 5);
insert into Citizen (idno, title, firstname, lastname, dateofbirth, gender) VALUES (5279, '', 'Frank Michael', 'Junge', '1.1.1967.', 'n');
insert into CandidatesData (idno) VALUES (5279);
insert into Candidacy (wkid, idno, supportedby) VALUES (26, 5279, 2);
insert into Landeslistenplatz (llid, idno, position) VALUES (401, 5279, 2);
insert into Citizen (idno, title, firstname, lastname, dateofbirth, gender) VALUES (5280, '', 'Franziska', 'Junker', '1.1.1963.', 'n');
insert into CandidatesData (idno) VALUES (5280);
insert into Landeslistenplatz (llid, idno, position) VALUES (304, 5280, 11);
insert into Citizen (idno, title, firstname, lastname, dateofbirth, gender) VALUES (5281, '', 'Josip', 'Juratovic', '1.1.1959.', 'n');
insert into CandidatesData (idno) VALUES (5281);
insert into Candidacy (wkid, idno, supportedby) VALUES (534, 5281, 2);
insert into Landeslistenplatz (llid, idno, position) VALUES (249, 5281, 11);
insert into Citizen (idno, title, firstname, lastname, dateofbirth, gender) VALUES (5282, '', 'Ivica', 'Juresa', '1.1.1961.', 'n');
insert into CandidatesData (idno) VALUES (5282);
insert into Landeslistenplatz (llid, idno, position) VALUES (221, 5282, 27);
insert into Citizen (idno, title, firstname, lastname, dateofbirth, gender) VALUES (5283, '', 'Thomas Edmund', 'Jurk', '1.1.1962.', 'n');
insert into CandidatesData (idno) VALUES (5283);
insert into Candidacy (wkid, idno, supportedby) VALUES (314, 5283, 2);
insert into Landeslistenplatz (llid, idno, position) VALUES (329, 5283, 1);
insert into Citizen (idno, title, firstname, lastname, dateofbirth, gender) VALUES (5284, '', 'Fabian', 'Jutt', '1.1.1982.', 'n');
insert into CandidatesData (idno) VALUES (5284);
insert into Landeslistenplatz (llid, idno, position) VALUES (279, 5284, 32);
insert into Citizen (idno, title, firstname, lastname, dateofbirth, gender) VALUES (5285, '', 'Thomas', 'Kachel', '1.1.1970.', 'n');
insert into CandidatesData (idno) VALUES (5285);
insert into Landeslistenplatz (llid, idno, position) VALUES (417, 5285, 14);
insert into Citizen (idno, title, firstname, lastname, dateofbirth, gender) VALUES (5286, '', 'Oliver', 'Kaczmarek', '1.1.1970.', 'n');
insert into CandidatesData (idno) VALUES (5286);
insert into Candidacy (wkid, idno, supportedby) VALUES (288, 5286, 2);
insert into Landeslistenplatz (llid, idno, position) VALUES (246, 5286, 42);
insert into Citizen (idno, title, firstname, lastname, dateofbirth, gender) VALUES (5287, '', 'Sabine', 'Kader', '1.1.1967.', 'n');
insert into CandidatesData (idno) VALUES (5287);
insert into Landeslistenplatz (llid, idno, position) VALUES (297, 5287, 9);
insert into Citizen (idno, title, firstname, lastname, dateofbirth, gender) VALUES (5288, '', 'Jens Klaus', 'Kämpfer', '1.1.1972.', 'n');
insert into CandidatesData (idno) VALUES (5288);
insert into Candidacy (wkid, idno, supportedby) VALUES (390, 5288, 5);
insert into Citizen (idno, title, firstname, lastname, dateofbirth, gender) VALUES (5289, '', 'Gabriele', 'Kaenders', '1.1.1951.', 'n');
insert into CandidatesData (idno) VALUES (5289);
insert into Candidacy (wkid, idno, supportedby) VALUES (228, 5289, 3);
insert into Citizen (idno, title, firstname, lastname, dateofbirth, gender) VALUES (5290, '', 'Verena', 'Käsling', '1.1.1983.', 'n');
insert into CandidatesData (idno) VALUES (5290);
insert into Landeslistenplatz (llid, idno, position) VALUES (310, 5290, 61);
insert into Citizen (idno, title, firstname, lastname, dateofbirth, gender) VALUES (5291, '', 'Toni', 'Kästner', '1.1.1985.', 'n');
insert into CandidatesData (idno) VALUES (5291);
insert into Landeslistenplatz (llid, idno, position) VALUES (338, 5291, 10);
insert into Citizen (idno, title, firstname, lastname, dateofbirth, gender) VALUES (5292, '', 'Sascha', 'Kahle', '1.1.1986.', 'n');
insert into CandidatesData (idno) VALUES (5292);
insert into Candidacy (wkid, idno, supportedby) VALUES (128, 5292, 7);
insert into Citizen (idno, title, firstname, lastname, dateofbirth, gender) VALUES (5293, '', 'Adrian', 'Kahler', '1.1.1990.', 'n');
insert into CandidatesData (idno) VALUES (5293);
insert into Landeslistenplatz (llid, idno, position) VALUES (297, 5293, 44);
insert into Citizen (idno, title, firstname, lastname, dateofbirth, gender) VALUES (5294, '', 'Birgit Angelika', 'Kahler', '1.1.1950.', 'n');
insert into CandidatesData (idno) VALUES (5294);
insert into Landeslistenplatz (llid, idno, position) VALUES (204, 5294, 11);
insert into Citizen (idno, title, firstname, lastname, dateofbirth, gender) VALUES (5295, '', 'Yazgülü', 'Kahraman-Meister', '1.1.1962.', 'n');
insert into CandidatesData (idno) VALUES (5295);
insert into Landeslistenplatz (llid, idno, position) VALUES (207, 5295, 4);
insert into Citizen (idno, title, firstname, lastname, dateofbirth, gender) VALUES (5296, '', 'Johannes', 'Kahrs', '1.1.1963.', 'n');
insert into CandidatesData (idno) VALUES (5296);
insert into Candidacy (wkid, idno, supportedby) VALUES (36, 5296, 2);
insert into Citizen (idno, title, firstname, lastname, dateofbirth, gender) VALUES (5297, '', 'Wilhelm', 'Kail', '1.1.1964.', 'n');
insert into CandidatesData (idno) VALUES (5297);
insert into Landeslistenplatz (llid, idno, position) VALUES (230, 5297, 11);
insert into Citizen (idno, title, firstname, lastname, dateofbirth, gender) VALUES (5298, '', 'Arno', 'Kailer', '1.1.1953.', 'n');
insert into CandidatesData (idno) VALUES (5298);
insert into Landeslistenplatz (llid, idno, position) VALUES (343, 5298, 2);
insert into Citizen (idno, title, firstname, lastname, dateofbirth, gender) VALUES (5299, '', 'Christa', 'Kaiser', '1.1.1953.', 'n');
insert into CandidatesData (idno) VALUES (5299);
insert into Candidacy (wkid, idno, supportedby) VALUES (440, 5299, 10);
insert into Landeslistenplatz (llid, idno, position) VALUES (393, 5299, 2);
insert into Citizen (idno, title, firstname, lastname, dateofbirth, gender) VALUES (5300, 'Dr. ', 'Karin Sigrid Elisabeth', 'Kaiser', '1.1.1962.', 'n');
insert into CandidatesData (idno) VALUES (5300);
insert into Candidacy (wkid, idno, supportedby) VALUES (12, 5300, 33);
insert into Landeslistenplatz (llid, idno, position) VALUES (285, 5300, 3);
insert into Citizen (idno, title, firstname, lastname, dateofbirth, gender) VALUES (5301, '', 'Manfred', 'Kaiser', '1.1.1968.', 'n');
insert into CandidatesData (idno) VALUES (5301);
insert into Landeslistenplatz (llid, idno, position) VALUES (325, 5301, 15);
insert into Citizen (idno, title, firstname, lastname, dateofbirth, gender) VALUES (5302, '', 'Sandra', 'Kaiser', '1.1.1974.', 'n');
insert into CandidatesData (idno) VALUES (5302);
insert into Landeslistenplatz (llid, idno, position) VALUES (325, 5302, 11);
insert into Citizen (idno, title, firstname, lastname, dateofbirth, gender) VALUES (5303, '', 'Stefan', 'Kaiser', '1.1.1985.', 'n');
insert into CandidatesData (idno) VALUES (5303);
insert into Candidacy (wkid, idno, supportedby) VALUES (454, 5303, 32);
insert into Landeslistenplatz (llid, idno, position) VALUES (206, 5303, 17);
insert into Citizen (idno, title, firstname, lastname, dateofbirth, gender) VALUES (5304, '', 'Birgit', 'Kaiser-Wirz', '1.1.1959.', 'n');
insert into CandidatesData (idno) VALUES (5304);
insert into Landeslistenplatz (llid, idno, position) VALUES (262, 5304, 45);
insert into Citizen (idno, title, firstname, lastname, dateofbirth, gender) VALUES (5305, '', 'Erich', 'Kaisersberger', '1.1.1967.', 'n');
insert into CandidatesData (idno) VALUES (5305);
insert into Candidacy (wkid, idno, supportedby) VALUES (438, 5305, 10);
insert into Landeslistenplatz (llid, idno, position) VALUES (393, 5305, 9);
insert into Citizen (idno, title, firstname, lastname, dateofbirth, gender) VALUES (5306, '', 'Bartholomäus', 'Kalb', '1.1.1949.', 'n');
insert into CandidatesData (idno) VALUES (5306);
insert into Candidacy (wkid, idno, supportedby) VALUES (454, 5306, 9);
insert into Citizen (idno, title, firstname, lastname, dateofbirth, gender) VALUES (5307, '', 'Erika Ingeborg', 'Kalben von', '1.1.1964.', 'n');
insert into CandidatesData (idno) VALUES (5307);
insert into Candidacy (wkid, idno, supportedby) VALUES (6, 5307, 5);
insert into Citizen (idno, title, firstname, lastname, dateofbirth, gender) VALUES (5308, '', 'Jan Hendrik', 'Kalbhenn', '1.1.1986.', 'n');
insert into CandidatesData (idno) VALUES (5308);
insert into Landeslistenplatz (llid, idno, position) VALUES (307, 5308, 1);
insert into Citizen (idno, title, firstname, lastname, dateofbirth, gender) VALUES (5309, '', 'Gerhard', 'Kalinka', '1.1.1962.', 'n');
insert into CandidatesData (idno) VALUES (5309);
insert into Landeslistenplatz (llid, idno, position) VALUES (267, 5309, 4);
insert into Citizen (idno, title, firstname, lastname, dateofbirth, gender) VALUES (5310, '', 'Martin', 'Kalkoffen', '1.1.1956.', 'n');
insert into CandidatesData (idno) VALUES (5310);
insert into Landeslistenplatz (llid, idno, position) VALUES (419, 5310, 5);
insert into Citizen (idno, title, firstname, lastname, dateofbirth, gender) VALUES (5311, '', 'Christoph', 'Kalkowski', '1.1.1982.', 'n');
insert into CandidatesData (idno) VALUES (5311);
insert into Candidacy (wkid, idno, supportedby) VALUES (434, 5311, 32);
insert into Landeslistenplatz (llid, idno, position) VALUES (206, 5311, 38);
insert into Citizen (idno, title, firstname, lastname, dateofbirth, gender) VALUES (5312, '', 'Melanie', 'Kalkowski', '1.1.1978.', 'n');
insert into CandidatesData (idno) VALUES (5312);
insert into Landeslistenplatz (llid, idno, position) VALUES (248, 5312, 1);
insert into Citizen (idno, title, firstname, lastname, dateofbirth, gender) VALUES (5313, 'Dr. ', 'Josef', 'Kallrath', '1.1.1959.', 'n');
insert into CandidatesData (idno) VALUES (5313);
insert into Landeslistenplatz (llid, idno, position) VALUES (236, 5313, 2);
insert into Citizen (idno, title, firstname, lastname, dateofbirth, gender) VALUES (5314, '', 'Brigitte', 'Kallweit', '1.1.1956.', 'n');
insert into CandidatesData (idno) VALUES (5314);
insert into Candidacy (wkid, idno, supportedby) VALUES (80, 5314, 1);
insert into Landeslistenplatz (llid, idno, position) VALUES (347, 5314, 3);
insert into Citizen (idno, title, firstname, lastname, dateofbirth, gender) VALUES (5315, 'Dr. ', 'Helmut', 'Kaltenhauser', '1.1.1961.', 'n');
insert into CandidatesData (idno) VALUES (5315);
insert into Candidacy (wkid, idno, supportedby) VALUES (494, 5315, 4);
insert into Landeslistenplatz (llid, idno, position) VALUES (276, 5315, 27);
insert into Citizen (idno, title, firstname, lastname, dateofbirth, gender) VALUES (5316, '', 'Doris', 'Kamke', '1.1.1968.', 'n');
insert into CandidatesData (idno) VALUES (5316);
insert into Landeslistenplatz (llid, idno, position) VALUES (338, 5316, 9);
insert into Citizen (idno, title, firstname, lastname, dateofbirth, gender) VALUES (5317, '', 'Cédric', 'Kamlah', '1.1.1992.', 'n');
insert into CandidatesData (idno) VALUES (5317);
insert into Candidacy (wkid, idno, supportedby) VALUES (68, 5317, 4);
insert into Landeslistenplatz (llid, idno, position) VALUES (301, 5317, 16);
insert into Citizen (idno, title, firstname, lastname, dateofbirth, gender) VALUES (5318, '', 'Hans-Werner', 'Kammer', '1.1.1948.', 'n');
insert into CandidatesData (idno) VALUES (5318);
insert into Candidacy (wkid, idno, supportedby) VALUES (52, 5318, 12);
insert into Landeslistenplatz (llid, idno, position) VALUES (217, 5318, 15);
insert into Citizen (idno, title, firstname, lastname, dateofbirth, gender) VALUES (5319, '', 'Uwe', 'Kammer', '1.1.1966.', 'n');
insert into CandidatesData (idno) VALUES (5319);
insert into Landeslistenplatz (llid, idno, position) VALUES (422, 5319, 2);
insert into Citizen (idno, title, firstname, lastname, dateofbirth, gender) VALUES (5320, '', 'Georg Friedrich', 'Kammerer', '1.1.1981.', 'n');
insert into CandidatesData (idno) VALUES (5320);
insert into Candidacy (wkid, idno, supportedby) VALUES (164, 5320, 31);
insert into Landeslistenplatz (llid, idno, position) VALUES (201, 5320, 6);
insert into Citizen (idno, title, firstname, lastname, dateofbirth, gender) VALUES (5321, '', 'Tobias', 'Kammler', '1.1.1986.', 'n');
insert into CandidatesData (idno) VALUES (5321);
insert into Candidacy (wkid, idno, supportedby) VALUES (394, 5321, 1);
insert into Landeslistenplatz (llid, idno, position) VALUES (271, 5321, 4);
insert into Citizen (idno, title, firstname, lastname, dateofbirth, gender) VALUES (5322, '', 'Steffen', 'Kampeter', '1.1.1963.', 'n');
insert into CandidatesData (idno) VALUES (5322);
insert into Candidacy (wkid, idno, supportedby) VALUES (268, 5322, 12);
insert into Landeslistenplatz (llid, idno, position) VALUES (310, 5322, 8);
insert into Citizen (idno, title, firstname, lastname, dateofbirth, gender) VALUES (5323, '', 'Christina', 'Kampmann', '1.1.1980.', 'n');
insert into CandidatesData (idno) VALUES (5323);
insert into Candidacy (wkid, idno, supportedby) VALUES (264, 5323, 2);
insert into Landeslistenplatz (llid, idno, position) VALUES (246, 5323, 16);
insert into Citizen (idno, title, firstname, lastname, dateofbirth, gender) VALUES (5324, '', 'Helmut Johannes', 'Kanand', '1.1.1953.', 'n');
insert into CandidatesData (idno) VALUES (5324);
insert into Candidacy (wkid, idno, supportedby) VALUES (278, 5324, 3);
insert into Citizen (idno, title, firstname, lastname, dateofbirth, gender) VALUES (5325, '', 'Niels', 'Kandar', '1.1.1984.', 'n');
insert into CandidatesData (idno) VALUES (5325);
insert into Candidacy (wkid, idno, supportedby) VALUES (598, 5325, 1);
insert into Landeslistenplatz (llid, idno, position) VALUES (231, 5325, 4);
insert into Citizen (idno, title, firstname, lastname, dateofbirth, gender) VALUES (5326, '', 'Norbert', 'Kandziora', '1.1.1951.', 'n');
insert into CandidatesData (idno) VALUES (5326);
insert into Landeslistenplatz (llid, idno, position) VALUES (362, 5326, 1);
insert into Citizen (idno, title, firstname, lastname, dateofbirth, gender) VALUES (5327, '', 'Paul-Gerhard', 'Kanis', '1.1.1955.', 'n');
insert into CandidatesData (idno) VALUES (5327);
insert into Candidacy (wkid, idno, supportedby) VALUES (588, 5327, NULL);
insert into Citizen (idno, title, firstname, lastname, dateofbirth, gender) VALUES (5328, '', 'Steffen', 'Kanitz', '1.1.1984.', 'n');
insert into CandidatesData (idno) VALUES (5328);
insert into Candidacy (wkid, idno, supportedby) VALUES (286, 5328, 12);
insert into Landeslistenplatz (llid, idno, position) VALUES (310, 5328, 20);
insert into Citizen (idno, title, firstname, lastname, dateofbirth, gender) VALUES (5329, '', 'Sebastian', 'Kanschat', '1.1.1987.', 'n');
insert into CandidatesData (idno) VALUES (5329);
insert into Candidacy (wkid, idno, supportedby) VALUES (430, 5329, 7);
insert into Citizen (idno, title, firstname, lastname, dateofbirth, gender) VALUES (5330, '', 'Ayten', 'Kaplan', '1.1.1970.', 'n');
insert into CandidatesData (idno) VALUES (5330);
insert into Candidacy (wkid, idno, supportedby) VALUES (178, 5330, 3);
insert into Landeslistenplatz (llid, idno, position) VALUES (269, 5330, 11);
insert into Citizen (idno, title, firstname, lastname, dateofbirth, gender) VALUES (5331, '', 'Helena', 'Kapp', '1.1.1951.', 'n');
insert into CandidatesData (idno) VALUES (5331);
insert into Landeslistenplatz (llid, idno, position) VALUES (279, 5331, 25);
insert into Citizen (idno, title, firstname, lastname, dateofbirth, gender) VALUES (5332, '', 'Tilmann', 'Kappe', '1.1.1960.', 'n');
insert into CandidatesData (idno) VALUES (5332);
insert into Landeslistenplatz (llid, idno, position) VALUES (219, 5332, 11);
insert into Citizen (idno, title, firstname, lastname, dateofbirth, gender) VALUES (5333, '', 'Klaus', 'Kappner', '1.1.1959.', 'n');
insert into CandidatesData (idno) VALUES (5333);
insert into Landeslistenplatz (llid, idno, position) VALUES (270, 5333, 7);
insert into Citizen (idno, title, firstname, lastname, dateofbirth, gender) VALUES (5334, '', 'Ralf', 'Kapschack', '1.1.1954.', 'n');
insert into CandidatesData (idno) VALUES (5334);
insert into Candidacy (wkid, idno, supportedby) VALUES (278, 5334, 2);
insert into Landeslistenplatz (llid, idno, position) VALUES (246, 5334, 37);
insert into Citizen (idno, title, firstname, lastname, dateofbirth, gender) VALUES (5335, '', 'Macit', 'Karaahmetoglu', '1.1.1968.', 'n');
insert into CandidatesData (idno) VALUES (5335);
insert into Candidacy (wkid, idno, supportedby) VALUES (530, 5335, 2);
insert into Landeslistenplatz (llid, idno, position) VALUES (249, 5335, 21);
insert into Citizen (idno, title, firstname, lastname, dateofbirth, gender) VALUES (5336, '', 'Susanna', 'Karawanskij', '1.1.1980.', 'n');
insert into CandidatesData (idno) VALUES (5336);
insert into Candidacy (wkid, idno, supportedby) VALUES (302, 5336, 3);
insert into Landeslistenplatz (llid, idno, position) VALUES (417, 5336, 3);
insert into Citizen (idno, title, firstname, lastname, dateofbirth, gender) VALUES (5337, 'Dr. ', 'Najibulla', 'Karim', '1.1.1973.', 'n');
insert into CandidatesData (idno) VALUES (5337);
insert into Candidacy (wkid, idno, supportedby) VALUES (36, 5337, 4);
insert into Citizen (idno, title, firstname, lastname, dateofbirth, gender) VALUES (5338, '', 'Alfred Friedrich', 'Karl', '1.1.1947.', 'n');
insert into CandidatesData (idno) VALUES (5338);
insert into Landeslistenplatz (llid, idno, position) VALUES (340, 5338, 8);
insert into Citizen (idno, title, firstname, lastname, dateofbirth, gender) VALUES (5339, '', 'Alois', 'Karl', '1.1.1950.', 'n');
insert into CandidatesData (idno) VALUES (5339);
insert into Candidacy (wkid, idno, supportedby) VALUES (464, 5339, 9);
insert into Citizen (idno, title, firstname, lastname, dateofbirth, gender) VALUES (5340, '', 'Manuela', 'Karli', '1.1.1975.', 'n');
insert into CandidatesData (idno) VALUES (5340);
insert into Landeslistenplatz (llid, idno, position) VALUES (269, 5340, 27);
insert into Citizen (idno, title, firstname, lastname, dateofbirth, gender) VALUES (5341, '', 'Anja Maria-Antonia', 'Karliczek', '1.1.1971.', 'n');
insert into CandidatesData (idno) VALUES (5341);
insert into Candidacy (wkid, idno, supportedby) VALUES (256, 5341, 12);
insert into Landeslistenplatz (llid, idno, position) VALUES (310, 5341, 15);
insert into Citizen (idno, title, firstname, lastname, dateofbirth, gender) VALUES (5342, '', 'Ilja Bertold', 'Karpowski', '1.1.1981.', 'n');
insert into CandidatesData (idno) VALUES (5342);
insert into Candidacy (wkid, idno, supportedby) VALUES (364, 5342, 10);
insert into Citizen (idno, title, firstname, lastname, dateofbirth, gender) VALUES (5343, 'Dr. ', 'Wulf-Christof', 'Karstedt von', '1.1.1970.', 'n');
insert into CandidatesData (idno) VALUES (5343);
insert into Landeslistenplatz (llid, idno, position) VALUES (313, 5343, 5);
insert into Citizen (idno, title, firstname, lastname, dateofbirth, gender) VALUES (5344, '', 'Imke', 'Karstedt von', '1.1.1980.', 'n');
insert into CandidatesData (idno) VALUES (5344);
insert into Candidacy (wkid, idno, supportedby) VALUES (108, 5344, 31);
insert into Landeslistenplatz (llid, idno, position) VALUES (313, 5344, 1);
insert into Citizen (idno, title, firstname, lastname, dateofbirth, gender) VALUES (5345, '', 'Heidelore', 'Karsten', '1.1.1946.', 'n');
insert into CandidatesData (idno) VALUES (5345);
insert into Candidacy (wkid, idno, supportedby) VALUES (322, 5345, 1);
insert into Citizen (idno, title, firstname, lastname, dateofbirth, gender) VALUES (5346, 'Dr. ', 'Detleff', 'Karstens', '1.1.1941.', 'n');
insert into CandidatesData (idno) VALUES (5346);
insert into Candidacy (wkid, idno, supportedby) VALUES (102, 5346, 17);
insert into Landeslistenplatz (llid, idno, position) VALUES (302, 5346, 1);
insert into Citizen (idno, title, firstname, lastname, dateofbirth, gender) VALUES (5347, '', 'Stefan', 'Karstens', '1.1.1981.', 'n');
insert into CandidatesData (idno) VALUES (5347);
insert into Candidacy (wkid, idno, supportedby) VALUES (8, 5347, 3);
insert into Landeslistenplatz (llid, idno, position) VALUES (320, 5347, 6);
insert into Citizen (idno, title, firstname, lastname, dateofbirth, gender) VALUES (5348, '', 'Georg', 'Kaschner', '1.1.1955.', 'n');
insert into CandidatesData (idno) VALUES (5348);
insert into Candidacy (wkid, idno, supportedby) VALUES (468, 5348, 3);
insert into Citizen (idno, title, firstname, lastname, dateofbirth, gender) VALUES (5349, 'Prof. Dr. ', 'Martin', 'Kaschny', '1.1.1964.', 'n');
insert into CandidatesData (idno) VALUES (5349);
insert into Candidacy (wkid, idno, supportedby) VALUES (400, 5349, 4);
insert into Landeslistenplatz (llid, idno, position) VALUES (294, 5349, 14);
insert into Citizen (idno, title, firstname, lastname, dateofbirth, gender) VALUES (5350, '', 'Bernd', 'Kasperidus', '1.1.1970.', 'n');
insert into CandidatesData (idno) VALUES (5350);
insert into Landeslistenplatz (llid, idno, position) VALUES (245, 5350, 22);
insert into Citizen (idno, title, firstname, lastname, dateofbirth, gender) VALUES (5351, '', 'Andreas', 'Kaßbohm', '1.1.1960.', 'n');
insert into CandidatesData (idno) VALUES (5351);
insert into Candidacy (wkid, idno, supportedby) VALUES (384, 5351, 7);
insert into Landeslistenplatz (llid, idno, position) VALUES (218, 5351, 1);
insert into Citizen (idno, title, firstname, lastname, dateofbirth, gender) VALUES (5352, '', 'Karin Kerstin', 'Kassner', '1.1.1958.', 'n');
insert into CandidatesData (idno) VALUES (5352);
insert into Candidacy (wkid, idno, supportedby) VALUES (30, 5352, 3);
insert into Landeslistenplatz (llid, idno, position) VALUES (281, 5352, 3);
insert into Citizen (idno, title, firstname, lastname, dateofbirth, gender) VALUES (5353, '', 'Achim', 'Kast', '1.1.1982.', 'n');
insert into CandidatesData (idno) VALUES (5353);
insert into Candidacy (wkid, idno, supportedby) VALUES (510, 5353, 1);
insert into Citizen (idno, title, firstname, lastname, dateofbirth, gender) VALUES (5354, '', 'Maren', 'Kaste', '1.1.1962.', 'n');
insert into CandidatesData (idno) VALUES (5354);
insert into LandesListe (llid, year, pid, fsid) VALUES (425, 2013, 36, 6);
insert into Landeslistenplatz (llid, idno, position) VALUES (425, 5354, 3);
insert into Citizen (idno, title, firstname, lastname, dateofbirth, gender) VALUES (5355, '', 'Bernhard', 'Kaster', '1.1.1957.', 'n');
insert into CandidatesData (idno) VALUES (5355);
insert into Candidacy (wkid, idno, supportedby) VALUES (408, 5355, 12);
insert into Landeslistenplatz (llid, idno, position) VALUES (312, 5355, 3);
insert into Citizen (idno, title, firstname, lastname, dateofbirth, gender) VALUES (5356, '', 'Jan', 'Kastner', '1.1.1990.', 'n');
insert into CandidatesData (idno) VALUES (5356);
insert into Candidacy (wkid, idno, supportedby) VALUES (466, 5356, 7);
insert into Landeslistenplatz (llid, idno, position) VALUES (245, 5356, 14);
insert into Citizen (idno, title, firstname, lastname, dateofbirth, gender) VALUES (5357, '', 'Ulrich', 'Kastner', '1.1.1962.', 'n');
insert into CandidatesData (idno) VALUES (5357);
insert into Candidacy (wkid, idno, supportedby) VALUES (426, 5357, 4);
insert into Landeslistenplatz (llid, idno, position) VALUES (276, 5357, 47);
insert into Citizen (idno, title, firstname, lastname, dateofbirth, gender) VALUES (5358, '', 'Kristian', 'Kater', '1.1.1983.', 'n');
insert into CandidatesData (idno) VALUES (5358);
insert into Landeslistenplatz (llid, idno, position) VALUES (242, 5358, 43);
insert into Citizen (idno, title, firstname, lastname, dateofbirth, gender) VALUES (5359, '', 'Harald', 'Kathe', '1.1.1964.', 'n');
insert into CandidatesData (idno) VALUES (5359);
insert into Landeslistenplatz (llid, idno, position) VALUES (422, 5359, 3);
insert into Citizen (idno, title, firstname, lastname, dateofbirth, gender) VALUES (5360, '', 'Nicolas', 'Katte', '1.1.1990.', 'n');
insert into CandidatesData (idno) VALUES (5360);
insert into Landeslistenplatz (llid, idno, position) VALUES (294, 5360, 10);
insert into Citizen (idno, title, firstname, lastname, dateofbirth, gender) VALUES (5361, '', 'Robert', 'Katte', '1.1.1957.', 'n');
insert into CandidatesData (idno) VALUES (5361);
insert into Landeslistenplatz (llid, idno, position) VALUES (236, 5361, 19);
insert into Citizen (idno, title, firstname, lastname, dateofbirth, gender) VALUES (5362, 'Dr. ', 'Dieter Hans Heinrich', 'Katterle', '1.1.1950.', 'n');
insert into CandidatesData (idno) VALUES (5362);
insert into Candidacy (wkid, idno, supportedby) VALUES (490, 5362, 4);
insert into Landeslistenplatz (llid, idno, position) VALUES (276, 5362, 21);
insert into Citizen (idno, title, firstname, lastname, dateofbirth, gender) VALUES (5363, '', 'Dietmar Fritz', 'Katzer', '1.1.1952.', 'n');
insert into CandidatesData (idno) VALUES (5363);
insert into Landeslistenplatz (llid, idno, position) VALUES (277, 5363, 18);
insert into Citizen (idno, title, firstname, lastname, dateofbirth, gender) VALUES (5364, '', 'Gabriele', 'Katzmarek', '1.1.1960.', 'n');
insert into CandidatesData (idno) VALUES (5364);
insert into Candidacy (wkid, idno, supportedby) VALUES (546, 5364, 2);
insert into Landeslistenplatz (llid, idno, position) VALUES (249, 5364, 12);
insert into Citizen (idno, title, firstname, lastname, dateofbirth, gender) VALUES (5365, '', 'Michael', 'Kauch', '1.1.1967.', 'n');
insert into CandidatesData (idno) VALUES (5365);
insert into Candidacy (wkid, idno, supportedby) VALUES (284, 5365, 4);
insert into Landeslistenplatz (llid, idno, position) VALUES (272, 5365, 6);
insert into Citizen (idno, title, firstname, lastname, dateofbirth, gender) VALUES (5366, '', 'Siegfried', 'Kauder', '1.1.1950.', 'n');
insert into CandidatesData (idno) VALUES (5366);
insert into Candidacy (wkid, idno, supportedby) VALUES (572, 5366, NULL);
insert into Citizen (idno, title, firstname, lastname, dateofbirth, gender) VALUES (5367, '', 'Volker', 'Kauder', '1.1.1949.', 'n');
insert into CandidatesData (idno) VALUES (5367);
insert into Candidacy (wkid, idno, supportedby) VALUES (570, 5367, 12);
insert into Landeslistenplatz (llid, idno, position) VALUES (279, 5367, 3);
insert into Citizen (idno, title, firstname, lastname, dateofbirth, gender) VALUES (5368, '', 'Thomas', 'Kauer', '1.1.1982.', 'n');
insert into CandidatesData (idno) VALUES (5368);
insert into Landeslistenplatz (llid, idno, position) VALUES (314, 5368, 16);
insert into Citizen (idno, title, firstname, lastname, dateofbirth, gender) VALUES (5369, '', 'Alexander', 'Kaufmann', '1.1.1964.', 'n');
insert into CandidatesData (idno) VALUES (5369);
insert into Candidacy (wkid, idno, supportedby) VALUES (340, 5369, 7);
insert into Citizen (idno, title, firstname, lastname, dateofbirth, gender) VALUES (5370, 'Dr. ', 'Stefan', 'Kaufmann', '1.1.1969.', 'n');
insert into CandidatesData (idno) VALUES (5370);
insert into Candidacy (wkid, idno, supportedby) VALUES (516, 5370, 12);
insert into Landeslistenplatz (llid, idno, position) VALUES (279, 5370, 10);
insert into Citizen (idno, title, firstname, lastname, dateofbirth, gender) VALUES (5371, 'Prof. Dr. ', 'Michael Heinz', 'Kaufmann', '1.1.1964.', 'n');
insert into CandidatesData (idno) VALUES (5371);
insert into Candidacy (wkid, idno, supportedby) VALUES (388, 5371, 33);
insert into Landeslistenplatz (llid, idno, position) VALUES (378, 5371, 1);
insert into Citizen (idno, title, firstname, lastname, dateofbirth, gender) VALUES (5372, '', 'Andrea', 'Kaup', '1.1.1969.', 'n');
insert into CandidatesData (idno) VALUES (5372);
insert into Landeslistenplatz (llid, idno, position) VALUES (290, 5372, 23);
insert into Citizen (idno, title, firstname, lastname, dateofbirth, gender) VALUES (5373, '', 'Jessica', 'Kaußen', '1.1.1990.', 'n');
insert into CandidatesData (idno) VALUES (5373);
insert into Landeslistenplatz (llid, idno, position) VALUES (304, 5373, 9);
insert into Citizen (idno, title, firstname, lastname, dateofbirth, gender) VALUES (5374, '', 'Jonas', 'Kayser', '1.1.1994.', 'n');
insert into CandidatesData (idno) VALUES (5374);
insert into Candidacy (wkid, idno, supportedby) VALUES (112, 5374, NULL);
insert into Citizen (idno, title, firstname, lastname, dateofbirth, gender) VALUES (5375, '', 'Johann', 'Keckstein', '1.1.1950.', 'n');
insert into CandidatesData (idno) VALUES (5375);
insert into Candidacy (wkid, idno, supportedby) VALUES (290, 5375, 32);
insert into Citizen (idno, title, firstname, lastname, dateofbirth, gender) VALUES (5376, '', 'Michael', 'Kefer', '1.1.1968.', 'n');
insert into CandidatesData (idno) VALUES (5376);
insert into Candidacy (wkid, idno, supportedby) VALUES (566, 5376, 36);
insert into Citizen (idno, title, firstname, lastname, dateofbirth, gender) VALUES (5377, '', 'Max', 'Kehm', '1.1.1986.', 'n');
insert into CandidatesData (idno) VALUES (5377);
insert into Candidacy (wkid, idno, supportedby) VALUES (564, 5377, 7);
insert into Citizen (idno, title, firstname, lastname, dateofbirth, gender) VALUES (5378, '', 'Kai-Sören', 'Kehrmann', '1.1.1959.', 'n');
insert into CandidatesData (idno) VALUES (5378);
insert into Candidacy (wkid, idno, supportedby) VALUES (366, 5378, 32);
insert into Landeslistenplatz (llid, idno, position) VALUES (315, 5378, 4);
insert into Citizen (idno, title, firstname, lastname, dateofbirth, gender) VALUES (5379, '', 'Lukas', 'Keiner', '1.1.1986.', 'n');
insert into CandidatesData (idno) VALUES (5379);
insert into Candidacy (wkid, idno, supportedby) VALUES (356, 5379, 1);
insert into Citizen (idno, title, firstname, lastname, dateofbirth, gender) VALUES (5380, '', 'Peter', 'Keins', '1.1.1961.', 'n');
insert into CandidatesData (idno) VALUES (5380);
insert into Landeslistenplatz (llid, idno, position) VALUES (201, 5380, 29);
insert into Citizen (idno, title, firstname, lastname, dateofbirth, gender) VALUES (5381, '', 'Uwe', 'Kekeritz', '1.1.1953.', 'n');
insert into CandidatesData (idno) VALUES (5381);
insert into Candidacy (wkid, idno, supportedby) VALUES (486, 5381, 5);
insert into Landeslistenplatz (llid, idno, position) VALUES (238, 5381, 6);
insert into Citizen (idno, title, firstname, lastname, dateofbirth, gender) VALUES (5382, '', 'Ulrich Wolfgang', 'Kelber', '1.1.1968.', 'n');
insert into CandidatesData (idno) VALUES (5382);
insert into Candidacy (wkid, idno, supportedby) VALUES (192, 5382, 2);
insert into Landeslistenplatz (llid, idno, position) VALUES (246, 5382, 56);
insert into Citizen (idno, title, firstname, lastname, dateofbirth, gender) VALUES (5383, '', 'Friedrich', 'Kellermann', '1.1.1953.', 'n');
insert into CandidatesData (idno) VALUES (5383);
insert into Candidacy (wkid, idno, supportedby) VALUES (536, 5383, 1);
insert into Citizen (idno, title, firstname, lastname, dateofbirth, gender) VALUES (5384, '', 'Otto', 'Kellermann', '1.1.1944.', 'n');
insert into CandidatesData (idno) VALUES (5384);
insert into Landeslistenplatz (llid, idno, position) VALUES (213, 5384, 25);
insert into Citizen (idno, title, firstname, lastname, dateofbirth, gender) VALUES (5385, '', 'Oliver', 'Kellmer', '1.1.1976.', 'n');
insert into CandidatesData (idno) VALUES (5385);
insert into Candidacy (wkid, idno, supportedby) VALUES (60, 5385, 2);
insert into Landeslistenplatz (llid, idno, position) VALUES (242, 5385, 25);
insert into Citizen (idno, title, firstname, lastname, dateofbirth, gender) VALUES (5386, '', 'Henny', 'Kellner', '1.1.1956.', 'n');
insert into CandidatesData (idno) VALUES (5386);
insert into Candidacy (wkid, idno, supportedby) VALUES (302, 5386, 7);
insert into Citizen (idno, title, firstname, lastname, dateofbirth, gender) VALUES (5387, '', 'Birgit', 'Kemmer', '1.1.1960.', 'n');
insert into CandidatesData (idno) VALUES (5387);
insert into Candidacy (wkid, idno, supportedby) VALUES (62, 5387, 5);
insert into Landeslistenplatz (llid, idno, position) VALUES (316, 5387, 11);
insert into Citizen (idno, title, firstname, lastname, dateofbirth, gender) VALUES (5388, '', 'Jannis', 'Kempe', '1.1.1991.', 'n');
insert into CandidatesData (idno) VALUES (5388);
insert into Landeslistenplatz (llid, idno, position) VALUES (201, 5388, 51);
insert into Citizen (idno, title, firstname, lastname, dateofbirth, gender) VALUES (5389, '', 'Martina', 'Kempf', '1.1.1964.', 'n');
insert into CandidatesData (idno) VALUES (5389);
insert into Landeslistenplatz (llid, idno, position) VALUES (314, 5389, 17);
insert into Citizen (idno, title, firstname, lastname, dateofbirth, gender) VALUES (5390, '', 'Timm Richard', 'Kempf', '1.1.1941.', 'n');
insert into CandidatesData (idno) VALUES (5390);
insert into Landeslistenplatz (llid, idno, position) VALUES (314, 5390, 23);
insert into Citizen (idno, title, firstname, lastname, dateofbirth, gender) VALUES (5391, '', 'Michael', 'Kerber', '1.1.1978.', 'n');
insert into CandidatesData (idno) VALUES (5391);
insert into Candidacy (wkid, idno, supportedby) VALUES (562, 5391, 1);
insert into Citizen (idno, title, firstname, lastname, dateofbirth, gender) VALUES (5392, '', 'Franz', 'Keren', '1.1.1951.', 'n');
insert into CandidatesData (idno) VALUES (5392);
insert into Landeslistenplatz (llid, idno, position) VALUES (225, 5392, 5);
insert into Citizen (idno, title, firstname, lastname, dateofbirth, gender) VALUES (5393, '', 'Siegfried', 'Kerkhoff', '1.1.1958.', 'n');
insert into CandidatesData (idno) VALUES (5393);
insert into Candidacy (wkid, idno, supportedby) VALUES (252, 5393, 7);
insert into Citizen (idno, title, firstname, lastname, dateofbirth, gender) VALUES (5394, '', 'Marina Angela', 'Kermer', '1.1.1960.', 'n');
insert into CandidatesData (idno) VALUES (5394);
insert into Candidacy (wkid, idno, supportedby) VALUES (132, 5394, 2);
insert into Landeslistenplatz (llid, idno, position) VALUES (337, 5394, 4);
insert into Citizen (idno, title, firstname, lastname, dateofbirth, gender) VALUES (5395, '', 'Daniel', 'Kern', '1.1.1983.', 'n');
insert into CandidatesData (idno) VALUES (5395);
insert into Landeslistenplatz (llid, idno, position) VALUES (312, 5395, 25);
insert into Citizen (idno, title, firstname, lastname, dateofbirth, gender) VALUES (5396, '', 'Georg', 'Kern', '1.1.1966.', 'n');
insert into CandidatesData (idno) VALUES (5396);
insert into Landeslistenplatz (llid, idno, position) VALUES (312, 5396, 32);
insert into Citizen (idno, title, firstname, lastname, dateofbirth, gender) VALUES (5397, '', 'Julian', 'Kern', '1.1.1982.', 'n');
insert into CandidatesData (idno) VALUES (5397);
insert into Landeslistenplatz (llid, idno, position) VALUES (297, 5397, 40);
insert into Citizen (idno, title, firstname, lastname, dateofbirth, gender) VALUES (5398, '', 'Martin', 'Kern', '1.1.1985.', 'n');
insert into CandidatesData (idno) VALUES (5398);
insert into Landeslistenplatz (llid, idno, position) VALUES (297, 5398, 41);
insert into Citizen (idno, title, firstname, lastname, dateofbirth, gender) VALUES (5399, '', 'Irmgard', 'Kerschbaum', '1.1.1945.', 'n');
insert into CandidatesData (idno) VALUES (5399);
insert into Landeslistenplatz (llid, idno, position) VALUES (292, 5399, 25);
insert into Citizen (idno, title, firstname, lastname, dateofbirth, gender) VALUES (5400, '', 'Bärbel', 'Kersken', '1.1.1964.', 'n');
insert into CandidatesData (idno) VALUES (5400);
insert into Landeslistenplatz (llid, idno, position) VALUES (387, 5400, 5);
insert into Citizen (idno, title, firstname, lastname, dateofbirth, gender) VALUES (5401, '', 'Axel', 'Kerstan', '1.1.1958.', 'n');
insert into CandidatesData (idno) VALUES (5401);
insert into Candidacy (wkid, idno, supportedby) VALUES (246, 5401, 7);
insert into Citizen (idno, title, firstname, lastname, dateofbirth, gender) VALUES (5402, '', 'Gerd', 'Kersting', '1.1.1956.', 'n');
insert into CandidatesData (idno) VALUES (5402);
insert into Landeslistenplatz (llid, idno, position) VALUES (257, 5402, 1);
insert into Citizen (idno, title, firstname, lastname, dateofbirth, gender) VALUES (5403, '', 'Sieglinde Ingrid Edith', 'Kersting', '1.1.1957.', 'n');
insert into CandidatesData (idno) VALUES (5403);
insert into Candidacy (wkid, idno, supportedby) VALUES (258, 5403, 36);
insert into Landeslistenplatz (llid, idno, position) VALUES (257, 5403, 7);
insert into Citizen (idno, title, firstname, lastname, dateofbirth, gender) VALUES (5404, '', 'Cornelia Lieselotte', 'Kerth', '1.1.1954.', 'n');
insert into CandidatesData (idno) VALUES (5404);
insert into Candidacy (wkid, idno, supportedby) VALUES (44, 5404, 3);
insert into Landeslistenplatz (llid, idno, position) VALUES (214, 5404, 3);
insert into Citizen (idno, title, firstname, lastname, dateofbirth, gender) VALUES (5405, '', 'Beate Elvira', 'Kesper', '1.1.1968.', 'n');
insert into CandidatesData (idno) VALUES (5405);
insert into Candidacy (wkid, idno, supportedby) VALUES (500, 5405, 7);
insert into Landeslistenplatz (llid, idno, position) VALUES (245, 5405, 12);
insert into Citizen (idno, title, firstname, lastname, dateofbirth, gender) VALUES (5406, '', 'Ilko', 'Keßler', '1.1.1971.', 'n');
insert into CandidatesData (idno) VALUES (5406);
insert into Candidacy (wkid, idno, supportedby) VALUES (312, 5406, 2);
insert into Landeslistenplatz (llid, idno, position) VALUES (329, 5406, 13);
insert into Citizen (idno, title, firstname, lastname, dateofbirth, gender) VALUES (5407, '', 'Jochen', 'Keßler-Rosa', '1.1.1956.', 'n');
insert into CandidatesData (idno) VALUES (5407);
insert into Candidacy (wkid, idno, supportedby) VALUES (500, 5407, 32);
insert into Landeslistenplatz (llid, idno, position) VALUES (206, 5407, 20);
insert into Citizen (idno, title, firstname, lastname, dateofbirth, gender) VALUES (5408, '', 'Ralf Matthias', 'Kettnaker', '1.1.1972.', 'n');
insert into CandidatesData (idno) VALUES (5408);
insert into Candidacy (wkid, idno, supportedby) VALUES (38, 5408, 33);
insert into Citizen (idno, title, firstname, lastname, dateofbirth, gender) VALUES (5409, '', 'Katja', 'Keul', '1.1.1969.', 'n');
insert into CandidatesData (idno) VALUES (5409);
insert into Candidacy (wkid, idno, supportedby) VALUES (80, 5409, 5);
insert into Landeslistenplatz (llid, idno, position) VALUES (316, 5409, 1);
insert into Citizen (idno, title, firstname, lastname, dateofbirth, gender) VALUES (5410, '', 'Robert Heinrich', 'Kiauka', '1.1.1971.', 'n');
insert into CandidatesData (idno) VALUES (5410);
insert into Candidacy (wkid, idno, supportedby) VALUES (78, 5410, 32);
insert into Landeslistenplatz (llid, idno, position) VALUES (282, 5410, 5);
insert into Citizen (idno, title, firstname, lastname, dateofbirth, gender) VALUES (5411, '', 'Susanne', 'Kieckbusch', '1.1.1961.', 'n');
insert into CandidatesData (idno) VALUES (5411);
insert into Candidacy (wkid, idno, supportedby) VALUES (570, 5411, 5);
insert into Landeslistenplatz (llid, idno, position) VALUES (234, 5411, 35);
insert into Citizen (idno, title, firstname, lastname, dateofbirth, gender) VALUES (5412, '', 'Karsten', 'Kiehn', '1.1.1974.', 'n');
insert into CandidatesData (idno) VALUES (5412);
insert into Candidacy (wkid, idno, supportedby) VALUES (20, 5412, 7);
insert into Citizen (idno, title, firstname, lastname, dateofbirth, gender) VALUES (5413, '', 'Theresa', 'Kienlein', '1.1.1989.', 'n');
insert into CandidatesData (idno) VALUES (5413);
insert into Landeslistenplatz (llid, idno, position) VALUES (245, 5413, 7);
insert into Citizen (idno, title, firstname, lastname, dateofbirth, gender) VALUES (5414, '', 'Marie-Madeleine', 'Kienlin von', '1.1.1976.', 'n');
insert into CandidatesData (idno) VALUES (5414);
insert into Candidacy (wkid, idno, supportedby) VALUES (430, 5414, 33);
insert into Citizen (idno, title, firstname, lastname, dateofbirth, gender) VALUES (5415, '', 'Roderich', 'Kiesewetter', '1.1.1963.', 'n');
insert into CandidatesData (idno) VALUES (5415);
insert into Candidacy (wkid, idno, supportedby) VALUES (540, 5415, 12);
insert into Citizen (idno, title, firstname, lastname, dateofbirth, gender) VALUES (5416, '', 'Olaf', 'Kießling', '1.1.1967.', 'n');
insert into CandidatesData (idno) VALUES (5416);
insert into Landeslistenplatz (llid, idno, position) VALUES (378, 5416, 6);
insert into Citizen (idno, title, firstname, lastname, dateofbirth, gender) VALUES (5417, '', 'Tilo', 'Kießling', '1.1.1970.', 'n');
insert into CandidatesData (idno) VALUES (5417);
insert into Candidacy (wkid, idno, supportedby) VALUES (320, 5417, 3);
insert into Citizen (idno, title, firstname, lastname, dateofbirth, gender) VALUES (5418, '', 'Karsten', 'Kietz', '1.1.1966.', 'n');
insert into CandidatesData (idno) VALUES (5418);
insert into Landeslistenplatz (llid, idno, position) VALUES (391, 5418, 11);
insert into Citizen (idno, title, firstname, lastname, dateofbirth, gender) VALUES (5419, '', 'Thomas', 'Kik', '1.1.1965.', 'n');
insert into CandidatesData (idno) VALUES (5419);
insert into Landeslistenplatz (llid, idno, position) VALUES (273, 5419, 3);
insert into Citizen (idno, title, firstname, lastname, dateofbirth, gender) VALUES (5420, '', 'Peter Wilhelm Georg', 'Kikow', '1.1.1944.', 'n');
insert into CandidatesData (idno) VALUES (5420);
insert into Landeslistenplatz (llid, idno, position) VALUES (266, 5420, 4);
insert into Citizen (idno, title, firstname, lastname, dateofbirth, gender) VALUES (5421, '', 'Andrej', 'Kilian', '1.1.1987.', 'n');
insert into CandidatesData (idno) VALUES (5421);
insert into Candidacy (wkid, idno, supportedby) VALUES (548, 5421, 31);
insert into Citizen (idno, title, firstname, lastname, dateofbirth, gender) VALUES (5422, '', 'Memet', 'Kilic', '1.1.1967.', 'n');
insert into CandidatesData (idno) VALUES (5422);
insert into Candidacy (wkid, idno, supportedby) VALUES (558, 5422, 5);
insert into Landeslistenplatz (llid, idno, position) VALUES (234, 5422, 18);
insert into Citizen (idno, title, firstname, lastname, dateofbirth, gender) VALUES (5423, '', 'Bernhard', 'Kimmle', '1.1.1960.', 'n');
insert into CandidatesData (idno) VALUES (5423);
insert into Landeslistenplatz (llid, idno, position) VALUES (244, 5423, 28);
insert into Citizen (idno, title, firstname, lastname, dateofbirth, gender) VALUES (5424, '', 'Michael', 'Kimpel', '1.1.1982.', 'n');
insert into CandidatesData (idno) VALUES (5424);
insert into Landeslistenplatz (llid, idno, position) VALUES (314, 5424, 13);
insert into Citizen (idno, title, firstname, lastname, dateofbirth, gender) VALUES (5425, '', 'Daniel', 'Kindler', '1.1.1945.', 'n');
insert into CandidatesData (idno) VALUES (5425);
insert into LandesListe (llid, year, pid, fsid) VALUES (426, 2013, 37, 11);
insert into Landeslistenplatz (llid, idno, position) VALUES (426, 5425, 2);
insert into Citizen (idno, title, firstname, lastname, dateofbirth, gender) VALUES (5426, '', 'Sven-Christian', 'Kindler', '1.1.1985.', 'n');
insert into CandidatesData (idno) VALUES (5426);
insert into Candidacy (wkid, idno, supportedby) VALUES (84, 5426, 5);
insert into Landeslistenplatz (llid, idno, position) VALUES (316, 5426, 4);
insert into Citizen (idno, title, firstname, lastname, dateofbirth, gender) VALUES (5427, '', 'Nikolaus', 'Kinzler', '1.1.1957.', 'n');
insert into CandidatesData (idno) VALUES (5427);
insert into Candidacy (wkid, idno, supportedby) VALUES (570, 5427, 33);
insert into Citizen (idno, title, firstname, lastname, dateofbirth, gender) VALUES (5428, '', 'Holger', 'Kipp', '1.1.1968.', 'n');
insert into CandidatesData (idno) VALUES (5428);
insert into Landeslistenplatz (llid, idno, position) VALUES (354, 5428, 4);
insert into Citizen (idno, title, firstname, lastname, dateofbirth, gender) VALUES (5429, 'Dr. ', 'Georg', 'Kippels', '1.1.1959.', 'n');
insert into CandidatesData (idno) VALUES (5429);
insert into Candidacy (wkid, idno, supportedby) VALUES (182, 5429, 12);
insert into Landeslistenplatz (llid, idno, position) VALUES (310, 5429, 33);
insert into Citizen (idno, title, firstname, lastname, dateofbirth, gender) VALUES (5430, '', 'Katja', 'Kipping', '1.1.1978.', 'n');
insert into CandidatesData (idno) VALUES (5430);
insert into Candidacy (wkid, idno, supportedby) VALUES (318, 5430, 3);
insert into Landeslistenplatz (llid, idno, position) VALUES (417, 5430, 1);
insert into Citizen (idno, title, firstname, lastname, dateofbirth, gender) VALUES (5431, '', 'Simone', 'Kirchschlager', '1.1.1972.', 'n');
insert into CandidatesData (idno) VALUES (5431);
insert into Landeslistenplatz (llid, idno, position) VALUES (227, 5431, 40);
insert into Citizen (idno, title, firstname, lastname, dateofbirth, gender) VALUES (5432, '', 'Stella', 'Kirgiane', '1.1.1965.', 'n');
insert into CandidatesData (idno) VALUES (5432);
insert into Candidacy (wkid, idno, supportedby) VALUES (590, 5432, 2);
insert into Landeslistenplatz (llid, idno, position) VALUES (249, 5432, 22);
insert into Citizen (idno, title, firstname, lastname, dateofbirth, gender) VALUES (5433, '', 'André Werner', 'Kirsch', '1.1.1970.', 'n');
insert into CandidatesData (idno) VALUES (5433);
insert into Landeslistenplatz (llid, idno, position) VALUES (253, 5433, 19);
insert into Citizen (idno, title, firstname, lastname, dateofbirth, gender) VALUES (5434, '', 'Steffen', 'Kirsch', '1.1.1981.', 'n');
insert into CandidatesData (idno) VALUES (5434);
insert into Landeslistenplatz (llid, idno, position) VALUES (279, 5434, 23);
insert into Citizen (idno, title, firstname, lastname, dateofbirth, gender) VALUES (5435, '', 'Dieter', 'Kirschmann', '1.1.1963.', 'n');
insert into CandidatesData (idno) VALUES (5435);
insert into Landeslistenplatz (llid, idno, position) VALUES (239, 5435, 6);
insert into Citizen (idno, title, firstname, lastname, dateofbirth, gender) VALUES (5436, '', 'Franz Friedrich', 'Kirschner', '1.1.1965.', 'n');
insert into CandidatesData (idno) VALUES (5436);
insert into Landeslistenplatz (llid, idno, position) VALUES (204, 5436, 32);
insert into Citizen (idno, title, firstname, lastname, dateofbirth, gender) VALUES (5437, 'Dr. ', 'Ralf', 'Kirstan', '1.1.1974.', 'n');
insert into CandidatesData (idno) VALUES (5437);
insert into Candidacy (wkid, idno, supportedby) VALUES (80, 5437, 4);
insert into Citizen (idno, title, firstname, lastname, dateofbirth, gender) VALUES (5438, '', 'Thomas Egon', 'Kirsten', '1.1.1953.', 'n');
insert into CandidatesData (idno) VALUES (5438);
insert into Landeslistenplatz (llid, idno, position) VALUES (391, 5438, 8);
insert into Citizen (idno, title, firstname, lastname, dateofbirth, gender) VALUES (5439, '', 'Martin', 'Kissel', '1.1.1958.', 'n');
insert into CandidatesData (idno) VALUES (5439);
insert into Candidacy (wkid, idno, supportedby) VALUES (562, 5439, NULL);
insert into Citizen (idno, title, firstname, lastname, dateofbirth, gender) VALUES (5440, '', 'Thomas', 'Kistermann', '1.1.1970.', 'n');
insert into CandidatesData (idno) VALUES (5440);
insert into Landeslistenplatz (llid, idno, position) VALUES (207, 5440, 15);
insert into Citizen (idno, title, firstname, lastname, dateofbirth, gender) VALUES (5441, '', 'Stefan', 'Kisters', '1.1.1966.', 'n');
insert into CandidatesData (idno) VALUES (5441);
insert into Candidacy (wkid, idno, supportedby) VALUES (428, 5441, 5);
insert into Landeslistenplatz (llid, idno, position) VALUES (238, 5441, 50);
insert into Citizen (idno, title, firstname, lastname, dateofbirth, gender) VALUES (5442, '', 'Cansel', 'Kiziltepe', '1.1.1975.', 'n');
insert into CandidatesData (idno) VALUES (5442);
insert into Candidacy (wkid, idno, supportedby) VALUES (166, 5442, 2);
insert into Landeslistenplatz (llid, idno, position) VALUES (355, 5442, 5);
insert into Citizen (idno, title, firstname, lastname, dateofbirth, gender) VALUES (5443, '', 'Olaf', 'Klampe', '1.1.1955.', 'n');
insert into CandidatesData (idno) VALUES (5443);
insert into Candidacy (wkid, idno, supportedby) VALUES (14, 5443, 4);
insert into Landeslistenplatz (llid, idno, position) VALUES (251, 5443, 11);
insert into Citizen (idno, title, firstname, lastname, dateofbirth, gender) VALUES (5444, '', 'Guido', 'Klamt', '1.1.1970.', 'n');
insert into CandidatesData (idno) VALUES (5444);
insert into Candidacy (wkid, idno, supportedby) VALUES (534, 5444, 36);
insert into Landeslistenplatz (llid, idno, position) VALUES (292, 5444, 9);
insert into Citizen (idno, title, firstname, lastname, dateofbirth, gender) VALUES (5445, 'Prof. Dr. ', 'Ralf', 'Klapdor', '1.1.1969.', 'n');
insert into CandidatesData (idno) VALUES (5445);
insert into Candidacy (wkid, idno, supportedby) VALUES (224, 5445, 4);
insert into Landeslistenplatz (llid, idno, position) VALUES (272, 5445, 17);
insert into Citizen (idno, title, firstname, lastname, dateofbirth, gender) VALUES (5446, '', 'Arndt', 'Klapproth', '1.1.1971.', 'n');
insert into CandidatesData (idno) VALUES (5446);
insert into Candidacy (wkid, idno, supportedby) VALUES (140, 5446, 33);
insert into Citizen (idno, title, firstname, lastname, dateofbirth, gender) VALUES (5447, '', 'Andreas', 'Klar', '1.1.1959.', 'n');
insert into CandidatesData (idno) VALUES (5447);
insert into Candidacy (wkid, idno, supportedby) VALUES (142, 5447, 1);
insert into Citizen (idno, title, firstname, lastname, dateofbirth, gender) VALUES (5448, '', 'Arno', 'Klare', '1.1.1952.', 'n');
insert into CandidatesData (idno) VALUES (5448);
insert into Candidacy (wkid, idno, supportedby) VALUES (236, 5448, 2);
insert into Landeslistenplatz (llid, idno, position) VALUES (246, 5448, 51);
insert into Citizen (idno, title, firstname, lastname, dateofbirth, gender) VALUES (5449, '', 'Wilfried Otto Erich', 'Klare', '1.1.1938.', 'n');
insert into CandidatesData (idno) VALUES (5449);
insert into Candidacy (wkid, idno, supportedby) VALUES (130, 5449, 21);
insert into Citizen (idno, title, firstname, lastname, dateofbirth, gender) VALUES (5450, '', 'Helmut', 'Klaus', '1.1.1949.', 'n');
insert into CandidatesData (idno) VALUES (5450);
insert into Landeslistenplatz (llid, idno, position) VALUES (213, 5450, 32);
insert into Citizen (idno, title, firstname, lastname, dateofbirth, gender) VALUES (5451, '', 'Richard Bodo', 'Klaus', '1.1.1965.', 'n');
insert into CandidatesData (idno) VALUES (5451);
insert into Candidacy (wkid, idno, supportedby) VALUES (60, 5451, 7);
insert into Citizen (idno, title, firstname, lastname, dateofbirth, gender) VALUES (5452, '', 'Roland', 'Klaus', '1.1.1970.', 'n');
insert into CandidatesData (idno) VALUES (5452);
insert into Landeslistenplatz (llid, idno, position) VALUES (209, 5452, 2);
insert into Citizen (idno, title, firstname, lastname, dateofbirth, gender) VALUES (5453, '', 'Werner Georg', 'Klawun', '1.1.1942.', 'n');
insert into CandidatesData (idno) VALUES (5453);
insert into Candidacy (wkid, idno, supportedby) VALUES (318, 5453, NULL);
insert into Citizen (idno, title, firstname, lastname, dateofbirth, gender) VALUES (5454, '', 'Torben', 'Klebe', '1.1.1976.', 'n');
insert into CandidatesData (idno) VALUES (5454);
insert into Candidacy (wkid, idno, supportedby) VALUES (36, 5454, 1);
insert into Landeslistenplatz (llid, idno, position) VALUES (212, 5454, 2);
insert into Citizen (idno, title, firstname, lastname, dateofbirth, gender) VALUES (5455, '', 'Harald', 'Kleem', '1.1.1954.', 'n');
insert into CandidatesData (idno) VALUES (5455);
insert into Candidacy (wkid, idno, supportedby) VALUES (50, 5455, 5);
insert into Citizen (idno, title, firstname, lastname, dateofbirth, gender) VALUES (5456, '', 'Peter', 'Kleemann', '1.1.1982.', 'n');
insert into CandidatesData (idno) VALUES (5456);
insert into Landeslistenplatz (llid, idno, position) VALUES (384, 5456, 3);
insert into Citizen (idno, title, firstname, lastname, dateofbirth, gender) VALUES (5457, '', 'Käthe', 'Kleffel', '1.1.1951.', 'n');
insert into CandidatesData (idno) VALUES (5457);
insert into Landeslistenplatz (llid, idno, position) VALUES (379, 5457, 2);
insert into Citizen (idno, title, firstname, lastname, dateofbirth, gender) VALUES (5458, '', 'Kurt-Peter', 'Kleffel', '1.1.1953.', 'n');
insert into CandidatesData (idno) VALUES (5458);
insert into Candidacy (wkid, idno, supportedby) VALUES (82, 5458, 13);
insert into Citizen (idno, title, firstname, lastname, dateofbirth, gender) VALUES (5459, '', 'Michael', 'Kleiber', '1.1.1984.', 'n');
insert into CandidatesData (idno) VALUES (5459);
insert into Landeslistenplatz (llid, idno, position) VALUES (237, 5459, 10);
insert into Citizen (idno, title, firstname, lastname, dateofbirth, gender) VALUES (5460, '', 'Christian', 'Kleiminger', '1.1.1965.', 'n');
insert into CandidatesData (idno) VALUES (5460);
insert into Candidacy (wkid, idno, supportedby) VALUES (28, 5460, 2);
insert into Landeslistenplatz (llid, idno, position) VALUES (401, 5460, 5);
insert into Citizen (idno, title, firstname, lastname, dateofbirth, gender) VALUES (5461, '', 'Christian', 'Klein', '1.1.1981.', 'n');
insert into CandidatesData (idno) VALUES (5461);
insert into Landeslistenplatz (llid, idno, position) VALUES (388, 5461, 11);
insert into Citizen (idno, title, firstname, lastname, dateofbirth, gender) VALUES (5462, '', 'Elfriede', 'Klein', '1.1.1955.', 'n');
insert into CandidatesData (idno) VALUES (5462);
insert into Candidacy (wkid, idno, supportedby) VALUES (514, 5462, 5);
insert into Landeslistenplatz (llid, idno, position) VALUES (238, 5462, 37);
insert into Citizen (idno, title, firstname, lastname, dateofbirth, gender) VALUES (5463, '', 'Kurt Alexander', 'Klein', '1.1.1967.', 'n');
insert into CandidatesData (idno) VALUES (5463);
insert into Candidacy (wkid, idno, supportedby) VALUES (232, 5463, 7);
insert into Citizen (idno, title, firstname, lastname, dateofbirth, gender) VALUES (5464, '', 'Manuel', 'Klein', '1.1.1991.', 'n');
insert into CandidatesData (idno) VALUES (5464);
insert into Landeslistenplatz (llid, idno, position) VALUES (259, 5464, 6);
insert into Citizen (idno, title, firstname, lastname, dateofbirth, gender) VALUES (5465, '', 'Markus', 'Klein', '1.1.1973.', 'n');
insert into CandidatesData (idno) VALUES (5465);
insert into Landeslistenplatz (llid, idno, position) VALUES (236, 5465, 22);
insert into Citizen (idno, title, firstname, lastname, dateofbirth, gender) VALUES (5466, '', 'Martin', 'Klein', '1.1.1959.', 'n');
insert into CandidatesData (idno) VALUES (5466);
insert into Candidacy (wkid, idno, supportedby) VALUES (410, 5466, 3);
insert into Landeslistenplatz (llid, idno, position) VALUES (359, 5466, 6);
insert into Citizen (idno, title, firstname, lastname, dateofbirth, gender) VALUES (5467, '', 'Michael', 'Klein', '1.1.1980.', 'n');
insert into CandidatesData (idno) VALUES (5467);
insert into Candidacy (wkid, idno, supportedby) VALUES (594, 5467, 7);
insert into Citizen (idno, title, firstname, lastname, dateofbirth, gender) VALUES (5468, '', 'Peter', 'Klein', '1.1.1965.', 'n');
insert into CandidatesData (idno) VALUES (5468);
insert into Candidacy (wkid, idno, supportedby) VALUES (228, 5468, 7);
insert into Citizen (idno, title, firstname, lastname, dateofbirth, gender) VALUES (5469, '', 'Volkmar', 'Klein', '1.1.1960.', 'n');
insert into CandidatesData (idno) VALUES (5469);
insert into Candidacy (wkid, idno, supportedby) VALUES (296, 5469, 12);
insert into Landeslistenplatz (llid, idno, position) VALUES (310, 5469, 27);
insert into Citizen (idno, title, firstname, lastname, dateofbirth, gender) VALUES (5470, '', 'Ludger', 'Klein-Ridder', '1.1.1948.', 'n');
insert into CandidatesData (idno) VALUES (5470);
insert into Candidacy (wkid, idno, supportedby) VALUES (262, 5470, 3);
insert into Citizen (idno, title, firstname, lastname, dateofbirth, gender) VALUES (5471, '', 'Maria Anna', 'Klein-Schmeink', '1.1.1958.', 'n');
insert into CandidatesData (idno) VALUES (5471);
insert into Candidacy (wkid, idno, supportedby) VALUES (258, 5471, 5);
insert into Landeslistenplatz (llid, idno, position) VALUES (256, 5471, 11);
insert into Citizen (idno, title, firstname, lastname, dateofbirth, gender) VALUES (5472, '', 'Ronald', 'Klemptner', '1.1.1949.', 'n');
insert into CandidatesData (idno) VALUES (5472);
insert into Landeslistenplatz (llid, idno, position) VALUES (297, 5472, 19);
insert into Citizen (idno, title, firstname, lastname, dateofbirth, gender) VALUES (5473, '', 'Heidrich Torwald', 'Klenhart', '1.1.1975.', 'n');
insert into CandidatesData (idno) VALUES (5473);
insert into Candidacy (wkid, idno, supportedby) VALUES (464, 5473, 1);
insert into Landeslistenplatz (llid, idno, position) VALUES (392, 5473, 7);
insert into Citizen (idno, title, firstname, lastname, dateofbirth, gender) VALUES (5474, '', 'Martin', 'Klepper', '1.1.1961.', 'n');
insert into CandidatesData (idno) VALUES (5474);
insert into Landeslistenplatz (llid, idno, position) VALUES (204, 5474, 17);
insert into Citizen (idno, title, firstname, lastname, dateofbirth, gender) VALUES (5475, '', 'Nora', 'Klepper', '1.1.1994.', 'n');
insert into CandidatesData (idno) VALUES (5475);
insert into Landeslistenplatz (llid, idno, position) VALUES (204, 5475, 34);
insert into Citizen (idno, title, firstname, lastname, dateofbirth, gender) VALUES (5476, '', 'Joachim Harri', 'Kleppisius', '1.1.1953.', 'n');
insert into CandidatesData (idno) VALUES (5476);
insert into Candidacy (wkid, idno, supportedby) VALUES (300, 5476, 1);
insert into Citizen (idno, title, firstname, lastname, dateofbirth, gender) VALUES (5477, '', 'Wolfgang', 'Kleudgen', '1.1.1963.', 'n');
insert into CandidatesData (idno) VALUES (5477);
insert into Candidacy (wkid, idno, supportedby) VALUES (404, 5477, 3);
insert into Citizen (idno, title, firstname, lastname, dateofbirth, gender) VALUES (5478, '', 'Hermann', 'Klie', '1.1.1978.', 'n');
insert into CandidatesData (idno) VALUES (5478);
insert into Candidacy (wkid, idno, supportedby) VALUES (478, 5478, 33);
insert into Landeslistenplatz (llid, idno, position) VALUES (342, 5478, 38);
insert into Citizen (idno, title, firstname, lastname, dateofbirth, gender) VALUES (5479, '', 'Jürgen', 'Klimke', '1.1.1948.', 'n');
insert into CandidatesData (idno) VALUES (5479);
insert into Landeslistenplatz (llid, idno, position) VALUES (398, 5479, 5);
insert into Citizen (idno, title, firstname, lastname, dateofbirth, gender) VALUES (5480, '', 'Lars', 'Klingbeil', '1.1.1978.', 'n');
insert into CandidatesData (idno) VALUES (5480);
insert into Candidacy (wkid, idno, supportedby) VALUES (70, 5480, 2);
insert into Landeslistenplatz (llid, idno, position) VALUES (242, 5480, 9);
insert into Citizen (idno, title, firstname, lastname, dateofbirth, gender) VALUES (5481, 'Dr. ', 'Marcel', 'Klinge', '1.1.1980.', 'n');
insert into CandidatesData (idno) VALUES (5481);
insert into Candidacy (wkid, idno, supportedby) VALUES (572, 5481, 4);
insert into Landeslistenplatz (llid, idno, position) VALUES (224, 5481, 18);
insert into Citizen (idno, title, firstname, lastname, dateofbirth, gender) VALUES (5482, '', 'Jörg', 'Klinge', '1.1.1970.', 'n');
insert into CandidatesData (idno) VALUES (5482);
insert into Landeslistenplatz (llid, idno, position) VALUES (227, 5482, 31);
insert into Citizen (idno, title, firstname, lastname, dateofbirth, gender) VALUES (5483, '', 'Beatrix', 'Klingel', '1.1.1954.', 'n');
insert into CandidatesData (idno) VALUES (5483);
insert into Landeslistenplatz (llid, idno, position) VALUES (236, 5483, 10);
insert into Citizen (idno, title, firstname, lastname, dateofbirth, gender) VALUES (5484, '', 'Birgit', 'Klingenberg', '1.1.1964.', 'n');
insert into CandidatesData (idno) VALUES (5484);
insert into Landeslistenplatz (llid, idno, position) VALUES (397, 5484, 4);
insert into Citizen (idno, title, firstname, lastname, dateofbirth, gender) VALUES (5485, '', 'Willy Walter', 'Klingenberg', '1.1.1962.', 'n');
insert into CandidatesData (idno) VALUES (5485);
insert into Candidacy (wkid, idno, supportedby) VALUES (72, 5485, 32);
insert into Landeslistenplatz (llid, idno, position) VALUES (282, 5485, 1);
insert into Citizen (idno, title, firstname, lastname, dateofbirth, gender) VALUES (5486, '', 'Silvia Brigitte', 'Klingenburg-Pülm', '1.1.1953.', 'n');
insert into CandidatesData (idno) VALUES (5486);
insert into Candidacy (wkid, idno, supportedby) VALUES (82, 5486, 5);
insert into Landeslistenplatz (llid, idno, position) VALUES (316, 5486, 19);
insert into Citizen (idno, title, firstname, lastname, dateofbirth, gender) VALUES (5487, '', 'Peter Karol', 'Klis', '1.1.1956.', 'n');
insert into CandidatesData (idno) VALUES (5487);
insert into Candidacy (wkid, idno, supportedby) VALUES (346, 5487, NULL);
insert into Citizen (idno, title, firstname, lastname, dateofbirth, gender) VALUES (5488, '', 'Klaus', 'Klitzsch', '1.1.1969.', 'n');
insert into CandidatesData (idno) VALUES (5488);
insert into Candidacy (wkid, idno, supportedby) VALUES (48, 5488, 32);
insert into Citizen (idno, title, firstname, lastname, dateofbirth, gender) VALUES (5489, '', 'Christian Bruno', 'Klobuczynski', '1.1.1966.', 'n');
insert into CandidatesData (idno) VALUES (5489);
insert into Landeslistenplatz (llid, idno, position) VALUES (315, 5489, 11);
insert into Citizen (idno, title, firstname, lastname, dateofbirth, gender) VALUES (5490, '', 'Thomas', 'Klömmer', '1.1.1982.', 'n');
insert into CandidatesData (idno) VALUES (5490);
insert into Landeslistenplatz (llid, idno, position) VALUES (335, 5490, 27);
insert into Citizen (idno, title, firstname, lastname, dateofbirth, gender) VALUES (5491, '', 'Michael', 'Klostermann', '1.1.1978.', 'n');
insert into CandidatesData (idno) VALUES (5491);
insert into Candidacy (wkid, idno, supportedby) VALUES (380, 5491, 2);
insert into Landeslistenplatz (llid, idno, position) VALUES (330, 5491, 8);
insert into Citizen (idno, title, firstname, lastname, dateofbirth, gender) VALUES (5492, '', 'Günther Mario', 'Klotzsche', '1.1.1977.', 'n');
insert into CandidatesData (idno) VALUES (5492);
insert into Candidacy (wkid, idno, supportedby) VALUES (348, 5492, 4);
insert into Landeslistenplatz (llid, idno, position) VALUES (290, 5492, 14);
insert into Citizen (idno, title, firstname, lastname, dateofbirth, gender) VALUES (5493, 'Dr. ', 'Sebastian', 'Kluckert', '1.1.1974.', 'n');
insert into CandidatesData (idno) VALUES (5493);
insert into Candidacy (wkid, idno, supportedby) VALUES (164, 5493, 4);
insert into Citizen (idno, title, firstname, lastname, dateofbirth, gender) VALUES (5494, '', 'Dennis', 'Klüver', '1.1.1965.', 'n');
insert into CandidatesData (idno) VALUES (5494);
insert into Candidacy (wkid, idno, supportedby) VALUES (26, 5494, 7);
insert into Landeslistenplatz (llid, idno, position) VALUES (283, 5494, 5);
insert into Citizen (idno, title, firstname, lastname, dateofbirth, gender) VALUES (5495, '', 'Thorsten', 'Klute', '1.1.1974.', 'n');
insert into CandidatesData (idno) VALUES (5495);
insert into Candidacy (wkid, idno, supportedby) VALUES (262, 5495, 2);
insert into Citizen (idno, title, firstname, lastname, dateofbirth, gender) VALUES (5496, '', 'Dieter', 'Kmietczyk', '1.1.1949.', 'n');
insert into CandidatesData (idno) VALUES (5496);
insert into Candidacy (wkid, idno, supportedby) VALUES (146, 5496, 5);
insert into Citizen (idno, title, firstname, lastname, dateofbirth, gender) VALUES (5497, '', 'Franz Jochen', 'Knapp', '1.1.1955.', 'n');
insert into CandidatesData (idno) VALUES (5497);
insert into Candidacy (wkid, idno, supportedby) VALUES (514, 5497, 33);
insert into Citizen (idno, title, firstname, lastname, dateofbirth, gender) VALUES (5498, '', 'Daniel', 'Knebel', '1.1.1984.', 'n');
insert into CandidatesData (idno) VALUES (5498);
insert into Candidacy (wkid, idno, supportedby) VALUES (358, 5498, 1);
insert into Citizen (idno, title, firstname, lastname, dateofbirth, gender) VALUES (5499, '', 'Hans-Horst', 'Knies', '1.1.1954.', 'n');
insert into CandidatesData (idno) VALUES (5499);
insert into Candidacy (wkid, idno, supportedby) VALUES (344, 5499, 3);
insert into Citizen (idno, title, firstname, lastname, dateofbirth, gender) VALUES (5500, '', 'Michael', 'Knobloch', '1.1.1977.', 'n');
insert into CandidatesData (idno) VALUES (5500);
insert into Landeslistenplatz (llid, idno, position) VALUES (347, 5500, 6);
insert into Citizen (idno, title, firstname, lastname, dateofbirth, gender) VALUES (5501, '', 'Matthias', 'Knoche', '1.1.1961.', 'n');
insert into CandidatesData (idno) VALUES (5501);
insert into Candidacy (wkid, idno, supportedby) VALUES (342, 5501, 5);
insert into Landeslistenplatz (llid, idno, position) VALUES (318, 5501, 8);
insert into Citizen (idno, title, firstname, lastname, dateofbirth, gender) VALUES (5502, '', 'Axel', 'Knoerig', '1.1.1967.', 'n');
insert into CandidatesData (idno) VALUES (5502);
insert into Candidacy (wkid, idno, supportedby) VALUES (66, 5502, 12);
insert into Landeslistenplatz (llid, idno, position) VALUES (217, 5502, 13);
insert into Citizen (idno, title, firstname, lastname, dateofbirth, gender) VALUES (5503, 'Dr. ', 'Lutz', 'Knopek', '1.1.1958.', 'n');
insert into CandidatesData (idno) VALUES (5503);
insert into Candidacy (wkid, idno, supportedby) VALUES (106, 5503, 4);
insert into Citizen (idno, title, firstname, lastname, dateofbirth, gender) VALUES (5504, '', 'Sebastian', 'Knopf', '1.1.1977.', 'n');
insert into CandidatesData (idno) VALUES (5504);
insert into Candidacy (wkid, idno, supportedby) VALUES (414, 5504, 3);
insert into Citizen (idno, title, firstname, lastname, dateofbirth, gender) VALUES (5505, '', 'Thorsten', 'Knott', '1.1.1974.', 'n');
insert into CandidatesData (idno) VALUES (5505);
insert into Candidacy (wkid, idno, supportedby) VALUES (196, 5505, 4);
insert into Landeslistenplatz (llid, idno, position) VALUES (272, 5505, 47);
insert into Citizen (idno, title, firstname, lastname, dateofbirth, gender) VALUES (5506, '', 'Heiko', 'Knotte', '1.1.1973.', 'n');
insert into CandidatesData (idno) VALUES (5506);
insert into Candidacy (wkid, idno, supportedby) VALUES (198, 5506, 7);
insert into Citizen (idno, title, firstname, lastname, dateofbirth, gender) VALUES (5507, '', 'Frank', 'Knuffke', '1.1.1965.', 'n');
insert into CandidatesData (idno) VALUES (5507);
insert into Candidacy (wkid, idno, supportedby) VALUES (124, 5507, 1);
insert into Landeslistenplatz (llid, idno, position) VALUES (306, 5507, 7);
insert into Citizen (idno, title, firstname, lastname, dateofbirth, gender) VALUES (5508, '', 'Sabine', 'Knur', '1.1.1964.', 'n');
insert into CandidatesData (idno) VALUES (5508);
insert into Candidacy (wkid, idno, supportedby) VALUES (554, 5508, 33);
insert into Landeslistenplatz (llid, idno, position) VALUES (314, 5508, 15);
insert into Citizen (idno, title, firstname, lastname, dateofbirth, gender) VALUES (5509, '', 'Pascal', 'Kober', '1.1.1971.', 'n');
insert into CandidatesData (idno) VALUES (5509);
insert into Candidacy (wkid, idno, supportedby) VALUES (578, 5509, 4);
insert into Landeslistenplatz (llid, idno, position) VALUES (224, 5509, 7);
insert into Citizen (idno, title, firstname, lastname, dateofbirth, gender) VALUES (5510, '', 'Ali', 'Kocak', '1.1.1970.', 'n');
insert into CandidatesData (idno) VALUES (5510);
insert into Landeslistenplatz (llid, idno, position) VALUES (223, 5510, 6);
insert into Citizen (idno, title, firstname, lastname, dateofbirth, gender) VALUES (5511, '', 'Yilmaz', 'Kocak', '1.1.1968.', 'n');
insert into CandidatesData (idno) VALUES (5511);
insert into Landeslistenplatz (llid, idno, position) VALUES (223, 5511, 10);
insert into Citizen (idno, title, firstname, lastname, dateofbirth, gender) VALUES (5512, '', 'Gerrit', 'Koch', '1.1.1969.', 'n');
insert into CandidatesData (idno) VALUES (5512);
insert into Candidacy (wkid, idno, supportedby) VALUES (22, 5512, 4);
insert into Landeslistenplatz (llid, idno, position) VALUES (251, 5512, 10);
insert into Citizen (idno, title, firstname, lastname, dateofbirth, gender) VALUES (5513, '', 'Harald', 'Koch', '1.1.1954.', 'n');
insert into CandidatesData (idno) VALUES (5513);
insert into Candidacy (wkid, idno, supportedby) VALUES (148, 5513, 3);
insert into Citizen (idno, title, firstname, lastname, dateofbirth, gender) VALUES (5514, '', 'Hildegunde', 'Koch', '1.1.1956.', 'n');
insert into CandidatesData (idno) VALUES (5514);
insert into Landeslistenplatz (llid, idno, position) VALUES (325, 5514, 22);
insert into Citizen (idno, title, firstname, lastname, dateofbirth, gender) VALUES (5515, '', 'Klaus', 'Koch', '1.1.1959.', 'n');
insert into CandidatesData (idno) VALUES (5515);
insert into Landeslistenplatz (llid, idno, position) VALUES (294, 5515, 22);
insert into Citizen (idno, title, firstname, lastname, dateofbirth, gender) VALUES (5516, '', 'Martina', 'Koch', '1.1.1968.', 'n');
insert into CandidatesData (idno) VALUES (5516);
insert into Landeslistenplatz (llid, idno, position) VALUES (335, 5516, 22);
insert into Citizen (idno, title, firstname, lastname, dateofbirth, gender) VALUES (5517, '', 'Matthias', 'Koch', '1.1.1960.', 'n');
insert into CandidatesData (idno) VALUES (5517);
insert into Candidacy (wkid, idno, supportedby) VALUES (306, 5517, 1);
insert into Citizen (idno, title, firstname, lastname, dateofbirth, gender) VALUES (5518, '', 'Sandra', 'Koch', '1.1.1971.', 'n');
insert into CandidatesData (idno) VALUES (5518);
insert into Landeslistenplatz (llid, idno, position) VALUES (250, 5518, 13);
insert into Citizen (idno, title, firstname, lastname, dateofbirth, gender) VALUES (5519, '', 'Stefan', 'Koch', '1.1.1966.', 'n');
insert into CandidatesData (idno) VALUES (5519);
insert into Candidacy (wkid, idno, supportedby) VALUES (18, 5519, 1);
insert into Landeslistenplatz (llid, idno, position) VALUES (416, 5519, 5);
insert into Citizen (idno, title, firstname, lastname, dateofbirth, gender) VALUES (5520, '', 'Ute Maria Christine', 'Koczy', '1.1.1961.', 'n');
insert into CandidatesData (idno) VALUES (5520);
insert into Candidacy (wkid, idno, supportedby) VALUES (270, 5520, 5);
insert into Landeslistenplatz (llid, idno, position) VALUES (256, 5520, 15);
insert into Citizen (idno, title, firstname, lastname, dateofbirth, gender) VALUES (5521, '', 'Eberhard', 'Köhler', '1.1.1938.', 'n');
insert into CandidatesData (idno) VALUES (5521);
insert into Candidacy (wkid, idno, supportedby) VALUES (522, 5521, 19);
insert into Citizen (idno, title, firstname, lastname, dateofbirth, gender) VALUES (5522, '', 'Florian', 'Köhler', '1.1.1983.', 'n');
insert into CandidatesData (idno) VALUES (5522);
insert into Landeslistenplatz (llid, idno, position) VALUES (221, 5522, 23);
insert into Citizen (idno, title, firstname, lastname, dateofbirth, gender) VALUES (5523, '', 'Frank Herbert Karl', 'Köhler', '1.1.1961.', 'n');
insert into CandidatesData (idno) VALUES (5523);
insert into Candidacy (wkid, idno, supportedby) VALUES (424, 5523, 19);
insert into Citizen (idno, title, firstname, lastname, dateofbirth, gender) VALUES (5524, '', 'Heiko', 'Köhler', '1.1.1974.', 'n');
insert into CandidatesData (idno) VALUES (5524);
insert into Candidacy (wkid, idno, supportedby) VALUES (542, 5524, 1);
insert into Landeslistenplatz (llid, idno, position) VALUES (424, 5524, 5);
insert into Citizen (idno, title, firstname, lastname, dateofbirth, gender) VALUES (5525, '', 'Jens', 'Köhler', '1.1.1965.', 'n');
insert into CandidatesData (idno) VALUES (5525);
insert into Candidacy (wkid, idno, supportedby) VALUES (272, 5525, NULL);
insert into Citizen (idno, title, firstname, lastname, dateofbirth, gender) VALUES (5526, '', 'Klaus Dieter', 'Köhler', '1.1.1961.', 'n');
insert into CandidatesData (idno) VALUES (5526);
insert into Candidacy (wkid, idno, supportedby) VALUES (540, 5526, 3);
insert into Citizen (idno, title, firstname, lastname, dateofbirth, gender) VALUES (5527, '', 'Torsten', 'Köhler-Hohlfeld', '1.1.1963.', 'n');
insert into CandidatesData (idno) VALUES (5527);
insert into Candidacy (wkid, idno, supportedby) VALUES (384, 5527, 4);
insert into Landeslistenplatz (llid, idno, position) VALUES (344, 5527, 2);
insert into Citizen (idno, title, firstname, lastname, dateofbirth, gender) VALUES (5528, '', 'Karl', 'Kölblin', '1.1.1949.', 'n');
insert into CandidatesData (idno) VALUES (5528);
insert into Landeslistenplatz (llid, idno, position) VALUES (358, 5528, 16);
insert into Citizen (idno, title, firstname, lastname, dateofbirth, gender) VALUES (5529, '', 'Christian Traugott', 'Kölle', '1.1.1952.', 'n');
insert into CandidatesData (idno) VALUES (5529);
insert into Landeslistenplatz (llid, idno, position) VALUES (264, 5529, 6);
insert into Citizen (idno, title, firstname, lastname, dateofbirth, gender) VALUES (5530, '', 'Martina Katharina', 'Köllner', '1.1.1963.', 'n');
insert into CandidatesData (idno) VALUES (5530);
insert into Landeslistenplatz (llid, idno, position) VALUES (227, 5530, 22);
insert into Citizen (idno, title, firstname, lastname, dateofbirth, gender) VALUES (5531, '', 'Bernd', 'Kölmel', '1.1.1958.', 'n');
insert into CandidatesData (idno) VALUES (5531);
insert into Candidacy (wkid, idno, supportedby) VALUES (546, 5531, 33);
insert into Landeslistenplatz (llid, idno, position) VALUES (314, 5531, 1);
insert into Citizen (idno, title, firstname, lastname, dateofbirth, gender) VALUES (5532, '', 'Birgit', 'Kömpel', '1.1.1967.', 'n');
insert into CandidatesData (idno) VALUES (5532);
insert into Candidacy (wkid, idno, supportedby) VALUES (348, 5532, 2);
insert into Landeslistenplatz (llid, idno, position) VALUES (227, 5532, 14);
insert into Citizen (idno, title, firstname, lastname, dateofbirth, gender) VALUES (5533, '', 'Dagmar', 'König', '1.1.1955.', 'n');
insert into CandidatesData (idno) VALUES (5533);
insert into Landeslistenplatz (llid, idno, position) VALUES (291, 5533, 12);
insert into Citizen (idno, title, firstname, lastname, dateofbirth, gender) VALUES (5534, '', 'Hans-Peter', 'König', '1.1.1957.', 'n');
insert into CandidatesData (idno) VALUES (5534);
insert into Candidacy (wkid, idno, supportedby) VALUES (396, 5534, 7);
insert into Citizen (idno, title, firstname, lastname, dateofbirth, gender) VALUES (5535, '', 'Jörn Harald', 'König', '1.1.1967.', 'n');
insert into CandidatesData (idno) VALUES (5535);
insert into Candidacy (wkid, idno, supportedby) VALUES (84, 5535, 33);
insert into Landeslistenplatz (llid, idno, position) VALUES (203, 5535, 10);
insert into Citizen (idno, title, firstname, lastname, dateofbirth, gender) VALUES (5536, '', 'Roland', 'König', '1.1.1966.', 'n');
insert into CandidatesData (idno) VALUES (5536);
insert into Candidacy (wkid, idno, supportedby) VALUES (592, 5536, 4);
insert into Landeslistenplatz (llid, idno, position) VALUES (225, 5536, 2);
insert into Citizen (idno, title, firstname, lastname, dateofbirth, gender) VALUES (5537, '', 'Uta', 'König', '1.1.1975.', 'n');
insert into CandidatesData (idno) VALUES (5537);
insert into Landeslistenplatz (llid, idno, position) VALUES (202, 5537, 19);
insert into Citizen (idno, title, firstname, lastname, dateofbirth, gender) VALUES (5538, '', 'Steffen', 'Königer', '1.1.1972.', 'n');
insert into CandidatesData (idno) VALUES (5538);
insert into Landeslistenplatz (llid, idno, position) VALUES (332, 5538, 5);
insert into Citizen (idno, title, firstname, lastname, dateofbirth, gender) VALUES (5539, '', 'Thomas', 'Koenigs', '1.1.1944.', 'n');
insert into CandidatesData (idno) VALUES (5539);
insert into Candidacy (wkid, idno, supportedby) VALUES (346, 5539, 5);
insert into Landeslistenplatz (llid, idno, position) VALUES (318, 5539, 4);
insert into Citizen (idno, title, firstname, lastname, dateofbirth, gender) VALUES (5540, '', 'Daniel', 'Köppen', '1.1.1984.', 'n');
insert into CandidatesData (idno) VALUES (5540);
insert into Candidacy (wkid, idno, supportedby) VALUES (150, 5540, 10);
insert into Landeslistenplatz (llid, idno, position) VALUES (356, 5540, 9);
insert into Citizen (idno, title, firstname, lastname, dateofbirth, gender) VALUES (5541, '', 'Jens', 'Koeppen', '1.1.1962.', 'n');
insert into CandidatesData (idno) VALUES (5541);
insert into Candidacy (wkid, idno, supportedby) VALUES (114, 5541, 12);
insert into Landeslistenplatz (llid, idno, position) VALUES (394, 5541, 3);
insert into Citizen (idno, title, firstname, lastname, dateofbirth, gender) VALUES (5542, '', 'Carsten', 'Körber', '1.1.1979.', 'n');
insert into CandidatesData (idno) VALUES (5542);
insert into Candidacy (wkid, idno, supportedby) VALUES (330, 5542, 12);
insert into Landeslistenplatz (llid, idno, position) VALUES (308, 5542, 5);
insert into Citizen (idno, title, firstname, lastname, dateofbirth, gender) VALUES (5543, '', 'Sebastian', 'Körber', '1.1.1980.', 'n');
insert into CandidatesData (idno) VALUES (5543);
insert into Candidacy (wkid, idno, supportedby) VALUES (472, 5543, 4);
insert into Landeslistenplatz (llid, idno, position) VALUES (276, 5543, 6);
insert into Citizen (idno, title, firstname, lastname, dateofbirth, gender) VALUES (5544, '', 'Georg', 'Körndl', '1.1.1958.', 'n');
insert into CandidatesData (idno) VALUES (5544);
insert into Landeslistenplatz (llid, idno, position) VALUES (393, 5544, 8);
insert into Citizen (idno, title, firstname, lastname, dateofbirth, gender) VALUES (5545, 'Dr. Dr. ', 'Joachim', 'Körner', '1.1.1947.', 'n');
insert into CandidatesData (idno) VALUES (5545);
insert into Candidacy (wkid, idno, supportedby) VALUES (44, 5545, 33);
insert into Citizen (idno, title, firstname, lastname, dateofbirth, gender) VALUES (5546, '', 'Karlheinz', 'Körner', '1.1.1953.', 'n');
insert into CandidatesData (idno) VALUES (5546);
insert into Landeslistenplatz (llid, idno, position) VALUES (341, 5546, 15);
insert into Citizen (idno, title, firstname, lastname, dateofbirth, gender) VALUES (5547, '', 'Kerstin', 'Körner', '1.1.1971.', 'n');
insert into CandidatesData (idno) VALUES (5547);
insert into Landeslistenplatz (llid, idno, position) VALUES (308, 5547, 16);
insert into Citizen (idno, title, firstname, lastname, dateofbirth, gender) VALUES (5548, '', 'Moritz', 'Körner', '1.1.1990.', 'n');
insert into CandidatesData (idno) VALUES (5548);
insert into Candidacy (wkid, idno, supportedby) VALUES (208, 5548, 4);
insert into Landeslistenplatz (llid, idno, position) VALUES (272, 5548, 27);
insert into Citizen (idno, title, firstname, lastname, dateofbirth, gender) VALUES (5549, '', 'Roland', 'Körner', '1.1.1972.', 'n');
insert into CandidatesData (idno) VALUES (5549);
insert into Landeslistenplatz (llid, idno, position) VALUES (418, 5549, 1);
insert into Citizen (idno, title, firstname, lastname, dateofbirth, gender) VALUES (5550, '', 'Stefan Herbert', 'Körner', '1.1.1968.', 'n');
insert into CandidatesData (idno) VALUES (5550);
insert into Candidacy (wkid, idno, supportedby) VALUES (464, 5550, 7);
insert into Landeslistenplatz (llid, idno, position) VALUES (245, 5550, 4);
insert into Citizen (idno, title, firstname, lastname, dateofbirth, gender) VALUES (5551, '', 'Fritz Rudolf', 'Körper', '1.1.1954.', 'n');
insert into CandidatesData (idno) VALUES (5551);
insert into Candidacy (wkid, idno, supportedby) VALUES (404, 5551, 2);
insert into Landeslistenplatz (llid, idno, position) VALUES (244, 5551, 12);
insert into Citizen (idno, title, firstname, lastname, dateofbirth, gender) VALUES (5552, '', 'Rainer', 'Köster', '1.1.1948.', 'n');
insert into CandidatesData (idno) VALUES (5552);
insert into Candidacy (wkid, idno, supportedby) VALUES (208, 5552, 3);
insert into Citizen (idno, title, firstname, lastname, dateofbirth, gender) VALUES (5553, '', 'Stefan', 'Köster', '1.1.1973.', 'n');
insert into CandidatesData (idno) VALUES (5553);
insert into Candidacy (wkid, idno, supportedby) VALUES (26, 5553, 1);
insert into Citizen (idno, title, firstname, lastname, dateofbirth, gender) VALUES (5554, '', 'Martina Paola', 'Köster-Flashar', '1.1.1962.', 'n');
insert into CandidatesData (idno) VALUES (5554);
insert into Landeslistenplatz (llid, idno, position) VALUES (256, 5554, 33);
insert into Citizen (idno, title, firstname, lastname, dateofbirth, gender) VALUES (5555, '', 'Anja', 'Kofbinger', '1.1.1960.', 'n');
insert into CandidatesData (idno) VALUES (5555);
insert into Candidacy (wkid, idno, supportedby) VALUES (164, 5555, 5);
insert into LandesListe (llid, year, pid, fsid) VALUES (427, 2013, 5, 1);
insert into Landeslistenplatz (llid, idno, position) VALUES (427, 5555, 12);
insert into Citizen (idno, title, firstname, lastname, dateofbirth, gender) VALUES (5556, 'Dr. ', 'Bärbel', 'Kofler', '1.1.1967.', 'n');
insert into CandidatesData (idno) VALUES (5556);
insert into Candidacy (wkid, idno, supportedby) VALUES (450, 5556, 2);
insert into Landeslistenplatz (llid, idno, position) VALUES (260, 5556, 8);
insert into Citizen (idno, title, firstname, lastname, dateofbirth, gender) VALUES (5557, '', 'Claudia', 'Kohde-Kilsch', '1.1.1963.', 'n');
insert into CandidatesData (idno) VALUES (5557);
insert into Candidacy (wkid, idno, supportedby) VALUES (592, 5557, 3);
insert into Citizen (idno, title, firstname, lastname, dateofbirth, gender) VALUES (5558, '', 'Hartwig', 'Kohl', '1.1.1956.', 'n');
insert into CandidatesData (idno) VALUES (5558);
insert into Candidacy (wkid, idno, supportedby) VALUES (492, 5558, 32);
insert into Landeslistenplatz (llid, idno, position) VALUES (206, 5558, 13);
insert into Citizen (idno, title, firstname, lastname, dateofbirth, gender) VALUES (5559, '', 'Arno', 'Kohlert', '1.1.1955.', 'n');
insert into CandidatesData (idno) VALUES (5559);
insert into Landeslistenplatz (llid, idno, position) VALUES (257, 5559, 20);
insert into Citizen (idno, title, firstname, lastname, dateofbirth, gender) VALUES (5560, '', 'Sascha', 'Kohlmann', '1.1.1975.', 'n');
insert into CandidatesData (idno) VALUES (5560);
insert into Landeslistenplatz (llid, idno, position) VALUES (312, 5560, 20);
insert into Citizen (idno, title, firstname, lastname, dateofbirth, gender) VALUES (5561, '', 'Karin', 'Kohlmorgen', '1.1.1961.', 'n');
insert into CandidatesData (idno) VALUES (5561);
insert into Candidacy (wkid, idno, supportedby) VALUES (18, 5561, 3);
insert into Citizen (idno, title, firstname, lastname, dateofbirth, gender) VALUES (5562, '', 'Gerriet Hermann', 'Kohls', '1.1.1959.', 'n');
insert into CandidatesData (idno) VALUES (5562);
insert into Candidacy (wkid, idno, supportedby) VALUES (86, 5562, 32);
insert into Landeslistenplatz (llid, idno, position) VALUES (282, 5562, 6);
insert into Citizen (idno, title, firstname, lastname, dateofbirth, gender) VALUES (5563, '', 'Manuela', 'Kokott', '1.1.1968.', 'n');
insert into CandidatesData (idno) VALUES (5563);
insert into Candidacy (wkid, idno, supportedby) VALUES (130, 5563, 1);
insert into Landeslistenplatz (llid, idno, position) VALUES (306, 5563, 4);
insert into Citizen (idno, title, firstname, lastname, dateofbirth, gender) VALUES (5564, 'Dr. ', 'Heinrich Leonhard', 'Kolb', '1.1.1956.', 'n');
insert into CandidatesData (idno) VALUES (5564);
insert into Candidacy (wkid, idno, supportedby) VALUES (374, 5564, 4);
insert into Landeslistenplatz (llid, idno, position) VALUES (290, 5564, 1);
insert into Citizen (idno, title, firstname, lastname, dateofbirth, gender) VALUES (5565, '', 'Marianne', 'Kolb', '1.1.1958.', 'n');
insert into CandidatesData (idno) VALUES (5565);
insert into Landeslistenplatz (llid, idno, position) VALUES (270, 5565, 8);
insert into Citizen (idno, title, firstname, lastname, dateofbirth, gender) VALUES (5566, '', 'Michael', 'Kolb', '1.1.1974.', 'n');
insert into CandidatesData (idno) VALUES (5566);
insert into Landeslistenplatz (llid, idno, position) VALUES (279, 5566, 46);
insert into Citizen (idno, title, firstname, lastname, dateofbirth, gender) VALUES (5567, '', 'Rainer', 'Kolb', '1.1.1957.', 'n');
insert into CandidatesData (idno) VALUES (5567);
insert into Candidacy (wkid, idno, supportedby) VALUES (230, 5567, 7);
insert into Citizen (idno, title, firstname, lastname, dateofbirth, gender) VALUES (5568, '', 'Sarina', 'Kolb', '1.1.1992.', 'n');
insert into CandidatesData (idno) VALUES (5568);
insert into Landeslistenplatz (llid, idno, position) VALUES (279, 5568, 24);
insert into Citizen (idno, title, firstname, lastname, dateofbirth, gender) VALUES (5569, '', 'Daniela', 'Kolbe', '1.1.1980.', 'n');
insert into CandidatesData (idno) VALUES (5569);
insert into Candidacy (wkid, idno, supportedby) VALUES (304, 5569, 2);
insert into Landeslistenplatz (llid, idno, position) VALUES (329, 5569, 4);
insert into Citizen (idno, title, firstname, lastname, dateofbirth, gender) VALUES (5570, '', 'Dagmar Marie', 'Kolkmann-Lutz', '1.1.1953.', 'n');
insert into CandidatesData (idno) VALUES (5570);
insert into Landeslistenplatz (llid, idno, position) VALUES (409, 5570, 2);
insert into Citizen (idno, title, firstname, lastname, dateofbirth, gender) VALUES (5571, '', 'Markus', 'Kompa', '1.1.1972.', 'n');
insert into CandidatesData (idno) VALUES (5571);
insert into Landeslistenplatz (llid, idno, position) VALUES (248, 5571, 6);
insert into Citizen (idno, title, firstname, lastname, dateofbirth, gender) VALUES (5572, '', 'Michael', 'Konieczny', '1.1.1966.', 'n');
insert into CandidatesData (idno) VALUES (5572);
insert into Candidacy (wkid, idno, supportedby) VALUES (588, 5572, 3);
insert into Citizen (idno, title, firstname, lastname, dateofbirth, gender) VALUES (5573, '', 'Andrea', 'Konorza', '1.1.1955.', 'n');
insert into CandidatesData (idno) VALUES (5573);
insert into Candidacy (wkid, idno, supportedby) VALUES (192, 5573, 33);
insert into Citizen (idno, title, firstname, lastname, dateofbirth, gender) VALUES (5574, '', 'Sonja', 'Konrad', '1.1.1973.', 'n');
insert into CandidatesData (idno) VALUES (5574);
insert into Landeslistenplatz (llid, idno, position) VALUES (418, 5574, 5);
insert into Citizen (idno, title, firstname, lastname, dateofbirth, gender) VALUES (5575, '', 'Walter', 'Konrad', '1.1.1955.', 'n');
insert into CandidatesData (idno) VALUES (5575);
insert into Landeslistenplatz (llid, idno, position) VALUES (229, 5575, 18);
insert into Citizen (idno, title, firstname, lastname, dateofbirth, gender) VALUES (5576, '', 'Walter', 'Konzack', '1.1.1941.', 'n');
insert into CandidatesData (idno) VALUES (5576);
insert into Landeslistenplatz (llid, idno, position) VALUES (254, 5576, 5);
insert into Citizen (idno, title, firstname, lastname, dateofbirth, gender) VALUES (5577, '', 'Markus Benjamin', 'Koob', '1.1.1977.', 'n');
insert into CandidatesData (idno) VALUES (5577);
insert into Candidacy (wkid, idno, supportedby) VALUES (352, 5577, 12);
insert into Landeslistenplatz (llid, idno, position) VALUES (262, 5577, 22);
insert into Citizen (idno, title, firstname, lastname, dateofbirth, gender) VALUES (5578, '', 'Torsten Martin', 'Koplin', '1.1.1962.', 'n');
insert into CandidatesData (idno) VALUES (5578);
insert into Candidacy (wkid, idno, supportedby) VALUES (32, 5578, 3);
insert into Landeslistenplatz (llid, idno, position) VALUES (281, 5578, 6);
insert into Citizen (idno, title, firstname, lastname, dateofbirth, gender) VALUES (5579, '', 'Christian', 'Kopp', '1.1.1977.', 'n');
insert into CandidatesData (idno) VALUES (5579);
insert into Candidacy (wkid, idno, supportedby) VALUES (420, 5579, 4);
insert into Landeslistenplatz (llid, idno, position) VALUES (294, 5579, 6);
insert into Citizen (idno, title, firstname, lastname, dateofbirth, gender) VALUES (5580, '', 'Frank', 'Kopperschläger', '1.1.1966.', 'n');
insert into CandidatesData (idno) VALUES (5580);
insert into Landeslistenplatz (llid, idno, position) VALUES (201, 5580, 8);
insert into Citizen (idno, title, firstname, lastname, dateofbirth, gender) VALUES (5581, '', 'Milan', 'Kopriva', '1.1.1978.', 'n');
insert into CandidatesData (idno) VALUES (5581);
insert into Candidacy (wkid, idno, supportedby) VALUES (558, 5581, 3);
insert into Landeslistenplatz (llid, idno, position) VALUES (324, 5581, 14);
insert into Citizen (idno, title, firstname, lastname, dateofbirth, gender) VALUES (5582, '', 'Michael', 'Korden', '1.1.1973.', 'n');
insert into CandidatesData (idno) VALUES (5582);
insert into Landeslistenplatz (llid, idno, position) VALUES (312, 5582, 17);
insert into Citizen (idno, title, firstname, lastname, dateofbirth, gender) VALUES (5583, '', 'Henrik', 'Kordes', '1.1.1948.', 'n');
insert into CandidatesData (idno) VALUES (5583);
insert into Landeslistenplatz (llid, idno, position) VALUES (406, 5583, 1);
insert into Citizen (idno, title, firstname, lastname, dateofbirth, gender) VALUES (5584, '', 'Heike', 'Kornmayer', '1.1.1977.', 'n');
insert into CandidatesData (idno) VALUES (5584);
insert into Landeslistenplatz (llid, idno, position) VALUES (279, 5584, 27);
insert into Citizen (idno, title, firstname, lastname, dateofbirth, gender) VALUES (5585, '', 'Ludwig', 'Kornmeier', '1.1.1955.', 'n');
insert into CandidatesData (idno) VALUES (5585);
insert into Candidacy (wkid, idno, supportedby) VALUES (568, 5585, 5);
insert into Landeslistenplatz (llid, idno, position) VALUES (234, 5585, 26);
insert into Citizen (idno, title, firstname, lastname, dateofbirth, gender) VALUES (5586, '', 'Ina', 'Korntreff', '1.1.1967.', 'n');
insert into CandidatesData (idno) VALUES (5586);
insert into Candidacy (wkid, idno, supportedby) VALUES (142, 5586, 13);
insert into Landeslistenplatz (llid, idno, position) VALUES (403, 5586, 3);
insert into Citizen (idno, title, firstname, lastname, dateofbirth, gender) VALUES (5587, '', 'Knut', 'Korschewsky', '1.1.1960.', 'n');
insert into CandidatesData (idno) VALUES (5587);
insert into Candidacy (wkid, idno, supportedby) VALUES (392, 5587, 3);
insert into Citizen (idno, title, firstname, lastname, dateofbirth, gender) VALUES (5588, '', 'Jan', 'Korte', '1.1.1977.', 'n');
insert into CandidatesData (idno) VALUES (5588);
insert into Candidacy (wkid, idno, supportedby) VALUES (142, 5588, 3);
insert into Landeslistenplatz (llid, idno, position) VALUES (373, 5588, 2);
insert into Citizen (idno, title, firstname, lastname, dateofbirth, gender) VALUES (5589, '', 'Hartmut', 'Koschyk', '1.1.1959.', 'n');
insert into CandidatesData (idno) VALUES (5589);
insert into Candidacy (wkid, idno, supportedby) VALUES (474, 5589, 9);
insert into Landeslistenplatz (llid, idno, position) VALUES (220, 5589, 12);
insert into Citizen (idno, title, firstname, lastname, dateofbirth, gender) VALUES (5590, '', 'Michael', 'Kost', '1.1.1985.', 'n');
insert into CandidatesData (idno) VALUES (5590);
insert into Landeslistenplatz (llid, idno, position) VALUES (348, 5590, 9);
insert into Citizen (idno, title, firstname, lastname, dateofbirth, gender) VALUES (5591, '', 'Karin', 'Kosub', '1.1.1968.', 'n');
insert into CandidatesData (idno) VALUES (5591);
insert into Landeslistenplatz (llid, idno, position) VALUES (227, 5591, 18);
insert into Citizen (idno, title, firstname, lastname, dateofbirth, gender) VALUES (5592, '', 'Björn', 'Kotte', '1.1.1978.', 'n');
insert into CandidatesData (idno) VALUES (5592);
insert into Landeslistenplatz (llid, idno, position) VALUES (309, 5592, 4);
insert into Citizen (idno, title, firstname, lastname, dateofbirth, gender) VALUES (5593, '', 'Dirk', 'Kotte', '1.1.1978.', 'n');
insert into CandidatesData (idno) VALUES (5593);
insert into Landeslistenplatz (llid, idno, position) VALUES (309, 5593, 9);
insert into Citizen (idno, title, firstname, lastname, dateofbirth, gender) VALUES (5594, '', 'Sylvia', 'Kotting-Uhl', '1.1.1952.', 'n');
insert into CandidatesData (idno) VALUES (5594);
insert into Candidacy (wkid, idno, supportedby) VALUES (542, 5594, 5);
insert into Landeslistenplatz (llid, idno, position) VALUES (234, 5594, 3);
insert into Citizen (idno, title, firstname, lastname, dateofbirth, gender) VALUES (5595, '', 'Emanuel Wojtiech', 'Kotzian', '1.1.1972.', 'n');
insert into CandidatesData (idno) VALUES (5595);
insert into Candidacy (wkid, idno, supportedby) VALUES (488, 5595, 7);
insert into Citizen (idno, title, firstname, lastname, dateofbirth, gender) VALUES (5596, '', 'Kordula', 'Kovac', '1.1.1957.', 'n');
insert into CandidatesData (idno) VALUES (5596);
insert into Landeslistenplatz (llid, idno, position) VALUES (279, 5596, 17);
insert into Citizen (idno, title, firstname, lastname, dateofbirth, gender) VALUES (5597, '', 'Ulf', 'Kowal', '1.1.1966.', 'n');
insert into CandidatesData (idno) VALUES (5597);
insert into Landeslistenplatz (llid, idno, position) VALUES (229, 5597, 12);
insert into Citizen (idno, title, firstname, lastname, dateofbirth, gender) VALUES (5598, '', 'Harry', 'Kowitz', '1.1.1938.', 'n');
insert into CandidatesData (idno) VALUES (5598);
insert into Candidacy (wkid, idno, supportedby) VALUES (56, 5598, 41);
insert into Citizen (idno, title, firstname, lastname, dateofbirth, gender) VALUES (5599, '', 'Max', 'Koziolek', '1.1.1989.', 'n');
insert into CandidatesData (idno) VALUES (5599);
insert into Candidacy (wkid, idno, supportedby) VALUES (120, 5599, 4);
insert into LandesListe (llid, year, pid, fsid) VALUES (428, 2013, 4, 14);
insert into Landeslistenplatz (llid, idno, position) VALUES (428, 5599, 2);
insert into Citizen (idno, title, firstname, lastname, dateofbirth, gender) VALUES (5600, '', 'Wolfgang', 'Kräher', '1.1.1949.', 'n');
insert into CandidatesData (idno) VALUES (5600);
insert into Landeslistenplatz (llid, idno, position) VALUES (236, 5600, 7);
insert into Citizen (idno, title, firstname, lastname, dateofbirth, gender) VALUES (5601, '', 'Martin', 'Krämer', '1.1.1986.', 'n');
insert into CandidatesData (idno) VALUES (5601);
insert into Candidacy (wkid, idno, supportedby) VALUES (522, 5601, 1);
insert into Citizen (idno, title, firstname, lastname, dateofbirth, gender) VALUES (5602, '', 'Heinz', 'Kraft', '1.1.1959.', 'n');
insert into CandidatesData (idno) VALUES (5602);
insert into Candidacy (wkid, idno, supportedby) VALUES (546, 5602, 7);
insert into Citizen (idno, title, firstname, lastname, dateofbirth, gender) VALUES (5603, '', 'Volker', 'Kraft', '1.1.1953.', 'n');
insert into CandidatesData (idno) VALUES (5603);
insert into Candidacy (wkid, idno, supportedby) VALUES (518, 5603, 13);
insert into Landeslistenplatz (llid, idno, position) VALUES (270, 5603, 2);
insert into Citizen (idno, title, firstname, lastname, dateofbirth, gender) VALUES (5604, 'Dr. ', 'Maximilian Eugen', 'Krah', '1.1.1977.', 'n');
insert into CandidatesData (idno) VALUES (5604);
insert into Landeslistenplatz (llid, idno, position) VALUES (308, 5604, 17);
insert into Citizen (idno, title, firstname, lastname, dateofbirth, gender) VALUES (5605, '', 'Holger', 'Krahmer', '1.1.1970.', 'n');
insert into CandidatesData (idno) VALUES (5605);
insert into Candidacy (wkid, idno, supportedby) VALUES (306, 5605, 4);
insert into Landeslistenplatz (llid, idno, position) VALUES (334, 5605, 3);
insert into Citizen (idno, title, firstname, lastname, dateofbirth, gender) VALUES (5606, '', 'Manuel', 'Kramer', '1.1.1988.', 'n');
insert into CandidatesData (idno) VALUES (5606);
insert into Landeslistenplatz (llid, idno, position) VALUES (242, 5606, 45);
insert into Citizen (idno, title, firstname, lastname, dateofbirth, gender) VALUES (5607, '', 'Erich Wilhelm', 'Krames', '1.1.1934.', 'n');
insert into CandidatesData (idno) VALUES (5607);
insert into Candidacy (wkid, idno, supportedby) VALUES (406, 5607, 1);
insert into Citizen (idno, title, firstname, lastname, dateofbirth, gender) VALUES (5608, '', 'Bruno Gerd', 'Kramm', '1.1.1967.', 'n');
insert into CandidatesData (idno) VALUES (5608);
insert into Candidacy (wkid, idno, supportedby) VALUES (480, 5608, 7);
insert into Landeslistenplatz (llid, idno, position) VALUES (245, 5608, 1);
insert into Citizen (idno, title, firstname, lastname, dateofbirth, gender) VALUES (5609, '', 'Anette', 'Kramme', '1.1.1967.', 'n');
insert into CandidatesData (idno) VALUES (5609);
insert into Candidacy (wkid, idno, supportedby) VALUES (474, 5609, 2);
insert into Landeslistenplatz (llid, idno, position) VALUES (260, 5609, 2);
insert into Citizen (idno, title, firstname, lastname, dateofbirth, gender) VALUES (5610, '', 'Jürgen Dieter', 'Krampitz', '1.1.1943.', 'n');
insert into CandidatesData (idno) VALUES (5610);
insert into Landeslistenplatz (llid, idno, position) VALUES (380, 5610, 4);
insert into Citizen (idno, title, firstname, lastname, dateofbirth, gender) VALUES (5611, 'Dr. ', 'Bernhard Sebastian', 'Kranich', '1.1.1969.', 'n');
insert into CandidatesData (idno) VALUES (5611);
insert into Candidacy (wkid, idno, supportedby) VALUES (144, 5611, 5);
insert into Citizen (idno, title, firstname, lastname, dateofbirth, gender) VALUES (5612, '', 'Rose-Marie', 'Kranzfelder-Poth', '1.1.1951.', 'n');
insert into CandidatesData (idno) VALUES (5612);
insert into Candidacy (wkid, idno, supportedby) VALUES (504, 5612, 32);
insert into Landeslistenplatz (llid, idno, position) VALUES (206, 5612, 12);
insert into Citizen (idno, title, firstname, lastname, dateofbirth, gender) VALUES (5613, '', 'Matthias', 'Kraume', '1.1.1982.', 'n');
insert into CandidatesData (idno) VALUES (5613);
insert into Landeslistenplatz (llid, idno, position) VALUES (356, 5613, 15);
insert into Citizen (idno, title, firstname, lastname, dateofbirth, gender) VALUES (5614, '', 'Hans-Georg', 'Kraus', '1.1.1956.', 'n');
insert into CandidatesData (idno) VALUES (5614);
insert into Landeslistenplatz (llid, idno, position) VALUES (252, 5614, 8);
insert into Citizen (idno, title, firstname, lastname, dateofbirth, gender) VALUES (5615, '', 'Hasso', 'Kraus', '1.1.1957.', 'n');
insert into CandidatesData (idno) VALUES (5615);
insert into Candidacy (wkid, idno, supportedby) VALUES (520, 5615, 32);
insert into Landeslistenplatz (llid, idno, position) VALUES (265, 5615, 3);
insert into Citizen (idno, title, firstname, lastname, dateofbirth, gender) VALUES (5616, '', 'Yorck Alexander', 'Kraus', '1.1.1959.', 'n');
insert into CandidatesData (idno) VALUES (5616);
insert into Landeslistenplatz (llid, idno, position) VALUES (253, 5616, 17);
insert into Citizen (idno, title, firstname, lastname, dateofbirth, gender) VALUES (5617, '', 'Andreas Erich', 'Krause', '1.1.1959.', 'n');
insert into CandidatesData (idno) VALUES (5617);
insert into Landeslistenplatz (llid, idno, position) VALUES (325, 5617, 21);
insert into Citizen (idno, title, firstname, lastname, dateofbirth, gender) VALUES (5618, 'Dr. ', 'Dietrich-Eckard', 'Krause', '1.1.1941.', 'n');
insert into CandidatesData (idno) VALUES (5618);
insert into Candidacy (wkid, idno, supportedby) VALUES (34, 5618, 4);
insert into Landeslistenplatz (llid, idno, position) VALUES (278, 5618, 10);
insert into Citizen (idno, title, firstname, lastname, dateofbirth, gender) VALUES (5619, 'Dr. ', 'Klaus Peter', 'Krause', '1.1.1936.', 'n');
insert into CandidatesData (idno) VALUES (5619);
insert into Landeslistenplatz (llid, idno, position) VALUES (285, 5619, 22);
insert into Citizen (idno, title, firstname, lastname, dateofbirth, gender) VALUES (5620, '', 'Heiko', 'Krause', '1.1.1969.', 'n');
insert into CandidatesData (idno) VALUES (5620);
insert into Candidacy (wkid, idno, supportedby) VALUES (132, 5620, 1);
insert into Landeslistenplatz (llid, idno, position) VALUES (211, 5620, 2);
insert into Citizen (idno, title, firstname, lastname, dateofbirth, gender) VALUES (5621, '', 'Lars', 'Krause', '1.1.1973.', 'n');
insert into CandidatesData (idno) VALUES (5621);
insert into Candidacy (wkid, idno, supportedby) VALUES (128, 5621, 31);
insert into Citizen (idno, title, firstname, lastname, dateofbirth, gender) VALUES (5622, '', 'Rainer', 'Krause', '1.1.1951.', 'n');
insert into CandidatesData (idno) VALUES (5622);
insert into Landeslistenplatz (llid, idno, position) VALUES (213, 5622, 48);
insert into Citizen (idno, title, firstname, lastname, dateofbirth, gender) VALUES (5623, '', 'Fritz Hans Karl', 'Krause-Uhl', '1.1.1945.', 'n');
insert into CandidatesData (idno) VALUES (5623);
insert into Candidacy (wkid, idno, supportedby) VALUES (118, 5623, 4);
insert into Landeslistenplatz (llid, idno, position) VALUES (428, 5623, 8);
insert into Citizen (idno, title, firstname, lastname, dateofbirth, gender) VALUES (5624, '', 'Mathias', 'Krebs', '1.1.1982.', 'n');
insert into CandidatesData (idno) VALUES (5624);
insert into Candidacy (wkid, idno, supportedby) VALUES (112, 5624, NULL);
insert into Citizen (idno, title, firstname, lastname, dateofbirth, gender) VALUES (5625, '', 'Lorenz Fabian', 'Kreft', '1.1.1992.', 'n');
insert into CandidatesData (idno) VALUES (5625);
insert into Candidacy (wkid, idno, supportedby) VALUES (426, 5625, 33);
insert into Citizen (idno, title, firstname, lastname, dateofbirth, gender) VALUES (5626, '', 'Alexander Friedrich', 'Kreidemann', '1.1.1959.', 'n');
insert into CandidatesData (idno) VALUES (5626);
insert into Landeslistenplatz (llid, idno, position) VALUES (392, 5626, 8);
insert into Citizen (idno, title, firstname, lastname, dateofbirth, gender) VALUES (5627, '', 'Horst', 'Kreil', '1.1.1946.', 'n');
insert into CandidatesData (idno) VALUES (5627);
insert into Landeslistenplatz (llid, idno, position) VALUES (356, 5627, 21);
insert into Citizen (idno, title, firstname, lastname, dateofbirth, gender) VALUES (5628, '', 'Martha', 'Kreilinger', '1.1.1962.', 'n');
insert into CandidatesData (idno) VALUES (5628);
insert into Landeslistenplatz (llid, idno, position) VALUES (323, 5628, 6);
insert into Citizen (idno, title, firstname, lastname, dateofbirth, gender) VALUES (5629, 'Dr. ', 'Jutta Liddy Ida', 'Kreitz', '1.1.1954.', 'n');
insert into CandidatesData (idno) VALUES (5629);
insert into Candidacy (wkid, idno, supportedby) VALUES (302, 5629, 4);
insert into Landeslistenplatz (llid, idno, position) VALUES (334, 5629, 6);
insert into Citizen (idno, title, firstname, lastname, dateofbirth, gender) VALUES (5630, '', 'Stephan', 'Krell', '1.1.1957.', 'n');
insert into CandidatesData (idno) VALUES (5630);
insert into Candidacy (wkid, idno, supportedby) VALUES (414, 5630, 36);
insert into Landeslistenplatz (llid, idno, position) VALUES (229, 5630, 9);
insert into Citizen (idno, title, firstname, lastname, dateofbirth, gender) VALUES (5631, '', 'Jutta', 'Krellmann', '1.1.1956.', 'n');
insert into CandidatesData (idno) VALUES (5631);
insert into Candidacy (wkid, idno, supportedby) VALUES (92, 5631, 3);
insert into Landeslistenplatz (llid, idno, position) VALUES (304, 5631, 2);
insert into Citizen (idno, title, firstname, lastname, dateofbirth, gender) VALUES (5632, '', 'Rüdiger', 'Krentz', '1.1.1959.', 'n');
insert into CandidatesData (idno) VALUES (5632);
insert into Candidacy (wkid, idno, supportedby) VALUES (272, 5632, 32);
insert into Landeslistenplatz (llid, idno, position) VALUES (317, 5632, 2);
insert into Citizen (idno, title, firstname, lastname, dateofbirth, gender) VALUES (5633, '', 'Günter', 'Kreßmann', '1.1.1964.', 'n');
insert into CandidatesData (idno) VALUES (5633);
insert into Candidacy (wkid, idno, supportedby) VALUES (64, 5633, 3);
insert into Citizen (idno, title, firstname, lastname, dateofbirth, gender) VALUES (5634, '', 'Holger', 'Krestel', '1.1.1955.', 'n');
insert into CandidatesData (idno) VALUES (5634);
insert into Candidacy (wkid, idno, supportedby) VALUES (162, 5634, 4);
insert into Landeslistenplatz (llid, idno, position) VALUES (263, 5634, 3);
insert into Citizen (idno, title, firstname, lastname, dateofbirth, gender) VALUES (5635, '', 'Floyd Ralf', 'Kretschmar', '1.1.1992.', 'n');
insert into CandidatesData (idno) VALUES (5635);
insert into Candidacy (wkid, idno, supportedby) VALUES (470, 5635, 7);
insert into Citizen (idno, title, firstname, lastname, dateofbirth, gender) VALUES (5636, '', 'Stefan', 'Kretschmar', '1.1.1969.', 'n');
insert into CandidatesData (idno) VALUES (5636);
insert into Landeslistenplatz (llid, idno, position) VALUES (341, 5636, 11);
insert into Citizen (idno, title, firstname, lastname, dateofbirth, gender) VALUES (5637, '', 'Michael', 'Kretschmer', '1.1.1975.', 'n');
insert into CandidatesData (idno) VALUES (5637);
insert into Candidacy (wkid, idno, supportedby) VALUES (314, 5637, 12);
insert into Citizen (idno, title, firstname, lastname, dateofbirth, gender) VALUES (5638, '', 'Volker', 'Kretschmer', '1.1.1954.', 'n');
insert into CandidatesData (idno) VALUES (5638);
insert into Landeslistenplatz (llid, idno, position) VALUES (340, 5638, 6);
insert into Citizen (idno, title, firstname, lastname, dateofbirth, gender) VALUES (5639, '', 'Rolf Gunter', 'Kretzschmann', '1.1.1951.', 'n');
insert into CandidatesData (idno) VALUES (5639);
insert into Candidacy (wkid, idno, supportedby) VALUES (222, 5639, 1);
insert into Citizen (idno, title, firstname, lastname, dateofbirth, gender) VALUES (5640, '', 'Gunther', 'Krichbaum', '1.1.1964.', 'n');
insert into CandidatesData (idno) VALUES (5640);
insert into Candidacy (wkid, idno, supportedby) VALUES (558, 5640, 12);
insert into Citizen (idno, title, firstname, lastname, dateofbirth, gender) VALUES (5641, '', 'Wolfgang', 'Krichel', '1.1.1953.', 'n');
insert into CandidatesData (idno) VALUES (5641);
insert into Candidacy (wkid, idno, supportedby) VALUES (594, 5641, 4);
insert into Citizen (idno, title, firstname, lastname, dateofbirth, gender) VALUES (5642, '', 'Christina', 'Krieger', '1.1.1990.', 'n');
insert into CandidatesData (idno) VALUES (5642);
insert into Candidacy (wkid, idno, supportedby) VALUES (86, 5642, 1);
insert into Landeslistenplatz (llid, idno, position) VALUES (347, 5642, 4);
insert into Citizen (idno, title, firstname, lastname, dateofbirth, gender) VALUES (5643, '', 'Wilfried', 'Krieger', '1.1.1966.', 'n');
insert into CandidatesData (idno) VALUES (5643);
insert into Landeslistenplatz (llid, idno, position) VALUES (254, 5643, 9);
insert into Citizen (idno, title, firstname, lastname, dateofbirth, gender) VALUES (5644, '', 'Frank Hartmut', 'Krien', '1.1.1956.', 'n');
insert into CandidatesData (idno) VALUES (5644);
insert into Candidacy (wkid, idno, supportedby) VALUES (318, 5644, 1);
insert into Citizen (idno, title, firstname, lastname, dateofbirth, gender) VALUES (5645, '', 'Briga Friederike', 'Krikau', '1.1.1969.', 'n');
insert into CandidatesData (idno) VALUES (5645);
insert into Candidacy (wkid, idno, supportedby) VALUES (8, 5645, 33);
insert into Landeslistenplatz (llid, idno, position) VALUES (285, 5645, 19);
insert into Citizen (idno, title, firstname, lastname, dateofbirth, gender) VALUES (5646, 'Dr. ', 'Günter', 'Krings', '1.1.1969.', 'n');
insert into CandidatesData (idno) VALUES (5646);
insert into Candidacy (wkid, idno, supportedby) VALUES (218, 5646, 12);
insert into Landeslistenplatz (llid, idno, position) VALUES (310, 5646, 24);
insert into Citizen (idno, title, firstname, lastname, dateofbirth, gender) VALUES (5647, '', 'Oliver', 'Krischer', '1.1.1969.', 'n');
insert into CandidatesData (idno) VALUES (5647);
insert into Candidacy (wkid, idno, supportedby) VALUES (180, 5647, 5);
insert into Landeslistenplatz (llid, idno, position) VALUES (256, 5647, 6);
insert into Citizen (idno, title, firstname, lastname, dateofbirth, gender) VALUES (5648, 'Dr. ', 'Mohan', 'Krischke-Ramaswamy', '1.1.1953.', 'n');
insert into CandidatesData (idno) VALUES (5648);
insert into Candidacy (wkid, idno, supportedby) VALUES (104, 5648, 7);
insert into Citizen (idno, title, firstname, lastname, dateofbirth, gender) VALUES (5649, '', 'Andreas', 'Kröger', '1.1.1982.', 'n');
insert into CandidatesData (idno) VALUES (5649);
insert into Landeslistenplatz (llid, idno, position) VALUES (242, 5649, 41);
insert into Citizen (idno, title, firstname, lastname, dateofbirth, gender) VALUES (5650, '', 'Walter', 'Krögner', '1.1.1963.', 'n');
insert into CandidatesData (idno) VALUES (5650);
insert into Landeslistenplatz (llid, idno, position) VALUES (249, 5650, 38);
insert into Citizen (idno, title, firstname, lastname, dateofbirth, gender) VALUES (5651, '', 'Manfred', 'Krönauer', '1.1.1974.', 'n');
insert into CandidatesData (idno) VALUES (5651);
insert into Candidacy (wkid, idno, supportedby) VALUES (438, 5651, 4);
insert into Landeslistenplatz (llid, idno, position) VALUES (276, 5651, 8);
insert into Citizen (idno, title, firstname, lastname, dateofbirth, gender) VALUES (5652, '', 'Martin', 'Krötz', '1.1.1971.', 'n');
insert into CandidatesData (idno) VALUES (5652);
insert into Candidacy (wkid, idno, supportedby) VALUES (402, 5652, 3);
insert into Citizen (idno, title, firstname, lastname, dateofbirth, gender) VALUES (5653, '', 'Oliver', 'Krogloth', '1.1.1976.', 'n');
insert into CandidatesData (idno) VALUES (5653);
insert into Landeslistenplatz (llid, idno, position) VALUES (230, 5653, 12);
insert into Citizen (idno, title, firstname, lastname, dateofbirth, gender) VALUES (5654, '', 'Sven', 'Krohlas', '1.1.1982.', 'n');
insert into CandidatesData (idno) VALUES (5654);
insert into Landeslistenplatz (llid, idno, position) VALUES (221, 5654, 2);
insert into Citizen (idno, title, firstname, lastname, dateofbirth, gender) VALUES (5655, '', 'Sascha Marcel', 'Krolzig', '1.1.1987.', 'n');
insert into CandidatesData (idno) VALUES (5655);
insert into Landeslistenplatz (llid, idno, position) VALUES (345, 5655, 2);
insert into Citizen (idno, title, firstname, lastname, dateofbirth, gender) VALUES (5656, '', 'Kilian', 'Kronimus', '1.1.1965.', 'n');
insert into CandidatesData (idno) VALUES (5656);
insert into Landeslistenplatz (llid, idno, position) VALUES (292, 5656, 3);
insert into Citizen (idno, title, firstname, lastname, dateofbirth, gender) VALUES (5657, '', 'Manuel', 'Kronschnabel', '1.1.1985.', 'n');
insert into CandidatesData (idno) VALUES (5657);
insert into Landeslistenplatz (llid, idno, position) VALUES (220, 5657, 67);
insert into Citizen (idno, title, firstname, lastname, dateofbirth, gender) VALUES (5658, '', 'Lutz Heinrich', 'Krossa', '1.1.1969.', 'n');
insert into CandidatesData (idno) VALUES (5658);
insert into Landeslistenplatz (llid, idno, position) VALUES (297, 5658, 38);
insert into Citizen (idno, title, firstname, lastname, dateofbirth, gender) VALUES (5659, '', 'Katarzyna Dorota', 'Kruczkowski', '1.1.1979.', 'n');
insert into CandidatesData (idno) VALUES (5659);
insert into Candidacy (wkid, idno, supportedby) VALUES (238, 5659, 10);
insert into Landeslistenplatz (llid, idno, position) VALUES (338, 5659, 1);
insert into Citizen (idno, title, firstname, lastname, dateofbirth, gender) VALUES (5660, 'Dr. ', 'Hans-Ulrich', 'Krüger', '1.1.1952.', 'n');
insert into CandidatesData (idno) VALUES (5660);
insert into Candidacy (wkid, idno, supportedby) VALUES (226, 5660, 2);
insert into Landeslistenplatz (llid, idno, position) VALUES (246, 5660, 21);
insert into Citizen (idno, title, firstname, lastname, dateofbirth, gender) VALUES (5661, '', 'Harald', 'Krüger', '1.1.1957.', 'n');
insert into CandidatesData (idno) VALUES (5661);
insert into Landeslistenplatz (llid, idno, position) VALUES (398, 5661, 8);
insert into Citizen (idno, title, firstname, lastname, dateofbirth, gender) VALUES (5662, '', 'Jacqueline', 'Krüger', '1.1.1973.', 'n');
insert into CandidatesData (idno) VALUES (5662);
insert into Candidacy (wkid, idno, supportedby) VALUES (122, 5662, 4);
insert into Landeslistenplatz (llid, idno, position) VALUES (428, 5662, 3);
insert into Citizen (idno, title, firstname, lastname, dateofbirth, gender) VALUES (5663, '', 'Jutta', 'Krüger-Jacob', '1.1.1963.', 'n');
insert into CandidatesData (idno) VALUES (5663);
insert into Landeslistenplatz (llid, idno, position) VALUES (366, 5663, 5);
insert into Citizen (idno, title, firstname, lastname, dateofbirth, gender) VALUES (5664, '', 'Angelika', 'Krüger-Leißner', '1.1.1951.', 'n');
insert into CandidatesData (idno) VALUES (5664);
insert into Candidacy (wkid, idno, supportedby) VALUES (116, 5664, 2);
insert into Landeslistenplatz (llid, idno, position) VALUES (322, 5664, 6);
insert into Citizen (idno, title, firstname, lastname, dateofbirth, gender) VALUES (5665, '', 'Gerd', 'Krümmel', '1.1.1951.', 'n');
insert into CandidatesData (idno) VALUES (5665);
insert into Candidacy (wkid, idno, supportedby) VALUES (60, 5665, 32);
insert into Citizen (idno, title, firstname, lastname, dateofbirth, gender) VALUES (5666, '', 'Klaus', 'Krützen', '1.1.1968.', 'n');
insert into CandidatesData (idno) VALUES (5666);
insert into Candidacy (wkid, idno, supportedby) VALUES (216, 5666, 2);
insert into Landeslistenplatz (llid, idno, position) VALUES (246, 5666, 31);
insert into Citizen (idno, title, firstname, lastname, dateofbirth, gender) VALUES (5667, '', 'Alois', 'Krumbachner', '1.1.1953.', 'n');
insert into CandidatesData (idno) VALUES (5667);
insert into Landeslistenplatz (llid, idno, position) VALUES (393, 5667, 13);
insert into Citizen (idno, title, firstname, lastname, dateofbirth, gender) VALUES (5668, '', 'Horst', 'Krumpen', '1.1.1966.', 'n');
insert into CandidatesData (idno) VALUES (5668);
insert into Landeslistenplatz (llid, idno, position) VALUES (281, 5668, 8);
insert into Citizen (idno, title, firstname, lastname, dateofbirth, gender) VALUES (5669, '', 'Jürgen Uwe', 'Krumpholz', '1.1.1964.', 'n');
insert into CandidatesData (idno) VALUES (5669);
insert into LandesListe (llid, year, pid, fsid) VALUES (429, 2013, 37, 16);
insert into Landeslistenplatz (llid, idno, position) VALUES (429, 5669, 3);
insert into Citizen (idno, title, firstname, lastname, dateofbirth, gender) VALUES (5670, '', 'Agnes', 'Krumwiede', '1.1.1977.', 'n');
insert into CandidatesData (idno) VALUES (5670);
insert into Candidacy (wkid, idno, supportedby) VALUES (434, 5670, 5);
insert into Landeslistenplatz (llid, idno, position) VALUES (238, 5670, 11);
insert into Citizen (idno, title, firstname, lastname, dateofbirth, gender) VALUES (5671, '', 'Helge', 'Krusche', '1.1.1965.', 'n');
insert into CandidatesData (idno) VALUES (5671);
insert into Landeslistenplatz (llid, idno, position) VALUES (297, 5671, 20);
insert into Citizen (idno, title, firstname, lastname, dateofbirth, gender) VALUES (5672, 'Dr. ', 'Hans Jörn', 'Kruse', '1.1.1948.', 'n');
insert into CandidatesData (idno) VALUES (5672);
insert into Candidacy (wkid, idno, supportedby) VALUES (42, 5672, 33);
insert into Landeslistenplatz (llid, idno, position) VALUES (413, 5672, 1);
insert into Citizen (idno, title, firstname, lastname, dateofbirth, gender) VALUES (5673, '', 'Rüdiger', 'Kruse', '1.1.1961.', 'n');
insert into CandidatesData (idno) VALUES (5673);
insert into Candidacy (wkid, idno, supportedby) VALUES (40, 5673, 12);
insert into Landeslistenplatz (llid, idno, position) VALUES (398, 5673, 2);
insert into Citizen (idno, title, firstname, lastname, dateofbirth, gender) VALUES (5674, '', 'Walter', 'Kubach', '1.1.1955.', 'n');
insert into CandidatesData (idno) VALUES (5674);
insert into Candidacy (wkid, idno, supportedby) VALUES (532, 5674, 3);
insert into Citizen (idno, title, firstname, lastname, dateofbirth, gender) VALUES (5675, '', 'Wolfgang', 'Kubicki', '1.1.1952.', 'n');
insert into CandidatesData (idno) VALUES (5675);
insert into Candidacy (wkid, idno, supportedby) VALUES (6, 5675, 4);
insert into Landeslistenplatz (llid, idno, position) VALUES (251, 5675, 1);
insert into Citizen (idno, title, firstname, lastname, dateofbirth, gender) VALUES (5676, 'Dr. ', 'Simon Franz Jakob', 'Kuchlbauer', '1.1.1976.', 'n');
insert into CandidatesData (idno) VALUES (5676);
insert into Landeslistenplatz (llid, idno, position) VALUES (342, 5676, 30);
insert into Citizen (idno, title, firstname, lastname, dateofbirth, gender) VALUES (5677, '', 'Feline Sabrina', 'Kuck', '1.1.1988.', 'n');
insert into CandidatesData (idno) VALUES (5677);
insert into Candidacy (wkid, idno, supportedby) VALUES (154, 5677, 31);
insert into Citizen (idno, title, firstname, lastname, dateofbirth, gender) VALUES (5678, '', 'Bettina Irene', 'Kudla', '1.1.1962.', 'n');
insert into CandidatesData (idno) VALUES (5678);
insert into Candidacy (wkid, idno, supportedby) VALUES (304, 5678, 12);
insert into Landeslistenplatz (llid, idno, position) VALUES (308, 5678, 10);
insert into Citizen (idno, title, firstname, lastname, dateofbirth, gender) VALUES (5679, '', 'Dirk', 'Küffen', '1.1.1980.', 'n');
insert into CandidatesData (idno) VALUES (5679);
insert into Landeslistenplatz (llid, idno, position) VALUES (257, 5679, 11);
insert into Citizen (idno, title, firstname, lastname, dateofbirth, gender) VALUES (5680, '', 'Karl-Heinz', 'Kügle', '1.1.1963.', 'n');
insert into CandidatesData (idno) VALUES (5680);
insert into Candidacy (wkid, idno, supportedby) VALUES (506, 5680, 1);
insert into Citizen (idno, title, firstname, lastname, dateofbirth, gender) VALUES (5681, '', 'Phillipp', 'Kühlthau', '1.1.1988.', 'n');
insert into CandidatesData (idno) VALUES (5681);
insert into Landeslistenplatz (llid, idno, position) VALUES (252, 5681, 14);
insert into Citizen (idno, title, firstname, lastname, dateofbirth, gender) VALUES (5682, '', 'Christian', 'Kühn', '1.1.1979.', 'n');
insert into CandidatesData (idno) VALUES (5682);
insert into Candidacy (wkid, idno, supportedby) VALUES (580, 5682, 5);
insert into Landeslistenplatz (llid, idno, position) VALUES (234, 5682, 6);
insert into Citizen (idno, title, firstname, lastname, dateofbirth, gender) VALUES (5683, '', 'Dirk Alexander', 'Kühn', '1.1.1974.', 'n');
insert into CandidatesData (idno) VALUES (5683);
insert into Landeslistenplatz (llid, idno, position) VALUES (297, 5683, 37);
insert into Citizen (idno, title, firstname, lastname, dateofbirth, gender) VALUES (5684, '', 'Stephan', 'Kühn', '1.1.1979.', 'n');
insert into CandidatesData (idno) VALUES (5684);
insert into Candidacy (wkid, idno, supportedby) VALUES (320, 5684, 5);
insert into Landeslistenplatz (llid, idno, position) VALUES (361, 5684, 2);
insert into Citizen (idno, title, firstname, lastname, dateofbirth, gender) VALUES (5685, '', 'Helga', 'Kühn-Mengel', '1.1.1947.', 'n');
insert into CandidatesData (idno) VALUES (5685);
insert into Candidacy (wkid, idno, supportedby) VALUES (184, 5685, 2);
insert into Landeslistenplatz (llid, idno, position) VALUES (246, 5685, 28);
insert into Citizen (idno, title, firstname, lastname, dateofbirth, gender) VALUES (5686, 'Dr. ', 'Roy', 'Kühne', '1.1.1967.', 'n');
insert into CandidatesData (idno) VALUES (5686);
insert into Candidacy (wkid, idno, supportedby) VALUES (104, 5686, 12);
insert into Landeslistenplatz (llid, idno, position) VALUES (217, 5686, 22);
insert into Citizen (idno, title, firstname, lastname, dateofbirth, gender) VALUES (5687, '', 'Henner', 'Kühne', '1.1.1959.', 'n');
insert into CandidatesData (idno) VALUES (5687);
insert into Candidacy (wkid, idno, supportedby) VALUES (36, 5687, 32);
insert into Citizen (idno, title, firstname, lastname, dateofbirth, gender) VALUES (5688, '', 'Steffen', 'Kühne', '1.1.1981.', 'n');
insert into CandidatesData (idno) VALUES (5688);
insert into Candidacy (wkid, idno, supportedby) VALUES (124, 5688, 3);
insert into Landeslistenplatz (llid, idno, position) VALUES (412, 5688, 8);
insert into Citizen (idno, title, firstname, lastname, dateofbirth, gender) VALUES (5689, 'Dr. ', 'Katharina Rosemarie', 'Kühnel', '1.1.1958.', 'n');
insert into CandidatesData (idno) VALUES (5689);
insert into Landeslistenplatz (llid, idno, position) VALUES (354, 5689, 5);
insert into Citizen (idno, title, firstname, lastname, dateofbirth, gender) VALUES (5690, '', 'Renate Elly', 'Künast', '1.1.1955.', 'n');
insert into CandidatesData (idno) VALUES (5690);
insert into Candidacy (wkid, idno, supportedby) VALUES (162, 5690, 5);
insert into Landeslistenplatz (llid, idno, position) VALUES (427, 5690, 1);
insert into Citizen (idno, title, firstname, lastname, dateofbirth, gender) VALUES (5691, '', 'Kai-Gilg Volmar Georg', 'Kuenheim von', '1.1.1982.', 'n');
insert into CandidatesData (idno) VALUES (5691);
insert into Landeslistenplatz (llid, idno, position) VALUES (339, 5691, 8);
insert into Citizen (idno, title, firstname, lastname, dateofbirth, gender) VALUES (5692, '', 'Thomas', 'Küppers', '1.1.1976.', 'n');
insert into CandidatesData (idno) VALUES (5692);
insert into Landeslistenplatz (llid, idno, position) VALUES (248, 5692, 17);
insert into Citizen (idno, title, firstname, lastname, dateofbirth, gender) VALUES (5693, '', 'Karin', 'Küsel-Ferber', '1.1.1966.', 'n');
insert into CandidatesData (idno) VALUES (5693);
insert into Landeslistenplatz (llid, idno, position) VALUES (244, 5693, 18);
insert into Citizen (idno, title, firstname, lastname, dateofbirth, gender) VALUES (5694, '', 'Andreas Philipp', 'Kuessner', '1.1.1973.', 'n');
insert into CandidatesData (idno) VALUES (5694);
insert into Landeslistenplatz (llid, idno, position) VALUES (405, 5694, 5);
insert into Citizen (idno, title, firstname, lastname, dateofbirth, gender) VALUES (5695, '', 'Lars', 'Kuhlmann', '1.1.1976.', 'n');
insert into CandidatesData (idno) VALUES (5695);
insert into Landeslistenplatz (llid, idno, position) VALUES (335, 5695, 28);
insert into Citizen (idno, title, firstname, lastname, dateofbirth, gender) VALUES (5696, 'Dr. ', 'Arnd', 'Kuhn', '1.1.1957.', 'n');
insert into CandidatesData (idno) VALUES (5696);
insert into Candidacy (wkid, idno, supportedby) VALUES (196, 5696, 5);
insert into Citizen (idno, title, firstname, lastname, dateofbirth, gender) VALUES (5697, '', 'Cornelia', 'Kuhnert', '1.1.1961.', 'n');
insert into CandidatesData (idno) VALUES (5697);
insert into Candidacy (wkid, idno, supportedby) VALUES (140, 5697, 4);
insert into Citizen (idno, title, firstname, lastname, dateofbirth, gender) VALUES (5698, '', 'Ralf', 'Kulikowsky', '1.1.1961.', 'n');
insert into CandidatesData (idno) VALUES (5698);
insert into Landeslistenplatz (llid, idno, position) VALUES (285, 5698, 20);
insert into Citizen (idno, title, firstname, lastname, dateofbirth, gender) VALUES (5699, '', 'Katrin', 'Kunert', '1.1.1964.', 'n');
insert into CandidatesData (idno) VALUES (5699);
insert into Candidacy (wkid, idno, supportedby) VALUES (132, 5699, 3);
insert into Landeslistenplatz (llid, idno, position) VALUES (373, 5699, 3);
insert into Citizen (idno, title, firstname, lastname, dateofbirth, gender) VALUES (5700, '', 'Willibert', 'Kunkel', '1.1.1950.', 'n');
insert into CandidatesData (idno) VALUES (5700);
insert into Candidacy (wkid, idno, supportedby) VALUES (176, 5700, 1);
insert into Citizen (idno, title, firstname, lastname, dateofbirth, gender) VALUES (5701, '', 'Cornelia', 'Kunkis-Becker', '1.1.1960.', 'n');
insert into CandidatesData (idno) VALUES (5701);
insert into Candidacy (wkid, idno, supportedby) VALUES (572, 5701, 5);
insert into Landeslistenplatz (llid, idno, position) VALUES (234, 5701, 19);
insert into Citizen (idno, title, firstname, lastname, dateofbirth, gender) VALUES (5702, '', 'Karl-Ludwig Georg Richard', 'Kunstein', '1.1.1951.', 'n');
insert into CandidatesData (idno) VALUES (5702);
insert into Landeslistenplatz (llid, idno, position) VALUES (209, 5702, 20);
insert into Citizen (idno, title, firstname, lastname, dateofbirth, gender) VALUES (5703, '', 'Georg Bernd', 'Kunz', '1.1.1953.', 'n');
insert into CandidatesData (idno) VALUES (5703);
insert into Landeslistenplatz (llid, idno, position) VALUES (318, 5703, 20);
insert into Citizen (idno, title, firstname, lastname, dateofbirth, gender) VALUES (5704, '', 'Silvia', 'Kunz', '1.1.1990.', 'n');
insert into CandidatesData (idno) VALUES (5704);
insert into Landeslistenplatz (llid, idno, position) VALUES (361, 5704, 9);
insert into Citizen (idno, title, firstname, lastname, dateofbirth, gender) VALUES (5705, '', 'Christian', 'Kunze', '1.1.1984.', 'n');
insert into CandidatesData (idno) VALUES (5705);
insert into Candidacy (wkid, idno, supportedby) VALUES (148, 5705, 7);
insert into Landeslistenplatz (llid, idno, position) VALUES (351, 5705, 9);
insert into Citizen (idno, title, firstname, lastname, dateofbirth, gender) VALUES (5706, '', 'Sylvia', 'Kunze', '1.1.1979.', 'n');
insert into CandidatesData (idno) VALUES (5706);
insert into Landeslistenplatz (llid, idno, position) VALUES (227, 5706, 32);
insert into Citizen (idno, title, firstname, lastname, dateofbirth, gender) VALUES (5707, '', 'Volker', 'Kunze', '1.1.1963.', 'n');
insert into CandidatesData (idno) VALUES (5707);
insert into Candidacy (wkid, idno, supportedby) VALUES (444, 5707, 7);
insert into Citizen (idno, title, firstname, lastname, dateofbirth, gender) VALUES (5708, 'Dr. ', 'Hartwig Werner Heins', 'Kurth', '1.1.1950.', 'n');
insert into CandidatesData (idno) VALUES (5708);
insert into Candidacy (wkid, idno, supportedby) VALUES (34, 5708, 32);
insert into Landeslistenplatz (llid, idno, position) VALUES (275, 5708, 8);
insert into Citizen (idno, title, firstname, lastname, dateofbirth, gender) VALUES (5709, '', 'Gunnar Günther', 'Kurth', '1.1.1969.', 'n');
insert into CandidatesData (idno) VALUES (5709);
insert into Landeslistenplatz (llid, idno, position) VALUES (322, 5709, 13);
insert into Citizen (idno, title, firstname, lastname, dateofbirth, gender) VALUES (5710, '', 'Markus', 'Kurth', '1.1.1966.', 'n');
insert into CandidatesData (idno) VALUES (5710);
insert into Candidacy (wkid, idno, supportedby) VALUES (284, 5710, 5);
insert into Landeslistenplatz (llid, idno, position) VALUES (256, 5710, 8);
insert into Citizen (idno, title, firstname, lastname, dateofbirth, gender) VALUES (5711, '', 'Patrick', 'Kurth', '1.1.1976.', 'n');
insert into CandidatesData (idno) VALUES (5711);
insert into Candidacy (wkid, idno, supportedby) VALUES (382, 5711, 4);
insert into Landeslistenplatz (llid, idno, position) VALUES (344, 5711, 1);
insert into Citizen (idno, title, firstname, lastname, dateofbirth, gender) VALUES (5712, '', 'Bernhard', 'Kurtz', '1.1.1956.', 'n');
insert into CandidatesData (idno) VALUES (5712);
insert into LandesListe (llid, year, pid, fsid) VALUES (430, 2013, 33, 12);
insert into Landeslistenplatz (llid, idno, position) VALUES (430, 5712, 6);
insert into Citizen (idno, title, firstname, lastname, dateofbirth, gender) VALUES (5713, '', 'Dietmar Oliver', 'Kuschke', '1.1.1967.', 'n');
insert into CandidatesData (idno) VALUES (5713);
insert into Candidacy (wkid, idno, supportedby) VALUES (462, 5713, 3);
insert into Citizen (idno, title, firstname, lastname, dateofbirth, gender) VALUES (5714, '', 'Bernhard Christian', 'Kuske', '1.1.1990.', 'n');
insert into CandidatesData (idno) VALUES (5714);
insert into Landeslistenplatz (llid, idno, position) VALUES (344, 5714, 8);
insert into Citizen (idno, title, firstname, lastname, dateofbirth, gender) VALUES (5715, '', 'Monika', 'Kuske', '1.1.1957.', 'n');
insert into CandidatesData (idno) VALUES (5715);
insert into Landeslistenplatz (llid, idno, position) VALUES (403, 5715, 1);
insert into Citizen (idno, title, firstname, lastname, dateofbirth, gender) VALUES (5716, '', 'Jörg', 'Kutzer', '1.1.1980.', 'n');
insert into CandidatesData (idno) VALUES (5716);
insert into Candidacy (wkid, idno, supportedby) VALUES (184, 5716, 5);
insert into Landeslistenplatz (llid, idno, position) VALUES (256, 5716, 38);
insert into Citizen (idno, title, firstname, lastname, dateofbirth, gender) VALUES (5717, '', 'Patricia', 'Kuylkens', '1.1.1983.', 'n');
insert into CandidatesData (idno) VALUES (5717);
insert into Landeslistenplatz (llid, idno, position) VALUES (297, 5717, 43);
insert into Citizen (idno, title, firstname, lastname, dateofbirth, gender) VALUES (5718, 'Dr. ', 'Anna', 'Labitzke Rathert', '1.1.1977.', 'n');
insert into CandidatesData (idno) VALUES (5718);
insert into Landeslistenplatz (llid, idno, position) VALUES (314, 5718, 19);
insert into Citizen (idno, title, firstname, lastname, dateofbirth, gender) VALUES (5719, '', 'Günter', 'Lach', '1.1.1954.', 'n');
insert into CandidatesData (idno) VALUES (5719);
insert into Candidacy (wkid, idno, supportedby) VALUES (102, 5719, 12);
insert into Landeslistenplatz (llid, idno, position) VALUES (217, 5719, 19);
insert into Citizen (idno, title, firstname, lastname, dateofbirth, gender) VALUES (5720, '', 'Daniel', 'Lachmann', '1.1.1980.', 'n');
insert into CandidatesData (idno) VALUES (5720);
insert into Candidacy (wkid, idno, supportedby) VALUES (350, 5720, 1);
insert into Citizen (idno, title, firstname, lastname, dateofbirth, gender) VALUES (5721, '', 'Peter', 'Lachmann', '1.1.1941.', 'n');
insert into CandidatesData (idno) VALUES (5721);
insert into Candidacy (wkid, idno, supportedby) VALUES (444, 5721, 41);
insert into Landeslistenplatz (llid, idno, position) VALUES (328, 5721, 2);
insert into Citizen (idno, title, firstname, lastname, dateofbirth, gender) VALUES (5722, '', 'Roman', 'Ladig', '1.1.1978.', 'n');
insert into CandidatesData (idno) VALUES (5722);
insert into Landeslistenplatz (llid, idno, position) VALUES (351, 5722, 6);
insert into Citizen (idno, title, firstname, lastname, dateofbirth, gender) VALUES (5723, 'Dr. ', 'Matthias Frank', 'Läger', '1.1.1961.', 'n');
insert into CandidatesData (idno) VALUES (5723);
insert into Landeslistenplatz (llid, idno, position) VALUES (340, 5723, 13);
insert into Citizen (idno, title, firstname, lastname, dateofbirth, gender) VALUES (5724, '', 'Andreas Gottfried', 'Lämmel', '1.1.1959.', 'n');
insert into CandidatesData (idno) VALUES (5724);
insert into Candidacy (wkid, idno, supportedby) VALUES (318, 5724, 12);
insert into Landeslistenplatz (llid, idno, position) VALUES (308, 5724, 8);
insert into Citizen (idno, title, firstname, lastname, dateofbirth, gender) VALUES (5725, 'Dr. ', 'Sergey', 'Lagodinsky', '1.1.1975.', 'n');
insert into CandidatesData (idno) VALUES (5725);
insert into Landeslistenplatz (llid, idno, position) VALUES (427, 5725, 10);
insert into Citizen (idno, title, firstname, lastname, dateofbirth, gender) VALUES (5726, '', 'Uwe', 'Lagosky', '1.1.1962.', 'n');
insert into CandidatesData (idno) VALUES (5726);
insert into Candidacy (wkid, idno, supportedby) VALUES (98, 5726, 12);
insert into Landeslistenplatz (llid, idno, position) VALUES (217, 5726, 23);
insert into Citizen (idno, title, firstname, lastname, dateofbirth, gender) VALUES (5727, '', 'Miriam', 'Lakemann', '1.1.1983.', 'n');
insert into CandidatesData (idno) VALUES (5727);
insert into Landeslistenplatz (llid, idno, position) VALUES (245, 5727, 13);
insert into Citizen (idno, title, firstname, lastname, dateofbirth, gender) VALUES (5728, '', 'Thomas', 'Lambeck', '1.1.1972.', 'n');
insert into CandidatesData (idno) VALUES (5728);
insert into Candidacy (wkid, idno, supportedby) VALUES (530, 5728, 7);
insert into Landeslistenplatz (llid, idno, position) VALUES (221, 5728, 12);
insert into Citizen (idno, title, firstname, lastname, dateofbirth, gender) VALUES (5729, '', 'Jochen', 'Lambertz', '1.1.1972.', 'n');
insert into CandidatesData (idno) VALUES (5729);
insert into Landeslistenplatz (llid, idno, position) VALUES (297, 5729, 32);
insert into Citizen (idno, title, firstname, lastname, dateofbirth, gender) VALUES (5730, '', 'Christine', 'Lambrecht', '1.1.1965.', 'n');
insert into CandidatesData (idno) VALUES (5730);
insert into Candidacy (wkid, idno, supportedby) VALUES (376, 5730, 2);
insert into Landeslistenplatz (llid, idno, position) VALUES (227, 5730, 2);
insert into Citizen (idno, title, firstname, lastname, dateofbirth, gender) VALUES (5731, 'Dr. ', 'Karl', 'Lamers', '1.1.1951.', 'n');
insert into CandidatesData (idno) VALUES (5731);
insert into Candidacy (wkid, idno, supportedby) VALUES (548, 5731, 12);
insert into Landeslistenplatz (llid, idno, position) VALUES (279, 5731, 8);
insert into Citizen (idno, title, firstname, lastname, dateofbirth, gender) VALUES (5732, '', 'Martina', 'Lammers', '1.1.1966.', 'n');
insert into CandidatesData (idno) VALUES (5732);
insert into Candidacy (wkid, idno, supportedby) VALUES (72, 5732, 5);
insert into Landeslistenplatz (llid, idno, position) VALUES (316, 5732, 15);
insert into Citizen (idno, title, firstname, lastname, dateofbirth, gender) VALUES (5733, 'Prof. Dr. ', 'Norbert', 'Lammert', '1.1.1948.', 'n');
insert into CandidatesData (idno) VALUES (5733);
insert into Candidacy (wkid, idno, supportedby) VALUES (280, 5733, 12);
insert into Landeslistenplatz (llid, idno, position) VALUES (310, 5733, 1);
insert into Citizen (idno, title, firstname, lastname, dateofbirth, gender) VALUES (5734, '', 'Dirk', 'Lampe', '1.1.1964.', 'n');
insert into CandidatesData (idno) VALUES (5734);
insert into Landeslistenplatz (llid, idno, position) VALUES (357, 5734, 4);
insert into Citizen (idno, title, firstname, lastname, dateofbirth, gender) VALUES (5735, '', 'Günter Adolf Otto', 'Land', '1.1.1935.', 'n');
insert into CandidatesData (idno) VALUES (5735);
insert into Landeslistenplatz (llid, idno, position) VALUES (204, 5735, 10);
insert into Citizen (idno, title, firstname, lastname, dateofbirth, gender) VALUES (5736, '', 'Barbara Katharina', 'Landgraf', '1.1.1954.', 'n');
insert into CandidatesData (idno) VALUES (5736);
insert into Candidacy (wkid, idno, supportedby) VALUES (308, 5736, 12);
insert into Landeslistenplatz (llid, idno, position) VALUES (308, 5736, 4);
insert into Citizen (idno, title, firstname, lastname, dateofbirth, gender) VALUES (5737, '', 'Johann', 'Lang', '1.1.1934.', 'n');
insert into CandidatesData (idno) VALUES (5737);
insert into Landeslistenplatz (llid, idno, position) VALUES (369, 5737, 5);
insert into Citizen (idno, title, firstname, lastname, dateofbirth, gender) VALUES (5738, '', 'Rudolf Edelbert', 'Lang', '1.1.1953.', 'n');
insert into CandidatesData (idno) VALUES (5738);
insert into Candidacy (wkid, idno, supportedby) VALUES (494, 5738, 36);
insert into Landeslistenplatz (llid, idno, position) VALUES (295, 5738, 15);
insert into Citizen (idno, title, firstname, lastname, dateofbirth, gender) VALUES (5739, '', 'Simone', 'Lang', '1.1.1971.', 'n');
insert into CandidatesData (idno) VALUES (5739);
insert into Landeslistenplatz (llid, idno, position) VALUES (329, 5739, 12);
insert into Citizen (idno, title, firstname, lastname, dateofbirth, gender) VALUES (5740, '', 'Susanne', 'Lang', '1.1.1969.', 'n');
insert into CandidatesData (idno) VALUES (5740);
insert into Landeslistenplatz (llid, idno, position) VALUES (331, 5740, 2);
insert into Citizen (idno, title, firstname, lastname, dateofbirth, gender) VALUES (5741, '', 'Jürgen', 'Langanki', '1.1.1972.', 'n');
insert into CandidatesData (idno) VALUES (5741);
insert into Candidacy (wkid, idno, supportedby) VALUES (498, 5741, 19);
insert into Citizen (idno, title, firstname, lastname, dateofbirth, gender) VALUES (5742, '', 'Andreas', 'Lange', '1.1.1962.', 'n');
insert into CandidatesData (idno) VALUES (5742);
insert into Landeslistenplatz (llid, idno, position) VALUES (383, 5742, 4);
insert into Citizen (idno, title, firstname, lastname, dateofbirth, gender) VALUES (5743, '', 'Bernd', 'Lange', '1.1.1957.', 'n');
insert into CandidatesData (idno) VALUES (5743);
insert into Landeslistenplatz (llid, idno, position) VALUES (278, 5743, 7);
insert into Citizen (idno, title, firstname, lastname, dateofbirth, gender) VALUES (5744, '', 'Christian', 'Lange', '1.1.1964.', 'n');
insert into CandidatesData (idno) VALUES (5744);
insert into Candidacy (wkid, idno, supportedby) VALUES (538, 5744, 2);
insert into Landeslistenplatz (llid, idno, position) VALUES (249, 5744, 3);
insert into Citizen (idno, title, firstname, lastname, dateofbirth, gender) VALUES (5745, '', 'Claudia', 'Lange', '1.1.1981.', 'n');
insert into CandidatesData (idno) VALUES (5745);
insert into Landeslistenplatz (llid, idno, position) VALUES (242, 5745, 36);
insert into Citizen (idno, title, firstname, lastname, dateofbirth, gender) VALUES (5746, '', 'Helmut Walter Wolfgang', 'Lange', '1.1.1952.', 'n');
insert into CandidatesData (idno) VALUES (5746);
insert into Candidacy (wkid, idno, supportedby) VALUES (108, 5746, 13);
insert into Landeslistenplatz (llid, idno, position) VALUES (395, 5746, 1);
insert into Citizen (idno, title, firstname, lastname, dateofbirth, gender) VALUES (5747, '', 'Maria Cornelia', 'Lange', '1.1.1959.', 'n');
insert into CandidatesData (idno) VALUES (5747);
insert into Landeslistenplatz (llid, idno, position) VALUES (262, 5747, 27);
insert into Citizen (idno, title, firstname, lastname, dateofbirth, gender) VALUES (5748, '', 'Ulrich', 'Lange', '1.1.1969.', 'n');
insert into CandidatesData (idno) VALUES (5748);
insert into Candidacy (wkid, idno, supportedby) VALUES (508, 5748, 9);
insert into Citizen (idno, title, firstname, lastname, dateofbirth, gender) VALUES (5749, '', 'Wanja Max', 'Lange', '1.1.1987.', 'n');
insert into CandidatesData (idno) VALUES (5749);
insert into Landeslistenplatz (llid, idno, position) VALUES (395, 5749, 3);
insert into Citizen (idno, title, firstname, lastname, dateofbirth, gender) VALUES (5750, '', 'Jörg', 'Langefeld', '1.1.1964.', 'n');
insert into CandidatesData (idno) VALUES (5750);
insert into Candidacy (wkid, idno, supportedby) VALUES (180, 5750, 4);
insert into Landeslistenplatz (llid, idno, position) VALUES (272, 5750, 60);
insert into Citizen (idno, title, firstname, lastname, dateofbirth, gender) VALUES (5751, 'Dr. ', 'Vera', 'Langer', '1.1.1978.', 'n');
insert into CandidatesData (idno) VALUES (5751);
insert into Landeslistenplatz (llid, idno, position) VALUES (290, 5751, 37);
insert into Citizen (idno, title, firstname, lastname, dateofbirth, gender) VALUES (5752, '', 'Iris', 'Langguth', '1.1.1959.', 'n');
insert into CandidatesData (idno) VALUES (5752);
insert into Candidacy (wkid, idno, supportedby) VALUES (596, 5752, 5);
insert into Citizen (idno, title, firstname, lastname, dateofbirth, gender) VALUES (5753, '', 'Karen Gisela', 'Langmack', '1.1.1962.', 'n');
insert into CandidatesData (idno) VALUES (5753);
insert into Landeslistenplatz (llid, idno, position) VALUES (340, 5753, 3);
insert into Citizen (idno, title, firstname, lastname, dateofbirth, gender) VALUES (5754, '', 'Michaela', 'Langner', '1.1.1977.', 'n');
insert into CandidatesData (idno) VALUES (5754);
insert into Landeslistenplatz (llid, idno, position) VALUES (312, 5754, 21);
insert into Citizen (idno, title, firstname, lastname, dateofbirth, gender) VALUES (5755, '', 'Kai Alexander', 'Lanio', '1.1.1973.', 'n');
insert into CandidatesData (idno) VALUES (5755);
insert into Candidacy (wkid, idno, supportedby) VALUES (360, 5755, 7);
insert into Citizen (idno, title, firstname, lastname, dateofbirth, gender) VALUES (5756, 'Dr. ', 'Christoph', 'Lanzendörfer', '1.1.1954.', 'n');
insert into CandidatesData (idno) VALUES (5756);
insert into Candidacy (wkid, idno, supportedby) VALUES (66, 5756, 2);
insert into Citizen (idno, title, firstname, lastname, dateofbirth, gender) VALUES (5757, '', 'Barbara', 'Lanzinger', '1.1.1954.', 'n');
insert into CandidatesData (idno) VALUES (5757);
insert into Landeslistenplatz (llid, idno, position) VALUES (220, 5757, 31);
insert into Citizen (idno, title, firstname, lastname, dateofbirth, gender) VALUES (5758, 'Dr. ', 'Hartmut', 'Lardon', '1.1.1953.', 'n');
insert into CandidatesData (idno) VALUES (5758);
insert into Candidacy (wkid, idno, supportedby) VALUES (418, 5758, 4);
insert into Landeslistenplatz (llid, idno, position) VALUES (294, 5758, 9);
insert into Citizen (idno, title, firstname, lastname, dateofbirth, gender) VALUES (5759, '', 'Bettina', 'Lau', '1.1.1966.', 'n');
insert into CandidatesData (idno) VALUES (5759);
insert into Candidacy (wkid, idno, supportedby) VALUES (400, 5759, 3);
insert into Landeslistenplatz (llid, idno, position) VALUES (359, 5759, 5);
insert into Citizen (idno, title, firstname, lastname, dateofbirth, gender) VALUES (5760, '', 'Norbert', 'Lauberger', '1.1.1970.', 'n');
insert into CandidatesData (idno) VALUES (5760);
insert into Landeslistenplatz (llid, idno, position) VALUES (230, 5760, 19);
insert into Citizen (idno, title, firstname, lastname, dateofbirth, gender) VALUES (5761, 'Dr. ', 'Gernot Fritz', 'Laude', '1.1.1938.', 'n');
insert into CandidatesData (idno) VALUES (5761);
insert into Landeslistenplatz (llid, idno, position) VALUES (209, 5761, 19);
insert into Citizen (idno, title, firstname, lastname, dateofbirth, gender) VALUES (5762, '', 'Ralf', 'Lauer', '1.1.1961.', 'n');
insert into CandidatesData (idno) VALUES (5762);
insert into Landeslistenplatz (llid, idno, position) VALUES (201, 5762, 16);
insert into Citizen (idno, title, firstname, lastname, dateofbirth, gender) VALUES (5763, '', 'Dieter', 'Lauinger', '1.1.1962.', 'n');
insert into CandidatesData (idno) VALUES (5763);
insert into Candidacy (wkid, idno, supportedby) VALUES (386, 5763, 5);
insert into Landeslistenplatz (llid, idno, position) VALUES (348, 5763, 2);
insert into Citizen (idno, title, firstname, lastname, dateofbirth, gender) VALUES (5764, '', 'Silke', 'Launert', '1.1.1976.', 'n');
insert into CandidatesData (idno) VALUES (5764);
insert into Landeslistenplatz (llid, idno, position) VALUES (220, 5764, 32);
insert into Citizen (idno, title, firstname, lastname, dateofbirth, gender) VALUES (5765, '', 'Josef', 'Lausch', '1.1.1970.', 'n');
insert into CandidatesData (idno) VALUES (5765);
insert into Landeslistenplatz (llid, idno, position) VALUES (228, 5765, 17);
insert into Citizen (idno, title, firstname, lastname, dateofbirth, gender) VALUES (5766, 'Prof. Dr. ', 'Karl Wilhelm', 'Lauterbach', '1.1.1963.', 'n');
insert into CandidatesData (idno) VALUES (5766);
insert into Candidacy (wkid, idno, supportedby) VALUES (202, 5766, 2);
insert into Landeslistenplatz (llid, idno, position) VALUES (246, 5766, 62);
insert into Citizen (idno, title, firstname, lastname, dateofbirth, gender) VALUES (5767, '', 'Antje', 'Laux', '1.1.1964.', 'n');
insert into CandidatesData (idno) VALUES (5767);
insert into Candidacy (wkid, idno, supportedby) VALUES (454, 5767, 5);
insert into Citizen (idno, title, firstname, lastname, dateofbirth, gender) VALUES (5768, '', 'Caren Nicole', 'Lay', '1.1.1972.', 'n');
insert into CandidatesData (idno) VALUES (5768);
insert into Candidacy (wkid, idno, supportedby) VALUES (312, 5768, 3);
insert into Landeslistenplatz (llid, idno, position) VALUES (417, 5768, 5);
insert into Citizen (idno, title, firstname, lastname, dateofbirth, gender) VALUES (5769, '', 'Monika', 'Lazar', '1.1.1967.', 'n');
insert into CandidatesData (idno) VALUES (5769);
insert into Candidacy (wkid, idno, supportedby) VALUES (306, 5769, 5);
insert into Landeslistenplatz (llid, idno, position) VALUES (361, 5769, 1);
insert into Citizen (idno, title, firstname, lastname, dateofbirth, gender) VALUES (5770, '', 'Alexander', 'Lebedew', '1.1.1966.', 'n');
insert into CandidatesData (idno) VALUES (5770);
insert into Candidacy (wkid, idno, supportedby) VALUES (426, 5770, 3);
insert into Citizen (idno, title, firstname, lastname, dateofbirth, gender) VALUES (5771, '', 'Josef', 'Lebmeier', '1.1.1963.', 'n');
insert into CandidatesData (idno) VALUES (5771);
insert into Landeslistenplatz (llid, idno, position) VALUES (393, 5771, 6);
insert into Citizen (idno, title, firstname, lastname, dateofbirth, gender) VALUES (5772, 'Dr. ', 'Gerhard', 'Leder', '1.1.1962.', 'n');
insert into CandidatesData (idno) VALUES (5772);
insert into Landeslistenplatz (llid, idno, position) VALUES (253, 5772, 14);
insert into Citizen (idno, title, firstname, lastname, dateofbirth, gender) VALUES (5773, 'Dr. ', 'Klaus', 'Lederer', '1.1.1974.', 'n');
insert into CandidatesData (idno) VALUES (5773);
insert into Candidacy (wkid, idno, supportedby) VALUES (150, 5773, 3);
insert into Citizen (idno, title, firstname, lastname, dateofbirth, gender) VALUES (5774, '', 'Felix', 'Lee van der', '1.1.1990.', 'n');
insert into CandidatesData (idno) VALUES (5774);
insert into Candidacy (wkid, idno, supportedby) VALUES (174, 5774, 1);
insert into Citizen (idno, title, firstname, lastname, dateofbirth, gender) VALUES (5775, '', 'Regina', 'Lehmann', '1.1.1953.', 'n');
insert into CandidatesData (idno) VALUES (5775);
insert into Landeslistenplatz (llid, idno, position) VALUES (266, 5775, 8);
insert into Citizen (idno, title, firstname, lastname, dateofbirth, gender) VALUES (5776, '', 'Therese', 'Lehnen', '1.1.1963.', 'n');
insert into CandidatesData (idno) VALUES (5776);
insert into Candidacy (wkid, idno, supportedby) VALUES (150, 5776, 7);
insert into Citizen (idno, title, firstname, lastname, dateofbirth, gender) VALUES (5777, '', 'Ruben', 'Lehnert', '1.1.1978.', 'n');
insert into CandidatesData (idno) VALUES (5777);
insert into Candidacy (wkid, idno, supportedby) VALUES (164, 5777, 3);
insert into Citizen (idno, title, firstname, lastname, dateofbirth, gender) VALUES (5778, '', 'Heiko', 'Lehnhardt', '1.1.1974.', 'n');
insert into CandidatesData (idno) VALUES (5778);
insert into Landeslistenplatz (llid, idno, position) VALUES (333, 5778, 1);
insert into Citizen (idno, title, firstname, lastname, dateofbirth, gender) VALUES (5779, '', 'Paul Alois', 'Lehrieder', '1.1.1959.', 'n');
insert into CandidatesData (idno) VALUES (5779);
insert into Candidacy (wkid, idno, supportedby) VALUES (502, 5779, 9);
insert into Landeslistenplatz (llid, idno, position) VALUES (220, 5779, 24);
insert into Citizen (idno, title, firstname, lastname, dateofbirth, gender) VALUES (5780, '', 'Michael', 'Leibig', '1.1.1963.', 'n');
insert into CandidatesData (idno) VALUES (5780);
insert into Landeslistenplatz (llid, idno, position) VALUES (226, 5780, 10);
insert into Citizen (idno, title, firstname, lastname, dateofbirth, gender) VALUES (5781, '', 'Jörn Jan', 'Leidecker', '1.1.1977.', 'n');
insert into CandidatesData (idno) VALUES (5781);
insert into Candidacy (wkid, idno, supportedby) VALUES (84, 5781, 3);
insert into Citizen (idno, title, firstname, lastname, dateofbirth, gender) VALUES (5782, '', 'Sabine Ingeborg', 'Leidig', '1.1.1961.', 'n');
insert into CandidatesData (idno) VALUES (5782);
insert into Candidacy (wkid, idno, supportedby) VALUES (360, 5782, 3);
insert into Landeslistenplatz (llid, idno, position) VALUES (216, 5782, 1);
insert into Citizen (idno, title, firstname, lastname, dateofbirth, gender) VALUES (5783, '', 'Tobias', 'Leidig', '1.1.1991.', 'n');
insert into CandidatesData (idno) VALUES (5783);
insert into Landeslistenplatz (llid, idno, position) VALUES (201, 5783, 47);
insert into Citizen (idno, title, firstname, lastname, dateofbirth, gender) VALUES (5784, '', 'Piet Stefan', 'Leidreiter', '1.1.1965.', 'n');
insert into CandidatesData (idno) VALUES (5784);
insert into LandesListe (llid, year, pid, fsid) VALUES (431, 2013, 33, 11);
insert into Landeslistenplatz (llid, idno, position) VALUES (431, 5784, 2);
insert into Citizen (idno, title, firstname, lastname, dateofbirth, gender) VALUES (5785, 'Dr. ', 'Katja Isabel', 'Leikert', '1.1.1975.', 'n');
insert into CandidatesData (idno) VALUES (5785);
insert into Candidacy (wkid, idno, supportedby) VALUES (360, 5785, 12);
insert into Landeslistenplatz (llid, idno, position) VALUES (262, 5785, 14);
insert into Citizen (idno, title, firstname, lastname, dateofbirth, gender) VALUES (5786, '', 'Friedrich Albert', 'Leiminer', '1.1.1948.', 'n');
insert into CandidatesData (idno) VALUES (5786);
insert into Candidacy (wkid, idno, supportedby) VALUES (426, 5786, 29);
insert into Citizen (idno, title, firstname, lastname, dateofbirth, gender) VALUES (5787, 'Prof. Dr. ', 'Felix', 'Leinen', '1.1.1957.', 'n');
insert into CandidatesData (idno) VALUES (5787);
insert into Landeslistenplatz (llid, idno, position) VALUES (229, 5787, 8);
insert into Citizen (idno, title, firstname, lastname, dateofbirth, gender) VALUES (5788, '', 'Fred', 'Leise', '1.1.1965.', 'n');
insert into CandidatesData (idno) VALUES (5788);
insert into Candidacy (wkid, idno, supportedby) VALUES (380, 5788, 4);
insert into Citizen (idno, title, firstname, lastname, dateofbirth, gender) VALUES (5789, '', 'Dirk', 'Leißner', '1.1.1970.', 'n');
insert into CandidatesData (idno) VALUES (5789);
insert into Landeslistenplatz (llid, idno, position) VALUES (341, 5789, 14);
insert into Citizen (idno, title, firstname, lastname, dateofbirth, gender) VALUES (5790, '', 'Birka Bettina', 'Lembcke', '1.1.1961.', 'n');
insert into CandidatesData (idno) VALUES (5790);
insert into Landeslistenplatz (llid, idno, position) VALUES (335, 5790, 20);
insert into Citizen (idno, title, firstname, lastname, dateofbirth, gender) VALUES (5791, '', 'Helmut', 'Lemke', '1.1.1942.', 'n');
insert into CandidatesData (idno) VALUES (5791);
insert into Candidacy (wkid, idno, supportedby) VALUES (10, 5791, 18);
insert into Landeslistenplatz (llid, idno, position) VALUES (415, 5791, 1);
insert into Citizen (idno, title, firstname, lastname, dateofbirth, gender) VALUES (5792, '', 'Michael', 'Lemke', '1.1.1968.', 'n');
insert into CandidatesData (idno) VALUES (5792);
insert into Candidacy (wkid, idno, supportedby) VALUES (60, 5792, 5);
insert into Landeslistenplatz (llid, idno, position) VALUES (316, 5792, 16);
insert into Citizen (idno, title, firstname, lastname, dateofbirth, gender) VALUES (5793, '', 'Steffi', 'Lemke', '1.1.1968.', 'n');
insert into CandidatesData (idno) VALUES (5793);
insert into Candidacy (wkid, idno, supportedby) VALUES (140, 5793, 5);
insert into Landeslistenplatz (llid, idno, position) VALUES (327, 5793, 1);
insert into Citizen (idno, title, firstname, lastname, dateofbirth, gender) VALUES (5794, '', 'Steffen-Claudio', 'Lemme', '1.1.1965.', 'n');
insert into CandidatesData (idno) VALUES (5794);
insert into Candidacy (wkid, idno, supportedby) VALUES (382, 5794, 2);
insert into Landeslistenplatz (llid, idno, position) VALUES (330, 5794, 3);
insert into Citizen (idno, title, firstname, lastname, dateofbirth, gender) VALUES (5795, '', 'Holger', 'Lengerich van', '1.1.1972.', 'n');
insert into CandidatesData (idno) VALUES (5795);
insert into Candidacy (wkid, idno, supportedby) VALUES (438, 5795, 7);
insert into Landeslistenplatz (llid, idno, position) VALUES (245, 5795, 16);
insert into Citizen (idno, title, firstname, lastname, dateofbirth, gender) VALUES (5796, '', 'Philipp David', 'Lengsfeld', '1.1.1972.', 'n');
insert into CandidatesData (idno) VALUES (5796);
insert into Candidacy (wkid, idno, supportedby) VALUES (150, 5796, 12);
insert into Landeslistenplatz (llid, idno, position) VALUES (291, 5796, 8);
insert into Citizen (idno, title, firstname, lastname, dateofbirth, gender) VALUES (5797, '', 'Ralph', 'Lenkert', '1.1.1967.', 'n');
insert into CandidatesData (idno) VALUES (5797);
insert into Candidacy (wkid, idno, supportedby) VALUES (388, 5797, 3);
insert into Landeslistenplatz (llid, idno, position) VALUES (261, 5797, 2);
insert into Citizen (idno, title, firstname, lastname, dateofbirth, gender) VALUES (5798, 'Dr. ', 'Andreas', 'Lenz', '1.1.1981.', 'n');
insert into CandidatesData (idno) VALUES (5798);
insert into Candidacy (wkid, idno, supportedby) VALUES (428, 5798, 9);
insert into Landeslistenplatz (llid, idno, position) VALUES (220, 5798, 28);
insert into Citizen (idno, title, firstname, lastname, dateofbirth, gender) VALUES (5799, '', 'Karl-Heinz', 'Lenz', '1.1.1953.', 'n');
insert into CandidatesData (idno) VALUES (5799);
insert into Landeslistenplatz (llid, idno, position) VALUES (285, 5799, 17);
insert into Citizen (idno, title, firstname, lastname, dateofbirth, gender) VALUES (5800, '', 'Ronny', 'Lenz', '1.1.1985.', 'n');
insert into CandidatesData (idno) VALUES (5800);
insert into Landeslistenplatz (llid, idno, position) VALUES (340, 5800, 14);
insert into Citizen (idno, title, firstname, lastname, dateofbirth, gender) VALUES (5801, '', 'Enno', 'Lenze', '1.1.1982.', 'n');
insert into CandidatesData (idno) VALUES (5801);
insert into Landeslistenplatz (llid, idno, position) VALUES (382, 5801, 8);
insert into Citizen (idno, title, firstname, lastname, dateofbirth, gender) VALUES (5802, '', 'Charlotte', 'Lenzen', '1.1.1956.', 'n');
insert into CandidatesData (idno) VALUES (5802);
insert into Candidacy (wkid, idno, supportedby) VALUES (50, 5802, 3);
insert into Citizen (idno, title, firstname, lastname, dateofbirth, gender) VALUES (5803, '', 'Katharina', 'Lenzen', '1.1.1965.', 'n');
insert into CandidatesData (idno) VALUES (5803);
insert into Candidacy (wkid, idno, supportedby) VALUES (178, 5803, 7);
insert into Citizen (idno, title, firstname, lastname, dateofbirth, gender) VALUES (5804, 'Dr. ', 'Melanie', 'Leonhard', '1.1.1977.', 'n');
insert into CandidatesData (idno) VALUES (5804);
insert into Landeslistenplatz (llid, idno, position) VALUES (237, 5804, 7);
insert into Citizen (idno, title, firstname, lastname, dateofbirth, gender) VALUES (5805, '', 'Gino', 'Leonhard', '1.1.1972.', 'n');
insert into CandidatesData (idno) VALUES (5805);
insert into Candidacy (wkid, idno, supportedby) VALUES (30, 5805, 4);
insert into Landeslistenplatz (llid, idno, position) VALUES (278, 5805, 5);
insert into Citizen (idno, title, firstname, lastname, dateofbirth, gender) VALUES (5806, '', 'Lars', 'Leopold', '1.1.1977.', 'n');
insert into CandidatesData (idno) VALUES (5806);
insert into Candidacy (wkid, idno, supportedby) VALUES (96, 5806, 3);
insert into Landeslistenplatz (llid, idno, position) VALUES (304, 5806, 8);
insert into Citizen (idno, title, firstname, lastname, dateofbirth, gender) VALUES (5807, '', 'Sabine', 'Leopold', '1.1.1958.', 'n');
insert into CandidatesData (idno) VALUES (5807);
insert into Landeslistenplatz (llid, idno, position) VALUES (207, 5807, 11);
insert into Citizen (idno, title, firstname, lastname, dateofbirth, gender) VALUES (5808, '', 'Tobias', 'Leppkes', '1.1.1983.', 'n');
insert into CandidatesData (idno) VALUES (5808);
insert into Candidacy (wkid, idno, supportedby) VALUES (222, 5808, 7);
insert into Citizen (idno, title, firstname, lastname, dateofbirth, gender) VALUES (5809, '', 'Philipp', 'Lerchenfeld Graf von und zu', '1.1.1952.', 'n');
insert into CandidatesData (idno) VALUES (5809);
insert into Candidacy (wkid, idno, supportedby) VALUES (466, 5809, 9);
insert into Landeslistenplatz (llid, idno, position) VALUES (220, 5809, 29);
insert into Citizen (idno, title, firstname, lastname, dateofbirth, gender) VALUES (5810, '', 'Frank', 'Leschowski', '1.1.1968.', 'n');
insert into CandidatesData (idno) VALUES (5810);
insert into Candidacy (wkid, idno, supportedby) VALUES (282, 5810, 4);
insert into Landeslistenplatz (llid, idno, position) VALUES (272, 5810, 59);
insert into Citizen (idno, title, firstname, lastname, dateofbirth, gender) VALUES (5811, '', 'Maximilian Benjamin', 'Leucht', '1.1.1979.', 'n');
insert into CandidatesData (idno) VALUES (5811);
insert into Candidacy (wkid, idno, supportedby) VALUES (444, 5811, 35);
insert into Landeslistenplatz (llid, idno, position) VALUES (230, 5811, 4);
insert into Citizen (idno, title, firstname, lastname, dateofbirth, gender) VALUES (5812, '', 'Christiane', 'Leue-Köruglu', '1.1.1977.', 'n');
insert into CandidatesData (idno) VALUES (5812);
insert into Landeslistenplatz (llid, idno, position) VALUES (205, 5812, 3);
insert into Citizen (idno, title, firstname, lastname, dateofbirth, gender) VALUES (5813, '', 'Michael Gerhard', 'Leutert', '1.1.1974.', 'n');
insert into CandidatesData (idno) VALUES (5813);
insert into Candidacy (wkid, idno, supportedby) VALUES (324, 5813, 3);
insert into Landeslistenplatz (llid, idno, position) VALUES (417, 5813, 8);
insert into Citizen (idno, title, firstname, lastname, dateofbirth, gender) VALUES (5814, '', 'Sabine', 'Leutheusser-Schnarrenberger', '1.1.1951.', 'n');
insert into CandidatesData (idno) VALUES (5814);
insert into Candidacy (wkid, idno, supportedby) VALUES (448, 5814, 4);
insert into Landeslistenplatz (llid, idno, position) VALUES (276, 5814, 1);
insert into Citizen (idno, title, firstname, lastname, dateofbirth, gender) VALUES (5815, '', 'Gerd', 'Leutner', '1.1.1958.', 'n');
insert into CandidatesData (idno) VALUES (5815);
insert into Landeslistenplatz (llid, idno, position) VALUES (328, 5815, 9);
insert into Citizen (idno, title, firstname, lastname, dateofbirth, gender) VALUES (5816, 'Dr. ', 'Tilo', 'Levante', '1.1.1962.', 'n');
insert into CandidatesData (idno) VALUES (5816);
insert into Candidacy (wkid, idno, supportedby) VALUES (564, 5816, 4);
insert into Landeslistenplatz (llid, idno, position) VALUES (224, 5816, 30);
insert into Citizen (idno, title, firstname, lastname, dateofbirth, gender) VALUES (5817, '', 'Christopher Gene', 'Lewis', '1.1.1945.', 'n');
insert into CandidatesData (idno) VALUES (5817);
insert into Landeslistenplatz (llid, idno, position) VALUES (240, 5817, 3);
insert into Citizen (idno, title, firstname, lastname, dateofbirth, gender) VALUES (5818, 'Dr. ', 'Ursula', 'Leyen von der', '1.1.1958.', 'n');
insert into CandidatesData (idno) VALUES (5818);
insert into Candidacy (wkid, idno, supportedby) VALUES (84, 5818, 12);
insert into Landeslistenplatz (llid, idno, position) VALUES (217, 5818, 1);
insert into Citizen (idno, title, firstname, lastname, dateofbirth, gender) VALUES (5819, '', 'Antje', 'Lezius', '1.1.1960.', 'n');
insert into CandidatesData (idno) VALUES (5819);
insert into Candidacy (wkid, idno, supportedby) VALUES (404, 5819, 12);
insert into Landeslistenplatz (llid, idno, position) VALUES (312, 5819, 12);
insert into Citizen (idno, title, firstname, lastname, dateofbirth, gender) VALUES (5820, '', 'Johannes', 'Lichdi', '1.1.1964.', 'n');
insert into CandidatesData (idno) VALUES (5820);
insert into Candidacy (wkid, idno, supportedby) VALUES (310, 5820, 5);
insert into Landeslistenplatz (llid, idno, position) VALUES (361, 5820, 4);
insert into Citizen (idno, title, firstname, lastname, dateofbirth, gender) VALUES (5821, '', 'Hans-Jürgen', 'Licht', '1.1.1972.', 'n');
insert into CandidatesData (idno) VALUES (5821);
insert into Landeslistenplatz (llid, idno, position) VALUES (242, 5821, 57);
insert into Citizen (idno, title, firstname, lastname, dateofbirth, gender) VALUES (5822, '', 'Robert', 'Lieb', '1.1.1963.', 'n');
insert into CandidatesData (idno) VALUES (5822);
insert into Landeslistenplatz (llid, idno, position) VALUES (213, 5822, 12);
insert into Citizen (idno, title, firstname, lastname, dateofbirth, gender) VALUES (5823, '', 'Luda A.', 'Liebe', '1.1.1952.', 'n');
insert into CandidatesData (idno) VALUES (5823);
insert into Candidacy (wkid, idno, supportedby) VALUES (408, 5823, 32);
insert into Citizen (idno, title, firstname, lastname, dateofbirth, gender) VALUES (5824, '', 'Fritz Kurt', 'Liebenow', '1.1.1949.', 'n');
insert into CandidatesData (idno) VALUES (5824);
insert into Candidacy (wkid, idno, supportedby) VALUES (170, 5824, 1);
insert into Landeslistenplatz (llid, idno, position) VALUES (423, 5824, 7);
insert into Citizen (idno, title, firstname, lastname, dateofbirth, gender) VALUES (5825, '', 'Bernd Wolfgang', 'Liebhardt', '1.1.1977.', 'n');
insert into CandidatesData (idno) VALUES (5825);
insert into Landeslistenplatz (llid, idno, position) VALUES (220, 5825, 66);
insert into Citizen (idno, title, firstname, lastname, dateofbirth, gender) VALUES (5826, '', 'Stefan', 'Liebich', '1.1.1972.', 'n');
insert into CandidatesData (idno) VALUES (5826);
insert into Candidacy (wkid, idno, supportedby) VALUES (152, 5826, 3);
insert into Landeslistenplatz (llid, idno, position) VALUES (372, 5826, 4);
insert into Citizen (idno, title, firstname, lastname, dateofbirth, gender) VALUES (5827, '', 'Ingbert', 'Liebing', '1.1.1963.', 'n');
insert into CandidatesData (idno) VALUES (5827);
insert into Candidacy (wkid, idno, supportedby) VALUES (4, 5827, 12);
insert into Landeslistenplatz (llid, idno, position) VALUES (335, 5827, 5);
insert into Citizen (idno, title, firstname, lastname, dateofbirth, gender) VALUES (5828, '', 'Georg', 'Liebl', '1.1.1947.', 'n');
insert into CandidatesData (idno) VALUES (5828);
insert into Candidacy (wkid, idno, supportedby) VALUES (498, 5828, 3);
insert into Landeslistenplatz (llid, idno, position) VALUES (350, 5828, 16);
insert into Citizen (idno, title, firstname, lastname, dateofbirth, gender) VALUES (5829, '', 'Sebastian', 'Liebram', '1.1.1990.', 'n');
insert into CandidatesData (idno) VALUES (5829);
insert into Landeslistenplatz (llid, idno, position) VALUES (274, 5829, 3);
insert into Citizen (idno, title, firstname, lastname, dateofbirth, gender) VALUES (5830, '', 'André', 'Liedgens', '1.1.1971.', 'n');
insert into CandidatesData (idno) VALUES (5830);
insert into Landeslistenplatz (llid, idno, position) VALUES (219, 5830, 5);
insert into Citizen (idno, title, firstname, lastname, dateofbirth, gender) VALUES (5831, '', 'Heinz', 'Liehr', '1.1.1975.', 'n');
insert into CandidatesData (idno) VALUES (5831);
insert into Candidacy (wkid, idno, supportedby) VALUES (508, 5831, 4);
insert into Landeslistenplatz (llid, idno, position) VALUES (276, 5831, 18);
insert into Citizen (idno, title, firstname, lastname, dateofbirth, gender) VALUES (5832, '', 'Lore', 'Lierse', '1.1.1955.', 'n');
insert into CandidatesData (idno) VALUES (5832);
insert into Candidacy (wkid, idno, supportedby) VALUES (118, 5832, 1);
insert into Landeslistenplatz (llid, idno, position) VALUES (306, 5832, 6);
insert into Citizen (idno, title, firstname, lastname, dateofbirth, gender) VALUES (5833, '', 'Anna-Verena', 'Liesendahl', '1.1.1988.', 'n');
insert into CandidatesData (idno) VALUES (5833);
insert into Landeslistenplatz (llid, idno, position) VALUES (411, 5833, 2);
insert into Citizen (idno, title, firstname, lastname, dateofbirth, gender) VALUES (5834, '', 'Ursula', 'Liesendahl', '1.1.1959.', 'n');
insert into CandidatesData (idno) VALUES (5834);
insert into Landeslistenplatz (llid, idno, position) VALUES (410, 5834, 2);
insert into Citizen (idno, title, firstname, lastname, dateofbirth, gender) VALUES (5835, '', 'Arne', 'Lietz', '1.1.1976.', 'n');
insert into CandidatesData (idno) VALUES (5835);
insert into Candidacy (wkid, idno, supportedby) VALUES (140, 5835, 2);
insert into Landeslistenplatz (llid, idno, position) VALUES (337, 5835, 7);
insert into Citizen (idno, title, firstname, lastname, dateofbirth, gender) VALUES (5836, '', 'Matthias', 'Lietz', '1.1.1953.', 'n');
insert into CandidatesData (idno) VALUES (5836);
insert into Candidacy (wkid, idno, supportedby) VALUES (32, 5836, 12);
insert into Landeslistenplatz (llid, idno, position) VALUES (367, 5836, 3);
insert into Citizen (idno, title, firstname, lastname, dateofbirth, gender) VALUES (5837, '', 'Karen', 'Lill', '1.1.1958.', 'n');
insert into CandidatesData (idno) VALUES (5837);
insert into Landeslistenplatz (llid, idno, position) VALUES (294, 5837, 26);
insert into Citizen (idno, title, firstname, lastname, dateofbirth, gender) VALUES (5838, 'Dr. ', 'Wolfgang', 'Lillge', '1.1.1950.', 'n');
insert into CandidatesData (idno) VALUES (5838);
insert into Candidacy (wkid, idno, supportedby) VALUES (162, 5838, 10);
insert into Landeslistenplatz (llid, idno, position) VALUES (356, 5838, 3);
insert into Citizen (idno, title, firstname, lastname, dateofbirth, gender) VALUES (5839, '', 'Marc', 'Linde', '1.1.1986.', 'n');
insert into CandidatesData (idno) VALUES (5839);
insert into Landeslistenplatz (llid, idno, position) VALUES (384, 5839, 2);
insert into Citizen (idno, title, firstname, lastname, dateofbirth, gender) VALUES (5840, '', 'David', 'Lindemann', '1.1.1977.', 'n');
insert into CandidatesData (idno) VALUES (5840);
insert into Candidacy (wkid, idno, supportedby) VALUES (598, 5840, 2);
insert into Citizen (idno, title, firstname, lastname, dateofbirth, gender) VALUES (5841, '', 'Lars Friedrich', 'Lindemann', '1.1.1971.', 'n');
insert into CandidatesData (idno) VALUES (5841);
insert into Candidacy (wkid, idno, supportedby) VALUES (160, 5841, 4);
insert into Landeslistenplatz (llid, idno, position) VALUES (263, 5841, 2);
insert into Citizen (idno, title, firstname, lastname, dateofbirth, gender) VALUES (5842, '', 'Thomas', 'Lindemann', '1.1.1980.', 'n');
insert into CandidatesData (idno) VALUES (5842);
insert into Candidacy (wkid, idno, supportedby) VALUES (140, 5842, 1);
insert into Landeslistenplatz (llid, idno, position) VALUES (211, 5842, 8);
insert into Citizen (idno, title, firstname, lastname, dateofbirth, gender) VALUES (5843, '', 'André', 'Linden', '1.1.1969.', 'n');
insert into CandidatesData (idno) VALUES (5843);
insert into Landeslistenplatz (llid, idno, position) VALUES (209, 5843, 14);
insert into Citizen (idno, title, firstname, lastname, dateofbirth, gender) VALUES (5844, '', 'Nadine', 'Lindenberg', '1.1.1983.', 'n');
insert into CandidatesData (idno) VALUES (5844);
insert into Candidacy (wkid, idno, supportedby) VALUES (2, 5844, 7);
insert into Citizen (idno, title, firstname, lastname, dateofbirth, gender) VALUES (5845, '', 'Gerd', 'Lindenblatt', '1.1.1945.', 'n');
insert into CandidatesData (idno) VALUES (5845);
insert into Candidacy (wkid, idno, supportedby) VALUES (154, 5845, 7);
insert into Citizen (idno, title, firstname, lastname, dateofbirth, gender) VALUES (5846, '', 'Andrea', 'Lindholz', '1.1.1970.', 'n');
insert into CandidatesData (idno) VALUES (5846);
insert into Candidacy (wkid, idno, supportedby) VALUES (494, 5846, 9);
insert into Landeslistenplatz (llid, idno, position) VALUES (220, 5846, 20);
insert into Citizen (idno, title, firstname, lastname, dateofbirth, gender) VALUES (5847, '', 'Franz', 'Lindlacher', '1.1.1954.', 'n');
insert into CandidatesData (idno) VALUES (5847);
insert into Candidacy (wkid, idno, supportedby) VALUES (450, 5847, 3);
insert into Citizen (idno, title, firstname, lastname, dateofbirth, gender) VALUES (5848, 'Dr. ', 'Frank Martin', 'Lindner', '1.1.1964.', 'n');
insert into CandidatesData (idno) VALUES (5848);
insert into Candidacy (wkid, idno, supportedby) VALUES (158, 5848, 4);
insert into Landeslistenplatz (llid, idno, position) VALUES (263, 5848, 1);
insert into Citizen (idno, title, firstname, lastname, dateofbirth, gender) VALUES (5849, 'Dr. ', 'Tobias', 'Lindner', '1.1.1982.', 'n');
insert into CandidatesData (idno) VALUES (5849);
insert into Candidacy (wkid, idno, supportedby) VALUES (424, 5849, 5);
insert into Landeslistenplatz (llid, idno, position) VALUES (389, 5849, 2);
insert into Citizen (idno, title, firstname, lastname, dateofbirth, gender) VALUES (5850, '', 'Edeltraud', 'Lindner', '1.1.1943.', 'n');
insert into CandidatesData (idno) VALUES (5850);
insert into Landeslistenplatz (llid, idno, position) VALUES (254, 5850, 7);
insert into Citizen (idno, title, firstname, lastname, dateofbirth, gender) VALUES (5851, '', 'Sebastian', 'Lindner', '1.1.1986.', 'n');
insert into CandidatesData (idno) VALUES (5851);
insert into Landeslistenplatz (llid, idno, position) VALUES (227, 5851, 43);
insert into Citizen (idno, title, firstname, lastname, dateofbirth, gender) VALUES (5852, '', 'Christiana', 'Link', '1.1.1958.', 'n');
insert into CandidatesData (idno) VALUES (5852);
insert into Landeslistenplatz (llid, idno, position) VALUES (207, 5852, 10);
insert into Citizen (idno, title, firstname, lastname, dateofbirth, gender) VALUES (5853, 'Dr. ', 'Manfred', 'Link', '1.1.1941.', 'n');
insert into CandidatesData (idno) VALUES (5853);
insert into Candidacy (wkid, idno, supportedby) VALUES (506, 5853, 41);
insert into Landeslistenplatz (llid, idno, position) VALUES (328, 5853, 1);
insert into Citizen (idno, title, firstname, lastname, dateofbirth, gender) VALUES (5854, '', 'Maria', 'Link', '1.1.1947.', 'n');
insert into CandidatesData (idno) VALUES (5854);
insert into Landeslistenplatz (llid, idno, position) VALUES (328, 5854, 10);
insert into Citizen (idno, title, firstname, lastname, dateofbirth, gender) VALUES (5855, '', 'Michael Georg', 'Link', '1.1.1963.', 'n');
insert into CandidatesData (idno) VALUES (5855);
insert into Candidacy (wkid, idno, supportedby) VALUES (534, 5855, 4);
insert into Landeslistenplatz (llid, idno, position) VALUES (224, 5855, 4);
insert into Citizen (idno, title, firstname, lastname, dateofbirth, gender) VALUES (5856, 'Dr. ', 'Carsten', 'Linnemann', '1.1.1977.', 'n');
insert into CandidatesData (idno) VALUES (5856);
insert into Candidacy (wkid, idno, supportedby) VALUES (274, 5856, 12);
insert into Citizen (idno, title, firstname, lastname, dateofbirth, gender) VALUES (5857, '', 'Patrick', 'Linnert', '1.1.1985.', 'n');
insert into CandidatesData (idno) VALUES (5857);
insert into Candidacy (wkid, idno, supportedby) VALUES (490, 5857, 7);
insert into Landeslistenplatz (llid, idno, position) VALUES (245, 5857, 5);
insert into Citizen (idno, title, firstname, lastname, dateofbirth, gender) VALUES (5858, '', 'Patricia', 'Lips', '1.1.1963.', 'n');
insert into CandidatesData (idno) VALUES (5858);
insert into Candidacy (wkid, idno, supportedby) VALUES (374, 5858, 12);
insert into Landeslistenplatz (llid, idno, position) VALUES (262, 5858, 11);
insert into Citizen (idno, title, firstname, lastname, dateofbirth, gender) VALUES (5859, '', 'Burkhard', 'Lischka', '1.1.1965.', 'n');
insert into CandidatesData (idno) VALUES (5859);
insert into Candidacy (wkid, idno, supportedby) VALUES (138, 5859, 2);
insert into Landeslistenplatz (llid, idno, position) VALUES (337, 5859, 1);
insert into Citizen (idno, title, firstname, lastname, dateofbirth, gender) VALUES (5860, '', 'Carmen', 'Listemann', '1.1.1961.', 'n');
insert into CandidatesData (idno) VALUES (5860);
insert into Candidacy (wkid, idno, supportedby) VALUES (378, 5860, 2);
insert into Landeslistenplatz (llid, idno, position) VALUES (330, 5860, 6);
insert into Citizen (idno, title, firstname, lastname, dateofbirth, gender) VALUES (5861, '', 'Manfred', 'Lister', '1.1.1960.', 'n');
insert into CandidatesData (idno) VALUES (5861);
insert into Candidacy (wkid, idno, supportedby) VALUES (338, 5861, 4);
insert into Landeslistenplatz (llid, idno, position) VALUES (290, 5861, 17);
insert into Citizen (idno, title, firstname, lastname, dateofbirth, gender) VALUES (5862, '', 'Klemens', 'Lockfisch', '1.1.1961.', 'n');
insert into CandidatesData (idno) VALUES (5862);
insert into Candidacy (wkid, idno, supportedby) VALUES (530, 5862, 1);
insert into Citizen (idno, title, firstname, lastname, dateofbirth, gender) VALUES (5863, '', 'Jörg', 'Löbe', '1.1.1962.', 'n');
insert into CandidatesData (idno) VALUES (5863);
insert into Candidacy (wkid, idno, supportedby) VALUES (230, 5863, 4);
insert into Citizen (idno, title, firstname, lastname, dateofbirth, gender) VALUES (5864, '', 'Marlene', 'Löhr', '1.1.1985.', 'n');
insert into CandidatesData (idno) VALUES (5864);
insert into Candidacy (wkid, idno, supportedby) VALUES (2, 5864, 5);
insert into Landeslistenplatz (llid, idno, position) VALUES (232, 5864, 5);
insert into Citizen (idno, title, firstname, lastname, dateofbirth, gender) VALUES (5865, '', 'Alice Magdalena', 'Löning', '1.1.1951.', 'n');
insert into CandidatesData (idno) VALUES (5865);
insert into Candidacy (wkid, idno, supportedby) VALUES (124, 5865, 4);
insert into Landeslistenplatz (llid, idno, position) VALUES (428, 5865, 5);
insert into Citizen (idno, title, firstname, lastname, dateofbirth, gender) VALUES (5866, '', 'Roland Willi', 'Löpke', '1.1.1955.', 'n');
insert into CandidatesData (idno) VALUES (5866);
insert into Candidacy (wkid, idno, supportedby) VALUES (278, 5866, 7);
insert into Citizen (idno, title, firstname, lastname, dateofbirth, gender) VALUES (5867, '', 'Karl', 'Lörcher', '1.1.1961.', 'n');
insert into CandidatesData (idno) VALUES (5867);
insert into Landeslistenplatz (llid, idno, position) VALUES (292, 5867, 27);
insert into Citizen (idno, title, firstname, lastname, dateofbirth, gender) VALUES (5868, '', 'Wolfgang', 'Lörcher', '1.1.1963.', 'n');
insert into CandidatesData (idno) VALUES (5868);
insert into Candidacy (wkid, idno, supportedby) VALUES (348, 5868, 3);
insert into Citizen (idno, title, firstname, lastname, dateofbirth, gender) VALUES (5869, '', 'Martin Werner Otto', 'Loesch', '1.1.1945.', 'n');
insert into CandidatesData (idno) VALUES (5869);
insert into Landeslistenplatz (llid, idno, position) VALUES (333, 5869, 2);
insert into Citizen (idno, title, firstname, lastname, dateofbirth, gender) VALUES (5870, '', 'Gabriele', 'Lösekrug-Möller', '1.1.1951.', 'n');
insert into CandidatesData (idno) VALUES (5870);
insert into Candidacy (wkid, idno, supportedby) VALUES (92, 5870, 2);
insert into Landeslistenplatz (llid, idno, position) VALUES (242, 5870, 2);
insert into Citizen (idno, title, firstname, lastname, dateofbirth, gender) VALUES (5871, '', 'Julia Erika Gudrun', 'Löser', '1.1.1991.', 'n');
insert into CandidatesData (idno) VALUES (5871);
insert into Candidacy (wkid, idno, supportedby) VALUES (148, 5871, 32);
insert into Citizen (idno, title, firstname, lastname, dateofbirth, gender) VALUES (5872, 'Dr. ', 'Gesine', 'Lötzsch', '1.1.1961.', 'n');
insert into CandidatesData (idno) VALUES (5872);
insert into Candidacy (wkid, idno, supportedby) VALUES (172, 5872, 3);
insert into Landeslistenplatz (llid, idno, position) VALUES (372, 5872, 3);
insert into Citizen (idno, title, firstname, lastname, dateofbirth, gender) VALUES (5873, '', 'Jens', 'Löw', '1.1.1962.', 'n');
insert into CandidatesData (idno) VALUES (5873);
insert into Candidacy (wkid, idno, supportedby) VALUES (572, 5873, 2);
insert into Landeslistenplatz (llid, idno, position) VALUES (249, 5873, 23);
insert into Citizen (idno, title, firstname, lastname, dateofbirth, gender) VALUES (5874, 'Dr. ', 'Niels', 'Lohmann', '1.1.1981.', 'n');
insert into CandidatesData (idno) VALUES (5874);
insert into Landeslistenplatz (llid, idno, position) VALUES (283, 5874, 2);
insert into Citizen (idno, title, firstname, lastname, dateofbirth, gender) VALUES (5875, '', 'Johannes Hubertus', 'Lohmeyer', '1.1.1964.', 'n');
insert into CandidatesData (idno) VALUES (5875);
insert into Candidacy (wkid, idno, supportedby) VALUES (318, 5875, 4);
insert into Citizen (idno, title, firstname, lastname, dateofbirth, gender) VALUES (5876, '', 'Stefanie', 'Lohnes', '1.1.1973.', 'n');
insert into CandidatesData (idno) VALUES (5876);
insert into Landeslistenplatz (llid, idno, position) VALUES (216, 5876, 7);
insert into Citizen (idno, title, firstname, lastname, dateofbirth, gender) VALUES (5877, '', 'Christiane', 'Lokar', '1.1.1972.', 'n');
insert into CandidatesData (idno) VALUES (5877);
insert into Landeslistenplatz (llid, idno, position) VALUES (201, 5877, 9);
insert into Citizen (idno, title, firstname, lastname, dateofbirth, gender) VALUES (5878, 'Dr. ', 'Sebastian', 'Lommer', '1.1.1973.', 'n');
insert into CandidatesData (idno) VALUES (5878);
insert into Candidacy (wkid, idno, supportedby) VALUES (454, 5878, 4);
insert into Landeslistenplatz (llid, idno, position) VALUES (276, 5878, 34);
insert into Citizen (idno, title, firstname, lastname, dateofbirth, gender) VALUES (5879, '', 'Bernhard', 'Loos', '1.1.1955.', 'n');
insert into CandidatesData (idno) VALUES (5879);
insert into Landeslistenplatz (llid, idno, position) VALUES (220, 5879, 59);
insert into Citizen (idno, title, firstname, lastname, dateofbirth, gender) VALUES (5880, 'Dr. ', 'Dorit', 'Loos', '1.1.1944.', 'n');
insert into CandidatesData (idno) VALUES (5880);
insert into Landeslistenplatz (llid, idno, position) VALUES (279, 5880, 54);
insert into Citizen (idno, title, firstname, lastname, dateofbirth, gender) VALUES (5881, '', 'Hans Detlef', 'Loosz', '1.1.1953.', 'n');
insert into CandidatesData (idno) VALUES (5881);
insert into Candidacy (wkid, idno, supportedby) VALUES (176, 5881, 2);
insert into Landeslistenplatz (llid, idno, position) VALUES (246, 5881, 43);
insert into Citizen (idno, title, firstname, lastname, dateofbirth, gender) VALUES (5882, '', 'Gotthilf', 'Lorch', '1.1.1961.', 'n');
insert into CandidatesData (idno) VALUES (5882);
insert into Candidacy (wkid, idno, supportedby) VALUES (572, 5882, 3);
insert into Citizen (idno, title, firstname, lastname, dateofbirth, gender) VALUES (5883, '', 'Christopher', 'Lorenz', '1.1.1968.', 'n');
insert into CandidatesData (idno) VALUES (5883);
insert into Landeslistenplatz (llid, idno, position) VALUES (201, 5883, 20);
insert into Citizen (idno, title, firstname, lastname, dateofbirth, gender) VALUES (5884, 'Dr. ', 'Martin', 'Lorenz', '1.1.1977.', 'n');
insert into CandidatesData (idno) VALUES (5884);
insert into Landeslistenplatz (llid, idno, position) VALUES (244, 5884, 32);
insert into Citizen (idno, title, firstname, lastname, dateofbirth, gender) VALUES (5885, '', 'Joseph', 'Lorenz', '1.1.1941.', 'n');
insert into CandidatesData (idno) VALUES (5885);
insert into Landeslistenplatz (llid, idno, position) VALUES (213, 5885, 50);
insert into Citizen (idno, title, firstname, lastname, dateofbirth, gender) VALUES (5886, '', 'Wilfried', 'Lorenz', '1.1.1942.', 'n');
insert into CandidatesData (idno) VALUES (5886);
insert into Candidacy (wkid, idno, supportedby) VALUES (82, 5886, 12);
insert into Landeslistenplatz (llid, idno, position) VALUES (217, 5886, 28);
insert into Citizen (idno, title, firstname, lastname, dateofbirth, gender) VALUES (5887, '', 'Florian', 'Lorenzen', '1.1.1986.', 'n');
insert into CandidatesData (idno) VALUES (5887);
insert into Landeslistenplatz (llid, idno, position) VALUES (335, 5887, 16);
insert into Citizen (idno, title, firstname, lastname, dateofbirth, gender) VALUES (5888, '', 'Bartosz Jerzy', 'Lotarewicz', '1.1.1982.', 'n');
insert into CandidatesData (idno) VALUES (5888);
insert into Candidacy (wkid, idno, supportedby) VALUES (172, 5888, 5);
insert into Citizen (idno, title, firstname, lastname, dateofbirth, gender) VALUES (5889, '', 'Hiltrud', 'Lotze', '1.1.1958.', 'n');
insert into CandidatesData (idno) VALUES (5889);
insert into Candidacy (wkid, idno, supportedby) VALUES (74, 5889, 2);
insert into Landeslistenplatz (llid, idno, position) VALUES (242, 5889, 20);
insert into Citizen (idno, title, firstname, lastname, dateofbirth, gender) VALUES (5890, '', 'Marcel', 'Louwers', '1.1.1981.', 'n');
insert into CandidatesData (idno) VALUES (5890);
insert into Landeslistenplatz (llid, idno, position) VALUES (368, 5890, 5);
insert into Citizen (idno, title, firstname, lastname, dateofbirth, gender) VALUES (5891, '', 'Holger', 'Lubitz', '1.1.1971.', 'n');
insert into CandidatesData (idno) VALUES (5891);
insert into Candidacy (wkid, idno, supportedby) VALUES (54, 5891, 7);
insert into Citizen (idno, title, firstname, lastname, dateofbirth, gender) VALUES (5892, 'Dr. ', 'Bernd', 'Lucke', '1.1.1962.', 'n');
insert into CandidatesData (idno) VALUES (5892);
insert into Candidacy (wkid, idno, supportedby) VALUES (72, 5892, 33);
insert into Landeslistenplatz (llid, idno, position) VALUES (203, 5892, 1);
insert into Citizen (idno, title, firstname, lastname, dateofbirth, gender) VALUES (5893, '', 'Martin Thomas', 'Luckert', '1.1.1988.', 'n');
insert into CandidatesData (idno) VALUES (5893);
insert into Landeslistenplatz (llid, idno, position) VALUES (330, 5893, 12);
insert into Citizen (idno, title, firstname, lastname, dateofbirth, gender) VALUES (5894, 'Dr. ', 'Jan-Marco', 'Luczak', '1.1.1975.', 'n');
insert into CandidatesData (idno) VALUES (5894);
insert into Candidacy (wkid, idno, supportedby) VALUES (162, 5894, 12);
insert into Landeslistenplatz (llid, idno, position) VALUES (291, 5894, 5);
insert into Citizen (idno, title, firstname, lastname, dateofbirth, gender) VALUES (5895, 'Dr. ', 'Peter', 'Ludemann', '1.1.1946.', 'n');
insert into CandidatesData (idno) VALUES (5895);
insert into Candidacy (wkid, idno, supportedby) VALUES (200, 5895, 4);
insert into Landeslistenplatz (llid, idno, position) VALUES (272, 5895, 46);
insert into Citizen (idno, title, firstname, lastname, dateofbirth, gender) VALUES (5896, '', 'Bianca', 'Ludewig', '1.1.1971.', 'n');
insert into CandidatesData (idno) VALUES (5896);
insert into Landeslistenplatz (llid, idno, position) VALUES (201, 5896, 30);
insert into Citizen (idno, title, firstname, lastname, dateofbirth, gender) VALUES (5897, 'Dr. ', 'Hans-Peter', 'Ludewig', '1.1.1946.', 'n');
insert into CandidatesData (idno) VALUES (5897);
insert into Candidacy (wkid, idno, supportedby) VALUES (70, 5897, 5);
insert into Citizen (idno, title, firstname, lastname, dateofbirth, gender) VALUES (5898, '', 'Arne', 'Ludwig', '1.1.1968.', 'n');
insert into CandidatesData (idno) VALUES (5898);
insert into Landeslistenplatz (llid, idno, position) VALUES (268, 5898, 10);
insert into Citizen (idno, title, firstname, lastname, dateofbirth, gender) VALUES (5899, '', 'Dagmar Anita', 'Ludwig', '1.1.1940.', 'n');
insert into CandidatesData (idno) VALUES (5899);
insert into Candidacy (wkid, idno, supportedby) VALUES (284, 5899, 41);
insert into Landeslistenplatz (llid, idno, position) VALUES (381, 5899, 1);
insert into Citizen (idno, title, firstname, lastname, dateofbirth, gender) VALUES (5900, '', 'Daniela', 'Ludwig', '1.1.1975.', 'n');
insert into CandidatesData (idno) VALUES (5900);
insert into Candidacy (wkid, idno, supportedby) VALUES (446, 5900, 9);
insert into Landeslistenplatz (llid, idno, position) VALUES (220, 5900, 15);
insert into Citizen (idno, title, firstname, lastname, dateofbirth, gender) VALUES (5901, '', 'Henning', 'Lübbers', '1.1.1988.', 'n');
insert into CandidatesData (idno) VALUES (5901);
insert into Candidacy (wkid, idno, supportedby) VALUES (136, 5901, 7);
insert into Citizen (idno, title, firstname, lastname, dateofbirth, gender) VALUES (5902, '', 'Silvia', 'Lübcke', '1.1.1961.', 'n');
insert into CandidatesData (idno) VALUES (5902);
insert into Landeslistenplatz (llid, idno, position) VALUES (217, 5902, 35);
insert into Citizen (idno, title, firstname, lastname, dateofbirth, gender) VALUES (5903, '', 'Gisela', 'Lück', '1.1.1953.', 'n');
insert into CandidatesData (idno) VALUES (5903);
insert into Candidacy (wkid, idno, supportedby) VALUES (338, 5903, 1);
insert into Citizen (idno, title, firstname, lastname, dateofbirth, gender) VALUES (5904, '', 'Matthias', 'Lücke', '1.1.1972.', 'n');
insert into CandidatesData (idno) VALUES (5904);
insert into Landeslistenplatz (llid, idno, position) VALUES (314, 5904, 26);
insert into Citizen (idno, title, firstname, lastname, dateofbirth, gender) VALUES (5905, 'Dr. ', 'Claudia Maria', 'Lücking-Michel', '1.1.1962.', 'n');
insert into CandidatesData (idno) VALUES (5905);
insert into Candidacy (wkid, idno, supportedby) VALUES (192, 5905, 12);
insert into Landeslistenplatz (llid, idno, position) VALUES (310, 5905, 28);
insert into Citizen (idno, title, firstname, lastname, dateofbirth, gender) VALUES (5906, '', 'Sebastian', 'Lüdecke', '1.1.1987.', 'n');
insert into CandidatesData (idno) VALUES (5906);
insert into Landeslistenplatz (llid, idno, position) VALUES (327, 5906, 4);
insert into Citizen (idno, title, firstname, lastname, dateofbirth, gender) VALUES (5907, '', 'Jan', 'Lüdtke-Reißmann', '1.1.1969.', 'n');
insert into CandidatesData (idno) VALUES (5907);
insert into Candidacy (wkid, idno, supportedby) VALUES (524, 5907, 7);
insert into Landeslistenplatz (llid, idno, position) VALUES (221, 5907, 10);
insert into Citizen (idno, title, firstname, lastname, dateofbirth, gender) VALUES (5908, '', 'Kirsten', 'Lühmann', '1.1.1964.', 'n');
insert into CandidatesData (idno) VALUES (5908);
insert into Candidacy (wkid, idno, supportedby) VALUES (88, 5908, 2);
insert into Landeslistenplatz (llid, idno, position) VALUES (242, 5908, 14);
insert into Citizen (idno, title, firstname, lastname, dateofbirth, gender) VALUES (5909, '', 'Ralf', 'Lükensmeier', '1.1.1963.', 'n');
insert into CandidatesData (idno) VALUES (5909);
insert into Candidacy (wkid, idno, supportedby) VALUES (50, 5909, NULL);
insert into Citizen (idno, title, firstname, lastname, dateofbirth, gender) VALUES (5910, '', 'Oguz', 'Lüle', '1.1.1960.', 'n');
insert into CandidatesData (idno) VALUES (5910);
insert into Candidacy (wkid, idno, supportedby) VALUES (438, 5910, 3);
insert into Citizen (idno, title, firstname, lastname, dateofbirth, gender) VALUES (5911, '', 'Mario', 'Lüpke', '1.1.1979.', 'n');
insert into CandidatesData (idno) VALUES (5911);
insert into Landeslistenplatz (llid, idno, position) VALUES (403, 5911, 4);
insert into Citizen (idno, title, firstname, lastname, dateofbirth, gender) VALUES (5912, '', 'Wolfgang', 'Lüsgens', '1.1.1946.', 'n');
insert into CandidatesData (idno) VALUES (5912);
insert into Landeslistenplatz (llid, idno, position) VALUES (273, 5912, 12);
insert into Citizen (idno, title, firstname, lastname, dateofbirth, gender) VALUES (5913, '', 'Christiane Gisela Erika', 'Lüst', '1.1.1966.', 'n');
insert into CandidatesData (idno) VALUES (5913);
insert into Candidacy (wkid, idno, supportedby) VALUES (444, 5913, 36);
insert into Landeslistenplatz (llid, idno, position) VALUES (295, 5913, 4);
insert into Citizen (idno, title, firstname, lastname, dateofbirth, gender) VALUES (5914, '', 'Holger', 'Lütge', '1.1.1969.', 'n');
insert into CandidatesData (idno) VALUES (5914);
insert into Candidacy (wkid, idno, supportedby) VALUES (154, 5914, 5);
insert into Citizen (idno, title, firstname, lastname, dateofbirth, gender) VALUES (5915, '', 'Sascha', 'Luetkens', '1.1.1976.', 'n');
insert into CandidatesData (idno) VALUES (5915);
insert into Landeslistenplatz (llid, idno, position) VALUES (320, 5915, 4);
insert into Citizen (idno, title, firstname, lastname, dateofbirth, gender) VALUES (5916, '', 'Markus', 'Lüttgen', '1.1.1968.', 'n');
insert into CandidatesData (idno) VALUES (5916);
insert into Landeslistenplatz (llid, idno, position) VALUES (219, 5916, 8);
insert into Citizen (idno, title, firstname, lastname, dateofbirth, gender) VALUES (5917, '', 'Christophe', 'Lüttmann', '1.1.1966.', 'n');
insert into CandidatesData (idno) VALUES (5917);
insert into Candidacy (wkid, idno, supportedby) VALUES (256, 5917, 4);
insert into Landeslistenplatz (llid, idno, position) VALUES (272, 5917, 54);
insert into Citizen (idno, title, firstname, lastname, dateofbirth, gender) VALUES (5918, '', 'Jan', 'Lützler', '1.1.1994.', 'n');
insert into CandidatesData (idno) VALUES (5918);
insert into Landeslistenplatz (llid, idno, position) VALUES (297, 5918, 12);
insert into Citizen (idno, title, firstname, lastname, dateofbirth, gender) VALUES (5919, '', 'Barbara', 'Lugert', '1.1.1978.', 'n');
insert into CandidatesData (idno) VALUES (5919);
insert into Landeslistenplatz (llid, idno, position) VALUES (260, 5919, 47);
insert into Citizen (idno, title, firstname, lastname, dateofbirth, gender) VALUES (5920, '', 'Heinrich', 'Luhr', '1.1.1953.', 'n');
insert into CandidatesData (idno) VALUES (5920);
insert into Candidacy (wkid, idno, supportedby) VALUES (64, 5920, 32);
insert into Citizen (idno, title, firstname, lastname, dateofbirth, gender) VALUES (5921, '', 'Gerald', 'Lukas', '1.1.1943.', 'n');
insert into CandidatesData (idno) VALUES (5921);
insert into Candidacy (wkid, idno, supportedby) VALUES (58, 5921, 41);
insert into Citizen (idno, title, firstname, lastname, dateofbirth, gender) VALUES (5922, '', 'Jürgen', 'Lukat', '1.1.1970.', 'n');
insert into CandidatesData (idno) VALUES (5922);
insert into Candidacy (wkid, idno, supportedby) VALUES (238, 5922, 31);
insert into Landeslistenplatz (llid, idno, position) VALUES (297, 5922, 16);
insert into Citizen (idno, title, firstname, lastname, dateofbirth, gender) VALUES (5923, '', 'Oliver', 'Luksic', '1.1.1979.', 'n');
insert into CandidatesData (idno) VALUES (5923);
insert into Candidacy (wkid, idno, supportedby) VALUES (596, 5923, 4);
insert into Landeslistenplatz (llid, idno, position) VALUES (225, 5923, 1);
insert into Citizen (idno, title, firstname, lastname, dateofbirth, gender) VALUES (5924, '', 'Dietmar', 'Lust', '1.1.1972.', 'n');
insert into CandidatesData (idno) VALUES (5924);
insert into Candidacy (wkid, idno, supportedby) VALUES (560, 5924, 5);
insert into Landeslistenplatz (llid, idno, position) VALUES (234, 5924, 36);
insert into Citizen (idno, title, firstname, lastname, dateofbirth, gender) VALUES (5925, '', 'Thomas', 'Lutze', '1.1.1969.', 'n');
insert into CandidatesData (idno) VALUES (5925);
insert into Landeslistenplatz (llid, idno, position) VALUES (419, 5925, 1);
insert into Citizen (idno, title, firstname, lastname, dateofbirth, gender) VALUES (5926, '', 'Gudrun', 'Lux', '1.1.1980.', 'n');
insert into CandidatesData (idno) VALUES (5926);
insert into Landeslistenplatz (llid, idno, position) VALUES (238, 5926, 17);
insert into Citizen (idno, title, firstname, lastname, dateofbirth, gender) VALUES (5927, '', 'Stefan', 'Lux', '1.1.1959.', 'n');
insert into CandidatesData (idno) VALUES (5927);
insert into Landeslistenplatz (llid, idno, position) VALUES (423, 5927, 6);
insert into Citizen (idno, title, firstname, lastname, dateofbirth, gender) VALUES (5928, '', 'Stefan', 'Lux', '1.1.1960.', 'n');
insert into CandidatesData (idno) VALUES (5928);
insert into Candidacy (wkid, idno, supportedby) VALUES (354, 5928, 2);
insert into Landeslistenplatz (llid, idno, position) VALUES (227, 5928, 25);
insert into Citizen (idno, title, firstname, lastname, dateofbirth, gender) VALUES (5929, '', 'Konrad', 'Lyncker-Ehrenkrook Freiherr von', '1.1.1986.', 'n');
insert into CandidatesData (idno) VALUES (5929);
insert into Landeslistenplatz (llid, idno, position) VALUES (413, 5929, 3);
insert into Citizen (idno, title, firstname, lastname, dateofbirth, gender) VALUES (5930, '', 'Karin', 'Maag', '1.1.1962.', 'n');
insert into CandidatesData (idno) VALUES (5930);
insert into Candidacy (wkid, idno, supportedby) VALUES (518, 5930, 12);
insert into Landeslistenplatz (llid, idno, position) VALUES (279, 5930, 9);
insert into Citizen (idno, title, firstname, lastname, dateofbirth, gender) VALUES (5931, '', 'Ulrich', 'Maas', '1.1.1962.', 'n');
insert into CandidatesData (idno) VALUES (5931);
insert into Landeslistenplatz (llid, idno, position) VALUES (297, 5931, 50);
insert into Citizen (idno, title, firstname, lastname, dateofbirth, gender) VALUES (5932, '', 'Simone', 'Maaß', '1.1.1967.', 'n');
insert into CandidatesData (idno) VALUES (5932);
insert into Candidacy (wkid, idno, supportedby) VALUES (394, 5932, 5);
insert into Citizen (idno, title, firstname, lastname, dateofbirth, gender) VALUES (5933, '', 'Burak', 'Macit', '1.1.1990.', 'n');
insert into CandidatesData (idno) VALUES (5933);
insert into Candidacy (wkid, idno, supportedby) VALUES (158, 5933, 32);
insert into Citizen (idno, title, firstname, lastname, dateofbirth, gender) VALUES (5934, '', 'Günther', 'Mack', '1.1.1949.', 'n');
insert into CandidatesData (idno) VALUES (5934);
insert into Landeslistenplatz (llid, idno, position) VALUES (202, 5934, 16);
insert into Citizen (idno, title, firstname, lastname, dateofbirth, gender) VALUES (5935, '', 'Hermann', 'Mack', '1.1.1953.', 'n');
insert into CandidatesData (idno) VALUES (5935);
insert into Landeslistenplatz (llid, idno, position) VALUES (213, 5935, 8);
insert into Citizen (idno, title, firstname, lastname, dateofbirth, gender) VALUES (5936, '', 'Thorsten Peter', 'März', '1.1.1972.', 'n');
insert into CandidatesData (idno) VALUES (5936);
insert into Candidacy (wkid, idno, supportedby) VALUES (188, 5936, 1);
insert into Citizen (idno, title, firstname, lastname, dateofbirth, gender) VALUES (5937, '', 'Axel', 'Magar', '1.1.1954.', 'n');
insert into CandidatesData (idno) VALUES (5937);
insert into Candidacy (wkid, idno, supportedby) VALUES (596, 5937, 35);
insert into Citizen (idno, title, firstname, lastname, dateofbirth, gender) VALUES (5938, '', 'Taras', 'Maggutiak', '1.1.1973.', 'n');
insert into CandidatesData (idno) VALUES (5938);
insert into Landeslistenplatz (llid, idno, position) VALUES (314, 5938, 27);
insert into Citizen (idno, title, firstname, lastname, dateofbirth, gender) VALUES (5939, '', 'Yvonne', 'Magwas', '1.1.1979.', 'n');
insert into CandidatesData (idno) VALUES (5939);
insert into Landeslistenplatz (llid, idno, position) VALUES (308, 5939, 12);
insert into Citizen (idno, title, firstname, lastname, dateofbirth, gender) VALUES (5940, '', 'Thomas', 'Mahlberg', '1.1.1965.', 'n');
insert into CandidatesData (idno) VALUES (5940);
insert into Candidacy (wkid, idno, supportedby) VALUES (230, 5940, 12);
insert into Landeslistenplatz (llid, idno, position) VALUES (310, 5940, 38);
insert into Citizen (idno, title, firstname, lastname, dateofbirth, gender) VALUES (5941, '', 'Carolin', 'Mahn-Gauseweg', '1.1.1981.', 'n');
insert into CandidatesData (idno) VALUES (5941);
insert into Landeslistenplatz (llid, idno, position) VALUES (258, 5941, 2);
insert into Citizen (idno, title, firstname, lastname, dateofbirth, gender) VALUES (5942, '', 'Franz-Josef', 'Mai', '1.1.1943.', 'n');
insert into CandidatesData (idno) VALUES (5942);
insert into Landeslistenplatz (llid, idno, position) VALUES (325, 5942, 4);
insert into Citizen (idno, title, firstname, lastname, dateofbirth, gender) VALUES (5943, '', 'Hannelore Anna', 'Mai', '1.1.1943.', 'n');
insert into CandidatesData (idno) VALUES (5943);
insert into Landeslistenplatz (llid, idno, position) VALUES (325, 5943, 19);
insert into Citizen (idno, title, firstname, lastname, dateofbirth, gender) VALUES (5944, '', 'Susann', 'Mai', '1.1.1967.', 'n');
insert into CandidatesData (idno) VALUES (5944);
insert into Candidacy (wkid, idno, supportedby) VALUES (378, 5944, 36);
insert into Landeslistenplatz (llid, idno, position) VALUES (325, 5944, 1);
insert into Citizen (idno, title, firstname, lastname, dateofbirth, gender) VALUES (5945, 'Dr. ', 'Lothar', 'Maier', '1.1.1944.', 'n');
insert into CandidatesData (idno) VALUES (5945);
insert into Landeslistenplatz (llid, idno, position) VALUES (314, 5945, 12);
insert into Citizen (idno, title, firstname, lastname, dateofbirth, gender) VALUES (5946, '', 'Edeltraud', 'Maier', '1.1.1938.', 'n');
insert into CandidatesData (idno) VALUES (5946);
insert into Landeslistenplatz (llid, idno, position) VALUES (292, 5946, 23);
insert into Citizen (idno, title, firstname, lastname, dateofbirth, gender) VALUES (5947, '', 'Franz', 'Maier', '1.1.1963.', 'n');
insert into CandidatesData (idno) VALUES (5947);
insert into Candidacy (wkid, idno, supportedby) VALUES (426, 5947, 10);
insert into Landeslistenplatz (llid, idno, position) VALUES (393, 5947, 4);
insert into Citizen (idno, title, firstname, lastname, dateofbirth, gender) VALUES (5948, '', 'Ludwig', 'Maier', '1.1.1961.', 'n');
insert into CandidatesData (idno) VALUES (5948);
insert into Candidacy (wkid, idno, supportedby) VALUES (446, 5948, 36);
insert into Landeslistenplatz (llid, idno, position) VALUES (295, 5948, 16);
insert into Citizen (idno, title, firstname, lastname, dateofbirth, gender) VALUES (5949, '', 'Mario', 'Maier', '1.1.1961.', 'n');
insert into CandidatesData (idno) VALUES (5949);
insert into Landeslistenplatz (llid, idno, position) VALUES (288, 5949, 6);
insert into Citizen (idno, title, firstname, lastname, dateofbirth, gender) VALUES (5950, '', 'Anne', 'Mainka', '1.1.1978.', 'n');
insert into CandidatesData (idno) VALUES (5950);
insert into Landeslistenplatz (llid, idno, position) VALUES (270, 5950, 15);
insert into Citizen (idno, title, firstname, lastname, dateofbirth, gender) VALUES (5951, '', 'Katrin', 'Mair', '1.1.1981.', 'n');
insert into CandidatesData (idno) VALUES (5951);
insert into Landeslistenplatz (llid, idno, position) VALUES (220, 5951, 43);
insert into Citizen (idno, title, firstname, lastname, dateofbirth, gender) VALUES (5952, '', 'Heidi', 'Maisch', '1.1.1960.', 'n');
insert into CandidatesData (idno) VALUES (5952);
insert into Landeslistenplatz (llid, idno, position) VALUES (314, 5952, 20);
insert into Citizen (idno, title, firstname, lastname, dateofbirth, gender) VALUES (5953, '', 'Nicole Christa', 'Maisch', '1.1.1981.', 'n');
insert into CandidatesData (idno) VALUES (5953);
insert into Candidacy (wkid, idno, supportedby) VALUES (336, 5953, 5);
insert into Landeslistenplatz (llid, idno, position) VALUES (318, 5953, 3);
insert into Citizen (idno, title, firstname, lastname, dateofbirth, gender) VALUES (5954, 'Dr. ', 'Karl Ernst Thomas', 'Maizière de', '1.1.1954.', 'n');
insert into CandidatesData (idno) VALUES (5954);
insert into Candidacy (wkid, idno, supportedby) VALUES (310, 5954, 12);
insert into Landeslistenplatz (llid, idno, position) VALUES (308, 5954, 1);
insert into Citizen (idno, title, firstname, lastname, dateofbirth, gender) VALUES (5955, '', 'Thorsten', 'Majer', '1.1.1978.', 'n');
insert into CandidatesData (idno) VALUES (5955);
insert into Candidacy (wkid, idno, supportedby) VALUES (532, 5955, 2);
insert into Landeslistenplatz (llid, idno, position) VALUES (249, 5955, 27);
insert into Citizen (idno, title, firstname, lastname, dateofbirth, gender) VALUES (5956, '', 'Christoph', 'Majewski', '1.1.1972.', 'n');
insert into CandidatesData (idno) VALUES (5956);
insert into Candidacy (wkid, idno, supportedby) VALUES (392, 5956, 2);
insert into Landeslistenplatz (llid, idno, position) VALUES (330, 5956, 5);
insert into Citizen (idno, title, firstname, lastname, dateofbirth, gender) VALUES (5957, '', 'Dennis', 'Majewski', '1.1.1983.', 'n');
insert into CandidatesData (idno) VALUES (5957);
insert into Candidacy (wkid, idno, supportedby) VALUES (340, 5957, 4);
insert into Landeslistenplatz (llid, idno, position) VALUES (290, 5957, 19);
insert into Citizen (idno, title, firstname, lastname, dateofbirth, gender) VALUES (5958, '', 'Nina', 'Makarov', '1.1.1956.', 'n');
insert into CandidatesData (idno) VALUES (5958);
insert into Landeslistenplatz (llid, idno, position) VALUES (340, 5958, 5);
insert into Citizen (idno, title, firstname, lastname, dateofbirth, gender) VALUES (5959, 'Dr. ', 'Birgit', 'Malecha-Nissen', '1.1.1958.', 'n');
insert into CandidatesData (idno) VALUES (5959);
insert into Candidacy (wkid, idno, supportedby) VALUES (12, 5959, 2);
insert into Landeslistenplatz (llid, idno, position) VALUES (277, 5959, 8);
insert into Citizen (idno, title, firstname, lastname, dateofbirth, gender) VALUES (5960, '', 'Bernd Klaus', 'Mallon', '1.1.1955.', 'n');
insert into CandidatesData (idno) VALUES (5960);
insert into Landeslistenplatz (llid, idno, position) VALUES (386, 5960, 1);
insert into Citizen (idno, title, firstname, lastname, dateofbirth, gender) VALUES (5961, '', 'Bernd', 'Malmberg', '1.1.1955.', 'n');
insert into CandidatesData (idno) VALUES (5961);
insert into Candidacy (wkid, idno, supportedby) VALUES (554, 5961, 3);
insert into Citizen (idno, title, firstname, lastname, dateofbirth, gender) VALUES (5962, '', 'Mario André', 'Malonn', '1.1.1965.', 'n');
insert into CandidatesData (idno) VALUES (5962);
insert into Landeslistenplatz (llid, idno, position) VALUES (233, 5962, 1);
insert into Citizen (idno, title, firstname, lastname, dateofbirth, gender) VALUES (5963, '', 'Sören', 'Mandel', '1.1.1989.', 'n');
insert into CandidatesData (idno) VALUES (5963);
insert into Landeslistenplatz (llid, idno, position) VALUES (242, 5963, 31);
insert into Citizen (idno, title, firstname, lastname, dateofbirth, gender) VALUES (5964, '', 'Gisela', 'Manderla', '1.1.1958.', 'n');
insert into CandidatesData (idno) VALUES (5964);
insert into Candidacy (wkid, idno, supportedby) VALUES (190, 5964, 12);
insert into Landeslistenplatz (llid, idno, position) VALUES (310, 5964, 22);
insert into Citizen (idno, title, firstname, lastname, dateofbirth, gender) VALUES (5965, '', 'Marco Timo Ermanno', 'Manfredini', '1.1.1967.', 'n');
insert into CandidatesData (idno) VALUES (5965);
insert into Landeslistenplatz (llid, idno, position) VALUES (313, 5965, 2);
insert into Citizen (idno, title, firstname, lastname, dateofbirth, gender) VALUES (5966, '', 'Markus', 'Mang', '1.1.1966.', 'n');
insert into CandidatesData (idno) VALUES (5966);
insert into Candidacy (wkid, idno, supportedby) VALUES (498, 5966, 1);
insert into Landeslistenplatz (llid, idno, position) VALUES (259, 5966, 5);
insert into Citizen (idno, title, firstname, lastname, dateofbirth, gender) VALUES (5967, '', 'Michael', 'Mang', '1.1.1981.', 'n');
insert into CandidatesData (idno) VALUES (5967);
insert into Landeslistenplatz (llid, idno, position) VALUES (244, 5967, 29);
insert into Citizen (idno, title, firstname, lastname, dateofbirth, gender) VALUES (5968, '', 'Olaf', 'Mangold', '1.1.1970.', 'n');
insert into CandidatesData (idno) VALUES (5968);
insert into Candidacy (wkid, idno, supportedby) VALUES (118, 5968, 2);
insert into Landeslistenplatz (llid, idno, position) VALUES (322, 5968, 9);
insert into Citizen (idno, title, firstname, lastname, dateofbirth, gender) VALUES (5969, '', 'André', 'Maniera', '1.1.1973.', 'n');
insert into CandidatesData (idno) VALUES (5969);
insert into Candidacy (wkid, idno, supportedby) VALUES (212, 5969, 19);
insert into Landeslistenplatz (llid, idno, position) VALUES (273, 5969, 1);
insert into Citizen (idno, title, firstname, lastname, dateofbirth, gender) VALUES (5970, '', 'Johannes Erwin', 'Mans', '1.1.1958.', 'n');
insert into CandidatesData (idno) VALUES (5970);
insert into Candidacy (wkid, idno, supportedby) VALUES (406, 5970, 32);
insert into Landeslistenplatz (llid, idno, position) VALUES (202, 5970, 6);
insert into Citizen (idno, title, firstname, lastname, dateofbirth, gender) VALUES (5971, '', 'Till Berthold', 'Mansmann', '1.1.1968.', 'n');
insert into CandidatesData (idno) VALUES (5971);
insert into Candidacy (wkid, idno, supportedby) VALUES (376, 5971, 4);
insert into Landeslistenplatz (llid, idno, position) VALUES (290, 5971, 13);
insert into Citizen (idno, title, firstname, lastname, dateofbirth, gender) VALUES (5972, '', 'Marcel Scherwien', 'Mansouri', '1.1.1985.', 'n');
insert into CandidatesData (idno) VALUES (5972);
insert into Candidacy (wkid, idno, supportedby) VALUES (6, 5972, 3);
insert into Landeslistenplatz (llid, idno, position) VALUES (320, 5972, 2);
insert into Citizen (idno, title, firstname, lastname, dateofbirth, gender) VALUES (5973, '', 'Homaira', 'Mansury', '1.1.1978.', 'n');
insert into CandidatesData (idno) VALUES (5973);
insert into Candidacy (wkid, idno, supportedby) VALUES (502, 5973, 2);
insert into Landeslistenplatz (llid, idno, position) VALUES (260, 5973, 24);
insert into Citizen (idno, title, firstname, lastname, dateofbirth, gender) VALUES (5974, '', 'Marco Gérard', 'Mantovanelli', '1.1.1965.', 'n');
insert into CandidatesData (idno) VALUES (5974);
insert into Candidacy (wkid, idno, supportedby) VALUES (262, 5974, 5);
insert into Landeslistenplatz (llid, idno, position) VALUES (256, 5974, 32);
insert into Citizen (idno, title, firstname, lastname, dateofbirth, gender) VALUES (5975, '', 'Emanuel', 'Maragota Silva', '1.1.1989.', 'n');
insert into CandidatesData (idno) VALUES (5975);
insert into Landeslistenplatz (llid, idno, position) VALUES (385, 5975, 2);
insert into Citizen (idno, title, firstname, lastname, dateofbirth, gender) VALUES (5976, '', 'Vanessa', 'Mariacher', '1.1.1995.', 'n');
insert into CandidatesData (idno) VALUES (5976);
insert into Landeslistenplatz (llid, idno, position) VALUES (228, 5976, 11);
insert into Citizen (idno, title, firstname, lastname, dateofbirth, gender) VALUES (5977, '', 'Karin', 'Marinello', '1.1.1951.', 'n');
insert into CandidatesData (idno) VALUES (5977);
insert into Landeslistenplatz (llid, idno, position) VALUES (406, 5977, 2);
insert into Citizen (idno, title, firstname, lastname, dateofbirth, gender) VALUES (5978, '', 'André', 'Markau', '1.1.1964.', 'n');
insert into CandidatesData (idno) VALUES (5978);
insert into Candidacy (wkid, idno, supportedby) VALUES (154, 5978, 1);
insert into Citizen (idno, title, firstname, lastname, dateofbirth, gender) VALUES (5979, '', 'Caren', 'Marks', '1.1.1963.', 'n');
insert into CandidatesData (idno) VALUES (5979);
insert into Candidacy (wkid, idno, supportedby) VALUES (86, 5979, 2);
insert into Landeslistenplatz (llid, idno, position) VALUES (242, 5979, 6);
insert into Citizen (idno, title, firstname, lastname, dateofbirth, gender) VALUES (5980, '', 'Michael', 'Marks', '1.1.1971.', 'n');
insert into CandidatesData (idno) VALUES (5980);
insert into Candidacy (wkid, idno, supportedby) VALUES (140, 5980, 32);
insert into Landeslistenplatz (llid, idno, position) VALUES (341, 5980, 4);
insert into Citizen (idno, title, firstname, lastname, dateofbirth, gender) VALUES (5981, '', 'Dirk', 'Marky', '1.1.1966.', 'n');
insert into CandidatesData (idno) VALUES (5981);
insert into Candidacy (wkid, idno, supportedby) VALUES (474, 5981, 7);
insert into Landeslistenplatz (llid, idno, position) VALUES (245, 5981, 11);
insert into Citizen (idno, title, firstname, lastname, dateofbirth, gender) VALUES (5982, '', 'Erich', 'Marquardt', '1.1.1953.', 'n');
insert into CandidatesData (idno) VALUES (5982);
insert into Candidacy (wkid, idno, supportedby) VALUES (578, 5982, 32);
insert into Landeslistenplatz (llid, idno, position) VALUES (265, 5982, 4);
insert into Citizen (idno, title, firstname, lastname, dateofbirth, gender) VALUES (5983, '', 'Lothar Volker', 'Marsch', '1.1.1956.', 'n');
insert into CandidatesData (idno) VALUES (5983);
insert into Landeslistenplatz (llid, idno, position) VALUES (273, 5983, 10);
insert into Citizen (idno, title, firstname, lastname, dateofbirth, gender) VALUES (5984, '', 'Frank', 'Marschner', '1.1.1957.', 'n');
insert into CandidatesData (idno) VALUES (5984);
insert into Candidacy (wkid, idno, supportedby) VALUES (370, 5984, 1);
insert into Landeslistenplatz (llid, idno, position) VALUES (414, 5984, 5);
insert into Citizen (idno, title, firstname, lastname, dateofbirth, gender) VALUES (5985, '', 'André', 'Martens', '1.1.1970.', 'n');
insert into CandidatesData (idno) VALUES (5985);
insert into Candidacy (wkid, idno, supportedby) VALUES (562, 5985, 7);
insert into Landeslistenplatz (llid, idno, position) VALUES (221, 5985, 4);
insert into Citizen (idno, title, firstname, lastname, dateofbirth, gender) VALUES (5986, 'Dr. ', 'Jürgen', 'Martin', '1.1.1955.', 'n');
insert into CandidatesData (idno) VALUES (5986);
insert into Candidacy (wkid, idno, supportedby) VALUES (518, 5986, 7);
insert into Landeslistenplatz (llid, idno, position) VALUES (221, 5986, 25);
insert into Citizen (idno, title, firstname, lastname, dateofbirth, gender) VALUES (5987, '', 'Fabricio', 'Martins do Canto', '1.1.1969.', 'n');
insert into CandidatesData (idno) VALUES (5987);
insert into Candidacy (wkid, idno, supportedby) VALUES (152, 5987, 7);
insert into Citizen (idno, title, firstname, lastname, dateofbirth, gender) VALUES (5988, '', 'Sabine', 'Martiny', '1.1.1944.', 'n');
insert into CandidatesData (idno) VALUES (5988);
insert into Candidacy (wkid, idno, supportedby) VALUES (274, 5988, 7);
insert into Citizen (idno, title, firstname, lastname, dateofbirth, gender) VALUES (5989, '', 'Parsa', 'Marvi', '1.1.1982.', 'n');
insert into CandidatesData (idno) VALUES (5989);
insert into Candidacy (wkid, idno, supportedby) VALUES (542, 5989, 2);
insert into Landeslistenplatz (llid, idno, position) VALUES (249, 5989, 31);
insert into Citizen (idno, title, firstname, lastname, dateofbirth, gender) VALUES (5990, '', 'Hans-Georg', 'Marwitz von der', '1.1.1961.', 'n');
insert into CandidatesData (idno) VALUES (5990);
insert into Candidacy (wkid, idno, supportedby) VALUES (118, 5990, 12);
insert into Landeslistenplatz (llid, idno, position) VALUES (394, 5990, 5);
insert into Citizen (idno, title, firstname, lastname, dateofbirth, gender) VALUES (5991, '', 'Dirk Christian', 'Marx', '1.1.1965.', 'n');
insert into CandidatesData (idno) VALUES (5991);
insert into Candidacy (wkid, idno, supportedby) VALUES (36, 5991, 12);
insert into Landeslistenplatz (llid, idno, position) VALUES (398, 5991, 6);
insert into Citizen (idno, title, firstname, lastname, dateofbirth, gender) VALUES (5992, '', 'Peter', 'Marx', '1.1.1956.', 'n');
insert into CandidatesData (idno) VALUES (5992);
insert into Candidacy (wkid, idno, supportedby) VALUES (592, 5992, 1);
insert into Landeslistenplatz (llid, idno, position) VALUES (231, 5992, 1);
insert into Citizen (idno, title, firstname, lastname, dateofbirth, gender) VALUES (5993, '', 'Wolfgang Heinrich', 'Maskos', '1.1.1955.', 'n');
insert into CandidatesData (idno) VALUES (5993);
insert into Landeslistenplatz (llid, idno, position) VALUES (273, 5993, 11);
insert into Citizen (idno, title, firstname, lastname, dateofbirth, gender) VALUES (5994, '', 'Norbert', 'Maßon', '1.1.1957.', 'n');
insert into CandidatesData (idno) VALUES (5994);
insert into Candidacy (wkid, idno, supportedby) VALUES (546, 5994, 3);
insert into Citizen (idno, title, firstname, lastname, dateofbirth, gender) VALUES (5995, '', 'Katja', 'Mast', '1.1.1971.', 'n');
insert into CandidatesData (idno) VALUES (5995);
insert into Candidacy (wkid, idno, supportedby) VALUES (558, 5995, 2);
insert into Landeslistenplatz (llid, idno, position) VALUES (249, 5995, 2);
insert into Citizen (idno, title, firstname, lastname, dateofbirth, gender) VALUES (5996, '', 'Willi Alfred', 'Mast', '1.1.1947.', 'n');
insert into CandidatesData (idno) VALUES (5996);
insert into Landeslistenplatz (llid, idno, position) VALUES (207, 5996, 16);
insert into Citizen (idno, title, firstname, lastname, dateofbirth, gender) VALUES (5997, '', 'Ralf', 'Matheis', '1.1.1969.', 'n');
insert into CandidatesData (idno) VALUES (5997);
insert into Candidacy (wkid, idno, supportedby) VALUES (578, 5997, NULL);
insert into Citizen (idno, title, firstname, lastname, dateofbirth, gender) VALUES (5998, '', 'Sophie-Marie', 'Mathes', '1.1.1990.', 'n');
insert into CandidatesData (idno) VALUES (5998);
insert into Landeslistenplatz (llid, idno, position) VALUES (221, 5998, 15);
insert into Citizen (idno, title, firstname, lastname, dateofbirth, gender) VALUES (5999, '', 'Danny', 'Matschke', '1.1.1975.', 'n');
insert into CandidatesData (idno) VALUES (5999);
insert into Landeslistenplatz (llid, idno, position) VALUES (423, 5999, 9);
insert into Citizen (idno, title, firstname, lastname, dateofbirth, gender) VALUES (6000, '', 'Andreas', 'Mattfeldt', '1.1.1969.', 'n');
insert into CandidatesData (idno) VALUES (6000);
insert into Candidacy (wkid, idno, supportedby) VALUES (68, 6000, 12);
insert into Landeslistenplatz (llid, idno, position) VALUES (217, 6000, 18);
insert into Citizen (idno, title, firstname, lastname, dateofbirth, gender) VALUES (6001, '', 'Hildegard', 'Mattheis', '1.1.1954.', 'n');
insert into CandidatesData (idno) VALUES (6001);
insert into Candidacy (wkid, idno, supportedby) VALUES (582, 6001, 2);
insert into Landeslistenplatz (llid, idno, position) VALUES (249, 6001, 4);
insert into Citizen (idno, title, firstname, lastname, dateofbirth, gender) VALUES (6002, '', 'Daniela', 'Matthes', '1.1.1981.', 'n');
insert into CandidatesData (idno) VALUES (6002);
insert into Landeslistenplatz (llid, idno, position) VALUES (356, 6002, 14);
insert into Citizen (idno, title, firstname, lastname, dateofbirth, gender) VALUES (6003, '', 'Marcella Giovanna', 'Matthes', '1.1.1983.', 'n');
insert into CandidatesData (idno) VALUES (6003);
insert into Candidacy (wkid, idno, supportedby) VALUES (368, 6003, 4);
insert into Landeslistenplatz (llid, idno, position) VALUES (290, 6003, 8);
insert into Citizen (idno, title, firstname, lastname, dateofbirth, gender) VALUES (6004, '', 'Peter Heinz', 'Matthiesen', '1.1.1946.', 'n');
insert into CandidatesData (idno) VALUES (6004);
insert into Candidacy (wkid, idno, supportedby) VALUES (12, 6004, 7);
insert into Citizen (idno, title, firstname, lastname, dateofbirth, gender) VALUES (6005, '', 'Detlef Martin', 'Matthiessen', '1.1.1954.', 'n');
insert into CandidatesData (idno) VALUES (6005);
insert into Candidacy (wkid, idno, supportedby) VALUES (8, 6005, 5);
insert into Citizen (idno, title, firstname, lastname, dateofbirth, gender) VALUES (6006, 'Dr. ', 'Günter', 'Matthiessen', '1.1.1947.', 'n');
insert into CandidatesData (idno) VALUES (6006);
insert into Landeslistenplatz (llid, idno, position) VALUES (222, 6006, 2);
insert into Citizen (idno, title, firstname, lastname, dateofbirth, gender) VALUES (6007, '', 'Lars', 'Matti', '1.1.1973.', 'n');
insert into CandidatesData (idno) VALUES (6007);
insert into Landeslistenplatz (llid, idno, position) VALUES (349, 6007, 7);
insert into Citizen (idno, title, firstname, lastname, dateofbirth, gender) VALUES (6008, '', 'Manfred Günther Ernst Leopold', 'Mattis', '1.1.1956.', 'n');
insert into CandidatesData (idno) VALUES (6008);
insert into Landeslistenplatz (llid, idno, position) VALUES (209, 6008, 6);
insert into Citizen (idno, title, firstname, lastname, dateofbirth, gender) VALUES (6009, '', 'Daniel Alexander', 'Matulla', '1.1.1988.', 'n');
insert into CandidatesData (idno) VALUES (6009);
insert into Landeslistenplatz (llid, idno, position) VALUES (220, 6009, 60);
insert into Citizen (idno, title, firstname, lastname, dateofbirth, gender) VALUES (6010, '', 'Nico', 'Matys', '1.1.1979.', 'n');
insert into CandidatesData (idno) VALUES (6010);
insert into Landeslistenplatz (llid, idno, position) VALUES (421, 6010, 4);
insert into Citizen (idno, title, firstname, lastname, dateofbirth, gender) VALUES (6011, '', 'Jörg', 'Matzat', '1.1.1972.', 'n');
insert into CandidatesData (idno) VALUES (6011);
insert into Landeslistenplatz (llid, idno, position) VALUES (236, 6011, 5);
insert into Citizen (idno, title, firstname, lastname, dateofbirth, gender) VALUES (6012, '', 'Wolfgang', 'Maurer', '1.1.1953.', 'n');
insert into CandidatesData (idno) VALUES (6012);
insert into Candidacy (wkid, idno, supportedby) VALUES (560, 6012, 32);
insert into Citizen (idno, title, firstname, lastname, dateofbirth, gender) VALUES (6013, '', 'Mario', 'Mauritz', '1.1.1960.', 'n');
insert into CandidatesData (idno) VALUES (6013);
insert into Candidacy (wkid, idno, supportedby) VALUES (176, 6013, 19);
insert into Landeslistenplatz (llid, idno, position) VALUES (273, 6013, 8);
insert into Citizen (idno, title, firstname, lastname, dateofbirth, gender) VALUES (6014, '', 'Ursula', 'Maxim', '1.1.1967.', 'n');
insert into CandidatesData (idno) VALUES (6014);
insert into Landeslistenplatz (llid, idno, position) VALUES (350, 6014, 11);
insert into Citizen (idno, title, firstname, lastname, dateofbirth, gender) VALUES (6015, 'Dr. ', 'Karl-Dietrich', 'May', '1.1.1948.', 'n');
insert into CandidatesData (idno) VALUES (6015);
insert into Landeslistenplatz (llid, idno, position) VALUES (265, 6015, 12);
insert into Citizen (idno, title, firstname, lastname, dateofbirth, gender) VALUES (6016, '', 'Iryna', 'May', '1.1.1990.', 'n');
insert into CandidatesData (idno) VALUES (6016);
insert into Candidacy (wkid, idno, supportedby) VALUES (194, 6016, 32);
insert into Citizen (idno, title, firstname, lastname, dateofbirth, gender) VALUES (6017, '', 'Michael', 'May', '1.1.1949.', 'n');
insert into CandidatesData (idno) VALUES (6017);
insert into Landeslistenplatz (llid, idno, position) VALUES (255, 6017, 5);
insert into Citizen (idno, title, firstname, lastname, dateofbirth, gender) VALUES (6018, 'Dr. ', 'Norbert', 'Mayer', '1.1.1947.', 'n');
insert into CandidatesData (idno) VALUES (6018);
insert into Candidacy (wkid, idno, supportedby) VALUES (584, 6018, 4);
insert into Landeslistenplatz (llid, idno, position) VALUES (224, 6018, 29);
insert into Citizen (idno, title, firstname, lastname, dateofbirth, gender) VALUES (6019, '', 'Hermann', 'Mayer', '1.1.1952.', 'n');
insert into CandidatesData (idno) VALUES (6019);
insert into Candidacy (wkid, idno, supportedby) VALUES (506, 6019, 33);
insert into Landeslistenplatz (llid, idno, position) VALUES (342, 6019, 6);
insert into Citizen (idno, title, firstname, lastname, dateofbirth, gender) VALUES (6020, '', 'Johann', 'Mayer', '1.1.1960.', 'n');
insert into CandidatesData (idno) VALUES (6020);
insert into Candidacy (wkid, idno, supportedby) VALUES (470, 6020, 5);
insert into Landeslistenplatz (llid, idno, position) VALUES (238, 6020, 48);
insert into Citizen (idno, title, firstname, lastname, dateofbirth, gender) VALUES (6021, '', 'Maximilian', 'Mayer', '1.1.1991.', 'n');
insert into CandidatesData (idno) VALUES (6021);
insert into Landeslistenplatz (llid, idno, position) VALUES (204, 6021, 15);
insert into Citizen (idno, title, firstname, lastname, dateofbirth, gender) VALUES (6022, '', 'Stephan Ernst Johann', 'Mayer', '1.1.1973.', 'n');
insert into CandidatesData (idno) VALUES (6022);
insert into Candidacy (wkid, idno, supportedby) VALUES (426, 6022, 9);
insert into Citizen (idno, title, firstname, lastname, dateofbirth, gender) VALUES (6023, '', 'Thomas Johann', 'Mayr', '1.1.1988.', 'n');
insert into CandidatesData (idno) VALUES (6023);
insert into Landeslistenplatz (llid, idno, position) VALUES (228, 6023, 18);
insert into Citizen (idno, title, firstname, lastname, dateofbirth, gender) VALUES (6024, '', 'Dieter', 'McDevitt', '1.1.1964.', 'n');
insert into CandidatesData (idno) VALUES (6024);
insert into Candidacy (wkid, idno, supportedby) VALUES (284, 6024, 7);
insert into Landeslistenplatz (llid, idno, position) VALUES (248, 6024, 20);
insert into Citizen (idno, title, firstname, lastname, dateofbirth, gender) VALUES (6025, '', 'Gernot', 'Mebus', '1.1.1960.', 'n');
insert into CandidatesData (idno) VALUES (6025);
insert into Landeslistenplatz (llid, idno, position) VALUES (280, 6025, 5);
insert into Citizen (idno, title, firstname, lastname, dateofbirth, gender) VALUES (6026, '', 'Uwe', 'Meenen', '1.1.1965.', 'n');
insert into CandidatesData (idno) VALUES (6026);
insert into Candidacy (wkid, idno, supportedby) VALUES (152, 6026, 1);
insert into Landeslistenplatz (llid, idno, position) VALUES (423, 6026, 4);
insert into Citizen (idno, title, firstname, lastname, dateofbirth, gender) VALUES (6027, '', 'Hildegard', 'Meffert', '1.1.1958.', 'n');
insert into CandidatesData (idno) VALUES (6027);
insert into Landeslistenplatz (llid, idno, position) VALUES (356, 6027, 18);
insert into Citizen (idno, title, firstname, lastname, dateofbirth, gender) VALUES (6028, '', 'Paul', 'Meichelböck', '1.1.1960.', 'n');
insert into CandidatesData (idno) VALUES (6028);
insert into Candidacy (wkid, idno, supportedby) VALUES (514, 6028, 3);
insert into Citizen (idno, title, firstname, lastname, dateofbirth, gender) VALUES (6029, '', 'Edmund', 'Meier', '1.1.1959.', 'n');
insert into CandidatesData (idno) VALUES (6029);
insert into Landeslistenplatz (llid, idno, position) VALUES (409, 6029, 6);
insert into Citizen (idno, title, firstname, lastname, dateofbirth, gender) VALUES (6030, '', 'Karl', 'Meier', '1.1.1955.', 'n');
insert into CandidatesData (idno) VALUES (6030);
insert into Candidacy (wkid, idno, supportedby) VALUES (470, 6030, 32);
insert into Landeslistenplatz (llid, idno, position) VALUES (206, 6030, 36);
insert into Citizen (idno, title, firstname, lastname, dateofbirth, gender) VALUES (6031, '', 'Matin', 'Meier', '1.1.1976.', 'n');
insert into CandidatesData (idno) VALUES (6031);
insert into Landeslistenplatz (llid, idno, position) VALUES (201, 6031, 41);
insert into Citizen (idno, title, firstname, lastname, dateofbirth, gender) VALUES (6032, '', 'Reiner', 'Meier', '1.1.1953.', 'n');
insert into CandidatesData (idno) VALUES (6032);
insert into Landeslistenplatz (llid, idno, position) VALUES (220, 6032, 36);
insert into Citizen (idno, title, firstname, lastname, dateofbirth, gender) VALUES (6033, '', 'Stephan', 'Meier', '1.1.1991.', 'n');
insert into CandidatesData (idno) VALUES (6033);
insert into Landeslistenplatz (llid, idno, position) VALUES (220, 6033, 51);
insert into Citizen (idno, title, firstname, lastname, dateofbirth, gender) VALUES (6034, '', 'Wolfgang', 'Meier', '1.1.1942.', 'n');
insert into CandidatesData (idno) VALUES (6034);
insert into Landeslistenplatz (llid, idno, position) VALUES (358, 6034, 3);
insert into Citizen (idno, title, firstname, lastname, dateofbirth, gender) VALUES (6035, '', 'Horst', 'Meierhofer', '1.1.1972.', 'n');
insert into CandidatesData (idno) VALUES (6035);
insert into Candidacy (wkid, idno, supportedby) VALUES (466, 6035, 4);
insert into Landeslistenplatz (llid, idno, position) VALUES (276, 6035, 2);
insert into Citizen (idno, title, firstname, lastname, dateofbirth, gender) VALUES (6036, '', 'Henrick', 'Meine', '1.1.1976.', 'n');
insert into CandidatesData (idno) VALUES (6036);
insert into Candidacy (wkid, idno, supportedby) VALUES (408, 6036, 4);
insert into Landeslistenplatz (llid, idno, position) VALUES (294, 6036, 15);
insert into Citizen (idno, title, firstname, lastname, dateofbirth, gender) VALUES (6037, '', 'Patrick', 'Meinhardt', '1.1.1966.', 'n');
insert into CandidatesData (idno) VALUES (6037);
insert into Candidacy (wkid, idno, supportedby) VALUES (544, 6037, 4);
insert into Landeslistenplatz (llid, idno, position) VALUES (224, 6037, 9);
insert into Citizen (idno, title, firstname, lastname, dateofbirth, gender) VALUES (6038, '', 'Sanna Milena', 'Meinke', '1.1.1971.', 'n');
insert into CandidatesData (idno) VALUES (6038);
insert into Landeslistenplatz (llid, idno, position) VALUES (227, 6038, 26);
insert into Citizen (idno, title, firstname, lastname, dateofbirth, gender) VALUES (6039, '', 'Dennis', 'Meisberger', '1.1.1988.', 'n');
insert into CandidatesData (idno) VALUES (6039);
insert into Landeslistenplatz (llid, idno, position) VALUES (226, 6039, 13);
insert into Citizen (idno, title, firstname, lastname, dateofbirth, gender) VALUES (6040, '', 'Wolfgang', 'Meischner', '1.1.1954.', 'n');
insert into CandidatesData (idno) VALUES (6040);
insert into Candidacy (wkid, idno, supportedby) VALUES (468, 6040, 36);
insert into Landeslistenplatz (llid, idno, position) VALUES (295, 6040, 17);
insert into Citizen (idno, title, firstname, lastname, dateofbirth, gender) VALUES (6041, '', 'Ariane Christine', 'Meise', '1.1.1960.', 'n');
insert into CandidatesData (idno) VALUES (6041);
insert into Candidacy (wkid, idno, supportedby) VALUES (196, 6041, 1);
insert into Landeslistenplatz (llid, idno, position) VALUES (376, 6041, 3);
insert into Citizen (idno, title, firstname, lastname, dateofbirth, gender) VALUES (6042, '', 'Ute Maria', 'Meiser', '1.1.1959.', 'n');
insert into CandidatesData (idno) VALUES (6042);
insert into Landeslistenplatz (llid, idno, position) VALUES (366, 6042, 7);
insert into Citizen (idno, title, firstname, lastname, dateofbirth, gender) VALUES (6043, '', 'Wolfgang', 'Meiser', '1.1.1961.', 'n');
insert into CandidatesData (idno) VALUES (6043);
insert into Landeslistenplatz (llid, idno, position) VALUES (430, 6043, 4);
insert into Citizen (idno, title, firstname, lastname, dateofbirth, gender) VALUES (6044, '', 'Heidi', 'Meißner', '1.1.1980.', 'n');
insert into CandidatesData (idno) VALUES (6044);
insert into Candidacy (wkid, idno, supportedby) VALUES (316, 6044, 5);
insert into Landeslistenplatz (llid, idno, position) VALUES (361, 6044, 5);
insert into Citizen (idno, title, firstname, lastname, dateofbirth, gender) VALUES (6045, '', 'Wilfried Kurt Albin', 'Meißner', '1.1.1957.', 'n');
insert into CandidatesData (idno) VALUES (6045);
insert into Candidacy (wkid, idno, supportedby) VALUES (392, 6045, NULL);
insert into Citizen (idno, title, firstname, lastname, dateofbirth, gender) VALUES (6046, 'Dr. ', 'Michael Günther', 'Meister', '1.1.1961.', 'n');
insert into CandidatesData (idno) VALUES (6046);
insert into Candidacy (wkid, idno, supportedby) VALUES (376, 6046, 12);
insert into Landeslistenplatz (llid, idno, position) VALUES (262, 6046, 3);
insert into Citizen (idno, title, firstname, lastname, dateofbirth, gender) VALUES (6047, '', 'Roland Matthäus', 'Meister', '1.1.1953.', 'n');
insert into CandidatesData (idno) VALUES (6047);
insert into Landeslistenplatz (llid, idno, position) VALUES (207, 6047, 7);
insert into Citizen (idno, title, firstname, lastname, dateofbirth, gender) VALUES (6048, '', 'Thomas', 'Meister', '1.1.1974.', 'n');
insert into CandidatesData (idno) VALUES (6048);
insert into Candidacy (wkid, idno, supportedby) VALUES (46, 6048, 33);
insert into Citizen (idno, title, firstname, lastname, dateofbirth, gender) VALUES (6049, '', 'Peter', 'Meiwald', '1.1.1966.', 'n');
insert into CandidatesData (idno) VALUES (6049);
insert into Candidacy (wkid, idno, supportedby) VALUES (54, 6049, 5);
insert into Landeslistenplatz (llid, idno, position) VALUES (316, 6049, 6);
insert into Citizen (idno, title, firstname, lastname, dateofbirth, gender) VALUES (6050, '', 'André', 'Meixner', '1.1.1965.', 'n');
insert into CandidatesData (idno) VALUES (6050);
insert into Landeslistenplatz (llid, idno, position) VALUES (332, 6050, 7);
insert into Citizen (idno, title, firstname, lastname, dateofbirth, gender) VALUES (6051, '', 'Norbert', 'Meixner', '1.1.1945.', 'n');
insert into CandidatesData (idno) VALUES (6051);
insert into Candidacy (wkid, idno, supportedby) VALUES (4, 6051, 3);
insert into Citizen (idno, title, firstname, lastname, dateofbirth, gender) VALUES (6052, '', 'Michael', 'Melter', '1.1.1959.', 'n');
insert into CandidatesData (idno) VALUES (6052);
insert into Landeslistenplatz (llid, idno, position) VALUES (382, 6052, 10);
insert into Citizen (idno, title, firstname, lastname, dateofbirth, gender) VALUES (6053, '', 'Bernd', 'Memenga', '1.1.1973.', 'n');
insert into CandidatesData (idno) VALUES (6053);
insert into Landeslistenplatz (llid, idno, position) VALUES (217, 6053, 41);
insert into Citizen (idno, title, firstname, lastname, dateofbirth, gender) VALUES (6054, '', 'Peter', 'Mendelsohn', '1.1.1972.', 'n');
insert into CandidatesData (idno) VALUES (6054);
insert into Candidacy (wkid, idno, supportedby) VALUES (550, 6054, 31);
insert into Citizen (idno, title, firstname, lastname, dateofbirth, gender) VALUES (6055, 'Dr. ', 'Thomas', 'Mengel', '1.1.1959.', 'n');
insert into CandidatesData (idno) VALUES (6055);
insert into Candidacy (wkid, idno, supportedby) VALUES (564, 6055, 2);
insert into Landeslistenplatz (llid, idno, position) VALUES (249, 6055, 30);
insert into Citizen (idno, title, firstname, lastname, dateofbirth, gender) VALUES (6056, '', 'Brigit', 'Menz', '1.1.1962.', 'n');
insert into CandidatesData (idno) VALUES (6056);
insert into Landeslistenplatz (llid, idno, position) VALUES (222, 6056, 3);
insert into Citizen (idno, title, firstname, lastname, dateofbirth, gender) VALUES (6057, '', 'Jürgen', 'Menzel', '1.1.1963.', 'n');
insert into CandidatesData (idno) VALUES (6057);
insert into Candidacy (wkid, idno, supportedby) VALUES (522, 6057, 5);
insert into Landeslistenplatz (llid, idno, position) VALUES (234, 6057, 20);
insert into Citizen (idno, title, firstname, lastname, dateofbirth, gender) VALUES (6058, '', 'Dorothée', 'Menzner', '1.1.1965.', 'n');
insert into CandidatesData (idno) VALUES (6058);
insert into Candidacy (wkid, idno, supportedby) VALUES (98, 6058, 3);
insert into Citizen (idno, title, firstname, lastname, dateofbirth, gender) VALUES (6059, '', 'Lübbo', 'Meppen', '1.1.1956.', 'n');
insert into CandidatesData (idno) VALUES (6059);
insert into Candidacy (wkid, idno, supportedby) VALUES (52, 6059, 4);
insert into Landeslistenplatz (llid, idno, position) VALUES (301, 6059, 15);
insert into Citizen (idno, title, firstname, lastname, dateofbirth, gender) VALUES (6060, '', 'Derya', 'Meral', '1.1.1989.', 'n');
insert into CandidatesData (idno) VALUES (6060);
insert into Landeslistenplatz (llid, idno, position) VALUES (270, 6060, 4);
insert into Citizen (idno, title, firstname, lastname, dateofbirth, gender) VALUES (6061, '', 'Moritz', 'Mergen', '1.1.1988.', 'n');
insert into CandidatesData (idno) VALUES (6061);
insert into Landeslistenplatz (llid, idno, position) VALUES (294, 6061, 21);
insert into Citizen (idno, title, firstname, lastname, dateofbirth, gender) VALUES (6062, '', 'Jochen', 'Meridies', '1.1.1931.', 'n');
insert into CandidatesData (idno) VALUES (6062);
insert into Landeslistenplatz (llid, idno, position) VALUES (343, 6062, 6);
insert into Citizen (idno, title, firstname, lastname, dateofbirth, gender) VALUES (6063, '', 'Christoph', 'Merk', '1.1.1973.', 'n');
insert into CandidatesData (idno) VALUES (6063);
insert into Candidacy (wkid, idno, supportedby) VALUES (574, 6063, 36);
insert into Citizen (idno, title, firstname, lastname, dateofbirth, gender) VALUES (6064, '', 'Monika Manuela Carmen', 'Merk', '1.1.1963.', 'n');
insert into CandidatesData (idno) VALUES (6064);
insert into Candidacy (wkid, idno, supportedby) VALUES (156, 6064, 3);
insert into Landeslistenplatz (llid, idno, position) VALUES (372, 6064, 9);
insert into Citizen (idno, title, firstname, lastname, dateofbirth, gender) VALUES (6065, 'Dr. ', 'Angela Dorothea', 'Merkel', '1.1.1954.', 'n');
insert into CandidatesData (idno) VALUES (6065);
insert into Candidacy (wkid, idno, supportedby) VALUES (30, 6065, 12);
insert into Landeslistenplatz (llid, idno, position) VALUES (367, 6065, 1);
insert into Citizen (idno, title, firstname, lastname, dateofbirth, gender) VALUES (6066, '', 'Johannes', 'Merkert', '1.1.1984.', 'n');
insert into CandidatesData (idno) VALUES (6066);
insert into Candidacy (wkid, idno, supportedby) VALUES (420, 6066, 7);
insert into Landeslistenplatz (llid, idno, position) VALUES (349, 6066, 10);
insert into Citizen (idno, title, firstname, lastname, dateofbirth, gender) VALUES (6067, '', 'Bettina', 'Merkl-Zierer', '1.1.1959.', 'n');
insert into CandidatesData (idno) VALUES (6067);
insert into Candidacy (wkid, idno, supportedby) VALUES (508, 6067, 5);
insert into Landeslistenplatz (llid, idno, position) VALUES (238, 6067, 39);
insert into Citizen (idno, title, firstname, lastname, dateofbirth, gender) VALUES (6068, '', 'Harald', 'Merl', '1.1.1970.', 'n');
insert into CandidatesData (idno) VALUES (6068);
insert into Candidacy (wkid, idno, supportedby) VALUES (468, 6068, 1);
insert into Citizen (idno, title, firstname, lastname, dateofbirth, gender) VALUES (6069, '', 'Mustafa', 'Mert', '1.1.1969.', 'n');
insert into CandidatesData (idno) VALUES (6069);
insert into Landeslistenplatz (llid, idno, position) VALUES (363, 6069, 3);
insert into Citizen (idno, title, firstname, lastname, dateofbirth, gender) VALUES (6070, '', 'Yasar', 'Mert', '1.1.1973.', 'n');
insert into CandidatesData (idno) VALUES (6070);
insert into Landeslistenplatz (llid, idno, position) VALUES (223, 6070, 3);
insert into Citizen (idno, title, firstname, lastname, dateofbirth, gender) VALUES (6071, 'Dr. ', 'Robert', 'Mertel', '1.1.1940.', 'n');
insert into CandidatesData (idno) VALUES (6071);
insert into Candidacy (wkid, idno, supportedby) VALUES (442, 6071, NULL);
insert into Citizen (idno, title, firstname, lastname, dateofbirth, gender) VALUES (6072, '', 'Ingo Friedrich', 'Merten', '1.1.1973.', 'n');
insert into CandidatesData (idno) VALUES (6072);
insert into Landeslistenplatz (llid, idno, position) VALUES (309, 6072, 5);
insert into Citizen (idno, title, firstname, lastname, dateofbirth, gender) VALUES (6073, '', 'Engelbert', 'Merz', '1.1.1965.', 'n');
insert into CandidatesData (idno) VALUES (6073);
insert into Candidacy (wkid, idno, supportedby) VALUES (312, 6073, NULL);
insert into Citizen (idno, title, firstname, lastname, dateofbirth, gender) VALUES (6074, '', 'Jessica', 'Messinger', '1.1.1988.', 'n');
insert into CandidatesData (idno) VALUES (6074);
insert into Landeslistenplatz (llid, idno, position) VALUES (234, 6074, 29);
insert into Citizen (idno, title, firstname, lastname, dateofbirth, gender) VALUES (6075, '', 'Ullrich Karl Wolfgang', 'Meßmer', '1.1.1954.', 'n');
insert into CandidatesData (idno) VALUES (6075);
insert into Candidacy (wkid, idno, supportedby) VALUES (334, 6075, 2);
insert into Landeslistenplatz (llid, idno, position) VALUES (227, 6075, 21);
insert into Citizen (idno, title, firstname, lastname, dateofbirth, gender) VALUES (6076, '', 'Carlo', 'Metterhausen', '1.1.1991.', 'n');
insert into CandidatesData (idno) VALUES (6076);
insert into Candidacy (wkid, idno, supportedby) VALUES (192, 6076, 31);
insert into Citizen (idno, title, firstname, lastname, dateofbirth, gender) VALUES (6077, 'Dr. ', 'Horst Georg', 'Metz', '1.1.1973.', 'n');
insert into CandidatesData (idno) VALUES (6077);
insert into Landeslistenplatz (llid, idno, position) VALUES (339, 6077, 2);
insert into Citizen (idno, title, firstname, lastname, dateofbirth, gender) VALUES (6078, '', 'Anette Sabine', 'Metzger', '1.1.1964.', 'n');
insert into CandidatesData (idno) VALUES (6078);
insert into Candidacy (wkid, idno, supportedby) VALUES (420, 6078, 22);
insert into Citizen (idno, title, firstname, lastname, dateofbirth, gender) VALUES (6079, '', 'Jan', 'Metzler', '1.1.1981.', 'n');
insert into CandidatesData (idno) VALUES (6079);
insert into Candidacy (wkid, idno, supportedby) VALUES (414, 6079, 12);
insert into Landeslistenplatz (llid, idno, position) VALUES (312, 6079, 11);
insert into Citizen (idno, title, firstname, lastname, dateofbirth, gender) VALUES (6080, '', 'Helmut', 'Metzner', '1.1.1968.', 'n');
insert into CandidatesData (idno) VALUES (6080);
insert into Candidacy (wkid, idno, supportedby) VALUES (166, 6080, 4);
insert into Landeslistenplatz (llid, idno, position) VALUES (263, 6080, 4);
insert into Citizen (idno, title, firstname, lastname, dateofbirth, gender) VALUES (6081, '', 'Klaus', 'Meurer', '1.1.1961.', 'n');
insert into CandidatesData (idno) VALUES (6081);
insert into Candidacy (wkid, idno, supportedby) VALUES (398, 6081, 5);
insert into Citizen (idno, title, firstname, lastname, dateofbirth, gender) VALUES (6082, '', 'Stephan Hans-Willy', 'Meusel', '1.1.1952.', 'n');
insert into CandidatesData (idno) VALUES (6082);
insert into Landeslistenplatz (llid, idno, position) VALUES (378, 6082, 4);
insert into Citizen (idno, title, firstname, lastname, dateofbirth, gender) VALUES (6083, '', 'Torsten', 'Meusel', '1.1.1964.', 'n');
insert into CandidatesData (idno) VALUES (6083);
insert into Landeslistenplatz (llid, idno, position) VALUES (233, 6083, 6);
insert into Citizen (idno, title, firstname, lastname, dateofbirth, gender) VALUES (6084, '', 'André', 'Meuser', '1.1.1978.', 'n');
insert into CandidatesData (idno) VALUES (6084);
insert into Landeslistenplatz (llid, idno, position) VALUES (375, 6084, 2);
insert into Citizen (idno, title, firstname, lastname, dateofbirth, gender) VALUES (6085, '', 'Lorenz Volker', 'Meyenburg', '1.1.1983.', 'n');
insert into CandidatesData (idno) VALUES (6085);
insert into Landeslistenplatz (llid, idno, position) VALUES (253, 6085, 39);
insert into Citizen (idno, title, firstname, lastname, dateofbirth, gender) VALUES (6086, '', 'Barbara', 'Meyer', '1.1.1984.', 'n');
insert into CandidatesData (idno) VALUES (6086);
insert into Candidacy (wkid, idno, supportedby) VALUES (592, 6086, 5);
insert into Landeslistenplatz (llid, idno, position) VALUES (366, 6086, 3);
insert into Citizen (idno, title, firstname, lastname, dateofbirth, gender) VALUES (6087, '', 'Barbara', 'Meyer', '1.1.1978.', 'n');
insert into CandidatesData (idno) VALUES (6087);
insert into Landeslistenplatz (llid, idno, position) VALUES (406, 6087, 4);
insert into Citizen (idno, title, firstname, lastname, dateofbirth, gender) VALUES (6088, '', 'Bert', 'Meyer', '1.1.1975.', 'n');
insert into CandidatesData (idno) VALUES (6088);
insert into Candidacy (wkid, idno, supportedby) VALUES (328, 6088, 5);
insert into Landeslistenplatz (llid, idno, position) VALUES (361, 6088, 12);
insert into Citizen (idno, title, firstname, lastname, dateofbirth, gender) VALUES (6089, '', 'Christian', 'Meyer', '1.1.1962.', 'n');
insert into CandidatesData (idno) VALUES (6089);
insert into Candidacy (wkid, idno, supportedby) VALUES (532, 6089, 4);
insert into Citizen (idno, title, firstname, lastname, dateofbirth, gender) VALUES (6090, 'Dr. ', 'Jürgen', 'Meyer', '1.1.1957.', 'n');
insert into CandidatesData (idno) VALUES (6090);
insert into Landeslistenplatz (llid, idno, position) VALUES (265, 6090, 20);
insert into Citizen (idno, title, firstname, lastname, dateofbirth, gender) VALUES (6091, '', 'Gerd', 'Meyer', '1.1.1947.', 'n');
insert into CandidatesData (idno) VALUES (6091);
insert into Landeslistenplatz (llid, idno, position) VALUES (213, 6091, 38);
insert into Citizen (idno, title, firstname, lastname, dateofbirth, gender) VALUES (6092, '', 'Hans-Jakob', 'Meyer', '1.1.1964.', 'n');
insert into CandidatesData (idno) VALUES (6092);
insert into Landeslistenplatz (llid, idno, position) VALUES (312, 6092, 31);
insert into Citizen (idno, title, firstname, lastname, dateofbirth, gender) VALUES (6093, '', 'Heike', 'Meyer', '1.1.1962.', 'n');
insert into CandidatesData (idno) VALUES (6093);
insert into Landeslistenplatz (llid, idno, position) VALUES (262, 6093, 23);
insert into Citizen (idno, title, firstname, lastname, dateofbirth, gender) VALUES (6094, '', 'Ingo', 'Meyer', '1.1.1978.', 'n');
insert into CandidatesData (idno) VALUES (6094);
insert into Candidacy (wkid, idno, supportedby) VALUES (284, 6094, NULL);
insert into Citizen (idno, title, firstname, lastname, dateofbirth, gender) VALUES (6095, '', 'Jens Gerd', 'Meyer', '1.1.1957.', 'n');
insert into CandidatesData (idno) VALUES (6095);
insert into Landeslistenplatz (llid, idno, position) VALUES (277, 6095, 15);
insert into Citizen (idno, title, firstname, lastname, dateofbirth, gender) VALUES (6096, '', 'Leona', 'Meyer', '1.1.1987.', 'n');
insert into CandidatesData (idno) VALUES (6096);
insert into Landeslistenplatz (llid, idno, position) VALUES (326, 6096, 2);
insert into Citizen (idno, title, firstname, lastname, dateofbirth, gender) VALUES (6097, '', 'Maria', 'Meyer', '1.1.1954.', 'n');
insert into CandidatesData (idno) VALUES (6097);
insert into Landeslistenplatz (llid, idno, position) VALUES (346, 6097, 1);
insert into Citizen (idno, title, firstname, lastname, dateofbirth, gender) VALUES (6098, '', 'Rolf Karl Heinrich', 'Meyer', '1.1.1941.', 'n');
insert into CandidatesData (idno) VALUES (6098);
insert into Landeslistenplatz (llid, idno, position) VALUES (290, 6098, 21);
insert into Citizen (idno, title, firstname, lastname, dateofbirth, gender) VALUES (6099, '', 'Stefan Franz', 'Meyer', '1.1.1984.', 'n');
insert into CandidatesData (idno) VALUES (6099);
insert into Landeslistenplatz (llid, idno, position) VALUES (220, 6099, 54);
insert into Citizen (idno, title, firstname, lastname, dateofbirth, gender) VALUES (6100, '', 'Ute', 'Meyer', '1.1.1967.', 'n');
insert into CandidatesData (idno) VALUES (6100);
insert into Landeslistenplatz (llid, idno, position) VALUES (225, 6100, 10);
insert into Citizen (idno, title, firstname, lastname, dateofbirth, gender) VALUES (6101, '', 'Marita', 'Meyer-Kainer', '1.1.1954.', 'n');
insert into CandidatesData (idno) VALUES (6101);
insert into Landeslistenplatz (llid, idno, position) VALUES (398, 6101, 7);
insert into Citizen (idno, title, firstname, lastname, dateofbirth, gender) VALUES (6102, '', 'Axel', 'Michaelis', '1.1.1965.', 'n');
insert into CandidatesData (idno) VALUES (6102);
insert into Candidacy (wkid, idno, supportedby) VALUES (484, 6102, 1);
insert into Landeslistenplatz (llid, idno, position) VALUES (392, 6102, 6);
insert into Citizen (idno, title, firstname, lastname, dateofbirth, gender) VALUES (6103, '', 'Dirk', 'Michaelis', '1.1.1978.', 'n');
insert into CandidatesData (idno) VALUES (6103);
insert into Candidacy (wkid, idno, supportedby) VALUES (98, 6103, 4);
insert into Citizen (idno, title, firstname, lastname, dateofbirth, gender) VALUES (6104, '', 'Ursula', 'Michalak', '1.1.1952.', 'n');
insert into CandidatesData (idno) VALUES (6104);
insert into Landeslistenplatz (llid, idno, position) VALUES (335, 6104, 19);
insert into Citizen (idno, title, firstname, lastname, dateofbirth, gender) VALUES (6105, '', 'Maria Ludwiga', 'Michalk', '1.1.1949.', 'n');
insert into CandidatesData (idno) VALUES (6105);
insert into Candidacy (wkid, idno, supportedby) VALUES (312, 6105, 12);
insert into Landeslistenplatz (llid, idno, position) VALUES (308, 6105, 3);
insert into Citizen (idno, title, firstname, lastname, dateofbirth, gender) VALUES (6106, '', 'Hans', 'Michelbach', '1.1.1949.', 'n');
insert into CandidatesData (idno) VALUES (6106);
insert into Candidacy (wkid, idno, supportedby) VALUES (476, 6106, 9);
insert into Landeslistenplatz (llid, idno, position) VALUES (220, 6106, 14);
insert into Citizen (idno, title, firstname, lastname, dateofbirth, gender) VALUES (6107, '', 'Martin Alexander', 'Michels', '1.1.1979.', 'n');
insert into CandidatesData (idno) VALUES (6107);
insert into Candidacy (wkid, idno, supportedby) VALUES (54, 6107, 3);
insert into Landeslistenplatz (llid, idno, position) VALUES (304, 6107, 6);
insert into Citizen (idno, title, firstname, lastname, dateofbirth, gender) VALUES (6108, '', 'Matthäus Josef', 'Michlbauer', '1.1.1966.', 'n');
insert into CandidatesData (idno) VALUES (6108);
insert into Landeslistenplatz (llid, idno, position) VALUES (393, 6108, 12);
insert into Citizen (idno, title, firstname, lastname, dateofbirth, gender) VALUES (6109, 'Dr. ', 'Mathias', 'Middelberg', '1.1.1964.', 'n');
insert into CandidatesData (idno) VALUES (6109);
insert into Candidacy (wkid, idno, supportedby) VALUES (78, 6109, 12);
insert into Landeslistenplatz (llid, idno, position) VALUES (217, 6109, 6);
insert into Citizen (idno, title, firstname, lastname, dateofbirth, gender) VALUES (6110, 'Dr. ', 'Matthias', 'Miersch', '1.1.1968.', 'n');
insert into CandidatesData (idno) VALUES (6110);
insert into Candidacy (wkid, idno, supportedby) VALUES (94, 6110, 2);
insert into Landeslistenplatz (llid, idno, position) VALUES (242, 6110, 11);
insert into Citizen (idno, title, firstname, lastname, dateofbirth, gender) VALUES (6111, '', 'Mario', 'Mieruch', '1.1.1975.', 'n');
insert into CandidatesData (idno) VALUES (6111);
insert into Candidacy (wkid, idno, supportedby) VALUES (256, 6111, 33);
insert into Citizen (idno, title, firstname, lastname, dateofbirth, gender) VALUES (6112, '', 'Matthias', 'Mieth', '1.1.1981.', 'n');
insert into CandidatesData (idno) VALUES (6112);
insert into Landeslistenplatz (llid, idno, position) VALUES (302, 6112, 6);
insert into Citizen (idno, title, firstname, lastname, dateofbirth, gender) VALUES (6113, 'Dr. ', 'Kai', 'Mifka', '1.1.1971.', 'n');
insert into CandidatesData (idno) VALUES (6113);
insert into Candidacy (wkid, idno, supportedby) VALUES (410, 6113, 4);
insert into Landeslistenplatz (llid, idno, position) VALUES (294, 6113, 8);
insert into Citizen (idno, title, firstname, lastname, dateofbirth, gender) VALUES (6114, '', 'Irene', 'Mihalic', '1.1.1976.', 'n');
insert into CandidatesData (idno) VALUES (6114);
insert into Candidacy (wkid, idno, supportedby) VALUES (246, 6114, 5);
insert into Landeslistenplatz (llid, idno, position) VALUES (256, 6114, 7);
insert into Citizen (idno, title, firstname, lastname, dateofbirth, gender) VALUES (6115, '', 'Manuel', 'Mikolajtzyk', '1.1.1982.', 'n');
insert into CandidatesData (idno) VALUES (6115);
insert into Candidacy (wkid, idno, supportedby) VALUES (240, 6115, 1);
insert into Citizen (idno, title, firstname, lastname, dateofbirth, gender) VALUES (6116, '', 'Christian', 'Mildenberger', '1.1.1984.', 'n');
insert into CandidatesData (idno) VALUES (6116);
insert into Landeslistenplatz (llid, idno, position) VALUES (279, 6116, 30);
insert into Citizen (idno, title, firstname, lastname, dateofbirth, gender) VALUES (6117, '', 'Klaus', 'Mindrup', '1.1.1964.', 'n');
insert into CandidatesData (idno) VALUES (6117);
insert into Candidacy (wkid, idno, supportedby) VALUES (152, 6117, 2);
insert into Landeslistenplatz (llid, idno, position) VALUES (355, 6117, 4);
insert into Citizen (idno, title, firstname, lastname, dateofbirth, gender) VALUES (6118, '', 'Walter', 'Mini', '1.1.1952.', 'n');
insert into CandidatesData (idno) VALUES (6118);
insert into Candidacy (wkid, idno, supportedby) VALUES (446, 6118, 3);
insert into Citizen (idno, title, firstname, lastname, dateofbirth, gender) VALUES (6119, '', 'Sefika', 'Minte', '1.1.1980.', 'n');
insert into CandidatesData (idno) VALUES (6119);
insert into Landeslistenplatz (llid, idno, position) VALUES (269, 6119, 24);
insert into Citizen (idno, title, firstname, lastname, dateofbirth, gender) VALUES (6120, '', 'Richard Franz', 'Miosga', '1.1.1944.', 'n');
insert into CandidatesData (idno) VALUES (6120);
insert into Candidacy (wkid, idno, supportedby) VALUES (150, 6120, 1);
insert into Citizen (idno, title, firstname, lastname, dateofbirth, gender) VALUES (6121, '', 'Sahra', 'Mirow', '1.1.1984.', 'n');
insert into CandidatesData (idno) VALUES (6121);
insert into Candidacy (wkid, idno, supportedby) VALUES (548, 6121, 3);
insert into Landeslistenplatz (llid, idno, position) VALUES (324, 6121, 9);
insert into Citizen (idno, title, firstname, lastname, dateofbirth, gender) VALUES (6122, '', 'Thomas Walter Friedrich', 'Misch', '1.1.1957.', 'n');
insert into CandidatesData (idno) VALUES (6122);
insert into Candidacy (wkid, idno, supportedby) VALUES (22, 6122, 32);
insert into LandesListe (llid, year, pid, fsid) VALUES (432, 2013, 32, 13);
insert into Landeslistenplatz (llid, idno, position) VALUES (432, 6122, 2);
insert into Citizen (idno, title, firstname, lastname, dateofbirth, gender) VALUES (6123, '', 'Gertrud Evmarie', 'Mischau', '1.1.1958.', 'n');
insert into CandidatesData (idno) VALUES (6123);
insert into Landeslistenplatz (llid, idno, position) VALUES (247, 6123, 13);
insert into Citizen (idno, title, firstname, lastname, dateofbirth, gender) VALUES (6124, '', 'Klaus', 'Mischau', '1.1.1961.', 'n');
insert into CandidatesData (idno) VALUES (6124);
insert into Landeslistenplatz (llid, idno, position) VALUES (247, 6124, 9);
insert into Citizen (idno, title, firstname, lastname, dateofbirth, gender) VALUES (6125, '', 'Ismet', 'Misirlioglu', '1.1.1966.', 'n');
insert into CandidatesData (idno) VALUES (6125);
insert into Candidacy (wkid, idno, supportedby) VALUES (166, 6125, 34);
insert into Landeslistenplatz (llid, idno, position) VALUES (363, 6125, 1);
insert into Citizen (idno, title, firstname, lastname, dateofbirth, gender) VALUES (6126, '', 'Philipp', 'Mißfelder', '1.1.1979.', 'n');
insert into CandidatesData (idno) VALUES (6126);
insert into Candidacy (wkid, idno, supportedby) VALUES (242, 6126, 12);
insert into Landeslistenplatz (llid, idno, position) VALUES (310, 6126, 14);
insert into Citizen (idno, title, firstname, lastname, dateofbirth, gender) VALUES (6127, '', 'Susanne', 'Mittag', '1.1.1958.', 'n');
insert into CandidatesData (idno) VALUES (6127);
insert into Candidacy (wkid, idno, supportedby) VALUES (56, 6127, 2);
insert into Landeslistenplatz (llid, idno, position) VALUES (242, 6127, 4);
insert into Citizen (idno, title, firstname, lastname, dateofbirth, gender) VALUES (6128, '', 'Andreas', 'Mittelstädt', '1.1.1987.', 'n');
insert into CandidatesData (idno) VALUES (6128);
insert into Candidacy (wkid, idno, supportedby) VALUES (174, 6128, 5);
insert into Landeslistenplatz (llid, idno, position) VALUES (256, 6128, 30);
insert into Citizen (idno, title, firstname, lastname, dateofbirth, gender) VALUES (6129, '', 'Mona Isabell', 'Mittelstein', '1.1.1984.', 'n');
insert into CandidatesData (idno) VALUES (6129);
insert into Landeslistenplatz (llid, idno, position) VALUES (320, 6129, 9);
insert into Citizen (idno, title, firstname, lastname, dateofbirth, gender) VALUES (6130, '', 'Matthias', 'Mnich', '1.1.1971.', 'n');
insert into CandidatesData (idno) VALUES (6130);
insert into Candidacy (wkid, idno, supportedby) VALUES (130, 6130, 3);
insert into Landeslistenplatz (llid, idno, position) VALUES (412, 6130, 10);
insert into Citizen (idno, title, firstname, lastname, dateofbirth, gender) VALUES (6131, '', 'Torsten', 'Moch', '1.1.1975.', 'n');
insert into CandidatesData (idno) VALUES (6131);
insert into Landeslistenplatz (llid, idno, position) VALUES (279, 6131, 53);
insert into Citizen (idno, title, firstname, lastname, dateofbirth, gender) VALUES (6132, '', 'Martin', 'Moczarski', '1.1.1979.', 'n');
insert into CandidatesData (idno) VALUES (6132);
insert into Landeslistenplatz (llid, idno, position) VALUES (219, 6132, 3);
insert into Citizen (idno, title, firstname, lastname, dateofbirth, gender) VALUES (6133, 'Dr. ', 'Gert Walter', 'Möbius', '1.1.1962.', 'n');
insert into CandidatesData (idno) VALUES (6133);
insert into Landeslistenplatz (llid, idno, position) VALUES (341, 6133, 12);
insert into Citizen (idno, title, firstname, lastname, dateofbirth, gender) VALUES (6134, '', 'Cornelia Ilse', 'Möhring', '1.1.1960.', 'n');
insert into CandidatesData (idno) VALUES (6134);
insert into Candidacy (wkid, idno, supportedby) VALUES (14, 6134, 3);
insert into Landeslistenplatz (llid, idno, position) VALUES (320, 6134, 1);
insert into Citizen (idno, title, firstname, lastname, dateofbirth, gender) VALUES (6135, '', 'Volker', 'Möll', '1.1.1964.', 'n');
insert into CandidatesData (idno) VALUES (6135);
insert into Candidacy (wkid, idno, supportedby) VALUES (102, 6135, 5);
insert into Landeslistenplatz (llid, idno, position) VALUES (316, 6135, 18);
insert into Citizen (idno, title, firstname, lastname, dateofbirth, gender) VALUES (6136, '', 'Dirk', 'Möller', '1.1.1991.', 'n');
insert into CandidatesData (idno) VALUES (6136);
insert into Landeslistenplatz (llid, idno, position) VALUES (277, 6136, 17);
insert into Citizen (idno, title, firstname, lastname, dateofbirth, gender) VALUES (6137, '', 'Felix', 'Möller', '1.1.1986.', 'n');
insert into CandidatesData (idno) VALUES (6137);
insert into Candidacy (wkid, idno, supportedby) VALUES (374, 6137, 5);
insert into Landeslistenplatz (llid, idno, position) VALUES (318, 6137, 24);
insert into Citizen (idno, title, firstname, lastname, dateofbirth, gender) VALUES (6138, '', 'Lüder', 'Möller', '1.1.1949.', 'n');
insert into CandidatesData (idno) VALUES (6138);
insert into Landeslistenplatz (llid, idno, position) VALUES (346, 6138, 2);
insert into Citizen (idno, title, firstname, lastname, dateofbirth, gender) VALUES (6139, '', 'Monique', 'Möller', '1.1.1982.', 'n');
insert into CandidatesData (idno) VALUES (6139);
insert into Landeslistenplatz (llid, idno, position) VALUES (271, 6139, 10);
insert into Citizen (idno, title, firstname, lastname, dateofbirth, gender) VALUES (6140, '', 'Wolfgang', 'Möller', '1.1.1957.', 'n');
insert into CandidatesData (idno) VALUES (6140);
insert into Candidacy (wkid, idno, supportedby) VALUES (40, 6140, 1);
insert into Landeslistenplatz (llid, idno, position) VALUES (212, 6140, 5);
insert into Citizen (idno, title, firstname, lastname, dateofbirth, gender) VALUES (6141, '', 'Karsten', 'Möring', '1.1.1949.', 'n');
insert into CandidatesData (idno) VALUES (6141);
insert into Candidacy (wkid, idno, supportedby) VALUES (186, 6141, 12);
insert into Landeslistenplatz (llid, idno, position) VALUES (310, 6141, 46);
insert into Citizen (idno, title, firstname, lastname, dateofbirth, gender) VALUES (6142, '', 'Elias', 'Mößner', '1.1.1983.', 'n');
insert into CandidatesData (idno) VALUES (6142);
insert into Landeslistenplatz (llid, idno, position) VALUES (314, 6142, 28);
insert into Citizen (idno, title, firstname, lastname, dateofbirth, gender) VALUES (6143, '', 'Furat', 'Mohammed', '1.1.1989.', 'n');
insert into CandidatesData (idno) VALUES (6143);
insert into Candidacy (wkid, idno, supportedby) VALUES (150, 6143, 32);
insert into Citizen (idno, title, firstname, lastname, dateofbirth, gender) VALUES (6144, '', 'Christoph', 'Mohs', '1.1.1971.', 'n');
insert into CandidatesData (idno) VALUES (6144);
insert into Landeslistenplatz (llid, idno, position) VALUES (326, 6144, 4);
insert into Citizen (idno, title, firstname, lastname, dateofbirth, gender) VALUES (6145, '', 'Hubertus', 'Mohs', '1.1.1939.', 'n');
insert into CandidatesData (idno) VALUES (6145);
insert into Candidacy (wkid, idno, supportedby) VALUES (516, 6145, 10);
insert into Landeslistenplatz (llid, idno, position) VALUES (326, 6145, 3);
insert into Citizen (idno, title, firstname, lastname, dateofbirth, gender) VALUES (6146, '', 'Carsten', 'Molitor', '1.1.1975.', 'n');
insert into CandidatesData (idno) VALUES (6146);
insert into Landeslistenplatz (llid, idno, position) VALUES (408, 6146, 3);
insert into Citizen (idno, title, firstname, lastname, dateofbirth, gender) VALUES (6147, '', 'Gabriele', 'Molitor', '1.1.1962.', 'n');
insert into CandidatesData (idno) VALUES (6147);
insert into Candidacy (wkid, idno, supportedby) VALUES (184, 6147, 4);
insert into Landeslistenplatz (llid, idno, position) VALUES (272, 6147, 11);
insert into Citizen (idno, title, firstname, lastname, dateofbirth, gender) VALUES (6148, '', 'Brigitte', 'Molnar', '1.1.1952.', 'n');
insert into CandidatesData (idno) VALUES (6148);
insert into Landeslistenplatz (llid, idno, position) VALUES (204, 6148, 24);
insert into Citizen (idno, title, firstname, lastname, dateofbirth, gender) VALUES (6149, '', 'Dietrich', 'Monstadt', '1.1.1957.', 'n');
insert into CandidatesData (idno) VALUES (6149);
insert into Candidacy (wkid, idno, supportedby) VALUES (24, 6149, 12);
insert into Landeslistenplatz (llid, idno, position) VALUES (367, 6149, 4);
insert into Citizen (idno, title, firstname, lastname, dateofbirth, gender) VALUES (6150, '', 'Jerzy', 'Montag', '1.1.1947.', 'n');
insert into CandidatesData (idno) VALUES (6150);
insert into Candidacy (wkid, idno, supportedby) VALUES (440, 6150, 5);
insert into Landeslistenplatz (llid, idno, position) VALUES (238, 6150, 16);
insert into Citizen (idno, title, firstname, lastname, dateofbirth, gender) VALUES (6151, '', 'Marion', 'Morassi', '1.1.1963.', 'n');
insert into CandidatesData (idno) VALUES (6151);
insert into Candidacy (wkid, idno, supportedby) VALUES (398, 6151, 3);
insert into Citizen (idno, title, firstname, lastname, dateofbirth, gender) VALUES (6152, '', 'Jan', 'Morgenroth', '1.1.1975.', 'n');
insert into CandidatesData (idno) VALUES (6152);
insert into Candidacy (wkid, idno, supportedby) VALUES (386, 6152, 1);
insert into Landeslistenplatz (llid, idno, position) VALUES (271, 6152, 5);
insert into Citizen (idno, title, firstname, lastname, dateofbirth, gender) VALUES (6153, '', 'Christopher', 'Morgenstern', '1.1.1983.', 'n');
insert into CandidatesData (idno) VALUES (6153);
insert into Landeslistenplatz (llid, idno, position) VALUES (245, 6153, 30);
insert into Citizen (idno, title, firstname, lastname, dateofbirth, gender) VALUES (6154, '', 'Heike', 'Morgenthal', '1.1.1965.', 'n');
insert into CandidatesData (idno) VALUES (6154);
insert into Landeslistenplatz (llid, idno, position) VALUES (250, 6154, 15);
insert into Citizen (idno, title, firstname, lastname, dateofbirth, gender) VALUES (6155, '', 'Harald', 'Moritz', '1.1.1957.', 'n');
insert into CandidatesData (idno) VALUES (6155);
insert into Candidacy (wkid, idno, supportedby) VALUES (168, 6155, 5);
insert into Citizen (idno, title, firstname, lastname, dateofbirth, gender) VALUES (6156, '', 'Simon', 'Moritz', '1.1.1984.', 'n');
insert into CandidatesData (idno) VALUES (6156);
insert into Candidacy (wkid, idno, supportedby) VALUES (480, 6156, 2);
insert into Landeslistenplatz (llid, idno, position) VALUES (260, 6156, 31);
insert into Citizen (idno, title, firstname, lastname, dateofbirth, gender) VALUES (6157, '', 'Daniel', 'Morteza Ghazvini', '1.1.1991.', 'n');
insert into CandidatesData (idno) VALUES (6157);
insert into Candidacy (wkid, idno, supportedby) VALUES (590, 6157, 3);
insert into Citizen (idno, title, firstname, lastname, dateofbirth, gender) VALUES (6158, '', 'Marlene', 'Mortler', '1.1.1955.', 'n');
insert into CandidatesData (idno) VALUES (6158);
insert into Candidacy (wkid, idno, supportedby) VALUES (492, 6158, 9);
insert into Landeslistenplatz (llid, idno, position) VALUES (220, 6158, 5);
insert into Citizen (idno, title, firstname, lastname, dateofbirth, gender) VALUES (6159, '', 'Volker Peter', 'Mosblech', '1.1.1955.', 'n');
insert into CandidatesData (idno) VALUES (6159);
insert into Candidacy (wkid, idno, supportedby) VALUES (232, 6159, 12);
insert into Landeslistenplatz (llid, idno, position) VALUES (310, 6159, 53);
insert into Citizen (idno, title, firstname, lastname, dateofbirth, gender) VALUES (6160, '', 'Gerhard', 'Mosebach', '1.1.1948.', 'n');
insert into CandidatesData (idno) VALUES (6160);
insert into Landeslistenplatz (llid, idno, position) VALUES (236, 6160, 21);
insert into Citizen (idno, title, firstname, lastname, dateofbirth, gender) VALUES (6161, '', 'Christa', 'Moseler', '1.1.1960.', 'n');
insert into CandidatesData (idno) VALUES (6161);
insert into Landeslistenplatz (llid, idno, position) VALUES (229, 6161, 15);
insert into Citizen (idno, title, firstname, lastname, dateofbirth, gender) VALUES (6162, '', 'Anneliese', 'Moser', '1.1.1958.', 'n');
insert into CandidatesData (idno) VALUES (6162);
insert into Landeslistenplatz (llid, idno, position) VALUES (294, 6162, 19);
insert into Citizen (idno, title, firstname, lastname, dateofbirth, gender) VALUES (6163, '', 'Elisabeth Charlotte', 'Motschmann', '1.1.1952.', 'n');
insert into CandidatesData (idno) VALUES (6163);
insert into Candidacy (wkid, idno, supportedby) VALUES (108, 6163, 12);
insert into Landeslistenplatz (llid, idno, position) VALUES (364, 6163, 1);
insert into Citizen (idno, title, firstname, lastname, dateofbirth, gender) VALUES (6164, '', 'Valentin', 'Motschmann', '1.1.1987.', 'n');
insert into CandidatesData (idno) VALUES (6164);
insert into Candidacy (wkid, idno, supportedby) VALUES (480, 6164, 5);
insert into Landeslistenplatz (llid, idno, position) VALUES (238, 6164, 32);
insert into Citizen (idno, title, firstname, lastname, dateofbirth, gender) VALUES (6165, '', 'Nicole', 'Mouget', '1.1.1967.', 'n');
insert into CandidatesData (idno) VALUES (6165);
insert into Landeslistenplatz (llid, idno, position) VALUES (225, 6165, 7);
insert into Citizen (idno, title, firstname, lastname, dateofbirth, gender) VALUES (6166, '', 'Khadjeh Nadjaf Gholi', 'Mougoui', '1.1.1954.', 'n');
insert into CandidatesData (idno) VALUES (6166);
insert into Landeslistenplatz (llid, idno, position) VALUES (290, 6166, 31);
insert into Citizen (idno, title, firstname, lastname, dateofbirth, gender) VALUES (6167, 'Dr. ', 'Wolfgang Horst Herbert', 'Mousiol', '1.1.1956.', 'n');
insert into CandidatesData (idno) VALUES (6167);
insert into Landeslistenplatz (llid, idno, position) VALUES (209, 6167, 10);
insert into Citizen (idno, title, firstname, lastname, dateofbirth, gender) VALUES (6168, '', 'Niema', 'Movassat', '1.1.1984.', 'n');
insert into CandidatesData (idno) VALUES (6168);
insert into Candidacy (wkid, idno, supportedby) VALUES (234, 6168, 3);
insert into Landeslistenplatz (llid, idno, position) VALUES (269, 6168, 6);
insert into Citizen (idno, title, firstname, lastname, dateofbirth, gender) VALUES (6169, '', 'Nzimbu', 'Mpanu-Mpanu-Plato', '1.1.1964.', 'n');
insert into CandidatesData (idno) VALUES (6169);
insert into Landeslistenplatz (llid, idno, position) VALUES (279, 6169, 37);
insert into Citizen (idno, title, firstname, lastname, dateofbirth, gender) VALUES (6170, '', 'Heike-Maria', 'Mrosek-Handwerk', '1.1.1957.', 'n');
insert into CandidatesData (idno) VALUES (6170);
insert into Candidacy (wkid, idno, supportedby) VALUES (418, 6170, 2);
insert into Landeslistenplatz (llid, idno, position) VALUES (244, 6170, 13);
insert into Citizen (idno, title, firstname, lastname, dateofbirth, gender) VALUES (6171, '', 'Dirk', 'Mrotzeck', '1.1.1966.', 'n');
insert into CandidatesData (idno) VALUES (6171);
insert into Candidacy (wkid, idno, supportedby) VALUES (590, 6171, 4);
insert into Landeslistenplatz (llid, idno, position) VALUES (224, 6171, 22);
insert into Citizen (idno, title, firstname, lastname, dateofbirth, gender) VALUES (6172, '', 'Tarak', 'Mtibaa', '1.1.1975.', 'n');
insert into CandidatesData (idno) VALUES (6172);
insert into Landeslistenplatz (llid, idno, position) VALUES (223, 6172, 9);
insert into Citizen (idno, title, firstname, lastname, dateofbirth, gender) VALUES (6173, '', 'Jan', 'Mücke', '1.1.1973.', 'n');
insert into CandidatesData (idno) VALUES (6173);
insert into Candidacy (wkid, idno, supportedby) VALUES (310, 6173, 4);
insert into Landeslistenplatz (llid, idno, position) VALUES (334, 6173, 1);
insert into Citizen (idno, title, firstname, lastname, dateofbirth, gender) VALUES (6174, '', 'Oliver', 'Mücke', '1.1.1970.', 'n');
insert into CandidatesData (idno) VALUES (6174);
insert into Candidacy (wkid, idno, supportedby) VALUES (124, 6174, 7);
insert into Citizen (idno, title, firstname, lastname, dateofbirth, gender) VALUES (6175, '', 'Günter', 'Mühlbauer', '1.1.1958.', 'n');
insert into CandidatesData (idno) VALUES (6175);
insert into Candidacy (wkid, idno, supportedby) VALUES (466, 6175, NULL);
insert into Citizen (idno, title, firstname, lastname, dateofbirth, gender) VALUES (6176, '', 'Rebecca', 'Mühlen von der', '1.1.1980.', 'n');
insert into CandidatesData (idno) VALUES (6176);
insert into Landeslistenplatz (llid, idno, position) VALUES (236, 6176, 16);
insert into Citizen (idno, title, firstname, lastname, dateofbirth, gender) VALUES (6177, '', 'Achim', 'Müller', '1.1.1964.', 'n');
insert into CandidatesData (idno) VALUES (6177);
insert into Landeslistenplatz (llid, idno, position) VALUES (248, 6177, 10);
insert into Citizen (idno, title, firstname, lastname, dateofbirth, gender) VALUES (6178, '', 'Alexander', 'Müller', '1.1.1969.', 'n');
insert into CandidatesData (idno) VALUES (6178);
insert into Candidacy (wkid, idno, supportedby) VALUES (356, 6178, 4);
insert into Landeslistenplatz (llid, idno, position) VALUES (290, 6178, 9);
insert into Citizen (idno, title, firstname, lastname, dateofbirth, gender) VALUES (6179, '', 'Andreas', 'Müller', '1.1.1964.', 'n');
insert into CandidatesData (idno) VALUES (6179);
insert into Candidacy (wkid, idno, supportedby) VALUES (350, 6179, 3);
insert into Landeslistenplatz (llid, idno, position) VALUES (216, 6179, 10);
insert into Citizen (idno, title, firstname, lastname, dateofbirth, gender) VALUES (6180, '', 'Anja', 'Müller', '1.1.1973.', 'n');
insert into CandidatesData (idno) VALUES (6180);
insert into Candidacy (wkid, idno, supportedby) VALUES (380, 6180, 3);
insert into Citizen (idno, title, firstname, lastname, dateofbirth, gender) VALUES (6181, '', 'Bettina', 'Müller', '1.1.1959.', 'n');
insert into CandidatesData (idno) VALUES (6181);
insert into Candidacy (wkid, idno, supportedby) VALUES (350, 6181, 2);
insert into Landeslistenplatz (llid, idno, position) VALUES (227, 6181, 12);
insert into Citizen (idno, title, firstname, lastname, dateofbirth, gender) VALUES (6182, '', 'Brigitte Charlotte Hedwig', 'Müller', '1.1.1941.', 'n');
insert into CandidatesData (idno) VALUES (6182);
insert into Candidacy (wkid, idno, supportedby) VALUES (116, 6182, 21);
insert into Citizen (idno, title, firstname, lastname, dateofbirth, gender) VALUES (6183, '', 'Carsten', 'Müller', '1.1.1970.', 'n');
insert into CandidatesData (idno) VALUES (6183);
insert into Candidacy (wkid, idno, supportedby) VALUES (100, 6183, 12);
insert into Landeslistenplatz (llid, idno, position) VALUES (217, 6183, 7);
insert into Citizen (idno, title, firstname, lastname, dateofbirth, gender) VALUES (6184, '', 'Claudia Heike', 'Müller', '1.1.1981.', 'n');
insert into CandidatesData (idno) VALUES (6184);
insert into Candidacy (wkid, idno, supportedby) VALUES (30, 6184, 5);
insert into Landeslistenplatz (llid, idno, position) VALUES (352, 6184, 3);
insert into Citizen (idno, title, firstname, lastname, dateofbirth, gender) VALUES (6185, '', 'Detlef', 'Müller', '1.1.1964.', 'n');
insert into CandidatesData (idno) VALUES (6185);
insert into Candidacy (wkid, idno, supportedby) VALUES (324, 6185, 2);
insert into Landeslistenplatz (llid, idno, position) VALUES (329, 6185, 7);
insert into Citizen (idno, title, firstname, lastname, dateofbirth, gender) VALUES (6186, 'Dr. ', 'Gerd', 'Müller', '1.1.1955.', 'n');
insert into CandidatesData (idno) VALUES (6186);
insert into Candidacy (wkid, idno, supportedby) VALUES (512, 6186, 9);
insert into Landeslistenplatz (llid, idno, position) VALUES (220, 6186, 10);
insert into Citizen (idno, title, firstname, lastname, dateofbirth, gender) VALUES (6187, 'Dr. ', 'Johannes', 'Müller', '1.1.1969.', 'n');
insert into CandidatesData (idno) VALUES (6187);
insert into Candidacy (wkid, idno, supportedby) VALUES (316, 6187, 1);
insert into Citizen (idno, title, firstname, lastname, dateofbirth, gender) VALUES (6188, '', 'Edmund Ernst', 'Müller', '1.1.1969.', 'n');
insert into CandidatesData (idno) VALUES (6188);
insert into Candidacy (wkid, idno, supportedby) VALUES (122, 6188, NULL);
insert into Citizen (idno, title, firstname, lastname, dateofbirth, gender) VALUES (6189, '', 'Fabian', 'Müller', '1.1.1990.', 'n');
insert into CandidatesData (idno) VALUES (6189);
insert into Candidacy (wkid, idno, supportedby) VALUES (448, 6189, 7);
insert into Landeslistenplatz (llid, idno, position) VALUES (245, 6189, 21);
insert into Citizen (idno, title, firstname, lastname, dateofbirth, gender) VALUES (6190, '', 'Götz', 'Müller', '1.1.1967.', 'n');
insert into CandidatesData (idno) VALUES (6190);
insert into Candidacy (wkid, idno, supportedby) VALUES (166, 6190, 12);
insert into Landeslistenplatz (llid, idno, position) VALUES (291, 6190, 10);
insert into Citizen (idno, title, firstname, lastname, dateofbirth, gender) VALUES (6191, '', 'Hans Peter Heinz Arthur', 'Müller', '1.1.1952.', 'n');
insert into CandidatesData (idno) VALUES (6191);
insert into Landeslistenplatz (llid, idno, position) VALUES (240, 6191, 5);
insert into Citizen (idno, title, firstname, lastname, dateofbirth, gender) VALUES (6192, '', 'Heiko', 'Müller', '1.1.1972.', 'n');
insert into CandidatesData (idno) VALUES (6192);
insert into Candidacy (wkid, idno, supportedby) VALUES (400, 6192, 7);
insert into Landeslistenplatz (llid, idno, position) VALUES (349, 6192, 4);
insert into Citizen (idno, title, firstname, lastname, dateofbirth, gender) VALUES (6193, '', 'Heiko Michael', 'Müller', '1.1.1971.', 'n');
insert into CandidatesData (idno) VALUES (6193);
insert into Candidacy (wkid, idno, supportedby) VALUES (124, 6193, 19);
insert into Landeslistenplatz (llid, idno, position) VALUES (384, 6193, 1);
insert into Citizen (idno, title, firstname, lastname, dateofbirth, gender) VALUES (6194, '', 'Herbert', 'Müller', '1.1.1942.', 'n');
insert into CandidatesData (idno) VALUES (6194);
insert into Landeslistenplatz (llid, idno, position) VALUES (307, 6194, 4);
insert into Citizen (idno, title, firstname, lastname, dateofbirth, gender) VALUES (6195, '', 'Jochen', 'Müller', '1.1.1964.', 'n');
insert into CandidatesData (idno) VALUES (6195);
insert into Landeslistenplatz (llid, idno, position) VALUES (236, 6195, 14);
insert into Citizen (idno, title, firstname, lastname, dateofbirth, gender) VALUES (6196, '', 'Klaus', 'Müller', '1.1.1964.', 'n');
insert into CandidatesData (idno) VALUES (6196);
insert into Landeslistenplatz (llid, idno, position) VALUES (236, 6196, 1);
insert into Citizen (idno, title, firstname, lastname, dateofbirth, gender) VALUES (6197, '', 'Marcel', 'Müller', '1.1.1982.', 'n');
insert into CandidatesData (idno) VALUES (6197);
insert into Candidacy (wkid, idno, supportedby) VALUES (410, 6197, 1);
insert into Citizen (idno, title, firstname, lastname, dateofbirth, gender) VALUES (6198, '', 'Margit', 'Müller', '1.1.1959.', 'n');
insert into CandidatesData (idno) VALUES (6198);
insert into Landeslistenplatz (llid, idno, position) VALUES (430, 6198, 7);
insert into Citizen (idno, title, firstname, lastname, dateofbirth, gender) VALUES (6199, '', 'Margot', 'Müller', '1.1.1952.', 'n');
insert into CandidatesData (idno) VALUES (6199);
insert into Landeslistenplatz (llid, idno, position) VALUES (323, 6199, 8);
insert into Citizen (idno, title, firstname, lastname, dateofbirth, gender) VALUES (6200, '', 'Marko', 'Müller', '1.1.1969.', 'n');
insert into CandidatesData (idno) VALUES (6200);
insert into Candidacy (wkid, idno, supportedby) VALUES (480, 6200, 3);
insert into Citizen (idno, title, firstname, lastname, dateofbirth, gender) VALUES (6201, '', 'Marko', 'Müller', '1.1.1982.', 'n');
insert into CandidatesData (idno) VALUES (6201);
insert into Landeslistenplatz (llid, idno, position) VALUES (235, 6201, 4);
insert into Citizen (idno, title, firstname, lastname, dateofbirth, gender) VALUES (6202, '', 'Melanie', 'Müller', '1.1.1992.', 'n');
insert into CandidatesData (idno) VALUES (6202);
insert into Landeslistenplatz (llid, idno, position) VALUES (250, 6202, 11);
insert into Citizen (idno, title, firstname, lastname, dateofbirth, gender) VALUES (6203, '', 'Norbert Carl', 'Müller', '1.1.1986.', 'n');
insert into CandidatesData (idno) VALUES (6203);
insert into Candidacy (wkid, idno, supportedby) VALUES (122, 6203, 3);
insert into Landeslistenplatz (llid, idno, position) VALUES (412, 6203, 6);
insert into Citizen (idno, title, firstname, lastname, dateofbirth, gender) VALUES (6204, '', 'Olaf', 'Müller', '1.1.1963.', 'n');
insert into CandidatesData (idno) VALUES (6204);
insert into Candidacy (wkid, idno, supportedby) VALUES (388, 6204, 5);
insert into Landeslistenplatz (llid, idno, position) VALUES (348, 6204, 6);
insert into Citizen (idno, title, firstname, lastname, dateofbirth, gender) VALUES (6205, '', 'Petra', 'Müller', '1.1.1960.', 'n');
insert into CandidatesData (idno) VALUES (6205);
insert into Candidacy (wkid, idno, supportedby) VALUES (176, 6205, 4);
insert into Landeslistenplatz (llid, idno, position) VALUES (272, 6205, 33);
insert into Citizen (idno, title, firstname, lastname, dateofbirth, gender) VALUES (6206, '', 'René', 'Müller', '1.1.1982.', 'n');
insert into CandidatesData (idno) VALUES (6206);
insert into Candidacy (wkid, idno, supportedby) VALUES (514, 6206, 4);
insert into Landeslistenplatz (llid, idno, position) VALUES (276, 6206, 41);
insert into Citizen (idno, title, firstname, lastname, dateofbirth, gender) VALUES (6207, '', 'Rudolf', 'Müller', '1.1.1951.', 'n');
insert into CandidatesData (idno) VALUES (6207);
insert into Candidacy (wkid, idno, supportedby) VALUES (592, 6207, 33);
insert into Landeslistenplatz (llid, idno, position) VALUES (430, 6207, 5);
insert into Citizen (idno, title, firstname, lastname, dateofbirth, gender) VALUES (6208, '', 'Stefan', 'Müller', '1.1.1988.', 'n');
insert into CandidatesData (idno) VALUES (6208);
insert into Candidacy (wkid, idno, supportedby) VALUES (540, 6208, 7);
insert into Citizen (idno, title, firstname, lastname, dateofbirth, gender) VALUES (6209, '', 'Stefan', 'Müller', '1.1.1964.', 'n');
insert into CandidatesData (idno) VALUES (6209);
insert into LandesListe (llid, year, pid, fsid) VALUES (433, 2013, 17, 10);
insert into Landeslistenplatz (llid, idno, position) VALUES (433, 6209, 5);
insert into Citizen (idno, title, firstname, lastname, dateofbirth, gender) VALUES (6210, '', 'Stefan', 'Müller', '1.1.1975.', 'n');
insert into CandidatesData (idno) VALUES (6210);
insert into Candidacy (wkid, idno, supportedby) VALUES (484, 6210, 9);
insert into Landeslistenplatz (llid, idno, position) VALUES (220, 6210, 11);
insert into Citizen (idno, title, firstname, lastname, dateofbirth, gender) VALUES (6211, '', 'Thomas', 'Müller', '1.1.1954.', 'n');
insert into CandidatesData (idno) VALUES (6211);
insert into Candidacy (wkid, idno, supportedby) VALUES (480, 6211, 36);
insert into Landeslistenplatz (llid, idno, position) VALUES (295, 6211, 6);
insert into Citizen (idno, title, firstname, lastname, dateofbirth, gender) VALUES (6212, '', 'Tino', 'Müller', '1.1.1978.', 'n');
insert into CandidatesData (idno) VALUES (6212);
insert into Candidacy (wkid, idno, supportedby) VALUES (32, 6212, 1);
insert into Citizen (idno, title, firstname, lastname, dateofbirth, gender) VALUES (6213, '', 'Ulrich', 'Müller', '1.1.1951.', 'n');
insert into CandidatesData (idno) VALUES (6213);
insert into Landeslistenplatz (llid, idno, position) VALUES (202, 6213, 18);
insert into Citizen (idno, title, firstname, lastname, dateofbirth, gender) VALUES (6214, '', 'Veit-Harald', 'Müller', '1.1.1941.', 'n');
insert into CandidatesData (idno) VALUES (6214);
insert into Landeslistenplatz (llid, idno, position) VALUES (406, 6214, 7);
insert into Citizen (idno, title, firstname, lastname, dateofbirth, gender) VALUES (6215, '', 'Beate', 'Müller-Gemmeke', '1.1.1960.', 'n');
insert into CandidatesData (idno) VALUES (6215);
insert into Candidacy (wkid, idno, supportedby) VALUES (578, 6215, 5);
insert into Landeslistenplatz (llid, idno, position) VALUES (234, 6215, 7);
insert into Citizen (idno, title, firstname, lastname, dateofbirth, gender) VALUES (6216, '', 'Kai', 'Müller-Horn', '1.1.1944.', 'n');
insert into CandidatesData (idno) VALUES (6216);
insert into Candidacy (wkid, idno, supportedby) VALUES (212, 6216, 13);
insert into Citizen (idno, title, firstname, lastname, dateofbirth, gender) VALUES (6217, '', 'Burkhardt', 'Müller-Sönksen', '1.1.1959.', 'n');
insert into CandidatesData (idno) VALUES (6217);
insert into Candidacy (wkid, idno, supportedby) VALUES (40, 6217, 4);
insert into Landeslistenplatz (llid, idno, position) VALUES (274, 6217, 1);
insert into Citizen (idno, title, firstname, lastname, dateofbirth, gender) VALUES (6218, '', 'Henning', 'Müller-Späth', '1.1.1954.', 'n');
insert into CandidatesData (idno) VALUES (6218);
insert into Candidacy (wkid, idno, supportedby) VALUES (286, 6218, 32);
insert into Citizen (idno, title, firstname, lastname, dateofbirth, gender) VALUES (6219, '', 'Wolfgang', 'Müller-Wehlau', '1.1.1944.', 'n');
insert into CandidatesData (idno) VALUES (6219);
insert into Landeslistenplatz (llid, idno, position) VALUES (285, 6219, 23);
insert into Citizen (idno, title, firstname, lastname, dateofbirth, gender) VALUES (6220, '', 'Niels-Arne', 'Münch', '1.1.1972.', 'n');
insert into CandidatesData (idno) VALUES (6220);
insert into Candidacy (wkid, idno, supportedby) VALUES (106, 6220, 7);
insert into Landeslistenplatz (llid, idno, position) VALUES (268, 6220, 13);
insert into Citizen (idno, title, firstname, lastname, dateofbirth, gender) VALUES (6221, '', 'Peter Hermann Gert Mario', 'Münch', '1.1.1960.', 'n');
insert into CandidatesData (idno) VALUES (6221);
insert into Landeslistenplatz (llid, idno, position) VALUES (209, 6221, 7);
insert into Citizen (idno, title, firstname, lastname, dateofbirth, gender) VALUES (6222, '', 'Hans-Joachim', 'Münd', '1.1.1962.', 'n');
insert into CandidatesData (idno) VALUES (6222);
insert into Landeslistenplatz (llid, idno, position) VALUES (400, 6222, 1);
insert into Citizen (idno, title, firstname, lastname, dateofbirth, gender) VALUES (6223, '', 'Michelle', 'Müntefering', '1.1.1980.', 'n');
insert into CandidatesData (idno) VALUES (6223);
insert into Candidacy (wkid, idno, supportedby) VALUES (282, 6223, 2);
insert into Landeslistenplatz (llid, idno, position) VALUES (246, 6223, 24);
insert into Citizen (idno, title, firstname, lastname, dateofbirth, gender) VALUES (6224, '', 'Volker', 'Münz', '1.1.1964.', 'n');
insert into CandidatesData (idno) VALUES (6224);
insert into Candidacy (wkid, idno, supportedby) VALUES (526, 6224, 33);
insert into Landeslistenplatz (llid, idno, position) VALUES (314, 6224, 22);
insert into Citizen (idno, title, firstname, lastname, dateofbirth, gender) VALUES (6225, '', 'Wilfried', 'Münz', '1.1.1960.', 'n');
insert into CandidatesData (idno) VALUES (6225);
insert into Landeslistenplatz (llid, idno, position) VALUES (202, 6225, 15);
insert into Citizen (idno, title, firstname, lastname, dateofbirth, gender) VALUES (6226, 'Dr. ', 'Rolf', 'Mützenich', '1.1.1959.', 'n');
insert into CandidatesData (idno) VALUES (6226);
insert into Candidacy (wkid, idno, supportedby) VALUES (190, 6226, 2);
insert into Landeslistenplatz (llid, idno, position) VALUES (246, 6226, 63);
insert into Citizen (idno, title, firstname, lastname, dateofbirth, gender) VALUES (6227, '', 'Marc', 'Mulia', '1.1.1969.', 'n');
insert into CandidatesData (idno) VALUES (6227);
insert into Candidacy (wkid, idno, supportedby) VALUES (230, 6227, 3);
insert into Landeslistenplatz (llid, idno, position) VALUES (269, 6227, 14);
insert into Citizen (idno, title, firstname, lastname, dateofbirth, gender) VALUES (6228, '', 'Robert', 'Multrus', '1.1.1959.', 'n');
insert into CandidatesData (idno) VALUES (6228);
insert into Candidacy (wkid, idno, supportedby) VALUES (446, 6228, 32);
insert into Landeslistenplatz (llid, idno, position) VALUES (206, 6228, 15);
insert into Citizen (idno, title, firstname, lastname, dateofbirth, gender) VALUES (6229, '', 'Hannes', 'Munzinger', '1.1.1988.', 'n');
insert into CandidatesData (idno) VALUES (6229);
insert into Candidacy (wkid, idno, supportedby) VALUES (588, 6229, 2);
insert into Landeslistenplatz (llid, idno, position) VALUES (249, 6229, 29);
insert into Citizen (idno, title, firstname, lastname, dateofbirth, gender) VALUES (6230, 'Dr. ', 'Philipp Alexander', 'Murmann', '1.1.1964.', 'n');
insert into CandidatesData (idno) VALUES (6230);
insert into Candidacy (wkid, idno, supportedby) VALUES (12, 6230, 12);
insert into Landeslistenplatz (llid, idno, position) VALUES (335, 6230, 8);
insert into Citizen (idno, title, firstname, lastname, dateofbirth, gender) VALUES (6231, '', 'Ethel Maria', 'Muschalle-Höllbach', '1.1.1947.', 'n');
insert into CandidatesData (idno) VALUES (6231);
insert into Candidacy (wkid, idno, supportedby) VALUES (136, 6231, 32);
insert into Landeslistenplatz (llid, idno, position) VALUES (341, 6231, 5);
insert into Citizen (idno, title, firstname, lastname, dateofbirth, gender) VALUES (6232, '', 'Bernd Willi', 'Mußer', '1.1.1944.', 'n');
insert into CandidatesData (idno) VALUES (6232);
insert into Landeslistenplatz (llid, idno, position) VALUES (213, 6232, 33);
insert into Citizen (idno, title, firstname, lastname, dateofbirth, gender) VALUES (6233, '', 'Özcan', 'Mutlu', '1.1.1968.', 'n');
insert into CandidatesData (idno) VALUES (6233);
insert into Candidacy (wkid, idno, supportedby) VALUES (150, 6233, 5);
insert into Landeslistenplatz (llid, idno, position) VALUES (427, 6233, 2);
insert into Citizen (idno, title, firstname, lastname, dateofbirth, gender) VALUES (6234, '', 'Ralf Dietmar', 'Mynter', '1.1.1960.', 'n');
insert into CandidatesData (idno) VALUES (6234);
insert into Candidacy (wkid, idno, supportedby) VALUES (502, 6234, 1);
insert into Citizen (idno, title, firstname, lastname, dateofbirth, gender) VALUES (6235, '', 'Javad', 'Nadjm', '1.1.1946.', 'n');
insert into CandidatesData (idno) VALUES (6235);
insert into Landeslistenplatz (llid, idno, position) VALUES (356, 6235, 13);
insert into Citizen (idno, title, firstname, lastname, dateofbirth, gender) VALUES (6236, '', 'Lothar Fritz', 'Nätebusch', '1.1.1945.', 'n');
insert into CandidatesData (idno) VALUES (6236);
insert into Candidacy (wkid, idno, supportedby) VALUES (124, 6236, 21);
insert into Citizen (idno, title, firstname, lastname, dateofbirth, gender) VALUES (6237, '', 'Jochen', 'Nagel', '1.1.1949.', 'n');
insert into CandidatesData (idno) VALUES (6237);
insert into Candidacy (wkid, idno, supportedby) VALUES (368, 6237, 3);
insert into Landeslistenplatz (llid, idno, position) VALUES (216, 6237, 4);
insert into Citizen (idno, title, firstname, lastname, dateofbirth, gender) VALUES (6238, '', 'Mike', 'Nagler', '1.1.1978.', 'n');
insert into CandidatesData (idno) VALUES (6238);
insert into Candidacy (wkid, idno, supportedby) VALUES (306, 6238, 3);
insert into Citizen (idno, title, firstname, lastname, dateofbirth, gender) VALUES (6239, '', 'Barbara Margarete', 'Naguib', '1.1.1958.', 'n');
insert into CandidatesData (idno) VALUES (6239);
insert into Landeslistenplatz (llid, idno, position) VALUES (256, 6239, 39);
insert into Citizen (idno, title, firstname, lastname, dateofbirth, gender) VALUES (6240, '', 'Andrea', 'Nahles', '1.1.1970.', 'n');
insert into CandidatesData (idno) VALUES (6240);
insert into Candidacy (wkid, idno, supportedby) VALUES (398, 6240, 2);
insert into Landeslistenplatz (llid, idno, position) VALUES (244, 6240, 1);
insert into Citizen (idno, title, firstname, lastname, dateofbirth, gender) VALUES (6241, '', 'Joachim', 'Nahtz', '1.1.1935.', 'n');
insert into CandidatesData (idno) VALUES (6241);
insert into Candidacy (wkid, idno, supportedby) VALUES (88, 6241, 1);
insert into Citizen (idno, title, firstname, lastname, dateofbirth, gender) VALUES (6242, 'Dr. ', 'Angelika', 'Nake', '1.1.1961.', 'n');
insert into CandidatesData (idno) VALUES (6242);
insert into Candidacy (wkid, idno, supportedby) VALUES (372, 6242, 4);
insert into Landeslistenplatz (llid, idno, position) VALUES (290, 6242, 16);
insert into Citizen (idno, title, firstname, lastname, dateofbirth, gender) VALUES (6243, '', 'Maik', 'Nauheim', '1.1.1981.', 'n');
insert into CandidatesData (idno) VALUES (6243);
insert into Candidacy (wkid, idno, supportedby) VALUES (410, 6243, 7);
insert into Landeslistenplatz (llid, idno, position) VALUES (349, 6243, 6);
insert into Citizen (idno, title, firstname, lastname, dateofbirth, gender) VALUES (6244, '', 'Barbara', 'Nauheimer', '1.1.1949.', 'n');
insert into CandidatesData (idno) VALUES (6244);
insert into Landeslistenplatz (llid, idno, position) VALUES (390, 6244, 5);
insert into Citizen (idno, title, firstname, lastname, dateofbirth, gender) VALUES (6245, '', 'Walter', 'Naumann', '1.1.1961.', 'n');
insert into CandidatesData (idno) VALUES (6245);
insert into Candidacy (wkid, idno, supportedby) VALUES (86, 6245, 7);
insert into Citizen (idno, title, firstname, lastname, dateofbirth, gender) VALUES (6246, '', 'Monika', 'Nauruhn', '1.1.1952.', 'n');
insert into CandidatesData (idno) VALUES (6246);
insert into Landeslistenplatz (llid, idno, position) VALUES (386, 6246, 5);
insert into Citizen (idno, title, firstname, lastname, dateofbirth, gender) VALUES (6247, '', 'Hermann', 'Navel', '1.1.1948.', 'n');
insert into CandidatesData (idno) VALUES (6247);
insert into Candidacy (wkid, idno, supportedby) VALUES (178, 6247, 33);
insert into Citizen (idno, title, firstname, lastname, dateofbirth, gender) VALUES (6248, '', 'Marion', 'Nawroth', '1.1.1956.', 'n');
insert into CandidatesData (idno) VALUES (6248);
insert into Candidacy (wkid, idno, supportedby) VALUES (312, 6248, 7);
insert into Citizen (idno, title, firstname, lastname, dateofbirth, gender) VALUES (6249, '', 'Gitta Christine', 'Neemann-Güntner', '1.1.1959.', 'n');
insert into CandidatesData (idno) VALUES (6249);
insert into Landeslistenplatz (llid, idno, position) VALUES (277, 6249, 12);
insert into Citizen (idno, title, firstname, lastname, dateofbirth, gender) VALUES (6250, '', 'Manuel', 'Nehmer', '1.1.1982.', 'n');
insert into CandidatesData (idno) VALUES (6250);
insert into Candidacy (wkid, idno, supportedby) VALUES (62, 6250, 4);
insert into Landeslistenplatz (llid, idno, position) VALUES (301, 6250, 20);
insert into Citizen (idno, title, firstname, lastname, dateofbirth, gender) VALUES (6251, '', 'Alexander', 'Neidlein', '1.1.1975.', 'n');
insert into CandidatesData (idno) VALUES (6251);
insert into Candidacy (wkid, idno, supportedby) VALUES (526, 6251, 1);
insert into Landeslistenplatz (llid, idno, position) VALUES (424, 6251, 3);
insert into Citizen (idno, title, firstname, lastname, dateofbirth, gender) VALUES (6252, '', 'Mark', 'Neis', '1.1.1972.', 'n');
insert into CandidatesData (idno) VALUES (6252);
insert into Landeslistenplatz (llid, idno, position) VALUES (258, 6252, 3);
insert into Citizen (idno, title, firstname, lastname, dateofbirth, gender) VALUES (6253, '', 'Sebastian', 'Nerz', '1.1.1983.', 'n');
insert into CandidatesData (idno) VALUES (6253);
insert into Candidacy (wkid, idno, supportedby) VALUES (580, 6253, 7);
insert into Landeslistenplatz (llid, idno, position) VALUES (221, 6253, 1);
insert into Citizen (idno, title, firstname, lastname, dateofbirth, gender) VALUES (6254, '', 'Wolfgang-Dragi Willi', 'Neskovic', '1.1.1948.', 'n');
insert into CandidatesData (idno) VALUES (6254);
insert into Candidacy (wkid, idno, supportedby) VALUES (128, 6254, NULL);
insert into Citizen (idno, title, firstname, lastname, dateofbirth, gender) VALUES (6255, '', 'Hedi Hedwig Elisabeth', 'Nestele', '1.1.1954.', 'n');
insert into CandidatesData (idno) VALUES (6255);
insert into Landeslistenplatz (llid, idno, position) VALUES (204, 6255, 31);
insert into Citizen (idno, title, firstname, lastname, dateofbirth, gender) VALUES (6256, '', 'Alexander Soranto', 'Neu', '1.1.1969.', 'n');
insert into CandidatesData (idno) VALUES (6256);
insert into Candidacy (wkid, idno, supportedby) VALUES (194, 6256, 3);
insert into Landeslistenplatz (llid, idno, position) VALUES (269, 6256, 10);
insert into Citizen (idno, title, firstname, lastname, dateofbirth, gender) VALUES (6257, 'Dr. ', 'Georg', 'Neubauer', '1.1.1958.', 'n');
insert into CandidatesData (idno) VALUES (6257);
insert into Candidacy (wkid, idno, supportedby) VALUES (116, 6257, 4);
insert into Citizen (idno, title, firstname, lastname, dateofbirth, gender) VALUES (6258, '', 'Mona', 'Neubaur', '1.1.1977.', 'n');
insert into CandidatesData (idno) VALUES (6258);
insert into Candidacy (wkid, idno, supportedby) VALUES (212, 6258, 5);
insert into Landeslistenplatz (llid, idno, position) VALUES (256, 6258, 19);
insert into Citizen (idno, title, firstname, lastname, dateofbirth, gender) VALUES (6259, '', 'Jürgen', 'Neuber', '1.1.1971.', 'n');
insert into CandidatesData (idno) VALUES (6259);
insert into Candidacy (wkid, idno, supportedby) VALUES (468, 6259, 32);
insert into Landeslistenplatz (llid, idno, position) VALUES (206, 6259, 9);
insert into Citizen (idno, title, firstname, lastname, dateofbirth, gender) VALUES (6260, '', 'Frank', 'Neubert', '1.1.1970.', 'n');
insert into CandidatesData (idno) VALUES (6260);
insert into Landeslistenplatz (llid, idno, position) VALUES (271, 6260, 9);
insert into Citizen (idno, title, firstname, lastname, dateofbirth, gender) VALUES (6261, '', 'Hildigund Dorothea', 'Neubert', '1.1.1960.', 'n');
insert into CandidatesData (idno) VALUES (6261);
insert into Landeslistenplatz (llid, idno, position) VALUES (388, 6261, 10);
insert into Citizen (idno, title, firstname, lastname, dateofbirth, gender) VALUES (6262, '', 'Jörg', 'Neubert', '1.1.1986.', 'n');
insert into CandidatesData (idno) VALUES (6262);
insert into Landeslistenplatz (llid, idno, position) VALUES (283, 6262, 6);
insert into Citizen (idno, title, firstname, lastname, dateofbirth, gender) VALUES (6263, '', 'Axel', 'Neufeld', '1.1.1963.', 'n');
insert into CandidatesData (idno) VALUES (6263);
insert into Landeslistenplatz (llid, idno, position) VALUES (288, 6263, 1);
insert into Citizen (idno, title, firstname, lastname, dateofbirth, gender) VALUES (6264, '', 'Andreas', 'Neugebauer', '1.1.1966.', 'n');
insert into CandidatesData (idno) VALUES (6264);
insert into Candidacy (wkid, idno, supportedby) VALUES (56, 6264, 7);
insert into Citizen (idno, title, firstname, lastname, dateofbirth, gender) VALUES (6265, '', 'Sascha Daniel', 'Neugebauer', '1.1.1981.', 'n');
insert into CandidatesData (idno) VALUES (6265);
insert into Candidacy (wkid, idno, supportedby) VALUES (352, 6265, 7);
insert into Citizen (idno, title, firstname, lastname, dateofbirth, gender) VALUES (6266, '', 'Volkmar', 'Neugebauer', '1.1.1953.', 'n');
insert into CandidatesData (idno) VALUES (6266);
insert into Candidacy (wkid, idno, supportedby) VALUES (148, 6266, 1);
insert into Citizen (idno, title, firstname, lastname, dateofbirth, gender) VALUES (6267, 'Dr. ', 'Peter Hans', 'Neuhaus', '1.1.1964.', 'n');
insert into CandidatesData (idno) VALUES (6267);
insert into Candidacy (wkid, idno, supportedby) VALUES (296, 6267, 5);
insert into Citizen (idno, title, firstname, lastname, dateofbirth, gender) VALUES (6268, '', 'Bernd', 'Neumann', '1.1.1950.', 'n');
insert into CandidatesData (idno) VALUES (6268);
insert into Candidacy (wkid, idno, supportedby) VALUES (66, 6268, 1);
insert into Citizen (idno, title, firstname, lastname, dateofbirth, gender) VALUES (6269, '', 'Bernhard', 'Neumann', '1.1.1985.', 'n');
insert into CandidatesData (idno) VALUES (6269);
insert into Candidacy (wkid, idno, supportedby) VALUES (446, 6269, 15);
insert into Landeslistenplatz (llid, idno, position) VALUES (228, 6269, 9);
insert into Citizen (idno, title, firstname, lastname, dateofbirth, gender) VALUES (6270, '', 'Gerhard Ludwig', 'Neumann', '1.1.1937.', 'n');
insert into CandidatesData (idno) VALUES (6270);
insert into Landeslistenplatz (llid, idno, position) VALUES (227, 6270, 35);
insert into Citizen (idno, title, firstname, lastname, dateofbirth, gender) VALUES (6271, '', 'Gisela', 'Neumann', '1.1.1937.', 'n');
insert into CandidatesData (idno) VALUES (6271);
insert into Landeslistenplatz (llid, idno, position) VALUES (358, 6271, 5);
insert into Citizen (idno, title, firstname, lastname, dateofbirth, gender) VALUES (6272, '', 'Heinz', 'Neumann', '1.1.1939.', 'n');
insert into CandidatesData (idno) VALUES (6272);
insert into Candidacy (wkid, idno, supportedby) VALUES (416, 6272, 1);
insert into Landeslistenplatz (llid, idno, position) VALUES (259, 6272, 7);
insert into Citizen (idno, title, firstname, lastname, dateofbirth, gender) VALUES (6273, 'Prof. Dr. ', 'Fritz Walter Martin', 'Neumann', '1.1.1956.', 'n');
insert into CandidatesData (idno) VALUES (6273);
insert into Candidacy (wkid, idno, supportedby) VALUES (128, 6273, 4);
insert into Landeslistenplatz (llid, idno, position) VALUES (428, 6273, 1);
insert into Citizen (idno, title, firstname, lastname, dateofbirth, gender) VALUES (6274, '', 'Sascha', 'Neumann', '1.1.1980.', 'n');
insert into CandidatesData (idno) VALUES (6274);
insert into Landeslistenplatz (llid, idno, position) VALUES (297, 6274, 25);
insert into Citizen (idno, title, firstname, lastname, dateofbirth, gender) VALUES (6275, '', 'Steve', 'Neumann', '1.1.1990.', 'n');
insert into CandidatesData (idno) VALUES (6275);
insert into Landeslistenplatz (llid, idno, position) VALUES (363, 6275, 9);
insert into Citizen (idno, title, firstname, lastname, dateofbirth, gender) VALUES (6276, '', 'Narziss', 'Nianur', '1.1.1964.', 'n');
insert into CandidatesData (idno) VALUES (6276);
insert into Landeslistenplatz (llid, idno, position) VALUES (346, 6276, 3);
insert into Citizen (idno, title, firstname, lastname, dateofbirth, gender) VALUES (6277, 'Dr. ', 'Andreas', 'Nick', '1.1.1967.', 'n');
insert into CandidatesData (idno) VALUES (6277);
insert into Candidacy (wkid, idno, supportedby) VALUES (410, 6277, 12);
insert into Landeslistenplatz (llid, idno, position) VALUES (312, 6277, 14);
insert into Citizen (idno, title, firstname, lastname, dateofbirth, gender) VALUES (6278, 'Dr. ', 'Ophelia-Johanna', 'Nick', '1.1.1973.', 'n');
insert into CandidatesData (idno) VALUES (6278);
insert into Candidacy (wkid, idno, supportedby) VALUES (208, 6278, 5);
insert into Landeslistenplatz (llid, idno, position) VALUES (256, 6278, 31);
insert into Citizen (idno, title, firstname, lastname, dateofbirth, gender) VALUES (6279, '', 'Christian', 'Nicolay', '1.1.1973.', 'n');
insert into CandidatesData (idno) VALUES (6279);
insert into Candidacy (wkid, idno, supportedby) VALUES (408, 6279, 31);
insert into Citizen (idno, title, firstname, lastname, dateofbirth, gender) VALUES (6280, '', 'Dirk', 'Niebel', '1.1.1963.', 'n');
insert into CandidatesData (idno) VALUES (6280);
insert into Candidacy (wkid, idno, supportedby) VALUES (548, 6280, 4);
insert into Landeslistenplatz (llid, idno, position) VALUES (224, 6280, 1);
insert into Citizen (idno, title, firstname, lastname, dateofbirth, gender) VALUES (6281, '', 'Fritz', 'Niedergesäß', '1.1.1940.', 'n');
insert into CandidatesData (idno) VALUES (6281);
insert into Candidacy (wkid, idno, supportedby) VALUES (168, 6281, 12);
insert into Citizen (idno, title, firstname, lastname, dateofbirth, gender) VALUES (6282, '', 'Friederike', 'Niemann', '1.1.1989.', 'n');
insert into CandidatesData (idno) VALUES (6282);
insert into Landeslistenplatz (llid, idno, position) VALUES (201, 6282, 32);
insert into Citizen (idno, title, firstname, lastname, dateofbirth, gender) VALUES (6283, '', 'Ralph Thomas', 'Niemeyer', '1.1.1969.', 'n');
insert into CandidatesData (idno) VALUES (6283);
insert into Candidacy (wkid, idno, supportedby) VALUES (52, 6283, 3);
insert into Landeslistenplatz (llid, idno, position) VALUES (304, 6283, 12);
insert into Citizen (idno, title, firstname, lastname, dateofbirth, gender) VALUES (6284, '', 'Gerd', 'Nier', '1.1.1947.', 'n');
insert into CandidatesData (idno) VALUES (6284);
insert into Candidacy (wkid, idno, supportedby) VALUES (106, 6284, 3);
insert into Landeslistenplatz (llid, idno, position) VALUES (304, 6284, 10);
insert into Citizen (idno, title, firstname, lastname, dateofbirth, gender) VALUES (6285, '', 'Bernhard', 'Niermann', '1.1.1958.', 'n');
insert into CandidatesData (idno) VALUES (6285);
insert into Landeslistenplatz (llid, idno, position) VALUES (204, 6285, 7);
insert into Citizen (idno, title, firstname, lastname, dateofbirth, gender) VALUES (6286, '', 'Dieter', 'Nießner', '1.1.1947.', 'n');
insert into CandidatesData (idno) VALUES (6286);
insert into Candidacy (wkid, idno, supportedby) VALUES (506, 6286, 36);
insert into Landeslistenplatz (llid, idno, position) VALUES (295, 6286, 18);
insert into Citizen (idno, title, firstname, lastname, dateofbirth, gender) VALUES (6287, '', 'Dietmar Heinrich', 'Nietan', '1.1.1964.', 'n');
insert into CandidatesData (idno) VALUES (6287);
insert into Candidacy (wkid, idno, supportedby) VALUES (180, 6287, 2);
insert into Landeslistenplatz (llid, idno, position) VALUES (246, 6287, 5);
insert into Citizen (idno, title, firstname, lastname, dateofbirth, gender) VALUES (6288, '', 'Franz', 'Niggemann', '1.1.1963.', 'n');
insert into CandidatesData (idno) VALUES (6288);
insert into Candidacy (wkid, idno, supportedby) VALUES (162, 6288, 33);
insert into Citizen (idno, title, firstname, lastname, dateofbirth, gender) VALUES (6289, '', 'Christian', 'Nissen', '1.1.1984.', 'n');
insert into CandidatesData (idno) VALUES (6289);
insert into Landeslistenplatz (llid, idno, position) VALUES (248, 6289, 23);
insert into Citizen (idno, title, firstname, lastname, dateofbirth, gender) VALUES (6290, '', 'Ulrike', 'Nissen', '1.1.1959.', 'n');
insert into CandidatesData (idno) VALUES (6290);
insert into Candidacy (wkid, idno, supportedby) VALUES (366, 6290, 2);
insert into Landeslistenplatz (llid, idno, position) VALUES (227, 6290, 8);
insert into Citizen (idno, title, firstname, lastname, dateofbirth, gender) VALUES (6291, '', 'Sven', 'Nitsche', '1.1.1970.', 'n');
insert into CandidatesData (idno) VALUES (6291);
insert into Candidacy (wkid, idno, supportedby) VALUES (556, 6291, 32);
insert into Landeslistenplatz (llid, idno, position) VALUES (265, 6291, 7);
insert into Citizen (idno, title, firstname, lastname, dateofbirth, gender) VALUES (6292, 'Dr. ', 'Thomas', 'Nitzsche', '1.1.1975.', 'n');
insert into CandidatesData (idno) VALUES (6292);
insert into Candidacy (wkid, idno, supportedby) VALUES (388, 6292, 4);
insert into Landeslistenplatz (llid, idno, position) VALUES (344, 6292, 4);
insert into Citizen (idno, title, firstname, lastname, dateofbirth, gender) VALUES (6293, '', 'Henry', 'Nitzsche', '1.1.1959.', 'n');
insert into CandidatesData (idno) VALUES (6293);
insert into Candidacy (wkid, idno, supportedby) VALUES (312, 6293, NULL);
insert into Citizen (idno, title, firstname, lastname, dateofbirth, gender) VALUES (6294, '', 'Sebastian', 'Nobile', '1.1.1979.', 'n');
insert into CandidatesData (idno) VALUES (6294);
insert into Landeslistenplatz (llid, idno, position) VALUES (307, 6294, 2);
insert into Citizen (idno, title, firstname, lastname, dateofbirth, gender) VALUES (6295, '', 'Jörg Michael', 'Nobis', '1.1.1975.', 'n');
insert into CandidatesData (idno) VALUES (6295);
insert into Candidacy (wkid, idno, supportedby) VALUES (16, 6295, 33);
insert into Landeslistenplatz (llid, idno, position) VALUES (285, 6295, 21);
insert into Citizen (idno, title, firstname, lastname, dateofbirth, gender) VALUES (6296, '', 'Katharina', 'Nocun', '1.1.1986.', 'n');
insert into CandidatesData (idno) VALUES (6296);
insert into Candidacy (wkid, idno, supportedby) VALUES (76, 6296, 7);
insert into Landeslistenplatz (llid, idno, position) VALUES (268, 6296, 2);
insert into Citizen (idno, title, firstname, lastname, dateofbirth, gender) VALUES (6297, '', 'Markus', 'Nöhl', '1.1.1979.', 'n');
insert into CandidatesData (idno) VALUES (6297);
insert into Landeslistenplatz (llid, idno, position) VALUES (244, 6297, 22);
insert into Citizen (idno, title, firstname, lastname, dateofbirth, gender) VALUES (6298, '', 'Matthias', 'Nölke', '1.1.1980.', 'n');
insert into CandidatesData (idno) VALUES (6298);
insert into Candidacy (wkid, idno, supportedby) VALUES (336, 6298, 4);
insert into Landeslistenplatz (llid, idno, position) VALUES (290, 6298, 7);
insert into Citizen (idno, title, firstname, lastname, dateofbirth, gender) VALUES (6299, '', 'Dieter', 'Nötzel', '1.1.1949.', 'n');
insert into CandidatesData (idno) VALUES (6299);
insert into Candidacy (wkid, idno, supportedby) VALUES (226, 6299, 41);
insert into Landeslistenplatz (llid, idno, position) VALUES (381, 6299, 2);
insert into Citizen (idno, title, firstname, lastname, dateofbirth, gender) VALUES (6300, '', 'Michaela', 'Noll', '1.1.1959.', 'n');
insert into CandidatesData (idno) VALUES (6300);
insert into Candidacy (wkid, idno, supportedby) VALUES (208, 6300, 12);
insert into Landeslistenplatz (llid, idno, position) VALUES (310, 6300, 12);
insert into Citizen (idno, title, firstname, lastname, dateofbirth, gender) VALUES (6301, '', 'Michael', 'Nolte', '1.1.1966.', 'n');
insert into CandidatesData (idno) VALUES (6301);
insert into Landeslistenplatz (llid, idno, position) VALUES (248, 6301, 16);
insert into Citizen (idno, title, firstname, lastname, dateofbirth, gender) VALUES (6302, '', 'Thomas Hans', 'Nord', '1.1.1957.', 'n');
insert into CandidatesData (idno) VALUES (6302);
insert into Candidacy (wkid, idno, supportedby) VALUES (126, 6302, 3);
insert into Landeslistenplatz (llid, idno, position) VALUES (412, 6302, 2);
insert into Citizen (idno, title, firstname, lastname, dateofbirth, gender) VALUES (6303, '', 'Wolfgang-Dietrich', 'Nordheim von', '1.1.1951.', 'n');
insert into CandidatesData (idno) VALUES (6303);
insert into Candidacy (wkid, idno, supportedby) VALUES (86, 6303, 5);
insert into Citizen (idno, title, firstname, lastname, dateofbirth, gender) VALUES (6304, '', 'Daniel', 'Nordhorn', '1.1.1969.', 'n');
insert into CandidatesData (idno) VALUES (6304);
insert into Candidacy (wkid, idno, supportedby) VALUES (12, 6304, 1);
insert into Landeslistenplatz (llid, idno, position) VALUES (416, 6304, 4);
insert into Citizen (idno, title, firstname, lastname, dateofbirth, gender) VALUES (6305, '', 'Johannes', 'Normann', '1.1.1968.', 'n');
insert into CandidatesData (idno) VALUES (6305);
insert into Candidacy (wkid, idno, supportedby) VALUES (494, 6305, 33);
insert into Landeslistenplatz (llid, idno, position) VALUES (342, 6305, 42);
insert into Citizen (idno, title, firstname, lastname, dateofbirth, gender) VALUES (6306, '', 'Jutta Maria', 'Nothacker', '1.1.1961.', 'n');
insert into CandidatesData (idno) VALUES (6306);
insert into Landeslistenplatz (llid, idno, position) VALUES (262, 6306, 31);
insert into Citizen (idno, title, firstname, lastname, dateofbirth, gender) VALUES (6307, '', 'Maik', 'Nothnagel', '1.1.1966.', 'n');
insert into CandidatesData (idno) VALUES (6307);
insert into Landeslistenplatz (llid, idno, position) VALUES (261, 6307, 8);
insert into Citizen (idno, title, firstname, lastname, dateofbirth, gender) VALUES (6308, '', 'Marco', 'Notman', '1.1.1988.', 'n');
insert into CandidatesData (idno) VALUES (6308);
insert into Candidacy (wkid, idno, supportedby) VALUES (48, 6308, 3);
insert into Citizen (idno, title, firstname, lastname, dateofbirth, gender) VALUES (6309, 'Dr. ', 'Konstantin', 'Notz von', '1.1.1971.', 'n');
insert into CandidatesData (idno) VALUES (6309);
insert into Candidacy (wkid, idno, supportedby) VALUES (20, 6309, 5);
insert into Landeslistenplatz (llid, idno, position) VALUES (232, 6309, 2);
insert into Citizen (idno, title, firstname, lastname, dateofbirth, gender) VALUES (6310, '', 'Omid', 'Nouripour', '1.1.1975.', 'n');
insert into CandidatesData (idno) VALUES (6310);
insert into Candidacy (wkid, idno, supportedby) VALUES (366, 6310, 5);
insert into Landeslistenplatz (llid, idno, position) VALUES (318, 6310, 2);
insert into Citizen (idno, title, firstname, lastname, dateofbirth, gender) VALUES (6311, '', 'Helmut Fedor', 'Nowak', '1.1.1941.', 'n');
insert into CandidatesData (idno) VALUES (6311);
insert into Candidacy (wkid, idno, supportedby) VALUES (202, 6311, 12);
insert into Landeslistenplatz (llid, idno, position) VALUES (310, 6311, 44);
insert into Citizen (idno, title, firstname, lastname, dateofbirth, gender) VALUES (6312, '', 'Julia', 'Nowak', '1.1.1986.', 'n');
insert into CandidatesData (idno) VALUES (6312);
insert into Landeslistenplatz (llid, idno, position) VALUES (201, 6312, 19);
insert into Citizen (idno, title, firstname, lastname, dateofbirth, gender) VALUES (6313, '', 'Kim Philipp', 'Nowak', '1.1.1983.', 'n');
insert into CandidatesData (idno) VALUES (6313);
insert into Landeslistenplatz (llid, idno, position) VALUES (400, 6313, 5);
insert into Citizen (idno, title, firstname, lastname, dateofbirth, gender) VALUES (6314, '', 'Siegfried', 'Nowak', '1.1.1958.', 'n');
insert into CandidatesData (idno) VALUES (6314);
insert into Candidacy (wkid, idno, supportedby) VALUES (274, 6314, 3);
insert into Citizen (idno, title, firstname, lastname, dateofbirth, gender) VALUES (6315, '', 'Christian', 'Nürnberger', '1.1.1951.', 'n');
insert into CandidatesData (idno) VALUES (6315);
insert into Candidacy (wkid, idno, supportedby) VALUES (492, 6315, 2);
insert into Landeslistenplatz (llid, idno, position) VALUES (260, 6315, 33);
insert into Citizen (idno, title, firstname, lastname, dateofbirth, gender) VALUES (6316, 'Dr. ', 'Georg', 'Nüßlein', '1.1.1969.', 'n');
insert into CandidatesData (idno) VALUES (6316);
insert into Candidacy (wkid, idno, supportedby) VALUES (510, 6316, 9);
insert into Landeslistenplatz (llid, idno, position) VALUES (220, 6316, 25);
insert into Citizen (idno, title, firstname, lastname, dateofbirth, gender) VALUES (6317, '', 'Petra', 'Oberhäuser', '1.1.1970.', 'n');
insert into CandidatesData (idno) VALUES (6317);
insert into Landeslistenplatz (llid, idno, position) VALUES (220, 6317, 50);
insert into Citizen (idno, title, firstname, lastname, dateofbirth, gender) VALUES (6318, '', 'Volker', 'Oberhausen', '1.1.1959.', 'n');
insert into CandidatesData (idno) VALUES (6318);
insert into Landeslistenplatz (llid, idno, position) VALUES (226, 6318, 19);
insert into Citizen (idno, title, firstname, lastname, dateofbirth, gender) VALUES (6319, '', 'Eyüp', 'Odabasi', '1.1.1971.', 'n');
insert into CandidatesData (idno) VALUES (6319);
insert into Candidacy (wkid, idno, supportedby) VALUES (266, 6319, 5);
insert into Citizen (idno, title, firstname, lastname, dateofbirth, gender) VALUES (6320, '', 'Julia Dela Miriam', 'Odebrecht', '1.1.1980.', 'n');
insert into CandidatesData (idno) VALUES (6320);
insert into Landeslistenplatz (llid, idno, position) VALUES (237, 6320, 5);
insert into Citizen (idno, title, firstname, lastname, dateofbirth, gender) VALUES (6321, '', 'Doris', 'Öhlenschläger', '1.1.1960.', 'n');
insert into CandidatesData (idno) VALUES (6321);
insert into Landeslistenplatz (llid, idno, position) VALUES (315, 6321, 7);
insert into Citizen (idno, title, firstname, lastname, dateofbirth, gender) VALUES (6322, '', 'Hans-Albrecht', 'Oel', '1.1.1951.', 'n');
insert into CandidatesData (idno) VALUES (6322);
insert into Landeslistenplatz (llid, idno, position) VALUES (254, 6322, 2);
insert into Citizen (idno, title, firstname, lastname, dateofbirth, gender) VALUES (6323, '', 'Mathes', 'Oelkers', '1.1.1964.', 'n');
insert into CandidatesData (idno) VALUES (6323);
insert into Landeslistenplatz (llid, idno, position) VALUES (204, 6323, 3);
insert into Citizen (idno, title, firstname, lastname, dateofbirth, gender) VALUES (6324, '', 'Wilfried', 'Oellers', '1.1.1975.', 'n');
insert into CandidatesData (idno) VALUES (6324);
insert into Candidacy (wkid, idno, supportedby) VALUES (178, 6324, 12);
insert into Landeslistenplatz (llid, idno, position) VALUES (310, 6324, 54);
insert into Citizen (idno, title, firstname, lastname, dateofbirth, gender) VALUES (6325, '', 'Claus', 'Oeltjen', '1.1.1937.', 'n');
insert into CandidatesData (idno) VALUES (6325);
insert into Candidacy (wkid, idno, supportedby) VALUES (68, 6325, 1);
insert into Citizen (idno, title, firstname, lastname, dateofbirth, gender) VALUES (6326, '', 'Frank', 'Oettler', '1.1.1966.', 'n');
insert into CandidatesData (idno) VALUES (6326);
insert into Candidacy (wkid, idno, supportedby) VALUES (144, 6326, 13);
insert into Landeslistenplatz (llid, idno, position) VALUES (403, 6326, 2);
insert into Citizen (idno, title, firstname, lastname, dateofbirth, gender) VALUES (6327, '', 'Daniel', 'Oetzel', '1.1.1988.', 'n');
insert into CandidatesData (idno) VALUES (6327);
insert into Landeslistenplatz (llid, idno, position) VALUES (274, 6327, 6);
insert into Citizen (idno, title, firstname, lastname, dateofbirth, gender) VALUES (6328, '', 'Cem', 'Özdemir', '1.1.1965.', 'n');
insert into CandidatesData (idno) VALUES (6328);
insert into Candidacy (wkid, idno, supportedby) VALUES (516, 6328, 5);
insert into Landeslistenplatz (llid, idno, position) VALUES (234, 6328, 2);
insert into Citizen (idno, title, firstname, lastname, dateofbirth, gender) VALUES (6329, '', 'Mahmut', 'Özdemir', '1.1.1987.', 'n');
insert into CandidatesData (idno) VALUES (6329);
insert into Candidacy (wkid, idno, supportedby) VALUES (232, 6329, 2);
insert into Landeslistenplatz (llid, idno, position) VALUES (246, 6329, 60);
insert into Citizen (idno, title, firstname, lastname, dateofbirth, gender) VALUES (6330, '', 'Korkmaz', 'Özman', '1.1.1976.', 'n');
insert into CandidatesData (idno) VALUES (6330);
insert into Landeslistenplatz (llid, idno, position) VALUES (291, 6330, 13);
insert into Citizen (idno, title, firstname, lastname, dateofbirth, gender) VALUES (6331, '', 'Aydan', 'Özoguz', '1.1.1967.', 'n');
insert into CandidatesData (idno) VALUES (6331);
insert into Candidacy (wkid, idno, supportedby) VALUES (44, 6331, 2);
insert into Landeslistenplatz (llid, idno, position) VALUES (237, 6331, 1);
insert into Citizen (idno, title, firstname, lastname, dateofbirth, gender) VALUES (6332, '', 'Mustafa', 'Öztürk', '1.1.1985.', 'n');
insert into CandidatesData (idno) VALUES (6332);
insert into Landeslistenplatz (llid, idno, position) VALUES (363, 6332, 8);
insert into Citizen (idno, title, firstname, lastname, dateofbirth, gender) VALUES (6333, '', 'Rolf', 'Offermann', '1.1.1960.', 'n');
insert into CandidatesData (idno) VALUES (6333);
insert into Candidacy (wkid, idno, supportedby) VALUES (126, 6333, 4);
insert into Landeslistenplatz (llid, idno, position) VALUES (428, 6333, 9);
insert into Citizen (idno, title, firstname, lastname, dateofbirth, gender) VALUES (6334, '', 'Sebastian', 'Ohler', '1.1.1966.', 'n');
insert into CandidatesData (idno) VALUES (6334);
insert into Candidacy (wkid, idno, supportedby) VALUES (242, 6334, 5);
insert into Citizen (idno, title, firstname, lastname, dateofbirth, gender) VALUES (6335, '', 'Ulf', 'Ohms', '1.1.1960.', 'n');
insert into CandidatesData (idno) VALUES (6335);
insert into Candidacy (wkid, idno, supportedby) VALUES (44, 6335, 32);
insert into Citizen (idno, title, firstname, lastname, dateofbirth, gender) VALUES (6336, '', 'Michael', 'Ohse', '1.1.1956.', 'n');
insert into CandidatesData (idno) VALUES (6336);
insert into Candidacy (wkid, idno, supportedby) VALUES (104, 6336, 3);
insert into Citizen (idno, title, firstname, lastname, dateofbirth, gender) VALUES (6337, '', 'Elke Elfriede', 'Olbrich-Tripp', '1.1.1956.', 'n');
insert into CandidatesData (idno) VALUES (6337);
insert into Candidacy (wkid, idno, supportedby) VALUES (300, 6337, 5);
insert into Citizen (idno, title, firstname, lastname, dateofbirth, gender) VALUES (6338, 'Dr. ', 'Manuela', 'Olhausen', '1.1.1971.', 'n');
insert into CandidatesData (idno) VALUES (6338);
insert into Landeslistenplatz (llid, idno, position) VALUES (220, 6338, 42);
insert into Citizen (idno, title, firstname, lastname, dateofbirth, gender) VALUES (6339, '', 'Ralf Günther Josef', 'Ollert', '1.1.1960.', 'n');
insert into CandidatesData (idno) VALUES (6339);
insert into Landeslistenplatz (llid, idno, position) VALUES (392, 6339, 4);
insert into Citizen (idno, title, firstname, lastname, dateofbirth, gender) VALUES (6340, '', 'Lennart', 'Onken', '1.1.1994.', 'n');
insert into CandidatesData (idno) VALUES (6340);
insert into Candidacy (wkid, idno, supportedby) VALUES (70, 6340, 3);
insert into Citizen (idno, title, firstname, lastname, dateofbirth, gender) VALUES (6341, '', 'Werner Josef', 'Oppel', '1.1.1945.', 'n');
insert into CandidatesData (idno) VALUES (6341);
insert into Candidacy (wkid, idno, supportedby) VALUES (508, 6341, 41);
insert into Landeslistenplatz (llid, idno, position) VALUES (328, 6341, 8);
insert into Citizen (idno, title, firstname, lastname, dateofbirth, gender) VALUES (6342, '', 'Hans-Joachim', 'Oppermann', '1.1.1941.', 'n');
insert into CandidatesData (idno) VALUES (6342);
insert into Landeslistenplatz (llid, idno, position) VALUES (415, 6342, 3);
insert into Citizen (idno, title, firstname, lastname, dateofbirth, gender) VALUES (6343, '', 'Thomas', 'Oppermann', '1.1.1954.', 'n');
insert into CandidatesData (idno) VALUES (6343);
insert into Candidacy (wkid, idno, supportedby) VALUES (106, 6343, 2);
insert into Landeslistenplatz (llid, idno, position) VALUES (242, 6343, 3);
insert into Citizen (idno, title, firstname, lastname, dateofbirth, gender) VALUES (6344, '', 'Joachim', 'Orth', '1.1.1955.', 'n');
insert into CandidatesData (idno) VALUES (6344);
insert into Candidacy (wkid, idno, supportedby) VALUES (188, 6344, 32);
insert into Landeslistenplatz (llid, idno, position) VALUES (317, 6344, 14);
insert into Citizen (idno, title, firstname, lastname, dateofbirth, gender) VALUES (6345, '', 'Kim Julia', 'Orth', '1.1.1986.', 'n');
insert into CandidatesData (idno) VALUES (6345);
insert into Candidacy (wkid, idno, supportedby) VALUES (424, 6345, 7);
insert into Landeslistenplatz (llid, idno, position) VALUES (349, 6345, 8);
insert into Citizen (idno, title, firstname, lastname, dateofbirth, gender) VALUES (6346, '', 'Alexandra', 'Osburg', '1.1.1971.', 'n');
insert into CandidatesData (idno) VALUES (6346);
insert into Candidacy (wkid, idno, supportedby) VALUES (182, 6346, 7);
insert into Citizen (idno, title, firstname, lastname, dateofbirth, gender) VALUES (6347, '', 'Hans-Joachim', 'Oßenberg', '1.1.1956.', 'n');
insert into CandidatesData (idno) VALUES (6347);
insert into Candidacy (wkid, idno, supportedby) VALUES (300, 6347, 7);
insert into Citizen (idno, title, firstname, lastname, dateofbirth, gender) VALUES (6348, '', 'Stephan', 'Ossenkopp', '1.1.1969.', 'n');
insert into CandidatesData (idno) VALUES (6348);
insert into Candidacy (wkid, idno, supportedby) VALUES (518, 6348, 10);
insert into Landeslistenplatz (llid, idno, position) VALUES (326, 6348, 1);
insert into Citizen (idno, title, firstname, lastname, dateofbirth, gender) VALUES (6349, '', 'Florian', 'Oßner', '1.1.1980.', 'n');
insert into CandidatesData (idno) VALUES (6349);
insert into Candidacy (wkid, idno, supportedby) VALUES (456, 6349, 9);
insert into Citizen (idno, title, firstname, lastname, dateofbirth, gender) VALUES (6350, '', 'Friedrich', 'Ostendorff', '1.1.1953.', 'n');
insert into CandidatesData (idno) VALUES (6350);
insert into Candidacy (wkid, idno, supportedby) VALUES (254, 6350, 5);
insert into Landeslistenplatz (llid, idno, position) VALUES (256, 6350, 12);
insert into Citizen (idno, title, firstname, lastname, dateofbirth, gender) VALUES (6351, '', 'Harald', 'Oster', '1.1.1970.', 'n');
insert into CandidatesData (idno) VALUES (6351);
insert into Candidacy (wkid, idno, supportedby) VALUES (148, 6351, 4);
insert into Landeslistenplatz (llid, idno, position) VALUES (208, 6351, 4);
insert into Citizen (idno, title, firstname, lastname, dateofbirth, gender) VALUES (6352, '', 'Ralph', 'Osterkamp', '1.1.1969.', 'n');
insert into CandidatesData (idno) VALUES (6352);
insert into Candidacy (wkid, idno, supportedby) VALUES (512, 6352, 7);
insert into Citizen (idno, title, firstname, lastname, dateofbirth, gender) VALUES (6353, '', 'Claudia', 'Ostermann', '1.1.1975.', 'n');
insert into CandidatesData (idno) VALUES (6353);
insert into Landeslistenplatz (llid, idno, position) VALUES (327, 6353, 5);
insert into Citizen (idno, title, firstname, lastname, dateofbirth, gender) VALUES (6354, 'Dr. ', 'Tim', 'Ostermann', '1.1.1979.', 'n');
insert into CandidatesData (idno) VALUES (6354);
insert into Candidacy (wkid, idno, supportedby) VALUES (266, 6354, 12);
insert into Landeslistenplatz (llid, idno, position) VALUES (310, 6354, 36);
insert into Citizen (idno, title, firstname, lastname, dateofbirth, gender) VALUES (6355, '', 'Hans-Detlef', 'Ott', '1.1.1969.', 'n');
insert into CandidatesData (idno) VALUES (6355);
insert into Candidacy (wkid, idno, supportedby) VALUES (552, 6355, 5);
insert into Citizen (idno, title, firstname, lastname, dateofbirth, gender) VALUES (6356, '', 'Hermann', 'Ott', '1.1.1961.', 'n');
insert into CandidatesData (idno) VALUES (6356);
insert into Candidacy (wkid, idno, supportedby) VALUES (204, 6356, 5);
insert into Landeslistenplatz (llid, idno, position) VALUES (256, 6356, 18);
insert into Citizen (idno, title, firstname, lastname, dateofbirth, gender) VALUES (6357, '', 'Henning', 'Otte', '1.1.1968.', 'n');
insert into CandidatesData (idno) VALUES (6357);
insert into Candidacy (wkid, idno, supportedby) VALUES (88, 6357, 12);
insert into Landeslistenplatz (llid, idno, position) VALUES (217, 6357, 12);
insert into Citizen (idno, title, firstname, lastname, dateofbirth, gender) VALUES (6358, '', 'Stephan', 'Otte', '1.1.1980.', 'n');
insert into CandidatesData (idno) VALUES (6358);
insert into Candidacy (wkid, idno, supportedby) VALUES (480, 6358, 4);
insert into Landeslistenplatz (llid, idno, position) VALUES (276, 6358, 37);
insert into Citizen (idno, title, firstname, lastname, dateofbirth, gender) VALUES (6359, '', 'Gerold Joachim', 'Otten', '1.1.1955.', 'n');
insert into CandidatesData (idno) VALUES (6359);
insert into Landeslistenplatz (llid, idno, position) VALUES (342, 6359, 8);
insert into Citizen (idno, title, firstname, lastname, dateofbirth, gender) VALUES (6360, '', 'Matthias', 'Ottmar', '1.1.1981.', 'n');
insert into CandidatesData (idno) VALUES (6360);
insert into Landeslistenplatz (llid, idno, position) VALUES (400, 6360, 2);
insert into Citizen (idno, title, firstname, lastname, dateofbirth, gender) VALUES (6361, '', 'André', 'Otto', '1.1.1971.', 'n');
insert into CandidatesData (idno) VALUES (6361);
insert into Candidacy (wkid, idno, supportedby) VALUES (170, 6361, NULL);
insert into Citizen (idno, title, firstname, lastname, dateofbirth, gender) VALUES (6362, '', 'Andreas', 'Otto', '1.1.1962.', 'n');
insert into CandidatesData (idno) VALUES (6362);
insert into Candidacy (wkid, idno, supportedby) VALUES (152, 6362, 5);
insert into Landeslistenplatz (llid, idno, position) VALUES (427, 6362, 4);
insert into Citizen (idno, title, firstname, lastname, dateofbirth, gender) VALUES (6363, '', 'Birgit', 'Otto', '1.1.1957.', 'n');
insert into CandidatesData (idno) VALUES (6363);
insert into Landeslistenplatz (llid, idno, position) VALUES (262, 6363, 25);
insert into Citizen (idno, title, firstname, lastname, dateofbirth, gender) VALUES (6364, '', 'Carsten', 'Otto', '1.1.1960.', 'n');
insert into CandidatesData (idno) VALUES (6364);
insert into Landeslistenplatz (llid, idno, position) VALUES (411, 6364, 5);
insert into Citizen (idno, title, firstname, lastname, dateofbirth, gender) VALUES (6365, '', 'Cornelia', 'Otto', '1.1.1974.', 'n');
insert into CandidatesData (idno) VALUES (6365);
insert into Landeslistenplatz (llid, idno, position) VALUES (382, 6365, 1);
insert into Citizen (idno, title, firstname, lastname, dateofbirth, gender) VALUES (6366, 'Dr. ', 'Manfred Ernst Gerhard', 'Otto', '1.1.1952.', 'n');
insert into CandidatesData (idno) VALUES (6366);
insert into Candidacy (wkid, idno, supportedby) VALUES (92, 6366, 33);
insert into Citizen (idno, title, firstname, lastname, dateofbirth, gender) VALUES (6367, '', 'Hans-Joachim', 'Otto', '1.1.1952.', 'n');
insert into CandidatesData (idno) VALUES (6367);
insert into Candidacy (wkid, idno, supportedby) VALUES (364, 6367, 4);
insert into Citizen (idno, title, firstname, lastname, dateofbirth, gender) VALUES (6368, '', 'Gottfried Helmut', 'Ottweiler', '1.1.1954.', 'n');
insert into CandidatesData (idno) VALUES (6368);
insert into Candidacy (wkid, idno, supportedby) VALUES (208, 6368, 33);
insert into Citizen (idno, title, firstname, lastname, dateofbirth, gender) VALUES (6369, '', 'Kai', 'Otzen', '1.1.1961.', 'n');
insert into CandidatesData (idno) VALUES (6369);
insert into Candidacy (wkid, idno, supportedby) VALUES (22, 6369, 1);
insert into Landeslistenplatz (llid, idno, position) VALUES (416, 6369, 3);
insert into Citizen (idno, title, firstname, lastname, dateofbirth, gender) VALUES (6370, '', 'Hans-Jürgen', 'Paar', '1.1.1940.', 'n');
insert into CandidatesData (idno) VALUES (6370);
insert into Candidacy (wkid, idno, supportedby) VALUES (482, 6370, 41);
insert into Landeslistenplatz (llid, idno, position) VALUES (328, 6370, 7);
insert into Citizen (idno, title, firstname, lastname, dateofbirth, gender) VALUES (6371, '', 'Johannes', 'Pabst', '1.1.1953.', 'n');
insert into CandidatesData (idno) VALUES (6371);
insert into Candidacy (wkid, idno, supportedby) VALUES (506, 6371, 4);
insert into Landeslistenplatz (llid, idno, position) VALUES (276, 6371, 29);
insert into Citizen (idno, title, firstname, lastname, dateofbirth, gender) VALUES (6372, 'Dr. ', 'Martin', 'Pätzold', '1.1.1984.', 'n');
insert into CandidatesData (idno) VALUES (6372);
insert into Candidacy (wkid, idno, supportedby) VALUES (172, 6372, 12);
insert into Landeslistenplatz (llid, idno, position) VALUES (291, 6372, 7);
insert into Citizen (idno, title, firstname, lastname, dateofbirth, gender) VALUES (6373, '', 'Robert', 'Pätzold', '1.1.1977.', 'n');
insert into CandidatesData (idno) VALUES (6373);
insert into Landeslistenplatz (llid, idno, position) VALUES (201, 6373, 43);
insert into Citizen (idno, title, firstname, lastname, dateofbirth, gender) VALUES (6374, '', 'Ingrid', 'Pahlmann', '1.1.1957.', 'n');
insert into CandidatesData (idno) VALUES (6374);
insert into Candidacy (wkid, idno, supportedby) VALUES (90, 6374, 12);
insert into Landeslistenplatz (llid, idno, position) VALUES (217, 6374, 14);
insert into Citizen (idno, title, firstname, lastname, dateofbirth, gender) VALUES (6375, '', 'Ingeborg', 'Palm', '1.1.1953.', 'n');
insert into CandidatesData (idno) VALUES (6375);
insert into Landeslistenplatz (llid, idno, position) VALUES (414, 6375, 3);
insert into Citizen (idno, title, firstname, lastname, dateofbirth, gender) VALUES (6376, '', 'Dragos', 'Pancescu', '1.1.1967.', 'n');
insert into CandidatesData (idno) VALUES (6376);
insert into Candidacy (wkid, idno, supportedby) VALUES (56, 6376, 5);
insert into Landeslistenplatz (llid, idno, position) VALUES (316, 6376, 12);
insert into Citizen (idno, title, firstname, lastname, dateofbirth, gender) VALUES (6377, '', 'Rodolfo', 'Panetta', '1.1.1952.', 'n');
insert into CandidatesData (idno) VALUES (6377);
insert into Landeslistenplatz (llid, idno, position) VALUES (358, 6377, 8);
insert into Citizen (idno, title, firstname, lastname, dateofbirth, gender) VALUES (6378, '', 'Mathias', 'Panhey', '1.1.1987.', 'n');
insert into CandidatesData (idno) VALUES (6378);
insert into Landeslistenplatz (llid, idno, position) VALUES (235, 6378, 11);
insert into Citizen (idno, title, firstname, lastname, dateofbirth, gender) VALUES (6379, '', 'Sabine-Brigitte', 'Pankau', '1.1.1969.', 'n');
insert into CandidatesData (idno) VALUES (6379);
insert into Landeslistenplatz (llid, idno, position) VALUES (408, 6379, 2);
insert into Citizen (idno, title, firstname, lastname, dateofbirth, gender) VALUES (6380, '', 'Rolf', 'Pannicke', '1.1.1969.', 'n');
insert into CandidatesData (idno) VALUES (6380);
insert into Candidacy (wkid, idno, supportedby) VALUES (454, 6380, 3);
insert into Citizen (idno, title, firstname, lastname, dateofbirth, gender) VALUES (6381, '', 'Sylvia', 'Pantel', '1.1.1961.', 'n');
insert into CandidatesData (idno) VALUES (6381);
insert into Candidacy (wkid, idno, supportedby) VALUES (214, 6381, 12);
insert into Landeslistenplatz (llid, idno, position) VALUES (310, 6381, 45);
insert into Citizen (idno, title, firstname, lastname, dateofbirth, gender) VALUES (6382, '', 'Christian', 'Pap', '1.1.1979.', 'n');
insert into CandidatesData (idno) VALUES (6382);
insert into Candidacy (wkid, idno, supportedby) VALUES (148, 6382, NULL);
insert into Citizen (idno, title, firstname, lastname, dateofbirth, gender) VALUES (6383, '', 'Anette', 'Pappler', '1.1.1972.', 'n');
insert into CandidatesData (idno) VALUES (6383);
insert into Candidacy (wkid, idno, supportedby) VALUES (482, 6383, 2);
insert into Landeslistenplatz (llid, idno, position) VALUES (260, 6383, 28);
insert into Citizen (idno, title, firstname, lastname, dateofbirth, gender) VALUES (6384, '', 'Eva Anna', 'Parbs', '1.1.1948.', 'n');
insert into CandidatesData (idno) VALUES (6384);
insert into Landeslistenplatz (llid, idno, position) VALUES (274, 6384, 5);
insert into Citizen (idno, title, firstname, lastname, dateofbirth, gender) VALUES (6385, '', 'Michael Walter', 'Paris', '1.1.1955.', 'n');
insert into CandidatesData (idno) VALUES (6385);
insert into Candidacy (wkid, idno, supportedby) VALUES (366, 6385, NULL);
insert into Citizen (idno, title, firstname, lastname, dateofbirth, gender) VALUES (6386, '', 'Andreas', 'Parr', '1.1.1971.', 'n');
insert into CandidatesData (idno) VALUES (6386);
insert into Candidacy (wkid, idno, supportedby) VALUES (494, 6386, 2);
insert into Landeslistenplatz (llid, idno, position) VALUES (260, 6386, 27);
insert into Citizen (idno, title, firstname, lastname, dateofbirth, gender) VALUES (6387, '', 'Henryk Alfons', 'Parzatka-Lipinski', '1.1.1956.', 'n');
insert into CandidatesData (idno) VALUES (6387);
insert into Candidacy (wkid, idno, supportedby) VALUES (164, 6387, 32);
insert into Landeslistenplatz (llid, idno, position) VALUES (371, 6387, 4);
insert into Citizen (idno, title, firstname, lastname, dateofbirth, gender) VALUES (6388, '', 'Markus', 'Paschke', '1.1.1963.', 'n');
insert into CandidatesData (idno) VALUES (6388);
insert into Candidacy (wkid, idno, supportedby) VALUES (50, 6388, 2);
insert into Landeslistenplatz (llid, idno, position) VALUES (242, 6388, 13);
insert into Citizen (idno, title, firstname, lastname, dateofbirth, gender) VALUES (6389, '', 'Marianne', 'Pastörs', '1.1.1953.', 'n');
insert into CandidatesData (idno) VALUES (6389);
insert into Landeslistenplatz (llid, idno, position) VALUES (235, 6389, 6);
insert into Citizen (idno, title, firstname, lastname, dateofbirth, gender) VALUES (6390, '', 'Udo Michael Wilhelm', 'Pastörs', '1.1.1952.', 'n');
insert into CandidatesData (idno) VALUES (6390);
insert into Candidacy (wkid, idno, supportedby) VALUES (24, 6390, 1);
insert into Landeslistenplatz (llid, idno, position) VALUES (235, 6390, 1);
insert into Citizen (idno, title, firstname, lastname, dateofbirth, gender) VALUES (6391, 'Dr. ', 'Johannes Georg', 'Patatzki', '1.1.1963.', 'n');
insert into CandidatesData (idno) VALUES (6391);
insert into Landeslistenplatz (llid, idno, position) VALUES (253, 6391, 32);
insert into Citizen (idno, title, firstname, lastname, dateofbirth, gender) VALUES (6392, '', 'Martin Maria Otto Felix', 'Patzelt', '1.1.1947.', 'n');
insert into CandidatesData (idno) VALUES (6392);
insert into Candidacy (wkid, idno, supportedby) VALUES (126, 6392, 12);
insert into Landeslistenplatz (llid, idno, position) VALUES (394, 6392, 10);
insert into Citizen (idno, title, firstname, lastname, dateofbirth, gender) VALUES (6393, '', 'Remy', 'Patzelt', '1.1.1984.', 'n');
insert into CandidatesData (idno) VALUES (6393);
insert into Candidacy (wkid, idno, supportedby) VALUES (534, 6393, 7);
insert into Citizen (idno, title, firstname, lastname, dateofbirth, gender) VALUES (6394, '', 'Petra Angelika', 'Pau', '1.1.1963.', 'n');
insert into CandidatesData (idno) VALUES (6394);
insert into Candidacy (wkid, idno, supportedby) VALUES (170, 6394, 3);
insert into Landeslistenplatz (llid, idno, position) VALUES (372, 6394, 2);
insert into Citizen (idno, title, firstname, lastname, dateofbirth, gender) VALUES (6395, '', 'Stefan', 'Paul', '1.1.1976.', 'n');
insert into CandidatesData (idno) VALUES (6395);
insert into Landeslistenplatz (llid, idno, position) VALUES (227, 6395, 41);
insert into Citizen (idno, title, firstname, lastname, dateofbirth, gender) VALUES (6396, '', 'Karl-Heinz', 'Pauli', '1.1.1953.', 'n');
insert into CandidatesData (idno) VALUES (6396);
insert into Landeslistenplatz (llid, idno, position) VALUES (270, 6396, 13);
insert into Citizen (idno, title, firstname, lastname, dateofbirth, gender) VALUES (6397, '', 'Sascha Manfred', 'Paulick', '1.1.1971.', 'n');
insert into CandidatesData (idno) VALUES (6397);
insert into Candidacy (wkid, idno, supportedby) VALUES (156, 6397, 33);
insert into Citizen (idno, title, firstname, lastname, dateofbirth, gender) VALUES (6398, '', 'Annabell', 'Paulitz', '1.1.1992.', 'n');
insert into CandidatesData (idno) VALUES (6398);
insert into Landeslistenplatz (llid, idno, position) VALUES (353, 6398, 10);
insert into Citizen (idno, title, firstname, lastname, dateofbirth, gender) VALUES (6399, '', 'Jens', 'Paulsen', '1.1.1948.', 'n');
insert into CandidatesData (idno) VALUES (6399);
insert into Candidacy (wkid, idno, supportedby) VALUES (60, 6399, 33);
insert into Landeslistenplatz (llid, idno, position) VALUES (203, 6399, 3);
insert into Citizen (idno, title, firstname, lastname, dateofbirth, gender) VALUES (6400, '', 'Jutta', 'Paulus', '1.1.1967.', 'n');
insert into CandidatesData (idno) VALUES (6400);
insert into Candidacy (wkid, idno, supportedby) VALUES (418, 6400, 5);
insert into Landeslistenplatz (llid, idno, position) VALUES (389, 6400, 13);
insert into Citizen (idno, title, firstname, lastname, dateofbirth, gender) VALUES (6401, '', 'Michael', 'Paulwitz', '1.1.1965.', 'n');
insert into CandidatesData (idno) VALUES (6401);
insert into Landeslistenplatz (llid, idno, position) VALUES (358, 6401, 19);
insert into Citizen (idno, title, firstname, lastname, dateofbirth, gender) VALUES (6402, '', 'Heinz-Dieter', 'Pauly', '1.1.1945.', 'n');
insert into CandidatesData (idno) VALUES (6402);
insert into Candidacy (wkid, idno, supportedby) VALUES (470, 6402, 4);
insert into Landeslistenplatz (llid, idno, position) VALUES (276, 6402, 31);
insert into Citizen (idno, title, firstname, lastname, dateofbirth, gender) VALUES (6403, '', 'Michel', 'Pauly', '1.1.1985.', 'n');
insert into CandidatesData (idno) VALUES (6403);
insert into Candidacy (wkid, idno, supportedby) VALUES (72, 6403, 3);
insert into Citizen (idno, title, firstname, lastname, dateofbirth, gender) VALUES (6404, '', 'Lisa', 'Paus', '1.1.1968.', 'n');
insert into CandidatesData (idno) VALUES (6404);
insert into Candidacy (wkid, idno, supportedby) VALUES (160, 6404, 5);
insert into Landeslistenplatz (llid, idno, position) VALUES (427, 6404, 3);
insert into Citizen (idno, title, firstname, lastname, dateofbirth, gender) VALUES (6405, '', 'Holger', 'Peckmann', '1.1.1967.', 'n');
insert into CandidatesData (idno) VALUES (6405);
insert into Candidacy (wkid, idno, supportedby) VALUES (390, 6405, 7);
insert into Citizen (idno, title, firstname, lastname, dateofbirth, gender) VALUES (6406, '', 'Dirk', 'Peddinghaus', '1.1.1962.', 'n');
insert into CandidatesData (idno) VALUES (6406);
insert into Candidacy (wkid, idno, supportedby) VALUES (2, 6406, 2);
insert into Landeslistenplatz (llid, idno, position) VALUES (277, 6406, 11);
insert into Citizen (idno, title, firstname, lastname, dateofbirth, gender) VALUES (6407, '', 'Oliver', 'Peer', '1.1.1966.', 'n');
insert into CandidatesData (idno) VALUES (6407);
insert into Landeslistenplatz (llid, idno, position) VALUES (326, 6407, 6);
insert into Citizen (idno, title, firstname, lastname, dateofbirth, gender) VALUES (6408, '', 'Martina Maria', 'Peine', '1.1.1961.', 'n');
insert into CandidatesData (idno) VALUES (6408);
insert into Landeslistenplatz (llid, idno, position) VALUES (217, 6408, 36);
insert into Citizen (idno, title, firstname, lastname, dateofbirth, gender) VALUES (6409, '', 'Horst Artur', 'Peltz', '1.1.1949.', 'n');
insert into CandidatesData (idno) VALUES (6409);
insert into Landeslistenplatz (llid, idno, position) VALUES (257, 6409, 13);
insert into Citizen (idno, title, firstname, lastname, dateofbirth, gender) VALUES (6410, '', 'Tommy', 'Penk', '1.1.1989.', 'n');
insert into CandidatesData (idno) VALUES (6410);
insert into Candidacy (wkid, idno, supportedby) VALUES (308, 6410, 5);
insert into Citizen (idno, title, firstname, lastname, dateofbirth, gender) VALUES (6411, '', 'Matthias Jan', 'Penkala', '1.1.1990.', 'n');
insert into CandidatesData (idno) VALUES (6411);
insert into Candidacy (wkid, idno, supportedby) VALUES (464, 6411, 32);
insert into Landeslistenplatz (llid, idno, position) VALUES (206, 6411, 22);
insert into Citizen (idno, title, firstname, lastname, dateofbirth, gender) VALUES (6412, '', 'Dorit', 'Pentz von', '1.1.1950.', 'n');
insert into CandidatesData (idno) VALUES (6412);
insert into Landeslistenplatz (llid, idno, position) VALUES (379, 6412, 4);
insert into Citizen (idno, title, firstname, lastname, dateofbirth, gender) VALUES (6413, '', 'Hannes', 'Pentz von', '1.1.1979.', 'n');
insert into CandidatesData (idno) VALUES (6413);
insert into Landeslistenplatz (llid, idno, position) VALUES (379, 6413, 1);
insert into Citizen (idno, title, firstname, lastname, dateofbirth, gender) VALUES (6414, '', 'Müjgan', 'Percin', '1.1.1976.', 'n');
insert into CandidatesData (idno) VALUES (6414);
insert into Landeslistenplatz (llid, idno, position) VALUES (427, 6414, 9);
insert into Citizen (idno, title, firstname, lastname, dateofbirth, gender) VALUES (6415, '', 'Hans-Peter', 'Perschke', '1.1.1955.', 'n');
insert into CandidatesData (idno) VALUES (6415);
insert into Landeslistenplatz (llid, idno, position) VALUES (330, 6415, 10);
insert into Citizen (idno, title, firstname, lastname, dateofbirth, gender) VALUES (6416, '', 'Heinrich', 'Pesch', '1.1.1938.', 'n');
insert into CandidatesData (idno) VALUES (6416);
insert into Candidacy (wkid, idno, supportedby) VALUES (174, 6416, 32);
insert into Citizen (idno, title, firstname, lastname, dateofbirth, gender) VALUES (6417, '', 'Erhard Willi Hermann', 'Peschel', '1.1.1953.', 'n');
insert into CandidatesData (idno) VALUES (6417);
insert into Candidacy (wkid, idno, supportedby) VALUES (116, 6417, NULL);
insert into Citizen (idno, title, firstname, lastname, dateofbirth, gender) VALUES (6418, '', 'Günter', 'Peschke', '1.1.1966.', 'n');
insert into CandidatesData (idno) VALUES (6418);
insert into Landeslistenplatz (llid, idno, position) VALUES (213, 6418, 11);
insert into Citizen (idno, title, firstname, lastname, dateofbirth, gender) VALUES (6419, '', 'Jürgen', 'Peter', '1.1.1960.', 'n');
insert into CandidatesData (idno) VALUES (6419);
insert into Candidacy (wkid, idno, supportedby) VALUES (194, 6419, 4);
insert into Landeslistenplatz (llid, idno, position) VALUES (272, 6419, 21);
insert into Citizen (idno, title, firstname, lastname, dateofbirth, gender) VALUES (6420, '', 'Klaus Karl', 'Peter', '1.1.1964.', 'n');
insert into CandidatesData (idno) VALUES (6420);
insert into Candidacy (wkid, idno, supportedby) VALUES (464, 6420, 36);
insert into Landeslistenplatz (llid, idno, position) VALUES (295, 6420, 19);
insert into Citizen (idno, title, firstname, lastname, dateofbirth, gender) VALUES (6421, '', 'Mareike', 'Peter', '1.1.1988.', 'n');
insert into CandidatesData (idno) VALUES (6421);
insert into Landeslistenplatz (llid, idno, position) VALUES (382, 6421, 11);
insert into Citizen (idno, title, firstname, lastname, dateofbirth, gender) VALUES (6422, 'Prof. Dr. Dr. ', 'Ralf Uwe', 'Peter', '1.1.1959.', 'n');
insert into CandidatesData (idno) VALUES (6422);
insert into Candidacy (wkid, idno, supportedby) VALUES (510, 6422, 4);
insert into Landeslistenplatz (llid, idno, position) VALUES (276, 6422, 46);
insert into Citizen (idno, title, firstname, lastname, dateofbirth, gender) VALUES (6423, '', 'Tobias', 'Peterka', '1.1.1982.', 'n');
insert into CandidatesData (idno) VALUES (6423);
insert into Candidacy (wkid, idno, supportedby) VALUES (474, 6423, 33);
insert into Landeslistenplatz (llid, idno, position) VALUES (342, 6423, 33);
insert into Citizen (idno, title, firstname, lastname, dateofbirth, gender) VALUES (6424, '', 'Jens', 'Petermann', '1.1.1963.', 'n');
insert into CandidatesData (idno) VALUES (6424);
insert into Candidacy (wkid, idno, supportedby) VALUES (394, 6424, 3);
insert into Citizen (idno, title, firstname, lastname, dateofbirth, gender) VALUES (6425, '', 'Christian', 'Peters', '1.1.1978.', 'n');
insert into CandidatesData (idno) VALUES (6425);
insert into Candidacy (wkid, idno, supportedby) VALUES (326, 6425, 7);
insert into Citizen (idno, title, firstname, lastname, dateofbirth, gender) VALUES (6426, 'Dr. ', 'Werner', 'Peters', '1.1.1941.', 'n');
insert into CandidatesData (idno) VALUES (6426);
insert into Landeslistenplatz (llid, idno, position) VALUES (369, 6426, 1);
insert into Citizen (idno, title, firstname, lastname, dateofbirth, gender) VALUES (6427, '', 'Manuel', 'Peters', '1.1.1968.', 'n');
insert into CandidatesData (idno) VALUES (6427);
insert into Landeslistenplatz (llid, idno, position) VALUES (236, 6427, 24);
insert into Citizen (idno, title, firstname, lastname, dateofbirth, gender) VALUES (6428, '', 'Michael', 'Peters', '1.1.1981.', 'n');
insert into CandidatesData (idno) VALUES (6428);
insert into Candidacy (wkid, idno, supportedby) VALUES (224, 6428, 7);
insert into Citizen (idno, title, firstname, lastname, dateofbirth, gender) VALUES (6429, '', 'Monika Helga', 'Petricek', '1.1.1943.', 'n');
insert into CandidatesData (idno) VALUES (6429);
insert into Candidacy (wkid, idno, supportedby) VALUES (240, 6429, 10);
insert into Landeslistenplatz (llid, idno, position) VALUES (338, 6429, 11);
insert into Citizen (idno, title, firstname, lastname, dateofbirth, gender) VALUES (6430, '', 'Christian', 'Petry', '1.1.1965.', 'n');
insert into CandidatesData (idno) VALUES (6430);
insert into Candidacy (wkid, idno, supportedby) VALUES (596, 6430, 2);
insert into Landeslistenplatz (llid, idno, position) VALUES (250, 6430, 4);
insert into Citizen (idno, title, firstname, lastname, dateofbirth, gender) VALUES (6431, 'Dr. ', 'Frauke', 'Petry', '1.1.1975.', 'n');
insert into CandidatesData (idno) VALUES (6431);
insert into Landeslistenplatz (llid, idno, position) VALUES (339, 6431, 1);
insert into Citizen (idno, title, firstname, lastname, dateofbirth, gender) VALUES (6432, '', 'Manfred Willibald', 'Petry', '1.1.1953.', 'n');
insert into CandidatesData (idno) VALUES (6432);
insert into Candidacy (wkid, idno, supportedby) VALUES (420, 6432, 32);
insert into Landeslistenplatz (llid, idno, position) VALUES (202, 6432, 2);
insert into Citizen (idno, title, firstname, lastname, dateofbirth, gender) VALUES (6433, '', 'Hans Ulrich', 'Petzold', '1.1.1951.', 'n');
insert into CandidatesData (idno) VALUES (6433);
insert into Candidacy (wkid, idno, supportedby) VALUES (140, 6433, 12);
insert into Landeslistenplatz (llid, idno, position) VALUES (305, 6433, 3);
insert into Citizen (idno, title, firstname, lastname, dateofbirth, gender) VALUES (6434, '', 'Harald Alfred', 'Petzold', '1.1.1962.', 'n');
insert into CandidatesData (idno) VALUES (6434);
insert into Candidacy (wkid, idno, supportedby) VALUES (116, 6434, 3);
insert into Landeslistenplatz (llid, idno, position) VALUES (412, 6434, 4);
insert into Citizen (idno, title, firstname, lastname, dateofbirth, gender) VALUES (6435, '', 'Dörte', 'Petzsch', '1.1.1985.', 'n');
insert into CandidatesData (idno) VALUES (6435);
insert into Landeslistenplatz (llid, idno, position) VALUES (283, 6435, 4);
insert into Citizen (idno, title, firstname, lastname, dateofbirth, gender) VALUES (6436, '', 'Klaus', 'Peukert', '1.1.1977.', 'n');
insert into CandidatesData (idno) VALUES (6436);
insert into Landeslistenplatz (llid, idno, position) VALUES (258, 6436, 8);
insert into Citizen (idno, title, firstname, lastname, dateofbirth, gender) VALUES (6437, '', 'Janina', 'Pfau', '1.1.1983.', 'n');
insert into CandidatesData (idno) VALUES (6437);
insert into Candidacy (wkid, idno, supportedby) VALUES (332, 6437, 3);
insert into Landeslistenplatz (llid, idno, position) VALUES (417, 6437, 13);
insert into Citizen (idno, title, firstname, lastname, dateofbirth, gender) VALUES (6438, '', 'Nicol', 'Pfefferlein', '1.1.1970.', 'n');
insert into CandidatesData (idno) VALUES (6438);
insert into Candidacy (wkid, idno, supportedby) VALUES (382, 6438, 5);
insert into Citizen (idno, title, firstname, lastname, dateofbirth, gender) VALUES (6439, 'Dr. ', 'Joachim', 'Pfeiffer', '1.1.1967.', 'n');
insert into CandidatesData (idno) VALUES (6439);
insert into Candidacy (wkid, idno, supportedby) VALUES (528, 6439, 12);
insert into Citizen (idno, title, firstname, lastname, dateofbirth, gender) VALUES (6440, '', 'Günter', 'Pfeiffer', '1.1.1943.', 'n');
insert into CandidatesData (idno) VALUES (6440);
insert into Landeslistenplatz (llid, idno, position) VALUES (210, 6440, 1);
insert into Citizen (idno, title, firstname, lastname, dateofbirth, gender) VALUES (6441, '', 'Jens Folker', 'Pfeiffer', '1.1.1964.', 'n');
insert into CandidatesData (idno) VALUES (6441);
insert into Candidacy (wkid, idno, supportedby) VALUES (490, 6441, 33);
insert into Citizen (idno, title, firstname, lastname, dateofbirth, gender) VALUES (6442, '', 'Sibylle Luise Gisela', 'Pfeiffer', '1.1.1951.', 'n');
insert into CandidatesData (idno) VALUES (6442);
insert into Candidacy (wkid, idno, supportedby) VALUES (344, 6442, 12);
insert into Landeslistenplatz (llid, idno, position) VALUES (262, 6442, 8);
insert into Citizen (idno, title, firstname, lastname, dateofbirth, gender) VALUES (6443, '', 'Anke Kerstin', 'Pfeil', '1.1.1973.', 'n');
insert into CandidatesData (idno) VALUES (6443);
insert into Candidacy (wkid, idno, supportedby) VALUES (360, 6443, 4);
insert into Landeslistenplatz (llid, idno, position) VALUES (290, 6443, 6);
insert into Citizen (idno, title, firstname, lastname, dateofbirth, gender) VALUES (6444, '', 'Arne', 'Pfeilsticker', '1.1.1948.', 'n');
insert into CandidatesData (idno) VALUES (6444);
insert into Candidacy (wkid, idno, supportedby) VALUES (376, 6444, 7);
insert into Citizen (idno, title, firstname, lastname, dateofbirth, gender) VALUES (6445, 'Dr. ', 'Uwe', 'Pfennig', '1.1.1958.', 'n');
insert into CandidatesData (idno) VALUES (6445);
insert into Candidacy (wkid, idno, supportedby) VALUES (376, 6445, 5);
insert into Citizen (idno, title, firstname, lastname, dateofbirth, gender) VALUES (6446, '', 'Barbara', 'Pfeuffer', '1.1.1964.', 'n');
insert into CandidatesData (idno) VALUES (6446);
insert into Landeslistenplatz (llid, idno, position) VALUES (238, 6446, 23);
insert into Citizen (idno, title, firstname, lastname, dateofbirth, gender) VALUES (6447, '', 'Karl-Heinz', 'Pfirrmann', '1.1.1945.', 'n');
insert into CandidatesData (idno) VALUES (6447);
insert into Candidacy (wkid, idno, supportedby) VALUES (546, 6447, 1);
insert into Landeslistenplatz (llid, idno, position) VALUES (259, 6447, 4);
insert into Citizen (idno, title, firstname, lastname, dateofbirth, gender) VALUES (6448, '', 'Gerhard', 'Pfisterer', '1.1.1948.', 'n');
insert into CandidatesData (idno) VALUES (6448);
insert into Candidacy (wkid, idno, supportedby) VALUES (284, 6448, 13);
insert into Landeslistenplatz (llid, idno, position) VALUES (207, 6448, 3);
insert into Citizen (idno, title, firstname, lastname, dateofbirth, gender) VALUES (6449, '', 'Walter', 'Pfleiderer', '1.1.1936.', 'n');
insert into CandidatesData (idno) VALUES (6449);
insert into Candidacy (wkid, idno, supportedby) VALUES (488, 6449, NULL);
insert into Citizen (idno, title, firstname, lastname, dateofbirth, gender) VALUES (6450, '', 'Tobias', 'Pflüger', '1.1.1965.', 'n');
insert into CandidatesData (idno) VALUES (6450);
insert into Candidacy (wkid, idno, supportedby) VALUES (562, 6450, 3);
insert into Landeslistenplatz (llid, idno, position) VALUES (324, 6450, 6);
insert into Citizen (idno, title, firstname, lastname, dateofbirth, gender) VALUES (6451, '', 'Jeannine', 'Pflugradt', '1.1.1973.', 'n');
insert into CandidatesData (idno) VALUES (6451);
insert into Candidacy (wkid, idno, supportedby) VALUES (34, 6451, 2);
insert into Landeslistenplatz (llid, idno, position) VALUES (401, 6451, 3);
insert into Citizen (idno, title, firstname, lastname, dateofbirth, gender) VALUES (6452, '', 'Christa', 'Philipp', '1.1.1949.', 'n');
insert into CandidatesData (idno) VALUES (6452);
insert into Candidacy (wkid, idno, supportedby) VALUES (438, 6452, 15);
insert into Landeslistenplatz (llid, idno, position) VALUES (228, 6452, 14);
insert into Citizen (idno, title, firstname, lastname, dateofbirth, gender) VALUES (6453, '', 'Johannes Jürgen', 'Philipper', '1.1.1987.', 'n');
insert into CandidatesData (idno) VALUES (6453);
insert into Candidacy (wkid, idno, supportedby) VALUES (260, 6453, 4);
insert into Landeslistenplatz (llid, idno, position) VALUES (272, 6453, 28);
insert into Citizen (idno, title, firstname, lastname, dateofbirth, gender) VALUES (6454, '', 'Peter Hartmut', 'Pichl', '1.1.1980.', 'n');
insert into CandidatesData (idno) VALUES (6454);
insert into Landeslistenplatz (llid, idno, position) VALUES (271, 6454, 11);
insert into Citizen (idno, title, firstname, lastname, dateofbirth, gender) VALUES (6455, '', 'Michael', 'Piechotta', '1.1.1980.', 'n');
insert into CandidatesData (idno) VALUES (6455);
insert into Landeslistenplatz (llid, idno, position) VALUES (240, 6455, 10);
insert into Citizen (idno, title, firstname, lastname, dateofbirth, gender) VALUES (6456, '', 'Andrea', 'Pieczka', '1.1.1967.', 'n');
insert into CandidatesData (idno) VALUES (6456);
insert into Candidacy (wkid, idno, supportedby) VALUES (286, 6456, 7);
insert into Citizen (idno, title, firstname, lastname, dateofbirth, gender) VALUES (6457, '', 'Jochen', 'Piehl', '1.1.1973.', 'n');
insert into CandidatesData (idno) VALUES (6457);
insert into Landeslistenplatz (llid, idno, position) VALUES (229, 6457, 13);
insert into Citizen (idno, title, firstname, lastname, dateofbirth, gender) VALUES (6458, '', 'Frank', 'Piele', '1.1.1965.', 'n');
insert into CandidatesData (idno) VALUES (6458);
insert into Landeslistenplatz (llid, idno, position) VALUES (377, 6458, 3);
insert into Citizen (idno, title, firstname, lastname, dateofbirth, gender) VALUES (6459, '', 'Cornelia', 'Pieper', '1.1.1959.', 'n');
insert into CandidatesData (idno) VALUES (6459);
insert into Candidacy (wkid, idno, supportedby) VALUES (144, 6459, 4);
insert into Landeslistenplatz (llid, idno, position) VALUES (208, 6459, 1);
insert into Citizen (idno, title, firstname, lastname, dateofbirth, gender) VALUES (6460, '', 'Birgitt', 'Piepgras', '1.1.1958.', 'n');
insert into CandidatesData (idno) VALUES (6460);
insert into Candidacy (wkid, idno, supportedby) VALUES (14, 6460, 7);
insert into Landeslistenplatz (llid, idno, position) VALUES (368, 6460, 4);
insert into Citizen (idno, title, firstname, lastname, dateofbirth, gender) VALUES (6461, '', 'Michael', 'Pietraszek', '1.1.1948.', 'n');
insert into CandidatesData (idno) VALUES (6461);
insert into Landeslistenplatz (llid, idno, position) VALUES (369, 6461, 2);
insert into Citizen (idno, title, firstname, lastname, dateofbirth, gender) VALUES (6462, '', 'Franz Alois', 'Pietruska', '1.1.1954.', 'n');
insert into CandidatesData (idno) VALUES (6462);
insert into Candidacy (wkid, idno, supportedby) VALUES (424, 6462, 32);
insert into Landeslistenplatz (llid, idno, position) VALUES (202, 6462, 9);
insert into Citizen (idno, title, firstname, lastname, dateofbirth, gender) VALUES (6463, '', 'Britta', 'Pietsch', '1.1.1963.', 'n');
insert into CandidatesData (idno) VALUES (6463);
insert into Candidacy (wkid, idno, supportedby) VALUES (222, 6463, 3);
insert into Citizen (idno, title, firstname, lastname, dateofbirth, gender) VALUES (6464, '', 'Detlev', 'Pilger', '1.1.1955.', 'n');
insert into CandidatesData (idno) VALUES (6464);
insert into Candidacy (wkid, idno, supportedby) VALUES (400, 6464, 2);
insert into Landeslistenplatz (llid, idno, position) VALUES (244, 6464, 8);
insert into Citizen (idno, title, firstname, lastname, dateofbirth, gender) VALUES (6465, '', 'Gisela', 'Piltz', '1.1.1964.', 'n');
insert into CandidatesData (idno) VALUES (6465);
insert into Candidacy (wkid, idno, supportedby) VALUES (212, 6465, 4);
insert into Landeslistenplatz (llid, idno, position) VALUES (272, 6465, 3);
insert into Citizen (idno, title, firstname, lastname, dateofbirth, gender) VALUES (6466, '', 'Mariana', 'Pinzon Becht', '1.1.1982.', 'n');
insert into CandidatesData (idno) VALUES (6466);
insert into Landeslistenplatz (llid, idno, position) VALUES (234, 6466, 31);
insert into Citizen (idno, title, firstname, lastname, dateofbirth, gender) VALUES (6467, '', 'Michael', 'Pioch', '1.1.1979.', 'n');
insert into CandidatesData (idno) VALUES (6467);
insert into Landeslistenplatz (llid, idno, position) VALUES (421, 6467, 3);
insert into Citizen (idno, title, firstname, lastname, dateofbirth, gender) VALUES (6468, '', 'Sascha', 'Pitkamin', '1.1.1969.', 'n');
insert into CandidatesData (idno) VALUES (6468);
insert into Candidacy (wkid, idno, supportedby) VALUES (98, 6468, 5);
insert into Citizen (idno, title, firstname, lastname, dateofbirth, gender) VALUES (6469, '', 'Richard', 'Pitterle', '1.1.1959.', 'n');
insert into CandidatesData (idno) VALUES (6469);
insert into Candidacy (wkid, idno, supportedby) VALUES (520, 6469, 3);
insert into Landeslistenplatz (llid, idno, position) VALUES (324, 6469, 4);
insert into Citizen (idno, title, firstname, lastname, dateofbirth, gender) VALUES (6470, '', 'Andreas', 'Pittrich', '1.1.1980.', 'n');
insert into CandidatesData (idno) VALUES (6470);
insert into Landeslistenplatz (llid, idno, position) VALUES (382, 6470, 5);
insert into Citizen (idno, title, firstname, lastname, dateofbirth, gender) VALUES (6471, '', 'Claus', 'Plantiko', '1.1.1938.', 'n');
insert into CandidatesData (idno) VALUES (6471);
insert into Candidacy (wkid, idno, supportedby) VALUES (196, 6471, 39);
insert into Landeslistenplatz (llid, idno, position) VALUES (254, 6471, 4);
insert into Citizen (idno, title, firstname, lastname, dateofbirth, gender) VALUES (6472, '', 'Hans', 'Plate', '1.1.1963.', 'n');
insert into CandidatesData (idno) VALUES (6472);
insert into Candidacy (wkid, idno, supportedby) VALUES (500, 6472, 5);
insert into Landeslistenplatz (llid, idno, position) VALUES (238, 6472, 18);
insert into Citizen (idno, title, firstname, lastname, dateofbirth, gender) VALUES (6473, '', 'Angela', 'Platsch', '1.1.1955.', 'n');
insert into CandidatesData (idno) VALUES (6473);
insert into Landeslistenplatz (llid, idno, position) VALUES (238, 6473, 43);
insert into Citizen (idno, title, firstname, lastname, dateofbirth, gender) VALUES (6474, '', 'Yvonne', 'Plaul', '1.1.1977.', 'n');
insert into CandidatesData (idno) VALUES (6474);
insert into Candidacy (wkid, idno, supportedby) VALUES (120, 6474, 5);
insert into Landeslistenplatz (llid, idno, position) VALUES (267, 6474, 3);
insert into Citizen (idno, title, firstname, lastname, dateofbirth, gender) VALUES (6475, '', 'Rolf', 'Plötz', '1.1.1940.', 'n');
insert into CandidatesData (idno) VALUES (6475);
insert into Candidacy (wkid, idno, supportedby) VALUES (198, 6475, 33);
insert into Citizen (idno, title, firstname, lastname, dateofbirth, gender) VALUES (6476, '', 'Yvonne', 'Ploetz', '1.1.1984.', 'n');
insert into CandidatesData (idno) VALUES (6476);
insert into Candidacy (wkid, idno, supportedby) VALUES (598, 6476, 3);
insert into Citizen (idno, title, firstname, lastname, dateofbirth, gender) VALUES (6477, '', 'Eva', 'Plonske', '1.1.1976.', 'n');
insert into CandidatesData (idno) VALUES (6477);
insert into Landeslistenplatz (llid, idno, position) VALUES (427, 6477, 11);
insert into Citizen (idno, title, firstname, lastname, dateofbirth, gender) VALUES (6478, '', 'Frank', 'Plonus', '1.1.1959.', 'n');
insert into CandidatesData (idno) VALUES (6478);
insert into Candidacy (wkid, idno, supportedby) VALUES (558, 6478, 33);
insert into Citizen (idno, title, firstname, lastname, dateofbirth, gender) VALUES (6479, '', 'Gerd Günther', 'Plorin', '1.1.1949.', 'n');
insert into CandidatesData (idno) VALUES (6479);
insert into Candidacy (wkid, idno, supportedby) VALUES (224, 6479, 33);
insert into Citizen (idno, title, firstname, lastname, dateofbirth, gender) VALUES (6480, '', 'André', 'Plum', '1.1.1992.', 'n');
insert into CandidatesData (idno) VALUES (6480);
insert into Landeslistenplatz (llid, idno, position) VALUES (345, 6480, 1);
insert into Citizen (idno, title, firstname, lastname, dateofbirth, gender) VALUES (6481, '', 'Moritz Johann Martin', 'Pöllath', '1.1.1982.', 'n');
insert into CandidatesData (idno) VALUES (6481);
insert into Candidacy (wkid, idno, supportedby) VALUES (464, 6481, 4);
insert into Landeslistenplatz (llid, idno, position) VALUES (276, 6481, 33);
insert into Citizen (idno, title, firstname, lastname, dateofbirth, gender) VALUES (6482, '', 'Benno', 'Pörtner', '1.1.1952.', 'n');
insert into CandidatesData (idno) VALUES (6482);
insert into Candidacy (wkid, idno, supportedby) VALUES (356, 6482, 3);
insert into Landeslistenplatz (llid, idno, position) VALUES (216, 6482, 12);
insert into Citizen (idno, title, firstname, lastname, dateofbirth, gender) VALUES (6483, '', 'Ernst Karl', 'Pötzl', '1.1.1958.', 'n');
insert into CandidatesData (idno) VALUES (6483);
insert into Landeslistenplatz (llid, idno, position) VALUES (230, 6483, 10);
insert into Citizen (idno, title, firstname, lastname, dateofbirth, gender) VALUES (6484, '', 'Ronald', 'Pofalla', '1.1.1959.', 'n');
insert into CandidatesData (idno) VALUES (6484);
insert into Candidacy (wkid, idno, supportedby) VALUES (224, 6484, 12);
insert into Landeslistenplatz (llid, idno, position) VALUES (310, 6484, 2);
insert into Citizen (idno, title, firstname, lastname, dateofbirth, gender) VALUES (6485, 'Dr. ', 'Christine', 'Pohl', '1.1.1976.', 'n');
insert into CandidatesData (idno) VALUES (6485);
insert into Landeslistenplatz (llid, idno, position) VALUES (244, 6485, 19);
insert into Citizen (idno, title, firstname, lastname, dateofbirth, gender) VALUES (6486, '', 'Matthias', 'Pohl', '1.1.1980.', 'n');
insert into CandidatesData (idno) VALUES (6486);
insert into Candidacy (wkid, idno, supportedby) VALUES (256, 6486, 1);
insert into Citizen (idno, title, firstname, lastname, dateofbirth, gender) VALUES (6487, '', 'Ulrike', 'Pohl', '1.1.1971.', 'n');
insert into CandidatesData (idno) VALUES (6487);
insert into Landeslistenplatz (llid, idno, position) VALUES (382, 6487, 4);
insert into Citizen (idno, title, firstname, lastname, dateofbirth, gender) VALUES (6488, '', 'Franz', 'Pohlmann', '1.1.1956.', 'n');
insert into CandidatesData (idno) VALUES (6488);
insert into Landeslistenplatz (llid, idno, position) VALUES (257, 6488, 19);
insert into Citizen (idno, title, firstname, lastname, dateofbirth, gender) VALUES (6489, '', 'Karl Friedrich Christoph', 'Poland', '1.1.1949.', 'n');
insert into CandidatesData (idno) VALUES (6489);
insert into Landeslistenplatz (llid, idno, position) VALUES (367, 6489, 7);
insert into Citizen (idno, title, firstname, lastname, dateofbirth, gender) VALUES (6490, '', 'Jörg', 'Polheim von', '1.1.1959.', 'n');
insert into CandidatesData (idno) VALUES (6490);
insert into Candidacy (wkid, idno, supportedby) VALUES (198, 6490, 4);
insert into Landeslistenplatz (llid, idno, position) VALUES (272, 6490, 14);
insert into Citizen (idno, title, firstname, lastname, dateofbirth, gender) VALUES (6491, '', 'Marvin Daniel', 'Pollock', '1.1.1988.', 'n');
insert into CandidatesData (idno) VALUES (6491);
insert into Landeslistenplatz (llid, idno, position) VALUES (289, 6491, 1);
insert into Citizen (idno, title, firstname, lastname, dateofbirth, gender) VALUES (6492, '', 'Eckhard', 'Pols', '1.1.1962.', 'n');
insert into CandidatesData (idno) VALUES (6492);
insert into Candidacy (wkid, idno, supportedby) VALUES (74, 6492, 12);
insert into Landeslistenplatz (llid, idno, position) VALUES (217, 6492, 16);
insert into Citizen (idno, title, firstname, lastname, dateofbirth, gender) VALUES (6493, '', 'Matthias', 'Polt', '1.1.1980.', 'n');
insert into CandidatesData (idno) VALUES (6493);
insert into Candidacy (wkid, idno, supportedby) VALUES (452, 6493, 1);
insert into Citizen (idno, title, firstname, lastname, dateofbirth, gender) VALUES (6494, '', 'Michael', 'Polte', '1.1.1979.', 'n');
insert into CandidatesData (idno) VALUES (6494);
insert into Candidacy (wkid, idno, supportedby) VALUES (112, 6494, 7);
insert into Citizen (idno, title, firstname, lastname, dateofbirth, gender) VALUES (6495, '', 'Benedikt Manfred', 'Polzer', '1.1.1982.', 'n');
insert into CandidatesData (idno) VALUES (6495);
insert into Candidacy (wkid, idno, supportedby) VALUES (360, 6495, 31);
insert into Landeslistenplatz (llid, idno, position) VALUES (252, 6495, 6);
insert into Citizen (idno, title, firstname, lastname, dateofbirth, gender) VALUES (6496, '', 'Alice Sarah', 'Polzer-Storek', '1.1.1978.', 'n');
insert into CandidatesData (idno) VALUES (6496);
insert into Candidacy (wkid, idno, supportedby) VALUES (114, 6496, 5);
insert into Citizen (idno, title, firstname, lastname, dateofbirth, gender) VALUES (6497, '', 'Waltraud Maria', 'Pomper', '1.1.1941.', 'n');
insert into CandidatesData (idno) VALUES (6497);
insert into Landeslistenplatz (llid, idno, position) VALUES (323, 6497, 9);
insert into Citizen (idno, title, firstname, lastname, dateofbirth, gender) VALUES (6498, '', 'Maximilian Jochen', 'Ponert', '1.1.1982.', 'n');
insert into CandidatesData (idno) VALUES (6498);
insert into Landeslistenplatz (llid, idno, position) VALUES (317, 6498, 8);
insert into Citizen (idno, title, firstname, lastname, dateofbirth, gender) VALUES (6499, '', 'Rainer', 'Ponik', '1.1.1962.', 'n');
insert into CandidatesData (idno) VALUES (6499);
insert into Landeslistenplatz (llid, idno, position) VALUES (296, 6499, 5);
insert into Citizen (idno, title, firstname, lastname, dateofbirth, gender) VALUES (6500, '', 'Alina', 'Popeanga', '1.1.1982.', 'n');
insert into CandidatesData (idno) VALUES (6500);
insert into Candidacy (wkid, idno, supportedby) VALUES (166, 6500, 10);
insert into Landeslistenplatz (llid, idno, position) VALUES (356, 6500, 10);
insert into Citizen (idno, title, firstname, lastname, dateofbirth, gender) VALUES (6501, '', 'Andreas', 'Popp', '1.1.1983.', 'n');
insert into CandidatesData (idno) VALUES (6501);
insert into Candidacy (wkid, idno, supportedby) VALUES (434, 6501, 7);
insert into Landeslistenplatz (llid, idno, position) VALUES (245, 6501, 3);
insert into Citizen (idno, title, firstname, lastname, dateofbirth, gender) VALUES (6502, '', 'Marius Julius', 'Porabka', '1.1.1962.', 'n');
insert into CandidatesData (idno) VALUES (6502);
insert into Landeslistenplatz (llid, idno, position) VALUES (311, 6502, 3);
insert into Citizen (idno, title, firstname, lastname, dateofbirth, gender) VALUES (6503, '', 'Sabine', 'Poschmann', '1.1.1968.', 'n');
insert into CandidatesData (idno) VALUES (6503);
insert into Candidacy (wkid, idno, supportedby) VALUES (286, 6503, 2);
insert into Landeslistenplatz (llid, idno, position) VALUES (246, 6503, 22);
insert into Citizen (idno, title, firstname, lastname, dateofbirth, gender) VALUES (6504, '', 'Joachim', 'Poß', '1.1.1948.', 'n');
insert into CandidatesData (idno) VALUES (6504);
insert into Candidacy (wkid, idno, supportedby) VALUES (246, 6504, 2);
insert into Landeslistenplatz (llid, idno, position) VALUES (246, 6504, 55);
insert into Citizen (idno, title, firstname, lastname, dateofbirth, gender) VALUES (6505, '', 'Achim', 'Post', '1.1.1959.', 'n');
insert into CandidatesData (idno) VALUES (6505);
insert into Candidacy (wkid, idno, supportedby) VALUES (268, 6505, 2);
insert into Landeslistenplatz (llid, idno, position) VALUES (246, 6505, 9);
insert into Citizen (idno, title, firstname, lastname, dateofbirth, gender) VALUES (6506, '', 'Florian', 'Post', '1.1.1981.', 'n');
insert into CandidatesData (idno) VALUES (6506);
insert into Candidacy (wkid, idno, supportedby) VALUES (436, 6506, 2);
insert into Landeslistenplatz (llid, idno, position) VALUES (260, 6506, 17);
insert into Citizen (idno, title, firstname, lastname, dateofbirth, gender) VALUES (6507, '', 'Hans-Ulrich', 'Post', '1.1.1949.', 'n');
insert into CandidatesData (idno) VALUES (6507);
insert into Candidacy (wkid, idno, supportedby) VALUES (2, 6507, 33);
insert into Landeslistenplatz (llid, idno, position) VALUES (285, 6507, 12);
insert into Citizen (idno, title, firstname, lastname, dateofbirth, gender) VALUES (6508, '', 'Christian', 'Pothin', '1.1.1966.', 'n');
insert into CandidatesData (idno) VALUES (6508);
insert into Candidacy (wkid, idno, supportedby) VALUES (56, 6508, 33);
insert into Citizen (idno, title, firstname, lastname, dateofbirth, gender) VALUES (6509, '', 'Brigitte', 'Pothmer', '1.1.1955.', 'n');
insert into CandidatesData (idno) VALUES (6509);
insert into Candidacy (wkid, idno, supportedby) VALUES (96, 6509, 5);
insert into Landeslistenplatz (llid, idno, position) VALUES (316, 6509, 5);
insert into Citizen (idno, title, firstname, lastname, dateofbirth, gender) VALUES (6510, '', 'Monika Lucia', 'Potzesny', '1.1.1971.', 'n');
insert into CandidatesData (idno) VALUES (6510);
insert into Landeslistenplatz (llid, idno, position) VALUES (257, 6510, 6);
insert into Citizen (idno, title, firstname, lastname, dateofbirth, gender) VALUES (6511, '', 'Pascal Rene', 'Powroznik', '1.1.1983.', 'n');
insert into CandidatesData (idno) VALUES (6511);
insert into Landeslistenplatz (llid, idno, position) VALUES (248, 6511, 15);
insert into Citizen (idno, title, firstname, lastname, dateofbirth, gender) VALUES (6512, '', 'Daniel', 'Poznanski', '1.1.1971.', 'n');
insert into CandidatesData (idno) VALUES (6512);
insert into Candidacy (wkid, idno, supportedby) VALUES (286, 6512, 4);
insert into Landeslistenplatz (llid, idno, position) VALUES (272, 6512, 52);
insert into Citizen (idno, title, firstname, lastname, dateofbirth, gender) VALUES (6513, '', 'Timo', 'Pradel', '1.1.1971.', 'n');
insert into CandidatesData (idno) VALUES (6513);
insert into Candidacy (wkid, idno, supportedby) VALUES (296, 6513, 1);
insert into Citizen (idno, title, firstname, lastname, dateofbirth, gender) VALUES (6514, '', 'Laura', 'Preda', '1.1.1972.', 'n');
insert into CandidatesData (idno) VALUES (6514);
insert into Landeslistenplatz (llid, idno, position) VALUES (282, 6514, 13);
insert into Citizen (idno, title, firstname, lastname, dateofbirth, gender) VALUES (6515, '', 'Elke', 'Preetorius', '1.1.1943.', 'n');
insert into CandidatesData (idno) VALUES (6515);
insert into Landeslistenplatz (llid, idno, position) VALUES (247, 6515, 8);
insert into Citizen (idno, title, firstname, lastname, dateofbirth, gender) VALUES (6516, '', 'Andreas', 'Prenning', '1.1.1965.', 'n');
insert into CandidatesData (idno) VALUES (6516);
insert into Candidacy (wkid, idno, supportedby) VALUES (282, 6516, 7);
insert into Citizen (idno, title, firstname, lastname, dateofbirth, gender) VALUES (6517, '', 'Dirk Friedrich', 'Presch', '1.1.1959.', 'n');
insert into CandidatesData (idno) VALUES (6517);
insert into Landeslistenplatz (llid, idno, position) VALUES (246, 6517, 57);
insert into Citizen (idno, title, firstname, lastname, dateofbirth, gender) VALUES (6518, '', 'André', 'Presse', '1.1.1974.', 'n');
insert into CandidatesData (idno) VALUES (6518);
insert into Landeslistenplatz (llid, idno, position) VALUES (221, 6518, 22);
insert into Citizen (idno, title, firstname, lastname, dateofbirth, gender) VALUES (6519, '', 'Marcus', 'Pretzell', '1.1.1973.', 'n');
insert into CandidatesData (idno) VALUES (6519);
insert into Candidacy (wkid, idno, supportedby) VALUES (264, 6519, 33);
insert into Landeslistenplatz (llid, idno, position) VALUES (253, 6519, 31);
insert into Citizen (idno, title, firstname, lastname, dateofbirth, gender) VALUES (6520, '', 'Adolf', 'Preuß', '1.1.1941.', 'n');
insert into CandidatesData (idno) VALUES (6520);
insert into Candidacy (wkid, idno, supportedby) VALUES (98, 6520, 1);
insert into Citizen (idno, title, firstname, lastname, dateofbirth, gender) VALUES (6521, '', 'Claus-Dieter', 'Preuß', '1.1.1956.', 'n');
insert into CandidatesData (idno) VALUES (6521);
insert into Landeslistenplatz (llid, idno, position) VALUES (297, 6521, 5);
insert into Citizen (idno, title, firstname, lastname, dateofbirth, gender) VALUES (6522, '', 'Friedrich', 'Preuß', '1.1.1943.', 'n');
insert into CandidatesData (idno) VALUES (6522);
insert into Candidacy (wkid, idno, supportedby) VALUES (102, 6522, 1);
insert into Landeslistenplatz (llid, idno, position) VALUES (347, 6522, 5);
insert into Citizen (idno, title, firstname, lastname, dateofbirth, gender) VALUES (6523, '', 'Hartmut', 'Preuß', '1.1.1947.', 'n');
insert into CandidatesData (idno) VALUES (6523);
insert into Candidacy (wkid, idno, supportedby) VALUES (246, 6523, 33);
insert into Citizen (idno, title, firstname, lastname, dateofbirth, gender) VALUES (6524, '', 'Regina', 'Preysing', '1.1.1965.', 'n');
insert into CandidatesData (idno) VALUES (6524);
insert into Landeslistenplatz (llid, idno, position) VALUES (216, 6524, 15);
insert into Citizen (idno, title, firstname, lastname, dateofbirth, gender) VALUES (6525, 'Dr. ', 'Wilhelm', 'Priesmeier', '1.1.1954.', 'n');
insert into CandidatesData (idno) VALUES (6525);
insert into Candidacy (wkid, idno, supportedby) VALUES (104, 6525, 2);
insert into Landeslistenplatz (llid, idno, position) VALUES (242, 6525, 27);
insert into Citizen (idno, title, firstname, lastname, dateofbirth, gender) VALUES (6526, '', 'Klaus', 'Prigge', '1.1.1953.', 'n');
insert into CandidatesData (idno) VALUES (6526);
insert into Candidacy (wkid, idno, supportedby) VALUES (88, 6526, 32);
insert into Citizen (idno, title, firstname, lastname, dateofbirth, gender) VALUES (6527, '', 'Julia', 'Probst', '1.1.1981.', 'n');
insert into CandidatesData (idno) VALUES (6527);
insert into Landeslistenplatz (llid, idno, position) VALUES (221, 6527, 3);
insert into Citizen (idno, title, firstname, lastname, dateofbirth, gender) VALUES (6528, '', 'Uwe', 'Probst', '1.1.1965.', 'n');
insert into CandidatesData (idno) VALUES (6528);
insert into Candidacy (wkid, idno, supportedby) VALUES (498, 6528, 4);
insert into Landeslistenplatz (llid, idno, position) VALUES (276, 6528, 25);
insert into Citizen (idno, title, firstname, lastname, dateofbirth, gender) VALUES (6529, '', 'Maria Regina', 'Probst-Oelkers', '1.1.1958.', 'n');
insert into CandidatesData (idno) VALUES (6529);
insert into Landeslistenplatz (llid, idno, position) VALUES (204, 6529, 37);
insert into Citizen (idno, title, firstname, lastname, dateofbirth, gender) VALUES (6530, '', 'Martin', 'Pröhl', '1.1.1935.', 'n');
insert into CandidatesData (idno) VALUES (6530);
insert into Landeslistenplatz (llid, idno, position) VALUES (408, 6530, 5);
insert into Citizen (idno, title, firstname, lastname, dateofbirth, gender) VALUES (6531, '', 'Wilhelm', 'Pröhl', '1.1.1935.', 'n');
insert into CandidatesData (idno) VALUES (6531);
insert into Landeslistenplatz (llid, idno, position) VALUES (408, 6531, 4);
insert into Citizen (idno, title, firstname, lastname, dateofbirth, gender) VALUES (6532, '', 'Ulrike Claudia', 'Prokop', '1.1.1962.', 'n');
insert into CandidatesData (idno) VALUES (6532);
insert into Landeslistenplatz (llid, idno, position) VALUES (342, 6532, 29);
insert into Citizen (idno, title, firstname, lastname, dateofbirth, gender) VALUES (6533, '', 'Florian', 'Pronold', '1.1.1972.', 'n');
insert into CandidatesData (idno) VALUES (6533);
insert into Candidacy (wkid, idno, supportedby) VALUES (460, 6533, 2);
insert into Landeslistenplatz (llid, idno, position) VALUES (260, 6533, 1);
insert into Citizen (idno, title, firstname, lastname, dateofbirth, gender) VALUES (6534, '', 'Stephan', 'Protschka', '1.1.1977.', 'n');
insert into CandidatesData (idno) VALUES (6534);
insert into Candidacy (wkid, idno, supportedby) VALUES (460, 6534, 33);
insert into Landeslistenplatz (llid, idno, position) VALUES (342, 6534, 13);
insert into Citizen (idno, title, firstname, lastname, dateofbirth, gender) VALUES (6535, 'Dr. ', 'Stephan Georg', 'Pschera', '1.1.1964.', 'n');
insert into CandidatesData (idno) VALUES (6535);
insert into Candidacy (wkid, idno, supportedby) VALUES (322, 6535, 7);
insert into Landeslistenplatz (llid, idno, position) VALUES (258, 6535, 13);
insert into Citizen (idno, title, firstname, lastname, dateofbirth, gender) VALUES (6536, '', 'Jens', 'Pühse', '1.1.1972.', 'n');
insert into CandidatesData (idno) VALUES (6536);
insert into Candidacy (wkid, idno, supportedby) VALUES (160, 6536, 1);
insert into Citizen (idno, title, firstname, lastname, dateofbirth, gender) VALUES (6537, '', 'Hans', 'Püschel', '1.1.1948.', 'n');
insert into CandidatesData (idno) VALUES (6537);
insert into Candidacy (wkid, idno, supportedby) VALUES (146, 6537, 1);
insert into Citizen (idno, title, firstname, lastname, dateofbirth, gender) VALUES (6538, '', 'Heinz Detlev', 'Puff', '1.1.1957.', 'n');
insert into CandidatesData (idno) VALUES (6538);
insert into Landeslistenplatz (llid, idno, position) VALUES (250, 6538, 8);
insert into Citizen (idno, title, firstname, lastname, dateofbirth, gender) VALUES (6539, '', 'Wadim', 'Puhl', '1.1.1986.', 'n');
insert into CandidatesData (idno) VALUES (6539);
insert into Landeslistenplatz (llid, idno, position) VALUES (230, 6539, 13);
insert into Citizen (idno, title, firstname, lastname, dateofbirth, gender) VALUES (6540, '', 'Bernd', 'Puhle', '1.1.1939.', 'n');
insert into CandidatesData (idno) VALUES (6540);
insert into Landeslistenplatz (llid, idno, position) VALUES (266, 6540, 7);
insert into Citizen (idno, title, firstname, lastname, dateofbirth, gender) VALUES (6541, '', 'Joscha', 'Pullich', '1.1.1986.', 'n');
insert into CandidatesData (idno) VALUES (6541);
insert into Candidacy (wkid, idno, supportedby) VALUES (402, 6541, 5);
insert into Citizen (idno, title, firstname, lastname, dateofbirth, gender) VALUES (6542, '', 'Stefan', 'Quehl', '1.1.1975.', 'n');
insert into CandidatesData (idno) VALUES (6542);
insert into Candidacy (wkid, idno, supportedby) VALUES (478, 6542, 4);
insert into Landeslistenplatz (llid, idno, position) VALUES (276, 6542, 30);
insert into Citizen (idno, title, firstname, lastname, dateofbirth, gender) VALUES (6543, '', 'Michael', 'Quelle', '1.1.1953.', 'n');
insert into CandidatesData (idno) VALUES (6543);
insert into Candidacy (wkid, idno, supportedby) VALUES (60, 6543, 3);
insert into Citizen (idno, title, firstname, lastname, dateofbirth, gender) VALUES (6544, '', 'Andreas', 'Quendt', '1.1.1972.', 'n');
insert into CandidatesData (idno) VALUES (6544);
insert into Landeslistenplatz (llid, idno, position) VALUES (292, 6544, 21);
insert into Citizen (idno, title, firstname, lastname, dateofbirth, gender) VALUES (6545, '', 'Thoralf', 'Quendt', '1.1.1963.', 'n');
insert into CandidatesData (idno) VALUES (6545);
insert into Candidacy (wkid, idno, supportedby) VALUES (394, 6545, 32);
insert into Landeslistenplatz (llid, idno, position) VALUES (319, 6545, 6);
insert into Citizen (idno, title, firstname, lastname, dateofbirth, gender) VALUES (6546, '', 'Sabina', 'Quijano Burchardt', '1.1.1962.', 'n');
insert into CandidatesData (idno) VALUES (6546);
insert into Landeslistenplatz (llid, idno, position) VALUES (389, 6546, 7);
insert into Citizen (idno, title, firstname, lastname, dateofbirth, gender) VALUES (6547, '', 'Ulrike', 'Quoos', '1.1.1974.', 'n');
insert into CandidatesData (idno) VALUES (6547);
insert into Candidacy (wkid, idno, supportedby) VALUES (552, 6547, 4);
insert into Landeslistenplatz (llid, idno, position) VALUES (224, 6547, 20);
insert into Citizen (idno, title, firstname, lastname, dateofbirth, gender) VALUES (6548, '', 'Birgit', 'Raab', '1.1.1964.', 'n');
insert into CandidatesData (idno) VALUES (6548);
insert into Candidacy (wkid, idno, supportedby) VALUES (490, 6548, 5);
insert into Landeslistenplatz (llid, idno, position) VALUES (238, 6548, 19);
insert into Citizen (idno, title, firstname, lastname, dateofbirth, gender) VALUES (6549, 'Dr. ', 'Sascha', 'Raabe', '1.1.1968.', 'n');
insert into CandidatesData (idno) VALUES (6549);
insert into Candidacy (wkid, idno, supportedby) VALUES (360, 6549, 2);
insert into Landeslistenplatz (llid, idno, position) VALUES (227, 6549, 9);
insert into Citizen (idno, title, firstname, lastname, dateofbirth, gender) VALUES (6550, 'Dr. ', 'Simone', 'Raatz', '1.1.1962.', 'n');
insert into CandidatesData (idno) VALUES (6550);
insert into Candidacy (wkid, idno, supportedby) VALUES (322, 6550, 2);
insert into Landeslistenplatz (llid, idno, position) VALUES (329, 6550, 2);
insert into Citizen (idno, title, firstname, lastname, dateofbirth, gender) VALUES (6551, '', 'Martin Hermann', 'Rabanus', '1.1.1971.', 'n');
insert into CandidatesData (idno) VALUES (6551);
insert into Candidacy (wkid, idno, supportedby) VALUES (356, 6551, 2);
insert into Landeslistenplatz (llid, idno, position) VALUES (227, 6551, 11);
insert into Citizen (idno, title, firstname, lastname, dateofbirth, gender) VALUES (6552, '', 'Stefan', 'Rabel', '1.1.1964.', 'n');
insert into CandidatesData (idno) VALUES (6552);
insert into Landeslistenplatz (llid, idno, position) VALUES (226, 6552, 6);
insert into Citizen (idno, title, firstname, lastname, dateofbirth, gender) VALUES (6553, '', 'Nadine Carolin Sasa', 'Raber', '1.1.1986.', 'n');
insert into CandidatesData (idno) VALUES (6553);
insert into Candidacy (wkid, idno, supportedby) VALUES (258, 6553, 7);
insert into Citizen (idno, title, firstname, lastname, dateofbirth, gender) VALUES (6554, '', 'Beate', 'Raberg', '1.1.1960.', 'n');
insert into CandidatesData (idno) VALUES (6554);
insert into Candidacy (wkid, idno, supportedby) VALUES (294, 6554, 3);
insert into Citizen (idno, title, firstname, lastname, dateofbirth, gender) VALUES (6555, '', 'Thomas', 'Rachel', '1.1.1962.', 'n');
insert into CandidatesData (idno) VALUES (6555);
insert into Candidacy (wkid, idno, supportedby) VALUES (180, 6555, 12);
insert into Landeslistenplatz (llid, idno, position) VALUES (310, 6555, 11);
insert into Citizen (idno, title, firstname, lastname, dateofbirth, gender) VALUES (6556, '', 'Janine', 'Rackwitz', '1.1.1989.', 'n');
insert into CandidatesData (idno) VALUES (6556);
insert into Landeslistenplatz (llid, idno, position) VALUES (213, 6556, 23);
insert into Citizen (idno, title, firstname, lastname, dateofbirth, gender) VALUES (6557, '', 'Peter', 'Radeck', '1.1.1959.', 'n');
insert into CandidatesData (idno) VALUES (6557);
insert into Landeslistenplatz (llid, idno, position) VALUES (429, 6557, 2);
insert into Citizen (idno, title, firstname, lastname, dateofbirth, gender) VALUES (6558, '', 'Dennis', 'Rademacher', '1.1.1985.', 'n');
insert into CandidatesData (idno) VALUES (6558);
insert into Candidacy (wkid, idno, supportedby) VALUES (280, 6558, 4);
insert into Landeslistenplatz (llid, idno, position) VALUES (272, 6558, 31);
insert into Citizen (idno, title, firstname, lastname, dateofbirth, gender) VALUES (6559, '', 'Marco', 'Radojevic', '1.1.1990.', 'n');
insert into CandidatesData (idno) VALUES (6559);
insert into Candidacy (wkid, idno, supportedby) VALUES (574, 6559, 3);
insert into Landeslistenplatz (llid, idno, position) VALUES (324, 6559, 8);
insert into Citizen (idno, title, firstname, lastname, dateofbirth, gender) VALUES (6560, '', 'Kerstin', 'Radomski', '1.1.1974.', 'n');
insert into CandidatesData (idno) VALUES (6560);
insert into Candidacy (wkid, idno, supportedby) VALUES (228, 6560, 12);
insert into Landeslistenplatz (llid, idno, position) VALUES (310, 6560, 40);
insert into Citizen (idno, title, firstname, lastname, dateofbirth, gender) VALUES (6561, '', 'Alexander', 'Radwan', '1.1.1964.', 'n');
insert into CandidatesData (idno) VALUES (6561);
insert into Candidacy (wkid, idno, supportedby) VALUES (448, 6561, 9);
insert into Citizen (idno, title, firstname, lastname, dateofbirth, gender) VALUES (6562, '', 'Ülker', 'Radziwill', '1.1.1966.', 'n');
insert into CandidatesData (idno) VALUES (6562);
insert into Candidacy (wkid, idno, supportedby) VALUES (160, 6562, 2);
insert into Citizen (idno, title, firstname, lastname, dateofbirth, gender) VALUES (6563, '', 'Rainer', 'Raemdonck van', '1.1.1957.', 'n');
insert into CandidatesData (idno) VALUES (6563);
insert into Landeslistenplatz (llid, idno, position) VALUES (332, 6563, 4);
insert into Citizen (idno, title, firstname, lastname, dateofbirth, gender) VALUES (6564, '', 'Günther', 'Ragg', '1.1.1957.', 'n');
insert into CandidatesData (idno) VALUES (6564);
insert into Candidacy (wkid, idno, supportedby) VALUES (558, 6564, 1);
insert into Citizen (idno, title, firstname, lastname, dateofbirth, gender) VALUES (6565, '', 'Alois', 'Rainer', '1.1.1965.', 'n');
insert into CandidatesData (idno) VALUES (6565);
insert into Candidacy (wkid, idno, supportedby) VALUES (462, 6565, 9);
insert into Citizen (idno, title, firstname, lastname, dateofbirth, gender) VALUES (6566, '', 'Klaus Dieter', 'Ramdohr', '1.1.1961.', 'n');
insert into CandidatesData (idno) VALUES (6566);
insert into Landeslistenplatz (llid, idno, position) VALUES (204, 6566, 8);
insert into Citizen (idno, title, firstname, lastname, dateofbirth, gender) VALUES (6567, '', 'Gordana Kathrin', 'Rammert', '1.1.1987.', 'n');
insert into CandidatesData (idno) VALUES (6567);
insert into Landeslistenplatz (llid, idno, position) VALUES (297, 6567, 31);
insert into Citizen (idno, title, firstname, lastname, dateofbirth, gender) VALUES (6568, 'Dr. ', 'Peter', 'Ramsauer', '1.1.1954.', 'n');
insert into CandidatesData (idno) VALUES (6568);
insert into Candidacy (wkid, idno, supportedby) VALUES (450, 6568, 9);
insert into Landeslistenplatz (llid, idno, position) VALUES (220, 6568, 3);
insert into Citizen (idno, title, firstname, lastname, dateofbirth, gender) VALUES (6569, '', 'Thomas', 'Rang', '1.1.1950.', 'n');
insert into CandidatesData (idno) VALUES (6569);
insert into Landeslistenplatz (llid, idno, position) VALUES (253, 6569, 15);
insert into Citizen (idno, title, firstname, lastname, dateofbirth, gender) VALUES (6570, '', 'Mathias Heinrich', 'Range', '1.1.1988.', 'n');
insert into CandidatesData (idno) VALUES (6570);
insert into Landeslistenplatz (llid, idno, position) VALUES (262, 6570, 42);
insert into Citizen (idno, title, firstname, lastname, dateofbirth, gender) VALUES (6571, '', 'Marco', 'Rapp', '1.1.1985.', 'n');
insert into CandidatesData (idno) VALUES (6571);
insert into Candidacy (wkid, idno, supportedby) VALUES (558, 6571, 32);
insert into Citizen (idno, title, firstname, lastname, dateofbirth, gender) VALUES (6572, '', 'Peter', 'Rapp', '1.1.1948.', 'n');
insert into CandidatesData (idno) VALUES (6572);
insert into Candidacy (wkid, idno, supportedby) VALUES (542, 6572, 32);
insert into Citizen (idno, title, firstname, lastname, dateofbirth, gender) VALUES (6573, '', 'Ernst', 'Rappold', '1.1.1958.', 'n');
insert into CandidatesData (idno) VALUES (6573);
insert into Candidacy (wkid, idno, supportedby) VALUES (484, 6573, 5);
insert into Landeslistenplatz (llid, idno, position) VALUES (238, 6573, 36);
insert into Citizen (idno, title, firstname, lastname, dateofbirth, gender) VALUES (6574, '', 'Peter', 'Rapps', '1.1.1949.', 'n');
insert into CandidatesData (idno) VALUES (6574);
insert into Landeslistenplatz (llid, idno, position) VALUES (270, 6574, 18);
insert into Citizen (idno, title, firstname, lastname, dateofbirth, gender) VALUES (6575, '', 'Markus', 'Raschig', '1.1.1960.', 'n');
insert into CandidatesData (idno) VALUES (6575);
insert into Landeslistenplatz (llid, idno, position) VALUES (342, 6575, 39);
insert into Citizen (idno, title, firstname, lastname, dateofbirth, gender) VALUES (6576, '', 'Jörg', 'Rathmer', '1.1.1969.', 'n');
insert into CandidatesData (idno) VALUES (6576);
insert into Landeslistenplatz (llid, idno, position) VALUES (428, 6576, 4);
insert into Citizen (idno, title, firstname, lastname, dateofbirth, gender) VALUES (6577, 'Dr. ', 'Christiane', 'Ratjen-Damerau', '1.1.1954.', 'n');
insert into CandidatesData (idno) VALUES (6577);
insert into Candidacy (wkid, idno, supportedby) VALUES (54, 6577, 4);
insert into Landeslistenplatz (llid, idno, position) VALUES (301, 6577, 7);
insert into Citizen (idno, title, firstname, lastname, dateofbirth, gender) VALUES (6578, 'Dr. ', 'Eleonore', 'Rau', '1.1.1928.', 'n');
insert into CandidatesData (idno) VALUES (6578);
insert into Candidacy (wkid, idno, supportedby) VALUES (314, 6578, 45);
insert into Citizen (idno, title, firstname, lastname, dateofbirth, gender) VALUES (6579, '', 'Matthias', 'Rauch', '1.1.1990.', 'n');
insert into CandidatesData (idno) VALUES (6579);
insert into Candidacy (wkid, idno, supportedby) VALUES (146, 6579, 4);
insert into Citizen (idno, title, firstname, lastname, dateofbirth, gender) VALUES (6580, '', 'Stephan', 'Rauhut', '1.1.1974.', 'n');
insert into CandidatesData (idno) VALUES (6580);
insert into Landeslistenplatz (llid, idno, position) VALUES (310, 6580, 60);
insert into Citizen (idno, title, firstname, lastname, dateofbirth, gender) VALUES (6581, '', 'Udo', 'Rauhut', '1.1.1967.', 'n');
insert into CandidatesData (idno) VALUES (6581);
insert into Candidacy (wkid, idno, supportedby) VALUES (528, 6581, 3);
insert into Citizen (idno, title, firstname, lastname, dateofbirth, gender) VALUES (6582, '', 'Michael', 'Rauschenbach', '1.1.1966.', 'n');
insert into CandidatesData (idno) VALUES (6582);
insert into Landeslistenplatz (llid, idno, position) VALUES (288, 6582, 3);
insert into Citizen (idno, title, firstname, lastname, dateofbirth, gender) VALUES (6583, 'Prof. Dr. ', 'Thomas', 'Rauscher', '1.1.1955.', 'n');
insert into CandidatesData (idno) VALUES (6583);
insert into Candidacy (wkid, idno, supportedby) VALUES (446, 6583, 4);
insert into Landeslistenplatz (llid, idno, position) VALUES (276, 6583, 38);
insert into Citizen (idno, title, firstname, lastname, dateofbirth, gender) VALUES (6584, '', 'Mechthild', 'Rawert', '1.1.1957.', 'n');
insert into CandidatesData (idno) VALUES (6584);
insert into Candidacy (wkid, idno, supportedby) VALUES (162, 6584, 2);
insert into Landeslistenplatz (llid, idno, position) VALUES (355, 6584, 3);
insert into Citizen (idno, title, firstname, lastname, dateofbirth, gender) VALUES (6585, '', 'Kai', 'Rebmann', '1.1.1982.', 'n');
insert into CandidatesData (idno) VALUES (6585);
insert into Landeslistenplatz (llid, idno, position) VALUES (433, 6585, 3);
insert into Citizen (idno, title, firstname, lastname, dateofbirth, gender) VALUES (6586, '', 'Stefan', 'Rebmann', '1.1.1962.', 'n');
insert into CandidatesData (idno) VALUES (6586);
insert into Candidacy (wkid, idno, supportedby) VALUES (550, 6586, 2);
insert into Landeslistenplatz (llid, idno, position) VALUES (249, 6586, 15);
insert into Citizen (idno, title, firstname, lastname, dateofbirth, gender) VALUES (6587, '', 'Michael', 'Recha', '1.1.1972.', 'n');
insert into CandidatesData (idno) VALUES (6587);
insert into Candidacy (wkid, idno, supportedby) VALUES (74, 6587, 33);
insert into Landeslistenplatz (llid, idno, position) VALUES (203, 6587, 5);
insert into Citizen (idno, title, firstname, lastname, dateofbirth, gender) VALUES (6588, 'Dr. ', 'Reinhold', 'Reck', '1.1.1958.', 'n');
insert into CandidatesData (idno) VALUES (6588);
insert into Candidacy (wkid, idno, supportedby) VALUES (430, 6588, 36);
insert into Landeslistenplatz (llid, idno, position) VALUES (295, 6588, 20);
insert into Citizen (idno, title, firstname, lastname, dateofbirth, gender) VALUES (6589, '', 'Harald', 'Redepenning', '1.1.1957.', 'n');
insert into CandidatesData (idno) VALUES (6589);
insert into Candidacy (wkid, idno, supportedby) VALUES (308, 6589, 2);
insert into Landeslistenplatz (llid, idno, position) VALUES (329, 6589, 14);
insert into Citizen (idno, title, firstname, lastname, dateofbirth, gender) VALUES (6590, '', 'Klaus-Dieter', 'Reder', '1.1.1970.', 'n');
insert into CandidatesData (idno) VALUES (6590);
insert into Landeslistenplatz (llid, idno, position) VALUES (217, 6590, 42);
insert into Citizen (idno, title, firstname, lastname, dateofbirth, gender) VALUES (6591, '', 'Bettina', 'Redöhl', '1.1.1965.', 'n');
insert into CandidatesData (idno) VALUES (6591);
insert into Candidacy (wkid, idno, supportedby) VALUES (82, 6591, 32);
insert into Citizen (idno, title, firstname, lastname, dateofbirth, gender) VALUES (6592, '', 'Imanuel', 'Regehly', '1.1.1923.', 'n');
insert into CandidatesData (idno) VALUES (6592);
insert into Landeslistenplatz (llid, idno, position) VALUES (423, 6592, 10);
insert into Citizen (idno, title, firstname, lastname, dateofbirth, gender) VALUES (6593, '', 'Eckhardt', 'Rehberg', '1.1.1954.', 'n');
insert into CandidatesData (idno) VALUES (6593);
insert into Candidacy (wkid, idno, supportedby) VALUES (34, 6593, 12);
insert into Landeslistenplatz (llid, idno, position) VALUES (367, 6593, 2);
insert into Citizen (idno, title, firstname, lastname, dateofbirth, gender) VALUES (6594, '', 'Joel', 'Reher', '1.1.1978.', 'n');
insert into CandidatesData (idno) VALUES (6594);
insert into Candidacy (wkid, idno, supportedby) VALUES (46, 6594, NULL);
insert into Citizen (idno, title, firstname, lastname, dateofbirth, gender) VALUES (6595, '', 'Moritz', 'Rehfeld', '1.1.1986.', 'n');
insert into CandidatesData (idno) VALUES (6595);
insert into Landeslistenplatz (llid, idno, position) VALUES (349, 6595, 11);
insert into Citizen (idno, title, firstname, lastname, dateofbirth, gender) VALUES (6596, 'Prof. Dr. ', 'Helmut', 'Rehm', '1.1.1951.', 'n');
insert into CandidatesData (idno) VALUES (6596);
insert into Candidacy (wkid, idno, supportedby) VALUES (494, 6596, 32);
insert into Landeslistenplatz (llid, idno, position) VALUES (206, 6596, 30);
insert into Citizen (idno, title, firstname, lastname, dateofbirth, gender) VALUES (6597, '', 'Jens', 'Rehmann', '1.1.1966.', 'n');
insert into CandidatesData (idno) VALUES (6597);
insert into Landeslistenplatz (llid, idno, position) VALUES (425, 6597, 1);
insert into Citizen (idno, title, firstname, lastname, dateofbirth, gender) VALUES (6598, 'Dr. ', 'Roland Wolfgang', 'Rehmet', '1.1.1966.', 'n');
insert into CandidatesData (idno) VALUES (6598);
insert into Landeslistenplatz (llid, idno, position) VALUES (274, 6598, 9);
insert into Citizen (idno, title, firstname, lastname, dateofbirth, gender) VALUES (6599, '', 'Mareike', 'Rehse', '1.1.1985.', 'n');
insert into CandidatesData (idno) VALUES (6599);
insert into Landeslistenplatz (llid, idno, position) VALUES (232, 6599, 7);
insert into Citizen (idno, title, firstname, lastname, dateofbirth, gender) VALUES (6600, '', 'Katherina Birgitt', 'Reiche', '1.1.1973.', 'n');
insert into CandidatesData (idno) VALUES (6600);
insert into Candidacy (wkid, idno, supportedby) VALUES (122, 6600, 12);
insert into Landeslistenplatz (llid, idno, position) VALUES (394, 6600, 2);
insert into Citizen (idno, title, firstname, lastname, dateofbirth, gender) VALUES (6601, '', 'Sebastian', 'Reiche', '1.1.1983.', 'n');
insert into CandidatesData (idno) VALUES (6601);
insert into Candidacy (wkid, idno, supportedby) VALUES (384, 6601, 1);
insert into Citizen (idno, title, firstname, lastname, dateofbirth, gender) VALUES (6602, '', 'Uwe', 'Reiche', '1.1.1961.', 'n');
insert into CandidatesData (idno) VALUES (6602);
insert into Landeslistenplatz (llid, idno, position) VALUES (319, 6602, 11);
insert into Citizen (idno, title, firstname, lastname, dateofbirth, gender) VALUES (6603, 'Dr. ', 'Markus Alexander', 'Reichel', '1.1.1968.', 'n');
insert into CandidatesData (idno) VALUES (6603);
insert into Landeslistenplatz (llid, idno, position) VALUES (308, 6603, 13);
insert into Citizen (idno, title, firstname, lastname, dateofbirth, gender) VALUES (6604, '', 'Verony', 'Reichelt', '1.1.1979.', 'n');
insert into CandidatesData (idno) VALUES (6604);
insert into Candidacy (wkid, idno, supportedby) VALUES (102, 6604, 4);
insert into Landeslistenplatz (llid, idno, position) VALUES (301, 6604, 12);
insert into Citizen (idno, title, firstname, lastname, dateofbirth, gender) VALUES (6605, '', 'Gerold Rudolf', 'Reichenbach', '1.1.1953.', 'n');
insert into CandidatesData (idno) VALUES (6605);
insert into Candidacy (wkid, idno, supportedby) VALUES (368, 6605, 2);
insert into Landeslistenplatz (llid, idno, position) VALUES (227, 6605, 5);
insert into Citizen (idno, title, firstname, lastname, dateofbirth, gender) VALUES (6606, '', 'Holger', 'Reichert', '1.1.1972.', 'n');
insert into CandidatesData (idno) VALUES (6606);
insert into Candidacy (wkid, idno, supportedby) VALUES (558, 6606, 7);
insert into Citizen (idno, title, firstname, lastname, dateofbirth, gender) VALUES (6607, '', 'Johannes', 'Reichhardt', '1.1.1985.', 'n');
insert into CandidatesData (idno) VALUES (6607);
insert into Candidacy (wkid, idno, supportedby) VALUES (476, 6607, 7);
insert into Citizen (idno, title, firstname, lastname, dateofbirth, gender) VALUES (6608, '', 'Christian', 'Reidel', '1.1.1966.', 'n');
insert into CandidatesData (idno) VALUES (6608);
insert into Candidacy (wkid, idno, supportedby) VALUES (458, 6608, 7);
insert into Landeslistenplatz (llid, idno, position) VALUES (245, 6608, 10);
insert into Citizen (idno, title, firstname, lastname, dateofbirth, gender) VALUES (6609, '', 'Brigitte Helene', 'Reifschneider-Groß', '1.1.1951.', 'n');
insert into CandidatesData (idno) VALUES (6609);
insert into Landeslistenplatz (llid, idno, position) VALUES (290, 6609, 20);
insert into Citizen (idno, title, firstname, lastname, dateofbirth, gender) VALUES (6610, 'Dr. ', 'Carola', 'Reimann', '1.1.1967.', 'n');
insert into CandidatesData (idno) VALUES (6610);
insert into Candidacy (wkid, idno, supportedby) VALUES (100, 6610, 2);
insert into Landeslistenplatz (llid, idno, position) VALUES (242, 6610, 12);
insert into Citizen (idno, title, firstname, lastname, dateofbirth, gender) VALUES (6611, 'Dr. ', 'Dorit', 'Reimann', '1.1.1949.', 'n');
insert into CandidatesData (idno) VALUES (6611);
insert into Landeslistenplatz (llid, idno, position) VALUES (390, 6611, 7);
insert into Citizen (idno, title, firstname, lastname, dateofbirth, gender) VALUES (6612, '', 'Bente', 'Reimer', '1.1.1977.', 'n');
insert into CandidatesData (idno) VALUES (6612);
insert into Landeslistenplatz (llid, idno, position) VALUES (277, 6612, 14);
insert into Citizen (idno, title, firstname, lastname, dateofbirth, gender) VALUES (6613, '', 'Harry', 'Rein', '1.1.1963.', 'n');
insert into CandidatesData (idno) VALUES (6613);
insert into Candidacy (wkid, idno, supportedby) VALUES (266, 6613, NULL);
insert into Citizen (idno, title, firstname, lastname, dateofbirth, gender) VALUES (6614, '', 'Susanne', 'Rein', '1.1.1961.', 'n');
insert into CandidatesData (idno) VALUES (6614);
insert into Landeslistenplatz (llid, idno, position) VALUES (279, 6614, 49);
insert into Citizen (idno, title, firstname, lastname, dateofbirth, gender) VALUES (6615, '', 'Rosa Maria', 'Reindl', '1.1.1966.', 'n');
insert into CandidatesData (idno) VALUES (6615);
insert into Candidacy (wkid, idno, supportedby) VALUES (428, 6615, 36);
insert into Landeslistenplatz (llid, idno, position) VALUES (295, 6615, 21);
insert into Citizen (idno, title, firstname, lastname, dateofbirth, gender) VALUES (6616, '', 'Renate', 'Reinecke', '1.1.1953.', 'n');
insert into CandidatesData (idno) VALUES (6616);
insert into Landeslistenplatz (llid, idno, position) VALUES (227, 6616, 34);
insert into Citizen (idno, title, firstname, lastname, dateofbirth, gender) VALUES (6617, 'Dr. ', 'Birgit', 'Reinemund', '1.1.1959.', 'n');
insert into CandidatesData (idno) VALUES (6617);
insert into Candidacy (wkid, idno, supportedby) VALUES (550, 6617, 4);
insert into Landeslistenplatz (llid, idno, position) VALUES (224, 6617, 10);
insert into Citizen (idno, title, firstname, lastname, dateofbirth, gender) VALUES (6618, '', 'Ingrid', 'Reinhardt', '1.1.1950.', 'n');
insert into CandidatesData (idno) VALUES (6618);
insert into Landeslistenplatz (llid, idno, position) VALUES (387, 6618, 2);
insert into Citizen (idno, title, firstname, lastname, dateofbirth, gender) VALUES (6619, '', 'Ralf', 'Reinhardt', '1.1.1973.', 'n');
insert into CandidatesData (idno) VALUES (6619);
insert into Candidacy (wkid, idno, supportedby) VALUES (432, 6619, 7);
insert into Citizen (idno, title, firstname, lastname, dateofbirth, gender) VALUES (6620, 'Dr. ', 'Kristian', 'Reinhold', '1.1.1958.', 'n');
insert into CandidatesData (idno) VALUES (6620);
insert into Candidacy (wkid, idno, supportedby) VALUES (324, 6620, 4);
insert into Landeslistenplatz (llid, idno, position) VALUES (334, 6620, 5);
insert into Citizen (idno, title, firstname, lastname, dateofbirth, gender) VALUES (6621, '', 'Hagen', 'Reinhold', '1.1.1978.', 'n');
insert into CandidatesData (idno) VALUES (6621);
insert into Candidacy (wkid, idno, supportedby) VALUES (28, 6621, 4);
insert into Landeslistenplatz (llid, idno, position) VALUES (278, 6621, 1);
insert into Citizen (idno, title, firstname, lastname, dateofbirth, gender) VALUES (6622, '', 'Elke', 'Reinke', '1.1.1958.', 'n');
insert into CandidatesData (idno) VALUES (6622);
insert into Candidacy (wkid, idno, supportedby) VALUES (136, 6622, 3);
insert into Landeslistenplatz (llid, idno, position) VALUES (373, 6622, 7);
insert into Citizen (idno, title, firstname, lastname, dateofbirth, gender) VALUES (6623, '', 'Peter', 'Reinsch', '1.1.1952.', 'n');
insert into CandidatesData (idno) VALUES (6623);
insert into Landeslistenplatz (llid, idno, position) VALUES (340, 6623, 10);
insert into Citizen (idno, title, firstname, lastname, dateofbirth, gender) VALUES (6624, 'Dr. ', 'Gernot', 'Reipen', '1.1.1953.', 'n');
insert into CandidatesData (idno) VALUES (6624);
insert into Candidacy (wkid, idno, supportedby) VALUES (398, 6624, 7);
insert into Citizen (idno, title, firstname, lastname, dateofbirth, gender) VALUES (6625, '', 'Sven', 'Reisch', '1.1.1984.', 'n');
insert into CandidatesData (idno) VALUES (6625);
insert into Candidacy (wkid, idno, supportedby) VALUES (520, 6625, 5);
insert into Landeslistenplatz (llid, idno, position) VALUES (234, 6625, 24);
insert into Citizen (idno, title, firstname, lastname, dateofbirth, gender) VALUES (6626, '', 'Ludwig', 'Reiser', '1.1.1959.', 'n');
insert into CandidatesData (idno) VALUES (6626);
insert into Landeslistenplatz (llid, idno, position) VALUES (390, 6626, 8);
insert into Citizen (idno, title, firstname, lastname, dateofbirth, gender) VALUES (6627, '', 'Daniel', 'Reiß', '1.1.1986.', 'n');
insert into CandidatesData (idno) VALUES (6627);
insert into Candidacy (wkid, idno, supportedby) VALUES (532, 6627, 1);
insert into Citizen (idno, title, firstname, lastname, dateofbirth, gender) VALUES (6628, '', 'Heike', 'Reitmann', '1.1.1964.', 'n');
insert into CandidatesData (idno) VALUES (6628);
insert into Landeslistenplatz (llid, idno, position) VALUES (370, 6628, 3);
insert into Citizen (idno, title, firstname, lastname, dateofbirth, gender) VALUES (6629, '', 'Jürgen', 'Reitz', '1.1.1958.', 'n');
insert into CandidatesData (idno) VALUES (6629);
insert into Landeslistenplatz (llid, idno, position) VALUES (315, 6629, 5);
insert into Citizen (idno, title, firstname, lastname, dateofbirth, gender) VALUES (6630, '', 'Jara Marit', 'Reker', '1.1.1993.', 'n');
insert into CandidatesData (idno) VALUES (6630);
insert into Landeslistenplatz (llid, idno, position) VALUES (297, 6630, 34);
insert into Citizen (idno, title, firstname, lastname, dateofbirth, gender) VALUES (6631, '', 'Ingrid Lieselotte', 'Remmers', '1.1.1965.', 'n');
insert into CandidatesData (idno) VALUES (6631);
insert into Candidacy (wkid, idno, supportedby) VALUES (246, 6631, 3);
insert into Landeslistenplatz (llid, idno, position) VALUES (269, 6631, 18);
insert into Citizen (idno, title, firstname, lastname, dateofbirth, gender) VALUES (6632, '', 'Michael', 'Remmert', '1.1.1959.', 'n');
insert into CandidatesData (idno) VALUES (6632);
insert into Candidacy (wkid, idno, supportedby) VALUES (210, 6632, 5);
insert into Citizen (idno, title, firstname, lastname, dateofbirth, gender) VALUES (6633, '', 'Jürgen', 'Renner', '1.1.1966.', 'n');
insert into CandidatesData (idno) VALUES (6633);
insert into Landeslistenplatz (llid, idno, position) VALUES (250, 6633, 10);
insert into Citizen (idno, title, firstname, lastname, dateofbirth, gender) VALUES (6634, '', 'Karl-Heinz', 'Renner', '1.1.1949.', 'n');
insert into CandidatesData (idno) VALUES (6634);
insert into Candidacy (wkid, idno, supportedby) VALUES (220, 6634, 5);
insert into Citizen (idno, title, firstname, lastname, dateofbirth, gender) VALUES (6635, '', 'Martin Erwin', 'Renner', '1.1.1954.', 'n');
insert into CandidatesData (idno) VALUES (6635);
insert into Candidacy (wkid, idno, supportedby) VALUES (240, 6635, 33);
insert into Landeslistenplatz (llid, idno, position) VALUES (253, 6635, 7);
insert into Citizen (idno, title, firstname, lastname, dateofbirth, gender) VALUES (6636, '', 'Martina Erika', 'Renner', '1.1.1967.', 'n');
insert into CandidatesData (idno) VALUES (6636);
insert into Candidacy (wkid, idno, supportedby) VALUES (384, 6636, 3);
insert into Landeslistenplatz (llid, idno, position) VALUES (261, 6636, 3);
insert into Citizen (idno, title, firstname, lastname, dateofbirth, gender) VALUES (6637, '', 'Rita', 'Renner', '1.1.1958.', 'n');
insert into CandidatesData (idno) VALUES (6637);
insert into Landeslistenplatz (llid, idno, position) VALUES (403, 6637, 7);
insert into Citizen (idno, title, firstname, lastname, dateofbirth, gender) VALUES (6638, '', 'Wolfgang Jürgen', 'Renner', '1.1.1958.', 'n');
insert into CandidatesData (idno) VALUES (6638);
insert into Candidacy (wkid, idno, supportedby) VALUES (128, 6638, 5);
insert into Landeslistenplatz (llid, idno, position) VALUES (267, 6638, 2);
insert into Citizen (idno, title, firstname, lastname, dateofbirth, gender) VALUES (6639, '', 'Andreas', 'Rentzos', '1.1.1976.', 'n');
insert into CandidatesData (idno) VALUES (6639);
insert into Candidacy (wkid, idno, supportedby) VALUES (344, 6639, NULL);
insert into Citizen (idno, title, firstname, lastname, dateofbirth, gender) VALUES (6640, '', 'Andreas', 'Resch', '1.1.1982.', 'n');
insert into CandidatesData (idno) VALUES (6640);
insert into Landeslistenplatz (llid, idno, position) VALUES (293, 6640, 4);
insert into Citizen (idno, title, firstname, lastname, dateofbirth, gender) VALUES (6641, '', 'Werner', 'Ressdorf', '1.1.1954.', 'n');
insert into CandidatesData (idno) VALUES (6641);
insert into Candidacy (wkid, idno, supportedby) VALUES (516, 6641, NULL);
insert into Citizen (idno, title, firstname, lastname, dateofbirth, gender) VALUES (6642, '', 'Gerhard', 'Reuter', '1.1.1963.', 'n');
insert into CandidatesData (idno) VALUES (6642);
insert into Candidacy (wkid, idno, supportedby) VALUES (476, 6642, 1);
insert into Citizen (idno, title, firstname, lastname, dateofbirth, gender) VALUES (6643, '', 'Volker', 'Richert', '1.1.1969.', 'n');
insert into CandidatesData (idno) VALUES (6643);
insert into Landeslistenplatz (llid, idno, position) VALUES (308, 6643, 18);
insert into Citizen (idno, title, firstname, lastname, dateofbirth, gender) VALUES (6644, '', 'Florian', 'Richling', '1.1.1983.', 'n');
insert into CandidatesData (idno) VALUES (6644);
insert into Landeslistenplatz (llid, idno, position) VALUES (239, 6644, 10);
insert into Citizen (idno, title, firstname, lastname, dateofbirth, gender) VALUES (6645, '', 'Benjamin', 'Richter', '1.1.1983.', 'n');
insert into CandidatesData (idno) VALUES (6645);
insert into Candidacy (wkid, idno, supportedby) VALUES (166, 6645, 46);
insert into Citizen (idno, title, firstname, lastname, dateofbirth, gender) VALUES (6646, '', 'Bernhard', 'Richter', '1.1.1943.', 'n');
insert into CandidatesData (idno) VALUES (6646);
insert into Candidacy (wkid, idno, supportedby) VALUES (570, 6646, 36);
insert into Landeslistenplatz (llid, idno, position) VALUES (292, 6646, 1);
insert into Citizen (idno, title, firstname, lastname, dateofbirth, gender) VALUES (6647, '', 'Gordon', 'Richter', '1.1.1974.', 'n');
insert into CandidatesData (idno) VALUES (6647);
insert into Candidacy (wkid, idno, supportedby) VALUES (388, 6647, 1);
insert into Landeslistenplatz (llid, idno, position) VALUES (271, 6647, 3);
insert into Citizen (idno, title, firstname, lastname, dateofbirth, gender) VALUES (6648, '', 'Heinz Gustav', 'Richter', '1.1.1945.', 'n');
insert into CandidatesData (idno) VALUES (6648);
insert into Landeslistenplatz (llid, idno, position) VALUES (381, 6648, 7);
insert into Citizen (idno, title, firstname, lastname, dateofbirth, gender) VALUES (6649, '', 'Karl', 'Richter', '1.1.1962.', 'n');
insert into CandidatesData (idno) VALUES (6649);
insert into Candidacy (wkid, idno, supportedby) VALUES (438, 6649, 1);
insert into Landeslistenplatz (llid, idno, position) VALUES (392, 6649, 1);
insert into Citizen (idno, title, firstname, lastname, dateofbirth, gender) VALUES (6650, '', 'Klaus Siegfried', 'Richter', '1.1.1952.', 'n');
insert into CandidatesData (idno) VALUES (6650);
insert into Landeslistenplatz (llid, idno, position) VALUES (204, 6650, 9);
insert into Citizen (idno, title, firstname, lastname, dateofbirth, gender) VALUES (6651, '', 'Mathias', 'Richter', '1.1.1967.', 'n');
insert into CandidatesData (idno) VALUES (6651);
insert into Candidacy (wkid, idno, supportedby) VALUES (242, 6651, 4);
insert into Landeslistenplatz (llid, idno, position) VALUES (272, 6651, 25);
insert into Citizen (idno, title, firstname, lastname, dateofbirth, gender) VALUES (6652, '', 'Peter Rüdiger', 'Richter', '1.1.1985.', 'n');
insert into CandidatesData (idno) VALUES (6652);
insert into Candidacy (wkid, idno, supportedby) VALUES (596, 6652, 1);
insert into Landeslistenplatz (llid, idno, position) VALUES (231, 6652, 3);
insert into Citizen (idno, title, firstname, lastname, dateofbirth, gender) VALUES (6653, '', 'Thomas', 'Richter', '1.1.1969.', 'n');
insert into CandidatesData (idno) VALUES (6653);
insert into Candidacy (wkid, idno, supportedby) VALUES (316, 6653, 4);
insert into Landeslistenplatz (llid, idno, position) VALUES (334, 6653, 8);
insert into Citizen (idno, title, firstname, lastname, dateofbirth, gender) VALUES (6654, '', 'Tobias', 'Richter', '1.1.1981.', 'n');
insert into CandidatesData (idno) VALUES (6654);
insert into Candidacy (wkid, idno, supportedby) VALUES (62, 6654, 1);
insert into Citizen (idno, title, firstname, lastname, dateofbirth, gender) VALUES (6655, '', 'Karsta Luise', 'Rickels', '1.1.1986.', 'n');
insert into CandidatesData (idno) VALUES (6655);
insert into Landeslistenplatz (llid, idno, position) VALUES (242, 6655, 34);
insert into Citizen (idno, title, firstname, lastname, dateofbirth, gender) VALUES (6656, 'Dr. ', 'Daniela', 'Ridder De', '1.1.1962.', 'n');
insert into CandidatesData (idno) VALUES (6656);
insert into Candidacy (wkid, idno, supportedby) VALUES (62, 6656, 2);
insert into Landeslistenplatz (llid, idno, position) VALUES (242, 6656, 10);
insert into Citizen (idno, title, firstname, lastname, dateofbirth, gender) VALUES (6657, '', 'Lothar', 'Riebsamen', '1.1.1957.', 'n');
insert into CandidatesData (idno) VALUES (6657);
insert into Candidacy (wkid, idno, supportedby) VALUES (586, 6657, 12);
insert into Citizen (idno, title, firstname, lastname, dateofbirth, gender) VALUES (6658, '', 'Berthold', 'Riech', '1.1.1967.', 'n');
insert into CandidatesData (idno) VALUES (6658);
insert into Landeslistenplatz (llid, idno, position) VALUES (275, 6658, 9);
insert into Citizen (idno, title, firstname, lastname, dateofbirth, gender) VALUES (6659, '', 'Barbara Maria', 'Rieckmann', '1.1.1935.', 'n');
insert into CandidatesData (idno) VALUES (6659);
insert into Landeslistenplatz (llid, idno, position) VALUES (257, 6659, 22);
insert into Citizen (idno, title, firstname, lastname, dateofbirth, gender) VALUES (6660, 'Dr. ', 'Alexander Franz', 'Ried', '1.1.1982.', 'n');
insert into CandidatesData (idno) VALUES (6660);
insert into Landeslistenplatz (llid, idno, position) VALUES (220, 6660, 69);
insert into Citizen (idno, title, firstname, lastname, dateofbirth, gender) VALUES (6661, '', 'Carmen', 'Riedel', '1.1.1971.', 'n');
insert into CandidatesData (idno) VALUES (6661);
insert into Landeslistenplatz (llid, idno, position) VALUES (378, 6661, 5);
insert into Citizen (idno, title, firstname, lastname, dateofbirth, gender) VALUES (6662, '', 'Ulrich', 'Riediger', '1.1.1954.', 'n');
insert into CandidatesData (idno) VALUES (6662);
insert into Candidacy (wkid, idno, supportedby) VALUES (444, 6662, 33);
insert into Landeslistenplatz (llid, idno, position) VALUES (342, 6662, 27);
insert into Citizen (idno, title, firstname, lastname, dateofbirth, gender) VALUES (6663, '', 'Josef', 'Rief', '1.1.1960.', 'n');
insert into CandidatesData (idno) VALUES (6663);
insert into Candidacy (wkid, idno, supportedby) VALUES (584, 6663, 12);
insert into Citizen (idno, title, firstname, lastname, dateofbirth, gender) VALUES (6664, '', 'Ricarda', 'Riefling', '1.1.1983.', 'n');
insert into CandidatesData (idno) VALUES (6664);
insert into Candidacy (wkid, idno, supportedby) VALUES (422, 6664, 1);
insert into Landeslistenplatz (llid, idno, position) VALUES (259, 6664, 1);
insert into Citizen (idno, title, firstname, lastname, dateofbirth, gender) VALUES (6665, '', 'Andreas Eberhard Alexander', 'Rieger', '1.1.1963.', 'n');
insert into CandidatesData (idno) VALUES (6665);
insert into Candidacy (wkid, idno, supportedby) VALUES (124, 6665, 5);
insert into Landeslistenplatz (llid, idno, position) VALUES (267, 6665, 6);
insert into Citizen (idno, title, firstname, lastname, dateofbirth, gender) VALUES (6666, '', 'Hans-Georg', 'Rieger', '1.1.1958.', 'n');
insert into CandidatesData (idno) VALUES (6666);
insert into Candidacy (wkid, idno, supportedby) VALUES (112, 6666, NULL);
insert into Citizen (idno, title, firstname, lastname, dateofbirth, gender) VALUES (6667, '', 'Florian', 'Riehl', '1.1.1986.', 'n');
insert into CandidatesData (idno) VALUES (6667);
insert into Candidacy (wkid, idno, supportedby) VALUES (508, 6667, 32);
insert into Landeslistenplatz (llid, idno, position) VALUES (206, 6667, 27);
insert into Citizen (idno, title, firstname, lastname, dateofbirth, gender) VALUES (6668, '', 'Sergej', 'Riemann', '1.1.1986.', 'n');
insert into CandidatesData (idno) VALUES (6668);
insert into Landeslistenplatz (llid, idno, position) VALUES (314, 6668, 25);
insert into Citizen (idno, title, firstname, lastname, dateofbirth, gender) VALUES (6669, '', 'Jenny', 'Riemenschneider', '1.1.1985.', 'n');
insert into CandidatesData (idno) VALUES (6669);
insert into Landeslistenplatz (llid, idno, position) VALUES (396, 6669, 4);
insert into Citizen (idno, title, firstname, lastname, dateofbirth, gender) VALUES (6670, '', 'Fabian', 'Riemer', '1.1.1978.', 'n');
insert into CandidatesData (idno) VALUES (6670);
insert into Landeslistenplatz (llid, idno, position) VALUES (413, 6670, 4);
insert into Citizen (idno, title, firstname, lastname, dateofbirth, gender) VALUES (6671, '', 'Bernd', 'Riensch', '1.1.1965.', 'n');
insert into CandidatesData (idno) VALUES (6671);
insert into Candidacy (wkid, idno, supportedby) VALUES (80, 6671, 7);
insert into Citizen (idno, title, firstname, lastname, dateofbirth, gender) VALUES (6672, 'Dr. ', 'Jürgen', 'Ries', '1.1.1969.', 'n');
insert into CandidatesData (idno) VALUES (6672);
insert into Candidacy (wkid, idno, supportedby) VALUES (370, 6672, 32);
insert into Landeslistenplatz (llid, idno, position) VALUES (315, 6672, 9);
insert into Citizen (idno, title, firstname, lastname, dateofbirth, gender) VALUES (6673, '', 'Knut Erwin', 'Ries', '1.1.1955.', 'n');
insert into CandidatesData (idno) VALUES (6673);
insert into Landeslistenplatz (llid, idno, position) VALUES (220, 6673, 64);
insert into Citizen (idno, title, firstname, lastname, dateofbirth, gender) VALUES (6674, '', 'Matthias', 'Ries', '1.1.1969.', 'n');
insert into CandidatesData (idno) VALUES (6674);
insert into Landeslistenplatz (llid, idno, position) VALUES (347, 6674, 10);
insert into Citizen (idno, title, firstname, lastname, dateofbirth, gender) VALUES (6675, 'Prof. Dr. ', 'Heinz', 'Riesenhuber', '1.1.1935.', 'n');
insert into CandidatesData (idno) VALUES (6675);
insert into Candidacy (wkid, idno, supportedby) VALUES (362, 6675, 12);
insert into Landeslistenplatz (llid, idno, position) VALUES (262, 6675, 6);
insert into Citizen (idno, title, firstname, lastname, dateofbirth, gender) VALUES (6676, '', 'Vanessa', 'Rieß', '1.1.1979.', 'n');
insert into CandidatesData (idno) VALUES (6676);
insert into Candidacy (wkid, idno, supportedby) VALUES (544, 6676, 2);
insert into Landeslistenplatz (llid, idno, position) VALUES (249, 6676, 28);
insert into Citizen (idno, title, firstname, lastname, dateofbirth, gender) VALUES (6677, '', 'Paula', 'Riester', '1.1.1984.', 'n');
insert into CandidatesData (idno) VALUES (6677);
insert into Landeslistenplatz (llid, idno, position) VALUES (427, 6677, 5);
insert into Citizen (idno, title, firstname, lastname, dateofbirth, gender) VALUES (6678, '', 'Hans-Jürgen', 'Rigl', '1.1.1962.', 'n');
insert into CandidatesData (idno) VALUES (6678);
insert into Candidacy (wkid, idno, supportedby) VALUES (506, 6678, 7);
insert into Landeslistenplatz (llid, idno, position) VALUES (245, 6678, 23);
insert into Citizen (idno, title, firstname, lastname, dateofbirth, gender) VALUES (6679, '', 'Walter', 'Rimbrecht', '1.1.1952.', 'n');
insert into CandidatesData (idno) VALUES (6679);
insert into Landeslistenplatz (llid, idno, position) VALUES (244, 6679, 21);
insert into Citizen (idno, title, firstname, lastname, dateofbirth, gender) VALUES (6680, '', 'Andreas', 'Rimkus', '1.1.1962.', 'n');
insert into CandidatesData (idno) VALUES (6680);
insert into Candidacy (wkid, idno, supportedby) VALUES (214, 6680, 2);
insert into Landeslistenplatz (llid, idno, position) VALUES (246, 6680, 19);
insert into Citizen (idno, title, firstname, lastname, dateofbirth, gender) VALUES (6681, '', 'Alexander', 'Ringbeck', '1.1.1989.', 'n');
insert into CandidatesData (idno) VALUES (6681);
insert into Candidacy (wkid, idno, supportedby) VALUES (260, 6681, 5);
insert into Citizen (idno, title, firstname, lastname, dateofbirth, gender) VALUES (6682, '', 'Stefan', 'Ringer', '1.1.1956.', 'n');
insert into CandidatesData (idno) VALUES (6682);
insert into Landeslistenplatz (llid, idno, position) VALUES (227, 6682, 37);
insert into Citizen (idno, title, firstname, lastname, dateofbirth, gender) VALUES (6683, '', 'Ulrich', 'Rippert', '1.1.1951.', 'n');
insert into CandidatesData (idno) VALUES (6683);
insert into Landeslistenplatz (llid, idno, position) VALUES (284, 6683, 1);
insert into Citizen (idno, title, firstname, lastname, dateofbirth, gender) VALUES (6684, '', 'Iris', 'Ripsam', '1.1.1959.', 'n');
insert into CandidatesData (idno) VALUES (6684);
insert into Landeslistenplatz (llid, idno, position) VALUES (279, 6684, 20);
insert into Citizen (idno, title, firstname, lastname, dateofbirth, gender) VALUES (6685, '', 'Rudolf Felix', 'Ristl', '1.1.1962.', 'n');
insert into CandidatesData (idno) VALUES (6685);
insert into Candidacy (wkid, idno, supportedby) VALUES (510, 6685, 7);
insert into Citizen (idno, title, firstname, lastname, dateofbirth, gender) VALUES (6686, 'Dr. ', 'Jan Benedykt', 'Rittaler', '1.1.1959.', 'n');
insert into CandidatesData (idno) VALUES (6686);
insert into Landeslistenplatz (llid, idno, position) VALUES (314, 6686, 4);
insert into Citizen (idno, title, firstname, lastname, dateofbirth, gender) VALUES (6687, '', 'Gabriele Marianne', 'Ritter', '1.1.1959.', 'n');
insert into CandidatesData (idno) VALUES (6687);
insert into Landeslistenplatz (llid, idno, position) VALUES (320, 6687, 11);
insert into Citizen (idno, title, firstname, lastname, dateofbirth, gender) VALUES (6688, '', 'Susanne', 'Rittershaus', '1.1.1968.', 'n');
insert into CandidatesData (idno) VALUES (6688);
insert into Candidacy (wkid, idno, supportedby) VALUES (236, 6688, 4);
insert into Landeslistenplatz (llid, idno, position) VALUES (272, 6688, 49);
insert into Citizen (idno, title, firstname, lastname, dateofbirth, gender) VALUES (6689, '', 'Sönke', 'Rix', '1.1.1975.', 'n');
insert into CandidatesData (idno) VALUES (6689);
insert into Candidacy (wkid, idno, supportedby) VALUES (8, 6689, 2);
insert into Landeslistenplatz (llid, idno, position) VALUES (277, 6689, 3);
insert into Citizen (idno, title, firstname, lastname, dateofbirth, gender) VALUES (6690, 'Dr. ', 'Hans Hermann Maria', 'Rochel', '1.1.1933.', 'n');
insert into CandidatesData (idno) VALUES (6690);
insert into Candidacy (wkid, idno, supportedby) VALUES (194, 6690, 1);
insert into Citizen (idno, title, firstname, lastname, dateofbirth, gender) VALUES (6691, '', 'Wolfgang Walter', 'Rochner', '1.1.1941.', 'n');
insert into CandidatesData (idno) VALUES (6691);
insert into Candidacy (wkid, idno, supportedby) VALUES (456, 6691, 1);
insert into Citizen (idno, title, firstname, lastname, dateofbirth, gender) VALUES (6692, '', 'Sebastian', 'Rode', '1.1.1986.', 'n');
insert into CandidatesData (idno) VALUES (6692);
insert into Landeslistenplatz (llid, idno, position) VALUES (242, 6692, 49);
insert into Citizen (idno, title, firstname, lastname, dateofbirth, gender) VALUES (6693, '', 'Petra', 'Rode-Bosse', '1.1.1959.', 'n');
insert into CandidatesData (idno) VALUES (6693);
insert into Candidacy (wkid, idno, supportedby) VALUES (272, 6693, 2);
insert into Landeslistenplatz (llid, idno, position) VALUES (246, 6693, 34);
insert into Citizen (idno, title, firstname, lastname, dateofbirth, gender) VALUES (6694, '', 'Alois Johann', 'Röbosch', '1.1.1958.', 'n');
insert into CandidatesData (idno) VALUES (6694);
insert into Landeslistenplatz (llid, idno, position) VALUES (298, 6694, 2);
insert into Citizen (idno, title, firstname, lastname, dateofbirth, gender) VALUES (6695, '', 'Thomas', 'Röckemann', '1.1.1965.', 'n');
insert into CandidatesData (idno) VALUES (6695);
insert into Landeslistenplatz (llid, idno, position) VALUES (253, 6695, 24);
insert into Citizen (idno, title, firstname, lastname, dateofbirth, gender) VALUES (6696, 'Dr. ', 'Michael Klaus', 'Röder', '1.1.1966.', 'n');
insert into CandidatesData (idno) VALUES (6696);
insert into Candidacy (wkid, idno, supportedby) VALUES (462, 6696, 36);
insert into Landeslistenplatz (llid, idno, position) VALUES (295, 6696, 22);
insert into Citizen (idno, title, firstname, lastname, dateofbirth, gender) VALUES (6697, '', 'Frank', 'Röder', '1.1.1962.', 'n');
insert into CandidatesData (idno) VALUES (6697);
insert into Candidacy (wkid, idno, supportedby) VALUES (162, 6697, 7);
insert into Citizen (idno, title, firstname, lastname, dateofbirth, gender) VALUES (6698, '', 'Silvia Paula', 'Röder', '1.1.1960.', 'n');
insert into CandidatesData (idno) VALUES (6698);
insert into Landeslistenplatz (llid, idno, position) VALUES (204, 6698, 4);
insert into Citizen (idno, title, firstname, lastname, dateofbirth, gender) VALUES (6699, '', 'René', 'Röderstein', '1.1.1976.', 'n');
insert into CandidatesData (idno) VALUES (6699);
insert into Landeslistenplatz (llid, idno, position) VALUES (248, 6699, 18);
insert into Citizen (idno, title, firstname, lastname, dateofbirth, gender) VALUES (6700, '', 'Thomas', 'Rödiger', '1.1.1968.', 'n');
insert into CandidatesData (idno) VALUES (6700);
insert into Candidacy (wkid, idno, supportedby) VALUES (120, 6700, NULL);
insert into Citizen (idno, title, firstname, lastname, dateofbirth, gender) VALUES (6701, 'Dr. ', 'André Tilmann', 'Röhm', '1.1.1961.', 'n');
insert into CandidatesData (idno) VALUES (6701);
insert into Candidacy (wkid, idno, supportedby) VALUES (440, 6701, 33);
insert into Landeslistenplatz (llid, idno, position) VALUES (342, 6701, 19);
insert into Citizen (idno, title, firstname, lastname, dateofbirth, gender) VALUES (6702, '', 'Carolin', 'Röhrig', '1.1.1982.', 'n');
insert into CandidatesData (idno) VALUES (6702);
insert into Landeslistenplatz (llid, idno, position) VALUES (226, 6702, 17);
insert into Citizen (idno, title, firstname, lastname, dateofbirth, gender) VALUES (6703, '', 'Aaron', 'Römer', '1.1.1994.', 'n');
insert into CandidatesData (idno) VALUES (6703);
insert into Landeslistenplatz (llid, idno, position) VALUES (375, 6703, 4);
insert into Citizen (idno, title, firstname, lastname, dateofbirth, gender) VALUES (6704, '', 'Christoph', 'Römer', '1.1.1984.', 'n');
insert into CandidatesData (idno) VALUES (6704);
insert into Landeslistenplatz (llid, idno, position) VALUES (325, 6704, 14);
insert into Citizen (idno, title, firstname, lastname, dateofbirth, gender) VALUES (6705, '', 'Manuela', 'Röper', '1.1.1978.', 'n');
insert into CandidatesData (idno) VALUES (6705);
insert into Landeslistenplatz (llid, idno, position) VALUES (390, 6705, 1);
insert into Citizen (idno, title, firstname, lastname, dateofbirth, gender) VALUES (6706, '', 'Johannes', 'Röring', '1.1.1959.', 'n');
insert into CandidatesData (idno) VALUES (6706);
insert into Candidacy (wkid, idno, supportedby) VALUES (252, 6706, 12);
insert into Citizen (idno, title, firstname, lastname, dateofbirth, gender) VALUES (6707, '', 'Kathrin', 'Rösel', '1.1.1970.', 'n');
insert into CandidatesData (idno) VALUES (6707);
insert into Landeslistenplatz (llid, idno, position) VALUES (217, 6707, 30);
insert into Citizen (idno, title, firstname, lastname, dateofbirth, gender) VALUES (6708, 'Dr. ', 'Philipp', 'Rösler', '1.1.1973.', 'n');
insert into CandidatesData (idno) VALUES (6708);
insert into Candidacy (wkid, idno, supportedby) VALUES (86, 6708, 4);
insert into Landeslistenplatz (llid, idno, position) VALUES (301, 6708, 1);
insert into Citizen (idno, title, firstname, lastname, dateofbirth, gender) VALUES (6709, '', 'Peter René', 'Röspel', '1.1.1964.', 'n');
insert into CandidatesData (idno) VALUES (6709);
insert into Candidacy (wkid, idno, supportedby) VALUES (276, 6709, 2);
insert into Landeslistenplatz (llid, idno, position) VALUES (246, 6709, 46);
insert into Citizen (idno, title, firstname, lastname, dateofbirth, gender) VALUES (6710, '', 'Holger', 'Rößer', '1.1.1977.', 'n');
insert into CandidatesData (idno) VALUES (6710);
insert into Landeslistenplatz (llid, idno, position) VALUES (252, 6710, 5);
insert into Citizen (idno, title, firstname, lastname, dateofbirth, gender) VALUES (6711, '', 'Tabea', 'Rößner', '1.1.1966.', 'n');
insert into CandidatesData (idno) VALUES (6711);
insert into Candidacy (wkid, idno, supportedby) VALUES (412, 6711, 5);
insert into Landeslistenplatz (llid, idno, position) VALUES (389, 6711, 1);
insert into Citizen (idno, title, firstname, lastname, dateofbirth, gender) VALUES (6712, '', 'Ludwig Johann', 'Rötteken', '1.1.1945.', 'n');
insert into CandidatesData (idno) VALUES (6712);
insert into Landeslistenplatz (llid, idno, position) VALUES (381, 6712, 6);
insert into Citizen (idno, title, firstname, lastname, dateofbirth, gender) VALUES (6713, 'Dr. ', 'Norbert', 'Röttgen', '1.1.1965.', 'n');
insert into CandidatesData (idno) VALUES (6713);
insert into Candidacy (wkid, idno, supportedby) VALUES (196, 6713, 12);
insert into Citizen (idno, title, firstname, lastname, dateofbirth, gender) VALUES (6714, '', 'Dominik', 'Rogala', '1.1.1988.', 'n');
insert into CandidatesData (idno) VALUES (6714);
insert into Landeslistenplatz (llid, idno, position) VALUES (297, 6714, 46);
insert into Citizen (idno, title, firstname, lastname, dateofbirth, gender) VALUES (6715, '', 'Walter Hans', 'Rogel-Obermanns', '1.1.1953.', 'n');
insert into CandidatesData (idno) VALUES (6715);
insert into Candidacy (wkid, idno, supportedby) VALUES (216, 6715, 3);
insert into Citizen (idno, title, firstname, lastname, dateofbirth, gender) VALUES (6716, '', 'Claudius', 'Roggenkamp', '1.1.1981.', 'n');
insert into CandidatesData (idno) VALUES (6716);
insert into Candidacy (wkid, idno, supportedby) VALUES (504, 6716, 7);
insert into Landeslistenplatz (llid, idno, position) VALUES (245, 6716, 6);
insert into Citizen (idno, title, firstname, lastname, dateofbirth, gender) VALUES (6717, '', 'Axel', 'Rogner', '1.1.1966.', 'n');
insert into CandidatesData (idno) VALUES (6717);
insert into Candidacy (wkid, idno, supportedby) VALUES (484, 6717, 32);
insert into Landeslistenplatz (llid, idno, position) VALUES (206, 6717, 5);
insert into Citizen (idno, title, firstname, lastname, dateofbirth, gender) VALUES (6718, '', 'Anneliese', 'Rogoll', '1.1.1939.', 'n');
insert into CandidatesData (idno) VALUES (6718);
insert into Landeslistenplatz (llid, idno, position) VALUES (336, 6718, 2);
insert into Citizen (idno, title, firstname, lastname, dateofbirth, gender) VALUES (6719, '', 'Andreas', 'Rohde', '1.1.1968.', 'n');
insert into CandidatesData (idno) VALUES (6719);
insert into Landeslistenplatz (llid, idno, position) VALUES (248, 6719, 9);
insert into Citizen (idno, title, firstname, lastname, dateofbirth, gender) VALUES (6720, '', 'Dennis', 'Rohde', '1.1.1986.', 'n');
insert into CandidatesData (idno) VALUES (6720);
insert into Candidacy (wkid, idno, supportedby) VALUES (54, 6720, 2);
insert into Landeslistenplatz (llid, idno, position) VALUES (242, 6720, 15);
insert into Citizen (idno, title, firstname, lastname, dateofbirth, gender) VALUES (6721, '', 'Bernhard', 'Rohe', '1.1.1961.', 'n');
insert into CandidatesData (idno) VALUES (6721);
insert into Candidacy (wkid, idno, supportedby) VALUES (76, 6721, 3);
insert into Citizen (idno, title, firstname, lastname, dateofbirth, gender) VALUES (6722, '', 'Claas Heinrich Remmert', 'Rohmeyer', '1.1.1971.', 'n');
insert into CandidatesData (idno) VALUES (6722);
insert into Landeslistenplatz (llid, idno, position) VALUES (364, 6722, 3);
insert into Citizen (idno, title, firstname, lastname, dateofbirth, gender) VALUES (6723, '', 'Lena', 'Rohrbach', '1.1.1985.', 'n');
insert into CandidatesData (idno) VALUES (6723);
insert into Landeslistenplatz (llid, idno, position) VALUES (382, 6723, 3);
insert into Citizen (idno, title, firstname, lastname, dateofbirth, gender) VALUES (6724, '', 'Daniel', 'Roi', '1.1.1987.', 'n');
insert into CandidatesData (idno) VALUES (6724);
insert into Candidacy (wkid, idno, supportedby) VALUES (142, 6724, 33);
insert into Citizen (idno, title, firstname, lastname, dateofbirth, gender) VALUES (6725, '', 'Aileen', 'Rokohl', '1.1.1988.', 'n');
insert into CandidatesData (idno) VALUES (6725);
insert into Candidacy (wkid, idno, supportedby) VALUES (114, 6725, 1);
insert into Landeslistenplatz (llid, idno, position) VALUES (306, 6725, 8);
insert into Citizen (idno, title, firstname, lastname, dateofbirth, gender) VALUES (6726, '', 'Werner', 'Roleff', '1.1.1962.', 'n');
insert into CandidatesData (idno) VALUES (6726);
insert into Landeslistenplatz (llid, idno, position) VALUES (257, 6726, 4);
insert into Citizen (idno, title, firstname, lastname, dateofbirth, gender) VALUES (6727, '', 'Andreas', 'Roll', '1.1.1967.', 'n');
insert into CandidatesData (idno) VALUES (6727);
insert into Candidacy (wkid, idno, supportedby) VALUES (532, 6727, 5);
insert into Landeslistenplatz (llid, idno, position) VALUES (234, 6727, 34);
insert into Citizen (idno, title, firstname, lastname, dateofbirth, gender) VALUES (6728, '', 'Christian Michael', 'Rombeck', '1.1.1987.', 'n');
insert into CandidatesData (idno) VALUES (6728);
insert into Candidacy (wkid, idno, supportedby) VALUES (278, 6728, 33);
insert into Landeslistenplatz (llid, idno, position) VALUES (253, 6728, 27);
insert into Citizen (idno, title, firstname, lastname, dateofbirth, gender) VALUES (6729, '', 'Andreas', 'Romppel', '1.1.1965.', 'n');
insert into CandidatesData (idno) VALUES (6729);
insert into Candidacy (wkid, idno, supportedby) VALUES (358, 6729, 5);
insert into Landeslistenplatz (llid, idno, position) VALUES (318, 6729, 16);
insert into Citizen (idno, title, firstname, lastname, dateofbirth, gender) VALUES (6730, '', 'Andreas', 'Ronig', '1.1.1971.', 'n');
insert into CandidatesData (idno) VALUES (6730);
insert into Candidacy (wkid, idno, supportedby) VALUES (234, 6730, 7);
insert into Citizen (idno, title, firstname, lastname, dateofbirth, gender) VALUES (6731, '', 'Karlo Willi', 'Ronstadt', '1.1.1941.', 'n');
insert into CandidatesData (idno) VALUES (6731);
insert into Candidacy (wkid, idno, supportedby) VALUES (108, 6731, 1);
insert into Landeslistenplatz (llid, idno, position) VALUES (357, 6731, 2);
insert into Citizen (idno, title, firstname, lastname, dateofbirth, gender) VALUES (6732, '', 'Heike', 'Roocks', '1.1.1961.', 'n');
insert into CandidatesData (idno) VALUES (6732);
insert into Landeslistenplatz (llid, idno, position) VALUES (214, 6732, 7);
insert into Citizen (idno, title, firstname, lastname, dateofbirth, gender) VALUES (6733, '', 'Christine Amalie', 'Rorich', '1.1.1937.', 'n');
insert into CandidatesData (idno) VALUES (6733);
insert into Candidacy (wkid, idno, supportedby) VALUES (488, 6733, 1);
insert into Citizen (idno, title, firstname, lastname, dateofbirth, gender) VALUES (6734, '', 'Johannes', 'Roschka', '1.1.1963.', 'n');
insert into CandidatesData (idno) VALUES (6734);
insert into Landeslistenplatz (llid, idno, position) VALUES (325, 6734, 9);
insert into Citizen (idno, title, firstname, lastname, dateofbirth, gender) VALUES (6735, '', 'Wieland Paul', 'Rose', '1.1.1986.', 'n');
insert into CandidatesData (idno) VALUES (6735);
insert into Landeslistenplatz (llid, idno, position) VALUES (218, 6735, 9);
insert into Citizen (idno, title, firstname, lastname, dateofbirth, gender) VALUES (6736, '', 'Wolfgang', 'Rose', '1.1.1947.', 'n');
insert into CandidatesData (idno) VALUES (6736);
insert into Landeslistenplatz (llid, idno, position) VALUES (237, 6736, 12);
insert into Citizen (idno, title, firstname, lastname, dateofbirth, gender) VALUES (6737, 'Dr. ', 'Martin', 'Rosemann', '1.1.1976.', 'n');
insert into CandidatesData (idno) VALUES (6737);
insert into Candidacy (wkid, idno, supportedby) VALUES (580, 6737, 2);
insert into Landeslistenplatz (llid, idno, position) VALUES (249, 6737, 17);
insert into Citizen (idno, title, firstname, lastname, dateofbirth, gender) VALUES (6738, '', 'Michael', 'Rosenberg', '1.1.1975.', 'n');
insert into CandidatesData (idno) VALUES (6738);
insert into Landeslistenplatz (llid, idno, position) VALUES (277, 6738, 19);
insert into Citizen (idno, title, firstname, lastname, dateofbirth, gender) VALUES (6739, '', 'Ina-Sophie', 'Rosenthal', '1.1.1968.', 'n');
insert into CandidatesData (idno) VALUES (6739);
insert into Candidacy (wkid, idno, supportedby) VALUES (564, 6739, 5);
insert into Landeslistenplatz (llid, idno, position) VALUES (234, 6739, 23);
insert into Citizen (idno, title, firstname, lastname, dateofbirth, gender) VALUES (6740, '', 'Rudolf Reinhard', 'Rosenthal', '1.1.1937.', 'n');
insert into CandidatesData (idno) VALUES (6740);
insert into Candidacy (wkid, idno, supportedby) VALUES (8, 6740, 1);
insert into Citizen (idno, title, firstname, lastname, dateofbirth, gender) VALUES (6741, '', 'Johannes', 'Roßmanith', '1.1.1985.', 'n');
insert into CandidatesData (idno) VALUES (6741);
insert into Landeslistenplatz (llid, idno, position) VALUES (239, 6741, 2);
insert into Citizen (idno, title, firstname, lastname, dateofbirth, gender) VALUES (6742, 'Dr. ', 'Ernst Dieter', 'Rossmann', '1.1.1951.', 'n');
insert into CandidatesData (idno) VALUES (6742);
insert into Candidacy (wkid, idno, supportedby) VALUES (14, 6742, 2);
insert into Landeslistenplatz (llid, idno, position) VALUES (277, 6742, 1);
insert into Citizen (idno, title, firstname, lastname, dateofbirth, gender) VALUES (6743, '', 'Silke', 'Roßmann', '1.1.1961.', 'n');
insert into CandidatesData (idno) VALUES (6743);
insert into Landeslistenplatz (llid, idno, position) VALUES (335, 6743, 18);
insert into Citizen (idno, title, firstname, lastname, dateofbirth, gender) VALUES (6744, '', 'Stefan', 'Roßmann', '1.1.1971.', 'n');
insert into CandidatesData (idno) VALUES (6744);
insert into Candidacy (wkid, idno, supportedby) VALUES (100, 6744, 32);
insert into Landeslistenplatz (llid, idno, position) VALUES (282, 6744, 12);
insert into Citizen (idno, title, firstname, lastname, dateofbirth, gender) VALUES (6745, '', 'Sascha Alfred', 'Roßmüller', '1.1.1972.', 'n');
insert into CandidatesData (idno) VALUES (6745);
insert into Candidacy (wkid, idno, supportedby) VALUES (462, 6745, 1);
insert into Landeslistenplatz (llid, idno, position) VALUES (392, 6745, 3);
insert into Citizen (idno, title, firstname, lastname, dateofbirth, gender) VALUES (6746, '', 'Frank', 'Rostek', '1.1.1966.', 'n');
insert into CandidatesData (idno) VALUES (6746);
insert into Landeslistenplatz (llid, idno, position) VALUES (388, 6746, 13);
insert into Citizen (idno, title, firstname, lastname, dateofbirth, gender) VALUES (6747, '', 'Marc', 'Rostkowski', '1.1.1974.', 'n');
insert into CandidatesData (idno) VALUES (6747);
insert into Landeslistenplatz (llid, idno, position) VALUES (345, 6747, 4);
insert into Citizen (idno, title, firstname, lastname, dateofbirth, gender) VALUES (6748, 'Dr. ', 'Anette', 'Rotermund-Fritsche', '1.1.1954.', 'n');
insert into CandidatesData (idno) VALUES (6748);
insert into Landeslistenplatz (llid, idno, position) VALUES (276, 6748, 39);
insert into Citizen (idno, title, firstname, lastname, dateofbirth, gender) VALUES (6749, '', 'Claudia Benedikta', 'Roth', '1.1.1955.', 'n');
insert into CandidatesData (idno) VALUES (6749);
insert into Candidacy (wkid, idno, supportedby) VALUES (504, 6749, 5);
insert into Landeslistenplatz (llid, idno, position) VALUES (238, 6749, 1);
insert into Citizen (idno, title, firstname, lastname, dateofbirth, gender) VALUES (6750, '', 'Hans', 'Roth', '1.1.1955.', 'n');
insert into CandidatesData (idno) VALUES (6750);
insert into Landeslistenplatz (llid, idno, position) VALUES (406, 6750, 6);
insert into Citizen (idno, title, firstname, lastname, dateofbirth, gender) VALUES (6751, '', 'Michael Helmut', 'Roth', '1.1.1970.', 'n');
insert into CandidatesData (idno) VALUES (6751);
insert into Candidacy (wkid, idno, supportedby) VALUES (338, 6751, 2);
insert into Landeslistenplatz (llid, idno, position) VALUES (227, 6751, 1);
insert into Citizen (idno, title, firstname, lastname, dateofbirth, gender) VALUES (6752, '', 'Hubert', 'Rothfeld', '1.1.1959.', 'n');
insert into CandidatesData (idno) VALUES (6752);
insert into Candidacy (wkid, idno, supportedby) VALUES (590, 6752, 36);
insert into Citizen (idno, title, firstname, lastname, dateofbirth, gender) VALUES (6753, '', 'Julia', 'Rott', '1.1.1983.', 'n');
insert into CandidatesData (idno) VALUES (6753);
insert into Landeslistenplatz (llid, idno, position) VALUES (221, 6753, 16);
insert into Citizen (idno, title, firstname, lastname, dateofbirth, gender) VALUES (6754, '', 'Toni', 'Rotter', '1.1.1988.', 'n');
insert into CandidatesData (idno) VALUES (6754);
insert into Candidacy (wkid, idno, supportedby) VALUES (324, 6754, 7);
insert into Citizen (idno, title, firstname, lastname, dateofbirth, gender) VALUES (6755, '', 'Simon', 'Rottloff', '1.1.1977.', 'n');
insert into CandidatesData (idno) VALUES (6755);
insert into Candidacy (wkid, idno, supportedby) VALUES (358, 6755, 2);
insert into Landeslistenplatz (llid, idno, position) VALUES (227, 6755, 19);
insert into Citizen (idno, title, firstname, lastname, dateofbirth, gender) VALUES (6756, '', 'Hendrik', 'Rottmann', '1.1.1969.', 'n');
insert into CandidatesData (idno) VALUES (6756);
insert into Candidacy (wkid, idno, supportedby) VALUES (186, 6756, 33);
insert into Landeslistenplatz (llid, idno, position) VALUES (253, 6756, 5);
insert into Citizen (idno, title, firstname, lastname, dateofbirth, gender) VALUES (6757, '', 'René', 'Rottmann', '1.1.1989.', 'n');
insert into CandidatesData (idno) VALUES (6757);
insert into Candidacy (wkid, idno, supportedby) VALUES (256, 6757, 7);
insert into Citizen (idno, title, firstname, lastname, dateofbirth, gender) VALUES (6758, '', 'Gerhard', 'Rotzler', '1.1.1950.', 'n');
insert into CandidatesData (idno) VALUES (6758);
insert into Landeslistenplatz (llid, idno, position) VALUES (433, 6758, 2);
insert into Citizen (idno, title, firstname, lastname, dateofbirth, gender) VALUES (6759, '', 'Manfred', 'Rouhs', '1.1.1965.', 'n');
insert into CandidatesData (idno) VALUES (6759);
insert into Candidacy (wkid, idno, supportedby) VALUES (170, 6759, 37);
insert into Landeslistenplatz (llid, idno, position) VALUES (399, 6759, 1);
insert into Citizen (idno, title, firstname, lastname, dateofbirth, gender) VALUES (6760, '', 'Hermann', 'Rubbert', '1.1.1948.', 'n');
insert into CandidatesData (idno) VALUES (6760);
insert into Candidacy (wkid, idno, supportedby) VALUES (222, 6760, 33);
insert into Citizen (idno, title, firstname, lastname, dateofbirth, gender) VALUES (6761, '', 'Hans-Dieter', 'Ruby', '1.1.1942.', 'n');
insert into CandidatesData (idno) VALUES (6761);
insert into Landeslistenplatz (llid, idno, position) VALUES (265, 6761, 10);
insert into Citizen (idno, title, firstname, lastname, dateofbirth, gender) VALUES (6762, '', 'Simone', 'Rudloff', '1.1.1964.', 'n');
insert into CandidatesData (idno) VALUES (6762);
insert into Landeslistenplatz (llid, idno, position) VALUES (352, 6762, 10);
insert into Citizen (idno, title, firstname, lastname, dateofbirth, gender) VALUES (6763, '', 'Lisa', 'Rudolf', '1.1.1994.', 'n');
insert into CandidatesData (idno) VALUES (6763);
insert into Candidacy (wkid, idno, supportedby) VALUES (584, 6763, 7);
insert into Citizen (idno, title, firstname, lastname, dateofbirth, gender) VALUES (6764, '', 'Frank', 'Rudolph', '1.1.1960.', 'n');
insert into CandidatesData (idno) VALUES (6764);
insert into Landeslistenplatz (llid, idno, position) VALUES (310, 6764, 63);
insert into Citizen (idno, title, firstname, lastname, dateofbirth, gender) VALUES (6765, 'Dr. ', 'Joachim', 'Rücker', '1.1.1951.', 'n');
insert into CandidatesData (idno) VALUES (6765);
insert into Candidacy (wkid, idno, supportedby) VALUES (520, 6765, 2);
insert into Citizen (idno, title, firstname, lastname, dateofbirth, gender) VALUES (6766, '', 'Erwin', 'Rüddel', '1.1.1955.', 'n');
insert into CandidatesData (idno) VALUES (6766);
insert into Candidacy (wkid, idno, supportedby) VALUES (396, 6766, 12);
insert into Landeslistenplatz (llid, idno, position) VALUES (312, 6766, 9);
insert into Citizen (idno, title, firstname, lastname, dateofbirth, gender) VALUES (6767, '', 'Corinna', 'Rüffer', '1.1.1975.', 'n');
insert into CandidatesData (idno) VALUES (6767);
insert into Candidacy (wkid, idno, supportedby) VALUES (408, 6767, 5);
insert into Landeslistenplatz (llid, idno, position) VALUES (389, 6767, 3);
insert into Citizen (idno, title, firstname, lastname, dateofbirth, gender) VALUES (6768, '', 'Peter', 'Rügner', '1.1.1966.', 'n');
insert into CandidatesData (idno) VALUES (6768);
insert into Candidacy (wkid, idno, supportedby) VALUES (534, 6768, 13);
insert into Landeslistenplatz (llid, idno, position) VALUES (270, 6768, 9);
insert into Citizen (idno, title, firstname, lastname, dateofbirth, gender) VALUES (6769, '', 'Brigitta Barbara', 'Rühle', '1.1.1956.', 'n');
insert into CandidatesData (idno) VALUES (6769);
insert into Landeslistenplatz (llid, idno, position) VALUES (308, 6769, 19);
insert into Citizen (idno, title, firstname, lastname, dateofbirth, gender) VALUES (6770, '', 'Susann', 'Rüthrich', '1.1.1977.', 'n');
insert into CandidatesData (idno) VALUES (6770);
insert into Candidacy (wkid, idno, supportedby) VALUES (310, 6770, 2);
insert into Landeslistenplatz (llid, idno, position) VALUES (329, 6770, 6);
insert into Citizen (idno, title, firstname, lastname, dateofbirth, gender) VALUES (6771, '', 'Bernd', 'Rützel', '1.1.1968.', 'n');
insert into CandidatesData (idno) VALUES (6771);
insert into Candidacy (wkid, idno, supportedby) VALUES (498, 6771, 2);
insert into Landeslistenplatz (llid, idno, position) VALUES (260, 6771, 9);
insert into Citizen (idno, title, firstname, lastname, dateofbirth, gender) VALUES (6772, '', 'Andreas', 'Ruff', '1.1.1967.', 'n');
insert into CandidatesData (idno) VALUES (6772);
insert into Landeslistenplatz (llid, idno, position) VALUES (233, 6772, 5);
insert into Citizen (idno, title, firstname, lastname, dateofbirth, gender) VALUES (6773, '', 'Stefanie', 'Ruffen', '1.1.1971.', 'n');
insert into CandidatesData (idno) VALUES (6773);
insert into Candidacy (wkid, idno, supportedby) VALUES (186, 6773, 4);
insert into Landeslistenplatz (llid, idno, position) VALUES (272, 6773, 43);
insert into Citizen (idno, title, firstname, lastname, dateofbirth, gender) VALUES (6774, '', 'Nico', 'Ruhle', '1.1.1981.', 'n');
insert into CandidatesData (idno) VALUES (6774);
insert into Landeslistenplatz (llid, idno, position) VALUES (322, 6774, 11);
insert into Citizen (idno, title, firstname, lastname, dateofbirth, gender) VALUES (6775, '', 'Robert', 'Rumbucher', '1.1.1966.', 'n');
insert into CandidatesData (idno) VALUES (6775);
insert into Landeslistenplatz (llid, idno, position) VALUES (213, 6775, 34);
insert into Citizen (idno, title, firstname, lastname, dateofbirth, gender) VALUES (6776, '', 'Anton Josef', 'Rummel', '1.1.1962.', 'n');
insert into CandidatesData (idno) VALUES (6776);
insert into Landeslistenplatz (llid, idno, position) VALUES (400, 6776, 3);
insert into Citizen (idno, title, firstname, lastname, dateofbirth, gender) VALUES (6777, 'Dr. ', 'Gunter Hermann', 'Runkel', '1.1.1946.', 'n');
insert into CandidatesData (idno) VALUES (6777);
insert into Landeslistenplatz (llid, idno, position) VALUES (203, 6777, 12);
insert into Citizen (idno, title, firstname, lastname, dateofbirth, gender) VALUES (6778, '', 'Jörg', 'Rupp', '1.1.1966.', 'n');
insert into CandidatesData (idno) VALUES (6778);
insert into Candidacy (wkid, idno, supportedby) VALUES (546, 6778, 5);
insert into Citizen (idno, title, firstname, lastname, dateofbirth, gender) VALUES (6779, '', 'Klaus-Rainer Heinrich Wilhelm', 'Rupp', '1.1.1955.', 'n');
insert into CandidatesData (idno) VALUES (6779);
insert into Candidacy (wkid, idno, supportedby) VALUES (108, 6779, 3);
insert into Citizen (idno, title, firstname, lastname, dateofbirth, gender) VALUES (6780, 'Dr. ', 'Stefan', 'Ruppert', '1.1.1971.', 'n');
insert into CandidatesData (idno) VALUES (6780);
insert into Candidacy (wkid, idno, supportedby) VALUES (352, 6780, 4);
insert into Landeslistenplatz (llid, idno, position) VALUES (290, 6780, 2);
insert into Citizen (idno, title, firstname, lastname, dateofbirth, gender) VALUES (6781, '', 'Albert', 'Rupprecht', '1.1.1968.', 'n');
insert into CandidatesData (idno) VALUES (6781);
insert into Candidacy (wkid, idno, supportedby) VALUES (470, 6781, 9);
insert into Landeslistenplatz (llid, idno, position) VALUES (220, 6781, 22);
insert into Citizen (idno, title, firstname, lastname, dateofbirth, gender) VALUES (6782, '', 'Johannes Georg Maria', 'Rupprecht', '1.1.1952.', 'n');
insert into CandidatesData (idno) VALUES (6782);
insert into Candidacy (wkid, idno, supportedby) VALUES (488, 6782, 13);
insert into Landeslistenplatz (llid, idno, position) VALUES (247, 6782, 3);
insert into Citizen (idno, title, firstname, lastname, dateofbirth, gender) VALUES (6783, '', 'Herbert', 'Rusche', '1.1.1952.', 'n');
insert into CandidatesData (idno) VALUES (6783);
insert into Candidacy (wkid, idno, supportedby) VALUES (348, 6783, 7);
insert into Landeslistenplatz (llid, idno, position) VALUES (287, 6783, 2);
insert into Citizen (idno, title, firstname, lastname, dateofbirth, gender) VALUES (6784, '', 'Holger Jens', 'Ruschke', '1.1.1969.', 'n');
insert into CandidatesData (idno) VALUES (6784);
insert into Landeslistenplatz (llid, idno, position) VALUES (285, 6784, 18);
insert into Citizen (idno, title, firstname, lastname, dateofbirth, gender) VALUES (6785, '', 'Bernhard', 'Russ', '1.1.1955.', 'n');
insert into CandidatesData (idno) VALUES (6785);
insert into Candidacy (wkid, idno, supportedby) VALUES (588, 6785, 33);
insert into Citizen (idno, title, firstname, lastname, dateofbirth, gender) VALUES (6786, '', 'Hanna Susanne Agnes', 'Russo', '1.1.1958.', 'n');
insert into CandidatesData (idno) VALUES (6786);
insert into Candidacy (wkid, idno, supportedby) VALUES (332, 6786, 5);
insert into Citizen (idno, title, firstname, lastname, dateofbirth, gender) VALUES (6787, '', 'Georg', 'Rust', '1.1.1964.', 'n');
insert into CandidatesData (idno) VALUES (6787);
insert into Candidacy (wkid, idno, supportedby) VALUES (262, 6787, 33);
insert into Citizen (idno, title, firstname, lastname, dateofbirth, gender) VALUES (6788, '', 'Hubertus', 'Rybak', '1.1.1959.', 'n');
insert into CandidatesData (idno) VALUES (6788);
insert into Landeslistenplatz (llid, idno, position) VALUES (332, 6788, 3);
insert into Citizen (idno, title, firstname, lastname, dateofbirth, gender) VALUES (6789, '', 'Sieghardt', 'Rydzewki', '1.1.1953.', 'n');
insert into CandidatesData (idno) VALUES (6789);
insert into Candidacy (wkid, idno, supportedby) VALUES (390, 6789, 33);
insert into Citizen (idno, title, firstname, lastname, dateofbirth, gender) VALUES (6790, '', 'Sarah Janina', 'Ryglewski', '1.1.1983.', 'n');
insert into CandidatesData (idno) VALUES (6790);
insert into Landeslistenplatz (llid, idno, position) VALUES (300, 6790, 2);
insert into Citizen (idno, title, firstname, lastname, dateofbirth, gender) VALUES (6791, '', 'Igor', 'Ryvkin', '1.1.1985.', 'n');
insert into CandidatesData (idno) VALUES (6791);
insert into Landeslistenplatz (llid, idno, position) VALUES (219, 6791, 1);
insert into Citizen (idno, title, firstname, lastname, dateofbirth, gender) VALUES (6792, '', 'Johann', 'Saathoff', '1.1.1967.', 'n');
insert into CandidatesData (idno) VALUES (6792);
insert into Candidacy (wkid, idno, supportedby) VALUES (48, 6792, 2);
insert into Landeslistenplatz (llid, idno, position) VALUES (242, 6792, 23);
insert into Citizen (idno, title, firstname, lastname, dateofbirth, gender) VALUES (6793, '', 'Adnan', 'Sabah', '1.1.1969.', 'n');
insert into CandidatesData (idno) VALUES (6793);
insert into Landeslistenplatz (llid, idno, position) VALUES (249, 6793, 40);
insert into Citizen (idno, title, firstname, lastname, dateofbirth, gender) VALUES (6794, '', 'Antje', 'Sabe', '1.1.1967.', 'n');
insert into CandidatesData (idno) VALUES (6794);
insert into Landeslistenplatz (llid, idno, position) VALUES (425, 6794, 5);
insert into Citizen (idno, title, firstname, lastname, dateofbirth, gender) VALUES (6795, '', 'Denis', 'Sabin', '1.1.1984.', 'n');
insert into CandidatesData (idno) VALUES (6795);
insert into Candidacy (wkid, idno, supportedby) VALUES (172, 6795, 7);
insert into Citizen (idno, title, firstname, lastname, dateofbirth, gender) VALUES (6796, '', 'Jan', 'Sachs', '1.1.1989.', 'n');
insert into CandidatesData (idno) VALUES (6796);
insert into Candidacy (wkid, idno, supportedby) VALUES (568, 6796, 4);
insert into Landeslistenplatz (llid, idno, position) VALUES (224, 6796, 14);
insert into Citizen (idno, title, firstname, lastname, dateofbirth, gender) VALUES (6797, '', 'Volker', 'Sachs', '1.1.1934.', 'n');
insert into CandidatesData (idno) VALUES (6797);
insert into Candidacy (wkid, idno, supportedby) VALUES (346, 6797, 1);
insert into Landeslistenplatz (llid, idno, position) VALUES (414, 6797, 2);
insert into Citizen (idno, title, firstname, lastname, dateofbirth, gender) VALUES (6798, '', 'Björn', 'Sänger', '1.1.1975.', 'n');
insert into CandidatesData (idno) VALUES (6798);
insert into Candidacy (wkid, idno, supportedby) VALUES (334, 6798, 4);
insert into Landeslistenplatz (llid, idno, position) VALUES (290, 6798, 3);
insert into Citizen (idno, title, firstname, lastname, dateofbirth, gender) VALUES (6799, '', 'Askin', 'Saftekin', '1.1.1967.', 'n');
insert into CandidatesData (idno) VALUES (6799);
insert into Landeslistenplatz (llid, idno, position) VALUES (205, 6799, 7);
insert into Citizen (idno, title, firstname, lastname, dateofbirth, gender) VALUES (6800, '', 'Jens', 'Sager', '1.1.1970.', 'n');
insert into CandidatesData (idno) VALUES (6800);
insert into Landeslistenplatz (llid, idno, position) VALUES (285, 6800, 13);
insert into Citizen (idno, title, firstname, lastname, dateofbirth, gender) VALUES (6801, '', 'Susanne', 'Salamah', '1.1.1958.', 'n');
insert into CandidatesData (idno) VALUES (6801);
insert into Landeslistenplatz (llid, idno, position) VALUES (284, 6801, 3);
insert into Citizen (idno, title, firstname, lastname, dateofbirth, gender) VALUES (6802, '', 'Maher', 'Saleh', '1.1.1958.', 'n');
insert into CandidatesData (idno) VALUES (6802);
insert into Landeslistenplatz (llid, idno, position) VALUES (223, 6802, 7);
insert into Citizen (idno, title, firstname, lastname, dateofbirth, gender) VALUES (6803, '', 'Sari-Christoph', 'Saleh', '1.1.1981.', 'n');
insert into CandidatesData (idno) VALUES (6803);
insert into Candidacy (wkid, idno, supportedby) VALUES (164, 6803, 33);
insert into Citizen (idno, title, firstname, lastname, dateofbirth, gender) VALUES (6804, '', 'Marc', 'Salgert', '1.1.1975.', 'n');
insert into CandidatesData (idno) VALUES (6804);
insert into Candidacy (wkid, idno, supportedby) VALUES (174, 6804, 7);
insert into Landeslistenplatz (llid, idno, position) VALUES (248, 6804, 25);
insert into Citizen (idno, title, firstname, lastname, dateofbirth, gender) VALUES (6805, '', 'Johanna', 'Salviti-Richter', '1.1.1949.', 'n');
insert into CandidatesData (idno) VALUES (6805);
insert into Landeslistenplatz (llid, idno, position) VALUES (370, 6805, 1);
insert into Citizen (idno, title, firstname, lastname, dateofbirth, gender) VALUES (6806, '', 'Franz', 'Salzberger', '1.1.1952.', 'n');
insert into CandidatesData (idno) VALUES (6806);
insert into Candidacy (wkid, idno, supportedby) VALUES (460, 6806, 1);
insert into Citizen (idno, title, firstname, lastname, dateofbirth, gender) VALUES (6807, '', 'Sandra', 'Salzer', '1.1.1979.', 'n');
insert into CandidatesData (idno) VALUES (6807);
insert into Landeslistenplatz (llid, idno, position) VALUES (290, 6807, 33);
insert into Citizen (idno, title, firstname, lastname, dateofbirth, gender) VALUES (6808, '', 'Peter Michael', 'Salzmann', '1.1.1979.', 'n');
insert into CandidatesData (idno) VALUES (6808);
insert into Candidacy (wkid, idno, supportedby) VALUES (398, 6808, 4);
insert into Landeslistenplatz (llid, idno, position) VALUES (294, 6808, 17);
insert into Citizen (idno, title, firstname, lastname, dateofbirth, gender) VALUES (6809, '', 'Erich', 'Sand', '1.1.1968.', 'n');
insert into CandidatesData (idno) VALUES (6809);
insert into Landeslistenplatz (llid, idno, position) VALUES (342, 6809, 18);
insert into Citizen (idno, title, firstname, lastname, dateofbirth, gender) VALUES (6810, '', 'Bernhard', 'Sander', '1.1.1955.', 'n');
insert into CandidatesData (idno) VALUES (6810);
insert into Candidacy (wkid, idno, supportedby) VALUES (204, 6810, 3);
insert into Citizen (idno, title, firstname, lastname, dateofbirth, gender) VALUES (6811, '', 'Friedrich', 'Sander', '1.1.1961.', 'n');
insert into CandidatesData (idno) VALUES (6811);
insert into Landeslistenplatz (llid, idno, position) VALUES (213, 6811, 35);
insert into Citizen (idno, title, firstname, lastname, dateofbirth, gender) VALUES (6812, '', 'Isabelle Marie', 'Sandow', '1.1.1985.', 'n');
insert into CandidatesData (idno) VALUES (6812);
insert into Landeslistenplatz (llid, idno, position) VALUES (248, 6812, 13);
insert into Citizen (idno, title, firstname, lastname, dateofbirth, gender) VALUES (6813, '', 'Michael', 'Sandweg', '1.1.1957.', 'n');
insert into CandidatesData (idno) VALUES (6813);
insert into Candidacy (wkid, idno, supportedby) VALUES (436, 6813, 36);
insert into Citizen (idno, title, firstname, lastname, dateofbirth, gender) VALUES (6814, '', 'Nilgün', 'Sanli', '1.1.1980.', 'n');
insert into CandidatesData (idno) VALUES (6814);
insert into Landeslistenplatz (llid, idno, position) VALUES (242, 6814, 40);
insert into Citizen (idno, title, firstname, lastname, dateofbirth, gender) VALUES (6815, '', 'Lütfi', 'Sari', '1.1.1968.', 'n');
insert into CandidatesData (idno) VALUES (6815);
insert into Landeslistenplatz (llid, idno, position) VALUES (363, 6815, 6);
insert into Citizen (idno, title, firstname, lastname, dateofbirth, gender) VALUES (6816, '', 'Manuel', 'Sarrazin', '1.1.1982.', 'n');
insert into CandidatesData (idno) VALUES (6816);
insert into Candidacy (wkid, idno, supportedby) VALUES (46, 6816, 5);
insert into Landeslistenplatz (llid, idno, position) VALUES (321, 6816, 2);
insert into Citizen (idno, title, firstname, lastname, dateofbirth, gender) VALUES (6817, '', 'Diana', 'Sartor', '1.1.1970.', 'n');
insert into CandidatesData (idno) VALUES (6817);
insert into Candidacy (wkid, idno, supportedby) VALUES (316, 6817, 32);
insert into Landeslistenplatz (llid, idno, position) VALUES (391, 6817, 2);
insert into Citizen (idno, title, firstname, lastname, dateofbirth, gender) VALUES (6818, '', 'Thomas Alexander', 'Sarzio', '1.1.1973.', 'n');
insert into CandidatesData (idno) VALUES (6818);
insert into Landeslistenplatz (llid, idno, position) VALUES (281, 6818, 7);
insert into Citizen (idno, title, firstname, lastname, dateofbirth, gender) VALUES (6819, '', 'Helmut', 'Saß', '1.1.1958.', 'n');
insert into CandidatesData (idno) VALUES (6819);
insert into Candidacy (wkid, idno, supportedby) VALUES (44, 6819, 1);
insert into Landeslistenplatz (llid, idno, position) VALUES (212, 6819, 4);
insert into Citizen (idno, title, firstname, lastname, dateofbirth, gender) VALUES (6820, '', 'Marie-Luise', 'Saße', '1.1.1949.', 'n');
insert into CandidatesData (idno) VALUES (6820);
insert into Candidacy (wkid, idno, supportedby) VALUES (110, 6820, 41);
insert into Landeslistenplatz (llid, idno, position) VALUES (383, 6820, 2);
insert into Citizen (idno, title, firstname, lastname, dateofbirth, gender) VALUES (6821, '', 'Christian', 'Satta', '1.1.1994.', 'n');
insert into CandidatesData (idno) VALUES (6821);
insert into Candidacy (wkid, idno, supportedby) VALUES (566, 6821, 4);
insert into Landeslistenplatz (llid, idno, position) VALUES (224, 6821, 21);
insert into Citizen (idno, title, firstname, lastname, dateofbirth, gender) VALUES (6822, '', 'Alwin', 'Sauer', '1.1.1941.', 'n');
insert into CandidatesData (idno) VALUES (6822);
insert into Landeslistenplatz (llid, idno, position) VALUES (343, 6822, 5);
insert into Citizen (idno, title, firstname, lastname, dateofbirth, gender) VALUES (6823, '', 'Michael Willy', 'Sauer', '1.1.1964.', 'n');
insert into CandidatesData (idno) VALUES (6823);
insert into Landeslistenplatz (llid, idno, position) VALUES (220, 6823, 61);
insert into Citizen (idno, title, firstname, lastname, dateofbirth, gender) VALUES (6824, '', 'Ralf', 'Sauer', '1.1.1962.', 'n');
insert into CandidatesData (idno) VALUES (6824);
insert into Candidacy (wkid, idno, supportedby) VALUES (588, 6824, 4);
insert into Landeslistenplatz (llid, idno, position) VALUES (224, 6824, 31);
insert into Citizen (idno, title, firstname, lastname, dateofbirth, gender) VALUES (6825, '', 'Matthias', 'Sauter', '1.1.1958.', 'n');
insert into CandidatesData (idno) VALUES (6825);
insert into Landeslistenplatz (llid, idno, position) VALUES (379, 6825, 5);
insert into Citizen (idno, title, firstname, lastname, dateofbirth, gender) VALUES (6826, '', 'Saral', 'Savtekin', '1.1.1961.', 'n');
insert into CandidatesData (idno) VALUES (6826);
insert into Landeslistenplatz (llid, idno, position) VALUES (205, 6826, 5);
insert into Citizen (idno, title, firstname, lastname, dateofbirth, gender) VALUES (6827, '', 'Lampros', 'Savvidis', '1.1.1949.', 'n');
insert into CandidatesData (idno) VALUES (6827);
insert into Candidacy (wkid, idno, supportedby) VALUES (158, 6827, 3);
insert into Landeslistenplatz (llid, idno, position) VALUES (372, 6827, 10);
insert into Citizen (idno, title, firstname, lastname, dateofbirth, gender) VALUES (6828, '', 'Annette', 'Sawade', '1.1.1953.', 'n');
insert into CandidatesData (idno) VALUES (6828);
insert into Candidacy (wkid, idno, supportedby) VALUES (536, 6828, 2);
insert into Landeslistenplatz (llid, idno, position) VALUES (249, 6828, 14);
insert into Citizen (idno, title, firstname, lastname, dateofbirth, gender) VALUES (6829, '', 'Ralph Richard', 'Saxe', '1.1.1959.', 'n');
insert into CandidatesData (idno) VALUES (6829);
insert into Landeslistenplatz (llid, idno, position) VALUES (293, 6829, 3);
insert into Citizen (idno, title, firstname, lastname, dateofbirth, gender) VALUES (6830, '', 'Susanne', 'Schaab', '1.1.1965.', 'n');
insert into CandidatesData (idno) VALUES (6830);
insert into Landeslistenplatz (llid, idno, position) VALUES (227, 6830, 20);
insert into Citizen (idno, title, firstname, lastname, dateofbirth, gender) VALUES (6831, '', 'Joachim Günther', 'Schaaf', '1.1.1959.', 'n');
insert into CandidatesData (idno) VALUES (6831);
insert into Landeslistenplatz (llid, idno, position) VALUES (332, 6831, 9);
insert into Citizen (idno, title, firstname, lastname, dateofbirth, gender) VALUES (6832, 'Dr. ', 'Hans-Joachim', 'Schabedoth', '1.1.1952.', 'n');
insert into CandidatesData (idno) VALUES (6832);
insert into Candidacy (wkid, idno, supportedby) VALUES (352, 6832, 2);
insert into Landeslistenplatz (llid, idno, position) VALUES (227, 6832, 13);
insert into Citizen (idno, title, firstname, lastname, dateofbirth, gender) VALUES (6833, 'Dr. ', 'Johannes Karl', 'Schade', '1.1.1966.', 'n');
insert into CandidatesData (idno) VALUES (6833);
insert into Landeslistenplatz (llid, idno, position) VALUES (342, 6833, 16);
insert into Citizen (idno, title, firstname, lastname, dateofbirth, gender) VALUES (6834, 'Dr. ', 'Rolando', 'Schadowski', '1.1.1959.', 'n');
insert into CandidatesData (idno) VALUES (6834);
insert into Landeslistenplatz (llid, idno, position) VALUES (278, 6834, 6);
insert into Citizen (idno, title, firstname, lastname, dateofbirth, gender) VALUES (6835, '', 'Reinhold', 'Schäben', '1.1.1960.', 'n');
insert into CandidatesData (idno) VALUES (6835);
insert into Candidacy (wkid, idno, supportedby) VALUES (216, 6835, 1);
insert into Citizen (idno, title, firstname, lastname, dateofbirth, gender) VALUES (6836, '', 'Andre', 'Schäfer', '1.1.1981.', 'n');
insert into CandidatesData (idno) VALUES (6836);
insert into Candidacy (wkid, idno, supportedby) VALUES (64, 6836, 22);
insert into Citizen (idno, title, firstname, lastname, dateofbirth, gender) VALUES (6837, '', 'Anita', 'Schäfer', '1.1.1951.', 'n');
insert into CandidatesData (idno) VALUES (6837);
insert into Candidacy (wkid, idno, supportedby) VALUES (422, 6837, 12);
insert into Landeslistenplatz (llid, idno, position) VALUES (312, 6837, 6);
insert into Citizen (idno, title, firstname, lastname, dateofbirth, gender) VALUES (6838, '', 'Axel', 'Schäfer', '1.1.1952.', 'n');
insert into CandidatesData (idno) VALUES (6838);
insert into Candidacy (wkid, idno, supportedby) VALUES (280, 6838, 2);
insert into Landeslistenplatz (llid, idno, position) VALUES (246, 6838, 53);
insert into Citizen (idno, title, firstname, lastname, dateofbirth, gender) VALUES (6839, '', 'Christian', 'Schäfer', '1.1.1963.', 'n');
insert into CandidatesData (idno) VALUES (6839);
insert into Candidacy (wkid, idno, supportedby) VALUES (108, 6839, 33);
insert into Landeslistenplatz (llid, idno, position) VALUES (431, 6839, 1);
insert into Citizen (idno, title, firstname, lastname, dateofbirth, gender) VALUES (6840, '', 'Frank Hubertus', 'Schäfer', '1.1.1964.', 'n');
insert into CandidatesData (idno) VALUES (6840);
insert into Candidacy (wkid, idno, supportedby) VALUES (362, 6840, 7);
insert into Citizen (idno, title, firstname, lastname, dateofbirth, gender) VALUES (6841, '', 'Jens', 'Schäfer', '1.1.1978.', 'n');
insert into CandidatesData (idno) VALUES (6841);
insert into Candidacy (wkid, idno, supportedby) VALUES (376, 6841, 1);
insert into Citizen (idno, title, firstname, lastname, dateofbirth, gender) VALUES (6842, '', 'Marcel', 'Schäfer', '1.1.1987.', 'n');
insert into CandidatesData (idno) VALUES (6842);
insert into Landeslistenplatz (llid, idno, position) VALUES (312, 6842, 36);
insert into Citizen (idno, title, firstname, lastname, dateofbirth, gender) VALUES (6843, '', 'Marita', 'Schäfer', '1.1.1952.', 'n');
insert into CandidatesData (idno) VALUES (6843);
insert into Landeslistenplatz (llid, idno, position) VALUES (211, 6843, 10);
insert into Citizen (idno, title, firstname, lastname, dateofbirth, gender) VALUES (6844, '', 'Michael', 'Schäfer', '1.1.1972.', 'n');
insert into CandidatesData (idno) VALUES (6844);
insert into Landeslistenplatz (llid, idno, position) VALUES (427, 6844, 8);
insert into Citizen (idno, title, firstname, lastname, dateofbirth, gender) VALUES (6845, '', 'Paul', 'Schäfer', '1.1.1949.', 'n');
insert into CandidatesData (idno) VALUES (6845);
insert into Candidacy (wkid, idno, supportedby) VALUES (192, 6845, 3);
insert into Citizen (idno, title, firstname, lastname, dateofbirth, gender) VALUES (6846, '', 'Steffen', 'Schäfer', '1.1.1971.', 'n');
insert into CandidatesData (idno) VALUES (6846);
insert into Candidacy (wkid, idno, supportedby) VALUES (428, 6846, 33);
insert into Landeslistenplatz (llid, idno, position) VALUES (342, 6846, 2);
insert into Citizen (idno, title, firstname, lastname, dateofbirth, gender) VALUES (6847, '', 'Thomas', 'Schäfer', '1.1.1967.', 'n');
insert into CandidatesData (idno) VALUES (6847);
insert into Landeslistenplatz (llid, idno, position) VALUES (290, 6847, 35);
insert into Citizen (idno, title, firstname, lastname, dateofbirth, gender) VALUES (6848, '', 'Volker', 'Schäfer', '1.1.1964.', 'n');
insert into CandidatesData (idno) VALUES (6848);
insert into Landeslistenplatz (llid, idno, position) VALUES (239, 6848, 1);
insert into Citizen (idno, title, firstname, lastname, dateofbirth, gender) VALUES (6849, '', 'Silvana', 'Schäffer', '1.1.1976.', 'n');
insert into CandidatesData (idno) VALUES (6849);
insert into Landeslistenplatz (llid, idno, position) VALUES (388, 6849, 15);
insert into Citizen (idno, title, firstname, lastname, dateofbirth, gender) VALUES (6850, '', 'Frank', 'Schäffler', '1.1.1968.', 'n');
insert into CandidatesData (idno) VALUES (6850);
insert into Candidacy (wkid, idno, supportedby) VALUES (266, 6850, 4);
insert into Landeslistenplatz (llid, idno, position) VALUES (272, 6850, 5);
insert into Citizen (idno, title, firstname, lastname, dateofbirth, gender) VALUES (6851, '', 'Nicolas', 'Schäfstoß', '1.1.1982.', 'n');
insert into CandidatesData (idno) VALUES (6851);
insert into Candidacy (wkid, idno, supportedby) VALUES (518, 6851, 2);
insert into Landeslistenplatz (llid, idno, position) VALUES (249, 6851, 32);
insert into Citizen (idno, title, firstname, lastname, dateofbirth, gender) VALUES (6852, '', 'Reinhard', 'Schätz', '1.1.1959.', 'n');
insert into CandidatesData (idno) VALUES (6852);
insert into Candidacy (wkid, idno, supportedby) VALUES (554, 6852, 1);
insert into Citizen (idno, title, firstname, lastname, dateofbirth, gender) VALUES (6853, 'Dr. ', 'Wolfgang', 'Schäuble', '1.1.1942.', 'n');
insert into CandidatesData (idno) VALUES (6853);
insert into Candidacy (wkid, idno, supportedby) VALUES (568, 6853, 12);
insert into Landeslistenplatz (llid, idno, position) VALUES (279, 6853, 1);
insert into Citizen (idno, title, firstname, lastname, dateofbirth, gender) VALUES (6854, '', 'Jürgen', 'Schäuble', '1.1.1963.', 'n');
insert into CandidatesData (idno) VALUES (6854);
insert into Landeslistenplatz (llid, idno, position) VALUES (280, 6854, 4);
insert into Citizen (idno, title, firstname, lastname, dateofbirth, gender) VALUES (6855, '', 'Reinhard', 'Schaffert', '1.1.1964.', 'n');
insert into CandidatesData (idno) VALUES (6855);
insert into Candidacy (wkid, idno, supportedby) VALUES (350, 6855, 7);
insert into Citizen (idno, title, firstname, lastname, dateofbirth, gender) VALUES (6856, '', 'Hans-Dieter', 'Schaffrath', '1.1.1947.', 'n');
insert into CandidatesData (idno) VALUES (6856);
insert into Landeslistenplatz (llid, idno, position) VALUES (317, 6856, 6);
insert into Citizen (idno, title, firstname, lastname, dateofbirth, gender) VALUES (6857, '', 'Andrea', 'Schagalkowitsch', '1.1.1988.', 'n');
insert into CandidatesData (idno) VALUES (6857);
insert into Candidacy (wkid, idno, supportedby) VALUES (434, 6857, 31);
insert into Citizen (idno, title, firstname, lastname, dateofbirth, gender) VALUES (6858, '', 'Silvia Maria', 'Schalamow', '1.1.1957.', 'n');
insert into CandidatesData (idno) VALUES (6858);
insert into Landeslistenplatz (llid, idno, position) VALUES (342, 6858, 21);
insert into Citizen (idno, title, firstname, lastname, dateofbirth, gender) VALUES (6859, '', 'Hans-Peter', 'Schaller', '1.1.1959.', 'n');
insert into CandidatesData (idno) VALUES (6859);
insert into Candidacy (wkid, idno, supportedby) VALUES (470, 6859, 33);
insert into Landeslistenplatz (llid, idno, position) VALUES (342, 6859, 15);
insert into Citizen (idno, title, firstname, lastname, dateofbirth, gender) VALUES (6860, '', 'Gertrud', 'Schanne-Raab', '1.1.1945.', 'n');
insert into CandidatesData (idno) VALUES (6860);
insert into Landeslistenplatz (llid, idno, position) VALUES (229, 6860, 4);
insert into Citizen (idno, title, firstname, lastname, dateofbirth, gender) VALUES (6861, '', 'Peter', 'Schanz', '1.1.1962.', 'n');
insert into CandidatesData (idno) VALUES (6861);
insert into Candidacy (wkid, idno, supportedby) VALUES (576, 6861, 5);
insert into Landeslistenplatz (llid, idno, position) VALUES (234, 6861, 32);
insert into Citizen (idno, title, firstname, lastname, dateofbirth, gender) VALUES (6862, 'Dr. ', 'Marcus', 'Schaper', '1.1.1973.', 'n');
insert into CandidatesData (idno) VALUES (6862);
insert into Candidacy (wkid, idno, supportedby) VALUES (92, 6862, 5);
insert into Landeslistenplatz (llid, idno, position) VALUES (316, 6862, 20);
insert into Citizen (idno, title, firstname, lastname, dateofbirth, gender) VALUES (6863, '', 'Detlef Herbert Max', 'Scharf', '1.1.1962.', 'n');
insert into CandidatesData (idno) VALUES (6863);
insert into Landeslistenplatz (llid, idno, position) VALUES (213, 6863, 47);
insert into Citizen (idno, title, firstname, lastname, dateofbirth, gender) VALUES (6864, '', 'Elisabeth', 'Scharfenberg', '1.1.1963.', 'n');
insert into CandidatesData (idno) VALUES (6864);
insert into Candidacy (wkid, idno, supportedby) VALUES (478, 6864, 5);
insert into Landeslistenplatz (llid, idno, position) VALUES (238, 6864, 5);
insert into Citizen (idno, title, firstname, lastname, dateofbirth, gender) VALUES (6865, '', 'Dirk', 'Scharnbeck', '1.1.1963.', 'n');
insert into CandidatesData (idno) VALUES (6865);
insert into Landeslistenplatz (llid, idno, position) VALUES (253, 6865, 42);
insert into Citizen (idno, title, firstname, lastname, dateofbirth, gender) VALUES (6866, '', 'Stefan', 'Scharrinhausen', '1.1.1969.', 'n');
insert into CandidatesData (idno) VALUES (6866);
insert into Candidacy (wkid, idno, supportedby) VALUES (70, 6866, 7);
insert into Citizen (idno, title, firstname, lastname, dateofbirth, gender) VALUES (6867, '', 'Martin', 'Schauerte', '1.1.1962.', 'n');
insert into CandidatesData (idno) VALUES (6867);
insert into Landeslistenplatz (llid, idno, position) VALUES (257, 6867, 12);
insert into Citizen (idno, title, firstname, lastname, dateofbirth, gender) VALUES (6868, '', 'Heike', 'Schaumann', '1.1.1975.', 'n');
insert into CandidatesData (idno) VALUES (6868);
insert into Candidacy (wkid, idno, supportedby) VALUES (288, 6868, 4);
insert into Landeslistenplatz (llid, idno, position) VALUES (272, 6868, 26);
insert into Citizen (idno, title, firstname, lastname, dateofbirth, gender) VALUES (6869, '', 'Ursula', 'Schauws', '1.1.1966.', 'n');
insert into CandidatesData (idno) VALUES (6869);
insert into Candidacy (wkid, idno, supportedby) VALUES (228, 6869, 5);
insert into Landeslistenplatz (llid, idno, position) VALUES (256, 6869, 13);
insert into Citizen (idno, title, firstname, lastname, dateofbirth, gender) VALUES (6870, 'Dr. ', 'Annette', 'Schavan', '1.1.1955.', 'n');
insert into CandidatesData (idno) VALUES (6870);
insert into Candidacy (wkid, idno, supportedby) VALUES (582, 6870, 12);
insert into Landeslistenplatz (llid, idno, position) VALUES (279, 6870, 2);
insert into Citizen (idno, title, firstname, lastname, dateofbirth, gender) VALUES (6871, '', 'Hans Peter', 'Schecklmann', '1.1.1945.', 'n');
insert into CandidatesData (idno) VALUES (6871);
insert into Landeslistenplatz (llid, idno, position) VALUES (213, 6871, 15);
insert into Citizen (idno, title, firstname, lastname, dateofbirth, gender) VALUES (6872, '', 'Karl', 'Schedlbauer', '1.1.1951.', 'n');
insert into CandidatesData (idno) VALUES (6872);
insert into Candidacy (wkid, idno, supportedby) VALUES (454, 6872, 15);
insert into Citizen (idno, title, firstname, lastname, dateofbirth, gender) VALUES (6873, '', 'Christian Peter', 'Scheeff', '1.1.1975.', 'n');
insert into CandidatesData (idno) VALUES (6873);
insert into Landeslistenplatz (llid, idno, position) VALUES (252, 6873, 2);
insert into Citizen (idno, title, firstname, lastname, dateofbirth, gender) VALUES (6874, '', 'Roland', 'Scheel', '1.1.1950.', 'n');
insert into CandidatesData (idno) VALUES (6874);
insert into Landeslistenplatz (llid, idno, position) VALUES (332, 6874, 2);
insert into Citizen (idno, title, firstname, lastname, dateofbirth, gender) VALUES (6875, '', 'Sebastian', 'Scheel', '1.1.1975.', 'n');
insert into CandidatesData (idno) VALUES (6875);
insert into Candidacy (wkid, idno, supportedby) VALUES (310, 6875, 3);
insert into Citizen (idno, title, firstname, lastname, dateofbirth, gender) VALUES (6876, 'Dr. ', 'Nina', 'Scheer', '1.1.1971.', 'n');
insert into CandidatesData (idno) VALUES (6876);
insert into Candidacy (wkid, idno, supportedby) VALUES (20, 6876, 2);
insert into Landeslistenplatz (llid, idno, position) VALUES (277, 6876, 6);
insert into Citizen (idno, title, firstname, lastname, dateofbirth, gender) VALUES (6877, '', 'Barbara', 'Scheffer', '1.1.1950.', 'n');
insert into CandidatesData (idno) VALUES (6877);
insert into Landeslistenplatz (llid, idno, position) VALUES (355, 6877, 11);
insert into Citizen (idno, title, firstname, lastname, dateofbirth, gender) VALUES (6878, '', 'Maik', 'Scheffler', '1.1.1974.', 'n');
insert into CandidatesData (idno) VALUES (6878);
insert into Candidacy (wkid, idno, supportedby) VALUES (308, 6878, 1);
insert into Citizen (idno, title, firstname, lastname, dateofbirth, gender) VALUES (6879, '', 'Marco', 'Scheffler', '1.1.1967.', 'n');
insert into CandidatesData (idno) VALUES (6879);
insert into Candidacy (wkid, idno, supportedby) VALUES (40, 6879, NULL);
insert into Citizen (idno, title, firstname, lastname, dateofbirth, gender) VALUES (6880, '', 'Heiko', 'Scheib', '1.1.1966.', 'n');
insert into CandidatesData (idno) VALUES (6880);
insert into Landeslistenplatz (llid, idno, position) VALUES (244, 6880, 16);
insert into Citizen (idno, title, firstname, lastname, dateofbirth, gender) VALUES (6881, '', 'Alexander', 'Scheibe', '1.1.1982.', 'n');
insert into CandidatesData (idno) VALUES (6881);
insert into Landeslistenplatz (llid, idno, position) VALUES (219, 6881, 6);
insert into Citizen (idno, title, firstname, lastname, dateofbirth, gender) VALUES (6882, '', 'Peter', 'Scheibenbogen', '1.1.1936.', 'n');
insert into CandidatesData (idno) VALUES (6882);
insert into Landeslistenplatz (llid, idno, position) VALUES (213, 6882, 30);
insert into Citizen (idno, title, firstname, lastname, dateofbirth, gender) VALUES (6883, '', 'Jörg', 'Scheibler', '1.1.1971.', 'n');
insert into CandidatesData (idno) VALUES (6883);
insert into Candidacy (wkid, idno, supportedby) VALUES (556, 6883, 1);
insert into Citizen (idno, title, firstname, lastname, dateofbirth, gender) VALUES (6884, '', 'Daniel Matthias', 'Scheidel', '1.1.1959.', 'n');
insert into CandidatesData (idno) VALUES (6884);
insert into Candidacy (wkid, idno, supportedby) VALUES (390, 6884, 4);
insert into Citizen (idno, title, firstname, lastname, dateofbirth, gender) VALUES (6885, 'Dr. ', 'Thomas', 'Schell', '1.1.1964.', 'n');
insert into CandidatesData (idno) VALUES (6885);
insert into Candidacy (wkid, idno, supportedby) VALUES (416, 6885, 4);
insert into Landeslistenplatz (llid, idno, position) VALUES (294, 6885, 13);
insert into Citizen (idno, title, firstname, lastname, dateofbirth, gender) VALUES (6886, '', 'Gerhard Karl', 'Schelle', '1.1.1943.', 'n');
insert into CandidatesData (idno) VALUES (6886);
insert into Candidacy (wkid, idno, supportedby) VALUES (490, 6886, 1);
insert into Citizen (idno, title, firstname, lastname, dateofbirth, gender) VALUES (6887, '', 'Julia', 'Scheller', '1.1.1982.', 'n');
insert into CandidatesData (idno) VALUES (6887);
insert into Landeslistenplatz (llid, idno, position) VALUES (270, 6887, 3);
insert into Citizen (idno, title, firstname, lastname, dateofbirth, gender) VALUES (6888, '', 'Lars Erik', 'Schellhas', '1.1.1995.', 'n');
insert into CandidatesData (idno) VALUES (6888);
insert into Candidacy (wkid, idno, supportedby) VALUES (216, 6888, 5);
insert into Citizen (idno, title, firstname, lastname, dateofbirth, gender) VALUES (6889, '', 'Michael Manfred', 'Schellong', '1.1.1962.', 'n');
insert into CandidatesData (idno) VALUES (6889);
insert into Landeslistenplatz (llid, idno, position) VALUES (431, 6889, 4);
insert into Citizen (idno, title, firstname, lastname, dateofbirth, gender) VALUES (6890, '', 'Gerhard Friedrich Philipp', 'Schenk', '1.1.1954.', 'n');
insert into CandidatesData (idno) VALUES (6890);
insert into Landeslistenplatz (llid, idno, position) VALUES (209, 6890, 13);
insert into Citizen (idno, title, firstname, lastname, dateofbirth, gender) VALUES (6891, '', 'Karsten', 'Schenk', '1.1.1976.', 'n');
insert into CandidatesData (idno) VALUES (6891);
insert into Landeslistenplatz (llid, idno, position) VALUES (262, 6891, 40);
insert into Citizen (idno, title, firstname, lastname, dateofbirth, gender) VALUES (6892, 'Dr. ', 'Frank', 'Schepke', '1.1.1935.', 'n');
insert into CandidatesData (idno) VALUES (6892);
insert into Candidacy (wkid, idno, supportedby) VALUES (12, 6892, NULL);
insert into Citizen (idno, title, firstname, lastname, dateofbirth, gender) VALUES (6893, '', 'Sabine Maria', 'Scherbaum', '1.1.1960.', 'n');
insert into CandidatesData (idno) VALUES (6893);
insert into Landeslistenplatz (llid, idno, position) VALUES (323, 6893, 2);
insert into Citizen (idno, title, firstname, lastname, dateofbirth, gender) VALUES (6894, '', 'Christian', 'Scherer', '1.1.1956.', 'n');
insert into CandidatesData (idno) VALUES (6894);
insert into Landeslistenplatz (llid, idno, position) VALUES (217, 6894, 38);
insert into Citizen (idno, title, firstname, lastname, dateofbirth, gender) VALUES (6895, '', 'Herbert', 'Scherer', '1.1.1946.', 'n');
insert into CandidatesData (idno) VALUES (6895);
insert into Landeslistenplatz (llid, idno, position) VALUES (358, 6895, 9);
insert into Citizen (idno, title, firstname, lastname, dateofbirth, gender) VALUES (6896, '', 'Sandra', 'Scherf-Michel', '1.1.1976.', 'n');
insert into CandidatesData (idno) VALUES (6896);
insert into Landeslistenplatz (llid, idno, position) VALUES (344, 6896, 5);
insert into Citizen (idno, title, firstname, lastname, dateofbirth, gender) VALUES (6897, '', 'Frank', 'Scherie', '1.1.1968.', 'n');
insert into CandidatesData (idno) VALUES (6897);
insert into Landeslistenplatz (llid, idno, position) VALUES (253, 6897, 23);
insert into Citizen (idno, title, firstname, lastname, dateofbirth, gender) VALUES (6898, 'Dr. ', 'Johanna Marianne', 'Scheringer-Wright', '1.1.1963.', 'n');
insert into CandidatesData (idno) VALUES (6898);
insert into Candidacy (wkid, idno, supportedby) VALUES (338, 6898, 3);
insert into Landeslistenplatz (llid, idno, position) VALUES (216, 6898, 9);
insert into Citizen (idno, title, firstname, lastname, dateofbirth, gender) VALUES (6899, '', 'Lutz', 'Schernau', '1.1.1958.', 'n');
insert into CandidatesData (idno) VALUES (6899);
insert into Candidacy (wkid, idno, supportedby) VALUES (518, 6899, 1);
insert into Citizen (idno, title, firstname, lastname, dateofbirth, gender) VALUES (6900, '', 'René', 'Schernikau', '1.1.1972.', 'n');
insert into CandidatesData (idno) VALUES (6900);
insert into Candidacy (wkid, idno, supportedby) VALUES (132, 6900, 7);
insert into Citizen (idno, title, firstname, lastname, dateofbirth, gender) VALUES (6901, 'Dr. ', 'Hildegard', 'Scheu', '1.1.1956.', 'n');
insert into CandidatesData (idno) VALUES (6901);
insert into Candidacy (wkid, idno, supportedby) VALUES (348, 6901, 5);
insert into Landeslistenplatz (llid, idno, position) VALUES (318, 6901, 17);
insert into Citizen (idno, title, firstname, lastname, dateofbirth, gender) VALUES (6902, '', 'Heidemarie', 'Scheuch-Paschkewitz', '1.1.1959.', 'n');
insert into CandidatesData (idno) VALUES (6902);
insert into Candidacy (wkid, idno, supportedby) VALUES (340, 6902, 3);
insert into Landeslistenplatz (llid, idno, position) VALUES (216, 6902, 5);
insert into Citizen (idno, title, firstname, lastname, dateofbirth, gender) VALUES (6903, 'Dr. ', 'Andreas Franz', 'Scheuer', '1.1.1974.', 'n');
insert into CandidatesData (idno) VALUES (6903);
insert into Candidacy (wkid, idno, supportedby) VALUES (458, 6903, 9);
insert into Landeslistenplatz (llid, idno, position) VALUES (220, 6903, 13);
insert into Citizen (idno, title, firstname, lastname, dateofbirth, gender) VALUES (6904, '', 'Günter Werner', 'Scheunemann', '1.1.1954.', 'n');
insert into CandidatesData (idno) VALUES (6904);
insert into Candidacy (wkid, idno, supportedby) VALUES (70, 6904, 32);
insert into Landeslistenplatz (llid, idno, position) VALUES (282, 6904, 7);
insert into Citizen (idno, title, firstname, lastname, dateofbirth, gender) VALUES (6905, 'Dr. ', 'Gerhard', 'Schick', '1.1.1972.', 'n');
insert into CandidatesData (idno) VALUES (6905);
insert into Candidacy (wkid, idno, supportedby) VALUES (550, 6905, 5);
insert into Landeslistenplatz (llid, idno, position) VALUES (234, 6905, 4);
insert into Citizen (idno, title, firstname, lastname, dateofbirth, gender) VALUES (6906, '', 'Jens-Wolfhard', 'Schicke-Uffmann', '1.1.1987.', 'n');
insert into CandidatesData (idno) VALUES (6906);
insert into Candidacy (wkid, idno, supportedby) VALUES (100, 6906, 7);
insert into Landeslistenplatz (llid, idno, position) VALUES (268, 6906, 1);
insert into Citizen (idno, title, firstname, lastname, dateofbirth, gender) VALUES (6907, '', 'Marianne', 'Schieder', '1.1.1962.', 'n');
insert into CandidatesData (idno) VALUES (6907);
insert into Candidacy (wkid, idno, supportedby) VALUES (468, 6907, 2);
insert into Landeslistenplatz (llid, idno, position) VALUES (260, 6907, 6);
insert into Citizen (idno, title, firstname, lastname, dateofbirth, gender) VALUES (6908, '', 'Udo', 'Schiefner', '1.1.1959.', 'n');
insert into CandidatesData (idno) VALUES (6908);
insert into Candidacy (wkid, idno, supportedby) VALUES (222, 6908, 2);
insert into Landeslistenplatz (llid, idno, position) VALUES (246, 6908, 7);
insert into Citizen (idno, title, firstname, lastname, dateofbirth, gender) VALUES (6909, '', 'Markus', 'Schiek', '1.1.1967.', 'n');
insert into CandidatesData (idno) VALUES (6909);
insert into Candidacy (wkid, idno, supportedby) VALUES (270, 6909, 4);
insert into Landeslistenplatz (llid, idno, position) VALUES (272, 6909, 15);
insert into Citizen (idno, title, firstname, lastname, dateofbirth, gender) VALUES (6910, 'Dr. ', 'Tilmann', 'Schiel', '1.1.1943.', 'n');
insert into CandidatesData (idno) VALUES (6910);
insert into Candidacy (wkid, idno, supportedby) VALUES (474, 6910, 3);
insert into Citizen (idno, title, firstname, lastname, dateofbirth, gender) VALUES (6911, 'Dr. ', 'Stefan', 'Schieren', '1.1.1964.', 'n');
insert into CandidatesData (idno) VALUES (6911);
insert into Candidacy (wkid, idno, supportedby) VALUES (434, 6911, 2);
insert into Landeslistenplatz (llid, idno, position) VALUES (260, 6911, 44);
insert into Citizen (idno, title, firstname, lastname, dateofbirth, gender) VALUES (6912, '', 'Jan', 'Schierkolk', '1.1.1984.', 'n');
insert into CandidatesData (idno) VALUES (6912);
insert into Landeslistenplatz (llid, idno, position) VALUES (318, 6912, 22);
insert into Citizen (idno, title, firstname, lastname, dateofbirth, gender) VALUES (6913, '', 'Ulrike Vera', 'Schievelbein', '1.1.1958.', 'n');
insert into CandidatesData (idno) VALUES (6913);
insert into Landeslistenplatz (llid, idno, position) VALUES (204, 6913, 13);
insert into Citizen (idno, title, firstname, lastname, dateofbirth, gender) VALUES (6914, '', 'Karl Richard Maria', 'Schiewerling', '1.1.1951.', 'n');
insert into CandidatesData (idno) VALUES (6914);
insert into Candidacy (wkid, idno, supportedby) VALUES (254, 6914, 12);
insert into Citizen (idno, title, firstname, lastname, dateofbirth, gender) VALUES (6915, '', 'Patrick', 'Schiffer', '1.1.1973.', 'n');
insert into CandidatesData (idno) VALUES (6915);
insert into Candidacy (wkid, idno, supportedby) VALUES (214, 6915, 7);
insert into Landeslistenplatz (llid, idno, position) VALUES (248, 6915, 12);
insert into Citizen (idno, title, firstname, lastname, dateofbirth, gender) VALUES (6916, '', 'Alex', 'Schigadlo', '1.1.1988.', 'n');
insert into CandidatesData (idno) VALUES (6916);
insert into Landeslistenplatz (llid, idno, position) VALUES (297, 6916, 48);
insert into Citizen (idno, title, firstname, lastname, dateofbirth, gender) VALUES (6917, '', 'Wilhelm', 'Schild', '1.1.1960.', 'n');
insert into CandidatesData (idno) VALUES (6917);
insert into Candidacy (wkid, idno, supportedby) VALUES (412, 6917, 36);
insert into Landeslistenplatz (llid, idno, position) VALUES (229, 6917, 3);
insert into Citizen (idno, title, firstname, lastname, dateofbirth, gender) VALUES (6918, '', 'Barbara Maria', 'Schilke', '1.1.1953.', 'n');
insert into CandidatesData (idno) VALUES (6918);
insert into Candidacy (wkid, idno, supportedby) VALUES (34, 6918, 13);
insert into Landeslistenplatz (llid, idno, position) VALUES (299, 6918, 1);
insert into Citizen (idno, title, firstname, lastname, dateofbirth, gender) VALUES (6919, '', 'Chris', 'Schiller', '1.1.1988.', 'n');
insert into CandidatesData (idno) VALUES (6919);
insert into Candidacy (wkid, idno, supportedby) VALUES (162, 6919, 31);
insert into Citizen (idno, title, firstname, lastname, dateofbirth, gender) VALUES (6920, '', 'Marcel', 'Schiller', '1.1.1991.', 'n');
insert into CandidatesData (idno) VALUES (6920);
insert into Candidacy (wkid, idno, supportedby) VALUES (66, 6920, 4);
insert into Landeslistenplatz (llid, idno, position) VALUES (301, 6920, 17);
insert into Citizen (idno, title, firstname, lastname, dateofbirth, gender) VALUES (6921, '', 'Brigitte Ida Wilhelmine', 'Schiltz', '1.1.1939.', 'n');
insert into CandidatesData (idno) VALUES (6921);
insert into Candidacy (wkid, idno, supportedby) VALUES (276, 6921, 41);
insert into Landeslistenplatz (llid, idno, position) VALUES (381, 6921, 4);
insert into Citizen (idno, title, firstname, lastname, dateofbirth, gender) VALUES (6922, '', 'Jana', 'Schimke', '1.1.1979.', 'n');
insert into CandidatesData (idno) VALUES (6922);
insert into Candidacy (wkid, idno, supportedby) VALUES (124, 6922, 12);
insert into Landeslistenplatz (llid, idno, position) VALUES (394, 6922, 8);
insert into Citizen (idno, title, firstname, lastname, dateofbirth, gender) VALUES (6923, '', 'Peter', 'Schimke', '1.1.1954.', 'n');
insert into CandidatesData (idno) VALUES (6923);
insert into Candidacy (wkid, idno, supportedby) VALUES (530, 6923, 3);
insert into Landeslistenplatz (llid, idno, position) VALUES (324, 6923, 16);
insert into Citizen (idno, title, firstname, lastname, dateofbirth, gender) VALUES (6924, '', 'Wolfgang', 'Schimmel', '1.1.1962.', 'n');
insert into CandidatesData (idno) VALUES (6924);
insert into Candidacy (wkid, idno, supportedby) VALUES (2, 6924, 1);
insert into Citizen (idno, title, firstname, lastname, dateofbirth, gender) VALUES (6925, '', 'Arne Wolfgang', 'Schimmer', '1.1.1973.', 'n');
insert into CandidatesData (idno) VALUES (6925);
insert into Candidacy (wkid, idno, supportedby) VALUES (332, 6925, 1);
insert into Citizen (idno, title, firstname, lastname, dateofbirth, gender) VALUES (6926, '', 'Gabriela', 'Schimmer-Göresz', '1.1.1952.', 'n');
insert into CandidatesData (idno) VALUES (6926);
insert into Candidacy (wkid, idno, supportedby) VALUES (510, 6926, 36);
insert into Landeslistenplatz (llid, idno, position) VALUES (295, 6926, 2);
insert into Citizen (idno, title, firstname, lastname, dateofbirth, gender) VALUES (6927, '', 'Dietmar', 'Schindele', '1.1.1971.', 'n');
insert into CandidatesData (idno) VALUES (6927);
insert into Landeslistenplatz (llid, idno, position) VALUES (213, 6927, 44);
insert into Citizen (idno, title, firstname, lastname, dateofbirth, gender) VALUES (6928, '', 'Gertraud', 'Schindler', '1.1.1948.', 'n');
insert into CandidatesData (idno) VALUES (6928);
insert into Landeslistenplatz (llid, idno, position) VALUES (204, 6928, 14);
insert into Citizen (idno, title, firstname, lastname, dateofbirth, gender) VALUES (6929, '', 'Jörg', 'Schindler', '1.1.1972.', 'n');
insert into CandidatesData (idno) VALUES (6929);
insert into Candidacy (wkid, idno, supportedby) VALUES (140, 6929, 3);
insert into Landeslistenplatz (llid, idno, position) VALUES (373, 6929, 6);
insert into Citizen (idno, title, firstname, lastname, dateofbirth, gender) VALUES (6930, '', 'Norbert Ludwig', 'Schindler', '1.1.1949.', 'n');
insert into CandidatesData (idno) VALUES (6930);
insert into Candidacy (wkid, idno, supportedby) VALUES (418, 6930, 12);
insert into Landeslistenplatz (llid, idno, position) VALUES (312, 6930, 4);
insert into Citizen (idno, title, firstname, lastname, dateofbirth, gender) VALUES (6931, '', 'Mike', 'Schinkel', '1.1.1975.', 'n');
insert into CandidatesData (idno) VALUES (6931);
insert into Candidacy (wkid, idno, supportedby) VALUES (576, 6931, 36);
insert into Landeslistenplatz (llid, idno, position) VALUES (292, 6931, 7);
insert into Citizen (idno, title, firstname, lastname, dateofbirth, gender) VALUES (6932, '', 'Tankred', 'Schipanski', '1.1.1976.', 'n');
insert into CandidatesData (idno) VALUES (6932);
insert into Candidacy (wkid, idno, supportedby) VALUES (384, 6932, 12);
insert into Landeslistenplatz (llid, idno, position) VALUES (388, 6932, 5);
insert into Citizen (idno, title, firstname, lastname, dateofbirth, gender) VALUES (6933, '', 'Martin', 'Schippan', '1.1.1987.', 'n');
insert into CandidatesData (idno) VALUES (6933);
insert into Candidacy (wkid, idno, supportedby) VALUES (158, 6933, 31);
insert into Citizen (idno, title, firstname, lastname, dateofbirth, gender) VALUES (6934, '', 'Frank Thorsten', 'Schira', '1.1.1964.', 'n');
insert into CandidatesData (idno) VALUES (6934);
insert into Candidacy (wkid, idno, supportedby) VALUES (44, 6934, 12);
insert into Citizen (idno, title, firstname, lastname, dateofbirth, gender) VALUES (6935, '', 'Fred', 'Schirrmacher', '1.1.1962.', 'n');
insert into CandidatesData (idno) VALUES (6935);
insert into Landeslistenplatz (llid, idno, position) VALUES (402, 6935, 3);
insert into Citizen (idno, title, firstname, lastname, dateofbirth, gender) VALUES (6936, '', 'Eugen', 'Schlachter', '1.1.1957.', 'n');
insert into CandidatesData (idno) VALUES (6936);
insert into Candidacy (wkid, idno, supportedby) VALUES (584, 6936, 5);
insert into Landeslistenplatz (llid, idno, position) VALUES (234, 6936, 16);
insert into Citizen (idno, title, firstname, lastname, dateofbirth, gender) VALUES (6937, '', 'Britta', 'Schlage', '1.1.1956.', 'n');
insert into CandidatesData (idno) VALUES (6937);
insert into Landeslistenplatz (llid, idno, position) VALUES (237, 6937, 9);
insert into Citizen (idno, title, firstname, lastname, dateofbirth, gender) VALUES (6938, '', 'Viktor', 'Schlak', '1.1.1978.', 'n');
insert into CandidatesData (idno) VALUES (6938);
insert into Candidacy (wkid, idno, supportedby) VALUES (224, 6938, 1);
insert into Citizen (idno, title, firstname, lastname, dateofbirth, gender) VALUES (6939, '', 'Elmar Norman', 'Schlang', '1.1.1981.', 'n');
insert into CandidatesData (idno) VALUES (6939);
insert into Landeslistenplatz (llid, idno, position) VALUES (230, 6939, 14);
insert into Citizen (idno, title, firstname, lastname, dateofbirth, gender) VALUES (6940, '', 'Elke', 'Schlatmann-Wellnhofer', '1.1.1965.', 'n');
insert into CandidatesData (idno) VALUES (6940);
insert into Landeslistenplatz (llid, idno, position) VALUES (260, 6940, 49);
insert into Citizen (idno, title, firstname, lastname, dateofbirth, gender) VALUES (6941, '', 'Michael', 'Schlecht', '1.1.1951.', 'n');
insert into CandidatesData (idno) VALUES (6941);
insert into Candidacy (wkid, idno, supportedby) VALUES (550, 6941, 3);
insert into Landeslistenplatz (llid, idno, position) VALUES (324, 6941, 1);
insert into Citizen (idno, title, firstname, lastname, dateofbirth, gender) VALUES (6942, '', 'Astrid', 'Schlegel', '1.1.1954.', 'n');
insert into CandidatesData (idno) VALUES (6942);
insert into Landeslistenplatz (llid, idno, position) VALUES (242, 6942, 30);
insert into Citizen (idno, title, firstname, lastname, dateofbirth, gender) VALUES (6943, 'Dr. ', 'Dorothee', 'Schlegel', '1.1.1959.', 'n');
insert into CandidatesData (idno) VALUES (6943);
insert into Candidacy (wkid, idno, supportedby) VALUES (552, 6943, 2);
insert into Landeslistenplatz (llid, idno, position) VALUES (249, 6943, 20);
insert into Citizen (idno, title, firstname, lastname, dateofbirth, gender) VALUES (6944, '', 'Peter', 'Schlegel', '1.1.1960.', 'n');
insert into CandidatesData (idno) VALUES (6944);
insert into Candidacy (wkid, idno, supportedby) VALUES (482, 6944, 3);
insert into Citizen (idno, title, firstname, lastname, dateofbirth, gender) VALUES (6945, '', 'Marion', 'Schleicher-Frank', '1.1.1964.', 'n');
insert into CandidatesData (idno) VALUES (6945);
insert into Candidacy (wkid, idno, supportedby) VALUES (418, 6945, 32);
insert into Landeslistenplatz (llid, idno, position) VALUES (202, 6945, 3);
insert into Citizen (idno, title, firstname, lastname, dateofbirth, gender) VALUES (6946, 'Dr. ', 'Manfred', 'Schlender', '1.1.1943.', 'n');
insert into CandidatesData (idno) VALUES (6946);
insert into Landeslistenplatz (llid, idno, position) VALUES (333, 6946, 5);
insert into Citizen (idno, title, firstname, lastname, dateofbirth, gender) VALUES (6947, '', 'Thomas', 'Schlenker', '1.1.1963.', 'n');
insert into CandidatesData (idno) VALUES (6947);
insert into Candidacy (wkid, idno, supportedby) VALUES (134, 6947, 5);
insert into Citizen (idno, title, firstname, lastname, dateofbirth, gender) VALUES (6948, '', 'Sven', 'Schlesiger', '1.1.1986.', 'n');
insert into CandidatesData (idno) VALUES (6948);
insert into Landeslistenplatz (llid, idno, position) VALUES (269, 6948, 21);
insert into Citizen (idno, title, firstname, lastname, dateofbirth, gender) VALUES (6949, '', 'Paul Friedrich Georg Martin', 'Schlesinger', '1.1.1947.', 'n');
insert into CandidatesData (idno) VALUES (6949);
insert into Candidacy (wkid, idno, supportedby) VALUES (244, 6949, 13);
insert into Citizen (idno, title, firstname, lastname, dateofbirth, gender) VALUES (6950, 'Dr. ', 'Rolf', 'Schlierer', '1.1.1955.', 'n');
insert into CandidatesData (idno) VALUES (6950);
insert into Landeslistenplatz (llid, idno, position) VALUES (358, 6950, 2);
insert into Citizen (idno, title, firstname, lastname, dateofbirth, gender) VALUES (6951, '', 'Hanns-Dieter', 'Schlierf', '1.1.1954.', 'n');
insert into CandidatesData (idno) VALUES (6951);
insert into Candidacy (wkid, idno, supportedby) VALUES (452, 6951, 36);
insert into Landeslistenplatz (llid, idno, position) VALUES (295, 6951, 23);
insert into Citizen (idno, title, firstname, lastname, dateofbirth, gender) VALUES (6952, '', 'Wilhelm Heinz Bernd', 'Schlitter-Baukloh', '1.1.1942.', 'n');
insert into CandidatesData (idno) VALUES (6952);
insert into Landeslistenplatz (llid, idno, position) VALUES (207, 6952, 19);
insert into Citizen (idno, title, firstname, lastname, dateofbirth, gender) VALUES (6953, '', 'André', 'Schlösser', '1.1.1975.', 'n');
insert into CandidatesData (idno) VALUES (6953);
insert into Landeslistenplatz (llid, idno, position) VALUES (297, 6953, 30);
insert into Citizen (idno, title, firstname, lastname, dateofbirth, gender) VALUES (6954, '', 'Olaf', 'Schlösser', '1.1.1971.', 'n');
insert into CandidatesData (idno) VALUES (6954);
insert into Landeslistenplatz (llid, idno, position) VALUES (297, 6954, 10);
insert into Citizen (idno, title, firstname, lastname, dateofbirth, gender) VALUES (6955, '', 'Manfred', 'Schlöter', '1.1.1940.', 'n');
insert into CandidatesData (idno) VALUES (6955);
insert into Candidacy (wkid, idno, supportedby) VALUES (220, 6955, 31);
insert into Landeslistenplatz (llid, idno, position) VALUES (297, 6955, 36);
insert into Citizen (idno, title, firstname, lastname, dateofbirth, gender) VALUES (6956, '', 'Marlies', 'Schlöter', '1.1.1950.', 'n');
insert into CandidatesData (idno) VALUES (6956);
insert into Landeslistenplatz (llid, idno, position) VALUES (297, 6956, 35);
insert into Citizen (idno, title, firstname, lastname, dateofbirth, gender) VALUES (6957, '', 'Wibke', 'Schlöter', '1.1.1984.', 'n');
insert into CandidatesData (idno) VALUES (6957);
insert into Landeslistenplatz (llid, idno, position) VALUES (297, 6957, 52);
insert into Citizen (idno, title, firstname, lastname, dateofbirth, gender) VALUES (6958, '', 'Ursula Grete', 'Schloon', '1.1.1943.', 'n');
insert into CandidatesData (idno) VALUES (6958);
insert into Landeslistenplatz (llid, idno, position) VALUES (386, 6958, 3);
insert into Citizen (idno, title, firstname, lastname, dateofbirth, gender) VALUES (6959, '', 'Siegfried', 'Schlosser', '1.1.1956.', 'n');
insert into CandidatesData (idno) VALUES (6959);
insert into Candidacy (wkid, idno, supportedby) VALUES (160, 6959, 7);
insert into Citizen (idno, title, firstname, lastname, dateofbirth, gender) VALUES (6960, '', 'Klaus-Dieter', 'Schlottmann', '1.1.1949.', 'n');
insert into CandidatesData (idno) VALUES (6960);
insert into Candidacy (wkid, idno, supportedby) VALUES (90, 6960, 17);
insert into Landeslistenplatz (llid, idno, position) VALUES (302, 6960, 3);
insert into Citizen (idno, title, firstname, lastname, dateofbirth, gender) VALUES (6961, '', 'Bärbel', 'Schlude', '1.1.1976.', 'n');
insert into CandidatesData (idno) VALUES (6961);
insert into Landeslistenplatz (llid, idno, position) VALUES (213, 6961, 24);
insert into Citizen (idno, title, firstname, lastname, dateofbirth, gender) VALUES (6962, '', 'Martin', 'Schlüchting', '1.1.1967.', 'n');
insert into CandidatesData (idno) VALUES (6962);
insert into Landeslistenplatz (llid, idno, position) VALUES (317, 6962, 12);
insert into Citizen (idno, title, firstname, lastname, dateofbirth, gender) VALUES (6963, '', 'Andrew Niko', 'Schlüter', '1.1.1967.', 'n');
insert into CandidatesData (idno) VALUES (6963);
insert into Candidacy (wkid, idno, supportedby) VALUES (164, 6963, 13);
insert into Landeslistenplatz (llid, idno, position) VALUES (402, 6963, 1);
insert into Citizen (idno, title, firstname, lastname, dateofbirth, gender) VALUES (6964, '', 'Brigitte', 'Schlüter', '1.1.1944.', 'n');
insert into CandidatesData (idno) VALUES (6964);
insert into Landeslistenplatz (llid, idno, position) VALUES (290, 6964, 26);
insert into Citizen (idno, title, firstname, lastname, dateofbirth, gender) VALUES (6965, '', 'Sanja', 'Schlüter', '1.1.1977.', 'n');
insert into CandidatesData (idno) VALUES (6965);
insert into Landeslistenplatz (llid, idno, position) VALUES (402, 6965, 6);
insert into Citizen (idno, title, firstname, lastname, dateofbirth, gender) VALUES (6966, '', 'Lilian', 'Schlumberger-Dogu', '1.1.1950.', 'n');
insert into CandidatesData (idno) VALUES (6966);
insert into Landeslistenplatz (llid, idno, position) VALUES (350, 6966, 19);
insert into Citizen (idno, title, firstname, lastname, dateofbirth, gender) VALUES (6967, '', 'Andreas', 'Schmalcz', '1.1.1965.', 'n');
insert into CandidatesData (idno) VALUES (6967);
insert into Landeslistenplatz (llid, idno, position) VALUES (220, 6967, 70);
insert into Citizen (idno, title, firstname, lastname, dateofbirth, gender) VALUES (6968, '', 'Reinhold', 'Schmalzbauer', '1.1.1975.', 'n');
insert into CandidatesData (idno) VALUES (6968);
insert into Candidacy (wkid, idno, supportedby) VALUES (468, 6968, 5);
insert into Landeslistenplatz (llid, idno, position) VALUES (238, 6968, 52);
insert into Citizen (idno, title, firstname, lastname, dateofbirth, gender) VALUES (6969, '', 'Thomas Maria', 'Schmatz', '1.1.1949.', 'n');
insert into CandidatesData (idno) VALUES (6969);
insert into Landeslistenplatz (llid, idno, position) VALUES (220, 6969, 58);
insert into Citizen (idno, title, firstname, lastname, dateofbirth, gender) VALUES (6970, '', 'Heiko', 'Schmelzle', '1.1.1970.', 'n');
insert into CandidatesData (idno) VALUES (6970);
insert into Candidacy (wkid, idno, supportedby) VALUES (48, 6970, 12);
insert into Landeslistenplatz (llid, idno, position) VALUES (217, 6970, 26);
insert into Citizen (idno, title, firstname, lastname, dateofbirth, gender) VALUES (6971, '', 'Susanne', 'Schmezer', '1.1.1967.', 'n');
insert into CandidatesData (idno) VALUES (6971);
insert into Landeslistenplatz (llid, idno, position) VALUES (279, 6971, 43);
insert into Citizen (idno, title, firstname, lastname, dateofbirth, gender) VALUES (6972, '', 'Christoph Matthias', 'Schmid', '1.1.1980.', 'n');
insert into CandidatesData (idno) VALUES (6972);
insert into Candidacy (wkid, idno, supportedby) VALUES (450, 6972, 7);
insert into Landeslistenplatz (llid, idno, position) VALUES (245, 6972, 18);
insert into Citizen (idno, title, firstname, lastname, dateofbirth, gender) VALUES (6973, '', 'Anna', 'Schmidhuber', '1.1.1988.', 'n');
insert into CandidatesData (idno) VALUES (6973);
insert into Landeslistenplatz (llid, idno, position) VALUES (238, 6973, 51);
insert into Citizen (idno, title, firstname, lastname, dateofbirth, gender) VALUES (6974, '', 'Christel', 'Schmidt', '1.1.1936.', 'n');
insert into CandidatesData (idno) VALUES (6974);
insert into Landeslistenplatz (llid, idno, position) VALUES (298, 6974, 8);
insert into Citizen (idno, title, firstname, lastname, dateofbirth, gender) VALUES (6975, '', 'Christian', 'Schmidt', '1.1.1957.', 'n');
insert into CandidatesData (idno) VALUES (6975);
insert into Candidacy (wkid, idno, supportedby) VALUES (486, 6975, 9);
insert into Landeslistenplatz (llid, idno, position) VALUES (220, 6975, 9);
insert into Citizen (idno, title, firstname, lastname, dateofbirth, gender) VALUES (6976, '', 'Dagmar', 'Schmidt', '1.1.1973.', 'n');
insert into CandidatesData (idno) VALUES (6976);
insert into Candidacy (wkid, idno, supportedby) VALUES (344, 6976, 2);
insert into Landeslistenplatz (llid, idno, position) VALUES (227, 6976, 6);
insert into Citizen (idno, title, firstname, lastname, dateofbirth, gender) VALUES (6977, '', 'Detlef Werner', 'Schmidt', '1.1.1953.', 'n');
insert into CandidatesData (idno) VALUES (6977);
insert into Candidacy (wkid, idno, supportedby) VALUES (168, 6977, 32);
insert into Citizen (idno, title, firstname, lastname, dateofbirth, gender) VALUES (6978, 'Dr. ', 'Andreas', 'Schmidt', '1.1.1970.', 'n');
insert into CandidatesData (idno) VALUES (6978);
insert into Candidacy (wkid, idno, supportedby) VALUES (148, 6978, 2);
insert into Landeslistenplatz (llid, idno, position) VALUES (337, 6978, 5);
insert into Citizen (idno, title, firstname, lastname, dateofbirth, gender) VALUES (6979, 'Dr. ', 'Frithjof', 'Schmidt', '1.1.1953.', 'n');
insert into CandidatesData (idno) VALUES (6979);
insert into Candidacy (wkid, idno, supportedby) VALUES (280, 6979, 5);
insert into Landeslistenplatz (llid, idno, position) VALUES (256, 6979, 4);
insert into Citizen (idno, title, firstname, lastname, dateofbirth, gender) VALUES (6980, '', 'Edda', 'Schmidt', '1.1.1948.', 'n');
insert into CandidatesData (idno) VALUES (6980);
insert into Candidacy (wkid, idno, supportedby) VALUES (580, 6980, 1);
insert into Landeslistenplatz (llid, idno, position) VALUES (424, 6980, 2);
insert into Citizen (idno, title, firstname, lastname, dateofbirth, gender) VALUES (6981, '', 'Felix', 'Schmidt', '1.1.1990.', 'n');
insert into CandidatesData (idno) VALUES (6981);
insert into Candidacy (wkid, idno, supportedby) VALUES (422, 6981, 5);
insert into Landeslistenplatz (llid, idno, position) VALUES (389, 6981, 10);
insert into Citizen (idno, title, firstname, lastname, dateofbirth, gender) VALUES (6982, '', 'Gabriele', 'Schmidt', '1.1.1956.', 'n');
insert into CandidatesData (idno) VALUES (6982);
insert into Landeslistenplatz (llid, idno, position) VALUES (279, 6982, 13);
insert into Citizen (idno, title, firstname, lastname, dateofbirth, gender) VALUES (6983, '', 'Hans', 'Schmidt', '1.1.1939.', 'n');
insert into CandidatesData (idno) VALUES (6983);
insert into Candidacy (wkid, idno, supportedby) VALUES (590, 6983, 1);
insert into Citizen (idno, title, firstname, lastname, dateofbirth, gender) VALUES (6984, '', 'Heike', 'Schmidt', '1.1.1964.', 'n');
insert into CandidatesData (idno) VALUES (6984);
insert into Landeslistenplatz (llid, idno, position) VALUES (308, 6984, 14);
insert into Citizen (idno, title, firstname, lastname, dateofbirth, gender) VALUES (6985, '', 'Heiko Gerhard', 'Schmidt', '1.1.1988.', 'n');
insert into CandidatesData (idno) VALUES (6985);
insert into Candidacy (wkid, idno, supportedby) VALUES (498, 6985, 5);
insert into Landeslistenplatz (llid, idno, position) VALUES (238, 6985, 46);
insert into Citizen (idno, title, firstname, lastname, dateofbirth, gender) VALUES (6986, '', 'Ingeborg', 'Schmidt', '1.1.1946.', 'n');
insert into CandidatesData (idno) VALUES (6986);
insert into Landeslistenplatz (llid, idno, position) VALUES (380, 6986, 3);
insert into Citizen (idno, title, firstname, lastname, dateofbirth, gender) VALUES (6987, '', 'Marion Beate Frederike', 'Schmidt', '1.1.1954.', 'n');
insert into CandidatesData (idno) VALUES (6987);
insert into Landeslistenplatz (llid, idno, position) VALUES (247, 6987, 10);
insert into Citizen (idno, title, firstname, lastname, dateofbirth, gender) VALUES (6988, '', 'Matthias', 'Schmidt', '1.1.1963.', 'n');
insert into CandidatesData (idno) VALUES (6988);
insert into Candidacy (wkid, idno, supportedby) VALUES (168, 6988, 2);
insert into Landeslistenplatz (llid, idno, position) VALUES (355, 6988, 8);
insert into Citizen (idno, title, firstname, lastname, dateofbirth, gender) VALUES (6989, '', 'Matthias', 'Schmidt', '1.1.1976.', 'n');
insert into CandidatesData (idno) VALUES (6989);
insert into Candidacy (wkid, idno, supportedby) VALUES (170, 6989, 32);
insert into Citizen (idno, title, firstname, lastname, dateofbirth, gender) VALUES (6990, '', 'Mirko', 'Schmidt', '1.1.1966.', 'n');
insert into CandidatesData (idno) VALUES (6990);
insert into Candidacy (wkid, idno, supportedby) VALUES (310, 6990, 37);
insert into Landeslistenplatz (llid, idno, position) VALUES (429, 6990, 1);
insert into Citizen (idno, title, firstname, lastname, dateofbirth, gender) VALUES (6991, '', 'Peer', 'Schmidt', '1.1.1956.', 'n');
insert into CandidatesData (idno) VALUES (6991);
insert into Landeslistenplatz (llid, idno, position) VALUES (288, 6991, 4);
insert into Citizen (idno, title, firstname, lastname, dateofbirth, gender) VALUES (6992, '', 'Rainer', 'Schmidt', '1.1.1962.', 'n');
insert into CandidatesData (idno) VALUES (6992);
insert into Landeslistenplatz (llid, idno, position) VALUES (204, 6992, 30);
insert into Citizen (idno, title, firstname, lastname, dateofbirth, gender) VALUES (6993, '', 'Renate (Gisela)', 'Schmidt', '1.1.1959.', 'n');
insert into CandidatesData (idno) VALUES (6993);
insert into Candidacy (wkid, idno, supportedby) VALUES (590, 6993, 13);
insert into Citizen (idno, title, firstname, lastname, dateofbirth, gender) VALUES (6994, '', 'Rudolf Lothar', 'Schmidt', '1.1.1951.', 'n');
insert into CandidatesData (idno) VALUES (6994);
insert into Candidacy (wkid, idno, supportedby) VALUES (322, 6994, 3);
insert into Landeslistenplatz (llid, idno, position) VALUES (417, 6994, 12);
insert into Citizen (idno, title, firstname, lastname, dateofbirth, gender) VALUES (6995, '', 'Sebastian', 'Schmidt', '1.1.1987.', 'n');
insert into CandidatesData (idno) VALUES (6995);
insert into Candidacy (wkid, idno, supportedby) VALUES (152, 6995, 32);
insert into Citizen (idno, title, firstname, lastname, dateofbirth, gender) VALUES (6996, '', 'Stefan Rupert', 'Schmidt', '1.1.1981.', 'n');
insert into CandidatesData (idno) VALUES (6996);
insert into Candidacy (wkid, idno, supportedby) VALUES (464, 6996, 5);
insert into Landeslistenplatz (llid, idno, position) VALUES (238, 6996, 10);
insert into Citizen (idno, title, firstname, lastname, dateofbirth, gender) VALUES (6997, '', 'Steffen', 'Schmidt', '1.1.1965.', 'n');
insert into CandidatesData (idno) VALUES (6997);
insert into Landeslistenplatz (llid, idno, position) VALUES (391, 6997, 5);
insert into Citizen (idno, title, firstname, lastname, dateofbirth, gender) VALUES (6998, '', 'Sven', 'Schmidt', '1.1.1973.', 'n');
insert into CandidatesData (idno) VALUES (6998);
insert into Candidacy (wkid, idno, supportedby) VALUES (18, 6998, 33);
insert into Citizen (idno, title, firstname, lastname, dateofbirth, gender) VALUES (6999, '', 'Ulla', 'Schmidt', '1.1.1949.', 'n');
insert into CandidatesData (idno) VALUES (6999);
insert into Candidacy (wkid, idno, supportedby) VALUES (174, 6999, 2);
insert into Landeslistenplatz (llid, idno, position) VALUES (246, 6999, 10);
insert into Citizen (idno, title, firstname, lastname, dateofbirth, gender) VALUES (7000, '', 'Wiebke', 'Schmidt', '1.1.1985.', 'n');
insert into CandidatesData (idno) VALUES (7000);
insert into Landeslistenplatz (llid, idno, position) VALUES (290, 7000, 28);
insert into Citizen (idno, title, firstname, lastname, dateofbirth, gender) VALUES (7001, '', 'Lars', 'Schmidt-Berg', '1.1.1978.', 'n');
insert into CandidatesData (idno) VALUES (7001);
insert into Landeslistenplatz (llid, idno, position) VALUES (217, 7001, 33);
insert into Citizen (idno, title, firstname, lastname, dateofbirth, gender) VALUES (7002, '', 'Sebastian', 'Schmidtke', '1.1.1985.', 'n');
insert into CandidatesData (idno) VALUES (7002);
insert into Candidacy (wkid, idno, supportedby) VALUES (166, 7002, 1);
insert into Landeslistenplatz (llid, idno, position) VALUES (423, 7002, 2);
insert into Citizen (idno, title, firstname, lastname, dateofbirth, gender) VALUES (7003, '', 'Renate Johanna', 'Schmidtsdorff-Aicher', '1.1.1942.', 'n');
insert into CandidatesData (idno) VALUES (7003);
insert into Landeslistenplatz (llid, idno, position) VALUES (323, 7003, 4);
insert into Citizen (idno, title, firstname, lastname, dateofbirth, gender) VALUES (7004, '', 'Klaus', 'Schmitsdorf', '1.1.1949.', 'n');
insert into CandidatesData (idno) VALUES (7004);
insert into Candidacy (wkid, idno, supportedby) VALUES (470, 7004, 3);
insert into Citizen (idno, title, firstname, lastname, dateofbirth, gender) VALUES (7005, '', 'Markus', 'Schmitt', '1.1.1966.', 'n');
insert into CandidatesData (idno) VALUES (7005);
insert into Candidacy (wkid, idno, supportedby) VALUES (598, 7005, 5);
insert into Landeslistenplatz (llid, idno, position) VALUES (366, 7005, 4);
insert into Citizen (idno, title, firstname, lastname, dateofbirth, gender) VALUES (7006, '', 'Oliver Maria', 'Schmitt', '1.1.1966.', 'n');
insert into CandidatesData (idno) VALUES (7006);
insert into Landeslistenplatz (llid, idno, position) VALUES (252, 7006, 1);
insert into Citizen (idno, title, firstname, lastname, dateofbirth, gender) VALUES (7007, '', 'Peter', 'Schmitt', '1.1.1966.', 'n');
insert into CandidatesData (idno) VALUES (7007);
insert into Landeslistenplatz (llid, idno, position) VALUES (229, 7007, 14);
insert into Citizen (idno, title, firstname, lastname, dateofbirth, gender) VALUES (7008, '', 'Roman', 'Schmitt', '1.1.1984.', 'n');
insert into CandidatesData (idno) VALUES (7008);
insert into Candidacy (wkid, idno, supportedby) VALUES (416, 7008, 7);
insert into Landeslistenplatz (llid, idno, position) VALUES (349, 7008, 9);
insert into Citizen (idno, title, firstname, lastname, dateofbirth, gender) VALUES (7009, '', 'Ronja', 'Schmitt', '1.1.1989.', 'n');
insert into CandidatesData (idno) VALUES (7009);
insert into Landeslistenplatz (llid, idno, position) VALUES (279, 7009, 19);
insert into Citizen (idno, title, firstname, lastname, dateofbirth, gender) VALUES (7010, '', 'Thomas', 'Schmitt', '1.1.1973.', 'n');
insert into CandidatesData (idno) VALUES (7010);
insert into Landeslistenplatz (llid, idno, position) VALUES (226, 7010, 15);
insert into Citizen (idno, title, firstname, lastname, dateofbirth, gender) VALUES (7011, 'Dr. ', 'Christian Zlatko', 'Schmitz', '1.1.1975.', 'n');
insert into CandidatesData (idno) VALUES (7011);
insert into Landeslistenplatz (llid, idno, position) VALUES (244, 7011, 35);
insert into Citizen (idno, title, firstname, lastname, dateofbirth, gender) VALUES (7012, '', 'Hans Werner Karl', 'Schmitz', '1.1.1951.', 'n');
insert into CandidatesData (idno) VALUES (7012);
insert into Candidacy (wkid, idno, supportedby) VALUES (206, 7012, 33);
insert into Citizen (idno, title, firstname, lastname, dateofbirth, gender) VALUES (7013, '', 'Thomas', 'Schmitz', '1.1.1961.', 'n');
insert into CandidatesData (idno) VALUES (7013);
insert into Landeslistenplatz (llid, idno, position) VALUES (364, 7013, 4);
insert into Citizen (idno, title, firstname, lastname, dateofbirth, gender) VALUES (7014, 'Dr. ', 'Jutta', 'Schmitz-Rixen', '1.1.1944.', 'n');
insert into CandidatesData (idno) VALUES (7014);
insert into Landeslistenplatz (llid, idno, position) VALUES (279, 7014, 45);
insert into Citizen (idno, title, firstname, lastname, dateofbirth, gender) VALUES (7015, '', 'Marion', 'Schmitz-Stadtfeld', '1.1.1962.', 'n');
insert into CandidatesData (idno) VALUES (7015);
insert into Landeslistenplatz (llid, idno, position) VALUES (227, 7015, 44);
insert into Citizen (idno, title, firstname, lastname, dateofbirth, gender) VALUES (7016, '', 'Mike', 'Schmolt', '1.1.1980.', 'n');
insert into CandidatesData (idno) VALUES (7016);
insert into Landeslistenplatz (llid, idno, position) VALUES (201, 7016, 26);
insert into Citizen (idno, title, firstname, lastname, dateofbirth, gender) VALUES (7017, '', 'Ulrich', 'Schmück', '1.1.1961.', 'n');
insert into CandidatesData (idno) VALUES (7017);
insert into Candidacy (wkid, idno, supportedby) VALUES (4, 7017, 4);
insert into Landeslistenplatz (llid, idno, position) VALUES (251, 7017, 8);
insert into Citizen (idno, title, firstname, lastname, dateofbirth, gender) VALUES (7018, '', 'Philipp', 'Schnabel', '1.1.1986.', 'n');
insert into CandidatesData (idno) VALUES (7018);
insert into Landeslistenplatz (llid, idno, position) VALUES (258, 7018, 11);
insert into Citizen (idno, title, firstname, lastname, dateofbirth, gender) VALUES (7019, '', 'Carsten', 'Schneider', '1.1.1976.', 'n');
insert into CandidatesData (idno) VALUES (7019);
insert into Candidacy (wkid, idno, supportedby) VALUES (386, 7019, 2);
insert into Landeslistenplatz (llid, idno, position) VALUES (330, 7019, 1);
insert into Citizen (idno, title, firstname, lastname, dateofbirth, gender) VALUES (7020, 'Dr. ', 'Heinz-Joachim Hubert', 'Schneider', '1.1.1939.', 'n');
insert into CandidatesData (idno) VALUES (7020);
insert into Landeslistenplatz (llid, idno, position) VALUES (396, 7020, 3);
insert into Citizen (idno, title, firstname, lastname, dateofbirth, gender) VALUES (7021, '', 'Helmut', 'Schneider', '1.1.1958.', 'n');
insert into CandidatesData (idno) VALUES (7021);
insert into Candidacy (wkid, idno, supportedby) VALUES (568, 7021, 33);
insert into Landeslistenplatz (llid, idno, position) VALUES (314, 7021, 3);
insert into Citizen (idno, title, firstname, lastname, dateofbirth, gender) VALUES (7022, '', 'Johannes', 'Schneider', '1.1.1957.', 'n');
insert into CandidatesData (idno) VALUES (7022);
insert into Landeslistenplatz (llid, idno, position) VALUES (229, 7022, 2);
insert into Citizen (idno, title, firstname, lastname, dateofbirth, gender) VALUES (7023, '', 'Kevin', 'Schneider', '1.1.1991.', 'n');
insert into CandidatesData (idno) VALUES (7023);
insert into Candidacy (wkid, idno, supportedby) VALUES (252, 7023, 4);
insert into Landeslistenplatz (llid, idno, position) VALUES (272, 7023, 44);
insert into Citizen (idno, title, firstname, lastname, dateofbirth, gender) VALUES (7024, '', 'Klaus', 'Schneider', '1.1.1948.', 'n');
insert into CandidatesData (idno) VALUES (7024);
insert into Landeslistenplatz (llid, idno, position) VALUES (265, 7024, 19);
insert into Citizen (idno, title, firstname, lastname, dateofbirth, gender) VALUES (7025, '', 'Maik', 'Schneider', '1.1.1987.', 'n');
insert into CandidatesData (idno) VALUES (7025);
insert into Candidacy (wkid, idno, supportedby) VALUES (120, 7025, 1);
insert into Citizen (idno, title, firstname, lastname, dateofbirth, gender) VALUES (7026, '', 'Maria Magdalena', 'Schneider', '1.1.1940.', 'n');
insert into CandidatesData (idno) VALUES (7026);
insert into Landeslistenplatz (llid, idno, position) VALUES (226, 7026, 12);
insert into Citizen (idno, title, firstname, lastname, dateofbirth, gender) VALUES (7027, '', 'Mario Dieter', 'Schneider', '1.1.1971.', 'n');
insert into CandidatesData (idno) VALUES (7027);
insert into Landeslistenplatz (llid, idno, position) VALUES (425, 7027, 4);
insert into Citizen (idno, title, firstname, lastname, dateofbirth, gender) VALUES (7028, '', 'Matthias', 'Schneider', '1.1.1960.', 'n');
insert into CandidatesData (idno) VALUES (7028);
insert into Candidacy (wkid, idno, supportedby) VALUES (232, 7028, 5);
insert into Landeslistenplatz (llid, idno, position) VALUES (256, 7028, 24);
insert into Citizen (idno, title, firstname, lastname, dateofbirth, gender) VALUES (7029, '', 'Norbert', 'Schneider', '1.1.1964.', 'n');
insert into CandidatesData (idno) VALUES (7029);
insert into Landeslistenplatz (llid, idno, position) VALUES (261, 7029, 6);
insert into Citizen (idno, title, firstname, lastname, dateofbirth, gender) VALUES (7030, '', 'Ronny', 'Schneider', '1.1.1982.', 'n');
insert into CandidatesData (idno) VALUES (7030);
insert into Landeslistenplatz (llid, idno, position) VALUES (341, 7030, 10);
insert into Citizen (idno, title, firstname, lastname, dateofbirth, gender) VALUES (7031, '', 'Tilo Helmut', 'Schneider', '1.1.1965.', 'n');
insert into CandidatesData (idno) VALUES (7031);
insert into Candidacy (wkid, idno, supportedby) VALUES (316, 7031, 7);
insert into Landeslistenplatz (llid, idno, position) VALUES (258, 7031, 12);
insert into Citizen (idno, title, firstname, lastname, dateofbirth, gender) VALUES (7032, '', 'Ulrich', 'Schneider', '1.1.1972.', 'n');
insert into CandidatesData (idno) VALUES (7032);
insert into Candidacy (wkid, idno, supportedby) VALUES (534, 7032, 5);
insert into Landeslistenplatz (llid, idno, position) VALUES (234, 7032, 12);
insert into Citizen (idno, title, firstname, lastname, dateofbirth, gender) VALUES (7033, '', 'Martin', 'Schnellinger', '1.1.1970.', 'n');
insert into CandidatesData (idno) VALUES (7033);
insert into Landeslistenplatz (llid, idno, position) VALUES (336, 7033, 5);
insert into Citizen (idno, title, firstname, lastname, dateofbirth, gender) VALUES (7034, '', 'Patrick', 'Schnieder', '1.1.1968.', 'n');
insert into CandidatesData (idno) VALUES (7034);
insert into Candidacy (wkid, idno, supportedby) VALUES (406, 7034, 12);
insert into Landeslistenplatz (llid, idno, position) VALUES (312, 7034, 10);
insert into Citizen (idno, title, firstname, lastname, dateofbirth, gender) VALUES (7035, '', 'Christian Bernhard', 'Schnorbusch', '1.1.1986.', 'n');
insert into CandidatesData (idno) VALUES (7035);
insert into Landeslistenplatz (llid, idno, position) VALUES (276, 7035, 24);
insert into Citizen (idno, title, firstname, lastname, dateofbirth, gender) VALUES (7036, '', 'Michael', 'Schnorr', '1.1.1954.', 'n');
insert into CandidatesData (idno) VALUES (7036);
insert into Candidacy (wkid, idno, supportedby) VALUES (204, 7036, 1);
insert into Landeslistenplatz (llid, idno, position) VALUES (376, 7036, 4);
insert into Citizen (idno, title, firstname, lastname, dateofbirth, gender) VALUES (7037, '', 'Christoph', 'Schnurr', '1.1.1984.', 'n');
insert into CandidatesData (idno) VALUES (7037);
insert into Candidacy (wkid, idno, supportedby) VALUES (366, 7037, 4);
insert into Landeslistenplatz (llid, idno, position) VALUES (290, 7037, 5);
insert into Citizen (idno, title, firstname, lastname, dateofbirth, gender) VALUES (7038, '', 'Elfi', 'Scho-Antwerpes', '1.1.1952.', 'n');
insert into CandidatesData (idno) VALUES (7038);
insert into Candidacy (wkid, idno, supportedby) VALUES (188, 7038, 2);
insert into Landeslistenplatz (llid, idno, position) VALUES (246, 7038, 32);
insert into Citizen (idno, title, firstname, lastname, dateofbirth, gender) VALUES (7039, '', 'Thomas Friedrich', 'Schock', '1.1.1968.', 'n');
insert into CandidatesData (idno) VALUES (7039);
insert into Candidacy (wkid, idno, supportedby) VALUES (276, 7039, 3);
insert into Citizen (idno, title, firstname, lastname, dateofbirth, gender) VALUES (7040, 'Dr. ', 'Andreas', 'Schockenhoff', '1.1.1957.', 'n');
insert into CandidatesData (idno) VALUES (7040);
insert into Candidacy (wkid, idno, supportedby) VALUES (588, 7040, 12);
insert into Citizen (idno, title, firstname, lastname, dateofbirth, gender) VALUES (7041, '', 'Michael Anton Max', 'Schöffberger', '1.1.1967.', 'n');
insert into CandidatesData (idno) VALUES (7041);
insert into Candidacy (wkid, idno, supportedby) VALUES (458, 7041, 36);
insert into Landeslistenplatz (llid, idno, position) VALUES (295, 7041, 24);
insert into Citizen (idno, title, firstname, lastname, dateofbirth, gender) VALUES (7042, '', 'Nadine', 'Schön', '1.1.1983.', 'n');
insert into CandidatesData (idno) VALUES (7042);
insert into Candidacy (wkid, idno, supportedby) VALUES (596, 7042, 12);
insert into Landeslistenplatz (llid, idno, position) VALUES (226, 7042, 2);
insert into Citizen (idno, title, firstname, lastname, dateofbirth, gender) VALUES (7043, '', 'Maximilian', 'Schönberger', '1.1.1944.', 'n');
insert into CandidatesData (idno) VALUES (7043);
insert into Candidacy (wkid, idno, supportedby) VALUES (512, 7043, 41);
insert into Landeslistenplatz (llid, idno, position) VALUES (328, 7043, 11);
insert into Citizen (idno, title, firstname, lastname, dateofbirth, gender) VALUES (7044, '', 'André Gerhard', 'Schöne', '1.1.1967.', 'n');
insert into CandidatesData (idno) VALUES (7044);
insert into Landeslistenplatz (llid, idno, position) VALUES (334, 7044, 14);
insert into Citizen (idno, title, firstname, lastname, dateofbirth, gender) VALUES (7045, '', 'Matthias', 'Schöne', '1.1.1968.', 'n');
insert into CandidatesData (idno) VALUES (7045);
insert into Landeslistenplatz (llid, idno, position) VALUES (309, 7045, 16);
insert into Citizen (idno, title, firstname, lastname, dateofbirth, gender) VALUES (7046, '', 'Tilo', 'Schöne', '1.1.1957.', 'n');
insert into CandidatesData (idno) VALUES (7046);
insert into Candidacy (wkid, idno, supportedby) VALUES (450, 7046, 19);
insert into Landeslistenplatz (llid, idno, position) VALUES (213, 7046, 4);
insert into Citizen (idno, title, firstname, lastname, dateofbirth, gender) VALUES (7047, '', 'Jeniffer', 'Schöps', '1.1.1986.', 'n');
insert into CandidatesData (idno) VALUES (7047);
insert into Candidacy (wkid, idno, supportedby) VALUES (292, 7047, 1);
insert into Citizen (idno, title, firstname, lastname, dateofbirth, gender) VALUES (7048, '', 'Richard', 'Schöps', '1.1.1967.', 'n');
insert into CandidatesData (idno) VALUES (7048);
insert into Landeslistenplatz (llid, idno, position) VALUES (228, 7048, 8);
insert into Citizen (idno, title, firstname, lastname, dateofbirth, gender) VALUES (7049, '', 'Benjamin', 'Scholl', '1.1.1990.', 'n');
insert into CandidatesData (idno) VALUES (7049);
insert into Landeslistenplatz (llid, idno, position) VALUES (325, 7049, 7);
insert into Citizen (idno, title, firstname, lastname, dateofbirth, gender) VALUES (7050, '', 'Michele', 'Scholtz', '1.1.1993.', 'n');
insert into CandidatesData (idno) VALUES (7050);
insert into Landeslistenplatz (llid, idno, position) VALUES (252, 7050, 4);
insert into Citizen (idno, title, firstname, lastname, dateofbirth, gender) VALUES (7051, '', 'Claudia', 'Scholz', '1.1.1953.', 'n');
insert into CandidatesData (idno) VALUES (7051);
insert into Candidacy (wkid, idno, supportedby) VALUES (388, 7051, 32);
insert into Landeslistenplatz (llid, idno, position) VALUES (319, 7051, 4);
insert into Citizen (idno, title, firstname, lastname, dateofbirth, gender) VALUES (7052, '', 'Daniela', 'Scholz', '1.1.1972.', 'n');
insert into CandidatesData (idno) VALUES (7052);
insert into Landeslistenplatz (llid, idno, position) VALUES (201, 7052, 34);
insert into Citizen (idno, title, firstname, lastname, dateofbirth, gender) VALUES (7053, '', 'Rebecca', 'Scholz', '1.1.1993.', 'n');
insert into CandidatesData (idno) VALUES (7053);
insert into Candidacy (wkid, idno, supportedby) VALUES (354, 7053, 32);
insert into Landeslistenplatz (llid, idno, position) VALUES (315, 7053, 3);
insert into Citizen (idno, title, firstname, lastname, dateofbirth, gender) VALUES (7054, '', 'Dennis', 'Scholze', '1.1.1979.', 'n');
insert into CandidatesData (idno) VALUES (7054);
insert into Landeslistenplatz (llid, idno, position) VALUES (242, 7054, 33);
insert into Citizen (idno, title, firstname, lastname, dateofbirth, gender) VALUES (7055, '', 'Bernd', 'Schomaker', '1.1.1958.', 'n');
insert into CandidatesData (idno) VALUES (7055);
insert into Landeslistenplatz (llid, idno, position) VALUES (420, 7055, 4);
insert into Citizen (idno, title, firstname, lastname, dateofbirth, gender) VALUES (7056, '', 'Manuela', 'Schon', '1.1.1982.', 'n');
insert into CandidatesData (idno) VALUES (7056);
insert into Candidacy (wkid, idno, supportedby) VALUES (358, 7056, 3);
insert into Landeslistenplatz (llid, idno, position) VALUES (216, 7056, 13);
insert into Citizen (idno, title, firstname, lastname, dateofbirth, gender) VALUES (7057, '', 'Katja', 'Schoner', '1.1.1970.', 'n');
insert into CandidatesData (idno) VALUES (7057);
insert into Landeslistenplatz (llid, idno, position) VALUES (242, 7057, 42);
insert into Citizen (idno, title, firstname, lastname, dateofbirth, gender) VALUES (7058, '', 'René', 'Schrade', '1.1.1970.', 'n');
insert into CandidatesData (idno) VALUES (7058);
insert into Candidacy (wkid, idno, supportedby) VALUES (524, 7058, 1);
insert into Citizen (idno, title, firstname, lastname, dateofbirth, gender) VALUES (7059, '', 'Katharina Marianne Ute', 'Schrader', '1.1.1981.', 'n');
insert into CandidatesData (idno) VALUES (7059);
insert into Candidacy (wkid, idno, supportedby) VALUES (512, 7059, 2);
insert into Landeslistenplatz (llid, idno, position) VALUES (260, 7059, 30);
insert into Citizen (idno, title, firstname, lastname, dateofbirth, gender) VALUES (7060, '', 'Christopher', 'Schrage', '1.1.1964.', 'n');
insert into CandidatesData (idno) VALUES (7060);
insert into Landeslistenplatz (llid, idno, position) VALUES (248, 7060, 22);
insert into Citizen (idno, title, firstname, lastname, dateofbirth, gender) VALUES (7061, '', 'Manfred Friedrich', 'Schramm', '1.1.1960.', 'n');
insert into CandidatesData (idno) VALUES (7061);
insert into Candidacy (wkid, idno, supportedby) VALUES (226, 7061, 7);
insert into Citizen (idno, title, firstname, lastname, dateofbirth, gender) VALUES (7062, '', 'Stefan', 'Schreckenbauer', '1.1.1981.', 'n');
insert into CandidatesData (idno) VALUES (7062);
insert into Candidacy (wkid, idno, supportedby) VALUES (522, 7062, 4);
insert into Landeslistenplatz (llid, idno, position) VALUES (224, 7062, 36);
insert into Citizen (idno, title, firstname, lastname, dateofbirth, gender) VALUES (7063, '', 'Robert Adolf', 'Schregle', '1.1.1963.', 'n');
insert into CandidatesData (idno) VALUES (7063);
insert into Candidacy (wkid, idno, supportedby) VALUES (458, 7063, 33);
insert into Landeslistenplatz (llid, idno, position) VALUES (342, 7063, 37);
insert into Citizen (idno, title, firstname, lastname, dateofbirth, gender) VALUES (7064, '', 'Ernst', 'Schreiber', '1.1.1948.', 'n');
insert into CandidatesData (idno) VALUES (7064);
insert into Candidacy (wkid, idno, supportedby) VALUES (90, 7064, 4);
insert into Landeslistenplatz (llid, idno, position) VALUES (301, 7064, 19);
insert into Citizen (idno, title, firstname, lastname, dateofbirth, gender) VALUES (7065, '', 'Ines', 'Schreiber', '1.1.1973.', 'n');
insert into CandidatesData (idno) VALUES (7065);
insert into Candidacy (wkid, idno, supportedby) VALUES (324, 7065, 1);
insert into Citizen (idno, title, firstname, lastname, dateofbirth, gender) VALUES (7066, '', 'Peter', 'Schreiber', '1.1.1973.', 'n');
insert into CandidatesData (idno) VALUES (7066);
insert into Candidacy (wkid, idno, supportedby) VALUES (310, 7066, 1);
insert into Landeslistenplatz (llid, idno, position) VALUES (241, 7066, 5);
insert into Citizen (idno, title, firstname, lastname, dateofbirth, gender) VALUES (7067, '', 'Bernd', 'Schreiner', '1.1.1967.', 'n');
insert into CandidatesData (idno) VALUES (7067);
insert into Candidacy (wkid, idno, supportedby) VALUES (394, 7067, 7);
insert into Landeslistenplatz (llid, idno, position) VALUES (218, 7067, 3);
insert into Citizen (idno, title, firstname, lastname, dateofbirth, gender) VALUES (7068, '', 'Bertold', 'Schreiner', '1.1.1960.', 'n');
insert into CandidatesData (idno) VALUES (7068);
insert into Landeslistenplatz (llid, idno, position) VALUES (326, 7068, 5);
insert into Citizen (idno, title, firstname, lastname, dateofbirth, gender) VALUES (7069, '', 'Normen', 'Schreiter', '1.1.1984.', 'n');
insert into CandidatesData (idno) VALUES (7069);
insert into Candidacy (wkid, idno, supportedby) VALUES (28, 7069, 1);
insert into Citizen (idno, title, firstname, lastname, dateofbirth, gender) VALUES (7070, '', 'Michael', 'Schrodi', '1.1.1977.', 'n');
insert into CandidatesData (idno) VALUES (7070);
insert into Candidacy (wkid, idno, supportedby) VALUES (432, 7070, 2);
insert into Landeslistenplatz (llid, idno, position) VALUES (260, 7070, 23);
insert into Citizen (idno, title, firstname, lastname, dateofbirth, gender) VALUES (7071, '', 'Arno', 'Schröder', '1.1.1958.', 'n');
insert into CandidatesData (idno) VALUES (7071);
insert into Candidacy (wkid, idno, supportedby) VALUES (334, 7071, 7);
insert into Citizen (idno, title, firstname, lastname, dateofbirth, gender) VALUES (7072, 'Dr. ', 'Kristina', 'Schröder', '1.1.1977.', 'n');
insert into CandidatesData (idno) VALUES (7072);
insert into Candidacy (wkid, idno, supportedby) VALUES (358, 7072, 12);
insert into Landeslistenplatz (llid, idno, position) VALUES (262, 7072, 2);
insert into Citizen (idno, title, firstname, lastname, dateofbirth, gender) VALUES (7073, 'Dr. ', 'Ole', 'Schröder', '1.1.1971.', 'n');
insert into CandidatesData (idno) VALUES (7073);
insert into Candidacy (wkid, idno, supportedby) VALUES (14, 7073, 12);
insert into Landeslistenplatz (llid, idno, position) VALUES (335, 7073, 2);
insert into Citizen (idno, title, firstname, lastname, dateofbirth, gender) VALUES (7074, '', 'Henrik', 'Schröder', '1.1.1994.', 'n');
insert into CandidatesData (idno) VALUES (7074);
insert into Candidacy (wkid, idno, supportedby) VALUES (70, 7074, 4);
insert into Citizen (idno, title, firstname, lastname, dateofbirth, gender) VALUES (7075, '', 'Patrick Hermann', 'Schröder', '1.1.1983.', 'n');
insert into CandidatesData (idno) VALUES (7075);
insert into Candidacy (wkid, idno, supportedby) VALUES (470, 7075, 1);
insert into Citizen (idno, title, firstname, lastname, dateofbirth, gender) VALUES (7076, '', 'Peter Christian', 'Schröder', '1.1.1965.', 'n');
insert into CandidatesData (idno) VALUES (7076);
insert into Candidacy (wkid, idno, supportedby) VALUES (298, 7076, 32);
insert into Landeslistenplatz (llid, idno, position) VALUES (317, 7076, 5);
insert into Citizen (idno, title, firstname, lastname, dateofbirth, gender) VALUES (7077, '', 'Simon', 'Schröder', '1.1.1954.', 'n');
insert into CandidatesData (idno) VALUES (7077);
insert into Landeslistenplatz (llid, idno, position) VALUES (201, 7077, 25);
insert into Citizen (idno, title, firstname, lastname, dateofbirth, gender) VALUES (7078, '', 'Volker Georg', 'Schröder', '1.1.1970.', 'n');
insert into CandidatesData (idno) VALUES (7078);
insert into Candidacy (wkid, idno, supportedby) VALUES (168, 7078, 7);
insert into Citizen (idno, title, firstname, lastname, dateofbirth, gender) VALUES (7079, '', 'David', 'Schröer', '1.1.1985.', 'n');
insert into CandidatesData (idno) VALUES (7079);
insert into Candidacy (wkid, idno, supportedby) VALUES (328, 7079, 1);
insert into Citizen (idno, title, firstname, lastname, dateofbirth, gender) VALUES (7080, '', 'Eric', 'Schröter', '1.1.1985.', 'n');
insert into CandidatesData (idno) VALUES (7080);
insert into Landeslistenplatz (llid, idno, position) VALUES (201, 7080, 50);
insert into Citizen (idno, title, firstname, lastname, dateofbirth, gender) VALUES (7081, '', 'Lutz', 'Schröter', '1.1.1968.', 'n');
insert into CandidatesData (idno) VALUES (7081);
insert into Candidacy (wkid, idno, supportedby) VALUES (266, 7081, 32);
insert into Citizen (idno, title, firstname, lastname, dateofbirth, gender) VALUES (7082, '', 'Michael', 'Schropp', '1.1.1970.', 'n');
insert into CandidatesData (idno) VALUES (7082);
insert into Candidacy (wkid, idno, supportedby) VALUES (512, 7082, 5);
insert into Landeslistenplatz (llid, idno, position) VALUES (238, 7082, 34);
insert into Citizen (idno, title, firstname, lastname, dateofbirth, gender) VALUES (7083, '', 'Andrea', 'Schrutek', '1.1.1963.', 'n');
insert into CandidatesData (idno) VALUES (7083);
insert into Candidacy (wkid, idno, supportedby) VALUES (328, 7083, 3);
insert into Landeslistenplatz (llid, idno, position) VALUES (417, 7083, 11);
insert into Citizen (idno, title, firstname, lastname, dateofbirth, gender) VALUES (7084, '', 'Hans-Joachim', 'Schubert', '1.1.1949.', 'n');
insert into CandidatesData (idno) VALUES (7084);
insert into Candidacy (wkid, idno, supportedby) VALUES (288, 7084, 1);
insert into Citizen (idno, title, firstname, lastname, dateofbirth, gender) VALUES (7085, '', 'Manfred', 'Schubert', '1.1.1970.', 'n');
insert into CandidatesData (idno) VALUES (7085);
insert into Candidacy (wkid, idno, supportedby) VALUES (386, 7085, 7);
insert into Landeslistenplatz (llid, idno, position) VALUES (218, 7085, 2);
insert into Citizen (idno, title, firstname, lastname, dateofbirth, gender) VALUES (7086, 'Prof. ', 'Johann Gottfried Emil', 'Schubert', '1.1.1931.', 'n');
insert into CandidatesData (idno) VALUES (7086);
insert into Landeslistenplatz (llid, idno, position) VALUES (213, 7086, 9);
insert into Citizen (idno, title, firstname, lastname, dateofbirth, gender) VALUES (7087, '', 'Andrea Helga', 'Schuch-Leitl', '1.1.1962.', 'n');
insert into CandidatesData (idno) VALUES (7087);
insert into Landeslistenplatz (llid, idno, position) VALUES (238, 7087, 47);
insert into Citizen (idno, title, firstname, lastname, dateofbirth, gender) VALUES (7088, '', 'Rainer', 'Schuchardt', '1.1.1950.', 'n');
insert into CandidatesData (idno) VALUES (7088);
insert into Candidacy (wkid, idno, supportedby) VALUES (16, 7088, 32);
insert into Landeslistenplatz (llid, idno, position) VALUES (432, 7088, 1);
insert into Citizen (idno, title, firstname, lastname, dateofbirth, gender) VALUES (7089, '', 'Fritz', 'Schüler', '1.1.1939.', 'n');
insert into CandidatesData (idno) VALUES (7089);
insert into Landeslistenplatz (llid, idno, position) VALUES (377, 7089, 4);
insert into Citizen (idno, title, firstname, lastname, dateofbirth, gender) VALUES (7090, '', 'Christina Anna Sarah', 'Schünemann', '1.1.1986.', 'n');
insert into CandidatesData (idno) VALUES (7090);
insert into Landeslistenplatz (llid, idno, position) VALUES (309, 7090, 3);
insert into Citizen (idno, title, firstname, lastname, dateofbirth, gender) VALUES (7091, '', 'Wolf-Joachim', 'Schünemann', '1.1.1963.', 'n');
insert into CandidatesData (idno) VALUES (7091);
insert into Landeslistenplatz (llid, idno, position) VALUES (342, 7091, 7);
insert into Citizen (idno, title, firstname, lastname, dateofbirth, gender) VALUES (7092, '', 'Tilman Gregor', 'Schürer', '1.1.1979.', 'n');
insert into CandidatesData (idno) VALUES (7092);
insert into Candidacy (wkid, idno, supportedby) VALUES (488, 7092, 4);
insert into Landeslistenplatz (llid, idno, position) VALUES (276, 7092, 23);
insert into Citizen (idno, title, firstname, lastname, dateofbirth, gender) VALUES (7093, '', 'Claudia', 'Schüßler', '1.1.1967.', 'n');
insert into CandidatesData (idno) VALUES (7093);
insert into Landeslistenplatz (llid, idno, position) VALUES (242, 7093, 44);
insert into Citizen (idno, title, firstname, lastname, dateofbirth, gender) VALUES (7094, '', 'Gitta', 'Schüßler', '1.1.1961.', 'n');
insert into CandidatesData (idno) VALUES (7094);
insert into Candidacy (wkid, idno, supportedby) VALUES (326, 7094, 1);
insert into Citizen (idno, title, firstname, lastname, dateofbirth, gender) VALUES (7095, '', 'Sigrid', 'Schüßler', '1.1.1969.', 'n');
insert into CandidatesData (idno) VALUES (7095);
insert into Landeslistenplatz (llid, idno, position) VALUES (392, 7095, 2);
insert into Citizen (idno, title, firstname, lastname, dateofbirth, gender) VALUES (7096, '', 'Hinrich', 'Schütt', '1.1.1976.', 'n');
insert into CandidatesData (idno) VALUES (7096);
insert into Landeslistenplatz (llid, idno, position) VALUES (278, 7096, 9);
insert into Citizen (idno, title, firstname, lastname, dateofbirth, gender) VALUES (7097, '', 'Annette', 'Schütz', '1.1.1960.', 'n');
insert into CandidatesData (idno) VALUES (7097);
insert into Landeslistenplatz (llid, idno, position) VALUES (242, 7097, 58);
insert into Citizen (idno, title, firstname, lastname, dateofbirth, gender) VALUES (7098, '', 'Jürgen', 'Schützinger', '1.1.1953.', 'n');
insert into CandidatesData (idno) VALUES (7098);
insert into Candidacy (wkid, idno, supportedby) VALUES (572, 7098, 1);
insert into Landeslistenplatz (llid, idno, position) VALUES (424, 7098, 1);
insert into Citizen (idno, title, firstname, lastname, dateofbirth, gender) VALUES (7099, '', 'Rudolf', 'Schützinger', '1.1.1982.', 'n');
insert into CandidatesData (idno) VALUES (7099);
insert into Candidacy (wkid, idno, supportedby) VALUES (560, 7099, 1);
insert into Citizen (idno, title, firstname, lastname, dateofbirth, gender) VALUES (7100, '', 'Lore', 'Schuh', '1.1.1947.', 'n');
insert into CandidatesData (idno) VALUES (7100);
insert into Landeslistenplatz (llid, idno, position) VALUES (292, 7100, 24);
insert into Citizen (idno, title, firstname, lastname, dateofbirth, gender) VALUES (7101, '', 'Marlene', 'Schuhfuß', '1.1.1980.', 'n');
insert into CandidatesData (idno) VALUES (7101);
insert into Landeslistenplatz (llid, idno, position) VALUES (309, 7101, 17);
insert into Citizen (idno, title, firstname, lastname, dateofbirth, gender) VALUES (7102, '', 'Robert', 'Schuldt', '1.1.1977.', 'n');
insert into CandidatesData (idno) VALUES (7102);
insert into Landeslistenplatz (llid, idno, position) VALUES (283, 7102, 9);
insert into Citizen (idno, title, firstname, lastname, dateofbirth, gender) VALUES (7103, 'Dr. ', 'Jörg', 'Schulenburg', '1.1.1969.', 'n');
insert into CandidatesData (idno) VALUES (7103);
insert into Candidacy (wkid, idno, supportedby) VALUES (138, 7103, 7);
insert into Citizen (idno, title, firstname, lastname, dateofbirth, gender) VALUES (7104, '', 'Selina', 'Schuler', '1.1.1992.', 'n');
insert into CandidatesData (idno) VALUES (7104);
insert into Landeslistenplatz (llid, idno, position) VALUES (397, 7104, 3);
insert into Citizen (idno, title, firstname, lastname, dateofbirth, gender) VALUES (7105, '', 'Kevin', 'Schulhauser', '1.1.1989.', 'n');
insert into CandidatesData (idno) VALUES (7105);
insert into Candidacy (wkid, idno, supportedby) VALUES (390, 7105, 1);
insert into Citizen (idno, title, firstname, lastname, dateofbirth, gender) VALUES (7106, '', 'Karl Stephan', 'Schulte', '1.1.1963.', 'n');
insert into CandidatesData (idno) VALUES (7106);
insert into Candidacy (wkid, idno, supportedby) VALUES (260, 7106, 3);
insert into Citizen (idno, title, firstname, lastname, dateofbirth, gender) VALUES (7107, '', 'Klaus Keno Friedrich', 'Schulte', '1.1.1982.', 'n');
insert into CandidatesData (idno) VALUES (7107);
insert into Landeslistenplatz (llid, idno, position) VALUES (297, 7107, 3);
insert into Citizen (idno, title, firstname, lastname, dateofbirth, gender) VALUES (7108, '', 'Michael', 'Schulte', '1.1.1962.', 'n');
insert into CandidatesData (idno) VALUES (7108);
insert into Candidacy (wkid, idno, supportedby) VALUES (300, 7108, 4);
insert into Landeslistenplatz (llid, idno, position) VALUES (272, 7108, 53);
insert into Citizen (idno, title, firstname, lastname, dateofbirth, gender) VALUES (7109, '', 'Patrik', 'Schulte', '1.1.1980.', 'n');
insert into CandidatesData (idno) VALUES (7109);
insert into Landeslistenplatz (llid, idno, position) VALUES (222, 7109, 4);
insert into Citizen (idno, title, firstname, lastname, dateofbirth, gender) VALUES (7110, '', 'Peter', 'Schulte', '1.1.1969.', 'n');
insert into CandidatesData (idno) VALUES (7110);
insert into Candidacy (wkid, idno, supportedby) VALUES (296, 7110, 3);
insert into Citizen (idno, title, firstname, lastname, dateofbirth, gender) VALUES (7111, '', 'Ursula', 'Schulte', '1.1.1952.', 'n');
insert into CandidatesData (idno) VALUES (7111);
insert into Candidacy (wkid, idno, supportedby) VALUES (252, 7111, 2);
insert into Landeslistenplatz (llid, idno, position) VALUES (246, 7111, 14);
insert into Citizen (idno, title, firstname, lastname, dateofbirth, gender) VALUES (7112, '', 'Bernhard August', 'Schulte-Drüggelte', '1.1.1951.', 'n');
insert into CandidatesData (idno) VALUES (7112);
insert into Candidacy (wkid, idno, supportedby) VALUES (292, 7112, 12);
insert into Landeslistenplatz (llid, idno, position) VALUES (310, 7112, 16);
insert into Citizen (idno, title, firstname, lastname, dateofbirth, gender) VALUES (7113, '', 'Carmen', 'Schulz', '1.1.1957.', 'n');
insert into CandidatesData (idno) VALUES (7113);
insert into Candidacy (wkid, idno, supportedby) VALUES (130, 7113, 4);
insert into Citizen (idno, title, firstname, lastname, dateofbirth, gender) VALUES (7114, '', 'Dieter', 'Schulz', '1.1.1969.', 'n');
insert into CandidatesData (idno) VALUES (7114);
insert into Candidacy (wkid, idno, supportedby) VALUES (278, 7114, 1);
insert into Landeslistenplatz (llid, idno, position) VALUES (376, 7114, 9);
insert into Citizen (idno, title, firstname, lastname, dateofbirth, gender) VALUES (7115, '', 'Herbert Heinrich Paul', 'Schulz', '1.1.1947.', 'n');
insert into CandidatesData (idno) VALUES (7115);
insert into Candidacy (wkid, idno, supportedby) VALUES (42, 7115, 3);
insert into Landeslistenplatz (llid, idno, position) VALUES (214, 7115, 6);
insert into Citizen (idno, title, firstname, lastname, dateofbirth, gender) VALUES (7116, '', 'Jens Uwe', 'Schulz', '1.1.1953.', 'n');
insert into CandidatesData (idno) VALUES (7116);
insert into Candidacy (wkid, idno, supportedby) VALUES (22, 7116, 3);
insert into Landeslistenplatz (llid, idno, position) VALUES (320, 7116, 8);
insert into Citizen (idno, title, firstname, lastname, dateofbirth, gender) VALUES (7117, '', 'Jimmy', 'Schulz', '1.1.1968.', 'n');
insert into CandidatesData (idno) VALUES (7117);
insert into Candidacy (wkid, idno, supportedby) VALUES (444, 7117, 4);
insert into Landeslistenplatz (llid, idno, position) VALUES (276, 7117, 5);
insert into Citizen (idno, title, firstname, lastname, dateofbirth, gender) VALUES (7118, '', 'Mathias', 'Schulz', '1.1.1980.', 'n');
insert into CandidatesData (idno) VALUES (7118);
insert into Candidacy (wkid, idno, supportedby) VALUES (164, 7118, 10);
insert into Landeslistenplatz (llid, idno, position) VALUES (356, 7118, 11);
insert into Citizen (idno, title, firstname, lastname, dateofbirth, gender) VALUES (7119, '', 'Olaf', 'Schulz', '1.1.1958.', 'n');
insert into CandidatesData (idno) VALUES (7119);
insert into Candidacy (wkid, idno, supportedby) VALUES (66, 7119, 32);
insert into Landeslistenplatz (llid, idno, position) VALUES (282, 7119, 10);
insert into Citizen (idno, title, firstname, lastname, dateofbirth, gender) VALUES (7120, '', 'Rudolf Werner', 'Schulz', '1.1.1956.', 'n');
insert into CandidatesData (idno) VALUES (7120);
insert into Landeslistenplatz (llid, idno, position) VALUES (315, 7120, 12);
insert into Citizen (idno, title, firstname, lastname, dateofbirth, gender) VALUES (7121, '', 'Swen', 'Schulz', '1.1.1968.', 'n');
insert into CandidatesData (idno) VALUES (7121);
insert into Candidacy (wkid, idno, supportedby) VALUES (156, 7121, 2);
insert into Landeslistenplatz (llid, idno, position) VALUES (355, 7121, 2);
insert into Citizen (idno, title, firstname, lastname, dateofbirth, gender) VALUES (7122, '', 'Kordula Anna Paula', 'Schulz-Asche', '1.1.1956.', 'n');
insert into CandidatesData (idno) VALUES (7122);
insert into Candidacy (wkid, idno, supportedby) VALUES (362, 7122, 5);
insert into Landeslistenplatz (llid, idno, position) VALUES (318, 7122, 5);
insert into Citizen (idno, title, firstname, lastname, dateofbirth, gender) VALUES (7123, '', 'Angelina', 'Schulze', '1.1.1984.', 'n');
insert into CandidatesData (idno) VALUES (7123);
insert into Candidacy (wkid, idno, supportedby) VALUES (212, 7123, 1);
insert into Citizen (idno, title, firstname, lastname, dateofbirth, gender) VALUES (7124, 'Dr. ', 'Heiko K. L.', 'Schulze', '1.1.1954.', 'n');
insert into CandidatesData (idno) VALUES (7124);
insert into Landeslistenplatz (llid, idno, position) VALUES (368, 7124, 1);
insert into Citizen (idno, title, firstname, lastname, dateofbirth, gender) VALUES (7125, 'Dr. ', 'Klaus-Peter', 'Schulze', '1.1.1954.', 'n');
insert into CandidatesData (idno) VALUES (7125);
insert into Candidacy (wkid, idno, supportedby) VALUES (128, 7125, 12);
insert into Landeslistenplatz (llid, idno, position) VALUES (394, 7125, 7);
insert into Citizen (idno, title, firstname, lastname, dateofbirth, gender) VALUES (7126, '', 'Karl-Heinz', 'Schulze', '1.1.1955.', 'n');
insert into CandidatesData (idno) VALUES (7126);
insert into Landeslistenplatz (llid, idno, position) VALUES (299, 7126, 5);
insert into Citizen (idno, title, firstname, lastname, dateofbirth, gender) VALUES (7127, 'Prof. Dr. ', 'Joachim', 'Schulze', '1.1.1952.', 'n');
insert into CandidatesData (idno) VALUES (7127);
insert into Candidacy (wkid, idno, supportedby) VALUES (314, 7127, 5);
insert into Citizen (idno, title, firstname, lastname, dateofbirth, gender) VALUES (7128, '', 'Sebastian Richard', 'Schulze', '1.1.1976.', 'n');
insert into CandidatesData (idno) VALUES (7128);
insert into Candidacy (wkid, idno, supportedby) VALUES (300, 7128, 33);
insert into Citizen (idno, title, firstname, lastname, dateofbirth, gender) VALUES (7129, '', 'Wolfgang', 'Schulze', '1.1.1949.', 'n');
insert into CandidatesData (idno) VALUES (7129);
insert into Landeslistenplatz (llid, idno, position) VALUES (273, 7129, 7);
insert into Citizen (idno, title, firstname, lastname, dateofbirth, gender) VALUES (7130, 'Dr. ', 'Alfons', 'Schulze-Hagen', '1.1.1952.', 'n');
insert into CandidatesData (idno) VALUES (7130);
insert into Landeslistenplatz (llid, idno, position) VALUES (279, 7130, 48);
insert into Citizen (idno, title, firstname, lastname, dateofbirth, gender) VALUES (7131, '', 'Markus', 'Schumacher', '1.1.1977.', 'n');
insert into CandidatesData (idno) VALUES (7131);
insert into Candidacy (wkid, idno, supportedby) VALUES (282, 7131, 1);
insert into Citizen (idno, title, firstname, lastname, dateofbirth, gender) VALUES (7132, '', 'Ulrich', 'Schumacher', '1.1.1966.', 'n');
insert into CandidatesData (idno) VALUES (7132);
insert into Candidacy (wkid, idno, supportedby) VALUES (254, 7132, 7);
insert into Citizen (idno, title, firstname, lastname, dateofbirth, gender) VALUES (7133, '', 'Wolfgang', 'Schumacher', '1.1.1959.', 'n');
insert into CandidatesData (idno) VALUES (7133);
insert into Candidacy (wkid, idno, supportedby) VALUES (594, 7133, 3);
insert into Citizen (idno, title, firstname, lastname, dateofbirth, gender) VALUES (7134, '', 'Claudia Ilse', 'Schumann', '1.1.1960.', 'n');
insert into CandidatesData (idno) VALUES (7134);
insert into Candidacy (wkid, idno, supportedby) VALUES (92, 7134, 7);
insert into Citizen (idno, title, firstname, lastname, dateofbirth, gender) VALUES (7135, '', 'Edeltraud', 'Schumann', '1.1.1960.', 'n');
insert into CandidatesData (idno) VALUES (7135);
insert into Landeslistenplatz (llid, idno, position) VALUES (403, 7135, 9);
insert into Citizen (idno, title, firstname, lastname, dateofbirth, gender) VALUES (7136, '', 'Kai', 'Schumann', '1.1.1982.', 'n');
insert into CandidatesData (idno) VALUES (7136);
insert into Landeslistenplatz (llid, idno, position) VALUES (297, 7136, 2);
insert into Citizen (idno, title, firstname, lastname, dateofbirth, gender) VALUES (7137, '', 'Uwe', 'Schummer', '1.1.1957.', 'n');
insert into CandidatesData (idno) VALUES (7137);
insert into Candidacy (wkid, idno, supportedby) VALUES (222, 7137, 12);
insert into Landeslistenplatz (llid, idno, position) VALUES (310, 7137, 43);
insert into Citizen (idno, title, firstname, lastname, dateofbirth, gender) VALUES (7138, '', 'Günther', 'Schunder', '1.1.1953.', 'n');
insert into CandidatesData (idno) VALUES (7138);
insert into Candidacy (wkid, idno, supportedby) VALUES (590, 7138, 32);
insert into Landeslistenplatz (llid, idno, position) VALUES (265, 7138, 8);
insert into Citizen (idno, title, firstname, lastname, dateofbirth, gender) VALUES (7139, '', 'Anna', 'Schupeck', '1.1.1984.', 'n');
insert into CandidatesData (idno) VALUES (7139);
insert into Candidacy (wkid, idno, supportedby) VALUES (522, 7139, 33);
insert into Landeslistenplatz (llid, idno, position) VALUES (314, 7139, 6);
insert into Citizen (idno, title, firstname, lastname, dateofbirth, gender) VALUES (7140, '', 'Ewald', 'Schurer', '1.1.1954.', 'n');
insert into CandidatesData (idno) VALUES (7140);
insert into Candidacy (wkid, idno, supportedby) VALUES (428, 7140, 2);
insert into Landeslistenplatz (llid, idno, position) VALUES (260, 7140, 7);
insert into Citizen (idno, title, firstname, lastname, dateofbirth, gender) VALUES (7141, '', 'Stephan', 'Schurig', '1.1.1984.', 'n');
insert into CandidatesData (idno) VALUES (7141);
insert into Candidacy (wkid, idno, supportedby) VALUES (144, 7141, 7);
insert into Landeslistenplatz (llid, idno, position) VALUES (351, 7141, 2);
insert into Citizen (idno, title, firstname, lastname, dateofbirth, gender) VALUES (7142, '', 'Ellen', 'Schusser-Backhaus', '1.1.1956.', 'n');
insert into CandidatesData (idno) VALUES (7142);
insert into Landeslistenplatz (llid, idno, position) VALUES (262, 7142, 33);
insert into Citizen (idno, title, firstname, lastname, dateofbirth, gender) VALUES (7143, '', 'Armin', 'Schuster', '1.1.1961.', 'n');
insert into CandidatesData (idno) VALUES (7143);
insert into Candidacy (wkid, idno, supportedby) VALUES (564, 7143, 12);
insert into Citizen (idno, title, firstname, lastname, dateofbirth, gender) VALUES (7144, '', 'Marina Walburga', 'Schuster', '1.1.1975.', 'n');
insert into CandidatesData (idno) VALUES (7144);
insert into Candidacy (wkid, idno, supportedby) VALUES (492, 7144, 4);
insert into Landeslistenplatz (llid, idno, position) VALUES (276, 7144, 4);
insert into Citizen (idno, title, firstname, lastname, dateofbirth, gender) VALUES (7145, 'Dr. ', 'Martin', 'Schwab', '1.1.1967.', 'n');
insert into CandidatesData (idno) VALUES (7145);
insert into Landeslistenplatz (llid, idno, position) VALUES (336, 7145, 1);
insert into Citizen (idno, title, firstname, lastname, dateofbirth, gender) VALUES (7146, '', 'Frank', 'Schwabe', '1.1.1970.', 'n');
insert into CandidatesData (idno) VALUES (7146);
insert into Candidacy (wkid, idno, supportedby) VALUES (242, 7146, 2);
insert into Landeslistenplatz (llid, idno, position) VALUES (246, 7146, 47);
insert into Citizen (idno, title, firstname, lastname, dateofbirth, gender) VALUES (7147, '', 'Holger', 'Schwabe', '1.1.1964.', 'n');
insert into CandidatesData (idno) VALUES (7147);
insert into Candidacy (wkid, idno, supportedby) VALUES (172, 7147, 4);
insert into Citizen (idno, title, firstname, lastname, dateofbirth, gender) VALUES (7148, '', 'Gisela', 'Schwalb', '1.1.1959.', 'n');
insert into CandidatesData (idno) VALUES (7148);
insert into Landeslistenplatz (llid, idno, position) VALUES (270, 7148, 10);
insert into Citizen (idno, title, firstname, lastname, dateofbirth, gender) VALUES (7149, '', 'Jürgen', 'Schwamen van', '1.1.1957.', 'n');
insert into CandidatesData (idno) VALUES (7149);
insert into Candidacy (wkid, idno, supportedby) VALUES (270, 7149, 7);
insert into Citizen (idno, title, firstname, lastname, dateofbirth, gender) VALUES (7150, '', 'Dietrich', 'Schwang', '1.1.1948.', 'n');
insert into CandidatesData (idno) VALUES (7150);
insert into Candidacy (wkid, idno, supportedby) VALUES (592, 7150, 13);
insert into Landeslistenplatz (llid, idno, position) VALUES (255, 7150, 1);
insert into Citizen (idno, title, firstname, lastname, dateofbirth, gender) VALUES (7151, 'Dr. ', 'Martin', 'Schwanholz', '1.1.1960.', 'n');
insert into CandidatesData (idno) VALUES (7151);
insert into Candidacy (wkid, idno, supportedby) VALUES (78, 7151, 2);
insert into Landeslistenplatz (llid, idno, position) VALUES (242, 7151, 28);
insert into Citizen (idno, title, firstname, lastname, dateofbirth, gender) VALUES (7152, '', 'Benjamin', 'Schwanke', '1.1.1982.', 'n');
insert into CandidatesData (idno) VALUES (7152);
insert into Landeslistenplatz (llid, idno, position) VALUES (274, 7152, 8);
insert into Citizen (idno, title, firstname, lastname, dateofbirth, gender) VALUES (7153, '', 'Stefan', 'Schwartze', '1.1.1974.', 'n');
insert into CandidatesData (idno) VALUES (7153);
insert into Candidacy (wkid, idno, supportedby) VALUES (266, 7153, 2);
insert into Landeslistenplatz (llid, idno, position) VALUES (246, 7153, 44);
insert into Citizen (idno, title, firstname, lastname, dateofbirth, gender) VALUES (7154, '', 'Andreas', 'Schwarz', '1.1.1965.', 'n');
insert into CandidatesData (idno) VALUES (7154);
insert into Candidacy (wkid, idno, supportedby) VALUES (472, 7154, 2);
insert into Landeslistenplatz (llid, idno, position) VALUES (260, 7154, 19);
insert into Citizen (idno, title, firstname, lastname, dateofbirth, gender) VALUES (7155, '', 'Antje', 'Schwarz', '1.1.1951.', 'n');
insert into CandidatesData (idno) VALUES (7155);
insert into Landeslistenplatz (llid, idno, position) VALUES (341, 7155, 8);
insert into Citizen (idno, title, firstname, lastname, dateofbirth, gender) VALUES (7156, '', 'Christian', 'Schwarz', '1.1.1978.', 'n');
insert into CandidatesData (idno) VALUES (7156);
insert into Landeslistenplatz (llid, idno, position) VALUES (221, 7156, 5);
insert into Citizen (idno, title, firstname, lastname, dateofbirth, gender) VALUES (7157, '', 'Doris', 'Schwarz', '1.1.1967.', 'n');
insert into CandidatesData (idno) VALUES (7157);
insert into Landeslistenplatz (llid, idno, position) VALUES (418, 7157, 3);
insert into Citizen (idno, title, firstname, lastname, dateofbirth, gender) VALUES (7158, 'Dr. ', 'Bruno', 'Schwarz', '1.1.1949.', 'n');
insert into CandidatesData (idno) VALUES (7158);
insert into Candidacy (wkid, idno, supportedby) VALUES (376, 7158, 3);
insert into Citizen (idno, title, firstname, lastname, dateofbirth, gender) VALUES (7159, 'Dr. ', 'Caroline', 'Schwarz', '1.1.1971.', 'n');
insert into CandidatesData (idno) VALUES (7159);
insert into Landeslistenplatz (llid, idno, position) VALUES (228, 7159, 2);
insert into Citizen (idno, title, firstname, lastname, dateofbirth, gender) VALUES (7160, 'Dr. ', 'Christian', 'Schwarz', '1.1.1974.', 'n');
insert into CandidatesData (idno) VALUES (7160);
insert into Landeslistenplatz (llid, idno, position) VALUES (220, 7160, 55);
insert into Citizen (idno, title, firstname, lastname, dateofbirth, gender) VALUES (7161, '', 'Marion', 'Schwarz', '1.1.1957.', 'n');
insert into CandidatesData (idno) VALUES (7161);
insert into Landeslistenplatz (llid, idno, position) VALUES (389, 7161, 12);
insert into Citizen (idno, title, firstname, lastname, dateofbirth, gender) VALUES (7162, '', 'Thomas Ludwig', 'Schwarz', '1.1.1970.', 'n');
insert into CandidatesData (idno) VALUES (7162);
insert into Candidacy (wkid, idno, supportedby) VALUES (430, 7162, 3);
insert into Landeslistenplatz (llid, idno, position) VALUES (350, 7162, 12);
insert into Citizen (idno, title, firstname, lastname, dateofbirth, gender) VALUES (7163, '', 'Rita', 'Schwarzelühr-Sutter', '1.1.1962.', 'n');
insert into CandidatesData (idno) VALUES (7163);
insert into Candidacy (wkid, idno, supportedby) VALUES (576, 7163, 2);
insert into Landeslistenplatz (llid, idno, position) VALUES (249, 7163, 10);
insert into Citizen (idno, title, firstname, lastname, dateofbirth, gender) VALUES (7164, '', 'Andreas', 'Schwarzer', '1.1.1961.', 'n');
insert into CandidatesData (idno) VALUES (7164);
insert into Candidacy (wkid, idno, supportedby) VALUES (432, 7164, 4);
insert into Landeslistenplatz (llid, idno, position) VALUES (276, 7164, 40);
insert into Citizen (idno, title, firstname, lastname, dateofbirth, gender) VALUES (7165, '', 'Christina', 'Schwarzer', '1.1.1976.', 'n');
insert into CandidatesData (idno) VALUES (7165);
insert into Candidacy (wkid, idno, supportedby) VALUES (164, 7165, 12);
insert into Landeslistenplatz (llid, idno, position) VALUES (291, 7165, 6);
insert into Citizen (idno, title, firstname, lastname, dateofbirth, gender) VALUES (7166, '', 'Frank', 'Schwarzer', '1.1.1974.', 'n');
insert into CandidatesData (idno) VALUES (7166);
insert into Candidacy (wkid, idno, supportedby) VALUES (264, 7166, 3);
insert into Citizen (idno, title, firstname, lastname, dateofbirth, gender) VALUES (7167, '', 'Babett', 'Schwede-Oldehus', '1.1.1962.', 'n');
insert into CandidatesData (idno) VALUES (7167);
insert into Landeslistenplatz (llid, idno, position) VALUES (335, 7167, 14);
insert into Citizen (idno, title, firstname, lastname, dateofbirth, gender) VALUES (7168, '', 'Christopher Björn', 'Schwedthelm', '1.1.1987.', 'n');
insert into CandidatesData (idno) VALUES (7168);
insert into Landeslistenplatz (llid, idno, position) VALUES (285, 7168, 24);
insert into Citizen (idno, title, firstname, lastname, dateofbirth, gender) VALUES (7169, '', 'Ingrid', 'Schween', '1.1.1963.', 'n');
insert into CandidatesData (idno) VALUES (7169);
insert into Landeslistenplatz (llid, idno, position) VALUES (269, 7169, 22);
insert into Citizen (idno, title, firstname, lastname, dateofbirth, gender) VALUES (7170, 'Dr. ', 'Erik', 'Schweickert', '1.1.1972.', 'n');
insert into CandidatesData (idno) VALUES (7170);
insert into Candidacy (wkid, idno, supportedby) VALUES (558, 7170, 4);
insert into Landeslistenplatz (llid, idno, position) VALUES (224, 7170, 8);
insert into Citizen (idno, title, firstname, lastname, dateofbirth, gender) VALUES (7171, 'Dr. ', 'Hermann Josef', 'Schweiger', '1.1.1954.', 'n');
insert into CandidatesData (idno) VALUES (7171);
insert into Landeslistenplatz (llid, idno, position) VALUES (295, 7171, 5);
insert into Citizen (idno, title, firstname, lastname, dateofbirth, gender) VALUES (7172, '', 'Daniel', 'Schweighöfer', '1.1.1980.', 'n');
insert into CandidatesData (idno) VALUES (7172);
insert into Landeslistenplatz (llid, idno, position) VALUES (382, 7172, 12);
insert into Citizen (idno, title, firstname, lastname, dateofbirth, gender) VALUES (7173, '', 'Angelika', 'Schweitzer', '1.1.1949.', 'n');
insert into CandidatesData (idno) VALUES (7173);
insert into Landeslistenplatz (llid, idno, position) VALUES (207, 7173, 13);
insert into Citizen (idno, title, firstname, lastname, dateofbirth, gender) VALUES (7174, '', 'Frank', 'Schweizer', '1.1.1946.', 'n');
insert into CandidatesData (idno) VALUES (7174);
insert into Candidacy (wkid, idno, supportedby) VALUES (516, 7174, NULL);
insert into Citizen (idno, title, firstname, lastname, dateofbirth, gender) VALUES (7175, '', 'Sabine Eva Elisabeth', 'Schweizerhof', '1.1.1949.', 'n');
insert into CandidatesData (idno) VALUES (7175);
insert into Landeslistenplatz (llid, idno, position) VALUES (207, 7175, 17);
insert into Citizen (idno, title, firstname, lastname, dateofbirth, gender) VALUES (7176, '', 'Axel', 'Schwenk', '1.1.1964.', 'n');
insert into CandidatesData (idno) VALUES (7176);
insert into Candidacy (wkid, idno, supportedby) VALUES (356, 7176, 7);
insert into Citizen (idno, title, firstname, lastname, dateofbirth, gender) VALUES (7177, '', 'Siegfried', 'Schwerdtfeger', '1.1.1973.', 'n');
insert into CandidatesData (idno) VALUES (7177);
insert into Candidacy (wkid, idno, supportedby) VALUES (284, 7177, 1);
insert into Citizen (idno, title, firstname, lastname, dateofbirth, gender) VALUES (7178, '', 'Heinz Peter', 'Schwertges', '1.1.1959.', 'n');
insert into CandidatesData (idno) VALUES (7178);
insert into Candidacy (wkid, idno, supportedby) VALUES (544, 7178, 3);
insert into Citizen (idno, title, firstname, lastname, dateofbirth, gender) VALUES (7179, '', 'Ole', 'Schwettmann', '1.1.1983.', 'n');
insert into CandidatesData (idno) VALUES (7179);
insert into Candidacy (wkid, idno, supportedby) VALUES (68, 7179, 7);
insert into Citizen (idno, title, firstname, lastname, dateofbirth, gender) VALUES (7180, '', 'Gunther', 'Sedlmeyer', '1.1.1958.', 'n');
insert into CandidatesData (idno) VALUES (7180);
insert into Candidacy (wkid, idno, supportedby) VALUES (480, 7180, 15);
insert into Citizen (idno, title, firstname, lastname, dateofbirth, gender) VALUES (7181, '', 'Sabine', 'Seeger', '1.1.1984.', 'n');
insert into CandidatesData (idno) VALUES (7181);
insert into Landeslistenplatz (llid, idno, position) VALUES (279, 7181, 31);
insert into Citizen (idno, title, firstname, lastname, dateofbirth, gender) VALUES (7182, '', 'Sebastian', 'Seeger', '1.1.1981.', 'n');
insert into CandidatesData (idno) VALUES (7182);
insert into Candidacy (wkid, idno, supportedby) VALUES (42, 7182, 7);
insert into Landeslistenplatz (llid, idno, position) VALUES (215, 7182, 1);
insert into Citizen (idno, title, firstname, lastname, dateofbirth, gender) VALUES (7183, '', 'Vera', 'Seegers', '1.1.1947.', 'n');
insert into CandidatesData (idno) VALUES (7183);
insert into Landeslistenplatz (llid, idno, position) VALUES (385, 7183, 1);
insert into Citizen (idno, title, firstname, lastname, dateofbirth, gender) VALUES (7184, '', 'Klaus Jochen', 'Seeghitz', '1.1.1965.', 'n');
insert into CandidatesData (idno) VALUES (7184);
insert into Landeslistenplatz (llid, idno, position) VALUES (342, 7184, 10);
insert into Citizen (idno, title, firstname, lastname, dateofbirth, gender) VALUES (7185, '', 'Ralf', 'Seekatz', '1.1.1972.', 'n');
insert into CandidatesData (idno) VALUES (7185);
insert into Landeslistenplatz (llid, idno, position) VALUES (312, 7185, 35);
insert into Citizen (idno, title, firstname, lastname, dateofbirth, gender) VALUES (7186, '', 'Manfred', 'Seel', '1.1.1954.', 'n');
insert into CandidatesData (idno) VALUES (7186);
insert into Candidacy (wkid, idno, supportedby) VALUES (508, 7186, 3);
insert into Landeslistenplatz (llid, idno, position) VALUES (350, 7186, 6);
insert into Citizen (idno, title, firstname, lastname, dateofbirth, gender) VALUES (7187, '', 'Harry Gerhard', 'Seemann', '1.1.1955.', 'n');
insert into CandidatesData (idno) VALUES (7187);
insert into Candidacy (wkid, idno, supportedby) VALUES (258, 7187, NULL);
insert into Citizen (idno, title, firstname, lastname, dateofbirth, gender) VALUES (7188, '', 'Wolfgang', 'Seemann', '1.1.1950.', 'n');
insert into CandidatesData (idno) VALUES (7188);
insert into Candidacy (wkid, idno, supportedby) VALUES (272, 7188, 36);
insert into Citizen (idno, title, firstname, lastname, dateofbirth, gender) VALUES (7189, '', 'Ulrike', 'Seemann-Katz', '1.1.1955.', 'n');
insert into CandidatesData (idno) VALUES (7189);
insert into Candidacy (wkid, idno, supportedby) VALUES (26, 7189, 5);
insert into Landeslistenplatz (llid, idno, position) VALUES (352, 7189, 2);
insert into Citizen (idno, title, firstname, lastname, dateofbirth, gender) VALUES (7190, '', 'Matthias', 'Seestern-Pauly', '1.1.1984.', 'n');
insert into CandidatesData (idno) VALUES (7190);
insert into Candidacy (wkid, idno, supportedby) VALUES (76, 7190, 4);
insert into Landeslistenplatz (llid, idno, position) VALUES (301, 7190, 9);
insert into Citizen (idno, title, firstname, lastname, dateofbirth, gender) VALUES (7191, '', 'Wolfgang', 'Seidel', '1.1.1969.', 'n');
insert into CandidatesData (idno) VALUES (7191);
insert into Candidacy (wkid, idno, supportedby) VALUES (444, 7191, 3);
insert into Citizen (idno, title, firstname, lastname, dateofbirth, gender) VALUES (7192, '', 'Lothar', 'Seidemann', '1.1.1950.', 'n');
insert into CandidatesData (idno) VALUES (7192);
insert into Candidacy (wkid, idno, supportedby) VALUES (560, 7192, 19);
insert into Landeslistenplatz (llid, idno, position) VALUES (358, 7192, 4);
insert into Citizen (idno, title, firstname, lastname, dateofbirth, gender) VALUES (7193, '', 'Lars', 'Seidensticker', '1.1.1973.', 'n');
insert into CandidatesData (idno) VALUES (7193);
insert into Landeslistenplatz (llid, idno, position) VALUES (411, 7193, 1);
insert into Citizen (idno, title, firstname, lastname, dateofbirth, gender) VALUES (7194, '', 'Anton', 'Seidl', '1.1.1959.', 'n');
insert into CandidatesData (idno) VALUES (7194);
insert into Landeslistenplatz (llid, idno, position) VALUES (206, 7194, 43);
insert into Citizen (idno, title, firstname, lastname, dateofbirth, gender) VALUES (7195, '', 'Siegfried Hermann', 'Seidl', '1.1.1965.', 'n');
insert into CandidatesData (idno) VALUES (7195);
insert into Candidacy (wkid, idno, supportedby) VALUES (460, 7195, 4);
insert into Landeslistenplatz (llid, idno, position) VALUES (276, 7195, 26);
insert into Citizen (idno, title, firstname, lastname, dateofbirth, gender) VALUES (7196, '', 'Malte-Carsten', 'Seidler', '1.1.1978.', 'n');
insert into CandidatesData (idno) VALUES (7196);
insert into Landeslistenplatz (llid, idno, position) VALUES (368, 7196, 7);
insert into Citizen (idno, title, firstname, lastname, dateofbirth, gender) VALUES (7197, '', 'Pascal', 'Seidler', '1.1.1991.', 'n');
insert into CandidatesData (idno) VALUES (7197);
insert into Landeslistenplatz (llid, idno, position) VALUES (320, 7197, 12);
insert into Citizen (idno, title, firstname, lastname, dateofbirth, gender) VALUES (7198, '', 'Detlef', 'Seif', '1.1.1962.', 'n');
insert into CandidatesData (idno) VALUES (7198);
insert into Candidacy (wkid, idno, supportedby) VALUES (184, 7198, 12);
insert into Landeslistenplatz (llid, idno, position) VALUES (310, 7198, 49);
insert into Citizen (idno, title, firstname, lastname, dateofbirth, gender) VALUES (7199, '', 'Helmut', 'Seifen', '1.1.1953.', 'n');
insert into CandidatesData (idno) VALUES (7199);
insert into Candidacy (wkid, idno, supportedby) VALUES (248, 7199, 33);
insert into Citizen (idno, title, firstname, lastname, dateofbirth, gender) VALUES (7200, '', 'Berthold Konrad', 'Seifert', '1.1.1964.', 'n');
insert into CandidatesData (idno) VALUES (7200);
insert into Landeslistenplatz (llid, idno, position) VALUES (213, 7200, 3);
insert into Citizen (idno, title, firstname, lastname, dateofbirth, gender) VALUES (7201, 'Dr. ', 'Ilja', 'Seifert', '1.1.1951.', 'n');
insert into CandidatesData (idno) VALUES (7201);
insert into Candidacy (wkid, idno, supportedby) VALUES (314, 7201, 3);
insert into Landeslistenplatz (llid, idno, position) VALUES (417, 7201, 10);
insert into Citizen (idno, title, firstname, lastname, dateofbirth, gender) VALUES (7202, '', 'Erich', 'Seifert', '1.1.1965.', 'n');
insert into CandidatesData (idno) VALUES (7202);
insert into Candidacy (wkid, idno, supportedby) VALUES (110, 7202, 33);
insert into Landeslistenplatz (llid, idno, position) VALUES (431, 7202, 3);
insert into Citizen (idno, title, firstname, lastname, dateofbirth, gender) VALUES (7203, '', 'Ralf Michael', 'Seifert', '1.1.1955.', 'n');
insert into CandidatesData (idno) VALUES (7203);
insert into Landeslistenplatz (llid, idno, position) VALUES (332, 7203, 11);
insert into Citizen (idno, title, firstname, lastname, dateofbirth, gender) VALUES (7204, '', 'Priska', 'Seiler', '1.1.1962.', 'n');
insert into CandidatesData (idno) VALUES (7204);
insert into Landeslistenplatz (llid, idno, position) VALUES (279, 7204, 36);
insert into Citizen (idno, title, firstname, lastname, dateofbirth, gender) VALUES (7205, '', 'Jens', 'Seipenbusch', '1.1.1968.', 'n');
insert into CandidatesData (idno) VALUES (7205);
insert into Landeslistenplatz (llid, idno, position) VALUES (248, 7205, 4);
insert into Citizen (idno, title, firstname, lastname, dateofbirth, gender) VALUES (7206, '', 'Ursula', 'Seissiger', '1.1.1946.', 'n');
insert into CandidatesData (idno) VALUES (7206);
insert into Candidacy (wkid, idno, supportedby) VALUES (500, 7206, 4);
insert into Landeslistenplatz (llid, idno, position) VALUES (276, 7206, 44);
insert into Citizen (idno, title, firstname, lastname, dateofbirth, gender) VALUES (7207, '', 'Jasmin', 'Seitz', '1.1.1989.', 'n');
insert into CandidatesData (idno) VALUES (7207);
insert into Landeslistenplatz (llid, idno, position) VALUES (279, 7207, 33);
insert into Citizen (idno, title, firstname, lastname, dateofbirth, gender) VALUES (7208, '', 'Gabriela', 'Seitz-Hoffmann', '1.1.1952.', 'n');
insert into CandidatesData (idno) VALUES (7208);
insert into Candidacy (wkid, idno, supportedby) VALUES (452, 7208, 5);
insert into Landeslistenplatz (llid, idno, position) VALUES (238, 7208, 29);
insert into Citizen (idno, title, firstname, lastname, dateofbirth, gender) VALUES (7209, '', 'Albert', 'Seitzer', '1.1.1954.', 'n');
insert into CandidatesData (idno) VALUES (7209);
insert into Candidacy (wkid, idno, supportedby) VALUES (526, 7209, 36);
insert into Citizen (idno, title, firstname, lastname, dateofbirth, gender) VALUES (7210, '', 'Beate', 'Selder-Radke', '1.1.1964.', 'n');
insert into CandidatesData (idno) VALUES (7210);
insert into Landeslistenplatz (llid, idno, position) VALUES (425, 7210, 2);
insert into Citizen (idno, title, firstname, lastname, dateofbirth, gender) VALUES (7211, '', 'Holger', 'Selig', '1.1.1970.', 'n');
insert into CandidatesData (idno) VALUES (7211);
insert into Candidacy (wkid, idno, supportedby) VALUES (226, 7211, 33);
insert into Citizen (idno, title, firstname, lastname, dateofbirth, gender) VALUES (7212, '', 'Johannes', 'Selle', '1.1.1956.', 'n');
insert into CandidatesData (idno) VALUES (7212);
insert into Candidacy (wkid, idno, supportedby) VALUES (382, 7212, 12);
insert into Landeslistenplatz (llid, idno, position) VALUES (388, 7212, 7);
insert into Citizen (idno, title, firstname, lastname, dateofbirth, gender) VALUES (7213, '', 'Diego', 'Semmler', '1.1.1986.', 'n');
insert into CandidatesData (idno) VALUES (7213);
insert into Landeslistenplatz (llid, idno, position) VALUES (315, 7213, 14);
insert into Citizen (idno, title, firstname, lastname, dateofbirth, gender) VALUES (7214, '', 'Georg', 'Semmler', '1.1.1982.', 'n');
insert into CandidatesData (idno) VALUES (7214);
insert into Candidacy (wkid, idno, supportedby) VALUES (418, 7214, 35);
insert into Landeslistenplatz (llid, idno, position) VALUES (375, 7214, 3);
insert into Citizen (idno, title, firstname, lastname, dateofbirth, gender) VALUES (7215, '', 'Björn Niklas', 'Semrau', '1.1.1978.', 'n');
insert into CandidatesData (idno) VALUES (7215);
insert into Candidacy (wkid, idno, supportedby) VALUES (372, 7215, 7);
insert into Landeslistenplatz (llid, idno, position) VALUES (287, 7215, 4);
insert into Citizen (idno, title, firstname, lastname, dateofbirth, gender) VALUES (7216, '', 'Reinhold Max', 'Sendker', '1.1.1952.', 'n');
insert into CandidatesData (idno) VALUES (7216);
insert into Candidacy (wkid, idno, supportedby) VALUES (260, 7216, 12);
insert into Citizen (idno, title, firstname, lastname, dateofbirth, gender) VALUES (7217, '', 'Mieke', 'Senftleben', '1.1.1952.', 'n');
insert into CandidatesData (idno) VALUES (7217);
insert into Candidacy (wkid, idno, supportedby) VALUES (154, 7217, 4);
insert into Citizen (idno, title, firstname, lastname, dateofbirth, gender) VALUES (7218, '', 'Kathrin', 'Senger-Schäfer', '1.1.1962.', 'n');
insert into CandidatesData (idno) VALUES (7218);
insert into Candidacy (wkid, idno, supportedby) VALUES (412, 7218, 3);
insert into Citizen (idno, title, firstname, lastname, dateofbirth, gender) VALUES (7219, '', 'Patrick Ernst Hermann', 'Sensburg', '1.1.1971.', 'n');
insert into CandidatesData (idno) VALUES (7219);
insert into Candidacy (wkid, idno, supportedby) VALUES (294, 7219, 12);
insert into Citizen (idno, title, firstname, lastname, dateofbirth, gender) VALUES (7220, '', 'Henriette', 'Serbser', '1.1.1981.', 'n');
insert into CandidatesData (idno) VALUES (7220);
insert into Landeslistenplatz (llid, idno, position) VALUES (201, 7220, 7);
insert into Citizen (idno, title, firstname, lastname, dateofbirth, gender) VALUES (7221, '', 'Claudia Irina', 'Servas', '1.1.1959.', 'n');
insert into CandidatesData (idno) VALUES (7221);
insert into Landeslistenplatz (llid, idno, position) VALUES (250, 7221, 7);
insert into Citizen (idno, title, firstname, lastname, dateofbirth, gender) VALUES (7222, '', 'Wolfgang', 'Serway', '1.1.1948.', 'n');
insert into CandidatesData (idno) VALUES (7222);
insert into Landeslistenplatz (llid, idno, position) VALUES (270, 7222, 17);
insert into Citizen (idno, title, firstname, lastname, dateofbirth, gender) VALUES (7223, '', 'Miriam', 'Seyffahrt', '1.1.1986.', 'n');
insert into CandidatesData (idno) VALUES (7223);
insert into Landeslistenplatz (llid, idno, position) VALUES (382, 7223, 2);
insert into Citizen (idno, title, firstname, lastname, dateofbirth, gender) VALUES (7224, '', 'Raju', 'Sharma', '1.1.1964.', 'n');
insert into CandidatesData (idno) VALUES (7224);
insert into Candidacy (wkid, idno, supportedby) VALUES (10, 7224, 3);
insert into Citizen (idno, title, firstname, lastname, dateofbirth, gender) VALUES (7225, 'Dr. ', 'Michaele', 'Siebe', '1.1.1960.', 'n');
insert into CandidatesData (idno) VALUES (7225);
insert into Candidacy (wkid, idno, supportedby) VALUES (452, 7225, 3);
insert into Landeslistenplatz (llid, idno, position) VALUES (350, 7225, 17);
insert into Citizen (idno, title, firstname, lastname, dateofbirth, gender) VALUES (7226, '', 'Andrea', 'Sieber', '1.1.1977.', 'n');
insert into CandidatesData (idno) VALUES (7226);
insert into Candidacy (wkid, idno, supportedby) VALUES (528, 7226, 5);
insert into Landeslistenplatz (llid, idno, position) VALUES (234, 7226, 25);
insert into Citizen (idno, title, firstname, lastname, dateofbirth, gender) VALUES (7227, '', 'Bernd', 'Siebert', '1.1.1949.', 'n');
insert into CandidatesData (idno) VALUES (7227);
insert into Candidacy (wkid, idno, supportedby) VALUES (340, 7227, 12);
insert into Landeslistenplatz (llid, idno, position) VALUES (262, 7227, 4);
insert into Citizen (idno, title, firstname, lastname, dateofbirth, gender) VALUES (7228, '', 'Andre', 'Sieg', '1.1.1963.', 'n');
insert into CandidatesData (idno) VALUES (7228);
insert into Landeslistenplatz (llid, idno, position) VALUES (426, 7228, 1);
insert into Citizen (idno, title, firstname, lastname, dateofbirth, gender) VALUES (7229, '', 'Monika', 'Sieg', '1.1.1946.', 'n');
insert into CandidatesData (idno) VALUES (7229);
insert into Landeslistenplatz (llid, idno, position) VALUES (236, 7229, 18);
insert into Citizen (idno, title, firstname, lastname, dateofbirth, gender) VALUES (7230, '', 'Günther', 'Siegert', '1.1.1947.', 'n');
insert into CandidatesData (idno) VALUES (7230);
insert into Candidacy (wkid, idno, supportedby) VALUES (40, 7230, 33);
insert into Citizen (idno, title, firstname, lastname, dateofbirth, gender) VALUES (7231, '', 'Oliver', 'Sieh', '1.1.1962.', 'n');
insert into CandidatesData (idno) VALUES (7231);
insert into Landeslistenplatz (llid, idno, position) VALUES (236, 7231, 9);
insert into Citizen (idno, title, firstname, lastname, dateofbirth, gender) VALUES (7232, 'Dr. ', 'Carsten Günter Erich', 'Sieling', '1.1.1959.', 'n');
insert into CandidatesData (idno) VALUES (7232);
insert into Candidacy (wkid, idno, supportedby) VALUES (108, 7232, 2);
insert into Landeslistenplatz (llid, idno, position) VALUES (300, 7232, 1);
insert into Citizen (idno, title, firstname, lastname, dateofbirth, gender) VALUES (7233, '', 'Armin', 'Siemiatkowski', '1.1.1993.', 'n');
insert into CandidatesData (idno) VALUES (7233);
insert into Landeslistenplatz (llid, idno, position) VALUES (219, 7233, 13);
insert into Citizen (idno, title, firstname, lastname, dateofbirth, gender) VALUES (7234, '', 'Helmut', 'Siemsglüß', '1.1.1960.', 'n');
insert into CandidatesData (idno) VALUES (7234);
insert into Landeslistenplatz (llid, idno, position) VALUES (297, 7234, 22);
insert into Citizen (idno, title, firstname, lastname, dateofbirth, gender) VALUES (7235, '', 'Rocco', 'Sieratzki', '1.1.1987.', 'n');
insert into CandidatesData (idno) VALUES (7235);
insert into Landeslistenplatz (llid, idno, position) VALUES (353, 7235, 8);
insert into Citizen (idno, title, firstname, lastname, dateofbirth, gender) VALUES (7236, '', 'Astrid', 'Siercke', '1.1.1963.', 'n');
insert into CandidatesData (idno) VALUES (7236);
insert into Landeslistenplatz (llid, idno, position) VALUES (274, 7236, 4);
insert into Citizen (idno, title, firstname, lastname, dateofbirth, gender) VALUES (7237, '', 'Benjamin Magnus', 'Siggel', '1.1.1986.', 'n');
insert into CandidatesData (idno) VALUES (7237);
insert into Landeslistenplatz (llid, idno, position) VALUES (268, 7237, 6);
insert into Citizen (idno, title, firstname, lastname, dateofbirth, gender) VALUES (7238, '', 'Fabian Tobias', 'Siggelkow', '1.1.1984.', 'n');
insert into CandidatesData (idno) VALUES (7238);
insert into Landeslistenplatz (llid, idno, position) VALUES (313, 7238, 3);
insert into Citizen (idno, title, firstname, lastname, dateofbirth, gender) VALUES (7239, '', 'Gottfried Walter', 'Silberhorn', '1.1.1955.', 'n');
insert into CandidatesData (idno) VALUES (7239);
insert into Landeslistenplatz (llid, idno, position) VALUES (204, 7239, 36);
insert into Citizen (idno, title, firstname, lastname, dateofbirth, gender) VALUES (7240, '', 'Thomas', 'Silberhorn', '1.1.1968.', 'n');
insert into CandidatesData (idno) VALUES (7240);
insert into Candidacy (wkid, idno, supportedby) VALUES (472, 7240, 9);
insert into Citizen (idno, title, firstname, lastname, dateofbirth, gender) VALUES (7241, '', 'Florian', 'Simbeck', '1.1.1971.', 'n');
insert into CandidatesData (idno) VALUES (7241);
insert into Candidacy (wkid, idno, supportedby) VALUES (430, 7241, 2);
insert into Landeslistenplatz (llid, idno, position) VALUES (260, 7241, 42);
insert into Citizen (idno, title, firstname, lastname, dateofbirth, gender) VALUES (7242, '', 'Werner', 'Simmling', '1.1.1944.', 'n');
insert into CandidatesData (idno) VALUES (7242);
insert into Candidacy (wkid, idno, supportedby) VALUES (526, 7242, 4);
insert into Landeslistenplatz (llid, idno, position) VALUES (224, 7242, 24);
insert into Citizen (idno, title, firstname, lastname, dateofbirth, gender) VALUES (7243, '', 'Hasso Carl-Wilhelm', 'Simon', '1.1.1947.', 'n');
insert into CandidatesData (idno) VALUES (7243);
insert into Candidacy (wkid, idno, supportedby) VALUES (298, 7243, 33);
insert into Citizen (idno, title, firstname, lastname, dateofbirth, gender) VALUES (7244, '', 'Marcel', 'Simon', '1.1.1989.', 'n');
insert into CandidatesData (idno) VALUES (7244);
insert into Landeslistenplatz (llid, idno, position) VALUES (219, 7244, 9);
insert into Citizen (idno, title, firstname, lastname, dateofbirth, gender) VALUES (7245, '', 'Johannes', 'Singhammer', '1.1.1953.', 'n');
insert into CandidatesData (idno) VALUES (7245);
insert into Candidacy (wkid, idno, supportedby) VALUES (436, 7245, 9);
insert into Landeslistenplatz (llid, idno, position) VALUES (220, 7245, 7);
insert into Citizen (idno, title, firstname, lastname, dateofbirth, gender) VALUES (7246, '', 'Oliver', 'Sippel', '1.1.1978.', 'n');
insert into CandidatesData (idno) VALUES (7246);
insert into Candidacy (wkid, idno, supportedby) VALUES (4, 7246, 7);
insert into Landeslistenplatz (llid, idno, position) VALUES (368, 7246, 3);
insert into Citizen (idno, title, firstname, lastname, dateofbirth, gender) VALUES (7247, '', 'Wolf-Rüdiger', 'Sippel', '1.1.1955.', 'n');
insert into CandidatesData (idno) VALUES (7247);
insert into Landeslistenplatz (llid, idno, position) VALUES (370, 7247, 4);
insert into Citizen (idno, title, firstname, lastname, dateofbirth, gender) VALUES (7248, 'Dr. ', 'Petra', 'Sitte', '1.1.1960.', 'n');
insert into CandidatesData (idno) VALUES (7248);
insert into Candidacy (wkid, idno, supportedby) VALUES (144, 7248, 3);
insert into Landeslistenplatz (llid, idno, position) VALUES (373, 7248, 1);
insert into Citizen (idno, title, firstname, lastname, dateofbirth, gender) VALUES (7249, '', 'Vladimir', 'Skoda', '1.1.1948.', 'n');
insert into CandidatesData (idno) VALUES (7249);
insert into Candidacy (wkid, idno, supportedby) VALUES (196, 7249, 33);
insert into Citizen (idno, title, firstname, lastname, dateofbirth, gender) VALUES (7250, '', 'Judith', 'Skudelny', '1.1.1975.', 'n');
insert into CandidatesData (idno) VALUES (7250);
insert into Candidacy (wkid, idno, supportedby) VALUES (516, 7250, 4);
insert into Landeslistenplatz (llid, idno, position) VALUES (224, 7250, 6);
insert into Citizen (idno, title, firstname, lastname, dateofbirth, gender) VALUES (7251, '', 'Sven', 'Sladek', '1.1.1970.', 'n');
insert into CandidatesData (idno) VALUES (7251);
insert into Candidacy (wkid, idno, supportedby) VALUES (292, 7251, 7);
insert into Citizen (idno, title, firstname, lastname, dateofbirth, gender) VALUES (7252, '', 'Günter Paul', 'Slave', '1.1.1955.', 'n');
insert into CandidatesData (idno) VALUES (7252);
insert into Candidacy (wkid, idno, supportedby) VALUES (320, 7252, 13);
insert into Landeslistenplatz (llid, idno, position) VALUES (409, 7252, 1);
insert into Citizen (idno, title, firstname, lastname, dateofbirth, gender) VALUES (7253, '', 'Michael', 'Slobidnyk', '1.1.1965.', 'n');
insert into CandidatesData (idno) VALUES (7253);
insert into Candidacy (wkid, idno, supportedby) VALUES (28, 7253, 7);
insert into Citizen (idno, title, firstname, lastname, dateofbirth, gender) VALUES (7254, '', 'Oliver', 'Snelinski', '1.1.1980.', 'n');
insert into CandidatesData (idno) VALUES (7254);
insert into Candidacy (wkid, idno, supportedby) VALUES (172, 7254, NULL);
insert into Citizen (idno, title, firstname, lastname, dateofbirth, gender) VALUES (7255, '', 'Eva', 'Söllner', '1.1.1960.', 'n');
insert into CandidatesData (idno) VALUES (7255);
insert into Landeslistenplatz (llid, idno, position) VALUES (262, 7255, 37);
insert into Citizen (idno, title, firstname, lastname, dateofbirth, gender) VALUES (7256, '', 'Karl', 'Söllner', '1.1.1956.', 'n');
insert into CandidatesData (idno) VALUES (7256);
insert into Candidacy (wkid, idno, supportedby) VALUES (466, 7256, 2);
insert into Landeslistenplatz (llid, idno, position) VALUES (260, 7256, 25);
insert into Citizen (idno, title, firstname, lastname, dateofbirth, gender) VALUES (7257, '', 'Nicolas', 'Sölter', '1.1.1988.', 'n');
insert into CandidatesData (idno) VALUES (7257);
insert into Landeslistenplatz (llid, idno, position) VALUES (335, 7257, 29);
insert into Citizen (idno, title, firstname, lastname, dateofbirth, gender) VALUES (7258, '', 'Harm', 'Sönksen', '1.1.1978.', 'n');
insert into CandidatesData (idno) VALUES (7258);
insert into Landeslistenplatz (llid, idno, position) VALUES (389, 7258, 14);
insert into Citizen (idno, title, firstname, lastname, dateofbirth, gender) VALUES (7259, '', 'Lennart', 'Sörensen', '1.1.1995.', 'n');
insert into CandidatesData (idno) VALUES (7259);
insert into Landeslistenplatz (llid, idno, position) VALUES (313, 7259, 6);
insert into Citizen (idno, title, firstname, lastname, dateofbirth, gender) VALUES (7260, '', 'Thomas', 'Sokolowski', '1.1.1966.', 'n');
insert into CandidatesData (idno) VALUES (7260);
insert into Landeslistenplatz (llid, idno, position) VALUES (268, 7260, 16);
insert into Citizen (idno, title, firstname, lastname, dateofbirth, gender) VALUES (7261, 'Dr. ', 'Hermann Otto', 'Solms-Hohensolms-Lich Prinz zu', '1.1.1940.', 'n');
insert into CandidatesData (idno) VALUES (7261);
insert into Candidacy (wkid, idno, supportedby) VALUES (346, 7261, 4);
insert into Landeslistenplatz (llid, idno, position) VALUES (290, 7261, 39);
insert into Citizen (idno, title, firstname, lastname, dateofbirth, gender) VALUES (7262, '', 'Uwe', 'Soltau', '1.1.1958.', 'n');
insert into CandidatesData (idno) VALUES (7262);
insert into Landeslistenplatz (llid, idno, position) VALUES (253, 7262, 25);
insert into Citizen (idno, title, firstname, lastname, dateofbirth, gender) VALUES (7263, '', 'Klaus Dieter', 'Sommer', '1.1.1947.', 'n');
insert into CandidatesData (idno) VALUES (7263);
insert into Landeslistenplatz (llid, idno, position) VALUES (315, 7263, 15);
insert into Citizen (idno, title, firstname, lastname, dateofbirth, gender) VALUES (7264, '', 'Theodor Heinrich', 'Sommer', '1.1.1960.', 'n');
insert into CandidatesData (idno) VALUES (7264);
insert into Candidacy (wkid, idno, supportedby) VALUES (106, 7264, 32);
insert into Landeslistenplatz (llid, idno, position) VALUES (282, 7264, 3);
insert into Citizen (idno, title, firstname, lastname, dateofbirth, gender) VALUES (7265, '', 'Klaus Jürgen', 'Sommerfeld', '1.1.1956.', 'n');
insert into CandidatesData (idno) VALUES (7265);
insert into Candidacy (wkid, idno, supportedby) VALUES (382, 7265, 7);
insert into Landeslistenplatz (llid, idno, position) VALUES (218, 7265, 7);
insert into Citizen (idno, title, firstname, lastname, dateofbirth, gender) VALUES (7266, '', 'Norbert', 'Sondermann', '1.1.1966.', 'n');
insert into CandidatesData (idno) VALUES (7266);
insert into Candidacy (wkid, idno, supportedby) VALUES (378, 7266, 5);
insert into Citizen (idno, title, firstname, lastname, dateofbirth, gender) VALUES (7267, '', 'Christoph', 'Sonnenberg-Westeson', '1.1.1969.', 'n');
insert into CandidatesData (idno) VALUES (7267);
insert into Candidacy (wkid, idno, supportedby) VALUES (156, 7267, 5);
insert into Citizen (idno, title, firstname, lastname, dateofbirth, gender) VALUES (7268, 'Dr. ', 'Wolfgang', 'Sonnenborn', '1.1.1962.', 'n');
insert into CandidatesData (idno) VALUES (7268);
insert into Candidacy (wkid, idno, supportedby) VALUES (296, 7268, 33);
insert into Citizen (idno, title, firstname, lastname, dateofbirth, gender) VALUES (7269, '', 'Michael', 'Sonntag', '1.1.1954.', 'n');
insert into CandidatesData (idno) VALUES (7269);
insert into Landeslistenplatz (llid, idno, position) VALUES (201, 7269, 39);
insert into Citizen (idno, title, firstname, lastname, dateofbirth, gender) VALUES (7270, '', 'Sandra', 'Sonntag', '1.1.1974.', 'n');
insert into CandidatesData (idno) VALUES (7270);
insert into Candidacy (wkid, idno, supportedby) VALUES (450, 7270, 4);
insert into Landeslistenplatz (llid, idno, position) VALUES (276, 7270, 15);
insert into Citizen (idno, title, firstname, lastname, dateofbirth, gender) VALUES (7271, '', 'Tino', 'Sorge', '1.1.1975.', 'n');
insert into CandidatesData (idno) VALUES (7271);
insert into Candidacy (wkid, idno, supportedby) VALUES (138, 7271, 12);
insert into Landeslistenplatz (llid, idno, position) VALUES (305, 7271, 8);
insert into Citizen (idno, title, firstname, lastname, dateofbirth, gender) VALUES (7272, '', 'Alois', 'Späth', '1.1.1937.', 'n');
insert into CandidatesData (idno) VALUES (7272);
insert into Candidacy (wkid, idno, supportedby) VALUES (468, 7272, 15);
insert into Citizen (idno, title, firstname, lastname, dateofbirth, gender) VALUES (7273, '', 'Barbara', 'Spahn', '1.1.1954.', 'n');
insert into CandidatesData (idno) VALUES (7273);
insert into Candidacy (wkid, idno, supportedby) VALUES (412, 7273, 10);
insert into Citizen (idno, title, firstname, lastname, dateofbirth, gender) VALUES (7274, '', 'Jens', 'Spahn', '1.1.1980.', 'n');
insert into CandidatesData (idno) VALUES (7274);
insert into Candidacy (wkid, idno, supportedby) VALUES (248, 7274, 12);
insert into Citizen (idno, title, firstname, lastname, dateofbirth, gender) VALUES (7275, '', 'Otto', 'Sparrer', '1.1.1951.', 'n');
insert into CandidatesData (idno) VALUES (7275);
insert into Candidacy (wkid, idno, supportedby) VALUES (482, 7275, 32);
insert into Landeslistenplatz (llid, idno, position) VALUES (206, 7275, 19);
insert into Citizen (idno, title, firstname, lastname, dateofbirth, gender) VALUES (7276, '', 'Peter', 'Spath', '1.1.1960.', 'n');
insert into CandidatesData (idno) VALUES (7276);
insert into Candidacy (wkid, idno, supportedby) VALUES (500, 7276, 36);
insert into Landeslistenplatz (llid, idno, position) VALUES (295, 7276, 25);
insert into Citizen (idno, title, firstname, lastname, dateofbirth, gender) VALUES (7277, '', 'Joachim', 'Spatz', '1.1.1964.', 'n');
insert into CandidatesData (idno) VALUES (7277);
insert into Candidacy (wkid, idno, supportedby) VALUES (502, 7277, 4);
insert into Landeslistenplatz (llid, idno, position) VALUES (276, 7277, 9);
insert into Citizen (idno, title, firstname, lastname, dateofbirth, gender) VALUES (7278, '', 'Jochen', 'Speck', '1.1.1980.', 'n');
insert into CandidatesData (idno) VALUES (7278);
insert into Landeslistenplatz (llid, idno, position) VALUES (239, 7278, 8);
insert into Citizen (idno, title, firstname, lastname, dateofbirth, gender) VALUES (7279, '', 'Konrad', 'Specker', '1.1.1972.', 'n');
insert into CandidatesData (idno) VALUES (7279);
insert into Candidacy (wkid, idno, supportedby) VALUES (448, 7279, 32);
insert into Landeslistenplatz (llid, idno, position) VALUES (206, 7279, 10);
insert into Citizen (idno, title, firstname, lastname, dateofbirth, gender) VALUES (7280, '', 'Friedrich', 'Spee Graf von', '1.1.1982.', 'n');
insert into CandidatesData (idno) VALUES (7280);
insert into Landeslistenplatz (llid, idno, position) VALUES (314, 7280, 14);
insert into Citizen (idno, title, firstname, lastname, dateofbirth, gender) VALUES (7281, '', 'Horst', 'Speichert', '1.1.1967.', 'n');
insert into CandidatesData (idno) VALUES (7281);
insert into Candidacy (wkid, idno, supportedby) VALUES (580, 7281, 33);
insert into Citizen (idno, title, firstname, lastname, dateofbirth, gender) VALUES (7282, '', 'Anna', 'Spiczak-Brzezinski von', '1.1.1986.', 'n');
insert into CandidatesData (idno) VALUES (7282);
insert into Candidacy (wkid, idno, supportedby) VALUES (230, 7282, 5);
insert into Landeslistenplatz (llid, idno, position) VALUES (256, 7282, 27);
insert into Citizen (idno, title, firstname, lastname, dateofbirth, gender) VALUES (7283, '', 'Wilk', 'Spieker', '1.1.1967.', 'n');
insert into CandidatesData (idno) VALUES (7283);
insert into Candidacy (wkid, idno, supportedby) VALUES (272, 7283, 7);
insert into Citizen (idno, title, firstname, lastname, dateofbirth, gender) VALUES (7284, '', 'Rainer', 'Spiering', '1.1.1956.', 'n');
insert into CandidatesData (idno) VALUES (7284);
insert into Candidacy (wkid, idno, supportedby) VALUES (76, 7284, 2);
insert into Landeslistenplatz (llid, idno, position) VALUES (242, 7284, 7);
insert into Citizen (idno, title, firstname, lastname, dateofbirth, gender) VALUES (7285, '', 'Norbert', 'Spinrath', '1.1.1957.', 'n');
insert into CandidatesData (idno) VALUES (7285);
insert into Candidacy (wkid, idno, supportedby) VALUES (178, 7285, 2);
insert into Landeslistenplatz (llid, idno, position) VALUES (246, 7285, 23);
insert into Citizen (idno, title, firstname, lastname, dateofbirth, gender) VALUES (7286, '', 'Malte Johannes', 'Spitz', '1.1.1984.', 'n');
insert into CandidatesData (idno) VALUES (7286);
insert into Candidacy (wkid, idno, supportedby) VALUES (288, 7286, 5);
insert into Landeslistenplatz (llid, idno, position) VALUES (256, 7286, 16);
insert into Citizen (idno, title, firstname, lastname, dateofbirth, gender) VALUES (7287, '', 'Rolf', 'Spitz', '1.1.1960.', 'n');
insert into CandidatesData (idno) VALUES (7287);
insert into Candidacy (wkid, idno, supportedby) VALUES (514, 7287, 2);
insert into Landeslistenplatz (llid, idno, position) VALUES (260, 7287, 43);
insert into Citizen (idno, title, firstname, lastname, dateofbirth, gender) VALUES (7288, '', 'Markus Sebastian', 'Sponbrucker', '1.1.1970.', 'n');
insert into CandidatesData (idno) VALUES (7288);
insert into Candidacy (wkid, idno, supportedby) VALUES (456, 7288, 4);
insert into Landeslistenplatz (llid, idno, position) VALUES (276, 7288, 43);
insert into Citizen (idno, title, firstname, lastname, dateofbirth, gender) VALUES (7289, '', 'Georg', 'Sponfeldner', '1.1.1977.', 'n');
insert into CandidatesData (idno) VALUES (7289);
insert into Candidacy (wkid, idno, supportedby) VALUES (104, 7289, 32);
insert into Landeslistenplatz (llid, idno, position) VALUES (282, 7289, 11);
insert into Citizen (idno, title, firstname, lastname, dateofbirth, gender) VALUES (7290, '', 'Iris', 'Spranger', '1.1.1961.', 'n');
insert into CandidatesData (idno) VALUES (7290);
insert into Candidacy (wkid, idno, supportedby) VALUES (170, 7290, 2);
insert into Citizen (idno, title, firstname, lastname, dateofbirth, gender) VALUES (7291, '', 'Heinz Günter', 'Sprodowski', '1.1.1930.', 'n');
insert into CandidatesData (idno) VALUES (7291);
insert into Landeslistenplatz (llid, idno, position) VALUES (286, 7291, 2);
insert into Citizen (idno, title, firstname, lastname, dateofbirth, gender) VALUES (7292, '', 'Mike George', 'Stachon', '1.1.1993.', 'n');
insert into CandidatesData (idno) VALUES (7292);
insert into Landeslistenplatz (llid, idno, position) VALUES (297, 7292, 26);
insert into Citizen (idno, title, firstname, lastname, dateofbirth, gender) VALUES (7293, '', 'Matthias', 'Stadie', '1.1.1976.', 'n');
insert into CandidatesData (idno) VALUES (7293);
insert into Landeslistenplatz (llid, idno, position) VALUES (404, 7293, 1);
insert into Citizen (idno, title, firstname, lastname, dateofbirth, gender) VALUES (7294, '', 'Georg Rudolf', 'Stadler', '1.1.1987.', 'n');
insert into CandidatesData (idno) VALUES (7294);
insert into Landeslistenplatz (llid, idno, position) VALUES (206, 7294, 33);
insert into Citizen (idno, title, firstname, lastname, dateofbirth, gender) VALUES (7295, '', 'Nicole', 'Stadler', '1.1.1959.', 'n');
insert into CandidatesData (idno) VALUES (7295);
insert into Candidacy (wkid, idno, supportedby) VALUES (576, 7295, 3);
insert into Landeslistenplatz (llid, idno, position) VALUES (324, 7295, 15);
insert into Citizen (idno, title, firstname, lastname, dateofbirth, gender) VALUES (7296, '', 'Svenja', 'Stadler', '1.1.1976.', 'n');
insert into CandidatesData (idno) VALUES (7296);
insert into Candidacy (wkid, idno, supportedby) VALUES (72, 7296, 2);
insert into Landeslistenplatz (llid, idno, position) VALUES (242, 7296, 8);
insert into Citizen (idno, title, firstname, lastname, dateofbirth, gender) VALUES (7297, 'Dr. ', 'Alexandra Michaela', 'Stadler-Brehm', '1.1.1977.', 'n');
insert into CandidatesData (idno) VALUES (7297);
insert into Landeslistenplatz (llid, idno, position) VALUES (262, 7297, 41);
insert into Citizen (idno, title, firstname, lastname, dateofbirth, gender) VALUES (7298, '', 'Peter', 'Städter', '1.1.1971.', 'n');
insert into CandidatesData (idno) VALUES (7298);
insert into Landeslistenplatz (llid, idno, position) VALUES (218, 7298, 8);
insert into Citizen (idno, title, firstname, lastname, dateofbirth, gender) VALUES (7299, '', 'Torsten Heiko', 'Staffeldt', '1.1.1963.', 'n');
insert into CandidatesData (idno) VALUES (7299);
insert into Candidacy (wkid, idno, supportedby) VALUES (108, 7299, 4);
insert into Landeslistenplatz (llid, idno, position) VALUES (420, 7299, 1);
insert into Citizen (idno, title, firstname, lastname, dateofbirth, gender) VALUES (7300, '', 'Nadja Stella Cora', 'Stafl', '1.1.1963.', 'n');
insert into CandidatesData (idno) VALUES (7300);
insert into Candidacy (wkid, idno, supportedby) VALUES (498, 7300, 33);
insert into Landeslistenplatz (llid, idno, position) VALUES (342, 7300, 14);
insert into Citizen (idno, title, firstname, lastname, dateofbirth, gender) VALUES (7301, '', 'Thomas', 'Stahl', '1.1.1979.', 'n');
insert into CandidatesData (idno) VALUES (7301);
insert into Landeslistenplatz (llid, idno, position) VALUES (230, 7301, 9);
insert into Citizen (idno, title, firstname, lastname, dateofbirth, gender) VALUES (7302, '', 'Bernd Erhard', 'Stahlberg', '1.1.1954.', 'n');
insert into CandidatesData (idno) VALUES (7302);
insert into Candidacy (wkid, idno, supportedby) VALUES (168, 7302, 33);
insert into Landeslistenplatz (llid, idno, position) VALUES (303, 7302, 8);
insert into Citizen (idno, title, firstname, lastname, dateofbirth, gender) VALUES (7303, '', 'Clemens', 'Stahler', '1.1.1959.', 'n');
insert into CandidatesData (idno) VALUES (7303);
insert into Landeslistenplatz (llid, idno, position) VALUES (312, 7303, 30);
insert into Citizen (idno, title, firstname, lastname, dateofbirth, gender) VALUES (7304, '', 'Nina Elisabeth', 'Stahr', '1.1.1982.', 'n');
insert into CandidatesData (idno) VALUES (7304);
insert into Candidacy (wkid, idno, supportedby) VALUES (158, 7304, 5);
insert into Landeslistenplatz (llid, idno, position) VALUES (427, 7304, 7);
insert into Citizen (idno, title, firstname, lastname, dateofbirth, gender) VALUES (7305, '', 'Josef Stephan', 'Stalleicher', '1.1.1950.', 'n');
insert into CandidatesData (idno) VALUES (7305);
insert into Landeslistenplatz (llid, idno, position) VALUES (240, 7305, 8);
insert into Citizen (idno, title, firstname, lastname, dateofbirth, gender) VALUES (7306, '', 'Helmut', 'Stalz', '1.1.1953.', 'n');
insert into CandidatesData (idno) VALUES (7306);
insert into Candidacy (wkid, idno, supportedby) VALUES (288, 7306, 32);
insert into Landeslistenplatz (llid, idno, position) VALUES (317, 7306, 1);
insert into Citizen (idno, title, firstname, lastname, dateofbirth, gender) VALUES (7307, '', 'Arnim', 'Stamm', '1.1.1961.', 'n');
insert into CandidatesData (idno) VALUES (7307);
insert into Landeslistenplatz (llid, idno, position) VALUES (201, 7307, 31);
insert into Citizen (idno, title, firstname, lastname, dateofbirth, gender) VALUES (7308, '', 'Markus', 'Stamm', '1.1.1970.', 'n');
insert into CandidatesData (idno) VALUES (7308);
insert into Landeslistenplatz (llid, idno, position) VALUES (257, 7308, 16);
insert into Citizen (idno, title, firstname, lastname, dateofbirth, gender) VALUES (7309, '', 'Martina', 'Stamm-Fibich', '1.1.1965.', 'n');
insert into CandidatesData (idno) VALUES (7309);
insert into Candidacy (wkid, idno, supportedby) VALUES (484, 7309, 2);
insert into Landeslistenplatz (llid, idno, position) VALUES (260, 7309, 18);
insert into Citizen (idno, title, firstname, lastname, dateofbirth, gender) VALUES (7310, '', 'Hagen', 'Stanek', '1.1.1969.', 'n');
insert into CandidatesData (idno) VALUES (7310);
insert into Candidacy (wkid, idno, supportedby) VALUES (520, 7310, 7);
insert into Citizen (idno, title, firstname, lastname, dateofbirth, gender) VALUES (7311, '', 'Karola', 'Stange', '1.1.1959.', 'n');
insert into CandidatesData (idno) VALUES (7311);
insert into Candidacy (wkid, idno, supportedby) VALUES (386, 7311, 3);
insert into Citizen (idno, title, firstname, lastname, dateofbirth, gender) VALUES (7312, 'Dr. ', 'Michael', 'Stanglmaier', '1.1.1963.', 'n');
insert into CandidatesData (idno) VALUES (7312);
insert into Candidacy (wkid, idno, supportedby) VALUES (430, 7312, 5);
insert into Landeslistenplatz (llid, idno, position) VALUES (238, 7312, 20);
insert into Citizen (idno, title, firstname, lastname, dateofbirth, gender) VALUES (7313, '', 'Arne', 'Stanneck', '1.1.1970.', 'n');
insert into CandidatesData (idno) VALUES (7313);
insert into Candidacy (wkid, idno, supportedby) VALUES (10, 7313, 33);
insert into Landeslistenplatz (llid, idno, position) VALUES (285, 7313, 4);
insert into Citizen (idno, title, firstname, lastname, dateofbirth, gender) VALUES (7314, '', 'Felix Johannes', 'Staratschek', '1.1.1966.', 'n');
insert into CandidatesData (idno) VALUES (7314);
insert into Candidacy (wkid, idno, supportedby) VALUES (198, 7314, NULL);
insert into Citizen (idno, title, firstname, lastname, dateofbirth, gender) VALUES (7315, 'Dr. ', 'Joachim', 'Starbatty', '1.1.1940.', 'n');
insert into CandidatesData (idno) VALUES (7315);
insert into Landeslistenplatz (llid, idno, position) VALUES (303, 7315, 1);
insert into Citizen (idno, title, firstname, lastname, dateofbirth, gender) VALUES (7316, '', 'Florian Helmut', 'Starck', '1.1.1978.', 'n');
insert into CandidatesData (idno) VALUES (7316);
insert into Landeslistenplatz (llid, idno, position) VALUES (390, 7316, 6);
insert into Citizen (idno, title, firstname, lastname, dateofbirth, gender) VALUES (7317, '', 'Karl-Heinz', 'Starck', '1.1.1934.', 'n');
insert into CandidatesData (idno) VALUES (7317);
insert into Landeslistenplatz (llid, idno, position) VALUES (335, 7317, 21);
insert into Citizen (idno, title, firstname, lastname, dateofbirth, gender) VALUES (7318, '', 'Bernd', 'Starick', '1.1.1963.', 'n');
insert into CandidatesData (idno) VALUES (7318);
insert into Landeslistenplatz (llid, idno, position) VALUES (332, 7318, 8);
insert into Citizen (idno, title, firstname, lastname, dateofbirth, gender) VALUES (7319, '', 'Tobias', 'Stark', '1.1.1979.', 'n');
insert into CandidatesData (idno) VALUES (7319);
insert into Landeslistenplatz (llid, idno, position) VALUES (279, 7319, 38);
insert into Citizen (idno, title, firstname, lastname, dateofbirth, gender) VALUES (7320, '', 'Bettina', 'Stark-Watzinger', '1.1.1968.', 'n');
insert into CandidatesData (idno) VALUES (7320);
insert into Candidacy (wkid, idno, supportedby) VALUES (362, 7320, 4);
insert into Landeslistenplatz (llid, idno, position) VALUES (290, 7320, 4);
insert into Citizen (idno, title, firstname, lastname, dateofbirth, gender) VALUES (7321, '', 'Arno', 'Staschewski', '1.1.1957.', 'n');
insert into CandidatesData (idno) VALUES (7321);
insert into Candidacy (wkid, idno, supportedby) VALUES (66, 7321, 33);
insert into Citizen (idno, title, firstname, lastname, dateofbirth, gender) VALUES (7322, '', 'Alina', 'Staszewski', '1.1.1986.', 'n');
insert into CandidatesData (idno) VALUES (7322);
insert into Landeslistenplatz (llid, idno, position) VALUES (213, 7322, 28);
insert into Citizen (idno, title, firstname, lastname, dateofbirth, gender) VALUES (7323, '', 'Susanne', 'Staszewski', '1.1.1959.', 'n');
insert into CandidatesData (idno) VALUES (7323);
insert into Landeslistenplatz (llid, idno, position) VALUES (213, 7323, 39);
insert into Citizen (idno, title, firstname, lastname, dateofbirth, gender) VALUES (7324, '', 'Bianca', 'Staubitz', '1.1.1984.', 'n');
insert into CandidatesData (idno) VALUES (7324);
insert into Candidacy (wkid, idno, supportedby) VALUES (216, 7324, 7);
insert into Citizen (idno, title, firstname, lastname, dateofbirth, gender) VALUES (7325, '', 'Detlev Werner Helmut', 'Stauch', '1.1.1953.', 'n');
insert into CandidatesData (idno) VALUES (7325);
insert into Landeslistenplatz (llid, idno, position) VALUES (396, 7325, 1);
insert into Citizen (idno, title, firstname, lastname, dateofbirth, gender) VALUES (7326, '', 'Carola', 'Stauche', '1.1.1952.', 'n');
insert into CandidatesData (idno) VALUES (7326);
insert into Candidacy (wkid, idno, supportedby) VALUES (392, 7326, 12);
insert into Landeslistenplatz (llid, idno, position) VALUES (388, 7326, 6);
insert into Citizen (idno, title, firstname, lastname, dateofbirth, gender) VALUES (7327, '', 'Peter', 'Staudenhöchtl', '1.1.1955.', 'n');
insert into CandidatesData (idno) VALUES (7327);
insert into Candidacy (wkid, idno, supportedby) VALUES (446, 7327, 19);
insert into Landeslistenplatz (llid, idno, position) VALUES (213, 7327, 2);
insert into Citizen (idno, title, firstname, lastname, dateofbirth, gender) VALUES (7328, '', 'Sebastian', 'Staudenmaier', '1.1.1990.', 'n');
insert into CandidatesData (idno) VALUES (7328);
insert into Candidacy (wkid, idno, supportedby) VALUES (538, 7328, 7);
insert into Landeslistenplatz (llid, idno, position) VALUES (221, 7328, 7);
insert into Citizen (idno, title, firstname, lastname, dateofbirth, gender) VALUES (7329, '', 'Ingo', 'Stawitz', '1.1.1950.', 'n');
insert into CandidatesData (idno) VALUES (7329);
insert into Candidacy (wkid, idno, supportedby) VALUES (14, 7329, 1);
insert into Landeslistenplatz (llid, idno, position) VALUES (416, 7329, 1);
insert into Citizen (idno, title, firstname, lastname, dateofbirth, gender) VALUES (7330, '', 'Zofia Teresa', 'Steck-Walicki', '1.1.1947.', 'n');
insert into CandidatesData (idno) VALUES (7330);
insert into Landeslistenplatz (llid, idno, position) VALUES (311, 7330, 2);
insert into Citizen (idno, title, firstname, lastname, dateofbirth, gender) VALUES (7331, 'Dr. ', 'Frank', 'Steffel', '1.1.1966.', 'n');
insert into CandidatesData (idno) VALUES (7331);
insert into Candidacy (wkid, idno, supportedby) VALUES (154, 7331, 12);
insert into Landeslistenplatz (llid, idno, position) VALUES (291, 7331, 4);
insert into Citizen (idno, title, firstname, lastname, dateofbirth, gender) VALUES (7332, 'Dr. ', 'Hans Joachim', 'Steffen', '1.1.1956.', 'n');
insert into CandidatesData (idno) VALUES (7332);
insert into Landeslistenplatz (llid, idno, position) VALUES (265, 7332, 23);
insert into Citizen (idno, title, firstname, lastname, dateofbirth, gender) VALUES (7333, '', 'Jan Oliver', 'Steffen', '1.1.1973.', 'n');
insert into CandidatesData (idno) VALUES (7333);
insert into Landeslistenplatz (llid, idno, position) VALUES (252, 7333, 3);
insert into Citizen (idno, title, firstname, lastname, dateofbirth, gender) VALUES (7334, '', 'Sonja Amalie', 'Steffen', '1.1.1963.', 'n');
insert into CandidatesData (idno) VALUES (7334);
insert into Candidacy (wkid, idno, supportedby) VALUES (30, 7334, 2);
insert into Landeslistenplatz (llid, idno, position) VALUES (401, 7334, 1);
insert into Citizen (idno, title, firstname, lastname, dateofbirth, gender) VALUES (7335, 'Dr. ', 'Wolfgang', 'Stefinger', '1.1.1985.', 'n');
insert into CandidatesData (idno) VALUES (7335);
insert into Candidacy (wkid, idno, supportedby) VALUES (438, 7335, 9);
insert into Landeslistenplatz (llid, idno, position) VALUES (220, 7335, 18);
insert into Citizen (idno, title, firstname, lastname, dateofbirth, gender) VALUES (7336, '', 'Albert', 'Stegemann', '1.1.1976.', 'n');
insert into CandidatesData (idno) VALUES (7336);
insert into Candidacy (wkid, idno, supportedby) VALUES (62, 7336, 12);
insert into Landeslistenplatz (llid, idno, position) VALUES (217, 7336, 27);
insert into Citizen (idno, title, firstname, lastname, dateofbirth, gender) VALUES (7337, '', 'Derk-Olaf', 'Steggewentz', '1.1.1952.', 'n');
insert into CandidatesData (idno) VALUES (7337);
insert into Candidacy (wkid, idno, supportedby) VALUES (78, 7337, 3);
insert into Citizen (idno, title, firstname, lastname, dateofbirth, gender) VALUES (7338, '', 'Paul', 'Stegmair', '1.1.1952.', 'n');
insert into CandidatesData (idno) VALUES (7338);
insert into Landeslistenplatz (llid, idno, position) VALUES (213, 7338, 27);
insert into Citizen (idno, title, firstname, lastname, dateofbirth, gender) VALUES (7339, 'Dr. ', 'Christian', 'Steidl', '1.1.1973.', 'n');
insert into CandidatesData (idno) VALUES (7339);
insert into Landeslistenplatz (llid, idno, position) VALUES (220, 7339, 48);
insert into Citizen (idno, title, firstname, lastname, dateofbirth, gender) VALUES (7340, '', 'Marco', 'Steigert', '1.1.1974.', 'n');
insert into CandidatesData (idno) VALUES (7340);
insert into Candidacy (wkid, idno, supportedby) VALUES (416, 7340, 19);
insert into Citizen (idno, title, firstname, lastname, dateofbirth, gender) VALUES (7341, 'Dr. ', 'Dieter', 'Stein', '1.1.1957.', 'n');
insert into CandidatesData (idno) VALUES (7341);
insert into Landeslistenplatz (llid, idno, position) VALUES (406, 7341, 5);
insert into Citizen (idno, title, firstname, lastname, dateofbirth, gender) VALUES (7342, '', 'Florian Carsten', 'Stein', '1.1.1983.', 'n');
insert into CandidatesData (idno) VALUES (7342);
insert into Candidacy (wkid, idno, supportedby) VALUES (122, 7342, 1);
insert into Landeslistenplatz (llid, idno, position) VALUES (306, 7342, 9);
insert into Citizen (idno, title, firstname, lastname, dateofbirth, gender) VALUES (7343, '', 'Hans Hermann', 'Stein', '1.1.1965.', 'n');
insert into CandidatesData (idno) VALUES (7343);
insert into Candidacy (wkid, idno, supportedby) VALUES (188, 7343, 4);
insert into Landeslistenplatz (llid, idno, position) VALUES (272, 7343, 9);
insert into Citizen (idno, title, firstname, lastname, dateofbirth, gender) VALUES (7344, '', 'Horst-Peter', 'Stein', '1.1.1960.', 'n');
insert into CandidatesData (idno) VALUES (7344);
insert into Landeslistenplatz (llid, idno, position) VALUES (428, 7344, 7);
insert into Citizen (idno, title, firstname, lastname, dateofbirth, gender) VALUES (7345, '', 'Peter', 'Stein', '1.1.1968.', 'n');
insert into CandidatesData (idno) VALUES (7345);
insert into Candidacy (wkid, idno, supportedby) VALUES (28, 7345, 12);
insert into Landeslistenplatz (llid, idno, position) VALUES (367, 7345, 6);
insert into Citizen (idno, title, firstname, lastname, dateofbirth, gender) VALUES (7346, '', 'Uwe', 'Stein', '1.1.1970.', 'n');
insert into CandidatesData (idno) VALUES (7346);
insert into Landeslistenplatz (llid, idno, position) VALUES (248, 7346, 14);
insert into Citizen (idno, title, firstname, lastname, dateofbirth, gender) VALUES (7347, '', 'Erika', 'Steinbach', '1.1.1943.', 'n');
insert into CandidatesData (idno) VALUES (7347);
insert into Candidacy (wkid, idno, supportedby) VALUES (366, 7347, 12);
insert into Landeslistenplatz (llid, idno, position) VALUES (262, 7347, 5);
insert into Citizen (idno, title, firstname, lastname, dateofbirth, gender) VALUES (7348, '', 'Torsten', 'Steinbeck', '1.1.1968.', 'n');
insert into CandidatesData (idno) VALUES (7348);
insert into Candidacy (wkid, idno, supportedby) VALUES (492, 7348, 1);
insert into Citizen (idno, title, firstname, lastname, dateofbirth, gender) VALUES (7349, '', 'Sören', 'Steinberg', '1.1.1979.', 'n');
insert into CandidatesData (idno) VALUES (7349);
insert into Landeslistenplatz (llid, idno, position) VALUES (242, 7349, 47);
insert into Citizen (idno, title, firstname, lastname, dateofbirth, gender) VALUES (7350, '', 'Peer', 'Steinbrück', '1.1.1947.', 'n');
insert into CandidatesData (idno) VALUES (7350);
insert into Candidacy (wkid, idno, supportedby) VALUES (208, 7350, 2);
insert into Landeslistenplatz (llid, idno, position) VALUES (246, 7350, 1);
insert into Citizen (idno, title, firstname, lastname, dateofbirth, gender) VALUES (7351, '', 'Sebastian', 'Steineke', '1.1.1973.', 'n');
insert into CandidatesData (idno) VALUES (7351);
insert into Candidacy (wkid, idno, supportedby) VALUES (112, 7351, 12);
insert into Landeslistenplatz (llid, idno, position) VALUES (394, 7351, 9);
insert into Citizen (idno, title, firstname, lastname, dateofbirth, gender) VALUES (7352, '', 'Dorothea', 'Steiner', '1.1.1948.', 'n');
insert into CandidatesData (idno) VALUES (7352);
insert into Candidacy (wkid, idno, supportedby) VALUES (78, 7352, 5);
insert into Landeslistenplatz (llid, idno, position) VALUES (316, 7352, 10);
insert into Citizen (idno, title, firstname, lastname, dateofbirth, gender) VALUES (7353, 'Dr. ', 'Dagmar', 'Steiner', '1.1.1964.', 'n');
insert into CandidatesData (idno) VALUES (7353);
insert into Landeslistenplatz (llid, idno, position) VALUES (335, 7353, 25);
insert into Citizen (idno, title, firstname, lastname, dateofbirth, gender) VALUES (7354, '', 'Kornelius', 'Steiner', '1.1.1992.', 'n');
insert into CandidatesData (idno) VALUES (7354);
insert into Landeslistenplatz (llid, idno, position) VALUES (230, 7354, 18);
insert into Citizen (idno, title, firstname, lastname, dateofbirth, gender) VALUES (7355, '', 'Frank', 'Steinert', '1.1.1976.', 'n');
insert into CandidatesData (idno) VALUES (7355);
insert into Candidacy (wkid, idno, supportedby) VALUES (120, 7355, 7);
insert into Citizen (idno, title, firstname, lastname, dateofbirth, gender) VALUES (7356, '', 'Rosemarie', 'Steinhauer', '1.1.1957.', 'n');
insert into CandidatesData (idno) VALUES (7356);
insert into Candidacy (wkid, idno, supportedby) VALUES (278, 7356, 4);
insert into Landeslistenplatz (llid, idno, position) VALUES (272, 7356, 22);
insert into Citizen (idno, title, firstname, lastname, dateofbirth, gender) VALUES (7357, '', 'Felicitas', 'Steinhoff', '1.1.1985.', 'n');
insert into CandidatesData (idno) VALUES (7357);
insert into Landeslistenplatz (llid, idno, position) VALUES (268, 7357, 5);
insert into Citizen (idno, title, firstname, lastname, dateofbirth, gender) VALUES (7358, '', 'Fred', 'Steininger', '1.1.1938.', 'n');
insert into CandidatesData (idno) VALUES (7358);
insert into Landeslistenplatz (llid, idno, position) VALUES (377, 7358, 2);
insert into Citizen (idno, title, firstname, lastname, dateofbirth, gender) VALUES (7359, '', 'Johannes Eberhard', 'Steininger', '1.1.1987.', 'n');
insert into CandidatesData (idno) VALUES (7359);
insert into Landeslistenplatz (llid, idno, position) VALUES (312, 7359, 16);
insert into Citizen (idno, title, firstname, lastname, dateofbirth, gender) VALUES (7360, '', 'Sabine', 'Steininger', '1.1.1966.', 'n');
insert into CandidatesData (idno) VALUES (7360);
insert into Candidacy (wkid, idno, supportedby) VALUES (474, 7360, 5);
insert into Landeslistenplatz (llid, idno, position) VALUES (238, 7360, 41);
insert into Citizen (idno, title, firstname, lastname, dateofbirth, gender) VALUES (7361, '', 'Jochen Hans-Theo', 'Steinkamp', '1.1.1981.', 'n');
insert into CandidatesData (idno) VALUES (7361);
insert into Landeslistenplatz (llid, idno, position) VALUES (217, 7361, 40);
insert into Citizen (idno, title, firstname, lastname, dateofbirth, gender) VALUES (7362, '', 'Axel', 'Steinkampf-Sommer', '1.1.1966.', 'n');
insert into CandidatesData (idno) VALUES (7362);
insert into Candidacy (wkid, idno, supportedby) VALUES (98, 7362, 33);
insert into Citizen (idno, title, firstname, lastname, dateofbirth, gender) VALUES (7363, '', 'Kersten', 'Steinke', '1.1.1958.', 'n');
insert into CandidatesData (idno) VALUES (7363);
insert into Candidacy (wkid, idno, supportedby) VALUES (382, 7363, 3);
insert into Landeslistenplatz (llid, idno, position) VALUES (261, 7363, 1);
insert into Citizen (idno, title, firstname, lastname, dateofbirth, gender) VALUES (7364, '', 'Lilli', 'Steinke', '1.1.1941.', 'n');
insert into CandidatesData (idno) VALUES (7364);
insert into Landeslistenplatz (llid, idno, position) VALUES (286, 7364, 3);
insert into Citizen (idno, title, firstname, lastname, dateofbirth, gender) VALUES (7365, '', 'Alfred', 'Steinleitner', '1.1.1960.', 'n');
insert into CandidatesData (idno) VALUES (7365);
insert into Candidacy (wkid, idno, supportedby) VALUES (454, 7365, 1);
insert into Citizen (idno, title, firstname, lastname, dateofbirth, gender) VALUES (7366, 'Dr. ', 'Frank-Walter', 'Steinmeier', '1.1.1956.', 'n');
insert into CandidatesData (idno) VALUES (7366);
insert into Candidacy (wkid, idno, supportedby) VALUES (120, 7366, 2);
insert into Landeslistenplatz (llid, idno, position) VALUES (322, 7366, 1);
insert into Citizen (idno, title, firstname, lastname, dateofbirth, gender) VALUES (7367, '', 'Anja', 'Steinmetzer', '1.1.1982.', 'n');
insert into CandidatesData (idno) VALUES (7367);
insert into Landeslistenplatz (llid, idno, position) VALUES (201, 7367, 13);
insert into Citizen (idno, title, firstname, lastname, dateofbirth, gender) VALUES (7368, '', 'Frank Klaus', 'Steinwender', '1.1.1966.', 'n');
insert into CandidatesData (idno) VALUES (7368);
insert into Candidacy (wkid, idno, supportedby) VALUES (276, 7368, 5);
insert into Citizen (idno, title, firstname, lastname, dateofbirth, gender) VALUES (7369, '', 'Sebastian', 'Steinzen', '1.1.1976.', 'n');
insert into CandidatesData (idno) VALUES (7369);
insert into Candidacy (wkid, idno, supportedby) VALUES (250, 7369, 4);
insert into Landeslistenplatz (llid, idno, position) VALUES (272, 7369, 58);
insert into Citizen (idno, title, firstname, lastname, dateofbirth, gender) VALUES (7370, '', 'Jens Christoph', 'Steltner', '1.1.1986.', 'n');
insert into CandidatesData (idno) VALUES (7370);
insert into Landeslistenplatz (llid, idno, position) VALUES (287, 7370, 7);
insert into Citizen (idno, title, firstname, lastname, dateofbirth, gender) VALUES (7371, '', 'Jürgen', 'Stemke', '1.1.1972.', 'n');
insert into CandidatesData (idno) VALUES (7371);
insert into Candidacy (wkid, idno, supportedby) VALUES (102, 7371, 7);
insert into Landeslistenplatz (llid, idno, position) VALUES (268, 7371, 8);
insert into Citizen (idno, title, firstname, lastname, dateofbirth, gender) VALUES (7372, '', 'Jörn', 'Stenzel', '1.1.1975.', 'n');
insert into CandidatesData (idno) VALUES (7372);
insert into Landeslistenplatz (llid, idno, position) VALUES (410, 7372, 5);
insert into Citizen (idno, title, firstname, lastname, dateofbirth, gender) VALUES (7373, '', 'Tobias', 'Stephan', '1.1.1974.', 'n');
insert into CandidatesData (idno) VALUES (7373);
insert into Landeslistenplatz (llid, idno, position) VALUES (248, 7373, 19);
insert into Citizen (idno, title, firstname, lastname, dateofbirth, gender) VALUES (7374, 'Dr. ', 'Uwe', 'Stephenson', '1.1.1955.', 'n');
insert into CandidatesData (idno) VALUES (7374);
insert into Landeslistenplatz (llid, idno, position) VALUES (232, 7374, 10);
insert into Citizen (idno, title, firstname, lastname, dateofbirth, gender) VALUES (7375, '', 'Lars', 'Stern', '1.1.1981.', 'n');
insert into CandidatesData (idno) VALUES (7375);
insert into Candidacy (wkid, idno, supportedby) VALUES (568, 7375, 3);
insert into Citizen (idno, title, firstname, lastname, dateofbirth, gender) VALUES (7376, '', 'Christian', 'Stetten Freiherr von', '1.1.1970.', 'n');
insert into CandidatesData (idno) VALUES (7376);
insert into Candidacy (wkid, idno, supportedby) VALUES (536, 7376, 12);
insert into Citizen (idno, title, firstname, lastname, dateofbirth, gender) VALUES (7377, '', 'Jan Paul', 'Stich', '1.1.1987.', 'n');
insert into CandidatesData (idno) VALUES (7377);
insert into Candidacy (wkid, idno, supportedby) VALUES (414, 7377, 5);
insert into Landeslistenplatz (llid, idno, position) VALUES (389, 7377, 8);
insert into Citizen (idno, title, firstname, lastname, dateofbirth, gender) VALUES (7378, '', 'Volker Michael', 'Stich', '1.1.1970.', 'n');
insert into CandidatesData (idno) VALUES (7378);
insert into Landeslistenplatz (llid, idno, position) VALUES (342, 7378, 25);
insert into Citizen (idno, title, firstname, lastname, dateofbirth, gender) VALUES (7379, '', 'Sandra Yvonne', 'Stieger', '1.1.1978.', 'n');
insert into CandidatesData (idno) VALUES (7379);
insert into Landeslistenplatz (llid, idno, position) VALUES (305, 7379, 10);
insert into Citizen (idno, title, firstname, lastname, dateofbirth, gender) VALUES (7380, '', 'Linus Kester', 'Stieldorf', '1.1.1995.', 'n');
insert into CandidatesData (idno) VALUES (7380);
insert into Candidacy (wkid, idno, supportedby) VALUES (178, 7380, 4);
insert into Citizen (idno, title, firstname, lastname, dateofbirth, gender) VALUES (7381, '', 'Dieter', 'Stier', '1.1.1964.', 'n');
insert into CandidatesData (idno) VALUES (7381);
insert into Candidacy (wkid, idno, supportedby) VALUES (146, 7381, 12);
insert into Landeslistenplatz (llid, idno, position) VALUES (305, 7381, 5);
insert into Citizen (idno, title, firstname, lastname, dateofbirth, gender) VALUES (7382, '', 'Frank Joachim', 'Stierlin', '1.1.1950.', 'n');
insert into CandidatesData (idno) VALUES (7382);
insert into Candidacy (wkid, idno, supportedby) VALUES (236, 7382, 13);
insert into Citizen (idno, title, firstname, lastname, dateofbirth, gender) VALUES (7383, '', 'Roland', 'Stigge', '1.1.1978.', 'n');
insert into CandidatesData (idno) VALUES (7383);
insert into Candidacy (wkid, idno, supportedby) VALUES (436, 7383, 3);
insert into Citizen (idno, title, firstname, lastname, dateofbirth, gender) VALUES (7384, '', 'Daniel', 'Stillig', '1.1.1979.', 'n');
insert into CandidatesData (idno) VALUES (7384);
insert into Landeslistenplatz (llid, idno, position) VALUES (309, 7384, 12);
insert into Citizen (idno, title, firstname, lastname, dateofbirth, gender) VALUES (7385, '', 'Jörg', 'Stimpfig', '1.1.1954.', 'n');
insert into CandidatesData (idno) VALUES (7385);
insert into Candidacy (wkid, idno, supportedby) VALUES (518, 7385, 32);
insert into Landeslistenplatz (llid, idno, position) VALUES (265, 7385, 6);
insert into Citizen (idno, title, firstname, lastname, dateofbirth, gender) VALUES (7386, '', 'Christof', 'Stocker', '1.1.1961.', 'n');
insert into CandidatesData (idno) VALUES (7386);
insert into Candidacy (wkid, idno, supportedby) VALUES (572, 7386, 36);
insert into Citizen (idno, title, firstname, lastname, dateofbirth, gender) VALUES (7387, '', 'Madeleine', 'Stockert', '1.1.1947.', 'n');
insert into CandidatesData (idno) VALUES (7387);
insert into Candidacy (wkid, idno, supportedby) VALUES (416, 7387, 13);
insert into Landeslistenplatz (llid, idno, position) VALUES (280, 7387, 1);
insert into Citizen (idno, title, firstname, lastname, dateofbirth, gender) VALUES (7388, '', 'Rita', 'Stockhofe', '1.1.1967.', 'n');
insert into CandidatesData (idno) VALUES (7388);
insert into Candidacy (wkid, idno, supportedby) VALUES (244, 7388, 12);
insert into Landeslistenplatz (llid, idno, position) VALUES (310, 7388, 50);
insert into Citizen (idno, title, firstname, lastname, dateofbirth, gender) VALUES (7389, '', 'Hans Joachim', 'Stockschläger', '1.1.1959.', 'n');
insert into CandidatesData (idno) VALUES (7389);
insert into Candidacy (wkid, idno, supportedby) VALUES (218, 7389, 4);
insert into Landeslistenplatz (llid, idno, position) VALUES (272, 7389, 32);
insert into Citizen (idno, title, firstname, lastname, dateofbirth, gender) VALUES (7390, '', 'Christiane', 'Stodt-Kirchholtes', '1.1.1962.', 'n');
insert into CandidatesData (idno) VALUES (7390);
insert into Landeslistenplatz (llid, idno, position) VALUES (232, 7390, 11);
insert into Citizen (idno, title, firstname, lastname, dateofbirth, gender) VALUES (7391, '', 'Manfred', 'Stöckert', '1.1.1951.', 'n');
insert into CandidatesData (idno) VALUES (7391);
insert into Candidacy (wkid, idno, supportedby) VALUES (314, 7391, 7);
insert into Citizen (idno, title, firstname, lastname, dateofbirth, gender) VALUES (7392, '', 'Marco', 'Stöger', '1.1.1993.', 'n');
insert into CandidatesData (idno) VALUES (7392);
insert into Candidacy (wkid, idno, supportedby) VALUES (460, 7392, 3);
insert into Citizen (idno, title, firstname, lastname, dateofbirth, gender) VALUES (7393, 'Dr. ', 'Brigitte Karoline Doris', 'Stöhr', '1.1.1960.', 'n');
insert into CandidatesData (idno) VALUES (7393);
insert into Landeslistenplatz (llid, idno, position) VALUES (342, 7393, 3);
insert into Citizen (idno, title, firstname, lastname, dateofbirth, gender) VALUES (7394, '', 'Sven Peter', 'Stötting', '1.1.1983.', 'n');
insert into CandidatesData (idno) VALUES (7394);
insert into Candidacy (wkid, idno, supportedby) VALUES (232, 7394, 1);
insert into Citizen (idno, title, firstname, lastname, dateofbirth, gender) VALUES (7395, '', 'Mirco', 'Stöver', '1.1.1976.', 'n');
insert into CandidatesData (idno) VALUES (7395);
insert into Landeslistenplatz (llid, idno, position) VALUES (309, 7395, 7);
insert into Citizen (idno, title, firstname, lastname, dateofbirth, gender) VALUES (7396, '', 'Edwin Rüdiger Otto', 'Stöwesand', '1.1.1961.', 'n');
insert into CandidatesData (idno) VALUES (7396);
insert into Landeslistenplatz (llid, idno, position) VALUES (262, 7396, 38);
insert into Citizen (idno, title, firstname, lastname, dateofbirth, gender) VALUES (7397, '', 'Matthias', 'Stoll', '1.1.1965.', 'n');
insert into CandidatesData (idno) VALUES (7397);
insert into Candidacy (wkid, idno, supportedby) VALUES (90, 7397, 7);
insert into Citizen (idno, title, firstname, lastname, dateofbirth, gender) VALUES (7398, '', 'Herbert Wolfgang Dirk', 'Stolte', '1.1.1963.', 'n');
insert into CandidatesData (idno) VALUES (7398);
insert into Candidacy (wkid, idno, supportedby) VALUES (336, 7398, NULL);
insert into Citizen (idno, title, firstname, lastname, dateofbirth, gender) VALUES (7399, '', 'Peter Ferdinand', 'Stoltenberg', '1.1.1949.', 'n');
insert into CandidatesData (idno) VALUES (7399);
insert into Candidacy (wkid, idno, supportedby) VALUES (16, 7399, 5);
insert into Citizen (idno, title, firstname, lastname, dateofbirth, gender) VALUES (7400, '', 'André', 'Stolz', '1.1.1972.', 'n');
insert into CandidatesData (idno) VALUES (7400);
insert into Landeslistenplatz (llid, idno, position) VALUES (262, 7400, 24);
insert into Citizen (idno, title, firstname, lastname, dateofbirth, gender) VALUES (7401, '', 'Yvette', 'Stoppiera', '1.1.1979.', 'n');
insert into CandidatesData (idno) VALUES (7401);
insert into Landeslistenplatz (llid, idno, position) VALUES (366, 7401, 2);
insert into Citizen (idno, title, firstname, lastname, dateofbirth, gender) VALUES (7402, '', 'Beatrix Amelie Ehrengard Eilika', 'Storch von', '1.1.1971.', 'n');
insert into CandidatesData (idno) VALUES (7402);
insert into Candidacy (wkid, idno, supportedby) VALUES (150, 7402, 33);
insert into Landeslistenplatz (llid, idno, position) VALUES (303, 7402, 2);
insert into Citizen (idno, title, firstname, lastname, dateofbirth, gender) VALUES (7403, '', 'Gero', 'Storjohann', '1.1.1958.', 'n');
insert into CandidatesData (idno) VALUES (7403);
insert into Candidacy (wkid, idno, supportedby) VALUES (16, 7403, 12);
insert into Landeslistenplatz (llid, idno, position) VALUES (335, 7403, 4);
insert into Citizen (idno, title, firstname, lastname, dateofbirth, gender) VALUES (7404, '', 'Josef', 'Stork', '1.1.1943.', 'n');
insert into CandidatesData (idno) VALUES (7404);
insert into Candidacy (wkid, idno, supportedby) VALUES (228, 7404, 32);
insert into Citizen (idno, title, firstname, lastname, dateofbirth, gender) VALUES (7405, '', 'Walter', 'Strack', '1.1.1964.', 'n');
insert into CandidatesData (idno) VALUES (7405);
insert into Landeslistenplatz (llid, idno, position) VALUES (413, 7405, 5);
insert into Citizen (idno, title, firstname, lastname, dateofbirth, gender) VALUES (7406, '', 'Stephan', 'Stracke', '1.1.1974.', 'n');
insert into CandidatesData (idno) VALUES (7406);
insert into Candidacy (wkid, idno, supportedby) VALUES (514, 7406, 9);
insert into Citizen (idno, title, firstname, lastname, dateofbirth, gender) VALUES (7407, '', 'Christoph', 'Strässer', '1.1.1949.', 'n');
insert into CandidatesData (idno) VALUES (7407);
insert into Candidacy (wkid, idno, supportedby) VALUES (258, 7407, 2);
insert into Landeslistenplatz (llid, idno, position) VALUES (246, 7407, 11);
insert into Citizen (idno, title, firstname, lastname, dateofbirth, gender) VALUES (7408, '', 'Walter', 'Straßer', '1.1.1952.', 'n');
insert into CandidatesData (idno) VALUES (7408);
insert into Candidacy (wkid, idno, supportedby) VALUES (454, 7408, 7);
insert into Citizen (idno, title, firstname, lastname, dateofbirth, gender) VALUES (7409, '', 'Michael', 'Straub', '1.1.1959.', 'n');
insert into CandidatesData (idno) VALUES (7409);
insert into Candidacy (wkid, idno, supportedby) VALUES (538, 7409, 5);
insert into Citizen (idno, title, firstname, lastname, dateofbirth, gender) VALUES (7410, '', 'Max', 'Straubinger', '1.1.1954.', 'n');
insert into CandidatesData (idno) VALUES (7410);
insert into Candidacy (wkid, idno, supportedby) VALUES (460, 7410, 9);
insert into Citizen (idno, title, firstname, lastname, dateofbirth, gender) VALUES (7411, '', 'Werner', 'Straubinger', '1.1.1967.', 'n');
insert into CandidatesData (idno) VALUES (7411);
insert into Landeslistenplatz (llid, idno, position) VALUES (220, 7411, 52);
insert into Citizen (idno, title, firstname, lastname, dateofbirth, gender) VALUES (7412, '', 'Matthäus', 'Strebl', '1.1.1952.', 'n');
insert into CandidatesData (idno) VALUES (7412);
insert into Landeslistenplatz (llid, idno, position) VALUES (220, 7412, 35);
insert into Citizen (idno, title, firstname, lastname, dateofbirth, gender) VALUES (7413, '', 'Nancy', 'Streit', '1.1.1980.', 'n');
insert into CandidatesData (idno) VALUES (7413);
insert into Candidacy (wkid, idno, supportedby) VALUES (136, 7413, 42);
insert into Citizen (idno, title, firstname, lastname, dateofbirth, gender) VALUES (7414, '', 'Ludwig', 'Streitle', '1.1.1947.', 'n');
insert into CandidatesData (idno) VALUES (7414);
insert into Candidacy (wkid, idno, supportedby) VALUES (512, 7414, 19);
insert into Landeslistenplatz (llid, idno, position) VALUES (213, 7414, 20);
insert into Citizen (idno, title, firstname, lastname, dateofbirth, gender) VALUES (7415, '', 'Sabine', 'Streitle', '1.1.1977.', 'n');
insert into CandidatesData (idno) VALUES (7415);
insert into Landeslistenplatz (llid, idno, position) VALUES (213, 7415, 14);
insert into Citizen (idno, title, firstname, lastname, dateofbirth, gender) VALUES (7416, '', 'Maria-Luise', 'Streng', '1.1.1957.', 'n');
insert into CandidatesData (idno) VALUES (7416);
insert into Landeslistenplatz (llid, idno, position) VALUES (317, 7416, 7);
insert into Citizen (idno, title, firstname, lastname, dateofbirth, gender) VALUES (7417, '', 'Robert', 'Streng', '1.1.1990.', 'n');
insert into CandidatesData (idno) VALUES (7417);
insert into Candidacy (wkid, idno, supportedby) VALUES (472, 7417, 7);
insert into Citizen (idno, title, firstname, lastname, dateofbirth, gender) VALUES (7418, '', 'Wolfgang', 'Strengmann-Kuhn', '1.1.1964.', 'n');
insert into CandidatesData (idno) VALUES (7418);
insert into Candidacy (wkid, idno, supportedby) VALUES (370, 7418, 5);
insert into Landeslistenplatz (llid, idno, position) VALUES (318, 7418, 6);
insert into Citizen (idno, title, firstname, lastname, dateofbirth, gender) VALUES (7419, '', 'Karin', 'Strenz', '1.1.1967.', 'n');
insert into CandidatesData (idno) VALUES (7419);
insert into Candidacy (wkid, idno, supportedby) VALUES (26, 7419, 12);
insert into Landeslistenplatz (llid, idno, position) VALUES (367, 7419, 5);
insert into Citizen (idno, title, firstname, lastname, dateofbirth, gender) VALUES (7420, '', 'Christian', 'Strerath', '1.1.1988.', 'n');
insert into CandidatesData (idno) VALUES (7420);
insert into Landeslistenplatz (llid, idno, position) VALUES (297, 7420, 39);
insert into Citizen (idno, title, firstname, lastname, dateofbirth, gender) VALUES (7421, '', 'Gerald', 'Strickner', '1.1.1953.', 'n');
insert into CandidatesData (idno) VALUES (7421);
insert into Candidacy (wkid, idno, supportedby) VALUES (446, 7421, 10);
insert into Landeslistenplatz (llid, idno, position) VALUES (393, 7421, 3);
insert into Citizen (idno, title, firstname, lastname, dateofbirth, gender) VALUES (7422, '', 'Udo', 'Striess-Grubert', '1.1.1959.', 'n');
insert into CandidatesData (idno) VALUES (7422);
insert into Candidacy (wkid, idno, supportedby) VALUES (52, 7422, 32);
insert into Landeslistenplatz (llid, idno, position) VALUES (282, 7422, 9);
insert into Citizen (idno, title, firstname, lastname, dateofbirth, gender) VALUES (7423, '', 'Hans-Jürgen', 'Strippel', '1.1.1951.', 'n');
insert into CandidatesData (idno) VALUES (7423);
insert into Landeslistenplatz (llid, idno, position) VALUES (356, 7423, 19);
insert into Citizen (idno, title, firstname, lastname, dateofbirth, gender) VALUES (7424, '', 'Thomas', 'Stritzl', '1.1.1957.', 'n');
insert into CandidatesData (idno) VALUES (7424);
insert into Candidacy (wkid, idno, supportedby) VALUES (10, 7424, 12);
insert into Landeslistenplatz (llid, idno, position) VALUES (335, 7424, 10);
insert into Citizen (idno, title, firstname, lastname, dateofbirth, gender) VALUES (7425, '', 'Thomas', 'Strobl', '1.1.1960.', 'n');
insert into CandidatesData (idno) VALUES (7425);
insert into Candidacy (wkid, idno, supportedby) VALUES (534, 7425, 12);
insert into Landeslistenplatz (llid, idno, position) VALUES (279, 7425, 5);
insert into Citizen (idno, title, firstname, lastname, dateofbirth, gender) VALUES (7426, '', 'Hans-Christian', 'Ströbele', '1.1.1939.', 'n');
insert into CandidatesData (idno) VALUES (7426);
insert into Candidacy (wkid, idno, supportedby) VALUES (166, 7426, 5);
insert into Citizen (idno, title, firstname, lastname, dateofbirth, gender) VALUES (7427, '', 'Jörg Klaus Hartmut', 'Stroedter', '1.1.1954.', 'n');
insert into CandidatesData (idno) VALUES (7427);
insert into Candidacy (wkid, idno, supportedby) VALUES (154, 7427, 2);
insert into Citizen (idno, title, firstname, lastname, dateofbirth, gender) VALUES (7428, '', 'Hero Jan', 'Stroman', '1.1.1946.', 'n');
insert into CandidatesData (idno) VALUES (7428);
insert into Candidacy (wkid, idno, supportedby) VALUES (54, 7428, 32);
insert into Citizen (idno, title, firstname, lastname, dateofbirth, gender) VALUES (7429, '', 'Lisa', 'Strotbek', '1.1.1986.', 'n');
insert into CandidatesData (idno) VALUES (7429);
insert into Candidacy (wkid, idno, supportedby) VALUES (538, 7429, 4);
insert into Landeslistenplatz (llid, idno, position) VALUES (224, 7429, 12);
insert into Citizen (idno, title, firstname, lastname, dateofbirth, gender) VALUES (7430, '', 'Lena', 'Strothmann', '1.1.1952.', 'n');
insert into CandidatesData (idno) VALUES (7430);
insert into Candidacy (wkid, idno, supportedby) VALUES (264, 7430, 12);
insert into Landeslistenplatz (llid, idno, position) VALUES (310, 7430, 18);
insert into Citizen (idno, title, firstname, lastname, dateofbirth, gender) VALUES (7431, '', 'Hermann', 'Stubbe', '1.1.1968.', 'n');
insert into CandidatesData (idno) VALUES (7431);
insert into Candidacy (wkid, idno, supportedby) VALUES (256, 7431, 5);
insert into Landeslistenplatz (llid, idno, position) VALUES (256, 7431, 26);
insert into Citizen (idno, title, firstname, lastname, dateofbirth, gender) VALUES (7432, '', 'Erhard', 'Stubenrauch', '1.1.1947.', 'n');
insert into CandidatesData (idno) VALUES (7432);
insert into Candidacy (wkid, idno, supportedby) VALUES (496, 7432, 4);
insert into Landeslistenplatz (llid, idno, position) VALUES (276, 7432, 45);
insert into Citizen (idno, title, firstname, lastname, dateofbirth, gender) VALUES (7433, '', 'Elke Marita', 'Stuckel-Lotz', '1.1.1948.', 'n');
insert into CandidatesData (idno) VALUES (7433);
insert into Candidacy (wkid, idno, supportedby) VALUES (250, 7433, 5);
insert into Citizen (idno, title, firstname, lastname, dateofbirth, gender) VALUES (7434, '', 'Sabine Ursula', 'Stüber', '1.1.1953.', 'n');
insert into CandidatesData (idno) VALUES (7434);
insert into Candidacy (wkid, idno, supportedby) VALUES (114, 7434, 3);
insert into Landeslistenplatz (llid, idno, position) VALUES (412, 7434, 7);
insert into Citizen (idno, title, firstname, lastname, dateofbirth, gender) VALUES (7435, '', 'Michael', 'Stübgen', '1.1.1959.', 'n');
insert into CandidatesData (idno) VALUES (7435);
insert into Candidacy (wkid, idno, supportedby) VALUES (130, 7435, 12);
insert into Landeslistenplatz (llid, idno, position) VALUES (394, 7435, 1);
insert into Citizen (idno, title, firstname, lastname, dateofbirth, gender) VALUES (7436, '', 'Heidrun', 'Stück von der', '1.1.1944.', 'n');
insert into CandidatesData (idno) VALUES (7436);
insert into Landeslistenplatz (llid, idno, position) VALUES (269, 7436, 26);
insert into Citizen (idno, title, firstname, lastname, dateofbirth, gender) VALUES (7437, '', 'Heinrich', 'Stürtz', '1.1.1949.', 'n');
insert into CandidatesData (idno) VALUES (7437);
insert into Candidacy (wkid, idno, supportedby) VALUES (556, 7437, 3);
insert into Citizen (idno, title, firstname, lastname, dateofbirth, gender) VALUES (7438, '', 'Alfred', 'Stuiber', '1.1.1980.', 'n');
insert into CandidatesData (idno) VALUES (7438);
insert into Candidacy (wkid, idno, supportedby) VALUES (468, 7438, 4);
insert into Landeslistenplatz (llid, idno, position) VALUES (276, 7438, 35);
insert into Citizen (idno, title, firstname, lastname, dateofbirth, gender) VALUES (7439, '', 'Margit', 'Stumpp', '1.1.1963.', 'n');
insert into CandidatesData (idno) VALUES (7439);
insert into Candidacy (wkid, idno, supportedby) VALUES (540, 7439, 5);
insert into Landeslistenplatz (llid, idno, position) VALUES (234, 7439, 15);
insert into Citizen (idno, title, firstname, lastname, dateofbirth, gender) VALUES (7440, '', 'Jan', 'Sturm', '1.1.1965.', 'n');
insert into CandidatesData (idno) VALUES (7440);
insert into Candidacy (wkid, idno, supportedby) VALUES (164, 7440, 1);
insert into Landeslistenplatz (llid, idno, position) VALUES (423, 7440, 5);
insert into Citizen (idno, title, firstname, lastname, dateofbirth, gender) VALUES (7441, '', 'Karsten', 'Sturm', '1.1.1966.', 'n');
insert into CandidatesData (idno) VALUES (7441);
insert into Candidacy (wkid, idno, supportedby) VALUES (598, 7441, 33);
insert into Landeslistenplatz (llid, idno, position) VALUES (430, 7441, 2);
insert into Citizen (idno, title, firstname, lastname, dateofbirth, gender) VALUES (7442, '', 'Timo', 'Sturn', '1.1.1979.', 'n');
insert into CandidatesData (idno) VALUES (7442);
insert into Candidacy (wkid, idno, supportedby) VALUES (574, 7442, 33);
insert into Citizen (idno, title, firstname, lastname, dateofbirth, gender) VALUES (7443, '', 'Claudia', 'Sünder', '1.1.1969.', 'n');
insert into CandidatesData (idno) VALUES (7443);
insert into Candidacy (wkid, idno, supportedby) VALUES (540, 7443, 2);
insert into Landeslistenplatz (llid, idno, position) VALUES (249, 7443, 24);
insert into Citizen (idno, title, firstname, lastname, dateofbirth, gender) VALUES (7444, '', 'Olaf', 'Sünneke', '1.1.1964.', 'n');
insert into CandidatesData (idno) VALUES (7444);
insert into Landeslistenplatz (llid, idno, position) VALUES (393, 7444, 11);
insert into Citizen (idno, title, firstname, lastname, dateofbirth, gender) VALUES (7445, '', 'Arno', 'Süssig', '1.1.1957.', 'n');
insert into CandidatesData (idno) VALUES (7445);
insert into Landeslistenplatz (llid, idno, position) VALUES (275, 7445, 6);
insert into Citizen (idno, title, firstname, lastname, dateofbirth, gender) VALUES (7446, '', 'Alexander Wilhelm', 'Süßmair', '1.1.1977.', 'n');
insert into CandidatesData (idno) VALUES (7446);
insert into Candidacy (wkid, idno, supportedby) VALUES (504, 7446, 3);
insert into Citizen (idno, title, firstname, lastname, dateofbirth, gender) VALUES (7447, 'Dr. ', 'Sabine', 'Sütterlin-Waack', '1.1.1958.', 'n');
insert into CandidatesData (idno) VALUES (7447);
insert into Candidacy (wkid, idno, supportedby) VALUES (2, 7447, 12);
insert into Landeslistenplatz (llid, idno, position) VALUES (335, 7447, 6);
insert into Citizen (idno, title, firstname, lastname, dateofbirth, gender) VALUES (7448, '', 'Bodo', 'Suhren', '1.1.1968.', 'n');
insert into CandidatesData (idno) VALUES (7448);
insert into Landeslistenplatz (llid, idno, position) VALUES (203, 7448, 13);
insert into Citizen (idno, title, firstname, lastname, dateofbirth, gender) VALUES (7449, '', 'Christa', 'Summerer', '1.1.1958.', 'n');
insert into CandidatesData (idno) VALUES (7449);
insert into Landeslistenplatz (llid, idno, position) VALUES (228, 7449, 5);
insert into Citizen (idno, title, firstname, lastname, dateofbirth, gender) VALUES (7450, '', 'Helmut Wilfried', 'Suntheim', '1.1.1962.', 'n');
insert into CandidatesData (idno) VALUES (7450);
insert into Candidacy (wkid, idno, supportedby) VALUES (502, 7450, 32);
insert into Landeslistenplatz (llid, idno, position) VALUES (206, 7450, 14);
insert into Citizen (idno, title, firstname, lastname, dateofbirth, gender) VALUES (7451, '', 'Dorothe', 'Suntum van', '1.1.1963.', 'n');
insert into CandidatesData (idno) VALUES (7451);
insert into Candidacy (wkid, idno, supportedby) VALUES (254, 7451, 33);
insert into Landeslistenplatz (llid, idno, position) VALUES (253, 7451, 34);
insert into Citizen (idno, title, firstname, lastname, dateofbirth, gender) VALUES (7452, '', 'Udo', 'Surmann', '1.1.1948.', 'n');
insert into CandidatesData (idno) VALUES (7452);
insert into Candidacy (wkid, idno, supportedby) VALUES (244, 7452, NULL);
insert into Citizen (idno, title, firstname, lastname, dateofbirth, gender) VALUES (7453, '', 'Dirk', 'Susemihl', '1.1.1969.', 'n');
insert into CandidatesData (idno) VALUES (7453);
insert into Landeslistenplatz (llid, idno, position) VALUES (235, 7453, 5);
insert into Citizen (idno, title, firstname, lastname, dateofbirth, gender) VALUES (7454, '', 'Cornelia', 'Swillus-Knöchel', '1.1.1963.', 'n');
insert into CandidatesData (idno) VALUES (7454);
insert into Candidacy (wkid, idno, supportedby) VALUES (240, 7454, 3);
insert into Landeslistenplatz (llid, idno, position) VALUES (269, 7454, 17);
insert into Citizen (idno, title, firstname, lastname, dateofbirth, gender) VALUES (7455, '', 'Franziska', 'Sylla', '1.1.1971.', 'n');
insert into CandidatesData (idno) VALUES (7455);
insert into Candidacy (wkid, idno, supportedby) VALUES (150, 7455, NULL);
insert into Citizen (idno, title, firstname, lastname, dateofbirth, gender) VALUES (7456, '', 'Michael', 'Székely', '1.1.1968.', 'n');
insert into CandidatesData (idno) VALUES (7456);
insert into Candidacy (wkid, idno, supportedby) VALUES (484, 7456, 4);
insert into Landeslistenplatz (llid, idno, position) VALUES (276, 7456, 12);
insert into Citizen (idno, title, firstname, lastname, dateofbirth, gender) VALUES (7457, '', 'Josef', 'Szoboszlai', '1.1.1984.', 'n');
insert into CandidatesData (idno) VALUES (7457);
insert into Landeslistenplatz (llid, idno, position) VALUES (239, 7457, 4);
insert into Citizen (idno, title, firstname, lastname, dateofbirth, gender) VALUES (7458, '', 'Christian', 'Szymanek', '1.1.1984.', 'n');
insert into CandidatesData (idno) VALUES (7458);
insert into Candidacy (wkid, idno, supportedby) VALUES (84, 7458, 7);
insert into Citizen (idno, title, firstname, lastname, dateofbirth, gender) VALUES (7459, '', 'Holger', 'Szymanski', '1.1.1972.', 'n');
insert into CandidatesData (idno) VALUES (7459);
insert into Candidacy (wkid, idno, supportedby) VALUES (312, 7459, 1);
insert into Landeslistenplatz (llid, idno, position) VALUES (241, 7459, 2);
insert into Citizen (idno, title, firstname, lastname, dateofbirth, gender) VALUES (7460, '', 'Philipp', 'Tacer', '1.1.1983.', 'n');
insert into CandidatesData (idno) VALUES (7460);
insert into Candidacy (wkid, idno, supportedby) VALUES (212, 7460, 2);
insert into Landeslistenplatz (llid, idno, position) VALUES (246, 7460, 49);
insert into Citizen (idno, title, firstname, lastname, dateofbirth, gender) VALUES (7461, '', 'Kerstin', 'Tack', '1.1.1968.', 'n');
insert into CandidatesData (idno) VALUES (7461);
insert into Candidacy (wkid, idno, supportedby) VALUES (82, 7461, 2);
insert into Landeslistenplatz (llid, idno, position) VALUES (242, 7461, 24);
insert into Citizen (idno, title, firstname, lastname, dateofbirth, gender) VALUES (7462, 'Dr. ', 'Kirsten', 'Tackmann', '1.1.1960.', 'n');
insert into CandidatesData (idno) VALUES (7462);
insert into Candidacy (wkid, idno, supportedby) VALUES (112, 7462, 3);
insert into Landeslistenplatz (llid, idno, position) VALUES (412, 7462, 3);
insert into Citizen (idno, title, firstname, lastname, dateofbirth, gender) VALUES (7463, '', 'Stefan', 'Täge', '1.1.1969.', 'n');
insert into CandidatesData (idno) VALUES (7463);
insert into Candidacy (wkid, idno, supportedby) VALUES (550, 7463, 7);
insert into Citizen (idno, title, firstname, lastname, dateofbirth, gender) VALUES (7464, '', 'Stefan Johannes', 'Taglang', '1.1.1965.', 'n');
insert into CandidatesData (idno) VALUES (7464);
insert into Landeslistenplatz (llid, idno, position) VALUES (220, 7464, 65);
insert into Citizen (idno, title, firstname, lastname, dateofbirth, gender) VALUES (7465, '', 'Renate', 'Tangermann', '1.1.1940.', 'n');
insert into CandidatesData (idno) VALUES (7465);
insert into Landeslistenplatz (llid, idno, position) VALUES (335, 7465, 24);
insert into Citizen (idno, title, firstname, lastname, dateofbirth, gender) VALUES (7466, '', 'Emre', 'Tanis', '1.1.1988.', 'n');
insert into CandidatesData (idno) VALUES (7466);
insert into Candidacy (wkid, idno, supportedby) VALUES (160, 7466, 34);
insert into Landeslistenplatz (llid, idno, position) VALUES (363, 7466, 7);
insert into Citizen (idno, title, firstname, lastname, dateofbirth, gender) VALUES (7467, '', 'Azize', 'Tank', '1.1.1950.', 'n');
insert into CandidatesData (idno) VALUES (7467);
insert into Candidacy (wkid, idno, supportedby) VALUES (162, 7467, 3);
insert into Landeslistenplatz (llid, idno, position) VALUES (372, 7467, 6);
insert into Citizen (idno, title, firstname, lastname, dateofbirth, gender) VALUES (7468, '', 'Rasit', 'Tanriverdi', '1.1.1969.', 'n');
insert into CandidatesData (idno) VALUES (7468);
insert into Candidacy (wkid, idno, supportedby) VALUES (162, 7468, 34);
insert into Landeslistenplatz (llid, idno, position) VALUES (363, 7468, 2);
insert into Citizen (idno, title, firstname, lastname, dateofbirth, gender) VALUES (7469, '', 'Hakan', 'Tas', '1.1.1966.', 'n');
insert into CandidatesData (idno) VALUES (7469);
insert into Candidacy (wkid, idno, supportedby) VALUES (154, 7469, 3);
insert into Landeslistenplatz (llid, idno, position) VALUES (372, 7469, 8);
insert into Citizen (idno, title, firstname, lastname, dateofbirth, gender) VALUES (7470, '', 'Marco Josef', 'Tasch', '1.1.1975.', 'n');
insert into CandidatesData (idno) VALUES (7470);
insert into Candidacy (wkid, idno, supportedby) VALUES (378, 7470, 32);
insert into Landeslistenplatz (llid, idno, position) VALUES (319, 7470, 1);
insert into Citizen (idno, title, firstname, lastname, dateofbirth, gender) VALUES (7471, '', 'Alexander', 'Tassis', '1.1.1970.', 'n');
insert into CandidatesData (idno) VALUES (7471);
insert into Landeslistenplatz (llid, idno, position) VALUES (431, 7471, 5);
insert into Citizen (idno, title, firstname, lastname, dateofbirth, gender) VALUES (7472, '', 'Ralf Thomas', 'Taube', '1.1.1964.', 'n');
insert into CandidatesData (idno) VALUES (7472);
insert into Candidacy (wkid, idno, supportedby) VALUES (64, 7472, 1);
insert into Citizen (idno, title, firstname, lastname, dateofbirth, gender) VALUES (7473, 'Dr. ', 'Peter Michael', 'Tauber', '1.1.1974.', 'n');
insert into CandidatesData (idno) VALUES (7473);
insert into Candidacy (wkid, idno, supportedby) VALUES (350, 7473, 12);
insert into Landeslistenplatz (llid, idno, position) VALUES (262, 7473, 10);
insert into Citizen (idno, title, firstname, lastname, dateofbirth, gender) VALUES (7474, '', 'Claudia Rosina', 'Tausend', '1.1.1964.', 'n');
insert into CandidatesData (idno) VALUES (7474);
insert into Candidacy (wkid, idno, supportedby) VALUES (438, 7474, 2);
insert into Landeslistenplatz (llid, idno, position) VALUES (260, 7474, 14);
insert into Citizen (idno, title, firstname, lastname, dateofbirth, gender) VALUES (7475, '', 'Hans Josef', 'Tegethof', '1.1.1946.', 'n');
insert into CandidatesData (idno) VALUES (7475);
insert into Candidacy (wkid, idno, supportedby) VALUES (274, 7475, NULL);
insert into Citizen (idno, title, firstname, lastname, dateofbirth, gender) VALUES (7476, '', 'Frank', 'Tempel', '1.1.1969.', 'n');
insert into CandidatesData (idno) VALUES (7476);
insert into Candidacy (wkid, idno, supportedby) VALUES (390, 7476, 3);
insert into Landeslistenplatz (llid, idno, position) VALUES (261, 7476, 4);
insert into Citizen (idno, title, firstname, lastname, dateofbirth, gender) VALUES (7477, '', 'Patrick', 'Tempel', '1.1.1987.', 'n');
insert into CandidatesData (idno) VALUES (7477);
insert into Landeslistenplatz (llid, idno, position) VALUES (367, 7477, 12);
insert into Citizen (idno, title, firstname, lastname, dateofbirth, gender) VALUES (7478, 'Dr. ', 'Frank Harald', 'Terpe', '1.1.1954.', 'n');
insert into CandidatesData (idno) VALUES (7478);
insert into Candidacy (wkid, idno, supportedby) VALUES (28, 7478, 5);
insert into Landeslistenplatz (llid, idno, position) VALUES (352, 7478, 1);
insert into Citizen (idno, title, firstname, lastname, dateofbirth, gender) VALUES (7479, '', 'Michael', 'Terwiesche', '1.1.1964.', 'n');
insert into CandidatesData (idno) VALUES (7479);
insert into Candidacy (wkid, idno, supportedby) VALUES (228, 7479, 4);
insert into Landeslistenplatz (llid, idno, position) VALUES (272, 7479, 24);
insert into Citizen (idno, title, firstname, lastname, dateofbirth, gender) VALUES (7480, 'Dr. ', 'Ditmar', 'Teschke', '1.1.1963.', 'n');
insert into CandidatesData (idno) VALUES (7480);
insert into Candidacy (wkid, idno, supportedby) VALUES (270, 7480, NULL);
insert into Citizen (idno, title, firstname, lastname, dateofbirth, gender) VALUES (7481, '', 'Norbert', 'Tessmer', '1.1.1953.', 'n');
insert into CandidatesData (idno) VALUES (7481);
insert into Candidacy (wkid, idno, supportedby) VALUES (476, 7481, 2);
insert into Citizen (idno, title, firstname, lastname, dateofbirth, gender) VALUES (7482, '', 'Holger', 'Teuteberg', '1.1.1964.', 'n');
insert into CandidatesData (idno) VALUES (7482);
insert into Candidacy (wkid, idno, supportedby) VALUES (64, 7482, 33);
insert into Citizen (idno, title, firstname, lastname, dateofbirth, gender) VALUES (7483, '', 'Gerald Günther', 'Teybig', '1.1.1962.', 'n');
insert into CandidatesData (idno) VALUES (7483);
insert into Candidacy (wkid, idno, supportedby) VALUES (186, 7483, 7);
insert into Citizen (idno, title, firstname, lastname, dateofbirth, gender) VALUES (7484, '', 'Just', 'Thalmeier', '1.1.1969.', 'n');
insert into CandidatesData (idno) VALUES (7484);
insert into Candidacy (wkid, idno, supportedby) VALUES (458, 7484, 32);
insert into Citizen (idno, title, firstname, lastname, dateofbirth, gender) VALUES (7485, '', 'Vivien Franziska Louise', 'Tharun', '1.1.1980.', 'n');
insert into CandidatesData (idno) VALUES (7485);
insert into Landeslistenplatz (llid, idno, position) VALUES (297, 7485, 6);
insert into Citizen (idno, title, firstname, lastname, dateofbirth, gender) VALUES (7486, '', 'Sebastian', 'Theelen', '1.1.1979.', 'n');
insert into CandidatesData (idno) VALUES (7486);
insert into Landeslistenplatz (llid, idno, position) VALUES (219, 7486, 7);
insert into Citizen (idno, title, firstname, lastname, dateofbirth, gender) VALUES (7487, '', 'Klaus', 'Theis', '1.1.1957.', 'n');
insert into CandidatesData (idno) VALUES (7487);
insert into Landeslistenplatz (llid, idno, position) VALUES (229, 7487, 25);
insert into Citizen (idno, title, firstname, lastname, dateofbirth, gender) VALUES (7488, '', 'Andreas Manfred', 'Theißen', '1.1.1972.', 'n');
insert into CandidatesData (idno) VALUES (7488);
insert into Landeslistenplatz (llid, idno, position) VALUES (235, 7488, 8);
insert into Citizen (idno, title, firstname, lastname, dateofbirth, gender) VALUES (7489, '', 'Vincent', 'Thenhart', '1.1.1993.', 'n');
insert into CandidatesData (idno) VALUES (7489);
insert into Candidacy (wkid, idno, supportedby) VALUES (418, 7489, 7);
insert into Landeslistenplatz (llid, idno, position) VALUES (349, 7489, 1);
insert into Citizen (idno, title, firstname, lastname, dateofbirth, gender) VALUES (7490, '', 'Jessica', 'Theobald', '1.1.1976.', 'n');
insert into CandidatesData (idno) VALUES (7490);
insert into Landeslistenplatz (llid, idno, position) VALUES (226, 7490, 22);
insert into Citizen (idno, title, firstname, lastname, dateofbirth, gender) VALUES (7491, '', 'Robert', 'Theobald', '1.1.1960.', 'n');
insert into CandidatesData (idno) VALUES (7491);
insert into Landeslistenplatz (llid, idno, position) VALUES (250, 7491, 12);
insert into Citizen (idno, title, firstname, lastname, dateofbirth, gender) VALUES (7492, '', 'Michael', 'Thews', '1.1.1964.', 'n');
insert into CandidatesData (idno) VALUES (7492);
insert into Candidacy (wkid, idno, supportedby) VALUES (290, 7492, 2);
insert into Landeslistenplatz (llid, idno, position) VALUES (246, 7492, 54);
insert into Citizen (idno, title, firstname, lastname, dateofbirth, gender) VALUES (7493, '', 'Carsten', 'Thiel', '1.1.1969.', 'n');
insert into CandidatesData (idno) VALUES (7493);
insert into Candidacy (wkid, idno, supportedby) VALUES (216, 7493, 32);
insert into Landeslistenplatz (llid, idno, position) VALUES (317, 7493, 4);
insert into Citizen (idno, title, firstname, lastname, dateofbirth, gender) VALUES (7494, '', 'Volker', 'Thiel', '1.1.1955.', 'n');
insert into CandidatesData (idno) VALUES (7494);
insert into Candidacy (wkid, idno, supportedby) VALUES (168, 7494, 4);
insert into Landeslistenplatz (llid, idno, position) VALUES (263, 7494, 6);
insert into Citizen (idno, title, firstname, lastname, dateofbirth, gender) VALUES (7495, 'Dr. ', 'Thomas', 'Thiele', '1.1.1957.', 'n');
insert into CandidatesData (idno) VALUES (7495);
insert into Candidacy (wkid, idno, supportedby) VALUES (78, 7495, 4);
insert into Landeslistenplatz (llid, idno, position) VALUES (301, 7495, 24);
insert into Citizen (idno, title, firstname, lastname, dateofbirth, gender) VALUES (7496, '', 'Henry Karl-Heinz', 'Thiele', '1.1.1960.', 'n');
insert into CandidatesData (idno) VALUES (7496);
insert into Landeslistenplatz (llid, idno, position) VALUES (290, 7496, 22);
insert into Citizen (idno, title, firstname, lastname, dateofbirth, gender) VALUES (7497, '', 'Werner Wolfgang', 'Thiele', '1.1.1947.', 'n');
insert into CandidatesData (idno) VALUES (7497);
insert into Candidacy (wkid, idno, supportedby) VALUES (486, 7497, 33);
insert into Citizen (idno, title, firstname, lastname, dateofbirth, gender) VALUES (7498, '', 'Axel', 'Thieme', '1.1.1949.', 'n');
insert into CandidatesData (idno) VALUES (7498);
insert into Candidacy (wkid, idno, supportedby) VALUES (286, 7498, 1);
insert into Landeslistenplatz (llid, idno, position) VALUES (376, 7498, 7);
insert into Citizen (idno, title, firstname, lastname, dateofbirth, gender) VALUES (7499, '', 'Frank', 'Thiesen', '1.1.1966.', 'n');
insert into CandidatesData (idno) VALUES (7499);
insert into Candidacy (wkid, idno, supportedby) VALUES (156, 7499, 7);
insert into Citizen (idno, title, firstname, lastname, dateofbirth, gender) VALUES (7500, 'Dr. ', 'Karin', 'Thissen', '1.1.1960.', 'n');
insert into CandidatesData (idno) VALUES (7500);
insert into Candidacy (wkid, idno, supportedby) VALUES (6, 7500, 2);
insert into Landeslistenplatz (llid, idno, position) VALUES (277, 7500, 10);
insert into Citizen (idno, title, firstname, lastname, dateofbirth, gender) VALUES (7501, '', 'Franz', 'Thönnes', '1.1.1954.', 'n');
insert into CandidatesData (idno) VALUES (7501);
insert into Candidacy (wkid, idno, supportedby) VALUES (16, 7501, 2);
insert into Landeslistenplatz (llid, idno, position) VALUES (277, 7501, 5);
insert into Citizen (idno, title, firstname, lastname, dateofbirth, gender) VALUES (7502, '', 'Christian', 'Thomae', '1.1.1981.', 'n');
insert into CandidatesData (idno) VALUES (7502);
insert into Candidacy (wkid, idno, supportedby) VALUES (516, 7502, 7);
insert into Landeslistenplatz (llid, idno, position) VALUES (221, 7502, 14);
insert into Citizen (idno, title, firstname, lastname, dateofbirth, gender) VALUES (7503, '', 'Lisa', 'Thomae', '1.1.1989.', 'n');
insert into CandidatesData (idno) VALUES (7503);
insert into Landeslistenplatz (llid, idno, position) VALUES (230, 7503, 16);
insert into Citizen (idno, title, firstname, lastname, dateofbirth, gender) VALUES (7504, '', 'Stephan', 'Thomae', '1.1.1968.', 'n');
insert into CandidatesData (idno) VALUES (7504);
insert into Candidacy (wkid, idno, supportedby) VALUES (512, 7504, 4);
insert into Landeslistenplatz (llid, idno, position) VALUES (276, 7504, 20);
insert into Citizen (idno, title, firstname, lastname, dateofbirth, gender) VALUES (7505, '', 'Christian', 'Thomas', '1.1.1964.', 'n');
insert into CandidatesData (idno) VALUES (7505);
insert into Landeslistenplatz (llid, idno, position) VALUES (229, 7505, 16);
insert into Citizen (idno, title, firstname, lastname, dateofbirth, gender) VALUES (7506, '', 'Maaike Amalie', 'Thomas', '1.1.1952.', 'n');
insert into CandidatesData (idno) VALUES (7506);
insert into Candidacy (wkid, idno, supportedby) VALUES (244, 7506, 5);
insert into Citizen (idno, title, firstname, lastname, dateofbirth, gender) VALUES (7507, '', 'Josef', 'Thomé', '1.1.1959.', 'n');
insert into CandidatesData (idno) VALUES (7507);
insert into Landeslistenplatz (llid, idno, position) VALUES (236, 7507, 11);
insert into Citizen (idno, title, firstname, lastname, dateofbirth, gender) VALUES (7508, '', 'Thomas', 'Thomsen', '1.1.1950.', 'n');
insert into CandidatesData (idno) VALUES (7508);
insert into Landeslistenplatz (llid, idno, position) VALUES (285, 7508, 6);
insert into Citizen (idno, title, firstname, lastname, dateofbirth, gender) VALUES (7509, '', 'Ursula', 'Thomsen-Marwitz', '1.1.1952.', 'n');
insert into CandidatesData (idno) VALUES (7509);
insert into Landeslistenplatz (llid, idno, position) VALUES (432, 7509, 4);
insert into Citizen (idno, title, firstname, lastname, dateofbirth, gender) VALUES (7510, '', 'Liane Natascha Lydia', 'Thorwart', '1.1.1970.', 'n');
insert into CandidatesData (idno) VALUES (7510);
insert into Landeslistenplatz (llid, idno, position) VALUES (204, 7510, 2);
insert into Citizen (idno, title, firstname, lastname, dateofbirth, gender) VALUES (7511, '', 'Jonathan Christian', 'Thron', '1.1.1986.', 'n');
insert into CandidatesData (idno) VALUES (7511);
insert into Landeslistenplatz (llid, idno, position) VALUES (353, 7511, 3);
insert into Citizen (idno, title, firstname, lastname, dateofbirth, gender) VALUES (7512, '', 'Johann', 'Thum', '1.1.1958.', 'n');
insert into CandidatesData (idno) VALUES (7512);
insert into Landeslistenplatz (llid, idno, position) VALUES (239, 7512, 11);
insert into Citizen (idno, title, firstname, lastname, dateofbirth, gender) VALUES (7513, '', 'Rolf', 'Tickert', '1.1.1955.', 'n');
insert into CandidatesData (idno) VALUES (7513);
insert into Landeslistenplatz (llid, idno, position) VALUES (255, 7513, 3);
insert into Citizen (idno, title, firstname, lastname, dateofbirth, gender) VALUES (7514, '', 'Sandra', 'Tiedtke', '1.1.1985.', 'n');
insert into CandidatesData (idno) VALUES (7514);
insert into Candidacy (wkid, idno, supportedby) VALUES (140, 7514, 7);
insert into Landeslistenplatz (llid, idno, position) VALUES (351, 7514, 1);
insert into Citizen (idno, title, firstname, lastname, dateofbirth, gender) VALUES (7515, '', 'Wolfgang Erwin Bernhard', 'Tiefensee', '1.1.1955.', 'n');
insert into CandidatesData (idno) VALUES (7515);
insert into Candidacy (wkid, idno, supportedby) VALUES (306, 7515, 2);
insert into Landeslistenplatz (llid, idno, position) VALUES (329, 7515, 3);
insert into Citizen (idno, title, firstname, lastname, dateofbirth, gender) VALUES (7516, '', 'Maja', 'Tiegs', '1.1.1985.', 'n');
insert into CandidatesData (idno) VALUES (7516);
insert into Candidacy (wkid, idno, supportedby) VALUES (276, 7516, 7);
insert into Citizen (idno, title, firstname, lastname, dateofbirth, gender) VALUES (7517, '', 'Dirk', 'Tiemann', '1.1.1968.', 'n');
insert into CandidatesData (idno) VALUES (7517);
insert into Landeslistenplatz (llid, idno, position) VALUES (290, 7517, 29);
insert into Citizen (idno, title, firstname, lastname, dateofbirth, gender) VALUES (7518, '', 'Christian', 'Tietge', '1.1.1986.', 'n');
insert into CandidatesData (idno) VALUES (7518);
insert into Landeslistenplatz (llid, idno, position) VALUES (201, 7518, 28);
insert into Citizen (idno, title, firstname, lastname, dateofbirth, gender) VALUES (7519, 'Dr. ', 'Kim-Oliver', 'Tietze', '1.1.1968.', 'n');
insert into CandidatesData (idno) VALUES (7519);
insert into Landeslistenplatz (llid, idno, position) VALUES (309, 7519, 2);
insert into Citizen (idno, title, firstname, lastname, dateofbirth, gender) VALUES (7520, '', 'Martina Alma Edith', 'Tigges-Friedrichs', '1.1.1967.', 'n');
insert into CandidatesData (idno) VALUES (7520);
insert into Landeslistenplatz (llid, idno, position) VALUES (203, 7520, 17);
insert into Citizen (idno, title, firstname, lastname, dateofbirth, gender) VALUES (7521, '', 'Antje', 'Tillmann', '1.1.1964.', 'n');
insert into CandidatesData (idno) VALUES (7521);
insert into Candidacy (wkid, idno, supportedby) VALUES (386, 7521, 12);
insert into Landeslistenplatz (llid, idno, position) VALUES (388, 7521, 2);
insert into Citizen (idno, title, firstname, lastname, dateofbirth, gender) VALUES (7522, 'Dr. ', 'Hans-Thomas', 'Tillschneider', '1.1.1978.', 'n');
insert into CandidatesData (idno) VALUES (7522);
insert into Landeslistenplatz (llid, idno, position) VALUES (339, 7522, 7);
insert into Citizen (idno, title, firstname, lastname, dateofbirth, gender) VALUES (7523, '', 'Katharina', 'Tils', '1.1.1972.', 'n');
insert into CandidatesData (idno) VALUES (7523);
insert into Landeslistenplatz (llid, idno, position) VALUES (262, 7523, 43);
insert into Citizen (idno, title, firstname, lastname, dateofbirth, gender) VALUES (7524, '', 'Dierk', 'Timm', '1.1.1967.', 'n');
insert into CandidatesData (idno) VALUES (7524);
insert into Candidacy (wkid, idno, supportedby) VALUES (182, 7524, 2);
insert into Landeslistenplatz (llid, idno, position) VALUES (246, 7524, 52);
insert into Citizen (idno, title, firstname, lastname, dateofbirth, gender) VALUES (7525, '', 'Astrid', 'Timmermann-Fechter', '1.1.1963.', 'n');
insert into CandidatesData (idno) VALUES (7525);
insert into Candidacy (wkid, idno, supportedby) VALUES (236, 7525, 12);
insert into Landeslistenplatz (llid, idno, position) VALUES (310, 7525, 37);
insert into Citizen (idno, title, firstname, lastname, dateofbirth, gender) VALUES (7526, '', 'Nico', 'Tippelt', '1.1.1967.', 'n');
insert into CandidatesData (idno) VALUES (7526);
insert into Candidacy (wkid, idno, supportedby) VALUES (330, 7526, 4);
insert into Citizen (idno, title, firstname, lastname, dateofbirth, gender) VALUES (7527, '', 'Meryem', 'Tiras-Deniz', '1.1.1983.', 'n');
insert into CandidatesData (idno) VALUES (7527);
insert into Landeslistenplatz (llid, idno, position) VALUES (320, 7527, 7);
insert into Citizen (idno, title, firstname, lastname, dateofbirth, gender) VALUES (7528, '', 'Gregor', 'Tischel', '1.1.1964.', 'n');
insert into CandidatesData (idno) VALUES (7528);
insert into Landeslistenplatz (llid, idno, position) VALUES (204, 7528, 25);
insert into Citizen (idno, title, firstname, lastname, dateofbirth, gender) VALUES (7529, '', 'Stefan', 'Tischer', '1.1.1981.', 'n');
insert into CandidatesData (idno) VALUES (7529);
insert into Candidacy (wkid, idno, supportedby) VALUES (156, 7529, 10);
insert into Landeslistenplatz (llid, idno, position) VALUES (356, 7529, 6);
insert into Citizen (idno, title, firstname, lastname, dateofbirth, gender) VALUES (7530, '', 'Christian', 'Tischler', '1.1.1983.', 'n');
insert into CandidatesData (idno) VALUES (7530);
insert into Candidacy (wkid, idno, supportedby) VALUES (434, 7530, 36);
insert into Landeslistenplatz (llid, idno, position) VALUES (295, 7530, 26);
insert into Citizen (idno, title, firstname, lastname, dateofbirth, gender) VALUES (7531, '', 'Dominic Marcus', 'Titus', '1.1.1982.', 'n');
insert into CandidatesData (idno) VALUES (7531);
insert into Landeslistenplatz (llid, idno, position) VALUES (230, 7531, 5);
insert into Citizen (idno, title, firstname, lastname, dateofbirth, gender) VALUES (7532, '', 'Hans-Gerd', 'Tix', '1.1.1961.', 'n');
insert into CandidatesData (idno) VALUES (7532);
insert into Landeslistenplatz (llid, idno, position) VALUES (360, 7532, 2);
insert into Citizen (idno, title, firstname, lastname, dateofbirth, gender) VALUES (7533, 'Dr. ', 'Hans Anjes', 'Tjarks', '1.1.1981.', 'n');
insert into CandidatesData (idno) VALUES (7533);
insert into Candidacy (wkid, idno, supportedby) VALUES (38, 7533, 5);
insert into Landeslistenplatz (llid, idno, position) VALUES (321, 7533, 6);
insert into Citizen (idno, title, firstname, lastname, dateofbirth, gender) VALUES (7534, '', 'Manfred', 'Todtenhausen', '1.1.1950.', 'n');
insert into CandidatesData (idno) VALUES (7534);
insert into Candidacy (wkid, idno, supportedby) VALUES (204, 7534, 4);
insert into Landeslistenplatz (llid, idno, position) VALUES (272, 7534, 16);
insert into Citizen (idno, title, firstname, lastname, dateofbirth, gender) VALUES (7535, '', 'Hannelore', 'Tölke', '1.1.1954.', 'n');
insert into CandidatesData (idno) VALUES (7535);
insert into Candidacy (wkid, idno, supportedby) VALUES (286, 7535, 3);
insert into Citizen (idno, title, firstname, lastname, dateofbirth, gender) VALUES (7536, '', 'Hubert', 'Töllers', '1.1.1960.', 'n');
insert into CandidatesData (idno) VALUES (7536);
insert into Candidacy (wkid, idno, supportedby) VALUES (254, 7536, 22);
insert into Citizen (idno, title, firstname, lastname, dateofbirth, gender) VALUES (7537, '', 'Caroline Chantal', 'Tönges', '1.1.1986.', 'n');
insert into CandidatesData (idno) VALUES (7537);
insert into Candidacy (wkid, idno, supportedby) VALUES (334, 7537, 5);
insert into Landeslistenplatz (llid, idno, position) VALUES (318, 7537, 13);
insert into Citizen (idno, title, firstname, lastname, dateofbirth, gender) VALUES (7538, '', 'Manuela Margarete', 'Tönhardt', '1.1.1952.', 'n');
insert into CandidatesData (idno) VALUES (7538);
insert into Candidacy (wkid, idno, supportedby) VALUES (172, 7538, 1);
insert into Landeslistenplatz (llid, idno, position) VALUES (423, 7538, 3);
insert into Citizen (idno, title, firstname, lastname, dateofbirth, gender) VALUES (7539, '', 'Jürgen Wilhelm Otto', 'Töpke', '1.1.1959.', 'n');
insert into CandidatesData (idno) VALUES (7539);
insert into Candidacy (wkid, idno, supportedby) VALUES (4, 7539, 1);
insert into Citizen (idno, title, firstname, lastname, dateofbirth, gender) VALUES (7540, '', 'Serkan', 'Tören', '1.1.1972.', 'n');
insert into CandidatesData (idno) VALUES (7540);
insert into Candidacy (wkid, idno, supportedby) VALUES (60, 7540, 4);
insert into Landeslistenplatz (llid, idno, position) VALUES (301, 7540, 6);
insert into Citizen (idno, title, firstname, lastname, dateofbirth, gender) VALUES (7541, '', 'Torsten', 'Tofahrn', '1.1.1969.', 'n');
insert into CandidatesData (idno) VALUES (7541);
insert into Candidacy (wkid, idno, supportedby) VALUES (202, 7541, 31);
insert into Citizen (idno, title, firstname, lastname, dateofbirth, gender) VALUES (7542, '', 'Stefan Ibrahim', 'Tolksdorf', '1.1.1979.', 'n');
insert into CandidatesData (idno) VALUES (7542);
insert into Candidacy (wkid, idno, supportedby) VALUES (170, 7542, 10);
insert into Landeslistenplatz (llid, idno, position) VALUES (356, 7542, 2);
insert into Citizen (idno, title, firstname, lastname, dateofbirth, gender) VALUES (7543, 'Dr. ', 'Florian', 'Toncar', '1.1.1979.', 'n');
insert into CandidatesData (idno) VALUES (7543);
insert into Candidacy (wkid, idno, supportedby) VALUES (520, 7543, 4);
insert into Landeslistenplatz (llid, idno, position) VALUES (224, 7543, 5);
insert into Citizen (idno, title, firstname, lastname, dateofbirth, gender) VALUES (7544, '', 'Sonni', 'Tonne', '1.1.1963.', 'n');
insert into CandidatesData (idno) VALUES (7544);
insert into Candidacy (wkid, idno, supportedby) VALUES (74, 7544, 17);
insert into Landeslistenplatz (llid, idno, position) VALUES (302, 7544, 2);
insert into Citizen (idno, title, firstname, lastname, dateofbirth, gender) VALUES (7545, '', 'Ingo', 'Tonsor', '1.1.1973.', 'n');
insert into CandidatesData (idno) VALUES (7545);
insert into Candidacy (wkid, idno, supportedby) VALUES (50, 7545, 32);
insert into Citizen (idno, title, firstname, lastname, dateofbirth, gender) VALUES (7546, '', 'Roman', 'Topp', '1.1.1980.', 'n');
insert into CandidatesData (idno) VALUES (7546);
insert into Landeslistenplatz (llid, idno, position) VALUES (339, 7546, 9);
insert into Citizen (idno, title, firstname, lastname, dateofbirth, gender) VALUES (7547, '', 'Stephanie', 'Trabant', '1.1.1990.', 'n');
insert into CandidatesData (idno) VALUES (7547);
insert into Landeslistenplatz (llid, idno, position) VALUES (429, 7547, 4);
insert into Citizen (idno, title, firstname, lastname, dateofbirth, gender) VALUES (7548, '', 'Ulrike', 'Trachternach', '1.1.1957.', 'n');
insert into CandidatesData (idno) VALUES (7548);
insert into Landeslistenplatz (llid, idno, position) VALUES (265, 7548, 5);
insert into Citizen (idno, title, firstname, lastname, dateofbirth, gender) VALUES (7549, '', 'Carsten Dietmar', 'Träger', '1.1.1973.', 'n');
insert into CandidatesData (idno) VALUES (7549);
insert into Candidacy (wkid, idno, supportedby) VALUES (486, 7549, 2);
insert into Landeslistenplatz (llid, idno, position) VALUES (260, 7549, 11);
insert into Citizen (idno, title, firstname, lastname, dateofbirth, gender) VALUES (7550, '', 'Ute', 'Tralic', '1.1.1951.', 'n');
insert into CandidatesData (idno) VALUES (7550);
insert into Landeslistenplatz (llid, idno, position) VALUES (227, 7550, 28);
insert into Citizen (idno, title, firstname, lastname, dateofbirth, gender) VALUES (7551, '', 'Johannes', 'Trampert', '1.1.1963.', 'n');
insert into CandidatesData (idno) VALUES (7551);
insert into Candidacy (wkid, idno, supportedby) VALUES (596, 7551, 33);
insert into Landeslistenplatz (llid, idno, position) VALUES (430, 7551, 1);
insert into Citizen (idno, title, firstname, lastname, dateofbirth, gender) VALUES (7552, '', 'Marco Jürgen', 'Trauten', '1.1.1966.', 'n');
insert into CandidatesData (idno) VALUES (7552);
insert into Landeslistenplatz (llid, idno, position) VALUES (253, 7552, 40);
insert into Citizen (idno, title, firstname, lastname, dateofbirth, gender) VALUES (7553, '', 'Ulrike', 'Trebesius', '1.1.1970.', 'n');
insert into CandidatesData (idno) VALUES (7553);
insert into Candidacy (wkid, idno, supportedby) VALUES (6, 7553, 33);
insert into Landeslistenplatz (llid, idno, position) VALUES (285, 7553, 1);
insert into Citizen (idno, title, firstname, lastname, dateofbirth, gender) VALUES (7554, '', 'Martin', 'Treeck', '1.1.1961.', 'n');
insert into CandidatesData (idno) VALUES (7554);
insert into Candidacy (wkid, idno, supportedby) VALUES (332, 7554, 4);
insert into Citizen (idno, title, firstname, lastname, dateofbirth, gender) VALUES (7555, '', 'Stella', 'Tremel', '1.1.1978.', 'n');
insert into CandidatesData (idno) VALUES (7555);
insert into Landeslistenplatz (llid, idno, position) VALUES (312, 7555, 38);
insert into Citizen (idno, title, firstname, lastname, dateofbirth, gender) VALUES (7556, '', 'Angelika', 'Trendelenburg', '1.1.1957.', 'n');
insert into CandidatesData (idno) VALUES (7556);
insert into Landeslistenplatz (llid, idno, position) VALUES (403, 7556, 10);
insert into Citizen (idno, title, firstname, lastname, dateofbirth, gender) VALUES (7557, '', 'Markus', 'Tressel', '1.1.1977.', 'n');
insert into CandidatesData (idno) VALUES (7557);
insert into Candidacy (wkid, idno, supportedby) VALUES (594, 7557, 5);
insert into Landeslistenplatz (llid, idno, position) VALUES (366, 7557, 1);
insert into Citizen (idno, title, firstname, lastname, dateofbirth, gender) VALUES (7558, '', 'Birgit', 'Trinczek', '1.1.1967.', 'n');
insert into CandidatesData (idno) VALUES (7558);
insert into Landeslistenplatz (llid, idno, position) VALUES (262, 7558, 39);
insert into Citizen (idno, title, firstname, lastname, dateofbirth, gender) VALUES (7559, '', 'Jürgen', 'Trittin', '1.1.1954.', 'n');
insert into CandidatesData (idno) VALUES (7559);
insert into Candidacy (wkid, idno, supportedby) VALUES (106, 7559, 5);
insert into Landeslistenplatz (llid, idno, position) VALUES (316, 7559, 2);
insert into Citizen (idno, title, firstname, lastname, dateofbirth, gender) VALUES (7560, '', 'Sebastian', 'Tröbs', '1.1.1982.', 'n');
insert into CandidatesData (idno) VALUES (7560);
insert into Candidacy (wkid, idno, supportedby) VALUES (322, 7560, 5);
insert into Landeslistenplatz (llid, idno, position) VALUES (361, 7560, 10);
insert into Citizen (idno, title, firstname, lastname, dateofbirth, gender) VALUES (7561, '', 'Stefan Helmut', 'Trös', '1.1.1964.', 'n');
insert into CandidatesData (idno) VALUES (7561);
insert into Candidacy (wkid, idno, supportedby) VALUES (406, 7561, 7);
insert into Citizen (idno, title, firstname, lastname, dateofbirth, gender) VALUES (7562, '', 'Anja', 'Troff-Schaffarzyk', '1.1.1969.', 'n');
insert into CandidatesData (idno) VALUES (7562);
insert into Landeslistenplatz (llid, idno, position) VALUES (242, 7562, 48);
insert into Citizen (idno, title, firstname, lastname, dateofbirth, gender) VALUES (7563, '', 'Carsten', 'Trojahn', '1.1.1980.', 'n');
insert into CandidatesData (idno) VALUES (7563);
insert into Candidacy (wkid, idno, supportedby) VALUES (236, 7563, 7);
insert into Citizen (idno, title, firstname, lastname, dateofbirth, gender) VALUES (7564, 'Dr. ', 'Axel', 'Troost', '1.1.1954.', 'n');
insert into CandidatesData (idno) VALUES (7564);
insert into Candidacy (wkid, idno, supportedby) VALUES (308, 7564, 3);
insert into Landeslistenplatz (llid, idno, position) VALUES (417, 7564, 4);
insert into Citizen (idno, title, firstname, lastname, dateofbirth, gender) VALUES (7565, '', 'Andreas', 'Trost', '1.1.1981.', 'n');
insert into CandidatesData (idno) VALUES (7565);
insert into Candidacy (wkid, idno, supportedby) VALUES (304, 7565, 10);
insert into Citizen (idno, title, firstname, lastname, dateofbirth, gender) VALUES (7566, 'Dr. ', 'Hans-Werner', 'Trummel', '1.1.1952.', 'n');
insert into CandidatesData (idno) VALUES (7566);
insert into Candidacy (wkid, idno, supportedby) VALUES (142, 7566, 32);
insert into Landeslistenplatz (llid, idno, position) VALUES (341, 7566, 6);
insert into Citizen (idno, title, firstname, lastname, dateofbirth, gender) VALUES (7567, '', 'Stephan', 'Tschendel', '1.1.1970.', 'n');
insert into CandidatesData (idno) VALUES (7567);
insert into Landeslistenplatz (llid, idno, position) VALUES (201, 7567, 49);
insert into Citizen (idno, title, firstname, lastname, dateofbirth, gender) VALUES (7568, '', 'Benjamin', 'Tschesnok', '1.1.1984.', 'n');
insert into CandidatesData (idno) VALUES (7568);
insert into Landeslistenplatz (llid, idno, position) VALUES (262, 7568, 26);
insert into Citizen (idno, title, firstname, lastname, dateofbirth, gender) VALUES (7569, '', 'Lothar', 'Tschürtz', '1.1.1967.', 'n');
insert into CandidatesData (idno) VALUES (7569);
insert into Landeslistenplatz (llid, idno, position) VALUES (292, 7569, 10);
insert into Citizen (idno, title, firstname, lastname, dateofbirth, gender) VALUES (7570, '', 'Andre', 'Tügend', '1.1.1970.', 'n');
insert into CandidatesData (idno) VALUES (7570);
insert into Landeslistenplatz (llid, idno, position) VALUES (426, 7570, 3);
insert into Citizen (idno, title, firstname, lastname, dateofbirth, gender) VALUES (7571, '', 'Andreas', 'Tute', '1.1.1983.', 'n');
insert into CandidatesData (idno) VALUES (7571);
insert into Landeslistenplatz (llid, idno, position) VALUES (385, 7571, 4);
insert into Citizen (idno, title, firstname, lastname, dateofbirth, gender) VALUES (7572, '', 'Behiye', 'Uca', '1.1.1971.', 'n');
insert into CandidatesData (idno) VALUES (7572);
insert into Candidacy (wkid, idno, supportedby) VALUES (88, 7572, 3);
insert into Landeslistenplatz (llid, idno, position) VALUES (304, 7572, 7);
insert into Citizen (idno, title, firstname, lastname, dateofbirth, gender) VALUES (7573, '', 'Ralf', 'Überheim', '1.1.1961.', 'n');
insert into CandidatesData (idno) VALUES (7573);
insert into Candidacy (wkid, idno, supportedby) VALUES (88, 7573, 4);
insert into Landeslistenplatz (llid, idno, position) VALUES (301, 7573, 18);
insert into Citizen (idno, title, firstname, lastname, dateofbirth, gender) VALUES (7574, '', 'Dirk', 'Uehlein', '1.1.1968.', 'n');
insert into CandidatesData (idno) VALUES (7574);
insert into Landeslistenplatz (llid, idno, position) VALUES (292, 7574, 18);
insert into Citizen (idno, title, firstname, lastname, dateofbirth, gender) VALUES (7575, '', 'Johanna', 'Uekermann', '1.1.1987.', 'n');
insert into CandidatesData (idno) VALUES (7575);
insert into Candidacy (wkid, idno, supportedby) VALUES (462, 7575, 2);
insert into Landeslistenplatz (llid, idno, position) VALUES (260, 7575, 38);
insert into Citizen (idno, title, firstname, lastname, dateofbirth, gender) VALUES (7576, '', 'Zorlu', 'Ünal', '1.1.1975.', 'n');
insert into CandidatesData (idno) VALUES (7576);
insert into Landeslistenplatz (llid, idno, position) VALUES (359, 7576, 7);
insert into Citizen (idno, title, firstname, lastname, dateofbirth, gender) VALUES (7577, '', 'Üsler', 'Ünsal', '1.1.1982.', 'n');
insert into CandidatesData (idno) VALUES (7577);
insert into Candidacy (wkid, idno, supportedby) VALUES (86, 7577, 34);
insert into Citizen (idno, title, firstname, lastname, dateofbirth, gender) VALUES (7578, '', 'Klaus', 'Ufer', '1.1.1940.', 'n');
insert into CandidatesData (idno) VALUES (7578);
insert into Candidacy (wkid, idno, supportedby) VALUES (304, 7578, 1);
insert into Citizen (idno, title, firstname, lastname, dateofbirth, gender) VALUES (7579, 'Dr. ', 'Hans-Peter', 'Uhl', '1.1.1944.', 'n');
insert into CandidatesData (idno) VALUES (7579);
insert into Candidacy (wkid, idno, supportedby) VALUES (442, 7579, 9);
insert into Landeslistenplatz (llid, idno, position) VALUES (220, 7579, 17);
insert into Citizen (idno, title, firstname, lastname, dateofbirth, gender) VALUES (7580, '', 'Markus', 'Uhl', '1.1.1979.', 'n');
insert into CandidatesData (idno) VALUES (7580);
insert into Landeslistenplatz (llid, idno, position) VALUES (226, 7580, 5);
insert into Citizen (idno, title, firstname, lastname, dateofbirth, gender) VALUES (7581, '', 'Peter', 'Uhrmeister', '1.1.1968.', 'n');
insert into CandidatesData (idno) VALUES (7581);
insert into Landeslistenplatz (llid, idno, position) VALUES (433, 7581, 4);
insert into Citizen (idno, title, firstname, lastname, dateofbirth, gender) VALUES (7582, 'Dr. ', 'Volker Michael', 'Ullrich', '1.1.1975.', 'n');
insert into CandidatesData (idno) VALUES (7582);
insert into Candidacy (wkid, idno, supportedby) VALUES (504, 7582, 9);
insert into Landeslistenplatz (llid, idno, position) VALUES (220, 7582, 26);
insert into Citizen (idno, title, firstname, lastname, dateofbirth, gender) VALUES (7583, '', 'Klaus', 'Ullrich', '1.1.1980.', 'n');
insert into CandidatesData (idno) VALUES (7583);
insert into Candidacy (wkid, idno, supportedby) VALUES (130, 7583, 5);
insert into Citizen (idno, title, firstname, lastname, dateofbirth, gender) VALUES (7584, '', 'Jonathan', 'Ullwer', '1.1.1989.', 'n');
insert into CandidatesData (idno) VALUES (7584);
insert into Landeslistenplatz (llid, idno, position) VALUES (201, 7584, 12);
insert into Citizen (idno, title, firstname, lastname, dateofbirth, gender) VALUES (7585, '', 'Michael', 'Ulmer', '1.1.1970.', 'n');
insert into CandidatesData (idno) VALUES (7585);
insert into Landeslistenplatz (llid, idno, position) VALUES (213, 7585, 29);
insert into Citizen (idno, title, firstname, lastname, dateofbirth, gender) VALUES (7586, '', 'Alexander', 'Ulrich', '1.1.1971.', 'n');
insert into CandidatesData (idno) VALUES (7586);
insert into Candidacy (wkid, idno, supportedby) VALUES (420, 7586, 3);
insert into Landeslistenplatz (llid, idno, position) VALUES (359, 7586, 1);
insert into Citizen (idno, title, firstname, lastname, dateofbirth, gender) VALUES (7587, '', 'Günter Reinhard', 'Ulrich', '1.1.1943.', 'n');
insert into CandidatesData (idno) VALUES (7587);
insert into Candidacy (wkid, idno, supportedby) VALUES (366, 7587, 1);
insert into Citizen (idno, title, firstname, lastname, dateofbirth, gender) VALUES (7588, '', 'Arno Jürgen', 'Ulrichs', '1.1.1961.', 'n');
insert into CandidatesData (idno) VALUES (7588);
insert into Candidacy (wkid, idno, supportedby) VALUES (94, 7588, 32);
insert into Landeslistenplatz (llid, idno, position) VALUES (282, 7588, 4);
insert into Citizen (idno, title, firstname, lastname, dateofbirth, gender) VALUES (7589, '', 'Mümün', 'Uluc', '1.1.1961.', 'n');
insert into CandidatesData (idno) VALUES (7589);
insert into Landeslistenplatz (llid, idno, position) VALUES (205, 7589, 8);
insert into Citizen (idno, title, firstname, lastname, dateofbirth, gender) VALUES (7590, '', 'Frank', 'Umann', '1.1.1970.', 'n');
insert into CandidatesData (idno) VALUES (7590);
insert into Landeslistenplatz (llid, idno, position) VALUES (258, 7590, 9);
insert into Citizen (idno, title, firstname, lastname, dateofbirth, gender) VALUES (7591, '', 'Harald Hartmut Karl', 'Unfried', '1.1.1964.', 'n');
insert into CandidatesData (idno) VALUES (7591);
insert into Candidacy (wkid, idno, supportedby) VALUES (456, 7591, 2);
insert into Landeslistenplatz (llid, idno, position) VALUES (260, 7591, 37);
insert into Citizen (idno, title, firstname, lastname, dateofbirth, gender) VALUES (7592, '', 'Gerald', 'Unger', '1.1.1946.', 'n');
insert into CandidatesData (idno) VALUES (7592);
insert into Candidacy (wkid, idno, supportedby) VALUES (416, 7592, 3);
insert into Citizen (idno, title, firstname, lastname, dateofbirth, gender) VALUES (7593, '', 'Markus Peter', 'Ungermann', '1.1.1968.', 'n');
insert into CandidatesData (idno) VALUES (7593);
insert into Landeslistenplatz (llid, idno, position) VALUES (236, 7593, 15);
insert into Citizen (idno, title, firstname, lastname, dateofbirth, gender) VALUES (7594, '', 'Gabriele', 'Ungers', '1.1.1955.', 'n');
insert into CandidatesData (idno) VALUES (7594);
insert into Landeslistenplatz (llid, idno, position) VALUES (419, 7594, 2);
insert into Citizen (idno, title, firstname, lastname, dateofbirth, gender) VALUES (7595, '', 'Cordula', 'Ungruh', '1.1.1959.', 'n');
insert into CandidatesData (idno) VALUES (7595);
insert into Candidacy (wkid, idno, supportedby) VALUES (292, 7595, 5);
insert into Landeslistenplatz (llid, idno, position) VALUES (256, 7595, 37);
insert into Citizen (idno, title, firstname, lastname, dateofbirth, gender) VALUES (7596, '', 'Stefan', 'Urbat', '1.1.1965.', 'n');
insert into CandidatesData (idno) VALUES (7596);
insert into Landeslistenplatz (llid, idno, position) VALUES (221, 7596, 6);
insert into Citizen (idno, title, firstname, lastname, dateofbirth, gender) VALUES (7597, '', 'Marc André', 'Urmetzer', '1.1.1991.', 'n');
insert into CandidatesData (idno) VALUES (7597);
insert into Landeslistenplatz (llid, idno, position) VALUES (272, 7597, 37);
insert into Citizen (idno, title, firstname, lastname, dateofbirth, gender) VALUES (7598, '', 'Arnold Eugen Hugo', 'Vaatz', '1.1.1955.', 'n');
insert into CandidatesData (idno) VALUES (7598);
insert into Candidacy (wkid, idno, supportedby) VALUES (320, 7598, 12);
insert into Landeslistenplatz (llid, idno, position) VALUES (308, 7598, 2);
insert into Citizen (idno, title, firstname, lastname, dateofbirth, gender) VALUES (7599, 'Dr. ', 'Wilhelm', 'Vachenauer', '1.1.1949.', 'n');
insert into CandidatesData (idno) VALUES (7599);
insert into Candidacy (wkid, idno, supportedby) VALUES (512, 7599, 36);
insert into Landeslistenplatz (llid, idno, position) VALUES (295, 7599, 27);
insert into Citizen (idno, title, firstname, lastname, dateofbirth, gender) VALUES (7600, '', 'Richard Ludwig Heinrich Karl', 'Vahlberg', '1.1.1931.', 'n');
insert into CandidatesData (idno) VALUES (7600);
insert into Candidacy (wkid, idno, supportedby) VALUES (486, 7600, 1);
insert into Citizen (idno, title, firstname, lastname, dateofbirth, gender) VALUES (7601, '', 'Stefan', 'Valentin', '1.1.1965.', 'n');
insert into CandidatesData (idno) VALUES (7601);
insert into Candidacy (wkid, idno, supportedby) VALUES (152, 7601, 31);
insert into Landeslistenplatz (llid, idno, position) VALUES (201, 7601, 4);
insert into Citizen (idno, title, firstname, lastname, dateofbirth, gender) VALUES (7602, 'Dr. ', 'Klaus', 'Valeske', '1.1.1962.', 'n');
insert into CandidatesData (idno) VALUES (7602);
insert into Landeslistenplatz (llid, idno, position) VALUES (290, 7602, 34);
insert into Citizen (idno, title, firstname, lastname, dateofbirth, gender) VALUES (7603, '', 'Christoph', 'Vandreier', '1.1.1981.', 'n');
insert into CandidatesData (idno) VALUES (7603);
insert into Landeslistenplatz (llid, idno, position) VALUES (284, 7603, 2);
insert into Citizen (idno, title, firstname, lastname, dateofbirth, gender) VALUES (7604, '', 'Rüdiger', 'Veit', '1.1.1949.', 'n');
insert into CandidatesData (idno) VALUES (7604);
insert into Candidacy (wkid, idno, supportedby) VALUES (346, 7604, 2);
insert into Landeslistenplatz (llid, idno, position) VALUES (227, 7604, 3);
insert into Citizen (idno, title, firstname, lastname, dateofbirth, gender) VALUES (7605, '', 'Oswin', 'Veith', '1.1.1961.', 'n');
insert into CandidatesData (idno) VALUES (7605);
insert into Candidacy (wkid, idno, supportedby) VALUES (354, 7605, 12);
insert into Landeslistenplatz (llid, idno, position) VALUES (262, 7605, 20);
insert into Citizen (idno, title, firstname, lastname, dateofbirth, gender) VALUES (7606, '', 'Julia', 'Verlinden', '1.1.1979.', 'n');
insert into CandidatesData (idno) VALUES (7606);
insert into Candidacy (wkid, idno, supportedby) VALUES (74, 7606, 5);
insert into Landeslistenplatz (llid, idno, position) VALUES (316, 7606, 3);
insert into Citizen (idno, title, firstname, lastname, dateofbirth, gender) VALUES (7607, '', 'Pia', 'Vermeulen', '1.1.1989.', 'n');
insert into CandidatesData (idno) VALUES (7607);
insert into Landeslistenplatz (llid, idno, position) VALUES (297, 7607, 49);
insert into Citizen (idno, title, firstname, lastname, dateofbirth, gender) VALUES (7608, '', 'Naseem', 'Verweyen', '1.1.1967.', 'n');
insert into CandidatesData (idno) VALUES (7608);
insert into Candidacy (wkid, idno, supportedby) VALUES (562, 7608, NULL);
insert into Citizen (idno, title, firstname, lastname, dateofbirth, gender) VALUES (7609, '', 'Udo', 'Vetter', '1.1.1964.', 'n');
insert into CandidatesData (idno) VALUES (7609);
insert into Landeslistenplatz (llid, idno, position) VALUES (248, 7609, 2);
insert into Citizen (idno, title, firstname, lastname, dateofbirth, gender) VALUES (7610, '', 'Ibrahim', 'Veziroglu', '1.1.1962.', 'n');
insert into CandidatesData (idno) VALUES (7610);
insert into Candidacy (wkid, idno, supportedby) VALUES (494, 7610, 3);
insert into Landeslistenplatz (llid, idno, position) VALUES (350, 7610, 18);
insert into Citizen (idno, title, firstname, lastname, dateofbirth, gender) VALUES (7611, '', 'Marcus', 'Viefeld', '1.1.1975.', 'n');
insert into CandidatesData (idno) VALUES (7611);
insert into Candidacy (wkid, idno, supportedby) VALUES (304, 7611, 4);
insert into Landeslistenplatz (llid, idno, position) VALUES (334, 7611, 7);
insert into Citizen (idno, title, firstname, lastname, dateofbirth, gender) VALUES (7612, '', 'Eva', 'Viehoff', '1.1.1958.', 'n');
insert into CandidatesData (idno) VALUES (7612);
insert into Candidacy (wkid, idno, supportedby) VALUES (58, 7612, 5);
insert into Landeslistenplatz (llid, idno, position) VALUES (316, 7612, 9);
insert into Citizen (idno, title, firstname, lastname, dateofbirth, gender) VALUES (7613, '', 'Kerstin', 'Vieregge', '1.1.1976.', 'n');
insert into CandidatesData (idno) VALUES (7613);
insert into Landeslistenplatz (llid, idno, position) VALUES (310, 7613, 58);
insert into Citizen (idno, title, firstname, lastname, dateofbirth, gender) VALUES (7614, '', 'Thomas', 'Viesehon', '1.1.1973.', 'n');
insert into CandidatesData (idno) VALUES (7614);
insert into Candidacy (wkid, idno, supportedby) VALUES (334, 7614, 12);
insert into Landeslistenplatz (llid, idno, position) VALUES (262, 7614, 18);
insert into Citizen (idno, title, firstname, lastname, dateofbirth, gender) VALUES (7615, '', 'Michael', 'Vietz', '1.1.1968.', 'n');
insert into CandidatesData (idno) VALUES (7615);
insert into Candidacy (wkid, idno, supportedby) VALUES (92, 7615, 12);
insert into Landeslistenplatz (llid, idno, position) VALUES (217, 7615, 24);
insert into Citizen (idno, title, firstname, lastname, dateofbirth, gender) VALUES (7616, '', 'Aino Friederike', 'Vilmar', '1.1.1986.', 'n');
insert into CandidatesData (idno) VALUES (7616);
insert into Landeslistenplatz (llid, idno, position) VALUES (209, 7616, 5);
insert into Citizen (idno, title, firstname, lastname, dateofbirth, gender) VALUES (7617, '', 'Anka Simone', 'Violka', '1.1.1968.', 'n');
insert into CandidatesData (idno) VALUES (7617);
insert into Candidacy (wkid, idno, supportedby) VALUES (326, 7617, 2);
insert into Landeslistenplatz (llid, idno, position) VALUES (329, 7617, 10);
insert into Citizen (idno, title, firstname, lastname, dateofbirth, gender) VALUES (7618, '', 'Huu Loi', 'Vo', '1.1.1984.', 'n');
insert into CandidatesData (idno) VALUES (7618);
insert into Landeslistenplatz (llid, idno, position) VALUES (276, 7618, 10);
insert into Citizen (idno, title, firstname, lastname, dateofbirth, gender) VALUES (7619, '', 'Florian', 'Völlger', '1.1.1985.', 'n');
insert into CandidatesData (idno) VALUES (7619);
insert into Candidacy (wkid, idno, supportedby) VALUES (184, 7619, 3);
insert into Citizen (idno, title, firstname, lastname, dateofbirth, gender) VALUES (7620, '', 'Thomas', 'Völter', '1.1.1948.', 'n');
insert into CandidatesData (idno) VALUES (7620);
insert into Landeslistenplatz (llid, idno, position) VALUES (270, 7620, 16);
insert into Citizen (idno, title, firstname, lastname, dateofbirth, gender) VALUES (7621, '', 'Dirk', 'Vöpel', '1.1.1971.', 'n');
insert into CandidatesData (idno) VALUES (7621);
insert into Candidacy (wkid, idno, supportedby) VALUES (234, 7621, 2);
insert into Landeslistenplatz (llid, idno, position) VALUES (246, 7621, 58);
insert into Citizen (idno, title, firstname, lastname, dateofbirth, gender) VALUES (7622, '', 'Anna Clara Jutta', 'Vogel', '1.1.1951.', 'n');
insert into CandidatesData (idno) VALUES (7622);
insert into Landeslistenplatz (llid, idno, position) VALUES (412, 7622, 9);
insert into Citizen (idno, title, firstname, lastname, dateofbirth, gender) VALUES (7623, '', 'Bernhard', 'Vogel', '1.1.1949.', 'n');
insert into CandidatesData (idno) VALUES (7623);
insert into Candidacy (wkid, idno, supportedby) VALUES (58, 7623, 33);
insert into Landeslistenplatz (llid, idno, position) VALUES (203, 7623, 16);
insert into Citizen (idno, title, firstname, lastname, dateofbirth, gender) VALUES (7624, 'Dr. ', 'Stefan', 'Vogel', '1.1.1973.', 'n');
insert into CandidatesData (idno) VALUES (7624);
insert into Landeslistenplatz (llid, idno, position) VALUES (236, 7624, 8);
insert into Citizen (idno, title, firstname, lastname, dateofbirth, gender) VALUES (7625, '', 'Hilmar Helmut Karl', 'Vogel', '1.1.1973.', 'n');
insert into CandidatesData (idno) VALUES (7625);
insert into Candidacy (wkid, idno, supportedby) VALUES (486, 7625, 7);
insert into Citizen (idno, title, firstname, lastname, dateofbirth, gender) VALUES (7626, '', 'Ines', 'Vogel', '1.1.1980.', 'n');
insert into CandidatesData (idno) VALUES (7626);
insert into Candidacy (wkid, idno, supportedby) VALUES (318, 7626, 2);
insert into Landeslistenplatz (llid, idno, position) VALUES (329, 7626, 8);
insert into Citizen (idno, title, firstname, lastname, dateofbirth, gender) VALUES (7627, '', 'Johannes', 'Vogel', '1.1.1982.', 'n');
insert into CandidatesData (idno) VALUES (7627);
insert into Candidacy (wkid, idno, supportedby) VALUES (298, 7627, 4);
insert into Landeslistenplatz (llid, idno, position) VALUES (272, 7627, 10);
insert into Citizen (idno, title, firstname, lastname, dateofbirth, gender) VALUES (7628, '', 'Volkmar', 'Vogel', '1.1.1959.', 'n');
insert into CandidatesData (idno) VALUES (7628);
insert into Candidacy (wkid, idno, supportedby) VALUES (390, 7628, 12);
insert into Landeslistenplatz (llid, idno, position) VALUES (388, 7628, 3);
insert into Citizen (idno, title, firstname, lastname, dateofbirth, gender) VALUES (7629, '', 'Anna Katharina', 'Vogelgesang', '1.1.1985.', 'n');
insert into CandidatesData (idno) VALUES (7629);
insert into Candidacy (wkid, idno, supportedby) VALUES (320, 7629, 7);
insert into Citizen (idno, title, firstname, lastname, dateofbirth, gender) VALUES (7630, '', 'Jörg', 'Vogelmann', '1.1.1982.', 'n');
insert into CandidatesData (idno) VALUES (7630);
insert into Landeslistenplatz (llid, idno, position) VALUES (279, 7630, 40);
insert into Citizen (idno, title, firstname, lastname, dateofbirth, gender) VALUES (7631, '', 'Kathrin', 'Vogler', '1.1.1963.', 'n');
insert into CandidatesData (idno) VALUES (7631);
insert into Candidacy (wkid, idno, supportedby) VALUES (256, 7631, 3);
insert into Landeslistenplatz (llid, idno, position) VALUES (269, 7631, 7);
insert into Citizen (idno, title, firstname, lastname, dateofbirth, gender) VALUES (7632, '', 'Andreas', 'Vogt', '1.1.1978.', 'n');
insert into CandidatesData (idno) VALUES (7632);
insert into Candidacy (wkid, idno, supportedby) VALUES (308, 7632, 7);
insert into Citizen (idno, title, firstname, lastname, dateofbirth, gender) VALUES (7633, '', 'Beate', 'Vogt', '1.1.1948.', 'n');
insert into CandidatesData (idno) VALUES (7633);
insert into Landeslistenplatz (llid, idno, position) VALUES (325, 7633, 10);
insert into Citizen (idno, title, firstname, lastname, dateofbirth, gender) VALUES (7634, '', 'Karl Edmund', 'Vogt', '1.1.1944.', 'n');
insert into CandidatesData (idno) VALUES (7634);
insert into Landeslistenplatz (llid, idno, position) VALUES (325, 7634, 2);
insert into Citizen (idno, title, firstname, lastname, dateofbirth, gender) VALUES (7635, '', 'Kristina Hildtraut', 'Vogt', '1.1.1965.', 'n');
insert into CandidatesData (idno) VALUES (7635);
insert into Candidacy (wkid, idno, supportedby) VALUES (110, 7635, 3);
insert into Citizen (idno, title, firstname, lastname, dateofbirth, gender) VALUES (7636, '', 'Ute', 'Vogt', '1.1.1964.', 'n');
insert into CandidatesData (idno) VALUES (7636);
insert into Candidacy (wkid, idno, supportedby) VALUES (516, 7636, 2);
insert into Landeslistenplatz (llid, idno, position) VALUES (249, 7636, 6);
insert into Citizen (idno, title, firstname, lastname, dateofbirth, gender) VALUES (7637, '', 'Gregor', 'Voht', '1.1.1990.', 'n');
insert into CandidatesData (idno) VALUES (7637);
insert into Candidacy (wkid, idno, supportedby) VALUES (40, 7637, 32);
insert into Citizen (idno, title, firstname, lastname, dateofbirth, gender) VALUES (7638, '', 'Jürgen', 'Voigt', '1.1.1955.', 'n');
insert into CandidatesData (idno) VALUES (7638);
insert into Candidacy (wkid, idno, supportedby) VALUES (114, 7638, 7);
insert into Landeslistenplatz (llid, idno, position) VALUES (354, 7638, 6);
insert into Citizen (idno, title, firstname, lastname, dateofbirth, gender) VALUES (7639, '', 'Markus', 'Voigt', '1.1.1983.', 'n');
insert into CandidatesData (idno) VALUES (7639);
insert into Landeslistenplatz (llid, idno, position) VALUES (341, 7639, 13);
insert into Citizen (idno, title, firstname, lastname, dateofbirth, gender) VALUES (7640, '', 'Udo', 'Voigt', '1.1.1952.', 'n');
insert into CandidatesData (idno) VALUES (7640);
insert into Candidacy (wkid, idno, supportedby) VALUES (168, 7640, 1);
insert into Landeslistenplatz (llid, idno, position) VALUES (423, 7640, 1);
insert into Citizen (idno, title, firstname, lastname, dateofbirth, gender) VALUES (7641, '', 'Klaus', 'Voigtmann', '1.1.1945.', 'n');
insert into CandidatesData (idno) VALUES (7641);
insert into Candidacy (wkid, idno, supportedby) VALUES (556, 7641, 33);
insert into Citizen (idno, title, firstname, lastname, dateofbirth, gender) VALUES (7642, '', 'Sofie Elisabeth', 'Voit', '1.1.1958.', 'n');
insert into CandidatesData (idno) VALUES (7642);
insert into Candidacy (wkid, idno, supportedby) VALUES (426, 7642, 5);
insert into Landeslistenplatz (llid, idno, position) VALUES (238, 7642, 33);
insert into Citizen (idno, title, firstname, lastname, dateofbirth, gender) VALUES (7643, 'Dr. ', 'Daniel', 'Volk', '1.1.1970.', 'n');
insert into CandidatesData (idno) VALUES (7643);
insert into Candidacy (wkid, idno, supportedby) VALUES (442, 7643, 4);
insert into Landeslistenplatz (llid, idno, position) VALUES (276, 7643, 16);
insert into Citizen (idno, title, firstname, lastname, dateofbirth, gender) VALUES (7644, '', 'Florian', 'Vollert', '1.1.1975.', 'n');
insert into CandidatesData (idno) VALUES (7644);
insert into Candidacy (wkid, idno, supportedby) VALUES (536, 7644, 3);
insert into Citizen (idno, title, firstname, lastname, dateofbirth, gender) VALUES (7645, '', 'Linus Yann Friedrich', 'Vollmar', '1.1.1994.', 'n');
insert into CandidatesData (idno) VALUES (7645);
insert into Candidacy (wkid, idno, supportedby) VALUES (152, 7645, 4);
insert into Landeslistenplatz (llid, idno, position) VALUES (263, 7645, 7);
insert into Citizen (idno, title, firstname, lastname, dateofbirth, gender) VALUES (7646, '', 'Katja', 'Vollmer', '1.1.1980.', 'n');
insert into CandidatesData (idno) VALUES (7646);
insert into Landeslistenplatz (llid, idno, position) VALUES (432, 7646, 5);
insert into Citizen (idno, title, firstname, lastname, dateofbirth, gender) VALUES (7647, '', 'Thomas', 'Vollmer', '1.1.1964.', 'n');
insert into CandidatesData (idno) VALUES (7647);
insert into Landeslistenplatz (llid, idno, position) VALUES (315, 7647, 10);
insert into Citizen (idno, title, firstname, lastname, dateofbirth, gender) VALUES (7648, '', 'Sven', 'Volmering', '1.1.1976.', 'n');
insert into CandidatesData (idno) VALUES (7648);
insert into Candidacy (wkid, idno, supportedby) VALUES (250, 7648, 12);
insert into Landeslistenplatz (llid, idno, position) VALUES (310, 7648, 26);
insert into Citizen (idno, title, firstname, lastname, dateofbirth, gender) VALUES (7649, '', 'Tobias', 'Volz', '1.1.1968.', 'n');
insert into CandidatesData (idno) VALUES (7649);
insert into Candidacy (wkid, idno, supportedby) VALUES (574, 7649, 2);
insert into Landeslistenplatz (llid, idno, position) VALUES (249, 7649, 35);
insert into Citizen (idno, title, firstname, lastname, dateofbirth, gender) VALUES (7650, '', 'Jörg', 'Vorhölter', '1.1.1964.', 'n');
insert into CandidatesData (idno) VALUES (7650);
insert into Landeslistenplatz (llid, idno, position) VALUES (341, 7650, 16);
insert into Citizen (idno, title, firstname, lastname, dateofbirth, gender) VALUES (7651, '', 'Christian', 'Vorländer', '1.1.1973.', 'n');
insert into CandidatesData (idno) VALUES (7651);
insert into Candidacy (wkid, idno, supportedby) VALUES (440, 7651, 2);
insert into Landeslistenplatz (llid, idno, position) VALUES (260, 7651, 29);
insert into Citizen (idno, title, firstname, lastname, dateofbirth, gender) VALUES (7652, 'Dr. ', 'Karl Ulrich', 'Voss', '1.1.1951.', 'n');
insert into CandidatesData (idno) VALUES (7652);
insert into Candidacy (wkid, idno, supportedby) VALUES (200, 7652, NULL);
insert into Citizen (idno, title, firstname, lastname, dateofbirth, gender) VALUES (7653, '', 'Hans-Jochen', 'Voß', '1.1.1948.', 'n');
insert into CandidatesData (idno) VALUES (7653);
insert into Candidacy (wkid, idno, supportedby) VALUES (290, 7653, 1);
insert into Citizen (idno, title, firstname, lastname, dateofbirth, gender) VALUES (7654, '', 'Johanna Regina', 'Voß', '1.1.1957.', 'n');
insert into CandidatesData (idno) VALUES (7654);
insert into Candidacy (wkid, idno, supportedby) VALUES (74, 7654, 3);
insert into Landeslistenplatz (llid, idno, position) VALUES (304, 7654, 5);
insert into Citizen (idno, title, firstname, lastname, dateofbirth, gender) VALUES (7655, '', 'Renate Barbara', 'Voß', '1.1.1943.', 'n');
insert into CandidatesData (idno) VALUES (7655);
insert into Candidacy (wkid, idno, supportedby) VALUES (28, 7655, 13);
insert into Landeslistenplatz (llid, idno, position) VALUES (299, 7655, 3);
insert into Citizen (idno, title, firstname, lastname, dateofbirth, gender) VALUES (7656, '', 'Christel Hedwig Ernestine', 'Voßbeck-Kayser', '1.1.1961.', 'n');
insert into CandidatesData (idno) VALUES (7656);
insert into Candidacy (wkid, idno, supportedby) VALUES (300, 7656, 12);
insert into Landeslistenplatz (llid, idno, position) VALUES (310, 7656, 34);
insert into Citizen (idno, title, firstname, lastname, dateofbirth, gender) VALUES (7657, '', 'Andrea Astrid', 'Voßhoff', '1.1.1958.', 'n');
insert into CandidatesData (idno) VALUES (7657);
insert into Candidacy (wkid, idno, supportedby) VALUES (120, 7657, 12);
insert into Landeslistenplatz (llid, idno, position) VALUES (394, 7657, 4);
insert into Citizen (idno, title, firstname, lastname, dateofbirth, gender) VALUES (7658, '', 'Kees Cornelis Petrus Jozef', 'Vries de', '1.1.1955.', 'n');
insert into CandidatesData (idno) VALUES (7658);
insert into Candidacy (wkid, idno, supportedby) VALUES (142, 7658, 12);
insert into Landeslistenplatz (llid, idno, position) VALUES (305, 7658, 9);
insert into Citizen (idno, title, firstname, lastname, dateofbirth, gender) VALUES (7659, '', 'Andreas', 'Waas', '1.1.1974.', 'n');
insert into CandidatesData (idno) VALUES (7659);
insert into Candidacy (wkid, idno, supportedby) VALUES (484, 7659, 7);
insert into Citizen (idno, title, firstname, lastname, dateofbirth, gender) VALUES (7660, '', 'Jasmin', 'Wache', '1.1.1988.', 'n');
insert into CandidatesData (idno) VALUES (7660);
insert into Candidacy (wkid, idno, supportedby) VALUES (172, 7660, 32);
insert into Landeslistenplatz (llid, idno, position) VALUES (371, 7660, 6);
insert into Citizen (idno, title, firstname, lastname, dateofbirth, gender) VALUES (7661, '', 'Detlef', 'Wacker', '1.1.1963.', 'n');
insert into CandidatesData (idno) VALUES (7661);
insert into Candidacy (wkid, idno, supportedby) VALUES (436, 7661, 1);
insert into Citizen (idno, title, firstname, lastname, dateofbirth, gender) VALUES (7662, 'Dr. ', 'Johann David', 'Wadephul', '1.1.1963.', 'n');
insert into CandidatesData (idno) VALUES (7662);
insert into Candidacy (wkid, idno, supportedby) VALUES (8, 7662, 12);
insert into Landeslistenplatz (llid, idno, position) VALUES (335, 7662, 1);
insert into Citizen (idno, title, firstname, lastname, dateofbirth, gender) VALUES (7663, '', 'Andre Mike', 'Wächter', '1.1.1973.', 'n');
insert into CandidatesData (idno) VALUES (7663);
insert into Landeslistenplatz (llid, idno, position) VALUES (342, 7663, 1);
insert into Citizen (idno, title, firstname, lastname, dateofbirth, gender) VALUES (7664, '', 'Karina', 'Wächter', '1.1.1990.', 'n');
insert into CandidatesData (idno) VALUES (7664);
insert into Landeslistenplatz (llid, idno, position) VALUES (312, 7664, 27);
insert into Citizen (idno, title, firstname, lastname, dateofbirth, gender) VALUES (7665, '', 'Gerald', 'Wagener', '1.1.1961.', 'n');
insert into CandidatesData (idno) VALUES (7665);
insert into Landeslistenplatz (llid, idno, position) VALUES (253, 7665, 29);
insert into Citizen (idno, title, firstname, lastname, dateofbirth, gender) VALUES (7666, '', 'Stefan', 'Wagener', '1.1.1971.', 'n');
insert into CandidatesData (idno) VALUES (7666);
insert into Candidacy (wkid, idno, supportedby) VALUES (494, 7666, 5);
insert into Landeslistenplatz (llid, idno, position) VALUES (238, 7666, 42);
insert into Citizen (idno, title, firstname, lastname, dateofbirth, gender) VALUES (7667, '', 'Thomas', 'Wagener', '1.1.1974.', 'n');
insert into CandidatesData (idno) VALUES (7667);
insert into Candidacy (wkid, idno, supportedby) VALUES (226, 7667, 5);
insert into Citizen (idno, title, firstname, lastname, dateofbirth, gender) VALUES (7668, 'Dr. ', 'Sahra', 'Wagenknecht', '1.1.1969.', 'n');
insert into CandidatesData (idno) VALUES (7668);
insert into Candidacy (wkid, idno, supportedby) VALUES (214, 7668, 3);
insert into Landeslistenplatz (llid, idno, position) VALUES (269, 7668, 1);
insert into Citizen (idno, title, firstname, lastname, dateofbirth, gender) VALUES (7669, '', 'Alexander', 'Wagner', '1.1.1987.', 'n');
insert into CandidatesData (idno) VALUES (7669);
insert into Landeslistenplatz (llid, idno, position) VALUES (277, 7669, 16);
insert into Citizen (idno, title, firstname, lastname, dateofbirth, gender) VALUES (7670, '', 'Andreas', 'Wagner', '1.1.1972.', 'n');
insert into CandidatesData (idno) VALUES (7670);
insert into Candidacy (wkid, idno, supportedby) VALUES (448, 7670, 3);
insert into Landeslistenplatz (llid, idno, position) VALUES (350, 7670, 8);
insert into Citizen (idno, title, firstname, lastname, dateofbirth, gender) VALUES (7671, '', 'Arfst', 'Wagner', '1.1.1954.', 'n');
insert into CandidatesData (idno) VALUES (7671);
insert into Candidacy (wkid, idno, supportedby) VALUES (4, 7671, 5);
insert into Landeslistenplatz (llid, idno, position) VALUES (232, 7671, 4);
insert into Citizen (idno, title, firstname, lastname, dateofbirth, gender) VALUES (7672, '', 'Daniela', 'Wagner', '1.1.1957.', 'n');
insert into CandidatesData (idno) VALUES (7672);
insert into Candidacy (wkid, idno, supportedby) VALUES (372, 7672, 5);
insert into Landeslistenplatz (llid, idno, position) VALUES (318, 7672, 7);
insert into Citizen (idno, title, firstname, lastname, dateofbirth, gender) VALUES (7673, '', 'Doris', 'Wagner', '1.1.1963.', 'n');
insert into CandidatesData (idno) VALUES (7673);
insert into Candidacy (wkid, idno, supportedby) VALUES (436, 7673, 5);
insert into Landeslistenplatz (llid, idno, position) VALUES (238, 7673, 9);
insert into Citizen (idno, title, firstname, lastname, dateofbirth, gender) VALUES (7674, '', 'Falk-Constantin', 'Wagner', '1.1.1989.', 'n');
insert into CandidatesData (idno) VALUES (7674);
insert into Landeslistenplatz (llid, idno, position) VALUES (300, 7674, 5);
insert into Citizen (idno, title, firstname, lastname, dateofbirth, gender) VALUES (7675, '', 'Josef', 'Wagner', '1.1.1968.', 'n');
insert into CandidatesData (idno) VALUES (7675);
insert into Landeslistenplatz (llid, idno, position) VALUES (292, 7675, 17);
insert into Citizen (idno, title, firstname, lastname, dateofbirth, gender) VALUES (7676, '', 'Kaiken', 'Wagner', '1.1.1956.', 'n');
insert into CandidatesData (idno) VALUES (7676);
insert into Landeslistenplatz (llid, idno, position) VALUES (432, 7676, 3);
insert into Citizen (idno, title, firstname, lastname, dateofbirth, gender) VALUES (7677, '', 'Sascha Heribert', 'Wagner', '1.1.1980.', 'n');
insert into CandidatesData (idno) VALUES (7677);
insert into Candidacy (wkid, idno, supportedby) VALUES (226, 7677, 3);
insert into Citizen (idno, title, firstname, lastname, dateofbirth, gender) VALUES (7678, '', 'Susanne Roswitha', 'Wagner', '1.1.1953.', 'n');
insert into CandidatesData (idno) VALUES (7678);
insert into Landeslistenplatz (llid, idno, position) VALUES (387, 7678, 6);
insert into Citizen (idno, title, firstname, lastname, dateofbirth, gender) VALUES (7679, '', 'Reinhold', 'Wahl', '1.1.1941.', 'n');
insert into CandidatesData (idno) VALUES (7679);
insert into Landeslistenplatz (llid, idno, position) VALUES (213, 7679, 26);
insert into Citizen (idno, title, firstname, lastname, dateofbirth, gender) VALUES (7680, '', 'Jasmin', 'Wahl-Schwentker', '1.1.1967.', 'n');
insert into CandidatesData (idno) VALUES (7680);
insert into Candidacy (wkid, idno, supportedby) VALUES (264, 7680, 4);
insert into Landeslistenplatz (llid, idno, position) VALUES (272, 7680, 51);
insert into Citizen (idno, title, firstname, lastname, dateofbirth, gender) VALUES (7681, '', 'Christian', 'Walbe', '1.1.1967.', 'n');
insert into CandidatesData (idno) VALUES (7681);
insert into Candidacy (wkid, idno, supportedby) VALUES (46, 7681, 32);
insert into Landeslistenplatz (llid, idno, position) VALUES (374, 7681, 2);
insert into Citizen (idno, title, firstname, lastname, dateofbirth, gender) VALUES (7682, '', 'Alexander', 'Walch', '1.1.1993.', 'n');
insert into CandidatesData (idno) VALUES (7682);
insert into Landeslistenplatz (llid, idno, position) VALUES (314, 7682, 18);
insert into Citizen (idno, title, firstname, lastname, dateofbirth, gender) VALUES (7683, '', 'Ingo-Peter', 'Walde', '1.1.1945.', 'n');
insert into CandidatesData (idno) VALUES (7683);
insert into Landeslistenplatz (llid, idno, position) VALUES (211, 7683, 1);
insert into Citizen (idno, title, firstname, lastname, dateofbirth, gender) VALUES (7684, '', 'Silvio', 'Waldheim', '1.1.1960.', 'n');
insert into CandidatesData (idno) VALUES (7684);
insert into Candidacy (wkid, idno, supportedby) VALUES (550, 7684, 1);
insert into Citizen (idno, title, firstname, lastname, dateofbirth, gender) VALUES (7685, '', 'Thomas', 'Waldheim', '1.1.1960.', 'n');
insert into CandidatesData (idno) VALUES (7685);
insert into Candidacy (wkid, idno, supportedby) VALUES (134, 7685, 3);
insert into Citizen (idno, title, firstname, lastname, dateofbirth, gender) VALUES (7686, '', 'Manfred', 'Waldukat', '1.1.1953.', 'n');
insert into CandidatesData (idno) VALUES (7686);
insert into Candidacy (wkid, idno, supportedby) VALUES (504, 7686, 1);
insert into Landeslistenplatz (llid, idno, position) VALUES (392, 7686, 5);
insert into Citizen (idno, title, firstname, lastname, dateofbirth, gender) VALUES (7687, 'Dr. ', 'Gabriele Anna', 'Wallenstein', '1.1.1947.', 'n');
insert into CandidatesData (idno) VALUES (7687);
insert into Landeslistenplatz (llid, idno, position) VALUES (365, 7687, 1);
insert into Citizen (idno, title, firstname, lastname, dateofbirth, gender) VALUES (7688, '', 'Klaus', 'Wallenstein', '1.1.1943.', 'n');
insert into CandidatesData (idno) VALUES (7688);
insert into Candidacy (wkid, idno, supportedby) VALUES (228, 7688, 13);
insert into Citizen (idno, title, firstname, lastname, dateofbirth, gender) VALUES (7689, '', 'Maja Scarlett', 'Wallstein', '1.1.1986.', 'n');
insert into CandidatesData (idno) VALUES (7689);
insert into Landeslistenplatz (llid, idno, position) VALUES (322, 7689, 14);
insert into Citizen (idno, title, firstname, lastname, dateofbirth, gender) VALUES (7690, '', 'Mechthild', 'Walter von', '1.1.1939.', 'n');
insert into CandidatesData (idno) VALUES (7690);
insert into Candidacy (wkid, idno, supportedby) VALUES (442, 7690, 36);
insert into Citizen (idno, title, firstname, lastname, dateofbirth, gender) VALUES (7691, '', 'Anna Maria Katharina', 'Walter', '1.1.1957.', 'n');
insert into CandidatesData (idno) VALUES (7691);
insert into Landeslistenplatz (llid, idno, position) VALUES (220, 7691, 56);
insert into Citizen (idno, title, firstname, lastname, dateofbirth, gender) VALUES (7692, '', 'Bruno', 'Walter', '1.1.1961.', 'n');
insert into CandidatesData (idno) VALUES (7692);
insert into Candidacy (wkid, idno, supportedby) VALUES (482, 7692, 29);
insert into Landeslistenplatz (llid, idno, position) VALUES (204, 7692, 16);
insert into Citizen (idno, title, firstname, lastname, dateofbirth, gender) VALUES (7693, '', 'Helmut', 'Walter', '1.1.1952.', 'n');
insert into CandidatesData (idno) VALUES (7693);
insert into Candidacy (wkid, idno, supportedby) VALUES (78, 7693, 1);
insert into Citizen (idno, title, firstname, lastname, dateofbirth, gender) VALUES (7694, '', 'Markus', 'Walter', '1.1.1975.', 'n');
insert into CandidatesData (idno) VALUES (7694);
insert into Candidacy (wkid, idno, supportedby) VALUES (404, 7694, 1);
insert into Landeslistenplatz (llid, idno, position) VALUES (259, 7694, 2);
insert into Citizen (idno, title, firstname, lastname, dateofbirth, gender) VALUES (7695, '', 'Beate', 'Walter-Rosenheimer', '1.1.1964.', 'n');
insert into CandidatesData (idno) VALUES (7695);
insert into Candidacy (wkid, idno, supportedby) VALUES (432, 7695, 5);
insert into Landeslistenplatz (llid, idno, position) VALUES (238, 7695, 7);
insert into Citizen (idno, title, firstname, lastname, dateofbirth, gender) VALUES (7696, '', 'Kevin', 'Walther', '1.1.1995.', 'n');
insert into CandidatesData (idno) VALUES (7696);
insert into Landeslistenplatz (llid, idno, position) VALUES (330, 7696, 13);
insert into Citizen (idno, title, firstname, lastname, dateofbirth, gender) VALUES (7697, '', 'Marco', 'Wanderwitz', '1.1.1975.', 'n');
insert into CandidatesData (idno) VALUES (7697);
insert into Candidacy (wkid, idno, supportedby) VALUES (326, 7697, 12);
insert into Citizen (idno, title, firstname, lastname, dateofbirth, gender) VALUES (7698, '', 'Steffen', 'Wandschneider', '1.1.1969.', 'n');
insert into CandidatesData (idno) VALUES (7698);
insert into Landeslistenplatz (llid, idno, position) VALUES (405, 7698, 4);
insert into Citizen (idno, title, firstname, lastname, dateofbirth, gender) VALUES (7699, '', 'Rolf-Rüdiger', 'Wandtke', '1.1.1947.', 'n');
insert into CandidatesData (idno) VALUES (7699);
insert into Landeslistenplatz (llid, idno, position) VALUES (203, 7699, 18);
insert into Citizen (idno, title, firstname, lastname, dateofbirth, gender) VALUES (7700, '', 'Karl-Heinz Helmut', 'Wange', '1.1.1946.', 'n');
insert into CandidatesData (idno) VALUES (7700);
insert into Landeslistenplatz (llid, idno, position) VALUES (310, 7700, 56);
insert into Citizen (idno, title, firstname, lastname, dateofbirth, gender) VALUES (7701, 'Dr. ', 'Christine', 'Wanka', '1.1.1968.', 'n');
insert into CandidatesData (idno) VALUES (7701);
insert into Landeslistenplatz (llid, idno, position) VALUES (325, 7701, 3);
insert into Citizen (idno, title, firstname, lastname, dateofbirth, gender) VALUES (7702, 'Dr. ', 'Stefan Michael Rainer', 'Wanke', '1.1.1967.', 'n');
insert into CandidatesData (idno) VALUES (7702);
insert into Landeslistenplatz (llid, idno, position) VALUES (342, 7702, 28);
insert into Citizen (idno, title, firstname, lastname, dateofbirth, gender) VALUES (7703, '', 'Uwe', 'Wanke', '1.1.1962.', 'n');
insert into CandidatesData (idno) VALUES (7703);
insert into Candidacy (wkid, idno, supportedby) VALUES (552, 7703, 33);
insert into Citizen (idno, title, firstname, lastname, dateofbirth, gender) VALUES (7704, '', 'Roland', 'Wark', '1.1.1950.', 'n');
insert into CandidatesData (idno) VALUES (7704);
insert into Landeslistenplatz (llid, idno, position) VALUES (430, 7704, 3);
insert into Citizen (idno, title, firstname, lastname, dateofbirth, gender) VALUES (7705, '', 'Nina', 'Warken', '1.1.1979.', 'n');
insert into CandidatesData (idno) VALUES (7705);
insert into Landeslistenplatz (llid, idno, position) VALUES (279, 7705, 14);
insert into Citizen (idno, title, firstname, lastname, dateofbirth, gender) VALUES (7706, '', 'Uwe Marold', 'Warnecke', '1.1.1963.', 'n');
insert into CandidatesData (idno) VALUES (7706);
insert into Candidacy (wkid, idno, supportedby) VALUES (214, 7706, 5);
insert into Citizen (idno, title, firstname, lastname, dateofbirth, gender) VALUES (7707, '', 'Peter', 'Warnst', '1.1.1971.', 'n');
insert into CandidatesData (idno) VALUES (7707);
insert into Landeslistenplatz (llid, idno, position) VALUES (411, 7707, 4);
insert into Citizen (idno, title, firstname, lastname, dateofbirth, gender) VALUES (7708, '', 'Michael', 'Warshitsky', '1.1.1946.', 'n');
insert into CandidatesData (idno) VALUES (7708);
insert into Landeslistenplatz (llid, idno, position) VALUES (429, 7708, 5);
insert into Citizen (idno, title, firstname, lastname, dateofbirth, gender) VALUES (7709, '', 'Ingo', 'Waschner', '1.1.1969.', 'n');
insert into CandidatesData (idno) VALUES (7709);
insert into Candidacy (wkid, idno, supportedby) VALUES (66, 7709, 3);
insert into Citizen (idno, title, firstname, lastname, dateofbirth, gender) VALUES (7710, '', 'Günther', 'Wasen van', '1.1.1948.', 'n');
insert into CandidatesData (idno) VALUES (7710);
insert into Candidacy (wkid, idno, supportedby) VALUES (238, 7710, 4);
insert into Landeslistenplatz (llid, idno, position) VALUES (272, 7710, 57);
insert into Citizen (idno, title, firstname, lastname, dateofbirth, gender) VALUES (7711, '', 'Ralf', 'Wasmund', '1.1.1962.', 'n');
insert into CandidatesData (idno) VALUES (7711);
insert into Landeslistenplatz (llid, idno, position) VALUES (233, 7711, 4);
insert into Citizen (idno, title, firstname, lastname, dateofbirth, gender) VALUES (7712, '', 'Roman-Hartmut', 'Wauer', '1.1.1962.', 'n');
insert into CandidatesData (idno) VALUES (7712);
insert into Candidacy (wkid, idno, supportedby) VALUES (590, 7712, 5);
insert into Citizen (idno, title, firstname, lastname, dateofbirth, gender) VALUES (7713, '', 'Halina', 'Wawzyniak', '1.1.1973.', 'n');
insert into CandidatesData (idno) VALUES (7713);
insert into Candidacy (wkid, idno, supportedby) VALUES (166, 7713, 3);
insert into Landeslistenplatz (llid, idno, position) VALUES (372, 7713, 5);
insert into Citizen (idno, title, firstname, lastname, dateofbirth, gender) VALUES (7714, '', 'Adolf', 'Weber', '1.1.1954.', 'n');
insert into CandidatesData (idno) VALUES (7714);
insert into Candidacy (wkid, idno, supportedby) VALUES (458, 7714, 1);
insert into Citizen (idno, title, firstname, lastname, dateofbirth, gender) VALUES (7715, '', 'Andrea', 'Weber', '1.1.1977.', 'n');
insert into CandidatesData (idno) VALUES (7715);
insert into Candidacy (wkid, idno, supportedby) VALUES (410, 7715, 5);
insert into Citizen (idno, title, firstname, lastname, dateofbirth, gender) VALUES (7716, '', 'Andreas', 'Weber', '1.1.1976.', 'n');
insert into CandidatesData (idno) VALUES (7716);
insert into Landeslistenplatz (llid, idno, position) VALUES (418, 7716, 6);
insert into Citizen (idno, title, firstname, lastname, dateofbirth, gender) VALUES (7717, '', 'Andreas', 'Weber', '1.1.1980.', 'n');
insert into CandidatesData (idno) VALUES (7717);
insert into Candidacy (wkid, idno, supportedby) VALUES (152, 7717, 10);
insert into Landeslistenplatz (llid, idno, position) VALUES (356, 7717, 5);
insert into Citizen (idno, title, firstname, lastname, dateofbirth, gender) VALUES (7718, 'Dr. ', 'Michael', 'Weber', '1.1.1969.', 'n');
insert into CandidatesData (idno) VALUES (7718);
insert into Candidacy (wkid, idno, supportedby) VALUES (342, 7718, 7);
insert into Citizen (idno, title, firstname, lastname, dateofbirth, gender) VALUES (7719, '', 'Florian Christoph', 'Weber', '1.1.1963.', 'n');
insert into CandidatesData (idno) VALUES (7719);
insert into Landeslistenplatz (llid, idno, position) VALUES (228, 7719, 23);
insert into Citizen (idno, title, firstname, lastname, dateofbirth, gender) VALUES (7720, '', 'Franz', 'Weber', '1.1.1946.', 'n');
insert into CandidatesData (idno) VALUES (7720);
insert into Candidacy (wkid, idno, supportedby) VALUES (586, 7720, 36);
insert into Landeslistenplatz (llid, idno, position) VALUES (292, 7720, 15);
insert into Citizen (idno, title, firstname, lastname, dateofbirth, gender) VALUES (7721, '', 'Gabi', 'Weber', '1.1.1955.', 'n');
insert into CandidatesData (idno) VALUES (7721);
insert into Candidacy (wkid, idno, supportedby) VALUES (410, 7721, 2);
insert into Landeslistenplatz (llid, idno, position) VALUES (244, 7721, 9);
insert into Citizen (idno, title, firstname, lastname, dateofbirth, gender) VALUES (7722, '', 'Gerd Rainer', 'Weber', '1.1.1966.', 'n');
insert into CandidatesData (idno) VALUES (7722);
insert into Candidacy (wkid, idno, supportedby) VALUES (596, 7722, 7);
insert into Landeslistenplatz (llid, idno, position) VALUES (397, 7722, 6);
insert into Citizen (idno, title, firstname, lastname, dateofbirth, gender) VALUES (7723, '', 'Lorenz', 'Weber', '1.1.1985.', 'n');
insert into CandidatesData (idno) VALUES (7723);
insert into Landeslistenplatz (llid, idno, position) VALUES (305, 7723, 12);
insert into Citizen (idno, title, firstname, lastname, dateofbirth, gender) VALUES (7724, '', 'Marco', 'Weber', '1.1.1975.', 'n');
insert into CandidatesData (idno) VALUES (7724);
insert into Candidacy (wkid, idno, supportedby) VALUES (406, 7724, 4);
insert into Landeslistenplatz (llid, idno, position) VALUES (294, 7724, 5);
insert into Citizen (idno, title, firstname, lastname, dateofbirth, gender) VALUES (7725, '', 'Markus', 'Weber', '1.1.1965.', 'n');
insert into CandidatesData (idno) VALUES (7725);
insert into Candidacy (wkid, idno, supportedby) VALUES (402, 7725, 7);
insert into Citizen (idno, title, firstname, lastname, dateofbirth, gender) VALUES (7726, '', 'Patrick', 'Weber', '1.1.1983.', 'n');
insert into CandidatesData (idno) VALUES (7726);
insert into Candidacy (wkid, idno, supportedby) VALUES (382, 7726, 1);
insert into Citizen (idno, title, firstname, lastname, dateofbirth, gender) VALUES (7727, '', 'Stephan Georg', 'Weber', '1.1.1988.', 'n');
insert into CandidatesData (idno) VALUES (7727);
insert into Candidacy (wkid, idno, supportedby) VALUES (372, 7727, 33);
insert into Landeslistenplatz (llid, idno, position) VALUES (209, 7727, 4);
insert into Citizen (idno, title, firstname, lastname, dateofbirth, gender) VALUES (7728, '', 'Tim Willy', 'Weber', '1.1.1971.', 'n');
insert into CandidatesData (idno) VALUES (7728);
insert into Landeslistenplatz (llid, idno, position) VALUES (268, 7728, 3);
insert into Citizen (idno, title, firstname, lastname, dateofbirth, gender) VALUES (7729, '', 'Uwe', 'Weber', '1.1.1964.', 'n');
insert into CandidatesData (idno) VALUES (7729);
insert into Candidacy (wkid, idno, supportedby) VALUES (396, 7729, 1);
insert into Citizen (idno, title, firstname, lastname, dateofbirth, gender) VALUES (7730, '', 'Walter Wolfgang', 'Weber', '1.1.1967.', 'n');
insert into CandidatesData (idno) VALUES (7730);
insert into Candidacy (wkid, idno, supportedby) VALUES (462, 7730, 7);
insert into Citizen (idno, title, firstname, lastname, dateofbirth, gender) VALUES (7731, '', 'Wolf-Ulrich', 'Weber', '1.1.1984.', 'n');
insert into CandidatesData (idno) VALUES (7731);
insert into Landeslistenplatz (llid, idno, position) VALUES (312, 7731, 40);
insert into Citizen (idno, title, firstname, lastname, dateofbirth, gender) VALUES (7732, '', 'Yvonne', 'Weber', '1.1.1977.', 'n');
insert into CandidatesData (idno) VALUES (7732);
insert into Landeslistenplatz (llid, idno, position) VALUES (376, 7732, 5);
insert into Citizen (idno, title, firstname, lastname, dateofbirth, gender) VALUES (7733, '', 'Michael', 'Wechsler', '1.1.1971.', 'n');
insert into CandidatesData (idno) VALUES (7733);
insert into Candidacy (wkid, idno, supportedby) VALUES (522, 7733, 2);
insert into Landeslistenplatz (llid, idno, position) VALUES (249, 7733, 34);
insert into Citizen (idno, title, firstname, lastname, dateofbirth, gender) VALUES (7734, '', 'Waltraut Adele Anna', 'Wedemeyer', '1.1.1948.', 'n');
insert into CandidatesData (idno) VALUES (7734);
insert into Landeslistenplatz (llid, idno, position) VALUES (420, 7734, 3);
insert into Citizen (idno, title, firstname, lastname, dateofbirth, gender) VALUES (7735, '', 'Sandra', 'Weeser', '1.1.1969.', 'n');
insert into CandidatesData (idno) VALUES (7735);
insert into Candidacy (wkid, idno, supportedby) VALUES (396, 7735, 4);
insert into Landeslistenplatz (llid, idno, position) VALUES (294, 7735, 4);
insert into Citizen (idno, title, firstname, lastname, dateofbirth, gender) VALUES (7736, '', 'Stephan', 'Wefelscheid', '1.1.1978.', 'n');
insert into CandidatesData (idno) VALUES (7736);
insert into Candidacy (wkid, idno, supportedby) VALUES (400, 7736, 32);
insert into Landeslistenplatz (llid, idno, position) VALUES (202, 7736, 1);
insert into Citizen (idno, title, firstname, lastname, dateofbirth, gender) VALUES (7737, '', 'Daniela', 'Wegener', '1.1.1974.', 'n');
insert into CandidatesData (idno) VALUES (7737);
insert into Candidacy (wkid, idno, supportedby) VALUES (294, 7737, 1);
insert into Citizen (idno, title, firstname, lastname, dateofbirth, gender) VALUES (7738, '', 'Gunnar', 'Wegener', '1.1.1953.', 'n');
insert into CandidatesData (idno) VALUES (7738);
insert into Candidacy (wkid, idno, supportedby) VALUES (58, 7738, 2);
insert into Landeslistenplatz (llid, idno, position) VALUES (242, 7738, 29);
insert into Citizen (idno, title, firstname, lastname, dateofbirth, gender) VALUES (7739, '', 'Rolf', 'Wegener', '1.1.1949.', 'n');
insert into CandidatesData (idno) VALUES (7739);
insert into Candidacy (wkid, idno, supportedby) VALUES (134, 7739, 32);
insert into Landeslistenplatz (llid, idno, position) VALUES (341, 7739, 7);
insert into Citizen (idno, title, firstname, lastname, dateofbirth, gender) VALUES (7740, '', 'Kai Peter', 'Wegner', '1.1.1972.', 'n');
insert into CandidatesData (idno) VALUES (7740);
insert into Candidacy (wkid, idno, supportedby) VALUES (156, 7740, 12);
insert into Landeslistenplatz (llid, idno, position) VALUES (291, 7740, 2);
insert into Citizen (idno, title, firstname, lastname, dateofbirth, gender) VALUES (7741, '', 'Christine', 'Wehe', '1.1.1951.', 'n');
insert into CandidatesData (idno) VALUES (7741);
insert into Candidacy (wkid, idno, supportedby) VALUES (496, 7741, 32);
insert into Landeslistenplatz (llid, idno, position) VALUES (206, 7741, 32);
insert into Citizen (idno, title, firstname, lastname, dateofbirth, gender) VALUES (7742, '', 'Julia', 'Wehnemann', '1.1.1984.', 'n');
insert into CandidatesData (idno) VALUES (7742);
insert into Landeslistenplatz (llid, idno, position) VALUES (297, 7742, 4);
insert into Citizen (idno, title, firstname, lastname, dateofbirth, gender) VALUES (7743, '', 'Nico', 'Wehnemann', '1.1.1983.', 'n');
insert into CandidatesData (idno) VALUES (7743);
insert into Candidacy (wkid, idno, supportedby) VALUES (364, 7743, 31);
insert into Landeslistenplatz (llid, idno, position) VALUES (297, 7743, 7);
insert into Citizen (idno, title, firstname, lastname, dateofbirth, gender) VALUES (7744, '', 'Jürgen', 'Wehner', '1.1.1965.', 'n');
insert into CandidatesData (idno) VALUES (7744);
insert into Candidacy (wkid, idno, supportedby) VALUES (528, 7744, 1);
insert into Citizen (idno, title, firstname, lastname, dateofbirth, gender) VALUES (7745, 'Dr. ', 'Ingrid', 'Weible', '1.1.1947.', 'n');
insert into CandidatesData (idno) VALUES (7745);
insert into Landeslistenplatz (llid, idno, position) VALUES (270, 7745, 1);
insert into Citizen (idno, title, firstname, lastname, dateofbirth, gender) VALUES (7746, '', 'Dietmar Günter Waldemar', 'Weichler', '1.1.1955.', 'n');
insert into CandidatesData (idno) VALUES (7746);
insert into Candidacy (wkid, idno, supportedby) VALUES (144, 7746, 32);
insert into Landeslistenplatz (llid, idno, position) VALUES (341, 7746, 2);
insert into Citizen (idno, title, firstname, lastname, dateofbirth, gender) VALUES (7747, '', 'Kerstin', 'Weide', '1.1.1962.', 'n');
insert into CandidatesData (idno) VALUES (7747);
insert into Candidacy (wkid, idno, supportedby) VALUES (130, 7747, 2);
insert into Landeslistenplatz (llid, idno, position) VALUES (322, 7747, 10);
insert into Citizen (idno, title, firstname, lastname, dateofbirth, gender) VALUES (7748, '', 'Heidelind Ingeborg', 'Weidemann', '1.1.1941.', 'n');
insert into CandidatesData (idno) VALUES (7748);
insert into Candidacy (wkid, idno, supportedby) VALUES (406, 7748, 36);
insert into Landeslistenplatz (llid, idno, position) VALUES (229, 7748, 10);
insert into Citizen (idno, title, firstname, lastname, dateofbirth, gender) VALUES (7749, '', 'Jörg', 'Weidemann', '1.1.1968.', 'n');
insert into CandidatesData (idno) VALUES (7749);
insert into Landeslistenplatz (llid, idno, position) VALUES (403, 7749, 11);
insert into Citizen (idno, title, firstname, lastname, dateofbirth, gender) VALUES (7750, '', 'Verena', 'Weidemann', '1.1.1960.', 'n');
insert into CandidatesData (idno) VALUES (7750);
insert into Landeslistenplatz (llid, idno, position) VALUES (325, 7750, 16);
insert into Citizen (idno, title, firstname, lastname, dateofbirth, gender) VALUES (7751, '', 'Michael', 'Weidner', '1.1.1948.', 'n');
insert into CandidatesData (idno) VALUES (7751);
insert into Candidacy (wkid, idno, supportedby) VALUES (578, 7751, 13);
insert into Landeslistenplatz (llid, idno, position) VALUES (270, 7751, 14);
insert into Citizen (idno, title, firstname, lastname, dateofbirth, gender) VALUES (7752, '', 'Andreas', 'Weigel', '1.1.1964.', 'n');
insert into CandidatesData (idno) VALUES (7752);
insert into Candidacy (wkid, idno, supportedby) VALUES (330, 7752, 2);
insert into Citizen (idno, title, firstname, lastname, dateofbirth, gender) VALUES (7753, '', 'Timo', 'Weih', '1.1.1977.', 'n');
insert into CandidatesData (idno) VALUES (7753);
insert into Candidacy (wkid, idno, supportedby) VALUES (556, 7753, 19);
insert into Citizen (idno, title, firstname, lastname, dateofbirth, gender) VALUES (7754, '', 'Dieter Kurt Alfred', 'Weihrauch', '1.1.1954.', 'n');
insert into CandidatesData (idno) VALUES (7754);
insert into Landeslistenplatz (llid, idno, position) VALUES (365, 7754, 2);
insert into Citizen (idno, title, firstname, lastname, dateofbirth, gender) VALUES (7755, '', 'Oliver', 'Weihrauch', '1.1.1963.', 'n');
insert into CandidatesData (idno) VALUES (7755);
insert into Candidacy (wkid, idno, supportedby) VALUES (396, 7755, 32);
insert into Landeslistenplatz (llid, idno, position) VALUES (202, 7755, 7);
insert into Citizen (idno, title, firstname, lastname, dateofbirth, gender) VALUES (7756, '', 'Thomas', 'Weijers', '1.1.1981.', 'n');
insert into CandidatesData (idno) VALUES (7756);
insert into Candidacy (wkid, idno, supportedby) VALUES (242, 7756, 7);
insert into Landeslistenplatz (llid, idno, position) VALUES (248, 7756, 3);
insert into Citizen (idno, title, firstname, lastname, dateofbirth, gender) VALUES (7757, '', 'Albert Helmut', 'Weiler', '1.1.1965.', 'n');
insert into CandidatesData (idno) VALUES (7757);
insert into Candidacy (wkid, idno, supportedby) VALUES (388, 7757, 12);
insert into Landeslistenplatz (llid, idno, position) VALUES (388, 7757, 8);
insert into Citizen (idno, title, firstname, lastname, dateofbirth, gender) VALUES (7758, '', 'Jakob Jürgen', 'Weiler', '1.1.1952.', 'n');
insert into CandidatesData (idno) VALUES (7758);
insert into Candidacy (wkid, idno, supportedby) VALUES (196, 7758, 7);
insert into Citizen (idno, title, firstname, lastname, dateofbirth, gender) VALUES (7759, '', 'Harald', 'Weinberg', '1.1.1957.', 'n');
insert into CandidatesData (idno) VALUES (7759);
insert into Candidacy (wkid, idno, supportedby) VALUES (488, 7759, 3);
insert into Landeslistenplatz (llid, idno, position) VALUES (350, 7759, 4);
insert into Citizen (idno, title, firstname, lastname, dateofbirth, gender) VALUES (7760, '', 'Marcus', 'Weinberg', '1.1.1967.', 'n');
insert into CandidatesData (idno) VALUES (7760);
insert into Candidacy (wkid, idno, supportedby) VALUES (38, 7760, 12);
insert into Landeslistenplatz (llid, idno, position) VALUES (398, 7760, 1);
insert into Citizen (idno, title, firstname, lastname, dateofbirth, gender) VALUES (7761, '', 'Waldemar', 'Weinel', '1.1.1956.', 'n');
insert into CandidatesData (idno) VALUES (7761);
insert into Landeslistenplatz (llid, idno, position) VALUES (236, 7761, 13);
insert into Citizen (idno, title, firstname, lastname, dateofbirth, gender) VALUES (7762, '', 'Katharina', 'Weinert', '1.1.1982.', 'n');
insert into CandidatesData (idno) VALUES (7762);
insert into Landeslistenplatz (llid, idno, position) VALUES (251, 7762, 6);
insert into Citizen (idno, title, firstname, lastname, dateofbirth, gender) VALUES (7763, '', 'Martin', 'Weinmann', '1.1.1964.', 'n');
insert into CandidatesData (idno) VALUES (7763);
insert into Candidacy (wkid, idno, supportedby) VALUES (548, 7763, 36);
insert into Landeslistenplatz (llid, idno, position) VALUES (292, 7763, 29);
insert into Citizen (idno, title, firstname, lastname, dateofbirth, gender) VALUES (7764, '', 'Annette', 'Weinreich', '1.1.1963.', 'n');
insert into CandidatesData (idno) VALUES (7764);
insert into Candidacy (wkid, idno, supportedby) VALUES (582, 7764, 5);
insert into Landeslistenplatz (llid, idno, position) VALUES (234, 7764, 13);
insert into Citizen (idno, title, firstname, lastname, dateofbirth, gender) VALUES (7765, '', 'Horst', 'Weintraut', '1.1.1961.', 'n');
insert into CandidatesData (idno) VALUES (7765);
insert into Candidacy (wkid, idno, supportedby) VALUES (344, 7765, 7);
insert into Citizen (idno, title, firstname, lastname, dateofbirth, gender) VALUES (7766, '', 'Florian Roland Gerolf Erich', 'Weinzierl', '1.1.1985.', 'n');
insert into CandidatesData (idno) VALUES (7766);
insert into Candidacy (wkid, idno, supportedby) VALUES (462, 7766, 4);
insert into Landeslistenplatz (llid, idno, position) VALUES (276, 7766, 19);
insert into Citizen (idno, title, firstname, lastname, dateofbirth, gender) VALUES (7767, '', 'Karl Wilhelm Hubert', 'Weise', '1.1.1956.', 'n');
insert into CandidatesData (idno) VALUES (7767);
insert into Candidacy (wkid, idno, supportedby) VALUES (230, 7767, 1);
insert into Landeslistenplatz (llid, idno, position) VALUES (376, 7767, 8);
insert into Citizen (idno, title, firstname, lastname, dateofbirth, gender) VALUES (7768, '', 'Michael', 'Weisenstein', '1.1.1968.', 'n');
insert into CandidatesData (idno) VALUES (7768);
insert into Candidacy (wkid, idno, supportedby) VALUES (190, 7768, 3);
insert into Citizen (idno, title, firstname, lastname, dateofbirth, gender) VALUES (7769, 'Dr. ', 'Anja', 'Weisgerber', '1.1.1976.', 'n');
insert into CandidatesData (idno) VALUES (7769);
insert into Candidacy (wkid, idno, supportedby) VALUES (500, 7769, 9);
insert into Landeslistenplatz (llid, idno, position) VALUES (220, 7769, 19);
insert into Citizen (idno, title, firstname, lastname, dateofbirth, gender) VALUES (7770, '', 'Peter Georg', 'Weispfenning', '1.1.1967.', 'n');
insert into CandidatesData (idno) VALUES (7770);
insert into Candidacy (wkid, idno, supportedby) VALUES (282, 7770, 13);
insert into Citizen (idno, title, firstname, lastname, dateofbirth, gender) VALUES (7771, '', 'Barbara', 'Weiß', '1.1.1981.', 'n');
insert into CandidatesData (idno) VALUES (7771);
insert into Landeslistenplatz (llid, idno, position) VALUES (306, 7771, 10);
insert into Citizen (idno, title, firstname, lastname, dateofbirth, gender) VALUES (7772, '', 'Benjamin', 'Weiß', '1.1.1985.', 'n');
insert into CandidatesData (idno) VALUES (7772);
insert into Candidacy (wkid, idno, supportedby) VALUES (368, 7772, 5);
insert into Landeslistenplatz (llid, idno, position) VALUES (318, 7772, 10);
insert into Citizen (idno, title, firstname, lastname, dateofbirth, gender) VALUES (7773, '', 'Günter Franz', 'Weiß', '1.1.1952.', 'n');
insert into CandidatesData (idno) VALUES (7773);
insert into Landeslistenplatz (llid, idno, position) VALUES (273, 7773, 9);
insert into Citizen (idno, title, firstname, lastname, dateofbirth, gender) VALUES (7774, '', 'Hagen Erich Karl Wilhelm', 'Weiß', '1.1.1989.', 'n');
insert into CandidatesData (idno) VALUES (7774);
insert into Landeslistenplatz (llid, idno, position) VALUES (253, 7774, 13);
insert into Citizen (idno, title, firstname, lastname, dateofbirth, gender) VALUES (7775, '', 'Paul-Gerhard', 'Weiß', '1.1.1959.', 'n');
insert into CandidatesData (idno) VALUES (7775);
insert into Candidacy (wkid, idno, supportedby) VALUES (370, 7775, 4);
insert into Landeslistenplatz (llid, idno, position) VALUES (290, 7775, 12);
insert into Citizen (idno, title, firstname, lastname, dateofbirth, gender) VALUES (7776, '', 'Peter', 'Weiß', '1.1.1956.', 'n');
insert into CandidatesData (idno) VALUES (7776);
insert into Candidacy (wkid, idno, supportedby) VALUES (566, 7776, 12);
insert into Citizen (idno, title, firstname, lastname, dateofbirth, gender) VALUES (7777, '', 'Rudolf', 'Weiss', '1.1.1967.', 'n');
insert into CandidatesData (idno) VALUES (7777);
insert into Candidacy (wkid, idno, supportedby) VALUES (454, 7777, 33);
insert into Landeslistenplatz (llid, idno, position) VALUES (342, 7777, 41);
insert into Citizen (idno, title, firstname, lastname, dateofbirth, gender) VALUES (7778, '', 'Sabine Katharina', 'Weiss', '1.1.1958.', 'n');
insert into CandidatesData (idno) VALUES (7778);
insert into Candidacy (wkid, idno, supportedby) VALUES (226, 7778, 12);
insert into Landeslistenplatz (llid, idno, position) VALUES (310, 7778, 21);
insert into Citizen (idno, title, firstname, lastname, dateofbirth, gender) VALUES (7779, '', 'Udo Gernot', 'Weiß', '1.1.1945.', 'n');
insert into CandidatesData (idno) VALUES (7779);
insert into Candidacy (wkid, idno, supportedby) VALUES (350, 7779, 5);
insert into Citizen (idno, title, firstname, lastname, dateofbirth, gender) VALUES (7780, '', 'Marco', 'Weißbach', '1.1.1976.', 'n');
insert into CandidatesData (idno) VALUES (7780);
insert into Candidacy (wkid, idno, supportedby) VALUES (322, 7780, 4);
insert into Landeslistenplatz (llid, idno, position) VALUES (334, 7780, 12);
insert into Citizen (idno, title, firstname, lastname, dateofbirth, gender) VALUES (7781, '', 'Günther', 'Weiße', '1.1.1958.', 'n');
insert into CandidatesData (idno) VALUES (7781);
insert into Candidacy (wkid, idno, supportedby) VALUES (146, 7781, 32);
insert into Landeslistenplatz (llid, idno, position) VALUES (341, 7781, 9);
insert into Citizen (idno, title, firstname, lastname, dateofbirth, gender) VALUES (7782, '', 'Jörg', 'Weisse', '1.1.1962.', 'n');
insert into CandidatesData (idno) VALUES (7782);
insert into Candidacy (wkid, idno, supportedby) VALUES (210, 7782, 4);
insert into Landeslistenplatz (llid, idno, position) VALUES (272, 7782, 48);
insert into Citizen (idno, title, firstname, lastname, dateofbirth, gender) VALUES (7783, '', 'Simon', 'Weißenfels', '1.1.1987.', 'n');
insert into CandidatesData (idno) VALUES (7783);
insert into Landeslistenplatz (llid, idno, position) VALUES (279, 7783, 35);
insert into Citizen (idno, title, firstname, lastname, dateofbirth, gender) VALUES (7784, '', 'Dirk', 'Weissleder', '1.1.1969.', 'n');
insert into CandidatesData (idno) VALUES (7784);
insert into Candidacy (wkid, idno, supportedby) VALUES (94, 7784, 4);
insert into Landeslistenplatz (llid, idno, position) VALUES (301, 7784, 14);
insert into Citizen (idno, title, firstname, lastname, dateofbirth, gender) VALUES (7785, '', 'Sebastian', 'Weist', '1.1.1980.', 'n');
insert into CandidatesData (idno) VALUES (7785);
insert into Candidacy (wkid, idno, supportedby) VALUES (52, 7785, 1);
insert into Citizen (idno, title, firstname, lastname, dateofbirth, gender) VALUES (7786, '', 'Marc Stephan', 'Weitz', '1.1.1993.', 'n');
insert into CandidatesData (idno) VALUES (7786);
insert into Candidacy (wkid, idno, supportedby) VALUES (354, 7786, 7);
insert into Citizen (idno, title, firstname, lastname, dateofbirth, gender) VALUES (7787, '', 'Hannes', 'Welchar', '1.1.1988.', 'n');
insert into CandidatesData (idno) VALUES (7787);
insert into Candidacy (wkid, idno, supportedby) VALUES (34, 7787, 1);
insert into Landeslistenplatz (llid, idno, position) VALUES (235, 7787, 3);
insert into Citizen (idno, title, firstname, lastname, dateofbirth, gender) VALUES (7788, '', 'Ingo', 'Wellenreuther', '1.1.1959.', 'n');
insert into CandidatesData (idno) VALUES (7788);
insert into Candidacy (wkid, idno, supportedby) VALUES (542, 7788, 12);
insert into Landeslistenplatz (llid, idno, position) VALUES (279, 7788, 6);
insert into Citizen (idno, title, firstname, lastname, dateofbirth, gender) VALUES (7789, '', 'Ernst Friedrich Karl-Heinz', 'Wellhöfer', '1.1.1958.', 'n');
insert into CandidatesData (idno) VALUES (7789);
insert into Landeslistenplatz (llid, idno, position) VALUES (204, 7789, 18);
insert into Citizen (idno, title, firstname, lastname, dateofbirth, gender) VALUES (7790, '', 'Torsten', 'Welling', '1.1.1985.', 'n');
insert into CandidatesData (idno) VALUES (7790);
insert into Landeslistenplatz (llid, idno, position) VALUES (312, 7790, 29);
insert into Citizen (idno, title, firstname, lastname, dateofbirth, gender) VALUES (7791, '', 'Karl-Georg Ernst Gottlob', 'Wellmann', '1.1.1952.', 'n');
insert into CandidatesData (idno) VALUES (7791);
insert into Candidacy (wkid, idno, supportedby) VALUES (158, 7791, 12);
insert into Landeslistenplatz (llid, idno, position) VALUES (291, 7791, 3);
insert into Citizen (idno, title, firstname, lastname, dateofbirth, gender) VALUES (7792, 'Dr. ', 'Helmut Adolph Wilhelm', 'Wenck', '1.1.1935.', 'n');
insert into CandidatesData (idno) VALUES (7792);
insert into Landeslistenplatz (llid, idno, position) VALUES (310, 7792, 62);
insert into Citizen (idno, title, firstname, lastname, dateofbirth, gender) VALUES (7793, '', 'Gerhard', 'Wenderoth', '1.1.1969.', 'n');
insert into CandidatesData (idno) VALUES (7793);
insert into Candidacy (wkid, idno, supportedby) VALUES (412, 7793, 32);
insert into Landeslistenplatz (llid, idno, position) VALUES (202, 7793, 12);
insert into Citizen (idno, title, firstname, lastname, dateofbirth, gender) VALUES (7794, '', 'Lars', 'Wendland', '1.1.1973.', 'n');
insert into CandidatesData (idno) VALUES (7794);
insert into Candidacy (wkid, idno, supportedby) VALUES (126, 7794, 2);
insert into Landeslistenplatz (llid, idno, position) VALUES (322, 7794, 7);
insert into Citizen (idno, title, firstname, lastname, dateofbirth, gender) VALUES (7795, '', 'Christiane', 'Wendler', '1.1.1977.', 'n');
insert into CandidatesData (idno) VALUES (7795);
insert into Landeslistenplatz (llid, idno, position) VALUES (389, 7795, 15);
insert into Citizen (idno, title, firstname, lastname, dateofbirth, gender) VALUES (7796, '', 'Hans-Peter', 'Wendt', '1.1.1944.', 'n');
insert into CandidatesData (idno) VALUES (7796);
insert into Candidacy (wkid, idno, supportedby) VALUES (86, 7796, 33);
insert into Citizen (idno, title, firstname, lastname, dateofbirth, gender) VALUES (7797, '', 'Marian', 'Wendt', '1.1.1985.', 'n');
insert into CandidatesData (idno) VALUES (7797);
insert into Candidacy (wkid, idno, supportedby) VALUES (302, 7797, 12);
insert into Landeslistenplatz (llid, idno, position) VALUES (308, 7797, 11);
insert into Citizen (idno, title, firstname, lastname, dateofbirth, gender) VALUES (7798, '', 'Peter Frank', 'Wendt', '1.1.1950.', 'n');
insert into CandidatesData (idno) VALUES (7798);
insert into Landeslistenplatz (llid, idno, position) VALUES (285, 7798, 14);
insert into Citizen (idno, title, firstname, lastname, dateofbirth, gender) VALUES (7799, '', 'Robert', 'Wendt', '1.1.1986.', 'n');
insert into CandidatesData (idno) VALUES (7799);
insert into Candidacy (wkid, idno, supportedby) VALUES (194, 7799, 5);
insert into Citizen (idno, title, firstname, lastname, dateofbirth, gender) VALUES (7800, '', 'Walter', 'Wendt-Kleinberg', '1.1.1948.', 'n');
insert into CandidatesData (idno) VALUES (7800);
insert into Candidacy (wkid, idno, supportedby) VALUES (288, 7800, 3);
insert into Citizen (idno, title, firstname, lastname, dateofbirth, gender) VALUES (7801, '', 'Brigitte Sophie', 'Wengle', '1.1.1949.', 'n');
insert into CandidatesData (idno) VALUES (7801);
insert into Landeslistenplatz (llid, idno, position) VALUES (213, 7801, 16);
insert into Citizen (idno, title, firstname, lastname, dateofbirth, gender) VALUES (7802, '', 'Hammo Wolfgang', 'Wengle', '1.1.1946.', 'n');
insert into CandidatesData (idno) VALUES (7802);
insert into Landeslistenplatz (llid, idno, position) VALUES (213, 7802, 42);
insert into Citizen (idno, title, firstname, lastname, dateofbirth, gender) VALUES (7803, '', 'Klaus-Peter', 'Wennemann', '1.1.1957.', 'n');
insert into CandidatesData (idno) VALUES (7803);
insert into Candidacy (wkid, idno, supportedby) VALUES (92, 7803, 4);
insert into Landeslistenplatz (llid, idno, position) VALUES (301, 7803, 10);
insert into Citizen (idno, title, firstname, lastname, dateofbirth, gender) VALUES (7804, '', 'Heinz Georg', 'Wensiersky von', '1.1.1951.', 'n');
insert into CandidatesData (idno) VALUES (7804);
insert into Candidacy (wkid, idno, supportedby) VALUES (62, 7804, 3);
insert into Citizen (idno, title, firstname, lastname, dateofbirth, gender) VALUES (7805, '', 'Birgit', 'Wenzel', '1.1.1967.', 'n');
insert into CandidatesData (idno) VALUES (7805);
insert into Candidacy (wkid, idno, supportedby) VALUES (422, 7805, 7);
insert into Landeslistenplatz (llid, idno, position) VALUES (349, 7805, 13);
insert into Citizen (idno, title, firstname, lastname, dateofbirth, gender) VALUES (7806, '', 'Eric', 'Wenzel', '1.1.1974.', 'n');
insert into CandidatesData (idno) VALUES (7806);
insert into Landeslistenplatz (llid, idno, position) VALUES (202, 7806, 21);
insert into Citizen (idno, title, firstname, lastname, dateofbirth, gender) VALUES (7807, '', 'Ilka Daniela', 'Wenzelis', '1.1.1978.', 'n');
insert into CandidatesData (idno) VALUES (7807);
insert into Candidacy (wkid, idno, supportedby) VALUES (20, 7807, 3);
insert into Citizen (idno, title, firstname, lastname, dateofbirth, gender) VALUES (7808, '', 'Renate', 'Werlberger', '1.1.1955.', 'n');
insert into CandidatesData (idno) VALUES (7808);
insert into Candidacy (wkid, idno, supportedby) VALUES (440, 7808, 1);
insert into Citizen (idno, title, firstname, lastname, dateofbirth, gender) VALUES (7809, '', 'Britta', 'Werner', '1.1.1966.', 'n');
insert into CandidatesData (idno) VALUES (7809);
insert into Candidacy (wkid, idno, supportedby) VALUES (412, 7809, 7);
insert into Landeslistenplatz (llid, idno, position) VALUES (349, 7809, 14);
insert into Citizen (idno, title, firstname, lastname, dateofbirth, gender) VALUES (7810, '', 'Karsten', 'Werner', '1.1.1984.', 'n');
insert into CandidatesData (idno) VALUES (7810);
insert into Candidacy (wkid, idno, supportedby) VALUES (306, 7810, 10);
insert into Citizen (idno, title, firstname, lastname, dateofbirth, gender) VALUES (7811, '', 'Katrin', 'Werner', '1.1.1973.', 'n');
insert into CandidatesData (idno) VALUES (7811);
insert into Candidacy (wkid, idno, supportedby) VALUES (408, 7811, 3);
insert into Landeslistenplatz (llid, idno, position) VALUES (359, 7811, 2);
insert into Citizen (idno, title, firstname, lastname, dateofbirth, gender) VALUES (7812, '', 'Liss', 'Werner', '1.1.1974.', 'n');
insert into CandidatesData (idno) VALUES (7812);
insert into Landeslistenplatz (llid, idno, position) VALUES (201, 7812, 5);
insert into Citizen (idno, title, firstname, lastname, dateofbirth, gender) VALUES (7813, '', 'Martina', 'Werner', '1.1.1969.', 'n');
insert into CandidatesData (idno) VALUES (7813);
insert into Landeslistenplatz (llid, idno, position) VALUES (252, 7813, 7);
insert into Citizen (idno, title, firstname, lastname, dateofbirth, gender) VALUES (7814, '', 'Stefan', 'Werner', '1.1.1980.', 'n');
insert into CandidatesData (idno) VALUES (7814);
insert into Candidacy (wkid, idno, supportedby) VALUES (442, 7814, 37);
insert into Landeslistenplatz (llid, idno, position) VALUES (380, 7814, 1);
insert into Citizen (idno, title, firstname, lastname, dateofbirth, gender) VALUES (7815, '', 'Tim Christian', 'Werner', '1.1.1972.', 'n');
insert into CandidatesData (idno) VALUES (7815);
insert into Landeslistenplatz (llid, idno, position) VALUES (252, 7815, 11);
insert into Citizen (idno, title, firstname, lastname, dateofbirth, gender) VALUES (7816, '', 'Rainer Kurt', 'Wernicke', '1.1.1962.', 'n');
insert into CandidatesData (idno) VALUES (7816);
insert into Landeslistenplatz (llid, idno, position) VALUES (348, 7816, 10);
insert into Citizen (idno, title, firstname, lastname, dateofbirth, gender) VALUES (7817, 'Dr. ', 'Matthias', 'Werwigk', '1.1.1951.', 'n');
insert into CandidatesData (idno) VALUES (7817);
insert into Candidacy (wkid, idno, supportedby) VALUES (518, 7817, 4);
insert into Landeslistenplatz (llid, idno, position) VALUES (224, 7817, 33);
insert into Citizen (idno, title, firstname, lastname, dateofbirth, gender) VALUES (7818, '', 'Elke', 'Wesche', '1.1.1948.', 'n');
insert into CandidatesData (idno) VALUES (7818);
insert into Landeslistenplatz (llid, idno, position) VALUES (242, 7818, 56);
insert into Citizen (idno, title, firstname, lastname, dateofbirth, gender) VALUES (7819, '', 'Gudrun', 'Wesener', '1.1.1959.', 'n');
insert into CandidatesData (idno) VALUES (7819);
insert into Landeslistenplatz (llid, idno, position) VALUES (409, 7819, 7);
insert into Citizen (idno, title, firstname, lastname, dateofbirth, gender) VALUES (7820, '', 'Tom', 'Wesener', '1.1.1993.', 'n');
insert into CandidatesData (idno) VALUES (7820);
insert into Candidacy (wkid, idno, supportedby) VALUES (170, 7820, 4);
insert into Citizen (idno, title, firstname, lastname, dateofbirth, gender) VALUES (7821, '', 'Gustav Wolf Viktor Asche', 'Westarp Graf von', '1.1.1948.', 'n');
insert into CandidatesData (idno) VALUES (7821);
insert into Candidacy (wkid, idno, supportedby) VALUES (26, 7821, 32);
insert into Landeslistenplatz (llid, idno, position) VALUES (275, 7821, 2);
insert into Citizen (idno, title, firstname, lastname, dateofbirth, gender) VALUES (7822, '', 'Horst Peter', 'Wester', '1.1.1964.', 'n');
insert into CandidatesData (idno) VALUES (7822);
insert into Landeslistenplatz (llid, idno, position) VALUES (390, 7822, 4);
insert into Citizen (idno, title, firstname, lastname, dateofbirth, gender) VALUES (7823, '', 'Sagitta Barbara', 'Wester', '1.1.1982.', 'n');
insert into CandidatesData (idno) VALUES (7823);
insert into Landeslistenplatz (llid, idno, position) VALUES (207, 7823, 8);
insert into Citizen (idno, title, firstname, lastname, dateofbirth, gender) VALUES (7824, '', 'Ingo', 'Westermann', '1.1.1964.', 'n');
insert into CandidatesData (idno) VALUES (7824);
insert into Candidacy (wkid, idno, supportedby) VALUES (292, 7824, 4);
insert into Landeslistenplatz (llid, idno, position) VALUES (272, 7824, 40);
insert into Citizen (idno, title, firstname, lastname, dateofbirth, gender) VALUES (7825, '', 'Waldemar', 'Westermayer', '1.1.1953.', 'n');
insert into CandidatesData (idno) VALUES (7825);
insert into Landeslistenplatz (llid, idno, position) VALUES (279, 7825, 18);
insert into Citizen (idno, title, firstname, lastname, dateofbirth, gender) VALUES (7826, 'Dr. ', 'Guido', 'Westerwelle', '1.1.1961.', 'n');
insert into CandidatesData (idno) VALUES (7826);
insert into Candidacy (wkid, idno, supportedby) VALUES (192, 7826, 4);
insert into Landeslistenplatz (llid, idno, position) VALUES (272, 7826, 1);
insert into Citizen (idno, title, firstname, lastname, dateofbirth, gender) VALUES (7827, '', 'Bernd', 'Westphal', '1.1.1960.', 'n');
insert into CandidatesData (idno) VALUES (7827);
insert into Candidacy (wkid, idno, supportedby) VALUES (96, 7827, 2);
insert into Landeslistenplatz (llid, idno, position) VALUES (242, 7827, 21);
insert into Citizen (idno, title, firstname, lastname, dateofbirth, gender) VALUES (7828, 'Dr. ', 'Norbert', 'Wett', '1.1.1964.', 'n');
insert into CandidatesData (idno) VALUES (7828);
insert into Candidacy (wkid, idno, supportedby) VALUES (336, 7828, 12);
insert into Landeslistenplatz (llid, idno, position) VALUES (262, 7828, 21);
insert into Citizen (idno, title, firstname, lastname, dateofbirth, gender) VALUES (7829, 'Dr. ', 'Hans-Peter', 'Wetzel', '1.1.1950.', 'n');
insert into CandidatesData (idno) VALUES (7829);
insert into Candidacy (wkid, idno, supportedby) VALUES (586, 7829, 4);
insert into Landeslistenplatz (llid, idno, position) VALUES (224, 7829, 23);
insert into Citizen (idno, title, firstname, lastname, dateofbirth, gender) VALUES (7830, '', 'Sabine', 'Wetzel', '1.1.1964.', 'n');
insert into CandidatesData (idno) VALUES (7830);
insert into Candidacy (wkid, idno, supportedby) VALUES (136, 7830, 5);
insert into Landeslistenplatz (llid, idno, position) VALUES (327, 7830, 3);
insert into Citizen (idno, title, firstname, lastname, dateofbirth, gender) VALUES (7831, '', 'Sarah', 'Wetzel', '1.1.1986.', 'n');
insert into CandidatesData (idno) VALUES (7831);
insert into Landeslistenplatz (llid, idno, position) VALUES (238, 7831, 49);
insert into Citizen (idno, title, firstname, lastname, dateofbirth, gender) VALUES (7832, '', 'Melanie', 'Wever', '1.1.1967.', 'n');
insert into CandidatesData (idno) VALUES (7832);
insert into Candidacy (wkid, idno, supportedby) VALUES (54, 7832, 33);
insert into Citizen (idno, title, firstname, lastname, dateofbirth, gender) VALUES (7833, '', 'Mathias', 'Weyerich', '1.1.1987.', 'n');
insert into CandidatesData (idno) VALUES (7833);
insert into Candidacy (wkid, idno, supportedby) VALUES (414, 7833, 1);
insert into Citizen (idno, title, firstname, lastname, dateofbirth, gender) VALUES (7834, '', 'Kai', 'Whittaker', '1.1.1985.', 'n');
insert into CandidatesData (idno) VALUES (7834);
insert into Candidacy (wkid, idno, supportedby) VALUES (546, 7834, 12);
insert into Citizen (idno, title, firstname, lastname, dateofbirth, gender) VALUES (7835, '', 'Martin', 'Wibbeke', '1.1.1989.', 'n');
insert into CandidatesData (idno) VALUES (7835);
insert into Candidacy (wkid, idno, supportedby) VALUES (274, 7835, 1);
insert into Citizen (idno, title, firstname, lastname, dateofbirth, gender) VALUES (7836, '', 'Heinz Peter', 'Wichtel', '1.1.1949.', 'n');
insert into CandidatesData (idno) VALUES (7836);
insert into Candidacy (wkid, idno, supportedby) VALUES (370, 7836, 12);
insert into Landeslistenplatz (llid, idno, position) VALUES (262, 7836, 9);
insert into Citizen (idno, title, firstname, lastname, dateofbirth, gender) VALUES (7837, '', 'Martin Arnim Friedel', 'Wickert', '1.1.1981.', 'n');
insert into CandidatesData (idno) VALUES (7837);
insert into Landeslistenplatz (llid, idno, position) VALUES (313, 7837, 4);
insert into Citizen (idno, title, firstname, lastname, dateofbirth, gender) VALUES (7838, '', 'Andrea Meta', 'Wicklein', '1.1.1958.', 'n');
insert into CandidatesData (idno) VALUES (7838);
insert into Candidacy (wkid, idno, supportedby) VALUES (122, 7838, 2);
insert into Landeslistenplatz (llid, idno, position) VALUES (322, 7838, 4);
insert into Citizen (idno, title, firstname, lastname, dateofbirth, gender) VALUES (7839, '', 'Annette', 'Widmann-Mauz', '1.1.1966.', 'n');
insert into CandidatesData (idno) VALUES (7839);
insert into Candidacy (wkid, idno, supportedby) VALUES (580, 7839, 12);
insert into Landeslistenplatz (llid, idno, position) VALUES (279, 7839, 4);
insert into Citizen (idno, title, firstname, lastname, dateofbirth, gender) VALUES (7840, '', 'Steffen', 'Wiechmann', '1.1.1976.', 'n');
insert into CandidatesData (idno) VALUES (7840);
insert into Candidacy (wkid, idno, supportedby) VALUES (28, 7840, NULL);
insert into Citizen (idno, title, firstname, lastname, dateofbirth, gender) VALUES (7841, '', 'Wolf Achim', 'Wiegand', '1.1.1954.', 'n');
insert into CandidatesData (idno) VALUES (7841);
insert into Candidacy (wkid, idno, supportedby) VALUES (38, 7841, 32);
insert into Landeslistenplatz (llid, idno, position) VALUES (374, 7841, 1);
insert into Citizen (idno, title, firstname, lastname, dateofbirth, gender) VALUES (7842, '', 'Daniel Alexander', 'Wiegenstein', '1.1.1958.', 'n');
insert into CandidatesData (idno) VALUES (7842);
insert into Candidacy (wkid, idno, supportedby) VALUES (138, 7842, 13);
insert into Landeslistenplatz (llid, idno, position) VALUES (403, 7842, 8);
insert into Citizen (idno, title, firstname, lastname, dateofbirth, gender) VALUES (7843, '', 'Angela', 'Wieland-Bräutigam', '1.1.1969.', 'n');
insert into CandidatesData (idno) VALUES (7843);
insert into Landeslistenplatz (llid, idno, position) VALUES (319, 7843, 10);
insert into Citizen (idno, title, firstname, lastname, dateofbirth, gender) VALUES (7844, '', 'Eva Margarete', 'Wiemer', '1.1.1954.', 'n');
insert into CandidatesData (idno) VALUES (7844);
insert into Candidacy (wkid, idno, supportedby) VALUES (364, 7844, 3);
insert into Landeslistenplatz (llid, idno, position) VALUES (216, 7844, 11);
insert into Citizen (idno, title, firstname, lastname, dateofbirth, gender) VALUES (7845, '', 'Tim', 'Wiemer', '1.1.1992.', 'n');
insert into CandidatesData (idno) VALUES (7845);
insert into Candidacy (wkid, idno, supportedby) VALUES (376, 7845, 33);
insert into Landeslistenplatz (llid, idno, position) VALUES (209, 7845, 9);
insert into Citizen (idno, title, firstname, lastname, dateofbirth, gender) VALUES (7846, '', 'Sven', 'Wiertz', '1.1.1975.', 'n');
insert into CandidatesData (idno) VALUES (7846);
insert into Candidacy (wkid, idno, supportedby) VALUES (206, 7846, 2);
insert into Landeslistenplatz (llid, idno, position) VALUES (246, 7846, 33);
insert into Citizen (idno, title, firstname, lastname, dateofbirth, gender) VALUES (7847, '', 'Patrick David', 'Wieschke', '1.1.1981.', 'n');
insert into CandidatesData (idno) VALUES (7847);
insert into Candidacy (wkid, idno, supportedby) VALUES (380, 7847, 1);
insert into Landeslistenplatz (llid, idno, position) VALUES (271, 7847, 1);
insert into Citizen (idno, title, firstname, lastname, dateofbirth, gender) VALUES (7848, '', 'Fabian', 'Wieschollek', '1.1.1994.', 'n');
insert into CandidatesData (idno) VALUES (7848);
insert into Landeslistenplatz (llid, idno, position) VALUES (297, 7848, 13);
insert into Citizen (idno, title, firstname, lastname, dateofbirth, gender) VALUES (7849, '', 'Dirk', 'Wiese', '1.1.1983.', 'n');
insert into CandidatesData (idno) VALUES (7849);
insert into Candidacy (wkid, idno, supportedby) VALUES (294, 7849, 2);
insert into Landeslistenplatz (llid, idno, position) VALUES (246, 7849, 25);
insert into Citizen (idno, title, firstname, lastname, dateofbirth, gender) VALUES (7850, '', 'Franz Josef', 'Wiese', '1.1.1952.', 'n');
insert into CandidatesData (idno) VALUES (7850);
insert into Landeslistenplatz (llid, idno, position) VALUES (332, 7850, 12);
insert into Citizen (idno, title, firstname, lastname, dateofbirth, gender) VALUES (7851, '', 'Heinz', 'Wiese', '1.1.1945.', 'n');
insert into CandidatesData (idno) VALUES (7851);
insert into Landeslistenplatz (llid, idno, position) VALUES (279, 7851, 11);
insert into Citizen (idno, title, firstname, lastname, dateofbirth, gender) VALUES (7852, '', 'Ulla', 'Wiesemann-Käfer', '1.1.1959.', 'n');
insert into CandidatesData (idno) VALUES (7852);
insert into Landeslistenplatz (llid, idno, position) VALUES (244, 7852, 30);
insert into Citizen (idno, title, firstname, lastname, dateofbirth, gender) VALUES (7853, '', 'Sebastian', 'Wiesendahl', '1.1.1988.', 'n');
insert into CandidatesData (idno) VALUES (7853);
insert into Candidacy (wkid, idno, supportedby) VALUES (260, 7853, 7);
insert into Citizen (idno, title, firstname, lastname, dateofbirth, gender) VALUES (7854, '', 'Claudia', 'Wiest', '1.1.1967.', 'n');
insert into CandidatesData (idno) VALUES (7854);
insert into Candidacy (wkid, idno, supportedby) VALUES (466, 7854, 36);
insert into Landeslistenplatz (llid, idno, position) VALUES (295, 7854, 1);
insert into Citizen (idno, title, firstname, lastname, dateofbirth, gender) VALUES (7855, '', 'Susanne', 'Wiest', '1.1.1967.', 'n');
insert into CandidatesData (idno) VALUES (7855);
insert into Candidacy (wkid, idno, supportedby) VALUES (30, 7855, 7);
insert into Landeslistenplatz (llid, idno, position) VALUES (283, 7855, 1);
insert into Citizen (idno, title, firstname, lastname, dateofbirth, gender) VALUES (7856, '', 'Volker', 'Wiethüchter', '1.1.1964.', 'n');
insert into CandidatesData (idno) VALUES (7856);
insert into Candidacy (wkid, idno, supportedby) VALUES (4, 7856, 33);
insert into Landeslistenplatz (llid, idno, position) VALUES (285, 7856, 11);
insert into Citizen (idno, title, firstname, lastname, dateofbirth, gender) VALUES (7857, 'Dr. ', 'Norbert', 'Wiggershaus', '1.1.1939.', 'n');
insert into CandidatesData (idno) VALUES (7857);
insert into Landeslistenplatz (llid, idno, position) VALUES (279, 7857, 42);
insert into Citizen (idno, title, firstname, lastname, dateofbirth, gender) VALUES (7858, 'Dr. ', 'Frank-Eberhard', 'Wilde', '1.1.1937.', 'n');
insert into CandidatesData (idno) VALUES (7858);
insert into Landeslistenplatz (llid, idno, position) VALUES (325, 7858, 5);
insert into Citizen (idno, title, firstname, lastname, dateofbirth, gender) VALUES (7859, '', 'Benjamin Raimund', 'Wildenauer', '1.1.1985.', 'n');
insert into CandidatesData (idno) VALUES (7859);
insert into Candidacy (wkid, idno, supportedby) VALUES (496, 7859, 7);
insert into Landeslistenplatz (llid, idno, position) VALUES (245, 7859, 24);
insert into Citizen (idno, title, firstname, lastname, dateofbirth, gender) VALUES (7860, '', 'Jens Simon', 'Wilhelm', '1.1.1991.', 'n');
insert into CandidatesData (idno) VALUES (7860);
insert into Candidacy (wkid, idno, supportedby) VALUES (402, 7860, 1);
insert into Citizen (idno, title, firstname, lastname, dateofbirth, gender) VALUES (7861, '', 'Otto', 'Wilke', '1.1.1937.', 'n');
insert into CandidatesData (idno) VALUES (7861);
insert into Landeslistenplatz (llid, idno, position) VALUES (290, 7861, 36);
insert into Citizen (idno, title, firstname, lastname, dateofbirth, gender) VALUES (7862, '', 'Albert', 'Wille', '1.1.1954.', 'n');
insert into CandidatesData (idno) VALUES (7862);
insert into Candidacy (wkid, idno, supportedby) VALUES (50, 7862, 1);
insert into Citizen (idno, title, firstname, lastname, dateofbirth, gender) VALUES (7863, '', 'Roswitha', 'Wille', '1.1.1958.', 'n');
insert into CandidatesData (idno) VALUES (7863);
insert into Landeslistenplatz (llid, idno, position) VALUES (210, 7863, 6);
insert into Citizen (idno, title, firstname, lastname, dateofbirth, gender) VALUES (7864, '', 'Carl Theo Antonin', 'Willke', '1.1.1988.', 'n');
insert into CandidatesData (idno) VALUES (7864);
insert into Candidacy (wkid, idno, supportedby) VALUES (160, 7864, 31);
insert into Landeslistenplatz (llid, idno, position) VALUES (201, 7864, 14);
insert into Citizen (idno, title, firstname, lastname, dateofbirth, gender) VALUES (7865, '', 'Klaus-Peter', 'Willsch', '1.1.1961.', 'n');
insert into CandidatesData (idno) VALUES (7865);
insert into Candidacy (wkid, idno, supportedby) VALUES (356, 7865, 12);
insert into Landeslistenplatz (llid, idno, position) VALUES (262, 7865, 15);
insert into Citizen (idno, title, firstname, lastname, dateofbirth, gender) VALUES (7866, 'Dr. ', 'Valerie', 'Wilms', '1.1.1954.', 'n');
insert into CandidatesData (idno) VALUES (7866);
insert into Candidacy (wkid, idno, supportedby) VALUES (14, 7866, 5);
insert into Landeslistenplatz (llid, idno, position) VALUES (232, 7866, 3);
insert into Citizen (idno, title, firstname, lastname, dateofbirth, gender) VALUES (7867, '', 'Pascal', 'Wilzius', '1.1.1981.', 'n');
insert into CandidatesData (idno) VALUES (7867);
insert into Landeslistenplatz (llid, idno, position) VALUES (259, 7867, 10);
insert into Citizen (idno, title, firstname, lastname, dateofbirth, gender) VALUES (7868, '', 'Heiko', 'Windisch', '1.1.1969.', 'n');
insert into CandidatesData (idno) VALUES (7868);
insert into Candidacy (wkid, idno, supportedby) VALUES (378, 7868, 7);
insert into Citizen (idno, title, firstname, lastname, dateofbirth, gender) VALUES (7869, '', 'Justus', 'Wingert', '1.1.1988.', 'n');
insert into CandidatesData (idno) VALUES (7869);
insert into Candidacy (wkid, idno, supportedby) VALUES (568, 7869, 32);
insert into Citizen (idno, title, firstname, lastname, dateofbirth, gender) VALUES (7870, '', 'Claus Manfred', 'Winhard', '1.1.1966.', 'n');
insert into CandidatesData (idno) VALUES (7870);
insert into Candidacy (wkid, idno, supportedby) VALUES (356, 7870, 33);
insert into Citizen (idno, title, firstname, lastname, dateofbirth, gender) VALUES (7871, '', 'Steven', 'Wink', '1.1.1984.', 'n');
insert into CandidatesData (idno) VALUES (7871);
insert into Candidacy (wkid, idno, supportedby) VALUES (422, 7871, 4);
insert into Landeslistenplatz (llid, idno, position) VALUES (294, 7871, 11);
insert into Citizen (idno, title, firstname, lastname, dateofbirth, gender) VALUES (7872, '', 'Hans Peter', 'Winkelmann', '1.1.1964.', 'n');
insert into CandidatesData (idno) VALUES (7872);
insert into Candidacy (wkid, idno, supportedby) VALUES (250, 7872, 7);
insert into Citizen (idno, title, firstname, lastname, dateofbirth, gender) VALUES (7873, '', 'Elisabeth', 'Winkelmeier-Becker', '1.1.1962.', 'n');
insert into CandidatesData (idno) VALUES (7873);
insert into Candidacy (wkid, idno, supportedby) VALUES (194, 7873, 12);
insert into Landeslistenplatz (llid, idno, position) VALUES (310, 7873, 6);
insert into Citizen (idno, title, firstname, lastname, dateofbirth, gender) VALUES (7874, 'Dr. ', 'Birgit', 'Winkemann', '1.1.1964.', 'n');
insert into CandidatesData (idno) VALUES (7874);
insert into Landeslistenplatz (llid, idno, position) VALUES (303, 7874, 6);
insert into Citizen (idno, title, firstname, lastname, dateofbirth, gender) VALUES (7875, '', 'Beatrice Cornelia', 'Winkler', '1.1.1970.', 'n');
insert into CandidatesData (idno) VALUES (7875);
insert into Candidacy (wkid, idno, supportedby) VALUES (38, 7875, 31);
insert into Landeslistenplatz (llid, idno, position) VALUES (309, 7875, 10);
insert into Citizen (idno, title, firstname, lastname, dateofbirth, gender) VALUES (7876, '', 'Joseph Philip', 'Winkler', '1.1.1974.', 'n');
insert into CandidatesData (idno) VALUES (7876);
insert into Candidacy (wkid, idno, supportedby) VALUES (400, 7876, 5);
insert into Landeslistenplatz (llid, idno, position) VALUES (389, 7876, 4);
insert into Citizen (idno, title, firstname, lastname, dateofbirth, gender) VALUES (7877, '', 'Max', 'Winkler', '1.1.1946.', 'n');
insert into CandidatesData (idno) VALUES (7877);
insert into Candidacy (wkid, idno, supportedby) VALUES (460, 7877, 32);
insert into Landeslistenplatz (llid, idno, position) VALUES (206, 7877, 40);
insert into Citizen (idno, title, firstname, lastname, dateofbirth, gender) VALUES (7878, '', 'Wilhelm', 'Winkler', '1.1.1950.', 'n');
insert into CandidatesData (idno) VALUES (7878);
insert into Candidacy (wkid, idno, supportedby) VALUES (450, 7878, 36);
insert into Citizen (idno, title, firstname, lastname, dateofbirth, gender) VALUES (7879, '', 'Clemens', 'Winner', '1.1.1966.', 'n');
insert into CandidatesData (idno) VALUES (7879);
insert into Landeslistenplatz (llid, idno, position) VALUES (230, 7879, 8);
insert into Citizen (idno, title, firstname, lastname, dateofbirth, gender) VALUES (7880, '', 'Maria', 'Winter', '1.1.1966.', 'n');
insert into CandidatesData (idno) VALUES (7880);
insert into Landeslistenplatz (llid, idno, position) VALUES (242, 7880, 50);
insert into Citizen (idno, title, firstname, lastname, dateofbirth, gender) VALUES (7881, '', 'Susanna', 'Winter', '1.1.1954.', 'n');
insert into CandidatesData (idno) VALUES (7881);
insert into Landeslistenplatz (llid, idno, position) VALUES (279, 7881, 26);
insert into Citizen (idno, title, firstname, lastname, dateofbirth, gender) VALUES (7882, '', 'Wolfgang Franz', 'Winter', '1.1.1957.', 'n');
insert into CandidatesData (idno) VALUES (7882);
insert into Candidacy (wkid, idno, supportedby) VALUES (498, 7882, 41);
insert into Landeslistenplatz (llid, idno, position) VALUES (328, 7882, 4);
insert into Citizen (idno, title, firstname, lastname, dateofbirth, gender) VALUES (7883, 'Dr. ', 'Jörg', 'Winterfeldt', '1.1.1976.', 'n');
insert into CandidatesData (idno) VALUES (7883);
insert into Candidacy (wkid, idno, supportedby) VALUES (248, 7883, 5);
insert into Citizen (idno, title, firstname, lastname, dateofbirth, gender) VALUES (7884, '', 'Michael', 'Winters', '1.1.1965.', 'n');
insert into CandidatesData (idno) VALUES (7884);
insert into Landeslistenplatz (llid, idno, position) VALUES (273, 7884, 14);
insert into Citizen (idno, title, firstname, lastname, dateofbirth, gender) VALUES (7885, '', 'Thomas', 'Winzberg', '1.1.1965.', 'n');
insert into CandidatesData (idno) VALUES (7885);
insert into Candidacy (wkid, idno, supportedby) VALUES (184, 7885, 7);
insert into Citizen (idno, title, firstname, lastname, dateofbirth, gender) VALUES (7886, '', 'Benedikt', 'Winzen', '1.1.1985.', 'n');
insert into CandidatesData (idno) VALUES (7886);
insert into Candidacy (wkid, idno, supportedby) VALUES (220, 7886, 2);
insert into Landeslistenplatz (llid, idno, position) VALUES (246, 7886, 39);
insert into Citizen (idno, title, firstname, lastname, dateofbirth, gender) VALUES (7887, '', 'Olaf', 'Wirl', '1.1.1967.', 'n');
insert into CandidatesData (idno) VALUES (7887);
insert into Landeslistenplatz (llid, idno, position) VALUES (317, 7887, 10);
insert into Citizen (idno, title, firstname, lastname, dateofbirth, gender) VALUES (7888, '', 'Manfred', 'Wirth', '1.1.1941.', 'n');
insert into CandidatesData (idno) VALUES (7888);
insert into Landeslistenplatz (llid, idno, position) VALUES (358, 7888, 12);
insert into Citizen (idno, title, firstname, lastname, dateofbirth, gender) VALUES (7889, '', 'Thorsten', 'Wirth', '1.1.1968.', 'n');
insert into CandidatesData (idno) VALUES (7889);
insert into Candidacy (wkid, idno, supportedby) VALUES (364, 7889, 7);
insert into Citizen (idno, title, firstname, lastname, dateofbirth, gender) VALUES (7890, 'Dr. ', 'Volker', 'Wissing', '1.1.1970.', 'n');
insert into CandidatesData (idno) VALUES (7890);
insert into Candidacy (wkid, idno, supportedby) VALUES (424, 7890, 4);
insert into Landeslistenplatz (llid, idno, position) VALUES (294, 7890, 1);
insert into Citizen (idno, title, firstname, lastname, dateofbirth, gender) VALUES (7891, '', 'Karl', 'Wißkirchen', '1.1.1943.', 'n');
insert into CandidatesData (idno) VALUES (7891);
insert into Landeslistenplatz (llid, idno, position) VALUES (279, 7891, 29);
insert into Citizen (idno, title, firstname, lastname, dateofbirth, gender) VALUES (7892, '', 'Kai Volker', 'Wißner', '1.1.1987.', 'n');
insert into CandidatesData (idno) VALUES (7892);
insert into Landeslistenplatz (llid, idno, position) VALUES (262, 7892, 30);
insert into Citizen (idno, title, firstname, lastname, dateofbirth, gender) VALUES (7893, '', 'Wolfgang', 'Wittich', '1.1.1952.', 'n');
insert into CandidatesData (idno) VALUES (7893);
insert into Candidacy (wkid, idno, supportedby) VALUES (466, 7893, 3);
insert into Landeslistenplatz (llid, idno, position) VALUES (350, 7893, 20);
insert into Citizen (idno, title, firstname, lastname, dateofbirth, gender) VALUES (7894, '', 'Heiko', 'Wittig', '1.1.1964.', 'n');
insert into CandidatesData (idno) VALUES (7894);
insert into Candidacy (wkid, idno, supportedby) VALUES (302, 7894, 2);
insert into Landeslistenplatz (llid, idno, position) VALUES (329, 7894, 11);
insert into Citizen (idno, title, firstname, lastname, dateofbirth, gender) VALUES (7895, '', 'Hans-Georg', 'Wittka', '1.1.1944.', 'n');
insert into CandidatesData (idno) VALUES (7895);
insert into Landeslistenplatz (llid, idno, position) VALUES (254, 7895, 12);
insert into Citizen (idno, title, firstname, lastname, dateofbirth, gender) VALUES (7896, '', 'Rolf', 'Wittkamp', '1.1.1940.', 'n');
insert into CandidatesData (idno) VALUES (7896);
insert into Candidacy (wkid, idno, supportedby) VALUES (262, 7896, 41);
insert into Landeslistenplatz (llid, idno, position) VALUES (381, 7896, 3);
insert into Citizen (idno, title, firstname, lastname, dateofbirth, gender) VALUES (7897, '', 'Franz Josef', 'Wittkampf', '1.1.1949.', 'n');
insert into CandidatesData (idno) VALUES (7897);
insert into Landeslistenplatz (llid, idno, position) VALUES (229, 7897, 22);
insert into Citizen (idno, title, firstname, lastname, dateofbirth, gender) VALUES (7898, '', 'Oliver', 'Wittke', '1.1.1966.', 'n');
insert into CandidatesData (idno) VALUES (7898);
insert into Candidacy (wkid, idno, supportedby) VALUES (246, 7898, 12);
insert into Landeslistenplatz (llid, idno, position) VALUES (310, 7898, 10);
insert into Citizen (idno, title, firstname, lastname, dateofbirth, gender) VALUES (7899, '', 'David', 'Witum', '1.1.1983.', 'n');
insert into CandidatesData (idno) VALUES (7899);
insert into Landeslistenplatz (llid, idno, position) VALUES (433, 7899, 1);
insert into Citizen (idno, title, firstname, lastname, dateofbirth, gender) VALUES (7900, 'Dr. ', 'Ulrich', 'Wleke', '1.1.1958.', 'n');
insert into CandidatesData (idno) VALUES (7900);
insert into Landeslistenplatz (llid, idno, position) VALUES (253, 7900, 4);
insert into Citizen (idno, title, firstname, lastname, dateofbirth, gender) VALUES (7901, '', 'Bernd Jürgen', 'Wobig', '1.1.1947.', 'n');
insert into CandidatesData (idno) VALUES (7901);
insert into Candidacy (wkid, idno, supportedby) VALUES (270, 7901, 3);
insert into Citizen (idno, title, firstname, lastname, dateofbirth, gender) VALUES (7902, '', 'Dagmar Gabriele', 'Wöhrl', '1.1.1954.', 'n');
insert into CandidatesData (idno) VALUES (7902);
insert into Candidacy (wkid, idno, supportedby) VALUES (488, 7902, 9);
insert into Landeslistenplatz (llid, idno, position) VALUES (220, 7902, 8);
insert into Citizen (idno, title, firstname, lastname, dateofbirth, gender) VALUES (7903, '', 'Florian', 'Wöhrle', '1.1.1977.', 'n');
insert into CandidatesData (idno) VALUES (7903);
insert into Landeslistenplatz (llid, idno, position) VALUES (428, 7903, 6);
insert into Citizen (idno, title, firstname, lastname, dateofbirth, gender) VALUES (7904, '', 'Werner-Christian', 'Wöhrle', '1.1.1958.', 'n');
insert into CandidatesData (idno) VALUES (7904);
insert into Candidacy (wkid, idno, supportedby) VALUES (568, 7904, 1);
insert into Citizen (idno, title, firstname, lastname, dateofbirth, gender) VALUES (7905, '', 'Wolfgang', 'Wöhrmann', '1.1.1952.', 'n');
insert into CandidatesData (idno) VALUES (7905);
insert into Landeslistenplatz (llid, idno, position) VALUES (207, 7905, 18);
insert into Citizen (idno, title, firstname, lastname, dateofbirth, gender) VALUES (7906, '', 'Willi', 'Wölfel', '1.1.1950.', 'n');
insert into CandidatesData (idno) VALUES (7906);
insert into Landeslistenplatz (llid, idno, position) VALUES (298, 7906, 5);
insert into Citizen (idno, title, firstname, lastname, dateofbirth, gender) VALUES (7907, '', 'Sabine', 'Wölfer', '1.1.1962.', 'n');
insert into CandidatesData (idno) VALUES (7907);
insert into Landeslistenplatz (llid, idno, position) VALUES (305, 7907, 11);
insert into Citizen (idno, title, firstname, lastname, dateofbirth, gender) VALUES (7908, '', 'Birgit Ottilie', 'Wöllert', '1.1.1950.', 'n');
insert into CandidatesData (idno) VALUES (7908);
insert into Candidacy (wkid, idno, supportedby) VALUES (128, 7908, 3);
insert into Landeslistenplatz (llid, idno, position) VALUES (412, 7908, 5);
insert into Citizen (idno, title, firstname, lastname, dateofbirth, gender) VALUES (7909, '', 'Werner', 'Wöllstein', '1.1.1960.', 'n');
insert into CandidatesData (idno) VALUES (7909);
insert into Candidacy (wkid, idno, supportedby) VALUES (402, 7909, 4);
insert into Citizen (idno, title, firstname, lastname, dateofbirth, gender) VALUES (7910, '', 'Helga', 'Wössner', '1.1.1967.', 'n');
insert into CandidatesData (idno) VALUES (7910);
insert into Landeslistenplatz (llid, idno, position) VALUES (279, 7910, 51);
insert into Citizen (idno, title, firstname, lastname, dateofbirth, gender) VALUES (7911, '', 'Hans-Georg', 'Woest', '1.1.1993.', 'n');
insert into CandidatesData (idno) VALUES (7911);
insert into Landeslistenplatz (llid, idno, position) VALUES (281, 7911, 9);
insert into Citizen (idno, title, firstname, lastname, dateofbirth, gender) VALUES (7912, '', 'Adelheid Dorothea Rosemarie', 'Wohlfart', '1.1.1960.', 'n');
insert into CandidatesData (idno) VALUES (7912);
insert into Landeslistenplatz (llid, idno, position) VALUES (323, 7912, 7);
insert into Citizen (idno, title, firstname, lastname, dateofbirth, gender) VALUES (7913, '', 'Matthias', 'Wohlfarth', '1.1.1954.', 'n');
insert into CandidatesData (idno) VALUES (7913);
insert into Landeslistenplatz (llid, idno, position) VALUES (378, 7913, 3);
insert into Citizen (idno, title, firstname, lastname, dateofbirth, gender) VALUES (7914, '', 'Dieter', 'Woizik', '1.1.1934.', 'n');
insert into CandidatesData (idno) VALUES (7914);
insert into Landeslistenplatz (llid, idno, position) VALUES (254, 7914, 8);
insert into Citizen (idno, title, firstname, lastname, dateofbirth, gender) VALUES (7915, 'Dr. ', 'Edith', 'Wolber', '1.1.1955.', 'n');
insert into CandidatesData (idno) VALUES (7915);
insert into Candidacy (wkid, idno, supportedby) VALUES (554, 7915, 5);
insert into Landeslistenplatz (llid, idno, position) VALUES (234, 7915, 27);
insert into Citizen (idno, title, firstname, lastname, dateofbirth, gender) VALUES (7916, 'Dr. ', 'Mechthild', 'Wolber', '1.1.1971.', 'n');
insert into CandidatesData (idno) VALUES (7916);
insert into Candidacy (wkid, idno, supportedby) VALUES (570, 7916, 4);
insert into Landeslistenplatz (llid, idno, position) VALUES (224, 7916, 16);
insert into Citizen (idno, title, firstname, lastname, dateofbirth, gender) VALUES (7917, '', 'Martin Josef', 'Wolf', '1.1.1962.', 'n');
insert into CandidatesData (idno) VALUES (7917);
insert into Candidacy (wkid, idno, supportedby) VALUES (12, 7917, 4);
insert into Landeslistenplatz (llid, idno, position) VALUES (251, 7917, 9);
insert into Citizen (idno, title, firstname, lastname, dateofbirth, gender) VALUES (7918, '', 'Rainer', 'Wolf', '1.1.1963.', 'n');
insert into CandidatesData (idno) VALUES (7918);
insert into Candidacy (wkid, idno, supportedby) VALUES (566, 7918, 3);
insert into Citizen (idno, title, firstname, lastname, dateofbirth, gender) VALUES (7919, '', 'Sebastian', 'Wolf', '1.1.1988.', 'n');
insert into CandidatesData (idno) VALUES (7919);
insert into Candidacy (wkid, idno, supportedby) VALUES (94, 7919, 1);
insert into Citizen (idno, title, firstname, lastname, dateofbirth, gender) VALUES (7920, '', 'Helmut', 'Wolfer', '1.1.1955.', 'n');
insert into CandidatesData (idno) VALUES (7920);
insert into Candidacy (wkid, idno, supportedby) VALUES (586, 7920, 32);
insert into Landeslistenplatz (llid, idno, position) VALUES (265, 7920, 22);
insert into Citizen (idno, title, firstname, lastname, dateofbirth, gender) VALUES (7921, '', 'Barbara Ursula', 'Wolff', '1.1.1948.', 'n');
insert into CandidatesData (idno) VALUES (7921);
insert into Candidacy (wkid, idno, supportedby) VALUES (124, 7921, 32);
insert into Landeslistenplatz (llid, idno, position) VALUES (266, 7921, 1);
insert into Citizen (idno, title, firstname, lastname, dateofbirth, gender) VALUES (7922, '', 'Hartfrid', 'Wolff', '1.1.1971.', 'n');
insert into CandidatesData (idno) VALUES (7922);
insert into Candidacy (wkid, idno, supportedby) VALUES (528, 7922, 4);
insert into Landeslistenplatz (llid, idno, position) VALUES (224, 7922, 3);
insert into Citizen (idno, title, firstname, lastname, dateofbirth, gender) VALUES (7923, '', 'Waltraud Katharina', 'Wolff', '1.1.1956.', 'n');
insert into CandidatesData (idno) VALUES (7923);
insert into Candidacy (wkid, idno, supportedby) VALUES (134, 7923, 2);
insert into Landeslistenplatz (llid, idno, position) VALUES (337, 7923, 2);
insert into Citizen (idno, title, firstname, lastname, dateofbirth, gender) VALUES (7924, '', 'Klaus Dieter', 'Wolframm', '1.1.1959.', 'n');
insert into CandidatesData (idno) VALUES (7924);
insert into Candidacy (wkid, idno, supportedby) VALUES (316, 7924, 2);
insert into Landeslistenplatz (llid, idno, position) VALUES (329, 7924, 16);
insert into Citizen (idno, title, firstname, lastname, dateofbirth, gender) VALUES (7925, '', 'Ulrich', 'Wolinski', '1.1.1958.', 'n');
insert into CandidatesData (idno) VALUES (7925);
insert into Candidacy (wkid, idno, supportedby) VALUES (242, 7925, 33);
insert into Citizen (idno, title, firstname, lastname, dateofbirth, gender) VALUES (7926, '', 'Veit Erwald', 'Wolpert', '1.1.1960.', 'n');
insert into CandidatesData (idno) VALUES (7926);
insert into Candidacy (wkid, idno, supportedby) VALUES (142, 7926, 4);
insert into Citizen (idno, title, firstname, lastname, dateofbirth, gender) VALUES (7927, '', 'Barbara', 'Woltmann', '1.1.1957.', 'n');
insert into CandidatesData (idno) VALUES (7927);
insert into Landeslistenplatz (llid, idno, position) VALUES (217, 7927, 29);
insert into Citizen (idno, title, firstname, lastname, dateofbirth, gender) VALUES (7928, '', 'Dominik Philipp', 'Wondrousch', '1.1.1980.', 'n');
insert into CandidatesData (idno) VALUES (7928);
insert into Landeslistenplatz (llid, idno, position) VALUES (351, 7928, 7);
insert into Citizen (idno, title, firstname, lastname, dateofbirth, gender) VALUES (7929, '', 'Christina', 'Worm', '1.1.1981.', 'n');
insert into CandidatesData (idno) VALUES (7929);
insert into Candidacy (wkid, idno, supportedby) VALUES (280, 7929, 7);
insert into Landeslistenplatz (llid, idno, position) VALUES (248, 7929, 5);
insert into Citizen (idno, title, firstname, lastname, dateofbirth, gender) VALUES (7930, 'Dr. ', 'Martin', 'Wortmann', '1.1.1954.', 'n');
insert into CandidatesData (idno) VALUES (7930);
insert into Candidacy (wkid, idno, supportedby) VALUES (182, 7930, 4);
insert into Landeslistenplatz (llid, idno, position) VALUES (272, 7930, 36);
insert into Citizen (idno, title, firstname, lastname, dateofbirth, gender) VALUES (7931, '', 'Matthias Frank', 'Wucherer', '1.1.1980.', 'n');
insert into CandidatesData (idno) VALUES (7931);
insert into Landeslistenplatz (llid, idno, position) VALUES (220, 7931, 47);
insert into Citizen (idno, title, firstname, lastname, dateofbirth, gender) VALUES (7932, 'Dr. ', 'Peter Otto', 'Wünsch', '1.1.1942.', 'n');
insert into CandidatesData (idno) VALUES (7932);
insert into Landeslistenplatz (llid, idno, position) VALUES (203, 7932, 20);
insert into Citizen (idno, title, firstname, lastname, dateofbirth, gender) VALUES (7933, '', 'Thomas', 'Wulff', '1.1.1963.', 'n');
insert into CandidatesData (idno) VALUES (7933);
insert into Candidacy (wkid, idno, supportedby) VALUES (46, 7933, 1);
insert into Landeslistenplatz (llid, idno, position) VALUES (212, 7933, 1);
insert into Citizen (idno, title, firstname, lastname, dateofbirth, gender) VALUES (7934, '', 'Jörn Heinz Adolf', 'Wunderlich', '1.1.1960.', 'n');
insert into CandidatesData (idno) VALUES (7934);
insert into Candidacy (wkid, idno, supportedby) VALUES (326, 7934, 3);
insert into Landeslistenplatz (llid, idno, position) VALUES (417, 7934, 6);
insert into Citizen (idno, title, firstname, lastname, dateofbirth, gender) VALUES (7935, '', 'Peter', 'Wunderlich', '1.1.1963.', 'n');
insert into CandidatesData (idno) VALUES (7935);
insert into Landeslistenplatz (llid, idno, position) VALUES (202, 7935, 20);
insert into Citizen (idno, title, firstname, lastname, dateofbirth, gender) VALUES (7936, '', 'Herbert Rudolf', 'Wurster', '1.1.1952.', 'n');
insert into CandidatesData (idno) VALUES (7936);
insert into Landeslistenplatz (llid, idno, position) VALUES (342, 7936, 36);
insert into Citizen (idno, title, firstname, lastname, dateofbirth, gender) VALUES (7937, '', 'Patrick', 'Wybranietz', '1.1.1993.', 'n');
insert into CandidatesData (idno) VALUES (7937);
insert into Candidacy (wkid, idno, supportedby) VALUES (412, 7937, 35);
insert into Citizen (idno, title, firstname, lastname, dateofbirth, gender) VALUES (7938, '', 'Vecih', 'Yasaner', '1.1.1958.', 'n');
insert into CandidatesData (idno) VALUES (7938);
insert into Candidacy (wkid, idno, supportedby) VALUES (370, 7938, 7);
insert into Landeslistenplatz (llid, idno, position) VALUES (287, 7938, 5);
insert into Citizen (idno, title, firstname, lastname, dateofbirth, gender) VALUES (7939, '', 'Haluk', 'Yildiz', '1.1.1968.', 'n');
insert into CandidatesData (idno) VALUES (7939);
insert into Landeslistenplatz (llid, idno, position) VALUES (205, 7939, 1);
insert into Citizen (idno, title, firstname, lastname, dateofbirth, gender) VALUES (7940, '', 'Anne Mirjami', 'Yliniva-Hoffmann', '1.1.1977.', 'n');
insert into CandidatesData (idno) VALUES (7940);
insert into Landeslistenplatz (llid, idno, position) VALUES (250, 7940, 9);
insert into Citizen (idno, title, firstname, lastname, dateofbirth, gender) VALUES (7941, '', 'Gülistan', 'Yüksel', '1.1.1962.', 'n');
insert into CandidatesData (idno) VALUES (7941);
insert into Candidacy (wkid, idno, supportedby) VALUES (218, 7941, 2);
insert into Landeslistenplatz (llid, idno, position) VALUES (246, 7941, 12);
insert into Citizen (idno, title, firstname, lastname, dateofbirth, gender) VALUES (7942, '', 'Benjamin Frank', 'Zabel', '1.1.1987.', 'n');
insert into CandidatesData (idno) VALUES (7942);
insert into Candidacy (wkid, idno, supportedby) VALUES (332, 7942, 2);
insert into Landeslistenplatz (llid, idno, position) VALUES (329, 7942, 9);
insert into Citizen (idno, title, firstname, lastname, dateofbirth, gender) VALUES (7943, '', 'Sebastian Peter', 'Zachow-Vierrath', '1.1.1945.', 'n');
insert into CandidatesData (idno) VALUES (7943);
insert into Candidacy (wkid, idno, supportedby) VALUES (128, 7943, 21);
insert into Citizen (idno, title, firstname, lastname, dateofbirth, gender) VALUES (7944, '', 'Friedrich-Wilhelm', 'Zachraj', '1.1.1947.', 'n');
insert into CandidatesData (idno) VALUES (7944);
insert into Candidacy (wkid, idno, supportedby) VALUES (250, 7944, 3);
insert into Citizen (idno, title, firstname, lastname, dateofbirth, gender) VALUES (7945, '', 'Cornelia', 'Zadrosny', '1.1.1990.', 'n');
insert into CandidatesData (idno) VALUES (7945);
insert into Landeslistenplatz (llid, idno, position) VALUES (228, 7945, 19);
insert into Citizen (idno, title, firstname, lastname, dateofbirth, gender) VALUES (7946, 'Dr. ', 'Paul Helmut August', 'Zagermann', '1.1.1940.', 'n');
insert into CandidatesData (idno) VALUES (7946);
insert into Landeslistenplatz (llid, idno, position) VALUES (409, 7946, 5);
insert into Citizen (idno, title, firstname, lastname, dateofbirth, gender) VALUES (7947, '', 'Petra Inge', 'Zais', '1.1.1957.', 'n');
insert into CandidatesData (idno) VALUES (7947);
insert into Candidacy (wkid, idno, supportedby) VALUES (324, 7947, 5);
insert into Landeslistenplatz (llid, idno, position) VALUES (361, 7947, 3);
insert into Citizen (idno, title, firstname, lastname, dateofbirth, gender) VALUES (7948, '', 'Aiman', 'Zakzak', '1.1.1990.', 'n');
insert into CandidatesData (idno) VALUES (7948);
insert into Landeslistenplatz (llid, idno, position) VALUES (236, 7948, 26);
insert into Citizen (idno, title, firstname, lastname, dateofbirth, gender) VALUES (7949, '', 'Frank Mario', 'Zaleski', '1.1.1954.', 'n');
insert into CandidatesData (idno) VALUES (7949);
insert into Candidacy (wkid, idno, supportedby) VALUES (358, 7949, 33);
insert into Citizen (idno, title, firstname, lastname, dateofbirth, gender) VALUES (7950, '', 'Michael', 'Zalfen', '1.1.1962.', 'n');
insert into CandidatesData (idno) VALUES (7950);
insert into Candidacy (wkid, idno, supportedby) VALUES (200, 7950, 2);
insert into Landeslistenplatz (llid, idno, position) VALUES (246, 7950, 48);
insert into Citizen (idno, title, firstname, lastname, dateofbirth, gender) VALUES (7951, '', 'Ursula Linda', 'Zarniko', '1.1.1984.', 'n');
insert into CandidatesData (idno) VALUES (7951);
insert into Candidacy (wkid, idno, supportedby) VALUES (206, 7951, 5);
insert into Citizen (idno, title, firstname, lastname, dateofbirth, gender) VALUES (7952, '', 'Ronny', 'Zasowk', '1.1.1986.', 'n');
insert into CandidatesData (idno) VALUES (7952);
insert into Candidacy (wkid, idno, supportedby) VALUES (128, 7952, 1);
insert into Landeslistenplatz (llid, idno, position) VALUES (306, 7952, 3);
insert into Citizen (idno, title, firstname, lastname, dateofbirth, gender) VALUES (7953, '', 'Hubertus Josef', 'Zdebel', '1.1.1954.', 'n');
insert into CandidatesData (idno) VALUES (7953);
insert into Candidacy (wkid, idno, supportedby) VALUES (258, 7953, 3);
insert into Landeslistenplatz (llid, idno, position) VALUES (269, 7953, 8);
insert into Citizen (idno, title, firstname, lastname, dateofbirth, gender) VALUES (7954, '', 'Thomas Willi', 'Zebunke', '1.1.1961.', 'n');
insert into CandidatesData (idno) VALUES (7954);
insert into Landeslistenplatz (llid, idno, position) VALUES (318, 7954, 14);
insert into Citizen (idno, title, firstname, lastname, dateofbirth, gender) VALUES (7955, '', 'Tobias', 'Zech', '1.1.1981.', 'n');
insert into CandidatesData (idno) VALUES (7955);
insert into Landeslistenplatz (llid, idno, position) VALUES (220, 7955, 33);
insert into Citizen (idno, title, firstname, lastname, dateofbirth, gender) VALUES (7956, '', 'Jutta Birgit', 'Zedlitz', '1.1.1964.', 'n');
insert into CandidatesData (idno) VALUES (7956);
insert into Candidacy (wkid, idno, supportedby) VALUES (166, 7956, 29);
insert into Citizen (idno, title, firstname, lastname, dateofbirth, gender) VALUES (7957, '', 'Elke Ludgera Renate', 'Zeeb', '1.1.1973.', 'n');
insert into CandidatesData (idno) VALUES (7957);
insert into Candidacy (wkid, idno, supportedby) VALUES (238, 7957, 5);
insert into Citizen (idno, title, firstname, lastname, dateofbirth, gender) VALUES (7958, '', 'Helmar', 'Zeeh', '1.1.1943.', 'n');
insert into CandidatesData (idno) VALUES (7958);
insert into Candidacy (wkid, idno, supportedby) VALUES (352, 7958, 19);
insert into Citizen (idno, title, firstname, lastname, dateofbirth, gender) VALUES (7959, '', 'Matthias', 'Zehe', '1.1.1957.', 'n');
insert into CandidatesData (idno) VALUES (7959);
insert into Candidacy (wkid, idno, supportedby) VALUES (456, 7959, 7);
insert into Citizen (idno, title, firstname, lastname, dateofbirth, gender) VALUES (7960, '', 'Andreas Karl-Heinz', 'Zehnter', '1.1.1963.', 'n');
insert into CandidatesData (idno) VALUES (7960);
insert into Candidacy (wkid, idno, supportedby) VALUES (294, 7960, 32);
insert into Citizen (idno, title, firstname, lastname, dateofbirth, gender) VALUES (7961, '', 'Ralf', 'Zeidler', '1.1.1962.', 'n');
insert into CandidatesData (idno) VALUES (7961);
insert into Candidacy (wkid, idno, supportedby) VALUES (312, 7961, 32);
insert into Landeslistenplatz (llid, idno, position) VALUES (391, 7961, 3);
insert into Citizen (idno, title, firstname, lastname, dateofbirth, gender) VALUES (7962, '', 'Ursula', 'Zeitlmann', '1.1.1969.', 'n');
insert into CandidatesData (idno) VALUES (7962);
insert into Candidacy (wkid, idno, supportedby) VALUES (446, 7962, 5);
insert into Citizen (idno, title, firstname, lastname, dateofbirth, gender) VALUES (7963, 'Dr. ', 'Jens', 'Zeller', '1.1.1944.', 'n');
insert into CandidatesData (idno) VALUES (7963);
insert into Candidacy (wkid, idno, supportedby) VALUES (548, 7963, 33);
insert into Landeslistenplatz (llid, idno, position) VALUES (314, 7963, 11);
insert into Citizen (idno, title, firstname, lastname, dateofbirth, gender) VALUES (7964, '', 'Gabriele', 'Zellmann', '1.1.1961.', 'n');
insert into CandidatesData (idno) VALUES (7964);
insert into Landeslistenplatz (llid, idno, position) VALUES (271, 7964, 7);
insert into Citizen (idno, title, firstname, lastname, dateofbirth, gender) VALUES (7965, '', 'Angela', 'Zellner', '1.1.1960.', 'n');
insert into CandidatesData (idno) VALUES (7965);
insert into Landeslistenplatz (llid, idno, position) VALUES (323, 7965, 3);
insert into Citizen (idno, title, firstname, lastname, dateofbirth, gender) VALUES (7966, '', 'Stefan', 'Zellner', '1.1.1962.', 'n');
insert into CandidatesData (idno) VALUES (7966);
insert into Candidacy (wkid, idno, supportedby) VALUES (456, 7966, 36);
insert into Landeslistenplatz (llid, idno, position) VALUES (295, 7966, 28);
insert into Citizen (idno, title, firstname, lastname, dateofbirth, gender) VALUES (7967, '', 'Hermann Heinrich', 'Zelt', '1.1.1960.', 'n');
insert into CandidatesData (idno) VALUES (7967);
insert into Candidacy (wkid, idno, supportedby) VALUES (514, 7967, 32);
insert into Landeslistenplatz (llid, idno, position) VALUES (206, 7967, 18);
insert into Citizen (idno, title, firstname, lastname, dateofbirth, gender) VALUES (7968, '', 'Andreas Helmut', 'Zemke', '1.1.1969.', 'n');
insert into CandidatesData (idno) VALUES (7968);
insert into Landeslistenplatz (llid, idno, position) VALUES (421, 7968, 1);
insert into Citizen (idno, title, firstname, lastname, dateofbirth, gender) VALUES (7969, '', 'Nadine', 'Zender', '1.1.1986.', 'n');
insert into CandidatesData (idno) VALUES (7969);
insert into Landeslistenplatz (llid, idno, position) VALUES (244, 7969, 27);
insert into Citizen (idno, title, firstname, lastname, dateofbirth, gender) VALUES (7970, '', 'Sebastian', 'Zenk', '1.1.1990.', 'n');
insert into CandidatesData (idno) VALUES (7970);
insert into Landeslistenplatz (llid, idno, position) VALUES (217, 7970, 39);
insert into Citizen (idno, title, firstname, lastname, dateofbirth, gender) VALUES (7971, '', 'Helga', 'Zepp-LaRouche', '1.1.1948.', 'n');
insert into CandidatesData (idno) VALUES (7971);
insert into Candidacy (wkid, idno, supportedby) VALUES (158, 7971, 10);
insert into Landeslistenplatz (llid, idno, position) VALUES (356, 7971, 1);
insert into Citizen (idno, title, firstname, lastname, dateofbirth, gender) VALUES (7972, '', 'Heinrich', 'Zertik', '1.1.1957.', 'n');
insert into CandidatesData (idno) VALUES (7972);
insert into Landeslistenplatz (llid, idno, position) VALUES (310, 7972, 48);
insert into Citizen (idno, title, firstname, lastname, dateofbirth, gender) VALUES (7973, '', 'Olaf Joachim', 'Zeuch', '1.1.1964.', 'n');
insert into CandidatesData (idno) VALUES (7973);
insert into Landeslistenplatz (llid, idno, position) VALUES (386, 7973, 4);
insert into Citizen (idno, title, firstname, lastname, dateofbirth, gender) VALUES (7974, '', 'Emmi', 'Zeulner', '1.1.1987.', 'n');
insert into CandidatesData (idno) VALUES (7974);
insert into Candidacy (wkid, idno, supportedby) VALUES (480, 7974, 9);
insert into Landeslistenplatz (llid, idno, position) VALUES (220, 7974, 21);
insert into Citizen (idno, title, firstname, lastname, dateofbirth, gender) VALUES (7975, '', 'Dagmar', 'Ziegler', '1.1.1960.', 'n');
insert into CandidatesData (idno) VALUES (7975);
insert into Candidacy (wkid, idno, supportedby) VALUES (112, 7975, 2);
insert into Landeslistenplatz (llid, idno, position) VALUES (322, 7975, 2);
insert into Citizen (idno, title, firstname, lastname, dateofbirth, gender) VALUES (7976, '', 'Heinz Kurt', 'Ziegler', '1.1.1953.', 'n');
insert into CandidatesData (idno) VALUES (7976);
insert into Landeslistenplatz (llid, idno, position) VALUES (247, 7976, 14);
insert into Citizen (idno, title, firstname, lastname, dateofbirth, gender) VALUES (7977, '', 'Patrick', 'Ziegler', '1.1.1987.', 'n');
insert into CandidatesData (idno) VALUES (7977);
insert into Landeslistenplatz (llid, idno, position) VALUES (247, 7977, 6);
insert into Citizen (idno, title, firstname, lastname, dateofbirth, gender) VALUES (7978, '', 'Stefan', 'Zierke', '1.1.1970.', 'n');
insert into CandidatesData (idno) VALUES (7978);
insert into Candidacy (wkid, idno, supportedby) VALUES (114, 7978, 2);
insert into Landeslistenplatz (llid, idno, position) VALUES (322, 7978, 5);
insert into Citizen (idno, title, firstname, lastname, dateofbirth, gender) VALUES (7979, '', 'Martin', 'Zieroth', '1.1.1984.', 'n');
insert into CandidatesData (idno) VALUES (7979);
insert into Candidacy (wkid, idno, supportedby) VALUES (194, 7979, 7);
insert into Citizen (idno, title, firstname, lastname, dateofbirth, gender) VALUES (7980, '', 'Stefan', 'Ziller', '1.1.1981.', 'n');
insert into CandidatesData (idno) VALUES (7980);
insert into Candidacy (wkid, idno, supportedby) VALUES (170, 7980, 5);
insert into Landeslistenplatz (llid, idno, position) VALUES (427, 7980, 6);
insert into Citizen (idno, title, firstname, lastname, dateofbirth, gender) VALUES (7981, '', 'Lars', 'Zillger', '1.1.1976.', 'n');
insert into CandidatesData (idno) VALUES (7981);
insert into Candidacy (wkid, idno, supportedby) VALUES (494, 7981, 7);
insert into Landeslistenplatz (llid, idno, position) VALUES (245, 7981, 28);
insert into Citizen (idno, title, firstname, lastname, dateofbirth, gender) VALUES (7982, '', 'Florian', 'Zimmeck', '1.1.1983.', 'n');
insert into CandidatesData (idno) VALUES (7982);
insert into Candidacy (wkid, idno, supportedby) VALUES (76, 7982, 5);
insert into Citizen (idno, title, firstname, lastname, dateofbirth, gender) VALUES (7983, 'Dr. ', 'Bernhard', 'Zimmer', '1.1.1961.', 'n');
insert into CandidatesData (idno) VALUES (7983);
insert into Candidacy (wkid, idno, supportedby) VALUES (450, 7983, 5);
insert into Landeslistenplatz (llid, idno, position) VALUES (238, 7983, 24);
insert into Citizen (idno, title, firstname, lastname, dateofbirth, gender) VALUES (7984, '', 'Jens', 'Zimmer', '1.1.1973.', 'n');
insert into CandidatesData (idno) VALUES (7984);
insert into Landeslistenplatz (llid, idno, position) VALUES (344, 7984, 9);
insert into Citizen (idno, title, firstname, lastname, dateofbirth, gender) VALUES (7985, 'Prof. Dr. ', 'Matthias Rainer', 'Zimmer', '1.1.1961.', 'n');
insert into CandidatesData (idno) VALUES (7985);
insert into Candidacy (wkid, idno, supportedby) VALUES (364, 7985, 12);
insert into Landeslistenplatz (llid, idno, position) VALUES (262, 7985, 17);
insert into Citizen (idno, title, firstname, lastname, dateofbirth, gender) VALUES (7986, '', 'Johannes', 'Zimmerer', '1.1.1980.', 'n');
insert into CandidatesData (idno) VALUES (7986);
insert into Candidacy (wkid, idno, supportedby) VALUES (554, 7986, 36);
insert into Citizen (idno, title, firstname, lastname, dateofbirth, gender) VALUES (7987, '', 'Christoph', 'Zimmermann', '1.1.1993.', 'n');
insert into CandidatesData (idno) VALUES (7987);
insert into Landeslistenplatz (llid, idno, position) VALUES (330, 7987, 11);
insert into Citizen (idno, title, firstname, lastname, dateofbirth, gender) VALUES (7988, 'Dr. ', 'Jens', 'Zimmermann', '1.1.1981.', 'n');
insert into CandidatesData (idno) VALUES (7988);
insert into Candidacy (wkid, idno, supportedby) VALUES (374, 7988, 2);
insert into Landeslistenplatz (llid, idno, position) VALUES (227, 7988, 15);
insert into Citizen (idno, title, firstname, lastname, dateofbirth, gender) VALUES (7989, '', 'Frank', 'Zimmermann', '1.1.1978.', 'n');
insert into CandidatesData (idno) VALUES (7989);
insert into Candidacy (wkid, idno, supportedby) VALUES (426, 7989, 7);
insert into Citizen (idno, title, firstname, lastname, dateofbirth, gender) VALUES (7990, '', 'Karl Theodor', 'Zimmermann', '1.1.1937.', 'n');
insert into CandidatesData (idno) VALUES (7990);
insert into Landeslistenplatz (llid, idno, position) VALUES (338, 7990, 4);
insert into Citizen (idno, title, firstname, lastname, dateofbirth, gender) VALUES (7991, '', 'Lars', 'Zimmermann', '1.1.1974.', 'n');
insert into CandidatesData (idno) VALUES (7991);
insert into Candidacy (wkid, idno, supportedby) VALUES (152, 7991, 12);
insert into Landeslistenplatz (llid, idno, position) VALUES (291, 7991, 9);
insert into Citizen (idno, title, firstname, lastname, dateofbirth, gender) VALUES (7992, '', 'Marko', 'Zimmermann', '1.1.1985.', 'n');
insert into CandidatesData (idno) VALUES (7992);
insert into Landeslistenplatz (llid, idno, position) VALUES (235, 7992, 10);
insert into Citizen (idno, title, firstname, lastname, dateofbirth, gender) VALUES (7993, '', 'Pia-Beate', 'Zimmermann', '1.1.1956.', 'n');
insert into CandidatesData (idno) VALUES (7993);
insert into Candidacy (wkid, idno, supportedby) VALUES (102, 7993, 3);
insert into Landeslistenplatz (llid, idno, position) VALUES (304, 7993, 3);
insert into Citizen (idno, title, firstname, lastname, dateofbirth, gender) VALUES (7994, '', 'Sabine', 'Zimmermann', '1.1.1960.', 'n');
insert into CandidatesData (idno) VALUES (7994);
insert into Candidacy (wkid, idno, supportedby) VALUES (330, 7994, 3);
insert into Landeslistenplatz (llid, idno, position) VALUES (417, 7994, 7);
insert into Citizen (idno, title, firstname, lastname, dateofbirth, gender) VALUES (7995, '', 'Elisabeth Hildegard Angela', 'Zimmermann-Modler', '1.1.1956.', 'n');
insert into CandidatesData (idno) VALUES (7995);
insert into Landeslistenplatz (llid, idno, position) VALUES (407, 7995, 2);
insert into Citizen (idno, title, firstname, lastname, dateofbirth, gender) VALUES (7996, '', 'Uwe Wolfgang', 'Zipfel', '1.1.1965.', 'n');
insert into CandidatesData (idno) VALUES (7996);
insert into Candidacy (wkid, idno, supportedby) VALUES (476, 7996, 32);
insert into Landeslistenplatz (llid, idno, position) VALUES (206, 7996, 25);
insert into Citizen (idno, title, firstname, lastname, dateofbirth, gender) VALUES (7997, '', 'Fritz', 'Zirngibl', '1.1.1954.', 'n');
insert into CandidatesData (idno) VALUES (7997);
insert into Landeslistenplatz (llid, idno, position) VALUES (228, 7997, 4);
insert into Citizen (idno, title, firstname, lastname, dateofbirth, gender) VALUES (7998, '', 'Reinhard Johann', 'Zisler', '1.1.1956.', 'n');
insert into CandidatesData (idno) VALUES (7998);
insert into Candidacy (wkid, idno, supportedby) VALUES (456, 7998, 3);
insert into Citizen (idno, title, firstname, lastname, dateofbirth, gender) VALUES (7999, '', 'Manfred', 'Zöllmer', '1.1.1950.', 'n');
insert into CandidatesData (idno) VALUES (7999);
insert into Candidacy (wkid, idno, supportedby) VALUES (204, 7999, 2);
insert into Landeslistenplatz (llid, idno, position) VALUES (246, 7999, 41);
insert into Citizen (idno, title, firstname, lastname, dateofbirth, gender) VALUES (8000, '', 'Carsten', 'Zoll', '1.1.1967.', 'n');
insert into CandidatesData (idno) VALUES (8000);
insert into Landeslistenplatz (llid, idno, position) VALUES (201, 8000, 33);
insert into Citizen (idno, title, firstname, lastname, dateofbirth, gender) VALUES (8001, '', 'Gudrun Anna Therese', 'Zollner', '1.1.1960.', 'n');
insert into CandidatesData (idno) VALUES (8001);
insert into Landeslistenplatz (llid, idno, position) VALUES (220, 8001, 40);
insert into Citizen (idno, title, firstname, lastname, dateofbirth, gender) VALUES (8002, '', 'Werner', 'Zollt', '1.1.1950.', 'n');
insert into CandidatesData (idno) VALUES (8002);
insert into Landeslistenplatz (llid, idno, position) VALUES (358, 8002, 14);
insert into Citizen (idno, title, firstname, lastname, dateofbirth, gender) VALUES (8003, '', 'Zarah', 'Zorko', '1.1.1979.', 'n');
insert into CandidatesData (idno) VALUES (8003);
insert into Landeslistenplatz (llid, idno, position) VALUES (365, 8003, 5);
insert into Citizen (idno, title, firstname, lastname, dateofbirth, gender) VALUES (8004, '', 'Stefan', 'Zubcic', '1.1.1968.', 'n');
insert into CandidatesData (idno) VALUES (8004);
insert into Candidacy (wkid, idno, supportedby) VALUES (476, 8004, 33);
insert into Landeslistenplatz (llid, idno, position) VALUES (342, 8004, 23);
insert into Citizen (idno, title, firstname, lastname, dateofbirth, gender) VALUES (8005, '', 'Michael', 'Zündorf', '1.1.1981.', 'n');
insert into CandidatesData (idno) VALUES (8005);
insert into Candidacy (wkid, idno, supportedby) VALUES (200, 8005, 1);
insert into Citizen (idno, title, firstname, lastname, dateofbirth, gender) VALUES (8006, '', 'Daniela', 'Zumpf', '1.1.1984.', 'n');
insert into CandidatesData (idno) VALUES (8006);
insert into Landeslistenplatz (llid, idno, position) VALUES (269, 8006, 15);
insert into Citizen (idno, title, firstname, lastname, dateofbirth, gender) VALUES (8007, '', 'Werner', 'Zuse', '1.1.1949.', 'n');
insert into CandidatesData (idno) VALUES (8007);
insert into Candidacy (wkid, idno, supportedby) VALUES (442, 8007, 10);
insert into Landeslistenplatz (llid, idno, position) VALUES (393, 8007, 1);
insert into Citizen (idno, title, firstname, lastname, dateofbirth, gender) VALUES (8008, '', 'Brigitte', 'Zypries', '1.1.1953.', 'n');
insert into CandidatesData (idno) VALUES (8008);
insert into Candidacy (wkid, idno, supportedby) VALUES (372, 8008, 2);
insert into Landeslistenplatz (llid, idno, position) VALUES (227, 8008, 4);
