insert into Citizen (idno, title, firstname, lastname, dateofbirth, gender) VALUES (1, '', 'Aae', 'Per Lennart', '1.1.1940.', 'p');
insert into CandidatesData (idno) VALUES (1);
insert into PartyMembership (pid, idno) VALUES (1, 1);
insert into Candidacy (wkid, idno) VALUES (457, 1);
insert into Citizen (idno, title, firstname, lastname, dateofbirth, gender) VALUES (2, '', 'Abele', 'Sebastian Tobias', '1.1.1987.', 'p');
insert into CandidatesData (idno) VALUES (2);
insert into PartyMembership (pid, idno) VALUES (2, 2);
insert into LandesListe (llid, year, pid, fsid) VALUES (1, 2009, 2, 4);
insert into Landeslistenplatz (llid, idno, position) VALUES (1, 2, 50);
insert into Citizen (idno, title, firstname, lastname, dateofbirth, gender) VALUES (3, '', 'Abolhassanzadeh Talischi', 'Roya', '1.1.1959.', 'p');
insert into CandidatesData (idno) VALUES (3);
insert into PartyMembership (pid, idno) VALUES (3, 3);
insert into LandesListe (llid, year, pid, fsid) VALUES (2, 2009, 3, 4);
insert into Landeslistenplatz (llid, idno, position) VALUES (2, 3, 30);
insert into Citizen (idno, title, firstname, lastname, dateofbirth, gender) VALUES (4, '', 'Acker', 'Klaus', '1.1.1958.', 'p');
insert into CandidatesData (idno) VALUES (4);
insert into PartyMembership (pid, idno) VALUES (1, 4);
insert into LandesListe (llid, year, pid, fsid) VALUES (3, 2009, 1, 4);
insert into Landeslistenplatz (llid, idno, position) VALUES (3, 4, 10);
insert into Citizen (idno, title, firstname, lastname, dateofbirth, gender) VALUES (5, '', 'Acker', 'Reinmund', '1.1.1949.', 'p');
insert into CandidatesData (idno) VALUES (5);
insert into Candidacy (wkid, idno) VALUES (515, 5);
insert into Citizen (idno, title, firstname, lastname, dateofbirth, gender) VALUES (6, '', 'Ackermann', 'Jens', '1.1.1975.', 'p');
insert into CandidatesData (idno) VALUES (6);
insert into PartyMembership (pid, idno) VALUES (4, 6);
insert into Candidacy (wkid, idno) VALUES (367, 6);
insert into LandesListe (llid, year, pid, fsid) VALUES (4, 2009, 4, 4);
insert into Landeslistenplatz (llid, idno, position) VALUES (4, 6, 2);
insert into Citizen (idno, title, firstname, lastname, dateofbirth, gender) VALUES (7, '', 'Ackermann', 'Dr. Lothar Matthias', '1.1.1953.', 'p');
insert into CandidatesData (idno) VALUES (7);
insert into PartyMembership (pid, idno) VALUES (4, 7);
insert into Landeslistenplatz (llid, idno, position) VALUES (4, 7, 31);
insert into Citizen (idno, title, firstname, lastname, dateofbirth, gender) VALUES (8, '', 'Adam', 'Michael', '1.1.1984.', 'p');
insert into CandidatesData (idno) VALUES (8);
insert into PartyMembership (pid, idno) VALUES (2, 8);
insert into Candidacy (wkid, idno) VALUES (530, 8);
insert into Landeslistenplatz (llid, idno, position) VALUES (1, 8, 43);
insert into Citizen (idno, title, firstname, lastname, dateofbirth, gender) VALUES (9, '', 'Adler', 'Beate', '1.1.1960.', 'p');
insert into CandidatesData (idno) VALUES (9);
insert into PartyMembership (pid, idno) VALUES (5, 9);
insert into Candidacy (wkid, idno) VALUES (329, 9);
insert into LandesListe (llid, year, pid, fsid) VALUES (5, 2009, 5, 4);
insert into Landeslistenplatz (llid, idno, position) VALUES (5, 9, 11);
insert into Citizen (idno, title, firstname, lastname, dateofbirth, gender) VALUES (10, '', 'Adomeit', 'Michael Harald', '1.1.1957.', 'p');
insert into CandidatesData (idno) VALUES (10);
insert into Candidacy (wkid, idno) VALUES (314, 10);
insert into Citizen (idno, title, firstname, lastname, dateofbirth, gender) VALUES (11, '', 'Aengenvoort', 'Manfred August', '1.1.1944.', 'p');
insert into CandidatesData (idno) VALUES (11);
insert into PartyMembership (pid, idno) VALUES (1, 11);
insert into Landeslistenplatz (llid, idno, position) VALUES (3, 11, 15);
insert into Citizen (idno, title, firstname, lastname, dateofbirth, gender) VALUES (12, '', 'Ahlers', 'Werner', '1.1.1939.', 'p');
insert into CandidatesData (idno) VALUES (12);
insert into PartyMembership (pid, idno) VALUES (6, 12);
insert into LandesListe (llid, year, pid, fsid) VALUES (6, 2009, 6, 4);
insert into Landeslistenplatz (llid, idno, position) VALUES (6, 12, 13);
insert into Citizen (idno, title, firstname, lastname, dateofbirth, gender) VALUES (13, '', 'Ahlgrimm', 'Jonas', '1.1.1986.', 'p');
insert into CandidatesData (idno) VALUES (13);
insert into PartyMembership (pid, idno) VALUES (3, 13);
insert into Candidacy (wkid, idno) VALUES (473, 13);
insert into Citizen (idno, title, firstname, lastname, dateofbirth, gender) VALUES (14, '', 'Ahr-Wiehe', 'Kornelia', '1.1.1964.', 'p');
insert into CandidatesData (idno) VALUES (14);
insert into PartyMembership (pid, idno) VALUES (4, 14);
insert into Landeslistenplatz (llid, idno, position) VALUES (4, 14, 38);
insert into Citizen (idno, title, firstname, lastname, dateofbirth, gender) VALUES (15, '', 'Ahrendt', 'Christian', '1.1.1963.', 'p');
insert into CandidatesData (idno) VALUES (15);
insert into PartyMembership (pid, idno) VALUES (4, 15);
insert into Candidacy (wkid, idno) VALUES (312, 15);
insert into Landeslistenplatz (llid, idno, position) VALUES (4, 15, 1);
insert into Citizen (idno, title, firstname, lastname, dateofbirth, gender) VALUES (16, '', 'Ahrens', 'Dirk', '1.1.1977.', 'p');
insert into CandidatesData (idno) VALUES (16);
insert into PartyMembership (pid, idno) VALUES (7, 16);
insert into LandesListe (llid, year, pid, fsid) VALUES (7, 2009, 7, 4);
insert into Landeslistenplatz (llid, idno, position) VALUES (7, 16, 3);
insert into Citizen (idno, title, firstname, lastname, dateofbirth, gender) VALUES (17, '', 'Aigner', 'Alois', '1.1.1962.', 'p');
insert into CandidatesData (idno) VALUES (17);
insert into PartyMembership (pid, idno) VALUES (8, 17);
insert into Candidacy (wkid, idno) VALUES (529, 17);
insert into LandesListe (llid, year, pid, fsid) VALUES (8, 2009, 8, 4);
insert into Landeslistenplatz (llid, idno, position) VALUES (8, 17, 33);
insert into Citizen (idno, title, firstname, lastname, dateofbirth, gender) VALUES (18, '', 'Aigner', 'Ilse', '1.1.1964.', 'p');
insert into CandidatesData (idno) VALUES (18);
insert into PartyMembership (pid, idno) VALUES (9, 18);
insert into Candidacy (wkid, idno) VALUES (523, 18);
insert into LandesListe (llid, year, pid, fsid) VALUES (9, 2009, 9, 4);
insert into Landeslistenplatz (llid, idno, position) VALUES (9, 18, 4);
insert into Citizen (idno, title, firstname, lastname, dateofbirth, gender) VALUES (19, '', 'Aita', 'Pasquale', '1.1.1974.', 'p');
insert into CandidatesData (idno) VALUES (19);
insert into Candidacy (wkid, idno) VALUES (483, 19);
insert into Citizen (idno, title, firstname, lastname, dateofbirth, gender) VALUES (20, '', 'Aken van', 'Jan', '1.1.1961.', 'p');
insert into CandidatesData (idno) VALUES (20);
insert into PartyMembership (pid, idno) VALUES (3, 20);
insert into Landeslistenplatz (llid, idno, position) VALUES (2, 20, 1);
insert into Citizen (idno, title, firstname, lastname, dateofbirth, gender) VALUES (21, '', 'Akgün', 'Dr. Lale', '1.1.1953.', 'p');
insert into CandidatesData (idno) VALUES (21);
insert into PartyMembership (pid, idno) VALUES (2, 21);
insert into Candidacy (wkid, idno) VALUES (394, 21);
insert into Landeslistenplatz (llid, idno, position) VALUES (1, 21, 29);
insert into Citizen (idno, title, firstname, lastname, dateofbirth, gender) VALUES (22, '', 'Albanesi', 'Stefan', '1.1.1972.', 'p');
insert into CandidatesData (idno) VALUES (22);
insert into PartyMembership (pid, idno) VALUES (3, 22);
insert into Candidacy (wkid, idno) VALUES (555, 22);
insert into Citizen (idno, title, firstname, lastname, dateofbirth, gender) VALUES (23, '', 'Albertsen', 'Sönke', '1.1.1960.', 'p');
insert into CandidatesData (idno) VALUES (23);
insert into Candidacy (wkid, idno) VALUES (301, 23);
insert into Citizen (idno, title, firstname, lastname, dateofbirth, gender) VALUES (24, '', 'Albrecht', 'Frank', '1.1.1967.', 'p');
insert into CandidatesData (idno) VALUES (24);
insert into PartyMembership (pid, idno) VALUES (4, 24);
insert into Candidacy (wkid, idno) VALUES (415, 24);
insert into Landeslistenplatz (llid, idno, position) VALUES (4, 24, 43);
insert into Citizen (idno, title, firstname, lastname, dateofbirth, gender) VALUES (25, '', 'Albrecht', 'Klaus', '1.1.1948.', 'p');
insert into CandidatesData (idno) VALUES (25);
insert into PartyMembership (pid, idno) VALUES (3, 25);
insert into Candidacy (wkid, idno) VALUES (467, 25);
insert into Citizen (idno, title, firstname, lastname, dateofbirth, gender) VALUES (26, '', 'Albrecht', 'Richard Hermann', '1.1.1963.', 'p');
insert into CandidatesData (idno) VALUES (26);
insert into PartyMembership (pid, idno) VALUES (10, 26);
insert into LandesListe (llid, year, pid, fsid) VALUES (10, 2009, 10, 4);
insert into Landeslistenplatz (llid, idno, position) VALUES (10, 26, 14);
insert into Citizen (idno, title, firstname, lastname, dateofbirth, gender) VALUES (27, '', 'Aldag', 'Wilfried', '1.1.1952.', 'p');
insert into CandidatesData (idno) VALUES (27);
insert into PartyMembership (pid, idno) VALUES (1, 27);
insert into Candidacy (wkid, idno) VALUES (342, 27);
insert into Citizen (idno, title, firstname, lastname, dateofbirth, gender) VALUES (28, '', 'Allenstein', 'Michael', '1.1.1963.', 'p');
insert into CandidatesData (idno) VALUES (28);
insert into PartyMembership (pid, idno) VALUES (11, 28);
insert into LandesListe (llid, year, pid, fsid) VALUES (11, 2009, 11, 4);
insert into Landeslistenplatz (llid, idno, position) VALUES (11, 28, 3);
insert into Citizen (idno, title, firstname, lastname, dateofbirth, gender) VALUES (29, '', 'Alpers', 'Agnes', '1.1.1961.', 'p');
insert into CandidatesData (idno) VALUES (29);
insert into PartyMembership (pid, idno) VALUES (3, 29);
insert into Landeslistenplatz (llid, idno, position) VALUES (2, 29, 1);
insert into Citizen (idno, title, firstname, lastname, dateofbirth, gender) VALUES (30, '', 'Altmaier', 'Peter', '1.1.1958.', 'p');
insert into CandidatesData (idno) VALUES (30);
insert into PartyMembership (pid, idno) VALUES (12, 30);
insert into Candidacy (wkid, idno) VALUES (596, 30);
insert into LandesListe (llid, year, pid, fsid) VALUES (12, 2009, 12, 4);
insert into Landeslistenplatz (llid, idno, position) VALUES (12, 30, 1);
insert into Citizen (idno, title, firstname, lastname, dateofbirth, gender) VALUES (31, '', 'Altmayer', 'Fernande', '1.1.1961.', 'p');
insert into CandidatesData (idno) VALUES (31);
insert into PartyMembership (pid, idno) VALUES (4, 31);
insert into Landeslistenplatz (llid, idno, position) VALUES (4, 31, 7);
insert into Citizen (idno, title, firstname, lastname, dateofbirth, gender) VALUES (32, '', 'Amann', 'Gregor', '1.1.1962.', 'p');
insert into CandidatesData (idno) VALUES (32);
insert into PartyMembership (pid, idno) VALUES (2, 32);
insert into Candidacy (wkid, idno) VALUES (481, 32);
insert into Landeslistenplatz (llid, idno, position) VALUES (1, 32, 13);
insert into Citizen (idno, title, firstname, lastname, dateofbirth, gender) VALUES (33, '', 'Ambrosius', 'Gerhard', '1.1.1940.', 'p');
insert into CandidatesData (idno) VALUES (33);
insert into PartyMembership (pid, idno) VALUES (1, 33);
insert into Landeslistenplatz (llid, idno, position) VALUES (3, 33, 2);
insert into Citizen (idno, title, firstname, lastname, dateofbirth, gender) VALUES (34, '', 'Andreae', 'Kerstin', '1.1.1968.', 'p');
insert into CandidatesData (idno) VALUES (34);
insert into PartyMembership (pid, idno) VALUES (5, 34);
insert into Candidacy (wkid, idno) VALUES (580, 34);
insert into Landeslistenplatz (llid, idno, position) VALUES (5, 34, 1);
insert into Citizen (idno, title, firstname, lastname, dateofbirth, gender) VALUES (35, '', 'Andrejewski', 'Michael', '1.1.1959.', 'p');
insert into CandidatesData (idno) VALUES (35);
insert into PartyMembership (pid, idno) VALUES (1, 35);
insert into Candidacy (wkid, idno) VALUES (315, 35);
insert into Citizen (idno, title, firstname, lastname, dateofbirth, gender) VALUES (36, '', 'Andresen', 'Volker', '1.1.1945.', 'p');
insert into CandidatesData (idno) VALUES (36);
insert into PartyMembership (pid, idno) VALUES (2, 36);
insert into Landeslistenplatz (llid, idno, position) VALUES (1, 36, 22);
insert into Citizen (idno, title, firstname, lastname, dateofbirth, gender) VALUES (37, '', 'Andromidas', 'Andrea', '1.1.1949.', 'p');
insert into CandidatesData (idno) VALUES (37);
insert into PartyMembership (pid, idno) VALUES (10, 37);
insert into Landeslistenplatz (llid, idno, position) VALUES (10, 37, 8);
insert into Citizen (idno, title, firstname, lastname, dateofbirth, gender) VALUES (38, '', 'Angne', 'Christian', '1.1.1945.', 'p');
insert into CandidatesData (idno) VALUES (38);
insert into PartyMembership (pid, idno) VALUES (4, 38);
insert into Landeslistenplatz (llid, idno, position) VALUES (4, 38, 21);
insert into Citizen (idno, title, firstname, lastname, dateofbirth, gender) VALUES (39, '', 'Anslinger', 'Winfried', '1.1.1951.', 'p');
insert into CandidatesData (idno) VALUES (39);
insert into PartyMembership (pid, idno) VALUES (5, 39);
insert into Candidacy (wkid, idno) VALUES (598, 39);
insert into Landeslistenplatz (llid, idno, position) VALUES (5, 39, 5);
insert into Citizen (idno, title, firstname, lastname, dateofbirth, gender) VALUES (40, '', 'Ansorge', 'Daniel Richard', '1.1.1988.', 'p');
insert into CandidatesData (idno) VALUES (40);
insert into PartyMembership (pid, idno) VALUES (8, 40);
insert into Candidacy (wkid, idno) VALUES (556, 40);
insert into Landeslistenplatz (llid, idno, position) VALUES (8, 40, 13);
insert into Citizen (idno, title, firstname, lastname, dateofbirth, gender) VALUES (41, '', 'Anspach-Papa', 'Kornelia', '1.1.1961.', 'p');
insert into CandidatesData (idno) VALUES (41);
insert into PartyMembership (pid, idno) VALUES (12, 41);
insert into Landeslistenplatz (llid, idno, position) VALUES (12, 41, 9);
insert into Citizen (idno, title, firstname, lastname, dateofbirth, gender) VALUES (42, '', 'Aparicio de Eckelmann', 'Marta', '1.1.1952.', 'p');
insert into CandidatesData (idno) VALUES (42);
insert into PartyMembership (pid, idno) VALUES (3, 42);
insert into Candidacy (wkid, idno) VALUES (557, 42);
insert into Landeslistenplatz (llid, idno, position) VALUES (2, 42, 7);
insert into Citizen (idno, title, firstname, lastname, dateofbirth, gender) VALUES (43, '', 'Apel', 'Rainer', '1.1.1948.', 'p');
insert into CandidatesData (idno) VALUES (43);
insert into PartyMembership (pid, idno) VALUES (10, 43);
insert into Candidacy (wkid, idno) VALUES (481, 43);
insert into Landeslistenplatz (llid, idno, position) VALUES (10, 43, 10);
insert into Citizen (idno, title, firstname, lastname, dateofbirth, gender) VALUES (44, '', 'Appel', 'Detlef', '1.1.1955.', 'p');
insert into CandidatesData (idno) VALUES (44);
insert into PartyMembership (pid, idno) VALUES (1, 44);
insert into Landeslistenplatz (llid, idno, position) VALUES (3, 44, 8);
insert into Citizen (idno, title, firstname, lastname, dateofbirth, gender) VALUES (45, '', 'Appelt', 'Johannes Peter', '1.1.1943.', 'p');
insert into CandidatesData (idno) VALUES (45);
insert into PartyMembership (pid, idno) VALUES (10, 45);
insert into Landeslistenplatz (llid, idno, position) VALUES (10, 45, 15);
insert into Citizen (idno, title, firstname, lastname, dateofbirth, gender) VALUES (46, '', 'Appelt', 'Ron', '1.1.1988.', 'p');
insert into CandidatesData (idno) VALUES (46);
insert into PartyMembership (pid, idno) VALUES (1, 46);
insert into Candidacy (wkid, idno) VALUES (523, 46);
insert into Citizen (idno, title, firstname, lastname, dateofbirth, gender) VALUES (47, '', 'Appenrodt', 'Corinna', '1.1.1974.', 'p');
insert into CandidatesData (idno) VALUES (47);
insert into PartyMembership (pid, idno) VALUES (2, 47);
insert into Landeslistenplatz (llid, idno, position) VALUES (1, 47, 9);
insert into Citizen (idno, title, firstname, lastname, dateofbirth, gender) VALUES (48, '', 'Araz', 'Feryal', '1.1.1985.', 'p');
insert into CandidatesData (idno) VALUES (48);
insert into PartyMembership (pid, idno) VALUES (13, 48);
insert into LandesListe (llid, year, pid, fsid) VALUES (13, 2009, 13, 4);
insert into Landeslistenplatz (llid, idno, position) VALUES (13, 48, 7);
insert into Citizen (idno, title, firstname, lastname, dateofbirth, gender) VALUES (49, '', 'Arendt', 'Dirk', '1.1.1976.', 'p');
insert into CandidatesData (idno) VALUES (49);
insert into PartyMembership (pid, idno) VALUES (1, 49);
insert into Landeslistenplatz (llid, idno, position) VALUES (3, 49, 5);
insert into Citizen (idno, title, firstname, lastname, dateofbirth, gender) VALUES (50, '', 'Armstroff', 'Dörthe', '1.1.1958.', 'p');
insert into CandidatesData (idno) VALUES (50);
insert into PartyMembership (pid, idno) VALUES (1, 50);
insert into Candidacy (wkid, idno) VALUES (508, 50);
insert into Landeslistenplatz (llid, idno, position) VALUES (3, 50, 1);
insert into Citizen (idno, title, firstname, lastname, dateofbirth, gender) VALUES (51, '', 'Arndt', 'Holger-Michael', '1.1.1971.', 'p');
insert into CandidatesData (idno) VALUES (51);
insert into PartyMembership (pid, idno) VALUES (5, 51);
insert into Candidacy (wkid, idno) VALUES (407, 51);
insert into Citizen (idno, title, firstname, lastname, dateofbirth, gender) VALUES (52, '', 'Arndt-Brauer', 'Ingrid', '1.1.1961.', 'p');
insert into CandidatesData (idno) VALUES (52);
insert into PartyMembership (pid, idno) VALUES (2, 52);
insert into Candidacy (wkid, idno) VALUES (424, 52);
insert into Landeslistenplatz (llid, idno, position) VALUES (1, 52, 10);
insert into Citizen (idno, title, firstname, lastname, dateofbirth, gender) VALUES (53, '', 'Arnold', 'Karin', '1.1.1947.', 'p');
insert into CandidatesData (idno) VALUES (53);
insert into PartyMembership (pid, idno) VALUES (14, 53);
insert into Candidacy (wkid, idno) VALUES (545, 53);
insert into Citizen (idno, title, firstname, lastname, dateofbirth, gender) VALUES (54, '', 'Arnold', 'Ludger', '1.1.1954.', 'p');
insert into CandidatesData (idno) VALUES (54);
insert into PartyMembership (pid, idno) VALUES (2, 54);
insert into Landeslistenplatz (llid, idno, position) VALUES (1, 54, 42);
insert into Citizen (idno, title, firstname, lastname, dateofbirth, gender) VALUES (55, '', 'Arnold', 'Rainer', '1.1.1950.', 'p');
insert into CandidatesData (idno) VALUES (55);
insert into PartyMembership (pid, idno) VALUES (2, 55);
insert into Candidacy (wkid, idno) VALUES (561, 55);
insert into Landeslistenplatz (llid, idno, position) VALUES (1, 55, 10);
insert into Citizen (idno, title, firstname, lastname, dateofbirth, gender) VALUES (56, '', 'Artmeyer', 'Ludwig', '1.1.1965.', 'p');
insert into CandidatesData (idno) VALUES (56);
insert into PartyMembership (pid, idno) VALUES (5, 56);
insert into Candidacy (wkid, idno) VALUES (426, 56);
insert into Citizen (idno, title, firstname, lastname, dateofbirth, gender) VALUES (57, '', 'Aschenberg-Dugnus', 'Christine', '1.1.1959.', 'p');
insert into CandidatesData (idno) VALUES (57);
insert into PartyMembership (pid, idno) VALUES (4, 57);
insert into Candidacy (wkid, idno) VALUES (303, 57);
insert into Landeslistenplatz (llid, idno, position) VALUES (4, 57, 4);
insert into Citizen (idno, title, firstname, lastname, dateofbirth, gender) VALUES (58, '', 'Aßmann', 'Helma', '1.1.1939.', 'p');
insert into CandidatesData (idno) VALUES (58);
insert into PartyMembership (pid, idno) VALUES (10, 58);
insert into Landeslistenplatz (llid, idno, position) VALUES (10, 58, 3);
insert into Citizen (idno, title, firstname, lastname, dateofbirth, gender) VALUES (59, '', 'Atan', 'Ferit', '1.1.1955.', 'p');
insert into CandidatesData (idno) VALUES (59);
insert into PartyMembership (pid, idno) VALUES (13, 59);
insert into Landeslistenplatz (llid, idno, position) VALUES (13, 59, 5);
insert into Citizen (idno, title, firstname, lastname, dateofbirth, gender) VALUES (60, '', 'Auernhammer', 'Artur Friedrich', '1.1.1963.', 'p');
insert into CandidatesData (idno) VALUES (60);
insert into PartyMembership (pid, idno) VALUES (9, 60);
insert into Landeslistenplatz (llid, idno, position) VALUES (9, 60, 31);
insert into Citizen (idno, title, firstname, lastname, dateofbirth, gender) VALUES (61, '', 'August', 'Elisabeth', '1.1.1950.', 'p');
insert into CandidatesData (idno) VALUES (61);
insert into PartyMembership (pid, idno) VALUES (3, 61);
insert into Landeslistenplatz (llid, idno, position) VALUES (2, 61, 21);
insert into Citizen (idno, title, firstname, lastname, dateofbirth, gender) VALUES (62, '', 'Augustin', 'Andreas', '1.1.1979.', 'p');
insert into CandidatesData (idno) VALUES (62);
insert into PartyMembership (pid, idno) VALUES (7, 62);
insert into Landeslistenplatz (llid, idno, position) VALUES (7, 62, 7);
insert into Citizen (idno, title, firstname, lastname, dateofbirth, gender) VALUES (63, '', 'Aulenbacher', 'Reiner', '1.1.1957.', 'p');
insert into CandidatesData (idno) VALUES (63);
insert into PartyMembership (pid, idno) VALUES (13, 63);
insert into Candidacy (wkid, idno) VALUES (595, 63);
insert into Landeslistenplatz (llid, idno, position) VALUES (13, 63, 1);
insert into Citizen (idno, title, firstname, lastname, dateofbirth, gender) VALUES (64, '', 'Aulila', 'Martin', '1.1.1954.', 'p');
insert into CandidatesData (idno) VALUES (64);
insert into PartyMembership (pid, idno) VALUES (15, 64);
insert into LandesListe (llid, year, pid, fsid) VALUES (14, 2009, 15, 4);
insert into Landeslistenplatz (llid, idno, position) VALUES (14, 64, 12);
insert into Citizen (idno, title, firstname, lastname, dateofbirth, gender) VALUES (65, '', 'Aumer', 'Peter', '1.1.1976.', 'p');
insert into CandidatesData (idno) VALUES (65);
insert into PartyMembership (pid, idno) VALUES (9, 65);
insert into Candidacy (wkid, idno) VALUES (532, 65);
insert into Citizen (idno, title, firstname, lastname, dateofbirth, gender) VALUES (66, '', 'Aydin', 'Hüseyin Kenan', '1.1.1962.', 'p');
insert into CandidatesData (idno) VALUES (66);
insert into PartyMembership (pid, idno) VALUES (3, 66);
insert into Candidacy (wkid, idno) VALUES (416, 66);
insert into Citizen (idno, title, firstname, lastname, dateofbirth, gender) VALUES (67, '', 'Azima', 'Armin', '1.1.1977.', 'p');
insert into CandidatesData (idno) VALUES (67);
insert into PartyMembership (pid, idno) VALUES (10, 67);
insert into Candidacy (wkid, idno) VALUES (319, 67);
insert into Citizen (idno, title, firstname, lastname, dateofbirth, gender) VALUES (68, '', 'Baade', 'Klaus Hermann', '1.1.1936.', 'p');
insert into CandidatesData (idno) VALUES (68);
insert into PartyMembership (pid, idno) VALUES (1, 68);
insert into Candidacy (wkid, idno) VALUES (354, 68);
insert into Landeslistenplatz (llid, idno, position) VALUES (3, 68, 2);
insert into Citizen (idno, title, firstname, lastname, dateofbirth, gender) VALUES (69, '', 'Babic', 'Safet', '1.1.1981.', 'p');
insert into CandidatesData (idno) VALUES (69);
insert into PartyMembership (pid, idno) VALUES (1, 69);
insert into Candidacy (wkid, idno) VALUES (503, 69);
insert into Landeslistenplatz (llid, idno, position) VALUES (3, 69, 2);
insert into Citizen (idno, title, firstname, lastname, dateofbirth, gender) VALUES (70, '', 'Bach', 'Thomas', '1.1.1961.', 'p');
insert into CandidatesData (idno) VALUES (70);
insert into PartyMembership (pid, idno) VALUES (12, 70);
insert into Landeslistenplatz (llid, idno, position) VALUES (12, 70, 24);
insert into Citizen (idno, title, firstname, lastname, dateofbirth, gender) VALUES (71, '', 'Bachmann', 'Iris', '1.1.1947.', 'p');
insert into CandidatesData (idno) VALUES (71);
insert into PartyMembership (pid, idno) VALUES (5, 71);
insert into Landeslistenplatz (llid, idno, position) VALUES (5, 71, 17);
insert into Citizen (idno, title, firstname, lastname, dateofbirth, gender) VALUES (72, '', 'Bacholke', 'Sabrina', '1.1.1981.', 'p');
insert into CandidatesData (idno) VALUES (72);
insert into PartyMembership (pid, idno) VALUES (16, 72);
insert into LandesListe (llid, year, pid, fsid) VALUES (15, 2009, 16, 4);
insert into Landeslistenplatz (llid, idno, position) VALUES (15, 72, 4);
insert into Citizen (idno, title, firstname, lastname, dateofbirth, gender) VALUES (73, '', 'Backes', 'Veronika', '1.1.1956.', 'p');
insert into CandidatesData (idno) VALUES (73);
insert into PartyMembership (pid, idno) VALUES (12, 73);
insert into Landeslistenplatz (llid, idno, position) VALUES (12, 73, 36);
insert into Citizen (idno, title, firstname, lastname, dateofbirth, gender) VALUES (74, '', 'Bader', 'Jürgen', '1.1.1960.', 'p');
insert into CandidatesData (idno) VALUES (74);
insert into PartyMembership (pid, idno) VALUES (13, 74);
insert into Candidacy (wkid, idno) VALUES (319, 74);
insert into Landeslistenplatz (llid, idno, position) VALUES (13, 74, 2);
insert into Citizen (idno, title, firstname, lastname, dateofbirth, gender) VALUES (75, '', 'Badum', 'Lisa', '1.1.1983.', 'p');
insert into CandidatesData (idno) VALUES (75);
insert into PartyMembership (pid, idno) VALUES (5, 75);
insert into Candidacy (wkid, idno) VALUES (535, 75);
insert into Landeslistenplatz (llid, idno, position) VALUES (5, 75, 15);
insert into Citizen (idno, title, firstname, lastname, dateofbirth, gender) VALUES (76, '', 'Baecker', 'Dietrich Karl Ernst', '1.1.1937.', 'p');
insert into CandidatesData (idno) VALUES (76);
insert into PartyMembership (pid, idno) VALUES (17, 76);
insert into LandesListe (llid, year, pid, fsid) VALUES (16, 2009, 17, 4);
insert into Landeslistenplatz (llid, idno, position) VALUES (16, 76, 1);
insert into Citizen (idno, title, firstname, lastname, dateofbirth, gender) VALUES (77, '', 'Bähr', 'Manfred', '1.1.1959.', 'p');
insert into CandidatesData (idno) VALUES (77);
insert into PartyMembership (pid, idno) VALUES (4, 77);
insert into Candidacy (wkid, idno) VALUES (370, 77);
insert into Landeslistenplatz (llid, idno, position) VALUES (4, 77, 3);
insert into Citizen (idno, title, firstname, lastname, dateofbirth, gender) VALUES (78, '', 'Bänsch', 'Knut', '1.1.1961.', 'p');
insert into CandidatesData (idno) VALUES (78);
insert into PartyMembership (pid, idno) VALUES (7, 78);
insert into Landeslistenplatz (llid, idno, position) VALUES (7, 78, 8);
insert into Citizen (idno, title, firstname, lastname, dateofbirth, gender) VALUES (79, '', 'Bär', 'Dorothee', '1.1.1978.', 'p');
insert into CandidatesData (idno) VALUES (79);
insert into PartyMembership (pid, idno) VALUES (9, 79);
insert into Candidacy (wkid, idno) VALUES (547, 79);
insert into Landeslistenplatz (llid, idno, position) VALUES (9, 79, 7);
insert into Citizen (idno, title, firstname, lastname, dateofbirth, gender) VALUES (80, '', 'Bär', 'Karl', '1.1.1985.', 'p');
insert into CandidatesData (idno) VALUES (80);
insert into PartyMembership (pid, idno) VALUES (5, 80);
insert into Candidacy (wkid, idno) VALUES (523, 80);
insert into Landeslistenplatz (llid, idno, position) VALUES (5, 80, 12);
insert into Citizen (idno, title, firstname, lastname, dateofbirth, gender) VALUES (81, '', 'Baer', 'Peter', '1.1.1934.', 'p');
insert into CandidatesData (idno) VALUES (81);
insert into Candidacy (wkid, idno) VALUES (591, 81);
insert into Citizen (idno, title, firstname, lastname, dateofbirth, gender) VALUES (82, '', 'Baerbock', 'Annalena', '1.1.1980.', 'p');
insert into CandidatesData (idno) VALUES (82);
insert into PartyMembership (pid, idno) VALUES (5, 82);
insert into Candidacy (wkid, idno) VALUES (363, 82);
insert into Landeslistenplatz (llid, idno, position) VALUES (5, 82, 3);
insert into Citizen (idno, title, firstname, lastname, dateofbirth, gender) VALUES (83, '', 'Bätzing', 'Sabine', '1.1.1975.', 'p');
insert into CandidatesData (idno) VALUES (83);
insert into PartyMembership (pid, idno) VALUES (2, 83);
insert into Candidacy (wkid, idno) VALUES (497, 83);
insert into Landeslistenplatz (llid, idno, position) VALUES (1, 83, 6);
insert into Citizen (idno, title, firstname, lastname, dateofbirth, gender) VALUES (84, '', 'Bäuerle', 'Peter', '1.1.1951.', 'p');
insert into CandidatesData (idno) VALUES (84);
insert into PartyMembership (pid, idno) VALUES (13, 84);
insert into Candidacy (wkid, idno) VALUES (559, 84);
insert into Landeslistenplatz (llid, idno, position) VALUES (13, 84, 7);
insert into Citizen (idno, title, firstname, lastname, dateofbirth, gender) VALUES (85, '', 'Bäumler', 'Werner', '1.1.1952.', 'p');
insert into CandidatesData (idno) VALUES (85);
insert into PartyMembership (pid, idno) VALUES (3, 85);
insert into Candidacy (wkid, idno) VALUES (525, 85);
insert into Citizen (idno, title, firstname, lastname, dateofbirth, gender) VALUES (86, '', 'Bahr', 'Daniel', '1.1.1976.', 'p');
insert into CandidatesData (idno) VALUES (86);
insert into PartyMembership (pid, idno) VALUES (4, 86);
insert into Candidacy (wkid, idno) VALUES (429, 86);
insert into Landeslistenplatz (llid, idno, position) VALUES (4, 86, 8);
insert into Citizen (idno, title, firstname, lastname, dateofbirth, gender) VALUES (87, '', 'Bailey', 'Gabriele', '1.1.1958.', 'p');
insert into CandidatesData (idno) VALUES (87);
insert into PartyMembership (pid, idno) VALUES (5, 87);
insert into Candidacy (wkid, idno) VALUES (411, 87);
insert into Citizen (idno, title, firstname, lastname, dateofbirth, gender) VALUES (88, '', 'Balck', 'Dieter', '1.1.1941.', 'p');
insert into CandidatesData (idno) VALUES (88);
insert into PartyMembership (pid, idno) VALUES (18, 88);
insert into LandesListe (llid, year, pid, fsid) VALUES (17, 2009, 18, 4);
insert into Landeslistenplatz (llid, idno, position) VALUES (17, 88, 1);
insert into Citizen (idno, title, firstname, lastname, dateofbirth, gender) VALUES (89, '', 'Balg', 'Torsten', '1.1.1971.', 'p');
insert into CandidatesData (idno) VALUES (89);
insert into PartyMembership (pid, idno) VALUES (8, 89);
insert into Landeslistenplatz (llid, idno, position) VALUES (8, 89, 17);
insert into Citizen (idno, title, firstname, lastname, dateofbirth, gender) VALUES (90, '', 'Balke', 'Dr. jur. Michael', '1.1.1954.', 'p');
insert into CandidatesData (idno) VALUES (90);
insert into Candidacy (wkid, idno) VALUES (443, 90);
insert into Citizen (idno, title, firstname, lastname, dateofbirth, gender) VALUES (91, '', 'Balnat', 'Peter Manfred', '1.1.1956.', 'p');
insert into CandidatesData (idno) VALUES (91);
insert into PartyMembership (pid, idno) VALUES (1, 91);
insert into Landeslistenplatz (llid, idno, position) VALUES (3, 91, 3);
insert into Citizen (idno, title, firstname, lastname, dateofbirth, gender) VALUES (92, '', 'Balzer', 'Regina Hildegard Käthe', '1.1.1949.', 'p');
insert into CandidatesData (idno) VALUES (92);
insert into PartyMembership (pid, idno) VALUES (13, 92);
insert into Landeslistenplatz (llid, idno, position) VALUES (13, 92, 7);
insert into Citizen (idno, title, firstname, lastname, dateofbirth, gender) VALUES (93, '', 'Bangerter', 'Gero Heinrich', '1.1.1983.', 'p');
insert into CandidatesData (idno) VALUES (93);
insert into PartyMembership (pid, idno) VALUES (4, 93);
insert into Candidacy (wkid, idno) VALUES (444, 93);
insert into Landeslistenplatz (llid, idno, position) VALUES (4, 93, 30);
insert into Citizen (idno, title, firstname, lastname, dateofbirth, gender) VALUES (94, '', 'Bannert', 'Stefan', '1.1.1966.', 'p');
insert into CandidatesData (idno) VALUES (94);
insert into PartyMembership (pid, idno) VALUES (3, 94);
insert into Candidacy (wkid, idno) VALUES (547, 94);
insert into Landeslistenplatz (llid, idno, position) VALUES (2, 94, 18);
insert into Citizen (idno, title, firstname, lastname, dateofbirth, gender) VALUES (95, '', 'Bannert', 'Ulrich Gustav', '1.1.1950.', 'p');
insert into CandidatesData (idno) VALUES (95);
insert into PartyMembership (pid, idno) VALUES (19, 95);
insert into LandesListe (llid, year, pid, fsid) VALUES (18, 2009, 19, 4);
insert into Landeslistenplatz (llid, idno, position) VALUES (18, 95, 25);
insert into Citizen (idno, title, firstname, lastname, dateofbirth, gender) VALUES (96, '', 'Baranski', 'Robin', '1.1.1977.', 'p');
insert into CandidatesData (idno) VALUES (96);
insert into PartyMembership (pid, idno) VALUES (2, 96);
insert into Landeslistenplatz (llid, idno, position) VALUES (1, 96, 72);
insert into Citizen (idno, title, firstname, lastname, dateofbirth, gender) VALUES (97, '', 'Barchmann', 'Heinz-Joachim', '1.1.1950.', 'p');
insert into CandidatesData (idno) VALUES (97);
insert into PartyMembership (pid, idno) VALUES (2, 97);
insert into Candidacy (wkid, idno) VALUES (351, 97);
insert into Landeslistenplatz (llid, idno, position) VALUES (1, 97, 11);
insert into Citizen (idno, title, firstname, lastname, dateofbirth, gender) VALUES (98, '', 'Bareiß', 'Thomas', '1.1.1975.', 'p');
insert into CandidatesData (idno) VALUES (98);
insert into PartyMembership (pid, idno) VALUES (12, 98);
insert into Candidacy (wkid, idno) VALUES (594, 98);
insert into Citizen (idno, title, firstname, lastname, dateofbirth, gender) VALUES (99, '', 'Bargmann', 'Rudolf Walter', '1.1.1976.', 'p');
insert into CandidatesData (idno) VALUES (99);
insert into PartyMembership (pid, idno) VALUES (11, 99);
insert into Landeslistenplatz (llid, idno, position) VALUES (11, 99, 1);
insert into Citizen (idno, title, firstname, lastname, dateofbirth, gender) VALUES (100, '', 'Barnett', 'Doris', '1.1.1953.', 'p');
insert into CandidatesData (idno) VALUES (100);
insert into PartyMembership (pid, idno) VALUES (2, 100);
insert into Candidacy (wkid, idno) VALUES (507, 100);
insert into Landeslistenplatz (llid, idno, position) VALUES (1, 100, 3);
insert into Citizen (idno, title, firstname, lastname, dateofbirth, gender) VALUES (101, '', 'Barta', 'Daniel Lutz', '1.1.1954.', 'p');
insert into CandidatesData (idno) VALUES (101);
insert into PartyMembership (pid, idno) VALUES (4, 101);
insert into Landeslistenplatz (llid, idno, position) VALUES (4, 101, 7);
insert into Citizen (idno, title, firstname, lastname, dateofbirth, gender) VALUES (102, '', 'Bartels', 'Dr. Hans Peter', '1.1.1961.', 'p');
insert into CandidatesData (idno) VALUES (102);
insert into PartyMembership (pid, idno) VALUES (2, 102);
insert into Candidacy (wkid, idno) VALUES (304, 102);
insert into Landeslistenplatz (llid, idno, position) VALUES (1, 102, 6);
insert into Citizen (idno, title, firstname, lastname, dateofbirth, gender) VALUES (103, '', 'Bartelt', 'Christian', '1.1.1976.', 'p');
insert into CandidatesData (idno) VALUES (103);
insert into PartyMembership (pid, idno) VALUES (4, 103);
insert into Candidacy (wkid, idno) VALUES (315, 103);
insert into Landeslistenplatz (llid, idno, position) VALUES (4, 103, 4);
insert into Citizen (idno, title, firstname, lastname, dateofbirth, gender) VALUES (104, '', 'Barth', 'Cornelia', '1.1.1958.', 'p');
insert into CandidatesData (idno) VALUES (104);
insert into PartyMembership (pid, idno) VALUES (3, 104);
insert into Landeslistenplatz (llid, idno, position) VALUES (2, 104, 7);
insert into Citizen (idno, title, firstname, lastname, dateofbirth, gender) VALUES (105, '', 'Barth', 'Edith', '1.1.1935.', 'p');
insert into CandidatesData (idno) VALUES (105);
insert into PartyMembership (pid, idno) VALUES (2, 105);
insert into Landeslistenplatz (llid, idno, position) VALUES (1, 105, 29);
insert into Citizen (idno, title, firstname, lastname, dateofbirth, gender) VALUES (106, '', 'Barth', 'Steven', '1.1.1988.', 'p');
insert into CandidatesData (idno) VALUES (106);
insert into PartyMembership (pid, idno) VALUES (7, 106);
insert into Landeslistenplatz (llid, idno, position) VALUES (7, 106, 2);
insert into Citizen (idno, title, firstname, lastname, dateofbirth, gender) VALUES (107, '', 'Barth', 'Volker', '1.1.1962.', 'p');
insert into CandidatesData (idno) VALUES (107);
insert into PartyMembership (pid, idno) VALUES (12, 107);
insert into Landeslistenplatz (llid, idno, position) VALUES (12, 107, 30);
insert into Citizen (idno, title, firstname, lastname, dateofbirth, gender) VALUES (108, '', 'Barthel', 'Klaus', '1.1.1955.', 'p');
insert into CandidatesData (idno) VALUES (108);
insert into PartyMembership (pid, idno) VALUES (2, 108);
insert into Candidacy (wkid, idno) VALUES (523, 108);
insert into Landeslistenplatz (llid, idno, position) VALUES (1, 108, 5);
insert into Citizen (idno, title, firstname, lastname, dateofbirth, gender) VALUES (109, '', 'Barthle', 'Norbert', '1.1.1952.', 'p');
insert into CandidatesData (idno) VALUES (109);
insert into PartyMembership (pid, idno) VALUES (12, 109);
insert into Candidacy (wkid, idno) VALUES (568, 109);
insert into Citizen (idno, title, firstname, lastname, dateofbirth, gender) VALUES (110, '', 'Bartholomäus', 'Uwe', '1.1.1972.', 'p');
insert into CandidatesData (idno) VALUES (110);
insert into PartyMembership (pid, idno) VALUES (11, 110);
insert into Landeslistenplatz (llid, idno, position) VALUES (11, 110, 3);
insert into Citizen (idno, title, firstname, lastname, dateofbirth, gender) VALUES (111, '', 'Bartholomé', 'Anna', '1.1.1949.', 'p');
insert into CandidatesData (idno) VALUES (111);
insert into PartyMembership (pid, idno) VALUES (13, 111);
insert into Landeslistenplatz (llid, idno, position) VALUES (13, 111, 3);
insert into Citizen (idno, title, firstname, lastname, dateofbirth, gender) VALUES (112, '', 'Bartol', 'Sören', '1.1.1974.', 'p');
insert into CandidatesData (idno) VALUES (112);
insert into PartyMembership (pid, idno) VALUES (2, 112);
insert into Candidacy (wkid, idno) VALUES (471, 112);
insert into Citizen (idno, title, firstname, lastname, dateofbirth, gender) VALUES (113, '', 'Bartsch', 'Dr. Dietmar', '1.1.1958.', 'p');
insert into CandidatesData (idno) VALUES (113);
insert into PartyMembership (pid, idno) VALUES (3, 113);
insert into Candidacy (wkid, idno) VALUES (312, 113);
insert into Landeslistenplatz (llid, idno, position) VALUES (2, 113, 1);
insert into Citizen (idno, title, firstname, lastname, dateofbirth, gender) VALUES (114, '', 'Bas', 'Bärbel', '1.1.1968.', 'p');
insert into CandidatesData (idno) VALUES (114);
insert into PartyMembership (pid, idno) VALUES (2, 114);
insert into Candidacy (wkid, idno) VALUES (415, 114);
insert into Landeslistenplatz (llid, idno, position) VALUES (1, 114, 35);
insert into Citizen (idno, title, firstname, lastname, dateofbirth, gender) VALUES (115, '', 'Baseler', 'Lothar', '1.1.1935.', 'p');
insert into CandidatesData (idno) VALUES (115);
insert into PartyMembership (pid, idno) VALUES (1, 115);
insert into Candidacy (wkid, idno) VALUES (321, 115);
insert into Landeslistenplatz (llid, idno, position) VALUES (3, 115, 3);
insert into Citizen (idno, title, firstname, lastname, dateofbirth, gender) VALUES (116, '', 'Bathon', 'Michael', '1.1.1961.', 'p');
insert into CandidatesData (idno) VALUES (116);
insert into PartyMembership (pid, idno) VALUES (12, 116);
insert into Landeslistenplatz (llid, idno, position) VALUES (12, 116, 37);
insert into Citizen (idno, title, firstname, lastname, dateofbirth, gender) VALUES (117, '', 'Bauch', 'Annegret', '1.1.1958.', 'p');
insert into CandidatesData (idno) VALUES (117);
insert into PartyMembership (pid, idno) VALUES (12, 117);
insert into Landeslistenplatz (llid, idno, position) VALUES (12, 117, 39);
insert into Citizen (idno, title, firstname, lastname, dateofbirth, gender) VALUES (118, '', 'Bauch', 'Matthias', '1.1.1979.', 'p');
insert into CandidatesData (idno) VALUES (118);
insert into PartyMembership (pid, idno) VALUES (15, 118);
insert into Landeslistenplatz (llid, idno, position) VALUES (14, 118, 8);
insert into Citizen (idno, title, firstname, lastname, dateofbirth, gender) VALUES (119, '', 'Bauer', 'Anneliese', '1.1.1924.', 'p');
insert into CandidatesData (idno) VALUES (119);
insert into PartyMembership (pid, idno) VALUES (20, 119);
insert into LandesListe (llid, year, pid, fsid) VALUES (19, 2009, 20, 4);
insert into Landeslistenplatz (llid, idno, position) VALUES (19, 119, 8);
insert into Citizen (idno, title, firstname, lastname, dateofbirth, gender) VALUES (120, '', 'Bauer', 'Emil', '1.1.1953.', 'p');
insert into CandidatesData (idno) VALUES (120);
insert into PartyMembership (pid, idno) VALUES (13, 120);
insert into Candidacy (wkid, idno) VALUES (551, 120);
insert into Landeslistenplatz (llid, idno, position) VALUES (13, 120, 4);
insert into Citizen (idno, title, firstname, lastname, dateofbirth, gender) VALUES (121, '', 'Bauer', 'Erich', '1.1.1954.', 'p');
insert into CandidatesData (idno) VALUES (121);
insert into PartyMembership (pid, idno) VALUES (4, 121);
insert into Candidacy (wkid, idno) VALUES (533, 121);
insert into Landeslistenplatz (llid, idno, position) VALUES (4, 121, 53);
insert into Citizen (idno, title, firstname, lastname, dateofbirth, gender) VALUES (122, '', 'Bauer', 'Sebastian-Michael', '1.1.1987.', 'p');
insert into CandidatesData (idno) VALUES (122);
insert into PartyMembership (pid, idno) VALUES (7, 122);
insert into Landeslistenplatz (llid, idno, position) VALUES (7, 122, 3);
insert into Citizen (idno, title, firstname, lastname, dateofbirth, gender) VALUES (123, '', 'Baum', 'Andreas', '1.1.1978.', 'p');
insert into CandidatesData (idno) VALUES (123);
insert into PartyMembership (pid, idno) VALUES (7, 123);
insert into Landeslistenplatz (llid, idno, position) VALUES (7, 123, 3);
insert into Citizen (idno, title, firstname, lastname, dateofbirth, gender) VALUES (124, '', 'Baum', 'Erika', '1.1.1925.', 'p');
insert into CandidatesData (idno) VALUES (124);
insert into PartyMembership (pid, idno) VALUES (21, 124);
insert into LandesListe (llid, year, pid, fsid) VALUES (20, 2009, 21, 4);
insert into Landeslistenplatz (llid, idno, position) VALUES (20, 124, 4);
insert into Citizen (idno, title, firstname, lastname, dateofbirth, gender) VALUES (125, '', 'Baumann', 'Helmut Günter', '1.1.1947.', 'p');
insert into CandidatesData (idno) VALUES (125);
insert into PartyMembership (pid, idno) VALUES (12, 125);
insert into Candidacy (wkid, idno) VALUES (464, 125);
insert into Citizen (idno, title, firstname, lastname, dateofbirth, gender) VALUES (126, '', 'Baumgärtner', 'Dr. Albert', '1.1.1955.', 'p');
insert into CandidatesData (idno) VALUES (126);
insert into PartyMembership (pid, idno) VALUES (1, 126);
insert into Candidacy (wkid, idno) VALUES (578, 126);
insert into Citizen (idno, title, firstname, lastname, dateofbirth, gender) VALUES (127, '', 'Baumgartner', 'Alfons', '1.1.1944.', 'p');
insert into CandidatesData (idno) VALUES (127);
insert into PartyMembership (pid, idno) VALUES (15, 127);
insert into Landeslistenplatz (llid, idno, position) VALUES (14, 127, 9);
insert into Citizen (idno, title, firstname, lastname, dateofbirth, gender) VALUES (128, '', 'Baumgartner', 'Roman', '1.1.1982.', 'p');
insert into CandidatesData (idno) VALUES (128);
insert into PartyMembership (pid, idno) VALUES (12, 128);
insert into Landeslistenplatz (llid, idno, position) VALUES (12, 128, 21);
insert into Citizen (idno, title, firstname, lastname, dateofbirth, gender) VALUES (129, '', 'Baur', 'Jens', '1.1.1979.', 'p');
insert into CandidatesData (idno) VALUES (129);
insert into PartyMembership (pid, idno) VALUES (1, 129);
insert into Candidacy (wkid, idno) VALUES (460, 129);
insert into Citizen (idno, title, firstname, lastname, dateofbirth, gender) VALUES (130, '', 'Bayrak', 'Yusuf', '1.1.1963.', 'p');
insert into CandidatesData (idno) VALUES (130);
insert into Candidacy (wkid, idno) VALUES (382, 130);
insert into Citizen (idno, title, firstname, lastname, dateofbirth, gender) VALUES (131, '', 'Bechert', 'Dr. Arthur', '1.1.1964.', 'p');
insert into CandidatesData (idno) VALUES (131);
insert into PartyMembership (pid, idno) VALUES (9, 131);
insert into Landeslistenplatz (llid, idno, position) VALUES (9, 131, 55);
insert into Citizen (idno, title, firstname, lastname, dateofbirth, gender) VALUES (132, '', 'Beciri', 'Birgit', '1.1.1962.', 'p');
insert into CandidatesData (idno) VALUES (132);
insert into PartyMembership (pid, idno) VALUES (16, 132);
insert into Landeslistenplatz (llid, idno, position) VALUES (15, 132, 8);
insert into Citizen (idno, title, firstname, lastname, dateofbirth, gender) VALUES (133, '', 'Beck', 'Ernst-Reinhard', '1.1.1945.', 'p');
insert into CandidatesData (idno) VALUES (133);
insert into PartyMembership (pid, idno) VALUES (12, 133);
insert into Candidacy (wkid, idno) VALUES (588, 133);
insert into Citizen (idno, title, firstname, lastname, dateofbirth, gender) VALUES (134, '', 'Beck', 'Jürgen', '1.1.1955.', 'p');
insert into CandidatesData (idno) VALUES (134);
insert into Candidacy (wkid, idno) VALUES (385, 134);
insert into Citizen (idno, title, firstname, lastname, dateofbirth, gender) VALUES (135, '', 'Beck', 'Marieluise', '1.1.1952.', 'p');
insert into CandidatesData (idno) VALUES (135);
insert into PartyMembership (pid, idno) VALUES (5, 135);
insert into Candidacy (wkid, idno) VALUES (354, 135);
insert into Landeslistenplatz (llid, idno, position) VALUES (5, 135, 1);
insert into Citizen (idno, title, firstname, lastname, dateofbirth, gender) VALUES (136, '', 'Beck', 'Stefanie', '1.1.1970.', 'p');
insert into CandidatesData (idno) VALUES (136);
insert into PartyMembership (pid, idno) VALUES (3, 136);
insert into Candidacy (wkid, idno) VALUES (508, 136);
insert into Landeslistenplatz (llid, idno, position) VALUES (2, 136, 5);
insert into Citizen (idno, title, firstname, lastname, dateofbirth, gender) VALUES (137, '', 'Beck', 'Tobias', '1.1.1985.', 'p');
insert into CandidatesData (idno) VALUES (137);
insert into PartyMembership (pid, idno) VALUES (4, 137);
insert into Landeslistenplatz (llid, idno, position) VALUES (4, 137, 16);
insert into Citizen (idno, title, firstname, lastname, dateofbirth, gender) VALUES (138, '', 'Beck', 'Volker', '1.1.1960.', 'p');
insert into CandidatesData (idno) VALUES (138);
insert into PartyMembership (pid, idno) VALUES (5, 138);
insert into Candidacy (wkid, idno) VALUES (394, 138);
insert into Landeslistenplatz (llid, idno, position) VALUES (5, 138, 2);
insert into Citizen (idno, title, firstname, lastname, dateofbirth, gender) VALUES (139, '', 'Beck geb. Krauß', 'Claudia', '1.1.1973.', 'p');
insert into CandidatesData (idno) VALUES (139);
insert into PartyMembership (pid, idno) VALUES (5, 139);
insert into Candidacy (wkid, idno) VALUES (596, 139);
insert into Citizen (idno, title, firstname, lastname, dateofbirth, gender) VALUES (140, '', 'Becker', 'Alexander', '1.1.1982.', 'p');
insert into CandidatesData (idno) VALUES (140);
insert into PartyMembership (pid, idno) VALUES (12, 140);
insert into Landeslistenplatz (llid, idno, position) VALUES (12, 140, 39);
insert into Citizen (idno, title, firstname, lastname, dateofbirth, gender) VALUES (141, '', 'Becker', 'Bernd', '1.1.1958.', 'p');
insert into CandidatesData (idno) VALUES (141);
insert into PartyMembership (pid, idno) VALUES (2, 141);
insert into Landeslistenplatz (llid, idno, position) VALUES (1, 141, 31);
insert into Citizen (idno, title, firstname, lastname, dateofbirth, gender) VALUES (142, '', 'Becker', 'Burkhard', '1.1.1954.', 'p');
insert into CandidatesData (idno) VALUES (142);
insert into PartyMembership (pid, idno) VALUES (1, 142);
insert into Candidacy (wkid, idno) VALUES (436, 142);
insert into Citizen (idno, title, firstname, lastname, dateofbirth, gender) VALUES (143, '', 'Becker', 'Dirk', '1.1.1966.', 'p');
insert into CandidatesData (idno) VALUES (143);
insert into PartyMembership (pid, idno) VALUES (2, 143);
insert into Candidacy (wkid, idno) VALUES (435, 143);
insert into Landeslistenplatz (llid, idno, position) VALUES (1, 143, 33);
insert into Citizen (idno, title, firstname, lastname, dateofbirth, gender) VALUES (144, '', 'Becker', 'Kurt', '1.1.1953.', 'p');
insert into CandidatesData (idno) VALUES (144);
insert into PartyMembership (pid, idno) VALUES (2, 144);
insert into Landeslistenplatz (llid, idno, position) VALUES (1, 144, 28);
insert into Citizen (idno, title, firstname, lastname, dateofbirth, gender) VALUES (145, '', 'Becker-Lettow', 'Christa Lydia', '1.1.1959.', 'p');
insert into CandidatesData (idno) VALUES (145);
insert into PartyMembership (pid, idno) VALUES (2, 145);
insert into Landeslistenplatz (llid, idno, position) VALUES (1, 145, 66);
insert into Citizen (idno, title, firstname, lastname, dateofbirth, gender) VALUES (146, '', 'Beckmann', 'Bert', '1.1.1958.', 'p');
insert into CandidatesData (idno) VALUES (146);
insert into PartyMembership (pid, idno) VALUES (13, 146);
insert into Landeslistenplatz (llid, idno, position) VALUES (13, 146, 4);
insert into Citizen (idno, title, firstname, lastname, dateofbirth, gender) VALUES (147, '', 'Beckmeyer', 'Uwe Karl', '1.1.1949.', 'p');
insert into CandidatesData (idno) VALUES (147);
insert into PartyMembership (pid, idno) VALUES (2, 147);
insert into Candidacy (wkid, idno) VALUES (355, 147);
insert into Landeslistenplatz (llid, idno, position) VALUES (1, 147, 1);
insert into Citizen (idno, title, firstname, lastname, dateofbirth, gender) VALUES (148, '', 'Beekhuis', 'Jochen Heiner', '1.1.1977.', 'p');
insert into CandidatesData (idno) VALUES (148);
insert into PartyMembership (pid, idno) VALUES (2, 148);
insert into Landeslistenplatz (llid, idno, position) VALUES (1, 148, 42);
insert into Citizen (idno, title, firstname, lastname, dateofbirth, gender) VALUES (149, '', 'Beer', 'Maximilian', '1.1.1966.', 'p');
insert into CandidatesData (idno) VALUES (149);
insert into PartyMembership (pid, idno) VALUES (9, 149);
insert into Landeslistenplatz (llid, idno, position) VALUES (9, 149, 54);
insert into Citizen (idno, title, firstname, lastname, dateofbirth, gender) VALUES (150, '', 'Beetz', 'Kirsten', '1.1.1961.', 'p');
insert into CandidatesData (idno) VALUES (150);
insert into PartyMembership (pid, idno) VALUES (12, 150);
insert into Landeslistenplatz (llid, idno, position) VALUES (12, 150, 36);
insert into Citizen (idno, title, firstname, lastname, dateofbirth, gender) VALUES (151, '', 'Befeldt', 'Peter', '1.1.1955.', 'p');
insert into CandidatesData (idno) VALUES (151);
insert into PartyMembership (pid, idno) VALUES (2, 151);
insert into Landeslistenplatz (llid, idno, position) VALUES (1, 151, 32);
insert into Citizen (idno, title, firstname, lastname, dateofbirth, gender) VALUES (152, '', 'Behlen', 'Jörg', '1.1.1968.', 'p');
insert into CandidatesData (idno) VALUES (152);
insert into PartyMembership (pid, idno) VALUES (4, 152);
insert into Candidacy (wkid, idno) VALUES (471, 152);
insert into Landeslistenplatz (llid, idno, position) VALUES (4, 152, 17);
insert into Citizen (idno, title, firstname, lastname, dateofbirth, gender) VALUES (153, '', 'Behm', 'Cornelia', '1.1.1951.', 'p');
insert into CandidatesData (idno) VALUES (153);
insert into PartyMembership (pid, idno) VALUES (5, 153);
insert into Candidacy (wkid, idno) VALUES (361, 153);
insert into Landeslistenplatz (llid, idno, position) VALUES (5, 153, 1);
insert into Citizen (idno, title, firstname, lastname, dateofbirth, gender) VALUES (154, '', 'Behnke', 'Martin', '1.1.1954.', 'p');
insert into CandidatesData (idno) VALUES (154);
insert into PartyMembership (pid, idno) VALUES (3, 154);
insert into Candidacy (wkid, idno) VALUES (405, 154);
insert into Citizen (idno, title, firstname, lastname, dateofbirth, gender) VALUES (155, '', 'Behrens', 'Hans-Peter', '1.1.1961.', 'p');
insert into CandidatesData (idno) VALUES (155);
insert into PartyMembership (pid, idno) VALUES (5, 155);
insert into Candidacy (wkid, idno) VALUES (572, 155);
insert into Citizen (idno, title, firstname, lastname, dateofbirth, gender) VALUES (156, '', 'Behrens', 'Heidemarie Elisabeth', '1.1.1954.', 'p');
insert into CandidatesData (idno) VALUES (156);
insert into PartyMembership (pid, idno) VALUES (3, 156);
insert into Landeslistenplatz (llid, idno, position) VALUES (2, 156, 5);
insert into Citizen (idno, title, firstname, lastname, dateofbirth, gender) VALUES (157, '', 'Behrens', 'Herbert', '1.1.1954.', 'p');
insert into CandidatesData (idno) VALUES (157);
insert into PartyMembership (pid, idno) VALUES (3, 157);
insert into Candidacy (wkid, idno) VALUES (334, 157);
insert into Landeslistenplatz (llid, idno, position) VALUES (2, 157, 6);
insert into Citizen (idno, title, firstname, lastname, dateofbirth, gender) VALUES (158, '', 'Behrens', 'Manfred', '1.1.1956.', 'p');
insert into CandidatesData (idno) VALUES (158);
insert into PartyMembership (pid, idno) VALUES (12, 158);
insert into Candidacy (wkid, idno) VALUES (367, 158);
insert into Landeslistenplatz (llid, idno, position) VALUES (12, 158, 8);
insert into Citizen (idno, title, firstname, lastname, dateofbirth, gender) VALUES (159, '', 'Behrens', 'Matthias', '1.1.1972.', 'p');
insert into CandidatesData (idno) VALUES (159);
insert into PartyMembership (pid, idno) VALUES (1, 159);
insert into Candidacy (wkid, idno) VALUES (335, 159);
insert into Landeslistenplatz (llid, idno, position) VALUES (3, 159, 2);
insert into Citizen (idno, title, firstname, lastname, dateofbirth, gender) VALUES (160, '', 'Beier', 'Andreas', '1.1.1971.', 'p');
insert into CandidatesData (idno) VALUES (160);
insert into Candidacy (wkid, idno) VALUES (590, 160);
insert into Citizen (idno, title, firstname, lastname, dateofbirth, gender) VALUES (161, '', 'Beier', 'Dr. Guido', '1.1.1967.', 'p');
insert into CandidatesData (idno) VALUES (161);
insert into PartyMembership (pid, idno) VALUES (4, 161);
insert into Candidacy (wkid, idno) VALUES (359, 161);
insert into Landeslistenplatz (llid, idno, position) VALUES (4, 161, 3);
insert into Citizen (idno, title, firstname, lastname, dateofbirth, gender) VALUES (162, '', 'Beier', 'Klaus', '1.1.1966.', 'p');
insert into CandidatesData (idno) VALUES (162);
insert into PartyMembership (pid, idno) VALUES (1, 162);
insert into Candidacy (wkid, idno) VALUES (363, 162);
insert into Landeslistenplatz (llid, idno, position) VALUES (3, 162, 1);
insert into Citizen (idno, title, firstname, lastname, dateofbirth, gender) VALUES (163, '', 'Beier', 'Mirko', '1.1.1975.', 'p');
insert into CandidatesData (idno) VALUES (163);
insert into PartyMembership (pid, idno) VALUES (1, 163);
insert into Candidacy (wkid, idno) VALUES (451, 163);
insert into Landeslistenplatz (llid, idno, position) VALUES (3, 163, 6);
insert into Citizen (idno, title, firstname, lastname, dateofbirth, gender) VALUES (164, '', 'Bellmann', 'Veronika Maria', '1.1.1960.', 'p');
insert into CandidatesData (idno) VALUES (164);
insert into PartyMembership (pid, idno) VALUES (12, 164);
insert into Candidacy (wkid, idno) VALUES (461, 164);
insert into Landeslistenplatz (llid, idno, position) VALUES (12, 164, 7);
insert into Citizen (idno, title, firstname, lastname, dateofbirth, gender) VALUES (165, '', 'Belzner', 'Michael', '1.1.1948.', 'p');
insert into CandidatesData (idno) VALUES (165);
insert into PartyMembership (pid, idno) VALUES (19, 165);
insert into Landeslistenplatz (llid, idno, position) VALUES (18, 165, 8);
insert into Citizen (idno, title, firstname, lastname, dateofbirth, gender) VALUES (166, '', 'Bender', 'Birgitt', '1.1.1956.', 'p');
insert into CandidatesData (idno) VALUES (166);
insert into PartyMembership (pid, idno) VALUES (5, 166);
insert into Candidacy (wkid, idno) VALUES (558, 166);
insert into Landeslistenplatz (llid, idno, position) VALUES (5, 166, 7);
insert into Citizen (idno, title, firstname, lastname, dateofbirth, gender) VALUES (167, '', 'Bender', 'Mario', '1.1.1966.', 'p');
insert into CandidatesData (idno) VALUES (167);
insert into PartyMembership (pid, idno) VALUES (3, 167);
insert into Landeslistenplatz (llid, idno, position) VALUES (2, 167, 4);
insert into Citizen (idno, title, firstname, lastname, dateofbirth, gender) VALUES (168, '', 'Bendigkeit', 'Anneliese', '1.1.1943.', 'p');
insert into CandidatesData (idno) VALUES (168);
insert into PartyMembership (pid, idno) VALUES (12, 168);
insert into Landeslistenplatz (llid, idno, position) VALUES (12, 168, 26);
insert into Citizen (idno, title, firstname, lastname, dateofbirth, gender) VALUES (169, '', 'Benedetto Di', 'Edgar', '1.1.1958.', 'p');
insert into CandidatesData (idno) VALUES (169);
insert into PartyMembership (pid, idno) VALUES (3, 169);
insert into Candidacy (wkid, idno) VALUES (328, 169);
insert into Landeslistenplatz (llid, idno, position) VALUES (2, 169, 32);
insert into Citizen (idno, title, firstname, lastname, dateofbirth, gender) VALUES (170, '', 'Benneter', 'Klaus Uwe', '1.1.1947.', 'p');
insert into CandidatesData (idno) VALUES (170);
insert into PartyMembership (pid, idno) VALUES (2, 170);
insert into Candidacy (wkid, idno) VALUES (379, 170);
insert into Landeslistenplatz (llid, idno, position) VALUES (1, 170, 5);
insert into Citizen (idno, title, firstname, lastname, dateofbirth, gender) VALUES (171, '', 'Bensmann', 'Felix', '1.1.1985.', 'p');
insert into CandidatesData (idno) VALUES (171);
insert into PartyMembership (pid, idno) VALUES (4, 171);
insert into Landeslistenplatz (llid, idno, position) VALUES (4, 171, 28);
insert into Citizen (idno, title, firstname, lastname, dateofbirth, gender) VALUES (172, '', 'Bentz', 'Konrad', '1.1.1920.', 'p');
insert into CandidatesData (idno) VALUES (172);
insert into PartyMembership (pid, idno) VALUES (1, 172);
insert into Candidacy (wkid, idno) VALUES (469, 172);
insert into Citizen (idno, title, firstname, lastname, dateofbirth, gender) VALUES (173, '', 'Benz', 'Josef', '1.1.1953.', 'p');
insert into CandidatesData (idno) VALUES (173);
insert into PartyMembership (pid, idno) VALUES (4, 173);
insert into Candidacy (wkid, idno) VALUES (572, 173);
insert into Landeslistenplatz (llid, idno, position) VALUES (4, 173, 28);
insert into Citizen (idno, title, firstname, lastname, dateofbirth, gender) VALUES (174, '', 'Benz', 'Karl Hans August', '1.1.1938.', 'p');
insert into CandidatesData (idno) VALUES (174);
insert into PartyMembership (pid, idno) VALUES (14, 174);
insert into LandesListe (llid, year, pid, fsid) VALUES (21, 2009, 14, 4);
insert into Landeslistenplatz (llid, idno, position) VALUES (21, 174, 9);
insert into Citizen (idno, title, firstname, lastname, dateofbirth, gender) VALUES (175, '', 'Benz', 'Markus', '1.1.1955.', 'p');
insert into CandidatesData (idno) VALUES (175);
insert into PartyMembership (pid, idno) VALUES (6, 175);
insert into Candidacy (wkid, idno) VALUES (580, 175);
insert into Landeslistenplatz (llid, idno, position) VALUES (6, 175, 1);
insert into Citizen (idno, title, firstname, lastname, dateofbirth, gender) VALUES (176, '', 'Berberich', 'Patrick', '1.1.1979.', 'p');
insert into CandidatesData (idno) VALUES (176);
insert into PartyMembership (pid, idno) VALUES (12, 176);
insert into Landeslistenplatz (llid, idno, position) VALUES (12, 176, 29);
insert into Citizen (idno, title, firstname, lastname, dateofbirth, gender) VALUES (177, '', 'Berbig', 'Miro', '1.1.1964.', 'p');
insert into CandidatesData (idno) VALUES (177);
insert into PartyMembership (pid, idno) VALUES (3, 177);
insert into Candidacy (wkid, idno) VALUES (307, 177);
insert into Citizen (idno, title, firstname, lastname, dateofbirth, gender) VALUES (178, '', 'Berg', 'Dr. Axel', '1.1.1959.', 'p');
insert into CandidatesData (idno) VALUES (178);
insert into PartyMembership (pid, idno) VALUES (2, 178);
insert into Candidacy (wkid, idno) VALUES (517, 178);
insert into Landeslistenplatz (llid, idno, position) VALUES (1, 178, 17);
insert into Citizen (idno, title, firstname, lastname, dateofbirth, gender) VALUES (179, '', 'Berg', 'Ute', '1.1.1953.', 'p');
insert into CandidatesData (idno) VALUES (179);
insert into PartyMembership (pid, idno) VALUES (2, 179);
insert into Candidacy (wkid, idno) VALUES (437, 179);
insert into Landeslistenplatz (llid, idno, position) VALUES (1, 179, 17);
insert into Citizen (idno, title, firstname, lastname, dateofbirth, gender) VALUES (180, '', 'Bergen', 'Lars', '1.1.1975.', 'p');
insert into CandidatesData (idno) VALUES (180);
insert into PartyMembership (pid, idno) VALUES (9, 180);
insert into Landeslistenplatz (llid, idno, position) VALUES (9, 180, 63);
insert into Citizen (idno, title, firstname, lastname, dateofbirth, gender) VALUES (181, '', 'Berger', 'Cornelia', '1.1.1956.', 'p');
insert into CandidatesData (idno) VALUES (181);
insert into PartyMembership (pid, idno) VALUES (1, 181);
insert into Candidacy (wkid, idno) VALUES (375, 181);
insert into Citizen (idno, title, firstname, lastname, dateofbirth, gender) VALUES (182, '', 'Berger', 'Frank', '1.1.1976.', 'p');
insert into CandidatesData (idno) VALUES (182);
insert into PartyMembership (pid, idno) VALUES (4, 182);
insert into Candidacy (wkid, idno) VALUES (554, 182);
insert into Landeslistenplatz (llid, idno, position) VALUES (4, 182, 52);
insert into Citizen (idno, title, firstname, lastname, dateofbirth, gender) VALUES (183, '', 'Berger', 'Milan', '1.1.1978.', 'p');
insert into CandidatesData (idno) VALUES (183);
insert into PartyMembership (pid, idno) VALUES (7, 183);
insert into Candidacy (wkid, idno) VALUES (544, 183);
insert into Citizen (idno, title, firstname, lastname, dateofbirth, gender) VALUES (184, '', 'Berger', 'Dr. Dr. Wolfgang Georg Justus', '1.1.1941.', 'p');
insert into CandidatesData (idno) VALUES (184);
insert into Candidacy (wkid, idno) VALUES (511, 184);
insert into Citizen (idno, title, firstname, lastname, dateofbirth, gender) VALUES (185, '', 'Bergler', 'Volker', '1.1.1968.', 'p');
insert into CandidatesData (idno) VALUES (185);
insert into PartyMembership (pid, idno) VALUES (15, 185);
insert into Landeslistenplatz (llid, idno, position) VALUES (14, 185, 13);
insert into Citizen (idno, title, firstname, lastname, dateofbirth, gender) VALUES (186, '', 'Bergmoser', 'Jutta', '1.1.1961.', 'p');
insert into CandidatesData (idno) VALUES (186);
insert into PartyMembership (pid, idno) VALUES (5, 186);
insert into Candidacy (wkid, idno) VALUES (427, 186);
insert into Landeslistenplatz (llid, idno, position) VALUES (5, 186, 27);
insert into Citizen (idno, title, firstname, lastname, dateofbirth, gender) VALUES (187, '', 'Bergner', 'Dr. Christoph', '1.1.1948.', 'p');
insert into CandidatesData (idno) VALUES (187);
insert into PartyMembership (pid, idno) VALUES (12, 187);
insert into Candidacy (wkid, idno) VALUES (372, 187);
insert into Landeslistenplatz (llid, idno, position) VALUES (12, 187, 1);
insert into Citizen (idno, title, firstname, lastname, dateofbirth, gender) VALUES (188, '', 'Berisha', 'Christian', '1.1.1967.', 'p');
insert into CandidatesData (idno) VALUES (188);
insert into PartyMembership (pid, idno) VALUES (1, 188);
insert into Candidacy (wkid, idno) VALUES (337, 188);
insert into Citizen (idno, title, firstname, lastname, dateofbirth, gender) VALUES (189, '', 'Berlinghof', 'Jutta', '1.1.1961.', 'p');
insert into CandidatesData (idno) VALUES (189);
insert into PartyMembership (pid, idno) VALUES (5, 189);
insert into Candidacy (wkid, idno) VALUES (545, 189);
insert into Landeslistenplatz (llid, idno, position) VALUES (5, 189, 19);
insert into Citizen (idno, title, firstname, lastname, dateofbirth, gender) VALUES (190, '', 'Bernd', 'Christopher', '1.1.1986.', 'p');
insert into CandidatesData (idno) VALUES (190);
insert into PartyMembership (pid, idno) VALUES (17, 190);
insert into Landeslistenplatz (llid, idno, position) VALUES (16, 190, 6);
insert into Citizen (idno, title, firstname, lastname, dateofbirth, gender) VALUES (191, '', 'Berndt', 'Wolfgang Herbert Josef', '1.1.1949.', 'p');
insert into CandidatesData (idno) VALUES (191);
insert into PartyMembership (pid, idno) VALUES (3, 191);
insert into Candidacy (wkid, idno) VALUES (531, 191);
insert into Citizen (idno, title, firstname, lastname, dateofbirth, gender) VALUES (192, '', 'Bernhard', 'Marc', '1.1.1972.', 'p');
insert into CandidatesData (idno) VALUES (192);
insert into PartyMembership (pid, idno) VALUES (12, 192);
insert into Landeslistenplatz (llid, idno, position) VALUES (12, 192, 9);
insert into Citizen (idno, title, firstname, lastname, dateofbirth, gender) VALUES (193, '', 'Bernmeiser', 'Martin', '1.1.1952.', 'p');
insert into CandidatesData (idno) VALUES (193);
insert into PartyMembership (pid, idno) VALUES (6, 193);
insert into Landeslistenplatz (llid, idno, position) VALUES (6, 193, 16);
insert into Citizen (idno, title, firstname, lastname, dateofbirth, gender) VALUES (194, '', 'Berns', 'Wolfgang', '1.1.1948.', 'p');
insert into CandidatesData (idno) VALUES (194);
insert into PartyMembership (pid, idno) VALUES (4, 194);
insert into Candidacy (wkid, idno) VALUES (472, 194);
insert into Landeslistenplatz (llid, idno, position) VALUES (4, 194, 10);
insert into Citizen (idno, title, firstname, lastname, dateofbirth, gender) VALUES (195, '', 'Bernschneider', 'Florian', '1.1.1986.', 'p');
insert into CandidatesData (idno) VALUES (195);
insert into PartyMembership (pid, idno) VALUES (4, 195);
insert into Candidacy (wkid, idno) VALUES (350, 195);
insert into Landeslistenplatz (llid, idno, position) VALUES (4, 195, 7);
insert into Citizen (idno, title, firstname, lastname, dateofbirth, gender) VALUES (196, '', 'Bernsen', 'Jürgen Heinrich', '1.1.1963.', 'p');
insert into CandidatesData (idno) VALUES (196);
insert into Candidacy (wkid, idno) VALUES (376, 196);
insert into Citizen (idno, title, firstname, lastname, dateofbirth, gender) VALUES (197, '', 'Bernstein', 'Patrick', '1.1.1973.', 'p');
insert into CandidatesData (idno) VALUES (197);
insert into PartyMembership (pid, idno) VALUES (1, 197);
insert into Candidacy (wkid, idno) VALUES (520, 197);
insert into Citizen (idno, title, firstname, lastname, dateofbirth, gender) VALUES (198, '', 'Bertram', 'Ute', '1.1.1961.', 'p');
insert into CandidatesData (idno) VALUES (198);
insert into PartyMembership (pid, idno) VALUES (12, 198);
insert into Landeslistenplatz (llid, idno, position) VALUES (12, 198, 49);
insert into Citizen (idno, title, firstname, lastname, dateofbirth, gender) VALUES (199, '', 'Besemann', 'Karl-Heinz', '1.1.1950.', 'p');
insert into CandidatesData (idno) VALUES (199);
insert into PartyMembership (pid, idno) VALUES (11, 199);
insert into Landeslistenplatz (llid, idno, position) VALUES (11, 199, 2);
insert into Citizen (idno, title, firstname, lastname, dateofbirth, gender) VALUES (200, '', 'Bestehorn', 'Harald', '1.1.1962.', 'p');
insert into CandidatesData (idno) VALUES (200);
insert into PartyMembership (pid, idno) VALUES (1, 200);
insert into Candidacy (wkid, idno) VALUES (538, 200);
insert into Citizen (idno, title, firstname, lastname, dateofbirth, gender) VALUES (201, '', 'Bestgen', 'Markus', '1.1.1964.', 'p');
insert into CandidatesData (idno) VALUES (201);
insert into PartyMembership (pid, idno) VALUES (4, 201);
insert into Candidacy (wkid, idno) VALUES (397, 201);
insert into Landeslistenplatz (llid, idno, position) VALUES (4, 201, 27);
insert into Citizen (idno, title, firstname, lastname, dateofbirth, gender) VALUES (202, '', 'Bethge', 'Horst', '1.1.1935.', 'p');
insert into CandidatesData (idno) VALUES (202);
insert into PartyMembership (pid, idno) VALUES (3, 202);
insert into Landeslistenplatz (llid, idno, position) VALUES (2, 202, 4);
insert into Citizen (idno, title, firstname, lastname, dateofbirth, gender) VALUES (203, '', 'Bethke', 'Cornelia', '1.1.1966.', 'p');
insert into CandidatesData (idno) VALUES (203);
insert into PartyMembership (pid, idno) VALUES (2, 203);
insert into Landeslistenplatz (llid, idno, position) VALUES (1, 203, 35);
insert into Citizen (idno, title, firstname, lastname, dateofbirth, gender) VALUES (204, '', 'Beutin', 'Lorenz Gösta', '1.1.1978.', 'p');
insert into CandidatesData (idno) VALUES (204);
insert into PartyMembership (pid, idno) VALUES (3, 204);
insert into Candidacy (wkid, idno) VALUES (309, 204);
insert into Citizen (idno, title, firstname, lastname, dateofbirth, gender) VALUES (205, '', 'Beyer', 'Christian', '1.1.1974.', 'p');
insert into CandidatesData (idno) VALUES (205);
insert into PartyMembership (pid, idno) VALUES (2, 205);
insert into Candidacy (wkid, idno) VALUES (531, 205);
insert into Landeslistenplatz (llid, idno, position) VALUES (1, 205, 27);
insert into Citizen (idno, title, firstname, lastname, dateofbirth, gender) VALUES (206, '', 'Beyer', 'Lars', '1.1.1969.', 'p');
insert into CandidatesData (idno) VALUES (206);
insert into PartyMembership (pid, idno) VALUES (1, 206);
insert into Landeslistenplatz (llid, idno, position) VALUES (3, 206, 9);
insert into Citizen (idno, title, firstname, lastname, dateofbirth, gender) VALUES (207, '', 'Beyer', 'Peter', '1.1.1970.', 'p');
insert into CandidatesData (idno) VALUES (207);
insert into PartyMembership (pid, idno) VALUES (12, 207);
insert into Candidacy (wkid, idno) VALUES (405, 207);
insert into Landeslistenplatz (llid, idno, position) VALUES (12, 207, 53);
insert into Citizen (idno, title, firstname, lastname, dateofbirth, gender) VALUES (208, '', 'Beyer', 'Stephan', '1.1.1985.', 'p');
insert into CandidatesData (idno) VALUES (208);
insert into Candidacy (wkid, idno) VALUES (491, 208);
insert into Citizen (idno, title, firstname, lastname, dateofbirth, gender) VALUES (209, '', 'Beyer', 'Stephan', '1.1.1985.', 'p');
insert into CandidatesData (idno) VALUES (209);
insert into PartyMembership (pid, idno) VALUES (7, 209);
insert into Landeslistenplatz (llid, idno, position) VALUES (7, 209, 8);
insert into Citizen (idno, title, firstname, lastname, dateofbirth, gender) VALUES (210, '', 'Bieder', 'Bettina', '1.1.1980.', 'p');
insert into CandidatesData (idno) VALUES (210);
insert into PartyMembership (pid, idno) VALUES (1, 210);
insert into Candidacy (wkid, idno) VALUES (380, 210);
insert into Citizen (idno, title, firstname, lastname, dateofbirth, gender) VALUES (211, '', 'Bieler', 'Christian', '1.1.1985.', 'p');
insert into CandidatesData (idno) VALUES (211);
insert into PartyMembership (pid, idno) VALUES (1, 211);
insert into Candidacy (wkid, idno) VALUES (497, 211);
insert into Citizen (idno, title, firstname, lastname, dateofbirth, gender) VALUES (212, '', 'Biener', 'KLaus', '1.1.1959.', 'p');
insert into CandidatesData (idno) VALUES (212);
insert into PartyMembership (pid, idno) VALUES (5, 212);
insert into Landeslistenplatz (llid, idno, position) VALUES (5, 212, 8);
insert into Citizen (idno, title, firstname, lastname, dateofbirth, gender) VALUES (213, '', 'Biereichelt', 'Xenia', '1.1.1989.', 'p');
insert into CandidatesData (idno) VALUES (213);
insert into PartyMembership (pid, idno) VALUES (10, 213);
insert into Candidacy (wkid, idno) VALUES (452, 213);
insert into Landeslistenplatz (llid, idno, position) VALUES (10, 213, 6);
insert into Citizen (idno, title, firstname, lastname, dateofbirth, gender) VALUES (214, '', 'Biesenbach', 'Arnhild', '1.1.1955.', 'p');
insert into CandidatesData (idno) VALUES (214);
insert into PartyMembership (pid, idno) VALUES (12, 214);
insert into Landeslistenplatz (llid, idno, position) VALUES (12, 214, 39);
insert into Citizen (idno, title, firstname, lastname, dateofbirth, gender) VALUES (215, '', 'Biester', 'Hans-Dieter', '1.1.1945.', 'p');
insert into CandidatesData (idno) VALUES (215);
insert into PartyMembership (pid, idno) VALUES (18, 215);
insert into Landeslistenplatz (llid, idno, position) VALUES (17, 215, 2);
insert into Citizen (idno, title, firstname, lastname, dateofbirth, gender) VALUES (216, '', 'Bihler', 'Michael', '1.1.1979.', 'p');
insert into CandidatesData (idno) VALUES (216);
insert into PartyMembership (pid, idno) VALUES (9, 216);
insert into Landeslistenplatz (llid, idno, position) VALUES (9, 216, 48);
insert into Citizen (idno, title, firstname, lastname, dateofbirth, gender) VALUES (217, '', 'Bilger', 'Steffen', '1.1.1979.', 'p');
insert into CandidatesData (idno) VALUES (217);
insert into PartyMembership (pid, idno) VALUES (12, 217);
insert into Candidacy (wkid, idno) VALUES (564, 217);
insert into Citizen (idno, title, firstname, lastname, dateofbirth, gender) VALUES (218, '', 'Biller', 'Rainer', '1.1.1965.', 'p');
insert into CandidatesData (idno) VALUES (218);
insert into PartyMembership (pid, idno) VALUES (1, 218);
insert into Candidacy (wkid, idno) VALUES (544, 218);
insert into Citizen (idno, title, firstname, lastname, dateofbirth, gender) VALUES (219, '', 'Binder', 'Karin', '1.1.1957.', 'p');
insert into CandidatesData (idno) VALUES (219);
insert into PartyMembership (pid, idno) VALUES (3, 219);
insert into Candidacy (wkid, idno) VALUES (570, 219);
insert into Landeslistenplatz (llid, idno, position) VALUES (2, 219, 3);
insert into Citizen (idno, title, firstname, lastname, dateofbirth, gender) VALUES (220, '', 'Binder', 'Martin', '1.1.1980.', 'p');
insert into CandidatesData (idno) VALUES (220);
insert into PartyMembership (pid, idno) VALUES (12, 220);
insert into Landeslistenplatz (llid, idno, position) VALUES (12, 220, 16);
insert into Citizen (idno, title, firstname, lastname, dateofbirth, gender) VALUES (221, '', 'Binder', 'Sascha', '1.1.1983.', 'p');
insert into CandidatesData (idno) VALUES (221);
insert into PartyMembership (pid, idno) VALUES (2, 221);
insert into Candidacy (wkid, idno) VALUES (562, 221);
insert into Landeslistenplatz (llid, idno, position) VALUES (1, 221, 29);
insert into Citizen (idno, title, firstname, lastname, dateofbirth, gender) VALUES (222, '', 'Binding', 'Lothar', '1.1.1950.', 'p');
insert into CandidatesData (idno) VALUES (222);
insert into PartyMembership (pid, idno) VALUES (2, 222);
insert into Candidacy (wkid, idno) VALUES (573, 222);
insert into Landeslistenplatz (llid, idno, position) VALUES (1, 222, 14);
insert into Citizen (idno, title, firstname, lastname, dateofbirth, gender) VALUES (223, '', 'Bing', 'Peter', '1.1.1951.', 'p');
insert into CandidatesData (idno) VALUES (223);
insert into PartyMembership (pid, idno) VALUES (18, 223);
insert into Landeslistenplatz (llid, idno, position) VALUES (17, 223, 2);
insert into Citizen (idno, title, firstname, lastname, dateofbirth, gender) VALUES (224, '', 'Binninger', 'Clemens', '1.1.1962.', 'p');
insert into CandidatesData (idno) VALUES (224);
insert into PartyMembership (pid, idno) VALUES (12, 224);
insert into Candidacy (wkid, idno) VALUES (559, 224);
insert into Citizen (idno, title, firstname, lastname, dateofbirth, gender) VALUES (225, '', 'Birk', 'Katharina', '1.1.1967.', 'p');
insert into CandidatesData (idno) VALUES (225);
insert into PartyMembership (pid, idno) VALUES (3, 225);
insert into Landeslistenplatz (llid, idno, position) VALUES (2, 225, 19);
insert into Citizen (idno, title, firstname, lastname, dateofbirth, gender) VALUES (226, '', 'Birkwald', 'Matthias W.', '1.1.1961.', 'p');
insert into CandidatesData (idno) VALUES (226);
insert into PartyMembership (pid, idno) VALUES (3, 226);
insert into Candidacy (wkid, idno) VALUES (394, 226);
insert into Landeslistenplatz (llid, idno, position) VALUES (2, 226, 10);
insert into Citizen (idno, title, firstname, lastname, dateofbirth, gender) VALUES (227, '', 'Bischof', 'Florian', '1.1.1977.', 'p');
insert into CandidatesData (idno) VALUES (227);
insert into PartyMembership (pid, idno) VALUES (7, 227);
insert into Landeslistenplatz (llid, idno, position) VALUES (7, 227, 1);
insert into Citizen (idno, title, firstname, lastname, dateofbirth, gender) VALUES (228, '', 'Bischoff', 'Joachim', '1.1.1944.', 'p');
insert into CandidatesData (idno) VALUES (228);
insert into PartyMembership (pid, idno) VALUES (3, 228);
insert into Candidacy (wkid, idno) VALUES (318, 228);
insert into Citizen (idno, title, firstname, lastname, dateofbirth, gender) VALUES (229, '', 'Bitsch', 'Peter', '1.1.1950.', 'p');
insert into CandidatesData (idno) VALUES (229);
insert into PartyMembership (pid, idno) VALUES (19, 229);
insert into Landeslistenplatz (llid, idno, position) VALUES (18, 229, 5);
insert into Citizen (idno, title, firstname, lastname, dateofbirth, gender) VALUES (230, '', 'Bittel', 'Dr. Günther Wolfgang', '1.1.1953.', 'p');
insert into CandidatesData (idno) VALUES (230);
insert into PartyMembership (pid, idno) VALUES (13, 230);
insert into Landeslistenplatz (llid, idno, position) VALUES (13, 230, 23);
insert into Citizen (idno, title, firstname, lastname, dateofbirth, gender) VALUES (231, '', 'Bläsche', 'Thomas', '1.1.1978.', 'p');
insert into CandidatesData (idno) VALUES (231);
insert into PartyMembership (pid, idno) VALUES (4, 231);
insert into Candidacy (wkid, idno) VALUES (504, 231);
insert into Landeslistenplatz (llid, idno, position) VALUES (4, 231, 10);
insert into Citizen (idno, title, firstname, lastname, dateofbirth, gender) VALUES (232, '', 'Bläsing', 'Robert', '1.1.1982.', 'p');
insert into CandidatesData (idno) VALUES (232);
insert into PartyMembership (pid, idno) VALUES (4, 232);
insert into Candidacy (wkid, idno) VALUES (321, 232);
insert into Landeslistenplatz (llid, idno, position) VALUES (4, 232, 11);
insert into Citizen (idno, title, firstname, lastname, dateofbirth, gender) VALUES (233, '', 'Blank', 'Kurt Jürgen', '1.1.1970.', 'p');
insert into CandidatesData (idno) VALUES (233);
insert into PartyMembership (pid, idno) VALUES (1, 233);
insert into Candidacy (wkid, idno) VALUES (556, 233);
insert into Citizen (idno, title, firstname, lastname, dateofbirth, gender) VALUES (234, '', 'Blankenheim', 'Bernhard', '1.1.1951.', 'p');
insert into CandidatesData (idno) VALUES (234);
insert into PartyMembership (pid, idno) VALUES (1, 234);
insert into Candidacy (wkid, idno) VALUES (395, 234);
insert into Citizen (idno, title, firstname, lastname, dateofbirth, gender) VALUES (235, '', 'Blech', 'Bernd', '1.1.1961.', 'p');
insert into CandidatesData (idno) VALUES (235);
insert into PartyMembership (pid, idno) VALUES (19, 235);
insert into Candidacy (wkid, idno) VALUES (441, 235);
insert into Citizen (idno, title, firstname, lastname, dateofbirth, gender) VALUES (236, '', 'Blechschmidt', 'Thomas', '1.1.1965.', 'p');
insert into CandidatesData (idno) VALUES (236);
insert into Candidacy (wkid, idno) VALUES (520, 236);
insert into Citizen (idno, title, firstname, lastname, dateofbirth, gender) VALUES (237, '', 'Blender', 'Dr. Wolfgang', '1.1.1955.', 'p');
insert into CandidatesData (idno) VALUES (237);
insert into PartyMembership (pid, idno) VALUES (4, 237);
insert into Landeslistenplatz (llid, idno, position) VALUES (4, 237, 26);
insert into Citizen (idno, title, firstname, lastname, dateofbirth, gender) VALUES (238, '', 'Bleser', 'Peter', '1.1.1952.', 'p');
insert into CandidatesData (idno) VALUES (238);
insert into PartyMembership (pid, idno) VALUES (12, 238);
insert into Candidacy (wkid, idno) VALUES (500, 238);
insert into Landeslistenplatz (llid, idno, position) VALUES (12, 238, 4);
insert into Citizen (idno, title, firstname, lastname, dateofbirth, gender) VALUES (239, '', 'Bliemel', 'Stephan', '1.1.1978.', 'p');
insert into CandidatesData (idno) VALUES (239);
insert into PartyMembership (pid, idno) VALUES (2, 239);
insert into Candidacy (wkid, idno) VALUES (311, 239);
insert into Landeslistenplatz (llid, idno, position) VALUES (1, 239, 5);
insert into Citizen (idno, title, firstname, lastname, dateofbirth, gender) VALUES (240, '', 'Bliss', 'Prof. Dr. Frank', '1.1.1956.', 'p');
insert into CandidatesData (idno) VALUES (240);
insert into PartyMembership (pid, idno) VALUES (5, 240);
insert into Candidacy (wkid, idno) VALUES (498, 240);
insert into Citizen (idno, title, firstname, lastname, dateofbirth, gender) VALUES (241, '', 'Blitz', 'Detlev', '1.1.1958.', 'p');
insert into CandidatesData (idno) VALUES (241);
insert into PartyMembership (pid, idno) VALUES (2, 241);
insert into Candidacy (wkid, idno) VALUES (486, 241);
insert into Landeslistenplatz (llid, idno, position) VALUES (1, 241, 18);
insert into Citizen (idno, title, firstname, lastname, dateofbirth, gender) VALUES (242, '', 'Blocks', 'Günter', '1.1.1958.', 'p');
insert into CandidatesData (idno) VALUES (242);
insert into PartyMembership (pid, idno) VALUES (3, 242);
insert into Candidacy (wkid, idno) VALUES (425, 242);
insert into Citizen (idno, title, firstname, lastname, dateofbirth, gender) VALUES (243, '', 'Blöcker', 'Dr. Helmut', '1.1.1945.', 'p');
insert into CandidatesData (idno) VALUES (243);
insert into PartyMembership (pid, idno) VALUES (5, 243);
insert into Candidacy (wkid, idno) VALUES (350, 243);
insert into Citizen (idno, title, firstname, lastname, dateofbirth, gender) VALUES (244, '', 'Blohm', 'Marion Else', '1.1.1953.', 'p');
insert into CandidatesData (idno) VALUES (244);
insert into PartyMembership (pid, idno) VALUES (11, 244);
insert into Landeslistenplatz (llid, idno, position) VALUES (11, 244, 3);
insert into Citizen (idno, title, firstname, lastname, dateofbirth, gender) VALUES (245, '', 'Blome', 'Frank', '1.1.1973.', 'p');
insert into CandidatesData (idno) VALUES (245);
insert into PartyMembership (pid, idno) VALUES (1, 245);
insert into Candidacy (wkid, idno) VALUES (340, 245);
insert into Citizen (idno, title, firstname, lastname, dateofbirth, gender) VALUES (246, '', 'Blotenberg', 'Barbara', '1.1.1960.', 'p');
insert into CandidatesData (idno) VALUES (246);
insert into PartyMembership (pid, idno) VALUES (5, 246);
insert into Candidacy (wkid, idno) VALUES (443, 246);
insert into Citizen (idno, title, firstname, lastname, dateofbirth, gender) VALUES (247, '', 'Bluhm', 'Heidrun', '1.1.1958.', 'p');
insert into CandidatesData (idno) VALUES (247);
insert into PartyMembership (pid, idno) VALUES (3, 247);
insert into Candidacy (wkid, idno) VALUES (316, 247);
insert into Landeslistenplatz (llid, idno, position) VALUES (2, 247, 3);
insert into Citizen (idno, title, firstname, lastname, dateofbirth, gender) VALUES (248, '', 'Blum', 'Claudia', '1.1.1968.', 'p');
insert into CandidatesData (idno) VALUES (248);
insert into PartyMembership (pid, idno) VALUES (2, 248);
insert into Candidacy (wkid, idno) VALUES (474, 248);
insert into Landeslistenplatz (llid, idno, position) VALUES (1, 248, 15);
insert into Citizen (idno, title, firstname, lastname, dateofbirth, gender) VALUES (249, '', 'Blume', 'Klaus', '1.1.1944.', 'p');
insert into CandidatesData (idno) VALUES (249);
insert into PartyMembership (pid, idno) VALUES (14, 249);
insert into Candidacy (wkid, idno) VALUES (525, 249);
insert into Citizen (idno, title, firstname, lastname, dateofbirth, gender) VALUES (250, '', 'Blumenthal', 'Sebastian', '1.1.1974.', 'p');
insert into CandidatesData (idno) VALUES (250);
insert into PartyMembership (pid, idno) VALUES (4, 250);
insert into Candidacy (wkid, idno) VALUES (304, 250);
insert into Landeslistenplatz (llid, idno, position) VALUES (4, 250, 3);
insert into Citizen (idno, title, firstname, lastname, dateofbirth, gender) VALUES (251, '', 'Blumentritt', 'Volker', '1.1.1946.', 'p');
insert into CandidatesData (idno) VALUES (251);
insert into PartyMembership (pid, idno) VALUES (2, 251);
insert into Candidacy (wkid, idno) VALUES (493, 251);
insert into Landeslistenplatz (llid, idno, position) VALUES (1, 251, 6);
insert into Citizen (idno, title, firstname, lastname, dateofbirth, gender) VALUES (252, '', 'Blumer', 'Jürgen', '1.1.1958.', 'p');
insert into CandidatesData (idno) VALUES (252);
insert into PartyMembership (pid, idno) VALUES (13, 252);
insert into Candidacy (wkid, idno) VALUES (416, 252);
insert into Citizen (idno, title, firstname, lastname, dateofbirth, gender) VALUES (253, '', 'Bockhahn', 'Steffen', '1.1.1978.', 'p');
insert into CandidatesData (idno) VALUES (253);
insert into PartyMembership (pid, idno) VALUES (3, 253);
insert into Candidacy (wkid, idno) VALUES (313, 253);
insert into Citizen (idno, title, firstname, lastname, dateofbirth, gender) VALUES (254, '', 'Bögel', 'Claudia', '1.1.1961.', 'p');
insert into CandidatesData (idno) VALUES (254);
insert into PartyMembership (pid, idno) VALUES (4, 254);
insert into Candidacy (wkid, idno) VALUES (424, 254);
insert into Landeslistenplatz (llid, idno, position) VALUES (4, 254, 17);
insert into Citizen (idno, title, firstname, lastname, dateofbirth, gender) VALUES (255, '', 'Böger', 'Melanie', '1.1.1971.', 'p');
insert into CandidatesData (idno) VALUES (255);
insert into PartyMembership (pid, idno) VALUES (3, 255);
insert into Landeslistenplatz (llid, idno, position) VALUES (2, 255, 9);
insert into Citizen (idno, title, firstname, lastname, dateofbirth, gender) VALUES (256, '', 'Böhler', 'Werner', '1.1.1964.', 'p');
insert into CandidatesData (idno) VALUES (256);
insert into PartyMembership (pid, idno) VALUES (2, 256);
insert into Candidacy (wkid, idno) VALUES (436, 256);
insert into Landeslistenplatz (llid, idno, position) VALUES (1, 256, 41);
insert into Citizen (idno, title, firstname, lastname, dateofbirth, gender) VALUES (257, '', 'Böhm', 'Dr. Dorothea', '1.1.1962.', 'p');
insert into CandidatesData (idno) VALUES (257);
insert into PartyMembership (pid, idno) VALUES (22, 257);
insert into LandesListe (llid, year, pid, fsid) VALUES (22, 2009, 22, 4);
insert into Landeslistenplatz (llid, idno, position) VALUES (22, 257, 2);
insert into Citizen (idno, title, firstname, lastname, dateofbirth, gender) VALUES (258, '', 'Böhm', 'Walter', '1.1.1959.', 'p');
insert into CandidatesData (idno) VALUES (258);
insert into PartyMembership (pid, idno) VALUES (1, 258);
insert into Candidacy (wkid, idno) VALUES (518, 258);
insert into Citizen (idno, title, firstname, lastname, dateofbirth, gender) VALUES (259, '', 'Böhmer', 'Prof. Dr. Maria', '1.1.1950.', 'p');
insert into CandidatesData (idno) VALUES (259);
insert into PartyMembership (pid, idno) VALUES (12, 259);
insert into Candidacy (wkid, idno) VALUES (507, 259);
insert into Landeslistenplatz (llid, idno, position) VALUES (12, 259, 2);
insert into Citizen (idno, title, firstname, lastname, dateofbirth, gender) VALUES (260, '', 'Böhmler', 'Helmut', '1.1.1952.', 'p');
insert into CandidatesData (idno) VALUES (260);
insert into PartyMembership (pid, idno) VALUES (13, 260);
insert into Candidacy (wkid, idno) VALUES (402, 260);
insert into Citizen (idno, title, firstname, lastname, dateofbirth, gender) VALUES (261, '', 'Böhner', 'Georg', '1.1.1957.', 'p');
insert into CandidatesData (idno) VALUES (261);
insert into PartyMembership (pid, idno) VALUES (3, 261);
insert into Candidacy (wkid, idno) VALUES (536, 261);
insert into Citizen (idno, title, firstname, lastname, dateofbirth, gender) VALUES (262, '', 'Böhning', 'Björn Lars', '1.1.1978.', 'p');
insert into CandidatesData (idno) VALUES (262);
insert into PartyMembership (pid, idno) VALUES (2, 262);
insert into Candidacy (wkid, idno) VALUES (383, 262);
insert into Citizen (idno, title, firstname, lastname, dateofbirth, gender) VALUES (263, '', 'Börm', 'Manfred', '1.1.1950.', 'p');
insert into CandidatesData (idno) VALUES (263);
insert into PartyMembership (pid, idno) VALUES (1, 263);
insert into Candidacy (wkid, idno) VALUES (344, 263);
insert into Landeslistenplatz (llid, idno, position) VALUES (3, 263, 9);
insert into Citizen (idno, title, firstname, lastname, dateofbirth, gender) VALUES (264, '', 'Börnsen', 'Wolfgang', '1.1.1942.', 'p');
insert into CandidatesData (idno) VALUES (264);
insert into PartyMembership (pid, idno) VALUES (12, 264);
insert into Candidacy (wkid, idno) VALUES (300, 264);
insert into Landeslistenplatz (llid, idno, position) VALUES (12, 264, 4);
insert into Citizen (idno, title, firstname, lastname, dateofbirth, gender) VALUES (265, '', 'Börs', 'Peter', '1.1.1944.', 'p');
insert into CandidatesData (idno) VALUES (265);
insert into PartyMembership (pid, idno) VALUES (1, 265);
insert into Candidacy (wkid, idno) VALUES (356, 265);
insert into Citizen (idno, title, firstname, lastname, dateofbirth, gender) VALUES (266, '', 'Boes', 'Ralph', '1.1.1957.', 'p');
insert into CandidatesData (idno) VALUES (266);
insert into Candidacy (wkid, idno) VALUES (375, 266);
insert into Citizen (idno, title, firstname, lastname, dateofbirth, gender) VALUES (267, '', 'Böttcher', 'Jorg', '1.1.1958.', 'p');
insert into CandidatesData (idno) VALUES (267);
insert into Candidacy (wkid, idno) VALUES (347, 267);
insert into Citizen (idno, title, firstname, lastname, dateofbirth, gender) VALUES (268, '', 'Böttcher', 'Süntje', '1.1.1981.', 'p');
insert into CandidatesData (idno) VALUES (268);
insert into PartyMembership (pid, idno) VALUES (7, 268);
insert into Landeslistenplatz (llid, idno, position) VALUES (7, 268, 8);
insert into Citizen (idno, title, firstname, lastname, dateofbirth, gender) VALUES (269, '', 'Böttcher', 'Viktor', '1.1.1952.', 'p');
insert into CandidatesData (idno) VALUES (269);
insert into PartyMembership (pid, idno) VALUES (2, 269);
insert into Landeslistenplatz (llid, idno, position) VALUES (1, 269, 34);
insert into Citizen (idno, title, firstname, lastname, dateofbirth, gender) VALUES (270, '', 'Böttger', 'Dr. Martin', '1.1.1947.', 'p');
insert into CandidatesData (idno) VALUES (270);
insert into PartyMembership (pid, idno) VALUES (5, 270);
insert into Candidacy (wkid, idno) VALUES (465, 270);
insert into Citizen (idno, title, firstname, lastname, dateofbirth, gender) VALUES (271, '', 'Bok', 'Karl-Heinz', '1.1.1951.', 'p');
insert into CandidatesData (idno) VALUES (271);
insert into PartyMembership (pid, idno) VALUES (8, 271);
insert into Candidacy (wkid, idno) VALUES (563, 271);
insert into Landeslistenplatz (llid, idno, position) VALUES (8, 271, 11);
insert into Citizen (idno, title, firstname, lastname, dateofbirth, gender) VALUES (272, '', 'Bollmann', 'Gerd', '1.1.1947.', 'p');
insert into CandidatesData (idno) VALUES (272);
insert into PartyMembership (pid, idno) VALUES (2, 272);
insert into Candidacy (wkid, idno) VALUES (441, 272);
insert into Citizen (idno, title, firstname, lastname, dateofbirth, gender) VALUES (273, '', 'Bonde', 'Alexander', '1.1.1975.', 'p');
insert into CandidatesData (idno) VALUES (273);
insert into PartyMembership (pid, idno) VALUES (5, 273);
insert into Candidacy (wkid, idno) VALUES (582, 273);
insert into Landeslistenplatz (llid, idno, position) VALUES (5, 273, 8);
insert into Citizen (idno, title, firstname, lastname, dateofbirth, gender) VALUES (274, '', 'Borde', 'Keno', '1.1.1982.', 'p');
insert into CandidatesData (idno) VALUES (274);
insert into PartyMembership (pid, idno) VALUES (2, 274);
insert into Candidacy (wkid, idno) VALUES (325, 274);
insert into Landeslistenplatz (llid, idno, position) VALUES (1, 274, 28);
insert into Citizen (idno, title, firstname, lastname, dateofbirth, gender) VALUES (275, '', 'Borgwardt', 'Klaus-Peter', '1.1.1953.', 'p');
insert into CandidatesData (idno) VALUES (275);
insert into PartyMembership (pid, idno) VALUES (13, 275);
insert into Landeslistenplatz (llid, idno, position) VALUES (13, 275, 1);
insert into Citizen (idno, title, firstname, lastname, dateofbirth, gender) VALUES (276, '', 'Borgwardt', 'Sonja Angela', '1.1.1951.', 'p');
insert into CandidatesData (idno) VALUES (276);
insert into PartyMembership (pid, idno) VALUES (13, 276);
insert into Landeslistenplatz (llid, idno, position) VALUES (13, 276, 24);
insert into Citizen (idno, title, firstname, lastname, dateofbirth, gender) VALUES (277, '', 'Born', 'Helmut', '1.1.1952.', 'p');
insert into CandidatesData (idno) VALUES (277);
insert into PartyMembership (pid, idno) VALUES (3, 277);
insert into Candidacy (wkid, idno) VALUES (406, 277);
insert into Citizen (idno, title, firstname, lastname, dateofbirth, gender) VALUES (278, '', 'Born', 'Markus', '1.1.1982.', 'p');
insert into CandidatesData (idno) VALUES (278);
insert into PartyMembership (pid, idno) VALUES (1, 278);
insert into Candidacy (wkid, idno) VALUES (405, 278);
insert into Citizen (idno, title, firstname, lastname, dateofbirth, gender) VALUES (279, '', 'Born', 'Thomas', '1.1.1983.', 'p');
insert into CandidatesData (idno) VALUES (279);
insert into PartyMembership (pid, idno) VALUES (10, 279);
insert into Landeslistenplatz (llid, idno, position) VALUES (10, 279, 10);
insert into Citizen (idno, title, firstname, lastname, dateofbirth, gender) VALUES (280, '', 'Borrmann', 'Raimund Frank', '1.1.1960.', 'p');
insert into CandidatesData (idno) VALUES (280);
insert into PartyMembership (pid, idno) VALUES (1, 280);
insert into Candidacy (wkid, idno) VALUES (314, 280);
insert into Citizen (idno, title, firstname, lastname, dateofbirth, gender) VALUES (281, '', 'Bortlisz-Dickhoff', 'Johannes Martin Maria', '1.1.1957.', 'p');
insert into CandidatesData (idno) VALUES (281);
insert into PartyMembership (pid, idno) VALUES (5, 281);
insert into Candidacy (wkid, idno) VALUES (391, 281);
insert into Citizen (idno, title, firstname, lastname, dateofbirth, gender) VALUES (282, '', 'Bosbach', 'Wolfgang', '1.1.1952.', 'p');
insert into CandidatesData (idno) VALUES (282);
insert into PartyMembership (pid, idno) VALUES (12, 282);
insert into Candidacy (wkid, idno) VALUES (400, 282);
insert into Landeslistenplatz (llid, idno, position) VALUES (12, 282, 7);
insert into Citizen (idno, title, firstname, lastname, dateofbirth, gender) VALUES (283, '', 'Bosold', 'Hans-Joachim', '1.1.1952.', 'p');
insert into CandidatesData (idno) VALUES (283);
insert into PartyMembership (pid, idno) VALUES (1, 283);
insert into Candidacy (wkid, idno) VALUES (474, 283);
insert into Citizen (idno, title, firstname, lastname, dateofbirth, gender) VALUES (284, '', 'Bosse von', 'Dr. Arnold Klaus Siegmund Georg', '1.1.1947.', 'p');
insert into CandidatesData (idno) VALUES (284);
insert into PartyMembership (pid, idno) VALUES (5, 284);
insert into Candidacy (wkid, idno) VALUES (314, 284);
insert into Citizen (idno, title, firstname, lastname, dateofbirth, gender) VALUES (285, '', 'Bothe', 'Karin', '1.1.1965.', 'p');
insert into CandidatesData (idno) VALUES (285);
insert into PartyMembership (pid, idno) VALUES (4, 285);
insert into Landeslistenplatz (llid, idno, position) VALUES (4, 285, 25);
insert into Citizen (idno, title, firstname, lastname, dateofbirth, gender) VALUES (286, '', 'Bothe', 'Martin', '1.1.1968.', 'p');
insert into CandidatesData (idno) VALUES (286);
insert into PartyMembership (pid, idno) VALUES (16, 286);
insert into Landeslistenplatz (llid, idno, position) VALUES (15, 286, 2);
insert into Citizen (idno, title, firstname, lastname, dateofbirth, gender) VALUES (287, '', 'Bousonville', 'Reiner', '1.1.1961.', 'p');
insert into CandidatesData (idno) VALUES (287);
insert into PartyMembership (pid, idno) VALUES (5, 287);
insert into Candidacy (wkid, idno) VALUES (479, 287);
insert into Citizen (idno, title, firstname, lastname, dateofbirth, gender) VALUES (288, '', 'Boxler', 'Stefan Alois', '1.1.1964.', 'p');
insert into CandidatesData (idno) VALUES (288);
insert into PartyMembership (pid, idno) VALUES (5, 288);
insert into Candidacy (wkid, idno) VALUES (463, 288);
insert into Landeslistenplatz (llid, idno, position) VALUES (5, 288, 6);
insert into Citizen (idno, title, firstname, lastname, dateofbirth, gender) VALUES (289, '', 'Bracht-Bendt', 'Nicole', '1.1.1959.', 'p');
insert into CandidatesData (idno) VALUES (289);
insert into PartyMembership (pid, idno) VALUES (4, 289);
insert into Candidacy (wkid, idno) VALUES (336, 289);
insert into Landeslistenplatz (llid, idno, position) VALUES (4, 289, 6);
insert into Citizen (idno, title, firstname, lastname, dateofbirth, gender) VALUES (290, '', 'Brackmann', 'Norbert', '1.1.1954.', 'p');
insert into CandidatesData (idno) VALUES (290);
insert into PartyMembership (pid, idno) VALUES (12, 290);
insert into Candidacy (wkid, idno) VALUES (309, 290);
insert into Landeslistenplatz (llid, idno, position) VALUES (12, 290, 11);
insert into Citizen (idno, title, firstname, lastname, dateofbirth, gender) VALUES (291, '', 'Brähmig', 'Klaus Peter', '1.1.1957.', 'p');
insert into CandidatesData (idno) VALUES (291);
insert into PartyMembership (pid, idno) VALUES (12, 291);
insert into Candidacy (wkid, idno) VALUES (458, 291);
insert into Landeslistenplatz (llid, idno, position) VALUES (12, 291, 6);
insert into Citizen (idno, title, firstname, lastname, dateofbirth, gender) VALUES (292, '', 'Bräuer', 'Rolf', '1.1.1955.', 'p');
insert into CandidatesData (idno) VALUES (292);
insert into PartyMembership (pid, idno) VALUES (5, 292);
insert into Candidacy (wkid, idno) VALUES (345, 292);
insert into Citizen (idno, title, firstname, lastname, dateofbirth, gender) VALUES (293, '', 'Bräutigam', 'Dr. Lutz', '1.1.1968.', 'p');
insert into CandidatesData (idno) VALUES (293);
insert into PartyMembership (pid, idno) VALUES (5, 293);
insert into Candidacy (wkid, idno) VALUES (541, 293);
insert into Citizen (idno, title, firstname, lastname, dateofbirth, gender) VALUES (294, '', 'Brand', 'Matthias Walter Heinrich', '1.1.1961.', 'p');
insert into CandidatesData (idno) VALUES (294);
insert into PartyMembership (pid, idno) VALUES (22, 294);
insert into Landeslistenplatz (llid, idno, position) VALUES (22, 294, 9);
insert into Citizen (idno, title, firstname, lastname, dateofbirth, gender) VALUES (295, '', 'Brand', 'Michael', '1.1.1973.', 'p');
insert into CandidatesData (idno) VALUES (295);
insert into PartyMembership (pid, idno) VALUES (12, 295);
insert into Candidacy (wkid, idno) VALUES (474, 295);
insert into Landeslistenplatz (llid, idno, position) VALUES (12, 295, 18);
insert into Citizen (idno, title, firstname, lastname, dateofbirth, gender) VALUES (296, '', 'Brandhoff', 'Sascha', '1.1.1982.', 'p');
insert into CandidatesData (idno) VALUES (296);
insert into PartyMembership (pid, idno) VALUES (7, 296);
insert into Landeslistenplatz (llid, idno, position) VALUES (7, 296, 6);
insert into Citizen (idno, title, firstname, lastname, dateofbirth, gender) VALUES (297, '', 'Brandl', 'Bernd', '1.1.1972.', 'p');
insert into CandidatesData (idno) VALUES (297);
insert into PartyMembership (pid, idno) VALUES (15, 297);
insert into Landeslistenplatz (llid, idno, position) VALUES (14, 297, 14);
insert into Citizen (idno, title, firstname, lastname, dateofbirth, gender) VALUES (298, '', 'Brandl', 'Dr. Reinhard', '1.1.1977.', 'p');
insert into CandidatesData (idno) VALUES (298);
insert into PartyMembership (pid, idno) VALUES (9, 298);
insert into Candidacy (wkid, idno) VALUES (516, 298);
insert into Citizen (idno, title, firstname, lastname, dateofbirth, gender) VALUES (299, '', 'Brandner', 'Klaus', '1.1.1949.', 'p');
insert into CandidatesData (idno) VALUES (299);
insert into PartyMembership (pid, idno) VALUES (2, 299);
insert into Candidacy (wkid, idno) VALUES (431, 299);
insert into Landeslistenplatz (llid, idno, position) VALUES (1, 299, 6);
insert into Citizen (idno, title, firstname, lastname, dateofbirth, gender) VALUES (300, '', 'Brandt', 'Achim', '1.1.1965.', 'p');
insert into CandidatesData (idno) VALUES (300);
insert into PartyMembership (pid, idno) VALUES (20, 300);
insert into Landeslistenplatz (llid, idno, position) VALUES (19, 300, 4);
insert into Citizen (idno, title, firstname, lastname, dateofbirth, gender) VALUES (301, '', 'Brandt', 'Fridolin', '1.1.1945.', 'p');
insert into CandidatesData (idno) VALUES (301);
insert into PartyMembership (pid, idno) VALUES (3, 301);
insert into Candidacy (wkid, idno) VALUES (515, 301);
insert into Citizen (idno, title, firstname, lastname, dateofbirth, gender) VALUES (302, '', 'Brandt', 'Helmut', '1.1.1950.', 'p');
insert into CandidatesData (idno) VALUES (302);
insert into PartyMembership (pid, idno) VALUES (12, 302);
insert into Candidacy (wkid, idno) VALUES (388, 302);
insert into Landeslistenplatz (llid, idno, position) VALUES (12, 302, 29);
insert into Citizen (idno, title, firstname, lastname, dateofbirth, gender) VALUES (303, '', 'Brandt', 'Holger Ernst', '1.1.1989.', 'p');
insert into CandidatesData (idno) VALUES (303);
insert into Candidacy (wkid, idno) VALUES (376, 303);
insert into Citizen (idno, title, firstname, lastname, dateofbirth, gender) VALUES (304, '', 'Branghofer', 'Gerald', '1.1.1983.', 'p');
insert into CandidatesData (idno) VALUES (304);
insert into PartyMembership (pid, idno) VALUES (11, 304);
insert into Landeslistenplatz (llid, idno, position) VALUES (11, 304, 3);
insert into Citizen (idno, title, firstname, lastname, dateofbirth, gender) VALUES (305, '', 'Branghofer', 'Max Erich', '1.1.1945.', 'p');
insert into CandidatesData (idno) VALUES (305);
insert into PartyMembership (pid, idno) VALUES (11, 305);
insert into Landeslistenplatz (llid, idno, position) VALUES (11, 305, 1);
insert into Citizen (idno, title, firstname, lastname, dateofbirth, gender) VALUES (306, '', 'Brase', 'Willi', '1.1.1951.', 'p');
insert into CandidatesData (idno) VALUES (306);
insert into PartyMembership (pid, idno) VALUES (2, 306);
insert into Candidacy (wkid, idno) VALUES (448, 306);
insert into Landeslistenplatz (llid, idno, position) VALUES (1, 306, 5);
insert into Citizen (idno, title, firstname, lastname, dateofbirth, gender) VALUES (307, '', 'Brauer', 'Stephen', '1.1.1970.', 'p');
insert into CandidatesData (idno) VALUES (307);
insert into PartyMembership (pid, idno) VALUES (4, 307);
insert into Candidacy (wkid, idno) VALUES (567, 307);
insert into Landeslistenplatz (llid, idno, position) VALUES (4, 307, 18);
insert into Citizen (idno, title, firstname, lastname, dateofbirth, gender) VALUES (308, '', 'Brauksiepe', 'Dr. Ralf', '1.1.1967.', 'p');
insert into CandidatesData (idno) VALUES (308);
insert into PartyMembership (pid, idno) VALUES (12, 308);
insert into Candidacy (wkid, idno) VALUES (439, 308);
insert into Landeslistenplatz (llid, idno, position) VALUES (12, 308, 10);
insert into Citizen (idno, title, firstname, lastname, dateofbirth, gender) VALUES (309, '', 'Braun', 'Dr. Bernhard', '1.1.1958.', 'p');
insert into CandidatesData (idno) VALUES (309);
insert into PartyMembership (pid, idno) VALUES (5, 309);
insert into Candidacy (wkid, idno) VALUES (507, 309);
insert into Citizen (idno, title, firstname, lastname, dateofbirth, gender) VALUES (310, '', 'Braun', 'Dr. Helge Reinhold', '1.1.1972.', 'p');
insert into CandidatesData (idno) VALUES (310);
insert into PartyMembership (pid, idno) VALUES (12, 310);
insert into Candidacy (wkid, idno) VALUES (473, 310);
insert into Landeslistenplatz (llid, idno, position) VALUES (12, 310, 10);
insert into Citizen (idno, title, firstname, lastname, dateofbirth, gender) VALUES (311, '', 'Braun', 'Petra', '1.1.1957.', 'p');
insert into CandidatesData (idno) VALUES (311);
insert into PartyMembership (pid, idno) VALUES (13, 311);
insert into Candidacy (wkid, idno) VALUES (425, 311);
insert into Citizen (idno, title, firstname, lastname, dateofbirth, gender) VALUES (312, '', 'Braun', 'Volker', '1.1.1970.', 'p');
insert into CandidatesData (idno) VALUES (312);
insert into PartyMembership (pid, idno) VALUES (1, 312);
insert into Candidacy (wkid, idno) VALUES (419, 312);
insert into Citizen (idno, title, firstname, lastname, dateofbirth, gender) VALUES (313, '', 'Brauner', 'Manfred', '1.1.1960.', 'p');
insert into CandidatesData (idno) VALUES (313);
insert into PartyMembership (pid, idno) VALUES (3, 313);
insert into Candidacy (wkid, idno) VALUES (338, 313);
insert into Landeslistenplatz (llid, idno, position) VALUES (2, 313, 10);
insert into Citizen (idno, title, firstname, lastname, dateofbirth, gender) VALUES (314, '', 'Bredow', 'von Harald-Ingo', '1.1.1949.', 'p');
insert into CandidatesData (idno) VALUES (314);
insert into PartyMembership (pid, idno) VALUES (15, 314);
insert into Landeslistenplatz (llid, idno, position) VALUES (14, 314, 47);
insert into Citizen (idno, title, firstname, lastname, dateofbirth, gender) VALUES (315, '', 'Brehme', 'Ulrich Johannes', '1.1.1966.', 'p');
insert into CandidatesData (idno) VALUES (315);
insert into PartyMembership (pid, idno) VALUES (8, 315);
insert into Landeslistenplatz (llid, idno, position) VALUES (8, 315, 2);
insert into Citizen (idno, title, firstname, lastname, dateofbirth, gender) VALUES (316, '', 'Brehmer', 'Heike', '1.1.1962.', 'p');
insert into CandidatesData (idno) VALUES (316);
insert into PartyMembership (pid, idno) VALUES (12, 316);
insert into Candidacy (wkid, idno) VALUES (368, 316);
insert into Landeslistenplatz (llid, idno, position) VALUES (12, 316, 6);
insert into Citizen (idno, title, firstname, lastname, dateofbirth, gender) VALUES (317, '', 'Breidbach', 'Manfred Helmut', '1.1.1968.', 'p');
insert into CandidatesData (idno) VALUES (317);
insert into PartyMembership (pid, idno) VALUES (1, 317);
insert into Candidacy (wkid, idno) VALUES (406, 317);
insert into Landeslistenplatz (llid, idno, position) VALUES (3, 317, 4);
insert into Citizen (idno, title, firstname, lastname, dateofbirth, gender) VALUES (318, '', 'Breidenbach', 'Rolf', '1.1.1955.', 'p');
insert into CandidatesData (idno) VALUES (318);
insert into PartyMembership (pid, idno) VALUES (4, 318);
insert into Candidacy (wkid, idno) VALUES (379, 318);
insert into Landeslistenplatz (llid, idno, position) VALUES (4, 318, 11);
insert into Citizen (idno, title, firstname, lastname, dateofbirth, gender) VALUES (319, '', 'Breil', 'Klaus', '1.1.1945.', 'p');
insert into CandidatesData (idno) VALUES (319);
insert into PartyMembership (pid, idno) VALUES (4, 319);
insert into Candidacy (wkid, idno) VALUES (525, 319);
insert into Landeslistenplatz (llid, idno, position) VALUES (4, 319, 13);
insert into Citizen (idno, title, firstname, lastname, dateofbirth, gender) VALUES (320, '', 'Breitenbach', 'Elke', '1.1.1961.', 'p');
insert into CandidatesData (idno) VALUES (320);
insert into PartyMembership (pid, idno) VALUES (3, 320);
insert into Landeslistenplatz (llid, idno, position) VALUES (2, 320, 9);
insert into Citizen (idno, title, firstname, lastname, dateofbirth, gender) VALUES (321, '', 'Breitenfellner', 'Thomas Achim', '1.1.1982.', 'p');
insert into CandidatesData (idno) VALUES (321);
insert into PartyMembership (pid, idno) VALUES (9, 321);
insert into Landeslistenplatz (llid, idno, position) VALUES (9, 321, 45);
insert into Citizen (idno, title, firstname, lastname, dateofbirth, gender) VALUES (322, '', 'Breitmeier', 'Adolf Wilhelm', '1.1.1937.', 'p');
insert into CandidatesData (idno) VALUES (322);
insert into PartyMembership (pid, idno) VALUES (23, 322);
insert into Candidacy (wkid, idno) VALUES (485, 322);
insert into Citizen (idno, title, firstname, lastname, dateofbirth, gender) VALUES (323, '', 'Brem', 'Hermann', '1.1.1961.', 'p');
insert into CandidatesData (idno) VALUES (323);
insert into PartyMembership (pid, idno) VALUES (5, 323);
insert into Candidacy (wkid, idno) VALUES (520, 323);
insert into Landeslistenplatz (llid, idno, position) VALUES (5, 323, 16);
insert into Citizen (idno, title, firstname, lastname, dateofbirth, gender) VALUES (324, '', 'Bremer', 'Klaus', '1.1.1952.', 'p');
insert into CandidatesData (idno) VALUES (324);
insert into PartyMembership (pid, idno) VALUES (13, 324);
insert into Landeslistenplatz (llid, idno, position) VALUES (13, 324, 4);
insert into Citizen (idno, title, firstname, lastname, dateofbirth, gender) VALUES (325, '', 'Brenner', 'Dr. Gerd', '1.1.1949.', 'p');
insert into CandidatesData (idno) VALUES (325);
insert into PartyMembership (pid, idno) VALUES (5, 325);
insert into Candidacy (wkid, idno) VALUES (409, 325);
insert into Citizen (idno, title, firstname, lastname, dateofbirth, gender) VALUES (326, '', 'Brenning', 'Ernst', '1.1.1952.', 'p');
insert into CandidatesData (idno) VALUES (326);
insert into PartyMembership (pid, idno) VALUES (12, 326);
insert into Landeslistenplatz (llid, idno, position) VALUES (12, 326, 10);
insert into Citizen (idno, title, firstname, lastname, dateofbirth, gender) VALUES (327, '', 'Bresch', 'Harald', '1.1.1962.', 'p');
insert into CandidatesData (idno) VALUES (327);
insert into Candidacy (wkid, idno) VALUES (366, 327);
insert into Citizen (idno, title, firstname, lastname, dateofbirth, gender) VALUES (328, '', 'Bresonik', 'Frank', '1.1.1969.', 'p');
insert into CandidatesData (idno) VALUES (328);
insert into PartyMembership (pid, idno) VALUES (22, 328);
insert into Landeslistenplatz (llid, idno, position) VALUES (22, 328, 11);
insert into Citizen (idno, title, firstname, lastname, dateofbirth, gender) VALUES (329, '', 'Breyer', 'Eveline', '1.1.1982.', 'p');
insert into CandidatesData (idno) VALUES (329);
insert into PartyMembership (pid, idno) VALUES (12, 329);
insert into Landeslistenplatz (llid, idno, position) VALUES (12, 329, 38);
insert into Citizen (idno, title, firstname, lastname, dateofbirth, gender) VALUES (330, '', 'Brie', 'Dr. Andreas', '1.1.1950.', 'p');
insert into CandidatesData (idno) VALUES (330);
insert into PartyMembership (pid, idno) VALUES (3, 330);
insert into Candidacy (wkid, idno) VALUES (365, 330);
insert into Citizen (idno, title, firstname, lastname, dateofbirth, gender) VALUES (331, '', 'Brinkhaus', 'Ralph', '1.1.1968.', 'p');
insert into CandidatesData (idno) VALUES (331);
insert into PartyMembership (pid, idno) VALUES (12, 331);
insert into Candidacy (wkid, idno) VALUES (431, 331);
insert into Landeslistenplatz (llid, idno, position) VALUES (12, 331, 45);
insert into Citizen (idno, title, firstname, lastname, dateofbirth, gender) VALUES (332, '', 'Brinkmann', 'Bernhard', '1.1.1952.', 'p');
insert into CandidatesData (idno) VALUES (332);
insert into PartyMembership (pid, idno) VALUES (2, 332);
insert into Candidacy (wkid, idno) VALUES (348, 332);
insert into Landeslistenplatz (llid, idno, position) VALUES (1, 332, 22);
insert into Citizen (idno, title, firstname, lastname, dateofbirth, gender) VALUES (333, '', 'Brocke von', 'Rüdiger', '1.1.1957.', 'p');
insert into CandidatesData (idno) VALUES (333);
insert into PartyMembership (pid, idno) VALUES (2, 333);
insert into Landeslistenplatz (llid, idno, position) VALUES (1, 333, 18);
insert into Citizen (idno, title, firstname, lastname, dateofbirth, gender) VALUES (334, '', 'Brodnicki', 'Benjamin', '1.1.1986.', 'p');
insert into CandidatesData (idno) VALUES (334);
insert into PartyMembership (pid, idno) VALUES (11, 334);
insert into Landeslistenplatz (llid, idno, position) VALUES (11, 334, 5);
insert into Citizen (idno, title, firstname, lastname, dateofbirth, gender) VALUES (335, '', 'Brodtrück', 'Bernd', '1.1.1970.', 'p');
insert into CandidatesData (idno) VALUES (335);
insert into PartyMembership (pid, idno) VALUES (10, 335);
insert into Landeslistenplatz (llid, idno, position) VALUES (10, 335, 8);
insert into Citizen (idno, title, firstname, lastname, dateofbirth, gender) VALUES (336, '', 'Brömsen', 'Edith', '1.1.1959.', 'p');
insert into CandidatesData (idno) VALUES (336);
insert into PartyMembership (pid, idno) VALUES (6, 336);
insert into Landeslistenplatz (llid, idno, position) VALUES (6, 336, 10);
insert into Citizen (idno, title, firstname, lastname, dateofbirth, gender) VALUES (337, '', 'Brose', 'Dieter Manfred', '1.1.1943.', 'p');
insert into CandidatesData (idno) VALUES (337);
insert into PartyMembership (pid, idno) VALUES (1, 337);
insert into Candidacy (wkid, idno) VALUES (360, 337);
insert into Landeslistenplatz (llid, idno, position) VALUES (3, 337, 10);
insert into Citizen (idno, title, firstname, lastname, dateofbirth, gender) VALUES (338, '', 'Broziat', 'Martin', '1.1.1962.', 'p');
insert into CandidatesData (idno) VALUES (338);
insert into PartyMembership (pid, idno) VALUES (4, 338);
insert into Candidacy (wkid, idno) VALUES (311, 338);
insert into Citizen (idno, title, firstname, lastname, dateofbirth, gender) VALUES (339, '', 'Brückner', 'Andreas', '1.1.1968.', 'p');
insert into CandidatesData (idno) VALUES (339);
insert into Candidacy (wkid, idno) VALUES (365, 339);
insert into Citizen (idno, title, firstname, lastname, dateofbirth, gender) VALUES (340, '', 'Brüderle', 'Rainer', '1.1.1945.', 'p');
insert into CandidatesData (idno) VALUES (340);
insert into PartyMembership (pid, idno) VALUES (4, 340);
insert into Candidacy (wkid, idno) VALUES (505, 340);
insert into Landeslistenplatz (llid, idno, position) VALUES (4, 340, 1);
insert into Citizen (idno, title, firstname, lastname, dateofbirth, gender) VALUES (341, '', 'Brüggemann', 'Norbert', '1.1.1975.', 'p');
insert into CandidatesData (idno) VALUES (341);
insert into PartyMembership (pid, idno) VALUES (4, 341);
insert into Candidacy (wkid, idno) VALUES (331, 341);
insert into Landeslistenplatz (llid, idno, position) VALUES (4, 341, 25);
insert into Citizen (idno, title, firstname, lastname, dateofbirth, gender) VALUES (342, '', 'Brüggemann', 'Regine', '1.1.1956.', 'p');
insert into CandidatesData (idno) VALUES (342);
insert into PartyMembership (pid, idno) VALUES (3, 342);
insert into Landeslistenplatz (llid, idno, position) VALUES (2, 342, 2);
insert into Citizen (idno, title, firstname, lastname, dateofbirth, gender) VALUES (343, '', 'Brügmann', 'Klaus-Dieter', '1.1.1951.', 'p');
insert into CandidatesData (idno) VALUES (343);
insert into PartyMembership (pid, idno) VALUES (3, 343);
insert into Candidacy (wkid, idno) VALUES (306, 343);
insert into Citizen (idno, title, firstname, lastname, dateofbirth, gender) VALUES (344, '', 'Brüning', 'Monika Minna Marie', '1.1.1951.', 'p');
insert into CandidatesData (idno) VALUES (344);
insert into PartyMembership (pid, idno) VALUES (12, 344);
insert into Landeslistenplatz (llid, idno, position) VALUES (12, 344, 31);
insert into Citizen (idno, title, firstname, lastname, dateofbirth, gender) VALUES (345, '', 'Brüsemeister', 'Peter Klaus', '1.1.1966.', 'p');
insert into CandidatesData (idno) VALUES (345);
insert into PartyMembership (pid, idno) VALUES (3, 345);
insert into Candidacy (wkid, idno) VALUES (533, 345);
insert into Landeslistenplatz (llid, idno, position) VALUES (2, 345, 23);
insert into Citizen (idno, title, firstname, lastname, dateofbirth, gender) VALUES (346, '', 'Bruhn', 'Wolfgang', '1.1.1961.', 'p');
insert into CandidatesData (idno) VALUES (346);
insert into PartyMembership (pid, idno) VALUES (1, 346);
insert into Candidacy (wkid, idno) VALUES (398, 346);
insert into Citizen (idno, title, firstname, lastname, dateofbirth, gender) VALUES (347, '', 'Brumann', 'Peter Josef', '1.1.1942.', 'p');
insert into CandidatesData (idno) VALUES (347);
insert into PartyMembership (pid, idno) VALUES (22, 347);
insert into Landeslistenplatz (llid, idno, position) VALUES (22, 347, 10);
insert into Citizen (idno, title, firstname, lastname, dateofbirth, gender) VALUES (348, '', 'Brummer', 'Doris', '1.1.1960.', 'p');
insert into CandidatesData (idno) VALUES (348);
insert into PartyMembership (pid, idno) VALUES (12, 348);
insert into Landeslistenplatz (llid, idno, position) VALUES (12, 348, 35);
insert into Citizen (idno, title, firstname, lastname, dateofbirth, gender) VALUES (349, '', 'Brunke-Reubold', 'Sabine', '1.1.1969.', 'p');
insert into CandidatesData (idno) VALUES (349);
insert into PartyMembership (pid, idno) VALUES (5, 349);
insert into Candidacy (wkid, idno) VALUES (344, 349);
insert into Landeslistenplatz (llid, idno, position) VALUES (5, 349, 9);
insert into Citizen (idno, title, firstname, lastname, dateofbirth, gender) VALUES (350, '', 'Brunkhorst', 'Angelika', '1.1.1955.', 'p');
insert into CandidatesData (idno) VALUES (350);
insert into PartyMembership (pid, idno) VALUES (4, 350);
insert into Candidacy (wkid, idno) VALUES (328, 350);
insert into Landeslistenplatz (llid, idno, position) VALUES (4, 350, 4);
insert into Citizen (idno, title, firstname, lastname, dateofbirth, gender) VALUES (351, '', 'Brunner', 'Josef', '1.1.1950.', 'p');
insert into CandidatesData (idno) VALUES (351);
insert into PartyMembership (pid, idno) VALUES (24, 351);
insert into Candidacy (wkid, idno) VALUES (526, 351);
insert into Citizen (idno, title, firstname, lastname, dateofbirth, gender) VALUES (352, '', 'Brunner', 'Dr. Karl Heinz', '1.1.1953.', 'p');
insert into CandidatesData (idno) VALUES (352);
insert into PartyMembership (pid, idno) VALUES (2, 352);
insert into Candidacy (wkid, idno) VALUES (554, 352);
insert into Landeslistenplatz (llid, idno, position) VALUES (1, 352, 41);
insert into Citizen (idno, title, firstname, lastname, dateofbirth, gender) VALUES (353, '', 'Bruns', 'Eckhard Karl Alfred', '1.1.1944.', 'p');
insert into CandidatesData (idno) VALUES (353);
insert into PartyMembership (pid, idno) VALUES (14, 353);
insert into Landeslistenplatz (llid, idno, position) VALUES (21, 353, 6);
insert into Citizen (idno, title, firstname, lastname, dateofbirth, gender) VALUES (354, '', 'Bruns', 'Michael', '1.1.1973.', 'p');
insert into CandidatesData (idno) VALUES (354);
insert into PartyMembership (pid, idno) VALUES (3, 354);
insert into Candidacy (wkid, idno) VALUES (446, 354);
insert into Landeslistenplatz (llid, idno, position) VALUES (2, 354, 16);
insert into Citizen (idno, title, firstname, lastname, dateofbirth, gender) VALUES (355, '', 'Brunschweiger', 'Jörg', '1.1.1979.', 'p');
insert into CandidatesData (idno) VALUES (355);
insert into PartyMembership (pid, idno) VALUES (6, 355);
insert into Landeslistenplatz (llid, idno, position) VALUES (6, 355, 5);
insert into Citizen (idno, title, firstname, lastname, dateofbirth, gender) VALUES (356, '', 'Brunschweiger', 'Rosi', '1.1.1951.', 'p');
insert into CandidatesData (idno) VALUES (356);
insert into PartyMembership (pid, idno) VALUES (6, 356);
insert into Landeslistenplatz (llid, idno, position) VALUES (6, 356, 12);
insert into Citizen (idno, title, firstname, lastname, dateofbirth, gender) VALUES (357, '', 'Bubendorfer', 'Raffaela', '1.1.1988.', 'p');
insert into CandidatesData (idno) VALUES (357);
insert into PartyMembership (pid, idno) VALUES (4, 357);
insert into Candidacy (wkid, idno) VALUES (512, 357);
insert into Landeslistenplatz (llid, idno, position) VALUES (4, 357, 20);
insert into Citizen (idno, title, firstname, lastname, dateofbirth, gender) VALUES (358, '', 'Bucher', 'Klaus', '1.1.1968.', 'p');
insert into CandidatesData (idno) VALUES (358);
insert into PartyMembership (pid, idno) VALUES (4, 358);
insert into Candidacy (wkid, idno) VALUES (589, 358);
insert into Landeslistenplatz (llid, idno, position) VALUES (4, 358, 32);
insert into Citizen (idno, title, firstname, lastname, dateofbirth, gender) VALUES (359, '', 'Buchholz', 'Christine', '1.1.1971.', 'p');
insert into CandidatesData (idno) VALUES (359);
insert into PartyMembership (pid, idno) VALUES (3, 359);
insert into Candidacy (wkid, idno) VALUES (484, 359);
insert into Landeslistenplatz (llid, idno, position) VALUES (2, 359, 3);
insert into Citizen (idno, title, firstname, lastname, dateofbirth, gender) VALUES (360, '', 'Buchholz', 'Conrad', '1.1.1982.', 'p');
insert into CandidatesData (idno) VALUES (360);
insert into PartyMembership (pid, idno) VALUES (4, 360);
insert into Candidacy (wkid, idno) VALUES (479, 360);
insert into Landeslistenplatz (llid, idno, position) VALUES (4, 360, 18);
insert into Citizen (idno, title, firstname, lastname, dateofbirth, gender) VALUES (361, '', 'Buchholz', 'Doris', '1.1.1959.', 'p');
insert into CandidatesData (idno) VALUES (361);
insert into PartyMembership (pid, idno) VALUES (4, 361);
insert into Landeslistenplatz (llid, idno, position) VALUES (4, 361, 6);
insert into Citizen (idno, title, firstname, lastname, dateofbirth, gender) VALUES (362, '', 'Buchmann', 'Daniel', '1.1.1981.', 'p');
insert into CandidatesData (idno) VALUES (362);
insert into PartyMembership (pid, idno) VALUES (10, 362);
insert into Candidacy (wkid, idno) VALUES (384, 362);
insert into Landeslistenplatz (llid, idno, position) VALUES (10, 362, 2);
insert into Citizen (idno, title, firstname, lastname, dateofbirth, gender) VALUES (363, '', 'Buchmann', 'Sven', '1.1.1979.', 'p');
insert into CandidatesData (idno) VALUES (363);
insert into Candidacy (wkid, idno) VALUES (382, 363);
insert into Citizen (idno, title, firstname, lastname, dateofbirth, gender) VALUES (364, '', 'Buchner', 'Prof. Dr. Klaus', '1.1.1941.', 'p');
insert into CandidatesData (idno) VALUES (364);
insert into PartyMembership (pid, idno) VALUES (8, 364);
insert into Landeslistenplatz (llid, idno, position) VALUES (8, 364, 3);
insert into Citizen (idno, title, firstname, lastname, dateofbirth, gender) VALUES (365, '', 'Buchs', 'Enrico', '1.1.1976.', 'p');
insert into CandidatesData (idno) VALUES (365);
insert into PartyMembership (pid, idno) VALUES (4, 365);
insert into Candidacy (wkid, idno) VALUES (365, 365);
insert into Citizen (idno, title, firstname, lastname, dateofbirth, gender) VALUES (366, '', 'Buchta', 'Bettina Dorothee', '1.1.1960.', 'p');
insert into CandidatesData (idno) VALUES (366);
insert into PartyMembership (pid, idno) VALUES (13, 366);
insert into Landeslistenplatz (llid, idno, position) VALUES (13, 366, 4);
insert into Citizen (idno, title, firstname, lastname, dateofbirth, gender) VALUES (367, '', 'Buck', 'Josef', '1.1.1961.', 'p');
insert into CandidatesData (idno) VALUES (367);
insert into PartyMembership (pid, idno) VALUES (13, 367);
insert into Candidacy (wkid, idno) VALUES (574, 367);
insert into Citizen (idno, title, firstname, lastname, dateofbirth, gender) VALUES (368, '', 'Büchner', 'Andreas', '1.1.1982.', 'p');
insert into CandidatesData (idno) VALUES (368);
insert into PartyMembership (pid, idno) VALUES (1, 368);
insert into Candidacy (wkid, idno) VALUES (407, 368);
insert into Landeslistenplatz (llid, idno, position) VALUES (3, 368, 12);
insert into Citizen (idno, title, firstname, lastname, dateofbirth, gender) VALUES (369, '', 'Büddemann', 'Manfred', '1.1.1951.', 'p');
insert into CandidatesData (idno) VALUES (369);
insert into PartyMembership (pid, idno) VALUES (3, 369);
insert into Candidacy (wkid, idno) VALUES (410, 369);
insert into Citizen (idno, title, firstname, lastname, dateofbirth, gender) VALUES (370, '', 'Büdel', 'Katharina', '1.1.1951.', 'p');
insert into CandidatesData (idno) VALUES (370);
insert into PartyMembership (pid, idno) VALUES (4, 370);
insert into Landeslistenplatz (llid, idno, position) VALUES (4, 370, 29);
insert into Citizen (idno, title, firstname, lastname, dateofbirth, gender) VALUES (371, '', 'Bühner', 'Tim', '1.1.1978.', 'p');
insert into CandidatesData (idno) VALUES (371);
insert into PartyMembership (pid, idno) VALUES (3, 371);
insert into Landeslistenplatz (llid, idno, position) VALUES (2, 371, 22);
insert into Citizen (idno, title, firstname, lastname, dateofbirth, gender) VALUES (372, '', 'Bülow', 'Marco', '1.1.1971.', 'p');
insert into CandidatesData (idno) VALUES (372);
insert into PartyMembership (pid, idno) VALUES (2, 372);
insert into Candidacy (wkid, idno) VALUES (442, 372);
insert into Landeslistenplatz (llid, idno, position) VALUES (1, 372, 55);
insert into Citizen (idno, title, firstname, lastname, dateofbirth, gender) VALUES (373, '', 'Bünger', 'Hans-Ulrich', '1.1.1940.', 'p');
insert into CandidatesData (idno) VALUES (373);
insert into PartyMembership (pid, idno) VALUES (3, 373);
insert into Candidacy (wkid, idno) VALUES (584, 373);
insert into Citizen (idno, title, firstname, lastname, dateofbirth, gender) VALUES (374, '', 'Büschleb', 'Andreas', '1.1.1972.', 'p');
insert into CandidatesData (idno) VALUES (374);
insert into PartyMembership (pid, idno) VALUES (1, 374);
insert into Candidacy (wkid, idno) VALUES (343, 374);
insert into Citizen (idno, title, firstname, lastname, dateofbirth, gender) VALUES (375, '', 'Büsing', 'Erika-Marika', '1.1.1964.', 'p');
insert into CandidatesData (idno) VALUES (375);
insert into PartyMembership (pid, idno) VALUES (2, 375);
insert into Landeslistenplatz (llid, idno, position) VALUES (1, 375, 5);
insert into Citizen (idno, title, firstname, lastname, dateofbirth, gender) VALUES (376, '', 'Buljevic', 'Vesna', '1.1.1954.', 'p');
insert into CandidatesData (idno) VALUES (376);
insert into PartyMembership (pid, idno) VALUES (13, 376);
insert into Landeslistenplatz (llid, idno, position) VALUES (13, 376, 8);
insert into Citizen (idno, title, firstname, lastname, dateofbirth, gender) VALUES (377, '', 'Bulke', 'Peter', '1.1.1939.', 'p');
insert into CandidatesData (idno) VALUES (377);
insert into PartyMembership (pid, idno) VALUES (19, 377);
insert into Landeslistenplatz (llid, idno, position) VALUES (18, 377, 12);
insert into Citizen (idno, title, firstname, lastname, dateofbirth, gender) VALUES (378, '', 'Bulling-Schröter', 'Eva', '1.1.1956.', 'p');
insert into CandidatesData (idno) VALUES (378);
insert into PartyMembership (pid, idno) VALUES (3, 378);
insert into Candidacy (wkid, idno) VALUES (516, 378);
insert into Landeslistenplatz (llid, idno, position) VALUES (2, 378, 2);
insert into Citizen (idno, title, firstname, lastname, dateofbirth, gender) VALUES (379, '', 'Bulmahn', 'Edelgard', '1.1.1951.', 'p');
insert into CandidatesData (idno) VALUES (379);
insert into PartyMembership (pid, idno) VALUES (2, 379);
insert into Candidacy (wkid, idno) VALUES (342, 379);
insert into Landeslistenplatz (llid, idno, position) VALUES (1, 379, 2);
insert into Citizen (idno, title, firstname, lastname, dateofbirth, gender) VALUES (380, '', 'Bummel', 'Andreas', '1.1.1976.', 'p');
insert into CandidatesData (idno) VALUES (380);
insert into PartyMembership (pid, idno) VALUES (4, 380);
insert into Candidacy (wkid, idno) VALUES (483, 380);
insert into Landeslistenplatz (llid, idno, position) VALUES (4, 380, 13);
insert into Citizen (idno, title, firstname, lastname, dateofbirth, gender) VALUES (381, '', 'Bunge', 'Dr. Martina', '1.1.1951.', 'p');
insert into CandidatesData (idno) VALUES (381);
insert into PartyMembership (pid, idno) VALUES (3, 381);
insert into Candidacy (wkid, idno) VALUES (311, 381);
insert into Landeslistenplatz (llid, idno, position) VALUES (2, 381, 2);
insert into Citizen (idno, title, firstname, lastname, dateofbirth, gender) VALUES (382, '', 'Burchardt', 'Ursula', '1.1.1954.', 'p');
insert into CandidatesData (idno) VALUES (382);
insert into PartyMembership (pid, idno) VALUES (2, 382);
insert into Candidacy (wkid, idno) VALUES (443, 382);
insert into Landeslistenplatz (llid, idno, position) VALUES (1, 382, 27);
insert into Citizen (idno, title, firstname, lastname, dateofbirth, gender) VALUES (383, '', 'Burgbacher', 'Ernst', '1.1.1949.', 'p');
insert into CandidatesData (idno) VALUES (383);
insert into PartyMembership (pid, idno) VALUES (4, 383);
insert into Candidacy (wkid, idno) VALUES (584, 383);
insert into Landeslistenplatz (llid, idno, position) VALUES (4, 383, 3);
insert into Citizen (idno, title, firstname, lastname, dateofbirth, gender) VALUES (384, '', 'Burger', 'Dr. Thomas', '1.1.1970.', 'p');
insert into CandidatesData (idno) VALUES (384);
insert into PartyMembership (pid, idno) VALUES (2, 384);
insert into Landeslistenplatz (llid, idno, position) VALUES (1, 384, 53);
insert into Citizen (idno, title, firstname, lastname, dateofbirth, gender) VALUES (385, '', 'Burger-Heidger', 'Max', '1.1.1954.', 'p');
insert into CandidatesData (idno) VALUES (385);
insert into PartyMembership (pid, idno) VALUES (5, 385);
insert into Candidacy (wkid, idno) VALUES (584, 385);
insert into Citizen (idno, title, firstname, lastname, dateofbirth, gender) VALUES (386, '', 'Burholt', 'Dr. Christian', '1.1.1972.', 'p');
insert into CandidatesData (idno) VALUES (386);
insert into PartyMembership (pid, idno) VALUES (12, 386);
insert into Candidacy (wkid, idno) VALUES (375, 386);
insert into Landeslistenplatz (llid, idno, position) VALUES (12, 386, 8);
insert into Citizen (idno, title, firstname, lastname, dateofbirth, gender) VALUES (387, '', 'Burkart', 'Karin', '1.1.1950.', 'p');
insert into CandidatesData (idno) VALUES (387);
insert into PartyMembership (pid, idno) VALUES (5, 387);
insert into Candidacy (wkid, idno) VALUES (595, 387);
insert into Landeslistenplatz (llid, idno, position) VALUES (5, 387, 2);
insert into Citizen (idno, title, firstname, lastname, dateofbirth, gender) VALUES (388, '', 'Burkert', 'Boris', '1.1.1961.', 'p');
insert into CandidatesData (idno) VALUES (388);
insert into PartyMembership (pid, idno) VALUES (5, 388);
insert into Candidacy (wkid, idno) VALUES (528, 388);
insert into Citizen (idno, title, firstname, lastname, dateofbirth, gender) VALUES (389, '', 'Burkert', 'Martin', '1.1.1964.', 'p');
insert into CandidatesData (idno) VALUES (389);
insert into PartyMembership (pid, idno) VALUES (2, 389);
insert into Candidacy (wkid, idno) VALUES (544, 389);
insert into Landeslistenplatz (llid, idno, position) VALUES (1, 389, 13);
insert into Citizen (idno, title, firstname, lastname, dateofbirth, gender) VALUES (390, '', 'Burkhardt', 'Karl-Heinz', '1.1.1939.', 'p');
insert into CandidatesData (idno) VALUES (390);
insert into PartyMembership (pid, idno) VALUES (11, 390);
insert into Landeslistenplatz (llid, idno, position) VALUES (11, 390, 2);
insert into Citizen (idno, title, firstname, lastname, dateofbirth, gender) VALUES (391, '', 'Burkowski', 'Franz Paul', '1.1.1930.', 'p');
insert into CandidatesData (idno) VALUES (391);
insert into PartyMembership (pid, idno) VALUES (17, 391);
insert into Landeslistenplatz (llid, idno, position) VALUES (16, 391, 4);
insert into Citizen (idno, title, firstname, lastname, dateofbirth, gender) VALUES (392, '', 'Burmeister', 'Erich Karl', '1.1.1953.', 'p');
insert into CandidatesData (idno) VALUES (392);
insert into PartyMembership (pid, idno) VALUES (3, 392);
insert into Candidacy (wkid, idno) VALUES (421, 392);
insert into Citizen (idno, title, firstname, lastname, dateofbirth, gender) VALUES (393, '', 'Burmester', 'Andreas', '1.1.1978.', 'p');
insert into CandidatesData (idno) VALUES (393);
insert into PartyMembership (pid, idno) VALUES (2, 393);
insert into Landeslistenplatz (llid, idno, position) VALUES (1, 393, 41);
insert into Citizen (idno, title, firstname, lastname, dateofbirth, gender) VALUES (394, '', 'Bursian', 'Thomas Wolfgang', '1.1.1959.', 'p');
insert into CandidatesData (idno) VALUES (394);
insert into PartyMembership (pid, idno) VALUES (4, 394);
insert into Landeslistenplatz (llid, idno, position) VALUES (4, 394, 24);
insert into Citizen (idno, title, firstname, lastname, dateofbirth, gender) VALUES (395, '', 'Bursukis', 'Yani', '1.1.1945.', 'p');
insert into CandidatesData (idno) VALUES (395);
insert into PartyMembership (pid, idno) VALUES (2, 395);
insert into Landeslistenplatz (llid, idno, position) VALUES (1, 395, 28);
insert into Citizen (idno, title, firstname, lastname, dateofbirth, gender) VALUES (396, '', 'Busch-Hübenbecker', 'Walter', '1.1.1951.', 'p');
insert into CandidatesData (idno) VALUES (396);
insert into PartyMembership (pid, idno) VALUES (3, 396);
insert into Candidacy (wkid, idno) VALUES (485, 396);
insert into Citizen (idno, title, firstname, lastname, dateofbirth, gender) VALUES (397, '', 'Buschmann', 'Marco', '1.1.1977.', 'p');
insert into CandidatesData (idno) VALUES (397);
insert into PartyMembership (pid, idno) VALUES (4, 397);
insert into Candidacy (wkid, idno) VALUES (423, 397);
insert into Landeslistenplatz (llid, idno, position) VALUES (4, 397, 20);
insert into Citizen (idno, title, firstname, lastname, dateofbirth, gender) VALUES (398, '', 'Bussche-Haddenhausen Freiherr von dem', 'Boris-Georg', '1.1.1966.', 'p');
insert into CandidatesData (idno) VALUES (398);
insert into PartyMembership (pid, idno) VALUES (4, 398);
insert into Candidacy (wkid, idno) VALUES (337, 398);
insert into Landeslistenplatz (llid, idno, position) VALUES (4, 398, 22);
insert into Citizen (idno, title, firstname, lastname, dateofbirth, gender) VALUES (399, '', 'Bußmann', 'Windfried', '1.1.1951.', 'p');
insert into CandidatesData (idno) VALUES (399);
insert into PartyMembership (pid, idno) VALUES (18, 399);
insert into Landeslistenplatz (llid, idno, position) VALUES (17, 399, 3);
insert into Citizen (idno, title, firstname, lastname, dateofbirth, gender) VALUES (400, '', 'Butenschön', 'Brigitte', '1.1.1949.', 'p');
insert into CandidatesData (idno) VALUES (400);
insert into PartyMembership (pid, idno) VALUES (13, 400);
insert into Landeslistenplatz (llid, idno, position) VALUES (13, 400, 7);
insert into Citizen (idno, title, firstname, lastname, dateofbirth, gender) VALUES (401, '', 'Caesar', 'Cajus Julius', '1.1.1951.', 'p');
insert into CandidatesData (idno) VALUES (401);
insert into PartyMembership (pid, idno) VALUES (12, 401);
insert into Candidacy (wkid, idno) VALUES (435, 401);
insert into Landeslistenplatz (llid, idno, position) VALUES (12, 401, 20);
insert into Citizen (idno, title, firstname, lastname, dateofbirth, gender) VALUES (402, '', 'Canel', 'Sylvia', '1.1.1958.', 'p');
insert into CandidatesData (idno) VALUES (402);
insert into PartyMembership (pid, idno) VALUES (4, 402);
insert into Landeslistenplatz (llid, idno, position) VALUES (4, 402, 2);
insert into Citizen (idno, title, firstname, lastname, dateofbirth, gender) VALUES (403, '', 'Caravetta Glosemeyer', 'Immacolata', '1.1.1965.', 'p');
insert into CandidatesData (idno) VALUES (403);
insert into PartyMembership (pid, idno) VALUES (2, 403);
insert into Landeslistenplatz (llid, idno, position) VALUES (1, 403, 43);
insert into Citizen (idno, title, firstname, lastname, dateofbirth, gender) VALUES (404, '', 'Carlhoff', 'Hans-Werner', '1.1.1947.', 'p');
insert into CandidatesData (idno) VALUES (404);
insert into PartyMembership (pid, idno) VALUES (12, 404);
insert into Landeslistenplatz (llid, idno, position) VALUES (12, 404, 38);
insert into Citizen (idno, title, firstname, lastname, dateofbirth, gender) VALUES (405, '', 'Carls', 'Richard Hermann', '1.1.1931.', 'p');
insert into CandidatesData (idno) VALUES (405);
insert into PartyMembership (pid, idno) VALUES (11, 405);
insert into Landeslistenplatz (llid, idno, position) VALUES (11, 405, 3);
insert into Citizen (idno, title, firstname, lastname, dateofbirth, gender) VALUES (406, '', 'Carstensen', 'Christian', '1.1.1973.', 'p');
insert into CandidatesData (idno) VALUES (406);
insert into PartyMembership (pid, idno) VALUES (2, 406);
insert into Candidacy (wkid, idno) VALUES (321, 406);
insert into Landeslistenplatz (llid, idno, position) VALUES (1, 406, 5);
insert into Citizen (idno, title, firstname, lastname, dateofbirth, gender) VALUES (407, '', 'Caspary', 'Olaf', '1.1.1967.', 'p');
insert into CandidatesData (idno) VALUES (407);
insert into PartyMembership (pid, idno) VALUES (11, 407);
insert into Landeslistenplatz (llid, idno, position) VALUES (11, 407, 3);
insert into Citizen (idno, title, firstname, lastname, dateofbirth, gender) VALUES (408, '', 'Castellucci', 'Dr. Lars', '1.1.1974.', 'p');
insert into CandidatesData (idno) VALUES (408);
insert into PartyMembership (pid, idno) VALUES (2, 408);
insert into Candidacy (wkid, idno) VALUES (576, 408);
insert into Landeslistenplatz (llid, idno, position) VALUES (1, 408, 22);
insert into Citizen (idno, title, firstname, lastname, dateofbirth, gender) VALUES (409, '', 'Cayrol', 'Nicole', '1.1.1980.', 'p');
insert into CandidatesData (idno) VALUES (409);
insert into PartyMembership (pid, idno) VALUES (2, 409);
insert into Landeslistenplatz (llid, idno, position) VALUES (1, 409, 28);
insert into Citizen (idno, title, firstname, lastname, dateofbirth, gender) VALUES (410, '', 'Christen', 'Mario', '1.1.1953.', 'p');
insert into CandidatesData (idno) VALUES (410);
insert into PartyMembership (pid, idno) VALUES (8, 410);
insert into Landeslistenplatz (llid, idno, position) VALUES (8, 410, 1);
insert into Citizen (idno, title, firstname, lastname, dateofbirth, gender) VALUES (411, '', 'Christiansen', 'Rainer Helmar', '1.1.1945.', 'p');
insert into CandidatesData (idno) VALUES (411);
insert into Candidacy (wkid, idno) VALUES (379, 411);
insert into Citizen (idno, title, firstname, lastname, dateofbirth, gender) VALUES (412, '', 'Christinck', 'Heiner Leslie Otto', '1.1.1946.', 'p');
insert into CandidatesData (idno) VALUES (412);
insert into PartyMembership (pid, idno) VALUES (22, 412);
insert into Candidacy (wkid, idno) VALUES (413, 412);
insert into Landeslistenplatz (llid, idno, position) VALUES (22, 412, 3);
insert into Citizen (idno, title, firstname, lastname, dateofbirth, gender) VALUES (413, '', 'Christoph', 'Stefan', '1.1.1988.', 'p');
insert into CandidatesData (idno) VALUES (413);
insert into PartyMembership (pid, idno) VALUES (5, 413);
insert into Candidacy (wkid, idno) VALUES (533, 413);
insert into Landeslistenplatz (llid, idno, position) VALUES (5, 413, 22);
insert into Citizen (idno, title, firstname, lastname, dateofbirth, gender) VALUES (414, '', 'Ciechoradzki', 'Rainer', '1.1.1965.', 'p');
insert into CandidatesData (idno) VALUES (414);
insert into PartyMembership (pid, idno) VALUES (8, 414);
insert into Landeslistenplatz (llid, idno, position) VALUES (8, 414, 5);
insert into Citizen (idno, title, firstname, lastname, dateofbirth, gender) VALUES (415, '', 'Cigelski', 'Volker', '1.1.1953.', 'p');
insert into CandidatesData (idno) VALUES (415);
insert into PartyMembership (pid, idno) VALUES (1, 415);
insert into Candidacy (wkid, idno) VALUES (548, 415);
insert into Citizen (idno, title, firstname, lastname, dateofbirth, gender) VALUES (416, '', 'Claaßen', 'Antje', '1.1.1968.', 'p');
insert into CandidatesData (idno) VALUES (416);
insert into PartyMembership (pid, idno) VALUES (3, 416);
insert into Candidacy (wkid, idno) VALUES (594, 416);
insert into Citizen (idno, title, firstname, lastname, dateofbirth, gender) VALUES (417, '', 'Clasen', 'Bernhard', '1.1.1957.', 'p');
insert into CandidatesData (idno) VALUES (417);
insert into PartyMembership (pid, idno) VALUES (3, 417);
insert into Candidacy (wkid, idno) VALUES (409, 417);
insert into Citizen (idno, title, firstname, lastname, dateofbirth, gender) VALUES (418, '', 'Claus', 'Roland', '1.1.1954.', 'p');
insert into CandidatesData (idno) VALUES (418);
insert into PartyMembership (pid, idno) VALUES (3, 418);
insert into Candidacy (wkid, idno) VALUES (373, 418);
insert into Landeslistenplatz (llid, idno, position) VALUES (2, 418, 4);
insert into Citizen (idno, title, firstname, lastname, dateofbirth, gender) VALUES (419, '', 'Claussen', 'Claus Christian', '1.1.1961.', 'p');
insert into CandidatesData (idno) VALUES (419);
insert into PartyMembership (pid, idno) VALUES (12, 419);
insert into Landeslistenplatz (llid, idno, position) VALUES (12, 419, 14);
insert into Citizen (idno, title, firstname, lastname, dateofbirth, gender) VALUES (420, '', 'Clemens', 'Stefan Georg', '1.1.1959.', 'p');
insert into CandidatesData (idno) VALUES (420);
insert into PartyMembership (pid, idno) VALUES (22, 420);
insert into Landeslistenplatz (llid, idno, position) VALUES (22, 420, 12);
insert into Citizen (idno, title, firstname, lastname, dateofbirth, gender) VALUES (421, '', 'Coelho', 'Christine', '1.1.1964.', 'p');
insert into CandidatesData (idno) VALUES (421);
insert into PartyMembership (pid, idno) VALUES (6, 421);
insert into Landeslistenplatz (llid, idno, position) VALUES (6, 421, 4);
insert into Citizen (idno, title, firstname, lastname, dateofbirth, gender) VALUES (422, '', 'Cölsch', 'Ingrid', '1.1.1954.', 'p');
insert into CandidatesData (idno) VALUES (422);
insert into PartyMembership (pid, idno) VALUES (6, 422);
insert into Candidacy (wkid, idno) VALUES (379, 422);
insert into Landeslistenplatz (llid, idno, position) VALUES (6, 422, 1);
insert into Citizen (idno, title, firstname, lastname, dateofbirth, gender) VALUES (423, '', 'Connemann', 'Gitta', '1.1.1964.', 'p');
insert into CandidatesData (idno) VALUES (423);
insert into PartyMembership (pid, idno) VALUES (12, 423);
insert into Candidacy (wkid, idno) VALUES (325, 423);
insert into Landeslistenplatz (llid, idno, position) VALUES (12, 423, 12);
insert into Citizen (idno, title, firstname, lastname, dateofbirth, gender) VALUES (424, '', 'Conrad', 'Gabriele Maria', '1.1.1960.', 'p');
insert into CandidatesData (idno) VALUES (424);
insert into PartyMembership (pid, idno) VALUES (13, 424);
insert into Candidacy (wkid, idno) VALUES (570, 424);
insert into Citizen (idno, title, firstname, lastname, dateofbirth, gender) VALUES (425, '', 'Conrads', 'Anna', '1.1.1979.', 'p');
insert into CandidatesData (idno) VALUES (425);
insert into PartyMembership (pid, idno) VALUES (3, 425);
insert into Landeslistenplatz (llid, idno, position) VALUES (2, 425, 19);
insert into Citizen (idno, title, firstname, lastname, dateofbirth, gender) VALUES (426, '', 'Conz', 'Michael', '1.1.1966.', 'p');
insert into CandidatesData (idno) VALUES (426);
insert into PartyMembership (pid, idno) VALUES (4, 426);
insert into Candidacy (wkid, idno) VALUES (557, 426);
insert into Landeslistenplatz (llid, idno, position) VALUES (4, 426, 17);
insert into Citizen (idno, title, firstname, lastname, dateofbirth, gender) VALUES (427, '', 'Cordes', 'Florian', '1.1.1975.', 'p');
insert into CandidatesData (idno) VALUES (427);
insert into PartyMembership (pid, idno) VALUES (1, 427);
insert into Candidacy (wkid, idno) VALUES (328, 427);
insert into Citizen (idno, title, firstname, lastname, dateofbirth, gender) VALUES (428, '', 'Corné de', 'Walter', '1.1.1944.', 'p');
insert into CandidatesData (idno) VALUES (428);
insert into PartyMembership (pid, idno) VALUES (20, 428);
insert into Landeslistenplatz (llid, idno, position) VALUES (19, 428, 6);
insert into Citizen (idno, title, firstname, lastname, dateofbirth, gender) VALUES (429, '', 'Corr', 'Eva-Maria', '1.1.1956.', 'p');
insert into CandidatesData (idno) VALUES (429);
insert into PartyMembership (pid, idno) VALUES (22, 429);
insert into Landeslistenplatz (llid, idno, position) VALUES (22, 429, 3);
insert into Citizen (idno, title, firstname, lastname, dateofbirth, gender) VALUES (430, '', 'Coscia', 'Lino', '1.1.1988.', 'p');
insert into CandidatesData (idno) VALUES (430);
insert into Candidacy (wkid, idno) VALUES (340, 430);
insert into Citizen (idno, title, firstname, lastname, dateofbirth, gender) VALUES (431, '', 'Crämer', 'Thorsten', '1.1.1975.', 'p');
insert into CandidatesData (idno) VALUES (431);
insert into PartyMembership (pid, idno) VALUES (1, 431);
insert into Candidacy (wkid, idno) VALUES (438, 431);
insert into Citizen (idno, title, firstname, lastname, dateofbirth, gender) VALUES (432, '', 'Cramon-Taubadel von', 'Viola', '1.1.1970.', 'p');
insert into CandidatesData (idno) VALUES (432);
insert into PartyMembership (pid, idno) VALUES (5, 432);
insert into Candidacy (wkid, idno) VALUES (352, 432);
insert into Landeslistenplatz (llid, idno, position) VALUES (5, 432, 7);
insert into Citizen (idno, title, firstname, lastname, dateofbirth, gender) VALUES (433, '', 'Cremer', 'Claus', '1.1.1979.', 'p');
insert into CandidatesData (idno) VALUES (433);
insert into PartyMembership (pid, idno) VALUES (1, 433);
insert into Candidacy (wkid, idno) VALUES (440, 433);
insert into Landeslistenplatz (llid, idno, position) VALUES (3, 433, 1);
insert into Citizen (idno, title, firstname, lastname, dateofbirth, gender) VALUES (434, '', 'Cremer-Ricken', 'Ruth', '1.1.1958.', 'p');
insert into CandidatesData (idno) VALUES (434);
insert into PartyMembership (pid, idno) VALUES (5, 434);
insert into Candidacy (wkid, idno) VALUES (587, 434);
insert into Citizen (idno, title, firstname, lastname, dateofbirth, gender) VALUES (435, '', 'Crone', 'Petra', '1.1.1950.', 'p');
insert into CandidatesData (idno) VALUES (435);
insert into PartyMembership (pid, idno) VALUES (2, 435);
insert into Candidacy (wkid, idno) VALUES (449, 435);
insert into Landeslistenplatz (llid, idno, position) VALUES (1, 435, 12);
insert into Citizen (idno, title, firstname, lastname, dateofbirth, gender) VALUES (436, '', 'Croy', 'Corinna', '1.1.1982.', 'p');
insert into CandidatesData (idno) VALUES (436);
insert into PartyMembership (pid, idno) VALUES (3, 436);
insert into Candidacy (wkid, idno) VALUES (539, 436);
insert into Landeslistenplatz (llid, idno, position) VALUES (2, 436, 17);
insert into Citizen (idno, title, firstname, lastname, dateofbirth, gender) VALUES (437, '', 'Cüre', 'Irfan', '1.1.1952.', 'p');
insert into CandidatesData (idno) VALUES (437);
insert into PartyMembership (pid, idno) VALUES (3, 437);
insert into Landeslistenplatz (llid, idno, position) VALUES (2, 437, 6);
insert into Citizen (idno, title, firstname, lastname, dateofbirth, gender) VALUES (438, '', 'Curlisca', 'Jaroslav', '1.1.1953.', 'p');
insert into CandidatesData (idno) VALUES (438);
insert into PartyMembership (pid, idno) VALUES (15, 438);
insert into Landeslistenplatz (llid, idno, position) VALUES (14, 438, 15);
insert into Citizen (idno, title, firstname, lastname, dateofbirth, gender) VALUES (439, '', 'Cwielong', 'Dieter', '1.1.1957.', 'p');
insert into CandidatesData (idno) VALUES (439);
insert into PartyMembership (pid, idno) VALUES (3, 439);
insert into Candidacy (wkid, idno) VALUES (302, 439);
insert into Citizen (idno, title, firstname, lastname, dateofbirth, gender) VALUES (440, '', 'Czapp', 'Mechthild', '1.1.1982.', 'p');
insert into CandidatesData (idno) VALUES (440);
insert into PartyMembership (pid, idno) VALUES (7, 440);
insert into Landeslistenplatz (llid, idno, position) VALUES (7, 440, 4);
insert into Citizen (idno, title, firstname, lastname, dateofbirth, gender) VALUES (441, '', 'Czech', 'Michael', '1.1.1955.', 'p');
insert into CandidatesData (idno) VALUES (441);
insert into PartyMembership (pid, idno) VALUES (21, 441);
insert into Landeslistenplatz (llid, idno, position) VALUES (20, 441, 10);
insert into Citizen (idno, title, firstname, lastname, dateofbirth, gender) VALUES (442, '', 'Czichon', 'Eberhard', '1.1.1930.', 'p');
insert into CandidatesData (idno) VALUES (442);
insert into PartyMembership (pid, idno) VALUES (21, 442);
insert into Landeslistenplatz (llid, idno, position) VALUES (20, 442, 11);
insert into Citizen (idno, title, firstname, lastname, dateofbirth, gender) VALUES (443, '', 'Dabrock', 'Heinz', '1.1.1956.', 'p');
insert into CandidatesData (idno) VALUES (443);
insert into PartyMembership (pid, idno) VALUES (22, 443);
insert into Candidacy (wkid, idno) VALUES (598, 443);
insert into Landeslistenplatz (llid, idno, position) VALUES (22, 443, 1);
insert into Citizen (idno, title, firstname, lastname, dateofbirth, gender) VALUES (444, '', 'Dänzer', 'Margit', '1.1.1955.', 'p');
insert into CandidatesData (idno) VALUES (444);
insert into PartyMembership (pid, idno) VALUES (6, 444);
insert into Landeslistenplatz (llid, idno, position) VALUES (6, 444, 6);
insert into Citizen (idno, title, firstname, lastname, dateofbirth, gender) VALUES (445, '', 'Däschner', 'Karl', '1.1.1954.', 'p');
insert into CandidatesData (idno) VALUES (445);
insert into PartyMembership (pid, idno) VALUES (1, 445);
insert into Candidacy (wkid, idno) VALUES (577, 445);
insert into Citizen (idno, title, firstname, lastname, dateofbirth, gender) VALUES (446, '', 'Dagdelen', 'Sevim', '1.1.1975.', 'p');
insert into CandidatesData (idno) VALUES (446);
insert into PartyMembership (pid, idno) VALUES (3, 446);
insert into Candidacy (wkid, idno) VALUES (440, 446);
insert into Landeslistenplatz (llid, idno, position) VALUES (2, 446, 7);
insert into Citizen (idno, title, firstname, lastname, dateofbirth, gender) VALUES (447, '', 'Dahl', 'Monika', '1.1.1965.', 'p');
insert into CandidatesData (idno) VALUES (447);
insert into PartyMembership (pid, idno) VALUES (3, 447);
insert into Candidacy (wkid, idno) VALUES (397, 447);
insert into Landeslistenplatz (llid, idno, position) VALUES (2, 447, 17);
insert into Citizen (idno, title, firstname, lastname, dateofbirth, gender) VALUES (448, '', 'Dahlhoff', 'Benjamin', '1.1.1978.', 'p');
insert into CandidatesData (idno) VALUES (448);
insert into PartyMembership (pid, idno) VALUES (5, 448);
insert into Landeslistenplatz (llid, idno, position) VALUES (5, 448, 18);
insert into Citizen (idno, title, firstname, lastname, dateofbirth, gender) VALUES (449, '', 'Dahlmann', 'Thomas', '1.1.1960.', 'p');
insert into CandidatesData (idno) VALUES (449);
insert into PartyMembership (pid, idno) VALUES (2, 449);
insert into Landeslistenplatz (llid, idno, position) VALUES (1, 449, 60);
insert into Citizen (idno, title, firstname, lastname, dateofbirth, gender) VALUES (450, '', 'Dahmen', 'Janosch', '1.1.1981.', 'p');
insert into CandidatesData (idno) VALUES (450);
insert into PartyMembership (pid, idno) VALUES (5, 450);
insert into Candidacy (wkid, idno) VALUES (439, 450);
insert into Citizen (idno, title, firstname, lastname, dateofbirth, gender) VALUES (451, '', 'Dalbert', 'Dr. Claudia', '1.1.1954.', 'p');
insert into CandidatesData (idno) VALUES (451);
insert into PartyMembership (pid, idno) VALUES (5, 451);
insert into Candidacy (wkid, idno) VALUES (372, 451);
insert into Landeslistenplatz (llid, idno, position) VALUES (5, 451, 3);
insert into Citizen (idno, title, firstname, lastname, dateofbirth, gender) VALUES (452, '', 'Daldrup', 'Bernhard', '1.1.1956.', 'p');
insert into CandidatesData (idno) VALUES (452);
insert into PartyMembership (pid, idno) VALUES (2, 452);
insert into Candidacy (wkid, idno) VALUES (430, 452);
insert into Landeslistenplatz (llid, idno, position) VALUES (1, 452, 18);
insert into Citizen (idno, title, firstname, lastname, dateofbirth, gender) VALUES (453, '', 'Dambacher', 'Michael', '1.1.1979.', 'p');
insert into CandidatesData (idno) VALUES (453);
insert into PartyMembership (pid, idno) VALUES (12, 453);
insert into Landeslistenplatz (llid, idno, position) VALUES (12, 453, 39);
insert into Citizen (idno, title, firstname, lastname, dateofbirth, gender) VALUES (454, '', 'Dammann', 'Adolf', '1.1.1939.', 'p');
insert into CandidatesData (idno) VALUES (454);
insert into PartyMembership (pid, idno) VALUES (1, 454);
insert into Candidacy (wkid, idno) VALUES (330, 454);
insert into Citizen (idno, title, firstname, lastname, dateofbirth, gender) VALUES (455, '', 'Danckert', 'Dr. Peter', '1.1.1940.', 'p');
insert into CandidatesData (idno) VALUES (455);
insert into PartyMembership (pid, idno) VALUES (2, 455);
insert into Candidacy (wkid, idno) VALUES (362, 455);
insert into Landeslistenplatz (llid, idno, position) VALUES (1, 455, 3);
insert into Citizen (idno, title, firstname, lastname, dateofbirth, gender) VALUES (456, '', 'Dannemann', 'Bernd', '1.1.1944.', 'p');
insert into CandidatesData (idno) VALUES (456);
insert into PartyMembership (pid, idno) VALUES (25, 456);
insert into LandesListe (llid, year, pid, fsid) VALUES (23, 2009, 25, 4);
insert into Landeslistenplatz (llid, idno, position) VALUES (23, 456, 4);
insert into Citizen (idno, title, firstname, lastname, dateofbirth, gender) VALUES (457, '', 'Dassler', 'Britta', '1.1.1964.', 'p');
insert into CandidatesData (idno) VALUES (457);
insert into PartyMembership (pid, idno) VALUES (4, 457);
insert into Candidacy (wkid, idno) VALUES (541, 457);
insert into Landeslistenplatz (llid, idno, position) VALUES (4, 457, 30);
insert into Citizen (idno, title, firstname, lastname, dateofbirth, gender) VALUES (458, '', 'Daub', 'Helga', '1.1.1942.', 'p');
insert into CandidatesData (idno) VALUES (458);
insert into PartyMembership (pid, idno) VALUES (4, 458);
insert into Candidacy (wkid, idno) VALUES (448, 458);
insert into Landeslistenplatz (llid, idno, position) VALUES (4, 458, 15);
insert into Citizen (idno, title, firstname, lastname, dateofbirth, gender) VALUES (459, '', 'Dauen', 'Gwenn Patrick', '1.1.1980.', 'p');
insert into CandidatesData (idno) VALUES (459);
insert into PartyMembership (pid, idno) VALUES (7, 459);
insert into Landeslistenplatz (llid, idno, position) VALUES (7, 459, 2);
insert into Citizen (idno, title, firstname, lastname, dateofbirth, gender) VALUES (460, '', 'Dauter', 'Horst', '1.1.1943.', 'p');
insert into CandidatesData (idno) VALUES (460);
insert into Candidacy (wkid, idno) VALUES (350, 460);
insert into Citizen (idno, title, firstname, lastname, dateofbirth, gender) VALUES (461, '', 'Dautzenberg', 'Leo', '1.1.1950.', 'p');
insert into CandidatesData (idno) VALUES (461);
insert into PartyMembership (pid, idno) VALUES (12, 461);
insert into Candidacy (wkid, idno) VALUES (389, 461);
insert into Landeslistenplatz (llid, idno, position) VALUES (12, 461, 54);
insert into Citizen (idno, title, firstname, lastname, dateofbirth, gender) VALUES (462, '', 'Daxlberger', 'Elfriede Katharina', '1.1.1941.', 'p');
insert into CandidatesData (idno) VALUES (462);
insert into PartyMembership (pid, idno) VALUES (14, 462);
insert into Landeslistenplatz (llid, idno, position) VALUES (21, 462, 8);
insert into Citizen (idno, title, firstname, lastname, dateofbirth, gender) VALUES (463, '', 'De Filippi', 'Diego', '1.1.1978.', 'p');
insert into CandidatesData (idno) VALUES (463);
insert into PartyMembership (pid, idno) VALUES (16, 463);
insert into Landeslistenplatz (llid, idno, position) VALUES (15, 463, 4);
insert into Citizen (idno, title, firstname, lastname, dateofbirth, gender) VALUES (464, '', 'Debrand', 'Christa', '1.1.1944.', 'p');
insert into CandidatesData (idno) VALUES (464);
insert into PartyMembership (pid, idno) VALUES (22, 464);
insert into Landeslistenplatz (llid, idno, position) VALUES (22, 464, 4);
insert into Citizen (idno, title, firstname, lastname, dateofbirth, gender) VALUES (465, '', 'Debus', 'Cornelia', '1.1.1958.', 'p');
insert into CandidatesData (idno) VALUES (465);
insert into PartyMembership (pid, idno) VALUES (4, 465);
insert into Candidacy (wkid, idno) VALUES (324, 465);
insert into Landeslistenplatz (llid, idno, position) VALUES (4, 465, 14);
insert into Citizen (idno, title, firstname, lastname, dateofbirth, gender) VALUES (466, '', 'Decker', 'Thomas Michael Matthias', '1.1.1972.', 'p');
insert into CandidatesData (idno) VALUES (466);
insert into PartyMembership (pid, idno) VALUES (12, 466);
insert into Landeslistenplatz (llid, idno, position) VALUES (12, 466, 41);
insert into Citizen (idno, title, firstname, lastname, dateofbirth, gender) VALUES (467, '', 'Dedecke', 'Wilhelm', '1.1.1960.', 'p');
insert into CandidatesData (idno) VALUES (467);
insert into PartyMembership (pid, idno) VALUES (3, 467);
insert into Candidacy (wkid, idno) VALUES (391, 467);
insert into Citizen (idno, title, firstname, lastname, dateofbirth, gender) VALUES (468, '', 'Dehde', 'Klaus-Peter', '1.1.1959.', 'p');
insert into CandidatesData (idno) VALUES (468);
insert into PartyMembership (pid, idno) VALUES (2, 468);
insert into Landeslistenplatz (llid, idno, position) VALUES (1, 468, 34);
insert into Citizen (idno, title, firstname, lastname, dateofbirth, gender) VALUES (469, '', 'Dehm-Desoi', 'Dr. Jörg-Diether', '1.1.1950.', 'p');
insert into CandidatesData (idno) VALUES (469);
insert into PartyMembership (pid, idno) VALUES (3, 469);
insert into Landeslistenplatz (llid, idno, position) VALUES (2, 469, 1);
insert into Citizen (idno, title, firstname, lastname, dateofbirth, gender) VALUES (470, '', 'Deligöz', 'Ekin', '1.1.1971.', 'p');
insert into CandidatesData (idno) VALUES (470);
insert into PartyMembership (pid, idno) VALUES (5, 470);
insert into Candidacy (wkid, idno) VALUES (554, 470);
insert into Landeslistenplatz (llid, idno, position) VALUES (5, 470, 5);
insert into Citizen (idno, title, firstname, lastname, dateofbirth, gender) VALUES (471, '', 'Demele', 'Armin', '1.1.1962.', 'p');
insert into CandidatesData (idno) VALUES (471);
insert into PartyMembership (pid, idno) VALUES (8, 471);
insert into Candidacy (wkid, idno) VALUES (565, 471);
insert into Citizen (idno, title, firstname, lastname, dateofbirth, gender) VALUES (472, '', 'Demuth', 'Erika', '1.1.1982.', 'p');
insert into CandidatesData (idno) VALUES (472);
insert into PartyMembership (pid, idno) VALUES (12, 472);
insert into Landeslistenplatz (llid, idno, position) VALUES (12, 472, 33);
insert into Citizen (idno, title, firstname, lastname, dateofbirth, gender) VALUES (473, '', 'Dennhoven', 'Hans Günter', '1.1.1950.', 'p');
insert into CandidatesData (idno) VALUES (473);
insert into Candidacy (wkid, idno) VALUES (409, 473);
insert into Citizen (idno, title, firstname, lastname, dateofbirth, gender) VALUES (474, '', 'Denz', 'Christine', '1.1.1948.', 'p');
insert into CandidatesData (idno) VALUES (474);
insert into PartyMembership (pid, idno) VALUES (5, 474);
insert into Candidacy (wkid, idno) VALUES (575, 474);
insert into Citizen (idno, title, firstname, lastname, dateofbirth, gender) VALUES (475, '', 'Denzer', 'Theodor', '1.1.1951.', 'p');
insert into CandidatesData (idno) VALUES (475);
insert into PartyMembership (pid, idno) VALUES (4, 475);
insert into Landeslistenplatz (llid, idno, position) VALUES (4, 475, 57);
insert into Citizen (idno, title, firstname, lastname, dateofbirth, gender) VALUES (476, '', 'Derabin', 'Paul', '1.1.1988.', 'p');
insert into CandidatesData (idno) VALUES (476);
insert into PartyMembership (pid, idno) VALUES (12, 476);
insert into Landeslistenplatz (llid, idno, position) VALUES (12, 476, 37);
insert into Citizen (idno, title, firstname, lastname, dateofbirth, gender) VALUES (477, '', 'Dere', 'Zeynep', '1.1.1964.', 'p');
insert into CandidatesData (idno) VALUES (477);
insert into PartyMembership (pid, idno) VALUES (3, 477);
insert into Landeslistenplatz (llid, idno, position) VALUES (2, 477, 15);
insert into Citizen (idno, title, firstname, lastname, dateofbirth, gender) VALUES (478, '', 'Deter', 'Tilla-Louise', '1.1.1961.', 'p');
insert into CandidatesData (idno) VALUES (478);
insert into PartyMembership (pid, idno) VALUES (4, 478);
insert into Candidacy (wkid, idno) VALUES (582, 478);
insert into Landeslistenplatz (llid, idno, position) VALUES (4, 478, 23);
insert into Citizen (idno, title, firstname, lastname, dateofbirth, gender) VALUES (479, '', 'Dethlefsen', 'Knut Matthias', '1.1.1969.', 'p');
insert into CandidatesData (idno) VALUES (479);
insert into PartyMembership (pid, idno) VALUES (2, 479);
insert into Landeslistenplatz (llid, idno, position) VALUES (1, 479, 14);
insert into Citizen (idno, title, firstname, lastname, dateofbirth, gender) VALUES (480, '', 'Dettmer', 'Wiltrud', '1.1.1951.', 'p');
insert into CandidatesData (idno) VALUES (480);
insert into Candidacy (wkid, idno) VALUES (366, 480);
insert into Citizen (idno, title, firstname, lastname, dateofbirth, gender) VALUES (481, '', 'Dettweiler', 'Rudolf', '1.1.1950.', 'p');
insert into CandidatesData (idno) VALUES (481);
insert into Candidacy (wkid, idno) VALUES (380, 481);
insert into Citizen (idno, title, firstname, lastname, dateofbirth, gender) VALUES (482, '', 'Detzler', 'Michael', '1.1.1954.', 'p');
insert into CandidatesData (idno) VALUES (482);
insert into PartyMembership (pid, idno) VALUES (12, 482);
insert into Landeslistenplatz (llid, idno, position) VALUES (12, 482, 18);
insert into Citizen (idno, title, firstname, lastname, dateofbirth, gender) VALUES (483, '', 'Deubel', 'Holger', '1.1.1980.', 'p');
insert into CandidatesData (idno) VALUES (483);
insert into PartyMembership (pid, idno) VALUES (1, 483);
insert into Candidacy (wkid, idno) VALUES (501, 483);
insert into Citizen (idno, title, firstname, lastname, dateofbirth, gender) VALUES (484, '', 'Deuschle', 'Andreas', '1.1.1979.', 'p');
insert into CandidatesData (idno) VALUES (484);
insert into PartyMembership (pid, idno) VALUES (12, 484);
insert into Landeslistenplatz (llid, idno, position) VALUES (12, 484, 22);
insert into Citizen (idno, title, firstname, lastname, dateofbirth, gender) VALUES (485, '', 'Deuschle', 'Ulrich', '1.1.1952.', 'p');
insert into CandidatesData (idno) VALUES (485);
insert into PartyMembership (pid, idno) VALUES (19, 485);
insert into Landeslistenplatz (llid, idno, position) VALUES (18, 485, 2);
insert into Citizen (idno, title, firstname, lastname, dateofbirth, gender) VALUES (486, '', 'Deutsch', 'Paul', '1.1.1951.', 'p');
insert into CandidatesData (idno) VALUES (486);
insert into PartyMembership (pid, idno) VALUES (13, 486);
insert into Candidacy (wkid, idno) VALUES (350, 486);
insert into Landeslistenplatz (llid, idno, position) VALUES (13, 486, 3);
insert into Citizen (idno, title, firstname, lastname, dateofbirth, gender) VALUES (487, '', 'Deutschmann', 'Reiner Peter', '1.1.1953.', 'p');
insert into CandidatesData (idno) VALUES (487);
insert into PartyMembership (pid, idno) VALUES (4, 487);
insert into Candidacy (wkid, idno) VALUES (456, 487);
insert into Landeslistenplatz (llid, idno, position) VALUES (4, 487, 4);
insert into Citizen (idno, title, firstname, lastname, dateofbirth, gender) VALUES (488, '', 'Dick', 'Arno', '1.1.1962.', 'p');
insert into CandidatesData (idno) VALUES (488);
insert into PartyMembership (pid, idno) VALUES (2, 488);
insert into Landeslistenplatz (llid, idno, position) VALUES (1, 488, 60);
insert into Citizen (idno, title, firstname, lastname, dateofbirth, gender) VALUES (489, '', 'Dicke', 'Veronika', '1.1.1967.', 'p');
insert into CandidatesData (idno) VALUES (489);
insert into PartyMembership (pid, idno) VALUES (2, 489);
insert into Landeslistenplatz (llid, idno, position) VALUES (1, 489, 20);
insert into Citizen (idno, title, firstname, lastname, dateofbirth, gender) VALUES (490, '', 'Didlap', 'Dr. Charlotte', '1.1.1965.', 'p');
insert into CandidatesData (idno) VALUES (490);
insert into Candidacy (wkid, idno) VALUES (329, 490);
insert into Citizen (idno, title, firstname, lastname, dateofbirth, gender) VALUES (491, '', 'Diebler', 'Jens', '1.1.1966.', 'p');
insert into CandidatesData (idno) VALUES (491);
insert into PartyMembership (pid, idno) VALUES (22, 491);
insert into Landeslistenplatz (llid, idno, position) VALUES (22, 491, 13);
insert into Citizen (idno, title, firstname, lastname, dateofbirth, gender) VALUES (492, '', 'Diebold', 'Gudrun', '1.1.1956.', 'p');
insert into CandidatesData (idno) VALUES (492);
insert into PartyMembership (pid, idno) VALUES (8, 492);
insert into Candidacy (wkid, idno) VALUES (591, 492);
insert into Citizen (idno, title, firstname, lastname, dateofbirth, gender) VALUES (493, '', 'Dieckmann', 'Jan', '1.1.1980.', 'p');
insert into CandidatesData (idno) VALUES (493);
insert into Candidacy (wkid, idno) VALUES (401, 493);
insert into Citizen (idno, title, firstname, lastname, dateofbirth, gender) VALUES (494, '', 'Dieckmann', 'Mali', '1.1.1984.', 'p');
insert into CandidatesData (idno) VALUES (494);
insert into Candidacy (wkid, idno) VALUES (393, 494);
insert into Citizen (idno, title, firstname, lastname, dateofbirth, gender) VALUES (495, '', 'Dierbeck', 'Sandro', '1.1.1975.', 'p');
insert into CandidatesData (idno) VALUES (495);
insert into PartyMembership (pid, idno) VALUES (4, 495);
insert into Candidacy (wkid, idno) VALUES (461, 495);
insert into Citizen (idno, title, firstname, lastname, dateofbirth, gender) VALUES (496, '', 'Dießner', 'Norman', '1.1.1971.', 'p');
insert into CandidatesData (idno) VALUES (496);
insert into PartyMembership (pid, idno) VALUES (5, 496);
insert into Candidacy (wkid, idno) VALUES (475, 496);
insert into Landeslistenplatz (llid, idno, position) VALUES (5, 496, 10);
insert into Citizen (idno, title, firstname, lastname, dateofbirth, gender) VALUES (497, '', 'Dietert', 'Edeltraud', '1.1.1953.', 'p');
insert into CandidatesData (idno) VALUES (497);
insert into Candidacy (wkid, idno) VALUES (511, 497);
insert into Citizen (idno, title, firstname, lastname, dateofbirth, gender) VALUES (498, '', 'Dietrich', 'Klaus', '1.1.1936.', 'p');
insert into CandidatesData (idno) VALUES (498);
insert into PartyMembership (pid, idno) VALUES (1, 498);
insert into Candidacy (wkid, idno) VALUES (485, 498);
insert into Citizen (idno, title, firstname, lastname, dateofbirth, gender) VALUES (499, '', 'Dietrich', 'Matthias', '1.1.1971.', 'p');
insert into CandidatesData (idno) VALUES (499);
insert into PartyMembership (pid, idno) VALUES (8, 499);
insert into Candidacy (wkid, idno) VALUES (589, 499);
insert into Landeslistenplatz (llid, idno, position) VALUES (8, 499, 6);
insert into Citizen (idno, title, firstname, lastname, dateofbirth, gender) VALUES (500, '', 'Dietrich', 'Rolf', '1.1.1944.', 'p');
insert into CandidatesData (idno) VALUES (500);
insert into PartyMembership (pid, idno) VALUES (1, 500);
insert into Landeslistenplatz (llid, idno, position) VALUES (3, 500, 7);
insert into Citizen (idno, title, firstname, lastname, dateofbirth, gender) VALUES (501, '', 'Diggance', 'Christina', '1.1.1966.', 'p');
insert into CandidatesData (idno) VALUES (501);
insert into PartyMembership (pid, idno) VALUES (6, 501);
insert into Landeslistenplatz (llid, idno, position) VALUES (6, 501, 3);
insert into Citizen (idno, title, firstname, lastname, dateofbirth, gender) VALUES (502, '', 'Dilcher', 'Esther', '1.1.1965.', 'p');
insert into CandidatesData (idno) VALUES (502);
insert into PartyMembership (pid, idno) VALUES (2, 502);
insert into Landeslistenplatz (llid, idno, position) VALUES (1, 502, 27);
insert into Citizen (idno, title, firstname, lastname, dateofbirth, gender) VALUES (503, '', 'Dillschneider', 'Dirk', '1.1.1974.', 'p');
insert into CandidatesData (idno) VALUES (503);
insert into PartyMembership (pid, idno) VALUES (12, 503);
insert into Landeslistenplatz (llid, idno, position) VALUES (12, 503, 6);
insert into Citizen (idno, title, firstname, lastname, dateofbirth, gender) VALUES (504, '', 'Dimitrov', 'Michael', '1.1.1973.', 'p');
insert into CandidatesData (idno) VALUES (504);
insert into PartyMembership (pid, idno) VALUES (4, 504);
insert into Candidacy (wkid, idno) VALUES (407, 504);
insert into Landeslistenplatz (llid, idno, position) VALUES (4, 504, 56);
insert into Citizen (idno, title, firstname, lastname, dateofbirth, gender) VALUES (505, '', 'Dinar', 'Erkan', '1.1.1980.', 'p');
insert into CandidatesData (idno) VALUES (505);
insert into PartyMembership (pid, idno) VALUES (3, 505);
insert into Candidacy (wkid, idno) VALUES (540, 505);
insert into Citizen (idno, title, firstname, lastname, dateofbirth, gender) VALUES (506, '', 'Dippel', 'Konrad Willibald', '1.1.1971.', 'p');
insert into CandidatesData (idno) VALUES (506);
insert into Candidacy (wkid, idno) VALUES (534, 506);
insert into Citizen (idno, title, firstname, lastname, dateofbirth, gender) VALUES (507, '', 'Dirks', 'Alfred', '1.1.1951.', 'p');
insert into CandidatesData (idno) VALUES (507);
insert into PartyMembership (pid, idno) VALUES (3, 507);
insert into Landeslistenplatz (llid, idno, position) VALUES (2, 507, 23);
insert into Citizen (idno, title, firstname, lastname, dateofbirth, gender) VALUES (508, '', 'Ditsche', 'Frank Holger Kurt', '1.1.1966.', 'p');
insert into CandidatesData (idno) VALUES (508);
insert into Candidacy (wkid, idno) VALUES (377, 508);
insert into Citizen (idno, title, firstname, lastname, dateofbirth, gender) VALUES (509, '', 'Dittrich', 'Heidrun', '1.1.1958.', 'p');
insert into CandidatesData (idno) VALUES (509);
insert into PartyMembership (pid, idno) VALUES (3, 509);
insert into Candidacy (wkid, idno) VALUES (342, 509);
insert into Landeslistenplatz (llid, idno, position) VALUES (2, 509, 3);
insert into Citizen (idno, title, firstname, lastname, dateofbirth, gender) VALUES (510, '', 'Djir-Sarai', 'Dr. Bijan', '1.1.1976.', 'p');
insert into CandidatesData (idno) VALUES (510);
insert into PartyMembership (pid, idno) VALUES (4, 510);
insert into Candidacy (wkid, idno) VALUES (408, 510);
insert into Landeslistenplatz (llid, idno, position) VALUES (4, 510, 13);
insert into Citizen (idno, title, firstname, lastname, dateofbirth, gender) VALUES (511, '', 'Dloczik', 'Dr. Larissa', '1.1.1967.', 'p');
insert into CandidatesData (idno) VALUES (511);
insert into PartyMembership (pid, idno) VALUES (8, 511);
insert into Landeslistenplatz (llid, idno, position) VALUES (8, 511, 4);
insert into Citizen (idno, title, firstname, lastname, dateofbirth, gender) VALUES (512, '', 'Dobelmann', 'Josef', '1.1.1957.', 'p');
insert into CandidatesData (idno) VALUES (512);
insert into PartyMembership (pid, idno) VALUES (5, 512);
insert into Candidacy (wkid, idno) VALUES (332, 512);
insert into Citizen (idno, title, firstname, lastname, dateofbirth, gender) VALUES (513, '', 'Dobler', 'Wolfgang', '1.1.1954.', 'p');
insert into CandidatesData (idno) VALUES (513);
insert into PartyMembership (pid, idno) VALUES (4, 513);
insert into Candidacy (wkid, idno) VALUES (594, 513);
insert into Landeslistenplatz (llid, idno, position) VALUES (4, 513, 26);
insert into Citizen (idno, title, firstname, lastname, dateofbirth, gender) VALUES (514, '', 'Dobrindt', 'Alexander', '1.1.1970.', 'p');
insert into CandidatesData (idno) VALUES (514);
insert into PartyMembership (pid, idno) VALUES (9, 514);
insert into Candidacy (wkid, idno) VALUES (525, 514);
insert into Landeslistenplatz (llid, idno, position) VALUES (9, 514, 5);
insert into Citizen (idno, title, firstname, lastname, dateofbirth, gender) VALUES (515, '', 'Döcke', 'Wolfgang', '1.1.1954.', 'p');
insert into CandidatesData (idno) VALUES (515);
insert into PartyMembership (pid, idno) VALUES (4, 515);
insert into Candidacy (wkid, idno) VALUES (368, 515);
insert into Citizen (idno, title, firstname, lastname, dateofbirth, gender) VALUES (516, '', 'Döhring', 'Sebastian', '1.1.1980.', 'p');
insert into CandidatesData (idno) VALUES (516);
insert into PartyMembership (pid, idno) VALUES (1, 516);
insert into Landeslistenplatz (llid, idno, position) VALUES (3, 516, 10);
insert into Citizen (idno, title, firstname, lastname, dateofbirth, gender) VALUES (517, '', 'Dören', 'Prof. Dr. Martina', '1.1.1959.', 'p');
insert into CandidatesData (idno) VALUES (517);
insert into PartyMembership (pid, idno) VALUES (2, 517);
insert into Landeslistenplatz (llid, idno, position) VALUES (1, 517, 12);
insert into Citizen (idno, title, firstname, lastname, dateofbirth, gender) VALUES (518, '', 'Dörflinger', 'Thomas', '1.1.1965.', 'p');
insert into CandidatesData (idno) VALUES (518);
insert into PartyMembership (pid, idno) VALUES (12, 518);
insert into Candidacy (wkid, idno) VALUES (587, 518);
insert into Citizen (idno, title, firstname, lastname, dateofbirth, gender) VALUES (519, '', 'Döring', 'Patrick', '1.1.1973.', 'p');
insert into CandidatesData (idno) VALUES (519);
insert into PartyMembership (pid, idno) VALUES (4, 519);
insert into Candidacy (wkid, idno) VALUES (342, 519);
insert into Landeslistenplatz (llid, idno, position) VALUES (4, 519, 5);
insert into Citizen (idno, title, firstname, lastname, dateofbirth, gender) VALUES (520, '', 'Döring', 'Waltraud', '1.1.1952.', 'p');
insert into CandidatesData (idno) VALUES (520);
insert into PartyMembership (pid, idno) VALUES (8, 520);
insert into Landeslistenplatz (llid, idno, position) VALUES (8, 520, 9);
insert into Citizen (idno, title, firstname, lastname, dateofbirth, gender) VALUES (521, '', 'Döring', 'Wilfried', '1.1.1953.', 'p');
insert into CandidatesData (idno) VALUES (521);
insert into PartyMembership (pid, idno) VALUES (8, 521);
insert into Landeslistenplatz (llid, idno, position) VALUES (8, 521, 13);
insert into Citizen (idno, title, firstname, lastname, dateofbirth, gender) VALUES (522, '', 'Dörken', 'Axel', '1.1.1967.', 'p');
insert into CandidatesData (idno) VALUES (522);
insert into Candidacy (wkid, idno) VALUES (431, 522);
insert into Citizen (idno, title, firstname, lastname, dateofbirth, gender) VALUES (523, '', 'Dörken', 'Peter J.', '1.1.1938.', 'p');
insert into CandidatesData (idno) VALUES (523);
insert into PartyMembership (pid, idno) VALUES (14, 523);
insert into Candidacy (wkid, idno) VALUES (514, 523);
insert into Landeslistenplatz (llid, idno, position) VALUES (21, 523, 14);
insert into Citizen (idno, title, firstname, lastname, dateofbirth, gender) VALUES (524, '', 'Dörlitz', 'Helmut', '1.1.1963.', 'p');
insert into CandidatesData (idno) VALUES (524);
insert into PartyMembership (pid, idno) VALUES (11, 524);
insert into Landeslistenplatz (llid, idno, position) VALUES (11, 524, 4);
insert into Citizen (idno, title, firstname, lastname, dateofbirth, gender) VALUES (525, '', 'Dörmann', 'Martin', '1.1.1962.', 'p');
insert into CandidatesData (idno) VALUES (525);
insert into PartyMembership (pid, idno) VALUES (2, 525);
insert into Candidacy (wkid, idno) VALUES (393, 525);
insert into Landeslistenplatz (llid, idno, position) VALUES (1, 525, 54);
insert into Citizen (idno, title, firstname, lastname, dateofbirth, gender) VALUES (526, '', 'Dörner', 'Katja', '1.1.1976.', 'p');
insert into CandidatesData (idno) VALUES (526);
insert into PartyMembership (pid, idno) VALUES (5, 526);
insert into Candidacy (wkid, idno) VALUES (396, 526);
insert into Landeslistenplatz (llid, idno, position) VALUES (5, 526, 5);
insert into Citizen (idno, title, firstname, lastname, dateofbirth, gender) VALUES (527, '', 'Dörnhöfer', 'Uwe', '1.1.1969.', 'p');
insert into CandidatesData (idno) VALUES (527);
insert into PartyMembership (pid, idno) VALUES (2, 527);
insert into Candidacy (wkid, idno) VALUES (514, 527);
insert into Landeslistenplatz (llid, idno, position) VALUES (1, 527, 44);
insert into Citizen (idno, title, firstname, lastname, dateofbirth, gender) VALUES (528, '', 'Dörr', 'Joachim', '1.1.1968.', 'p');
insert into CandidatesData (idno) VALUES (528);
insert into PartyMembership (pid, idno) VALUES (2, 528);
insert into Landeslistenplatz (llid, idno, position) VALUES (1, 528, 22);
insert into Citizen (idno, title, firstname, lastname, dateofbirth, gender) VALUES (529, '', 'Döscher', 'Vera Nadja', '1.1.1972.', 'p');
insert into CandidatesData (idno) VALUES (529);
insert into PartyMembership (pid, idno) VALUES (4, 529);
insert into Landeslistenplatz (llid, idno, position) VALUES (4, 529, 5);
insert into Citizen (idno, title, firstname, lastname, dateofbirth, gender) VALUES (530, '', 'Dött', 'Marie-Luise', '1.1.1953.', 'p');
insert into CandidatesData (idno) VALUES (530);
insert into PartyMembership (pid, idno) VALUES (12, 530);
insert into Candidacy (wkid, idno) VALUES (417, 530);
insert into Landeslistenplatz (llid, idno, position) VALUES (12, 530, 9);
insert into Citizen (idno, title, firstname, lastname, dateofbirth, gender) VALUES (531, '', 'Dohmen', 'Norbert', '1.1.1951.', 'p');
insert into CandidatesData (idno) VALUES (531);
insert into PartyMembership (pid, idno) VALUES (5, 531);
insert into Landeslistenplatz (llid, idno, position) VALUES (5, 531, 32);
insert into Citizen (idno, title, firstname, lastname, dateofbirth, gender) VALUES (532, '', 'Doll', 'Helmut-Hartwig', '1.1.1948.', 'p');
insert into CandidatesData (idno) VALUES (532);
insert into PartyMembership (pid, idno) VALUES (3, 532);
insert into Candidacy (wkid, idno) VALUES (330, 532);
insert into Citizen (idno, title, firstname, lastname, dateofbirth, gender) VALUES (533, '', 'Doll', 'Pauli', '1.1.1956.', 'p');
insert into CandidatesData (idno) VALUES (533);
insert into PartyMembership (pid, idno) VALUES (15, 533);
insert into Candidacy (wkid, idno) VALUES (525, 533);
insert into Citizen (idno, title, firstname, lastname, dateofbirth, gender) VALUES (534, '', 'Domes', 'Norbert', '1.1.1950.', 'p');
insert into CandidatesData (idno) VALUES (534);
insert into PartyMembership (pid, idno) VALUES (3, 534);
insert into Candidacy (wkid, idno) VALUES (468, 534);
insert into Citizen (idno, title, firstname, lastname, dateofbirth, gender) VALUES (535, '', 'Dormuth', 'Dennis', '1.1.1980.', 'p');
insert into CandidatesData (idno) VALUES (535);
insert into PartyMembership (pid, idno) VALUES (1, 535);
insert into Candidacy (wkid, idno) VALUES (429, 535);
insert into Citizen (idno, title, firstname, lastname, dateofbirth, gender) VALUES (536, '', 'Dorn', 'Hubert', '1.1.1956.', 'p');
insert into CandidatesData (idno) VALUES (536);
insert into PartyMembership (pid, idno) VALUES (15, 536);
insert into Landeslistenplatz (llid, idno, position) VALUES (14, 536, 11);
insert into Citizen (idno, title, firstname, lastname, dateofbirth, gender) VALUES (537, '', 'Dorst', 'Bernd', '1.1.1950.', 'p');
insert into CandidatesData (idno) VALUES (537);
insert into Candidacy (wkid, idno) VALUES (540, 537);
insert into Citizen (idno, title, firstname, lastname, dateofbirth, gender) VALUES (538, '', 'Dotten', 'Horst', '1.1.1957.', 'p');
insert into CandidatesData (idno) VALUES (538);
insert into PartyMembership (pid, idno) VALUES (13, 538);
insert into Candidacy (wkid, idno) VALUES (419, 538);
insert into Citizen (idno, title, firstname, lastname, dateofbirth, gender) VALUES (539, '', 'Dotzler', 'Thomas', '1.1.1965.', 'p');
insert into CandidatesData (idno) VALUES (539);
insert into PartyMembership (pid, idno) VALUES (15, 539);
insert into Candidacy (wkid, idno) VALUES (535, 539);
insert into Landeslistenplatz (llid, idno, position) VALUES (14, 539, 6);
insert into Citizen (idno, title, firstname, lastname, dateofbirth, gender) VALUES (540, '', 'Drage van', 'Alexander Ewald', '1.1.1980.', 'p');
insert into CandidatesData (idno) VALUES (540);
insert into PartyMembership (pid, idno) VALUES (19, 540);
insert into Landeslistenplatz (llid, idno, position) VALUES (18, 540, 13);
insert into Citizen (idno, title, firstname, lastname, dateofbirth, gender) VALUES (541, '', 'Dreblow', 'Wolf-Henry', '1.1.1958.', 'p');
insert into CandidatesData (idno) VALUES (541);
insert into PartyMembership (pid, idno) VALUES (4, 541);
insert into Candidacy (wkid, idno) VALUES (373, 541);
insert into Landeslistenplatz (llid, idno, position) VALUES (4, 541, 6);
insert into Citizen (idno, title, firstname, lastname, dateofbirth, gender) VALUES (542, '', 'Dreetz', 'Jochen', '1.1.1956.', 'p');
insert into CandidatesData (idno) VALUES (542);
insert into PartyMembership (pid, idno) VALUES (5, 542);
insert into Candidacy (wkid, idno) VALUES (373, 542);
insert into Landeslistenplatz (llid, idno, position) VALUES (5, 542, 6);
insert into Citizen (idno, title, firstname, lastname, dateofbirth, gender) VALUES (543, '', 'Dreibus', 'Werner', '1.1.1947.', 'p');
insert into CandidatesData (idno) VALUES (543);
insert into PartyMembership (pid, idno) VALUES (3, 543);
insert into Candidacy (wkid, idno) VALUES (479, 543);
insert into Landeslistenplatz (llid, idno, position) VALUES (2, 543, 4);
insert into Citizen (idno, title, firstname, lastname, dateofbirth, gender) VALUES (544, '', 'Dreischer', 'Dr. Artur', '1.1.1928.', 'p');
insert into CandidatesData (idno) VALUES (544);
insert into PartyMembership (pid, idno) VALUES (20, 544);
insert into Landeslistenplatz (llid, idno, position) VALUES (19, 544, 1);
insert into Citizen (idno, title, firstname, lastname, dateofbirth, gender) VALUES (545, '', 'Drerup', 'Dr. Ulrich', '1.1.1951.', 'p');
insert into CandidatesData (idno) VALUES (545);
insert into PartyMembership (pid, idno) VALUES (12, 545);
insert into Landeslistenplatz (llid, idno, position) VALUES (12, 545, 22);
insert into Citizen (idno, title, firstname, lastname, dateofbirth, gender) VALUES (546, '', 'Drescher', 'Max Jürgen', '1.1.1968.', 'p');
insert into CandidatesData (idno) VALUES (546);
insert into PartyMembership (pid, idno) VALUES (4, 546);
insert into Landeslistenplatz (llid, idno, position) VALUES (4, 546, 27);
insert into Citizen (idno, title, firstname, lastname, dateofbirth, gender) VALUES (547, '', 'Dressel', 'Dr. Carl-Christian', '1.1.1970.', 'p');
insert into CandidatesData (idno) VALUES (547);
insert into PartyMembership (pid, idno) VALUES (2, 547);
insert into Candidacy (wkid, idno) VALUES (537, 547);
insert into Landeslistenplatz (llid, idno, position) VALUES (1, 547, 19);
insert into Citizen (idno, title, firstname, lastname, dateofbirth, gender) VALUES (548, '', 'Drewes', 'Hans-Joachim', '1.1.1936.', 'p');
insert into CandidatesData (idno) VALUES (548);
insert into PartyMembership (pid, idno) VALUES (14, 548);
insert into Landeslistenplatz (llid, idno, position) VALUES (21, 548, 3);
insert into Citizen (idno, title, firstname, lastname, dateofbirth, gender) VALUES (549, '', 'Drexler', 'Gerhard', '1.1.1964.', 'p');
insert into CandidatesData (idno) VALUES (549);
insert into PartyMembership (pid, idno) VALUES (4, 549);
insert into Candidacy (wkid, idno) VALUES (526, 549);
insert into Landeslistenplatz (llid, idno, position) VALUES (4, 549, 15);
insert into Citizen (idno, title, firstname, lastname, dateofbirth, gender) VALUES (550, '', 'Drinkard', 'Heidi', '1.1.1946.', 'p');
insert into CandidatesData (idno) VALUES (550);
insert into PartyMembership (pid, idno) VALUES (1, 550);
insert into Candidacy (wkid, idno) VALUES (561, 550);
insert into Citizen (idno, title, firstname, lastname, dateofbirth, gender) VALUES (551, '', 'Drinkmann', 'Klaus Willy', '1.1.1937.', 'p');
insert into CandidatesData (idno) VALUES (551);
insert into PartyMembership (pid, idno) VALUES (18, 551);
insert into Landeslistenplatz (llid, idno, position) VALUES (17, 551, 8);
insert into Citizen (idno, title, firstname, lastname, dateofbirth, gender) VALUES (552, '', 'Drinkmann', 'Waltraud Lotte', '1.1.1954.', 'p');
insert into CandidatesData (idno) VALUES (552);
insert into PartyMembership (pid, idno) VALUES (18, 552);
insert into Landeslistenplatz (llid, idno, position) VALUES (17, 552, 11);
insert into Citizen (idno, title, firstname, lastname, dateofbirth, gender) VALUES (553, '', 'Drobinski-Weiß', 'Elvira', '1.1.1951.', 'p');
insert into CandidatesData (idno) VALUES (553);
insert into PartyMembership (pid, idno) VALUES (2, 553);
insert into Candidacy (wkid, idno) VALUES (583, 553);
insert into Landeslistenplatz (llid, idno, position) VALUES (1, 553, 11);
insert into Citizen (idno, title, firstname, lastname, dateofbirth, gender) VALUES (554, '', 'Drothler', 'Ute Regina', '1.1.1969.', 'p');
insert into CandidatesData (idno) VALUES (554);
insert into PartyMembership (pid, idno) VALUES (8, 554);
insert into Candidacy (wkid, idno) VALUES (521, 554);
insert into Landeslistenplatz (llid, idno, position) VALUES (8, 554, 14);
insert into Citizen (idno, title, firstname, lastname, dateofbirth, gender) VALUES (555, '', 'Ducke', 'Kai-Uwe', '1.1.1975.', 'p');
insert into CandidatesData (idno) VALUES (555);
insert into PartyMembership (pid, idno) VALUES (10, 555);
insert into Candidacy (wkid, idno) VALUES (465, 555);
insert into Landeslistenplatz (llid, idno, position) VALUES (10, 555, 2);
insert into Citizen (idno, title, firstname, lastname, dateofbirth, gender) VALUES (556, '', 'Duda', 'Wolfgang Georg', '1.1.1962.', 'p');
insert into CandidatesData (idno) VALUES (556);
insert into PartyMembership (pid, idno) VALUES (1, 556);
insert into Candidacy (wkid, idno) VALUES (417, 556);
insert into Landeslistenplatz (llid, idno, position) VALUES (3, 556, 16);
insert into Citizen (idno, title, firstname, lastname, dateofbirth, gender) VALUES (557, '', 'Duin', 'Garrelt', '1.1.1968.', 'p');
insert into CandidatesData (idno) VALUES (557);
insert into PartyMembership (pid, idno) VALUES (2, 557);
insert into Candidacy (wkid, idno) VALUES (324, 557);
insert into Landeslistenplatz (llid, idno, position) VALUES (1, 557, 1);
insert into Citizen (idno, title, firstname, lastname, dateofbirth, gender) VALUES (558, '', 'Dullinger', 'Angelica', '1.1.1960.', 'p');
insert into CandidatesData (idno) VALUES (558);
insert into PartyMembership (pid, idno) VALUES (2, 558);
insert into Candidacy (wkid, idno) VALUES (525, 558);
insert into Landeslistenplatz (llid, idno, position) VALUES (1, 558, 26);
insert into Citizen (idno, title, firstname, lastname, dateofbirth, gender) VALUES (559, '', 'Dumberger', 'Andrea Brigitte', '1.1.1957.', 'p');
insert into CandidatesData (idno) VALUES (559);
insert into PartyMembership (pid, idno) VALUES (13, 559);
insert into Landeslistenplatz (llid, idno, position) VALUES (13, 559, 8);
insert into Citizen (idno, title, firstname, lastname, dateofbirth, gender) VALUES (560, '', 'Dumberger', 'Klaus', '1.1.1964.', 'p');
insert into CandidatesData (idno) VALUES (560);
insert into PartyMembership (pid, idno) VALUES (13, 560);
insert into Candidacy (wkid, idno) VALUES (517, 560);
insert into Landeslistenplatz (llid, idno, position) VALUES (13, 560, 1);
insert into Citizen (idno, title, firstname, lastname, dateofbirth, gender) VALUES (561, '', 'Dusper', 'Nina', '1.1.1975.', 'p');
insert into CandidatesData (idno) VALUES (561);
insert into PartyMembership (pid, idno) VALUES (13, 561);
insert into Landeslistenplatz (llid, idno, position) VALUES (13, 561, 26);
insert into Citizen (idno, title, firstname, lastname, dateofbirth, gender) VALUES (562, '', 'Duwe', 'Dr. Kurt Carlos', '1.1.1951.', 'p');
insert into CandidatesData (idno) VALUES (562);
insert into PartyMembership (pid, idno) VALUES (4, 562);
insert into Candidacy (wkid, idno) VALUES (323, 562);
insert into Landeslistenplatz (llid, idno, position) VALUES (4, 562, 3);
insert into Citizen (idno, title, firstname, lastname, dateofbirth, gender) VALUES (563, '', 'Dyckmans', 'Mechthild', '1.1.1950.', 'p');
insert into CandidatesData (idno) VALUES (563);
insert into PartyMembership (pid, idno) VALUES (4, 563);
insert into Candidacy (wkid, idno) VALUES (468, 563);
insert into Landeslistenplatz (llid, idno, position) VALUES (4, 563, 5);
insert into Citizen (idno, title, firstname, lastname, dateofbirth, gender) VALUES (564, '', 'Dyhr', 'Thomas', '1.1.1958.', 'p');
insert into CandidatesData (idno) VALUES (564);
insert into PartyMembership (pid, idno) VALUES (5, 564);
insert into Candidacy (wkid, idno) VALUES (359, 564);
insert into Landeslistenplatz (llid, idno, position) VALUES (5, 564, 5);
insert into Citizen (idno, title, firstname, lastname, dateofbirth, gender) VALUES (565, '', 'Eberhard', 'Klaus-Peter', '1.1.1962.', 'p');
insert into CandidatesData (idno) VALUES (565);
insert into PartyMembership (pid, idno) VALUES (4, 565);
insert into Candidacy (wkid, idno) VALUES (307, 565);
insert into Landeslistenplatz (llid, idno, position) VALUES (4, 565, 5);
insert into Citizen (idno, title, firstname, lastname, dateofbirth, gender) VALUES (566, '', 'Eberhard-Forschner', 'Dagmar', '1.1.1953.', 'p');
insert into CandidatesData (idno) VALUES (566);
insert into PartyMembership (pid, idno) VALUES (13, 566);
insert into Candidacy (wkid, idno) VALUES (407, 566);
insert into Citizen (idno, title, firstname, lastname, dateofbirth, gender) VALUES (567, '', 'Eberl', 'Dr. Christian', '1.1.1954.', 'p');
insert into CandidatesData (idno) VALUES (567);
insert into PartyMembership (pid, idno) VALUES (4, 567);
insert into Candidacy (wkid, idno) VALUES (352, 567);
insert into Citizen (idno, title, firstname, lastname, dateofbirth, gender) VALUES (568, '', 'Eberle', 'Johann', '1.1.1948.', 'p');
insert into CandidatesData (idno) VALUES (568);
insert into PartyMembership (pid, idno) VALUES (15, 568);
insert into Landeslistenplatz (llid, idno, position) VALUES (14, 568, 16);
insert into Citizen (idno, title, firstname, lastname, dateofbirth, gender) VALUES (569, '', 'Ebert', 'Dieter', '1.1.1955.', 'p');
insert into CandidatesData (idno) VALUES (569);
insert into PartyMembership (pid, idno) VALUES (19, 569);
insert into Landeslistenplatz (llid, idno, position) VALUES (18, 569, 16);
insert into Citizen (idno, title, firstname, lastname, dateofbirth, gender) VALUES (570, '', 'Ebner', 'Harald', '1.1.1964.', 'p');
insert into CandidatesData (idno) VALUES (570);
insert into PartyMembership (pid, idno) VALUES (5, 570);
insert into Candidacy (wkid, idno) VALUES (567, 570);
insert into Landeslistenplatz (llid, idno, position) VALUES (5, 570, 12);
insert into Citizen (idno, title, firstname, lastname, dateofbirth, gender) VALUES (571, '', 'Eckenbach', 'Jutta', '1.1.1952.', 'p');
insert into CandidatesData (idno) VALUES (571);
insert into PartyMembership (pid, idno) VALUES (12, 571);
insert into Candidacy (wkid, idno) VALUES (419, 571);
insert into Landeslistenplatz (llid, idno, position) VALUES (12, 571, 30);
insert into Citizen (idno, title, firstname, lastname, dateofbirth, gender) VALUES (572, '', 'Eckert', 'Michael', '1.1.1981.', 'p');
insert into CandidatesData (idno) VALUES (572);
insert into Candidacy (wkid, idno) VALUES (583, 572);
insert into Citizen (idno, title, firstname, lastname, dateofbirth, gender) VALUES (573, '', 'Eckert van', 'René', '1.1.1987.', 'p');
insert into CandidatesData (idno) VALUES (573);
insert into PartyMembership (pid, idno) VALUES (2, 573);
insert into Landeslistenplatz (llid, idno, position) VALUES (1, 573, 47);
insert into Citizen (idno, title, firstname, lastname, dateofbirth, gender) VALUES (574, '', 'Eckhardt', 'Hannelore', '1.1.1954.', 'p');
insert into CandidatesData (idno) VALUES (574);
insert into PartyMembership (pid, idno) VALUES (2, 574);
insert into Landeslistenplatz (llid, idno, position) VALUES (1, 574, 22);
insert into Citizen (idno, title, firstname, lastname, dateofbirth, gender) VALUES (575, '', 'Eckler', 'Herbert', '1.1.1931.', 'p');
insert into CandidatesData (idno) VALUES (575);
insert into PartyMembership (pid, idno) VALUES (10, 575);
insert into Landeslistenplatz (llid, idno, position) VALUES (10, 575, 5);
insert into Citizen (idno, title, firstname, lastname, dateofbirth, gender) VALUES (576, '', 'Edathy', 'Sebastian', '1.1.1969.', 'p');
insert into CandidatesData (idno) VALUES (576);
insert into PartyMembership (pid, idno) VALUES (2, 576);
insert into Candidacy (wkid, idno) VALUES (340, 576);
insert into Landeslistenplatz (llid, idno, position) VALUES (1, 576, 15);
insert into Citizen (idno, title, firstname, lastname, dateofbirth, gender) VALUES (577, '', 'Effertz', 'Lars Oliver', '1.1.1978.', 'p');
insert into CandidatesData (idno) VALUES (577);
insert into PartyMembership (pid, idno) VALUES (4, 577);
insert into Candidacy (wkid, idno) VALUES (391, 577);
insert into Landeslistenplatz (llid, idno, position) VALUES (4, 577, 40);
insert into Citizen (idno, title, firstname, lastname, dateofbirth, gender) VALUES (578, '', 'Eggers', 'Jürgen', '1.1.1957.', 'p');
insert into CandidatesData (idno) VALUES (578);
insert into PartyMembership (pid, idno) VALUES (3, 578);
insert into Candidacy (wkid, idno) VALUES (345, 578);
insert into Citizen (idno, title, firstname, lastname, dateofbirth, gender) VALUES (579, '', 'Egloff', 'Ingo', '1.1.1956.', 'p');
insert into CandidatesData (idno) VALUES (579);
insert into PartyMembership (pid, idno) VALUES (2, 579);
insert into Candidacy (wkid, idno) VALUES (322, 579);
insert into Landeslistenplatz (llid, idno, position) VALUES (1, 579, 3);
insert into Citizen (idno, title, firstname, lastname, dateofbirth, gender) VALUES (580, '', 'Ehinger', 'Hasso', '1.1.1940.', 'p');
insert into CandidatesData (idno) VALUES (580);
insert into PartyMembership (pid, idno) VALUES (3, 580);
insert into Candidacy (wkid, idno) VALUES (566, 580);
insert into Citizen (idno, title, firstname, lastname, dateofbirth, gender) VALUES (581, '', 'Ehnes', 'Hans-Joachim', '1.1.1956.', 'p');
insert into CandidatesData (idno) VALUES (581);
insert into PartyMembership (pid, idno) VALUES (3, 581);
insert into Candidacy (wkid, idno) VALUES (541, 581);
insert into Landeslistenplatz (llid, idno, position) VALUES (2, 581, 10);
insert into Citizen (idno, title, firstname, lastname, dateofbirth, gender) VALUES (582, '', 'Ehrenberg', 'Hans-Werner', '1.1.1952.', 'p');
insert into CandidatesData (idno) VALUES (582);
insert into PartyMembership (pid, idno) VALUES (4, 582);
insert into Candidacy (wkid, idno) VALUES (447, 582);
insert into Landeslistenplatz (llid, idno, position) VALUES (4, 582, 23);
insert into Citizen (idno, title, firstname, lastname, dateofbirth, gender) VALUES (583, '', 'Ehrhardt', 'Robert', '1.1.1982.', 'p');
insert into CandidatesData (idno) VALUES (583);
insert into PartyMembership (pid, idno) VALUES (19, 583);
insert into Landeslistenplatz (llid, idno, position) VALUES (18, 583, 3);
insert into Citizen (idno, title, firstname, lastname, dateofbirth, gender) VALUES (584, '', 'Ehrl', 'Ewald', '1.1.1961.', 'p');
insert into CandidatesData (idno) VALUES (584);
insert into PartyMembership (pid, idno) VALUES (1, 584);
insert into Candidacy (wkid, idno) VALUES (533, 584);
insert into Citizen (idno, title, firstname, lastname, dateofbirth, gender) VALUES (585, '', 'Ehrlich', 'Martina', '1.1.1965.', 'p');
insert into CandidatesData (idno) VALUES (585);
insert into PartyMembership (pid, idno) VALUES (2, 585);
insert into Landeslistenplatz (llid, idno, position) VALUES (1, 585, 19);
insert into Citizen (idno, title, firstname, lastname, dateofbirth, gender) VALUES (586, '', 'Ehrmann', 'Siegmund', '1.1.1952.', 'p');
insert into CandidatesData (idno) VALUES (586);
insert into PartyMembership (pid, idno) VALUES (2, 586);
insert into Candidacy (wkid, idno) VALUES (414, 586);
insert into Landeslistenplatz (llid, idno, position) VALUES (1, 586, 53);
insert into Citizen (idno, title, firstname, lastname, dateofbirth, gender) VALUES (587, '', 'Ehrreich', 'Bernd', '1.1.1972.', 'p');
insert into CandidatesData (idno) VALUES (587);
insert into PartyMembership (pid, idno) VALUES (1, 587);
insert into Candidacy (wkid, idno) VALUES (598, 587);
insert into Citizen (idno, title, firstname, lastname, dateofbirth, gender) VALUES (588, '', 'Eichhorst', 'Ulrich', '1.1.1946.', 'p');
insert into CandidatesData (idno) VALUES (588);
insert into PartyMembership (pid, idno) VALUES (2, 588);
insert into Landeslistenplatz (llid, idno, position) VALUES (1, 588, 39);
insert into Citizen (idno, title, firstname, lastname, dateofbirth, gender) VALUES (589, '', 'Eichler', 'Martin', '1.1.1968.', 'p');
insert into CandidatesData (idno) VALUES (589);
insert into PartyMembership (pid, idno) VALUES (8, 589);
insert into Landeslistenplatz (llid, idno, position) VALUES (8, 589, 15);
insert into Citizen (idno, title, firstname, lastname, dateofbirth, gender) VALUES (590, '', 'Eichler', 'Rainer Hans', '1.1.1950.', 'p');
insert into CandidatesData (idno) VALUES (590);
insert into PartyMembership (pid, idno) VALUES (19, 590);
insert into Landeslistenplatz (llid, idno, position) VALUES (18, 590, 9);
insert into Citizen (idno, title, firstname, lastname, dateofbirth, gender) VALUES (591, '', 'Eichstädt-Bohlig', 'Franziska', '1.1.1941.', 'p');
insert into CandidatesData (idno) VALUES (591);
insert into PartyMembership (pid, idno) VALUES (5, 591);
insert into Candidacy (wkid, idno) VALUES (386, 591);
insert into Citizen (idno, title, firstname, lastname, dateofbirth, gender) VALUES (592, '', 'Eicker', 'Hermann Josef Jupp', '1.1.1949.', 'p');
insert into CandidatesData (idno) VALUES (592);
insert into PartyMembership (pid, idno) VALUES (13, 592);
insert into Landeslistenplatz (llid, idno, position) VALUES (13, 592, 9);
insert into Citizen (idno, title, firstname, lastname, dateofbirth, gender) VALUES (593, '', 'Eickmeier', 'Andreas', '1.1.1954.', 'p');
insert into CandidatesData (idno) VALUES (593);
insert into PartyMembership (pid, idno) VALUES (4, 593);
insert into Candidacy (wkid, idno) VALUES (434, 593);
insert into Landeslistenplatz (llid, idno, position) VALUES (4, 593, 32);
insert into Citizen (idno, title, firstname, lastname, dateofbirth, gender) VALUES (594, '', 'Eifler', 'Andreas', '1.1.1955.', 'p');
insert into CandidatesData (idno) VALUES (594);
insert into PartyMembership (pid, idno) VALUES (13, 594);
insert into Candidacy (wkid, idno) VALUES (495, 594);
insert into Landeslistenplatz (llid, idno, position) VALUES (13, 594, 1);
insert into Citizen (idno, title, firstname, lastname, dateofbirth, gender) VALUES (595, '', 'Eifler', 'Manuela', '1.1.1957.', 'p');
insert into CandidatesData (idno) VALUES (595);
insert into PartyMembership (pid, idno) VALUES (13, 595);
insert into Landeslistenplatz (llid, idno, position) VALUES (13, 595, 4);
insert into Citizen (idno, title, firstname, lastname, dateofbirth, gender) VALUES (596, '', 'Eigemeier', 'Ellen', '1.1.1970.', 'p');
insert into CandidatesData (idno) VALUES (596);
insert into PartyMembership (pid, idno) VALUES (8, 596);
insert into Landeslistenplatz (llid, idno, position) VALUES (8, 596, 4);
insert into Citizen (idno, title, firstname, lastname, dateofbirth, gender) VALUES (597, '', 'Eigen', 'Helmut', '1.1.1955.', 'p');
insert into CandidatesData (idno) VALUES (597);
insert into PartyMembership (pid, idno) VALUES (3, 597);
insert into Candidacy (wkid, idno) VALUES (442, 597);
insert into Landeslistenplatz (llid, idno, position) VALUES (2, 597, 14);
insert into Citizen (idno, title, firstname, lastname, dateofbirth, gender) VALUES (598, '', 'Eigenfeld', 'Ulrich', '1.1.1947.', 'p');
insert into CandidatesData (idno) VALUES (598);
insert into PartyMembership (pid, idno) VALUES (1, 598);
insert into Landeslistenplatz (llid, idno, position) VALUES (3, 598, 1);
insert into Citizen (idno, title, firstname, lastname, dateofbirth, gender) VALUES (599, '', 'Eigenthaler', 'Egon', '1.1.1938.', 'p');
insert into CandidatesData (idno) VALUES (599);
insert into PartyMembership (pid, idno) VALUES (19, 599);
insert into Landeslistenplatz (llid, idno, position) VALUES (18, 599, 7);
insert into Citizen (idno, title, firstname, lastname, dateofbirth, gender) VALUES (600, '', 'Einrauch', 'Gerhard Fritz', '1.1.1929.', 'p');
insert into CandidatesData (idno) VALUES (600);
insert into PartyMembership (pid, idno) VALUES (19, 600);
insert into Landeslistenplatz (llid, idno, position) VALUES (18, 600, 2);
insert into Citizen (idno, title, firstname, lastname, dateofbirth, gender) VALUES (601, '', 'Einsle', 'Toralf', '1.1.1980.', 'p');
insert into CandidatesData (idno) VALUES (601);
insert into PartyMembership (pid, idno) VALUES (4, 601);
insert into Candidacy (wkid, idno) VALUES (457, 601);
insert into Landeslistenplatz (llid, idno, position) VALUES (4, 601, 10);
insert into Citizen (idno, title, firstname, lastname, dateofbirth, gender) VALUES (602, '', 'Eisel', 'Dr. Stephan', '1.1.1955.', 'p');
insert into CandidatesData (idno) VALUES (602);
insert into PartyMembership (pid, idno) VALUES (12, 602);
insert into Candidacy (wkid, idno) VALUES (396, 602);
insert into Landeslistenplatz (llid, idno, position) VALUES (12, 602, 38);
insert into Citizen (idno, title, firstname, lastname, dateofbirth, gender) VALUES (603, '', 'Eisele', 'Dietmar', '1.1.1959.', 'p');
insert into CandidatesData (idno) VALUES (603);
insert into PartyMembership (pid, idno) VALUES (5, 603);
insert into Candidacy (wkid, idno) VALUES (424, 603);
insert into Citizen (idno, title, firstname, lastname, dateofbirth, gender) VALUES (604, '', 'Eisold', 'Klaus Peter', '1.1.1961.', 'p');
insert into CandidatesData (idno) VALUES (604);
insert into PartyMembership (pid, idno) VALUES (2, 604);
insert into Landeslistenplatz (llid, idno, position) VALUES (1, 604, 30);
insert into Citizen (idno, title, firstname, lastname, dateofbirth, gender) VALUES (605, '', 'Eitel', 'Henrik', '1.1.1977.', 'p');
insert into CandidatesData (idno) VALUES (605);
insert into PartyMembership (pid, idno) VALUES (12, 605);
insert into Landeslistenplatz (llid, idno, position) VALUES (12, 605, 7);
insert into Citizen (idno, title, firstname, lastname, dateofbirth, gender) VALUES (606, '', 'El-Hussein', 'Hanaa', '1.1.1968.', 'p');
insert into CandidatesData (idno) VALUES (606);
insert into PartyMembership (pid, idno) VALUES (4, 606);
insert into Candidacy (wkid, idno) VALUES (386, 606);
insert into Landeslistenplatz (llid, idno, position) VALUES (4, 606, 6);
insert into Citizen (idno, title, firstname, lastname, dateofbirth, gender) VALUES (607, '', 'Ellendt', 'Dr. Andreas', '1.1.1963.', 'p');
insert into CandidatesData (idno) VALUES (607);
insert into PartyMembership (pid, idno) VALUES (12, 607);
insert into Landeslistenplatz (llid, idno, position) VALUES (12, 607, 15);
insert into Citizen (idno, title, firstname, lastname, dateofbirth, gender) VALUES (608, '', 'Ellenrieder', 'Stefan', '1.1.1961.', 'p');
insert into CandidatesData (idno) VALUES (608);
insert into PartyMembership (pid, idno) VALUES (15, 608);
insert into Landeslistenplatz (llid, idno, position) VALUES (14, 608, 17);
insert into Citizen (idno, title, firstname, lastname, dateofbirth, gender) VALUES (609, '', 'Emcke', 'René', '1.1.1977.', 'p');
insert into CandidatesData (idno) VALUES (609);
insert into PartyMembership (pid, idno) VALUES (7, 609);
insert into Landeslistenplatz (llid, idno, position) VALUES (7, 609, 1);
insert into Citizen (idno, title, firstname, lastname, dateofbirth, gender) VALUES (610, '', 'Enders', 'Raimund Karl', '1.1.1953.', 'p');
insert into CandidatesData (idno) VALUES (610);
insert into PartyMembership (pid, idno) VALUES (22, 610);
insert into Candidacy (wkid, idno) VALUES (521, 610);
insert into Landeslistenplatz (llid, idno, position) VALUES (22, 610, 7);
insert into Citizen (idno, title, firstname, lastname, dateofbirth, gender) VALUES (611, '', 'Endres', 'Thomas', '1.1.1960.', 'p');
insert into CandidatesData (idno) VALUES (611);
insert into PartyMembership (pid, idno) VALUES (3, 611);
insert into Candidacy (wkid, idno) VALUES (548, 611);
insert into Citizen (idno, title, firstname, lastname, dateofbirth, gender) VALUES (612, '', 'Endriß', 'Leopold', '1.1.1936.', 'p');
insert into CandidatesData (idno) VALUES (612);
insert into PartyMembership (pid, idno) VALUES (23, 612);
insert into LandesListe (llid, year, pid, fsid) VALUES (24, 2009, 23, 4);
insert into Landeslistenplatz (llid, idno, position) VALUES (24, 612, 10);
insert into Citizen (idno, title, firstname, lastname, dateofbirth, gender) VALUES (613, '', 'Engehausen', 'Franziska', '1.1.1963.', 'p');
insert into CandidatesData (idno) VALUES (613);
insert into PartyMembership (pid, idno) VALUES (2, 613);
insert into Candidacy (wkid, idno) VALUES (559, 613);
insert into Landeslistenplatz (llid, idno, position) VALUES (1, 613, 30);
insert into Citizen (idno, title, firstname, lastname, dateofbirth, gender) VALUES (614, '', 'Engel', 'Stefan Klaus', '1.1.1954.', 'p');
insert into CandidatesData (idno) VALUES (614);
insert into PartyMembership (pid, idno) VALUES (13, 614);
insert into Candidacy (wkid, idno) VALUES (423, 614);
insert into Landeslistenplatz (llid, idno, position) VALUES (13, 614, 2);
insert into Citizen (idno, title, firstname, lastname, dateofbirth, gender) VALUES (615, '', 'Engelen-Kefer', 'Dr. Ursula', '1.1.1943.', 'p');
insert into CandidatesData (idno) VALUES (615);
insert into PartyMembership (pid, idno) VALUES (2, 615);
insert into Candidacy (wkid, idno) VALUES (516, 615);
insert into Landeslistenplatz (llid, idno, position) VALUES (1, 615, 30);
insert into Citizen (idno, title, firstname, lastname, dateofbirth, gender) VALUES (616, '', 'Engelhardt', 'Klaus Bruno', '1.1.1953.', 'p');
insert into CandidatesData (idno) VALUES (616);
insert into PartyMembership (pid, idno) VALUES (3, 616);
insert into Candidacy (wkid, idno) VALUES (538, 616);
insert into Citizen (idno, title, firstname, lastname, dateofbirth, gender) VALUES (617, '', 'Engelmann', 'Sigurd Adolf', '1.1.1936.', 'p');
insert into CandidatesData (idno) VALUES (617);
insert into PartyMembership (pid, idno) VALUES (1, 617);
insert into Candidacy (wkid, idno) VALUES (545, 617);
insert into Citizen (idno, title, firstname, lastname, dateofbirth, gender) VALUES (618, '', 'Engelmeier-Heite', 'Michaela Barbara', '1.1.1960.', 'p');
insert into CandidatesData (idno) VALUES (618);
insert into PartyMembership (pid, idno) VALUES (2, 618);
insert into Candidacy (wkid, idno) VALUES (399, 618);
insert into Landeslistenplatz (llid, idno, position) VALUES (1, 618, 34);
insert into Citizen (idno, title, firstname, lastname, dateofbirth, gender) VALUES (619, '', 'Engels', 'Martin', '1.1.1963.', 'p');
insert into CandidatesData (idno) VALUES (619);
insert into PartyMembership (pid, idno) VALUES (12, 619);
insert into Landeslistenplatz (llid, idno, position) VALUES (12, 619, 45);
insert into Citizen (idno, title, firstname, lastname, dateofbirth, gender) VALUES (620, '', 'Engels', 'Oliver', '1.1.1969.', 'p');
insert into CandidatesData (idno) VALUES (620);
insert into PartyMembership (pid, idno) VALUES (4, 620);
insert into Landeslistenplatz (llid, idno, position) VALUES (4, 620, 30);
insert into Citizen (idno, title, firstname, lastname, dateofbirth, gender) VALUES (621, '', 'Engels', 'Rainer', '1.1.1963.', 'p');
insert into CandidatesData (idno) VALUES (621);
insert into PartyMembership (pid, idno) VALUES (1, 621);
insert into Candidacy (wkid, idno) VALUES (400, 621);
insert into Citizen (idno, title, firstname, lastname, dateofbirth, gender) VALUES (622, '', 'Engelschall', 'Christine', '1.1.1965.', 'p');
insert into CandidatesData (idno) VALUES (622);
insert into PartyMembership (pid, idno) VALUES (16, 622);
insert into Landeslistenplatz (llid, idno, position) VALUES (15, 622, 1);
insert into Citizen (idno, title, firstname, lastname, dateofbirth, gender) VALUES (623, '', 'Engert', 'Jan', '1.1.1986.', 'p');
insert into CandidatesData (idno) VALUES (623);
insert into PartyMembership (pid, idno) VALUES (7, 623);
insert into Landeslistenplatz (llid, idno, position) VALUES (7, 623, 6);
insert into Citizen (idno, title, firstname, lastname, dateofbirth, gender) VALUES (624, '', 'Englmeier', 'Gaby', '1.1.1967.', 'p');
insert into CandidatesData (idno) VALUES (624);
insert into PartyMembership (pid, idno) VALUES (9, 624);
insert into Landeslistenplatz (llid, idno, position) VALUES (9, 624, 27);
insert into Citizen (idno, title, firstname, lastname, dateofbirth, gender) VALUES (625, '', 'Enkelmann', 'Dr. Dagmar', '1.1.1956.', 'p');
insert into CandidatesData (idno) VALUES (625);
insert into PartyMembership (pid, idno) VALUES (3, 625);
insert into Candidacy (wkid, idno) VALUES (359, 625);
insert into Landeslistenplatz (llid, idno, position) VALUES (2, 625, 1);
insert into Citizen (idno, title, firstname, lastname, dateofbirth, gender) VALUES (626, '', 'Entinger', 'Horst', '1.1.1944.', 'p');
insert into CandidatesData (idno) VALUES (626);
insert into PartyMembership (pid, idno) VALUES (14, 626);
insert into Landeslistenplatz (llid, idno, position) VALUES (21, 626, 3);
insert into Citizen (idno, title, firstname, lastname, dateofbirth, gender) VALUES (627, '', 'Eppler', 'Jürgen', '1.1.1971.', 'p');
insert into CandidatesData (idno) VALUES (627);
insert into PartyMembership (pid, idno) VALUES (23, 627);
insert into Landeslistenplatz (llid, idno, position) VALUES (24, 627, 9);
insert into Citizen (idno, title, firstname, lastname, dateofbirth, gender) VALUES (628, '', 'Erben', 'Birgit', '1.1.1952.', 'p');
insert into CandidatesData (idno) VALUES (628);
insert into PartyMembership (pid, idno) VALUES (3, 628);
insert into Landeslistenplatz (llid, idno, position) VALUES (2, 628, 34);
insert into Citizen (idno, title, firstname, lastname, dateofbirth, gender) VALUES (629, '', 'Erdel', 'Rainer', '1.1.1955.', 'p');
insert into CandidatesData (idno) VALUES (629);
insert into PartyMembership (pid, idno) VALUES (4, 629);
insert into Candidacy (wkid, idno) VALUES (540, 629);
insert into Landeslistenplatz (llid, idno, position) VALUES (4, 629, 14);
insert into Citizen (idno, title, firstname, lastname, dateofbirth, gender) VALUES (630, '', 'Erdmenger', 'Christoph', '1.1.1970.', 'p');
insert into CandidatesData (idno) VALUES (630);
insert into PartyMembership (pid, idno) VALUES (5, 630);
insert into Candidacy (wkid, idno) VALUES (367, 630);
insert into Landeslistenplatz (llid, idno, position) VALUES (5, 630, 2);
insert into Citizen (idno, title, firstname, lastname, dateofbirth, gender) VALUES (631, '', 'Erkalp', 'David', '1.1.1974.', 'p');
insert into CandidatesData (idno) VALUES (631);
insert into PartyMembership (pid, idno) VALUES (12, 631);
insert into Candidacy (wkid, idno) VALUES (318, 631);
insert into Citizen (idno, title, firstname, lastname, dateofbirth, gender) VALUES (632, '', 'Erkner', 'Frank', '1.1.1966.', 'p');
insert into CandidatesData (idno) VALUES (632);
insert into PartyMembership (pid, idno) VALUES (4, 632);
insert into Candidacy (wkid, idno) VALUES (329, 632);
insert into Landeslistenplatz (llid, idno, position) VALUES (4, 632, 23);
insert into Citizen (idno, title, firstname, lastname, dateofbirth, gender) VALUES (633, '', 'Erler', 'Gernot', '1.1.1944.', 'p');
insert into CandidatesData (idno) VALUES (633);
insert into PartyMembership (pid, idno) VALUES (2, 633);
insert into Candidacy (wkid, idno) VALUES (580, 633);
insert into Landeslistenplatz (llid, idno, position) VALUES (1, 633, 2);
insert into Citizen (idno, title, firstname, lastname, dateofbirth, gender) VALUES (634, '', 'Ermert', 'Wolfgang Manfred', '1.1.1944.', 'p');
insert into CandidatesData (idno) VALUES (634);
insert into PartyMembership (pid, idno) VALUES (19, 634);
insert into Landeslistenplatz (llid, idno, position) VALUES (18, 634, 5);
insert into Citizen (idno, title, firstname, lastname, dateofbirth, gender) VALUES (635, '', 'Ernst', 'Klaus', '1.1.1954.', 'p');
insert into CandidatesData (idno) VALUES (635);
insert into PartyMembership (pid, idno) VALUES (3, 635);
insert into Candidacy (wkid, idno) VALUES (549, 635);
insert into Landeslistenplatz (llid, idno, position) VALUES (2, 635, 1);
insert into Citizen (idno, title, firstname, lastname, dateofbirth, gender) VALUES (636, '', 'Ernstberger', 'Petra', '1.1.1955.', 'p');
insert into CandidatesData (idno) VALUES (636);
insert into PartyMembership (pid, idno) VALUES (2, 636);
insert into Candidacy (wkid, idno) VALUES (538, 636);
insert into Landeslistenplatz (llid, idno, position) VALUES (1, 636, 4);
insert into Citizen (idno, title, firstname, lastname, dateofbirth, gender) VALUES (637, '', 'Eroglu', 'Engin', '1.1.1982.', 'p');
insert into CandidatesData (idno) VALUES (637);
insert into PartyMembership (pid, idno) VALUES (5, 637);
insert into Candidacy (wkid, idno) VALUES (470, 637);
insert into Citizen (idno, title, firstname, lastname, dateofbirth, gender) VALUES (638, '', 'Ertel', 'Mario', '1.1.1963.', 'p');
insert into CandidatesData (idno) VALUES (638);
insert into PartyMembership (pid, idno) VALUES (1, 638);
insert into Candidacy (wkid, idno) VALUES (456, 638);
insert into Citizen (idno, title, firstname, lastname, dateofbirth, gender) VALUES (639, '', 'Ertel', 'Mario', '1.1.1976.', 'p');
insert into CandidatesData (idno) VALUES (639);
insert into PartyMembership (pid, idno) VALUES (8, 639);
insert into Landeslistenplatz (llid, idno, position) VALUES (8, 639, 16);
insert into Citizen (idno, title, firstname, lastname, dateofbirth, gender) VALUES (640, '', 'Eschrich', 'Frank', '1.1.1964.', 'p');
insert into CandidatesData (idno) VALUES (640);
insert into PartyMembership (pid, idno) VALUES (3, 640);
insert into Candidacy (wkid, idno) VALUES (510, 640);
insert into Citizen (idno, title, firstname, lastname, dateofbirth, gender) VALUES (641, '', 'Esken', 'Saskia', '1.1.1961.', 'p');
insert into CandidatesData (idno) VALUES (641);
insert into PartyMembership (pid, idno) VALUES (2, 641);
insert into Candidacy (wkid, idno) VALUES (579, 641);
insert into Landeslistenplatz (llid, idno, position) VALUES (1, 641, 28);
insert into Citizen (idno, title, firstname, lastname, dateofbirth, gender) VALUES (642, '', 'Essen van', 'Jörg', '1.1.1947.', 'p');
insert into CandidatesData (idno) VALUES (642);
insert into PartyMembership (pid, idno) VALUES (4, 642);
insert into Candidacy (wkid, idno) VALUES (445, 642);
insert into Landeslistenplatz (llid, idno, position) VALUES (4, 642, 3);
insert into Citizen (idno, title, firstname, lastname, dateofbirth, gender) VALUES (643, '', 'Eßer', 'Hubert', '1.1.1959.', 'p');
insert into CandidatesData (idno) VALUES (643);
insert into PartyMembership (pid, idno) VALUES (2, 643);
insert into Candidacy (wkid, idno) VALUES (408, 643);
insert into Landeslistenplatz (llid, idno, position) VALUES (1, 643, 46);
insert into Citizen (idno, title, firstname, lastname, dateofbirth, gender) VALUES (644, '', 'Etzel', 'Steffen', '1.1.1950.', 'p');
insert into CandidatesData (idno) VALUES (644);
insert into PartyMembership (pid, idno) VALUES (3, 644);
insert into Candidacy (wkid, idno) VALUES (475, 644);
insert into Citizen (idno, title, firstname, lastname, dateofbirth, gender) VALUES (645, '', 'Eumann', 'Nina', '1.1.1965.', 'p');
insert into CandidatesData (idno) VALUES (645);
insert into PartyMembership (pid, idno) VALUES (3, 645);
insert into Candidacy (wkid, idno) VALUES (418, 645);
insert into Citizen (idno, title, firstname, lastname, dateofbirth, gender) VALUES (646, '', 'Euscher', 'Dieter Walter Karl', '1.1.1939.', 'p');
insert into CandidatesData (idno) VALUES (646);
insert into PartyMembership (pid, idno) VALUES (14, 646);
insert into Landeslistenplatz (llid, idno, position) VALUES (21, 646, 1);
insert into Citizen (idno, title, firstname, lastname, dateofbirth, gender) VALUES (647, '', 'Evers-Meyer', 'Karin', '1.1.1949.', 'p');
insert into CandidatesData (idno) VALUES (647);
insert into PartyMembership (pid, idno) VALUES (2, 647);
insert into Candidacy (wkid, idno) VALUES (326, 647);
insert into Landeslistenplatz (llid, idno, position) VALUES (1, 647, 4);
insert into Citizen (idno, title, firstname, lastname, dateofbirth, gender) VALUES (648, '', 'Ewen', 'Adalbert Peter', '1.1.1952.', 'p');
insert into CandidatesData (idno) VALUES (648);
insert into PartyMembership (pid, idno) VALUES (12, 648);
insert into Landeslistenplatz (llid, idno, position) VALUES (12, 648, 19);
insert into Citizen (idno, title, firstname, lastname, dateofbirth, gender) VALUES (649, '', 'Ewert', 'Monika', '1.1.1940.', 'p');
insert into CandidatesData (idno) VALUES (649);
insert into PartyMembership (pid, idno) VALUES (19, 649);
insert into Landeslistenplatz (llid, idno, position) VALUES (18, 649, 4);
insert into Citizen (idno, title, firstname, lastname, dateofbirth, gender) VALUES (650, '', 'Eymer', 'Anke', '1.1.1949.', 'p');
insert into CandidatesData (idno) VALUES (650);
insert into PartyMembership (pid, idno) VALUES (12, 650);
insert into Candidacy (wkid, idno) VALUES (310, 650);
insert into Landeslistenplatz (llid, idno, position) VALUES (12, 650, 6);
insert into Citizen (idno, title, firstname, lastname, dateofbirth, gender) VALUES (651, '', 'Faber', 'Stefan', '1.1.1951.', 'p');
insert into CandidatesData (idno) VALUES (651);
insert into PartyMembership (pid, idno) VALUES (1, 651);
insert into Candidacy (wkid, idno) VALUES (516, 651);
insert into Landeslistenplatz (llid, idno, position) VALUES (3, 651, 8);
insert into Citizen (idno, title, firstname, lastname, dateofbirth, gender) VALUES (652, '', 'Fabritius', 'Dr. Bernd-Bernhard', '1.1.1965.', 'p');
insert into CandidatesData (idno) VALUES (652);
insert into PartyMembership (pid, idno) VALUES (9, 652);
insert into Landeslistenplatz (llid, idno, position) VALUES (9, 652, 32);
insert into Citizen (idno, title, firstname, lastname, dateofbirth, gender) VALUES (653, '', 'Fackler-Plump', 'Hannelore', '1.1.1946.', 'p');
insert into CandidatesData (idno) VALUES (653);
insert into PartyMembership (pid, idno) VALUES (10, 653);
insert into Candidacy (wkid, idno) VALUES (551, 653);
insert into Landeslistenplatz (llid, idno, position) VALUES (10, 653, 6);
insert into Citizen (idno, title, firstname, lastname, dateofbirth, gender) VALUES (654, '', 'Fähnemann', 'Ivette Annabell', '1.1.1974.', 'p');
insert into CandidatesData (idno) VALUES (654);
insert into PartyMembership (pid, idno) VALUES (11, 654);
insert into Landeslistenplatz (llid, idno, position) VALUES (11, 654, 4);
insert into Citizen (idno, title, firstname, lastname, dateofbirth, gender) VALUES (655, '', 'Färber', 'Prof. Dr. Christine', '1.1.1964.', 'p');
insert into CandidatesData (idno) VALUES (655);
insert into PartyMembership (pid, idno) VALUES (2, 655);
insert into Landeslistenplatz (llid, idno, position) VALUES (1, 655, 8);
insert into Citizen (idno, title, firstname, lastname, dateofbirth, gender) VALUES (656, '', 'Fahr', 'Daniel', '1.1.1976.', 'p');
insert into CandidatesData (idno) VALUES (656);
insert into PartyMembership (pid, idno) VALUES (4, 656);
insert into Candidacy (wkid, idno) VALUES (427, 656);
insert into Citizen (idno, title, firstname, lastname, dateofbirth, gender) VALUES (657, '', 'Fahrner', 'Florian', '1.1.1978.', 'p');
insert into CandidatesData (idno) VALUES (657);
insert into PartyMembership (pid, idno) VALUES (8, 657);
insert into Candidacy (wkid, idno) VALUES (530, 657);
insert into Landeslistenplatz (llid, idno, position) VALUES (8, 657, 6);
insert into Citizen (idno, title, firstname, lastname, dateofbirth, gender) VALUES (658, '', 'Faku', 'David', '1.1.1986.', 'p');
insert into CandidatesData (idno) VALUES (658);
insert into PartyMembership (pid, idno) VALUES (10, 658);
insert into Candidacy (wkid, idno) VALUES (517, 658);
insert into Landeslistenplatz (llid, idno, position) VALUES (10, 658, 8);
insert into Citizen (idno, title, firstname, lastname, dateofbirth, gender) VALUES (659, '', 'Faku', 'Tobias Christoph Mzingisi', '1.1.1988.', 'p');
insert into CandidatesData (idno) VALUES (659);
insert into PartyMembership (pid, idno) VALUES (10, 659);
insert into Candidacy (wkid, idno) VALUES (442, 659);
insert into Landeslistenplatz (llid, idno, position) VALUES (10, 659, 11);
insert into Citizen (idno, title, firstname, lastname, dateofbirth, gender) VALUES (660, '', 'Falk', 'Benno', '1.1.1953.', 'p');
insert into CandidatesData (idno) VALUES (660);
insert into PartyMembership (pid, idno) VALUES (13, 660);
insert into Landeslistenplatz (llid, idno, position) VALUES (13, 660, 5);
insert into Citizen (idno, title, firstname, lastname, dateofbirth, gender) VALUES (661, '', 'Falk', 'Markus', '1.1.1970.', 'p');
insert into CandidatesData (idno) VALUES (661);
insert into PartyMembership (pid, idno) VALUES (4, 661);
insert into Candidacy (wkid, idno) VALUES (499, 661);
insert into Landeslistenplatz (llid, idno, position) VALUES (4, 661, 7);
insert into Citizen (idno, title, firstname, lastname, dateofbirth, gender) VALUES (662, '', 'Falk', 'Peter', '1.1.1964.', 'p');
insert into CandidatesData (idno) VALUES (662);
insert into PartyMembership (pid, idno) VALUES (2, 662);
insert into Candidacy (wkid, idno) VALUES (515, 662);
insert into Landeslistenplatz (llid, idno, position) VALUES (1, 662, 25);
insert into Citizen (idno, title, firstname, lastname, dateofbirth, gender) VALUES (663, '', 'Falke', 'Herbert', '1.1.1956.', 'p');
insert into CandidatesData (idno) VALUES (663);
insert into PartyMembership (pid, idno) VALUES (5, 663);
insert into Candidacy (wkid, idno) VALUES (436, 663);
insert into Landeslistenplatz (llid, idno, position) VALUES (5, 663, 30);
insert into Citizen (idno, title, firstname, lastname, dateofbirth, gender) VALUES (664, '', 'Farquhar', 'Rena', '1.1.1974.', 'p');
insert into CandidatesData (idno) VALUES (664);
insert into PartyMembership (pid, idno) VALUES (4, 664);
insert into Candidacy (wkid, idno) VALUES (560, 664);
insert into Citizen (idno, title, firstname, lastname, dateofbirth, gender) VALUES (665, '', 'Faulhaber', 'Gabriele', '1.1.1953.', 'p');
insert into CandidatesData (idno) VALUES (665);
insert into PartyMembership (pid, idno) VALUES (3, 665);
insert into Candidacy (wkid, idno) VALUES (476, 665);
insert into Citizen (idno, title, firstname, lastname, dateofbirth, gender) VALUES (666, '', 'Faust', 'Dirk', '1.1.1971.', 'p');
insert into CandidatesData (idno) VALUES (666);
insert into PartyMembership (pid, idno) VALUES (4, 666);
insert into Candidacy (wkid, idno) VALUES (371, 666);
insert into Landeslistenplatz (llid, idno, position) VALUES (4, 666, 5);
insert into Citizen (idno, title, firstname, lastname, dateofbirth, gender) VALUES (667, '', 'Faust', 'Dr. Hans-Georg', '1.1.1948.', 'p');
insert into CandidatesData (idno) VALUES (667);
insert into PartyMembership (pid, idno) VALUES (12, 667);
insert into Candidacy (wkid, idno) VALUES (352, 667);
insert into Landeslistenplatz (llid, idno, position) VALUES (12, 667, 17);
insert into Citizen (idno, title, firstname, lastname, dateofbirth, gender) VALUES (668, '', 'Faust', 'Matthias', '1.1.1971.', 'p');
insert into CandidatesData (idno) VALUES (668);
insert into PartyMembership (pid, idno) VALUES (11, 668);
insert into Landeslistenplatz (llid, idno, position) VALUES (11, 668, 1);
insert into Citizen (idno, title, firstname, lastname, dateofbirth, gender) VALUES (669, '', 'Fechner', 'Dr. Johannes', '1.1.1972.', 'p');
insert into CandidatesData (idno) VALUES (669);
insert into PartyMembership (pid, idno) VALUES (2, 669);
insert into Candidacy (wkid, idno) VALUES (582, 669);
insert into Landeslistenplatz (llid, idno, position) VALUES (1, 669, 24);
insert into Citizen (idno, title, firstname, lastname, dateofbirth, gender) VALUES (670, '', 'Fecke', 'Hanno', '1.1.1962.', 'p');
insert into CandidatesData (idno) VALUES (670);
insert into PartyMembership (pid, idno) VALUES (2, 670);
insert into Candidacy (wkid, idno) VALUES (301, 670);
insert into Landeslistenplatz (llid, idno, position) VALUES (1, 670, 11);
insert into Citizen (idno, title, firstname, lastname, dateofbirth, gender) VALUES (671, '', 'Fegebank', 'Katharina', '1.1.1977.', 'p');
insert into CandidatesData (idno) VALUES (671);
insert into PartyMembership (pid, idno) VALUES (5, 671);
insert into Candidacy (wkid, idno) VALUES (319, 671);
insert into Landeslistenplatz (llid, idno, position) VALUES (5, 671, 3);
insert into Citizen (idno, title, firstname, lastname, dateofbirth, gender) VALUES (672, '', 'Fehling', 'Thomas', '1.1.1967.', 'p');
insert into CandidatesData (idno) VALUES (672);
insert into PartyMembership (pid, idno) VALUES (4, 672);
insert into Candidacy (wkid, idno) VALUES (469, 672);
insert into Landeslistenplatz (llid, idno, position) VALUES (4, 672, 19);
insert into Citizen (idno, title, firstname, lastname, dateofbirth, gender) VALUES (673, '', 'Fehlmann', 'Ralf', '1.1.1957.', 'p');
insert into CandidatesData (idno) VALUES (673);
insert into PartyMembership (pid, idno) VALUES (22, 673);
insert into Landeslistenplatz (llid, idno, position) VALUES (22, 673, 3);
insert into Citizen (idno, title, firstname, lastname, dateofbirth, gender) VALUES (674, '', 'Feike', 'Anette', '1.1.1959.', 'p');
insert into CandidatesData (idno) VALUES (674);
insert into PartyMembership (pid, idno) VALUES (2, 674);
insert into Candidacy (wkid, idno) VALUES (495, 674);
insert into Landeslistenplatz (llid, idno, position) VALUES (1, 674, 7);
insert into Citizen (idno, title, firstname, lastname, dateofbirth, gender) VALUES (675, '', 'Feike', 'Katharina', '1.1.1976.', 'p');
insert into CandidatesData (idno) VALUES (675);
insert into PartyMembership (pid, idno) VALUES (2, 675);
insert into Candidacy (wkid, idno) VALUES (315, 675);
insert into Landeslistenplatz (llid, idno, position) VALUES (1, 675, 4);
insert into Citizen (idno, title, firstname, lastname, dateofbirth, gender) VALUES (676, '', 'Feiler', 'Uwe', '1.1.1965.', 'p');
insert into CandidatesData (idno) VALUES (676);
insert into PartyMembership (pid, idno) VALUES (12, 676);
insert into Candidacy (wkid, idno) VALUES (358, 676);
insert into Landeslistenplatz (llid, idno, position) VALUES (12, 676, 6);
insert into Citizen (idno, title, firstname, lastname, dateofbirth, gender) VALUES (677, '', 'Feindt', 'Karin', '1.1.1940.', 'p');
insert into CandidatesData (idno) VALUES (677);
insert into PartyMembership (pid, idno) VALUES (1, 677);
insert into Candidacy (wkid, idno) VALUES (560, 677);
insert into Citizen (idno, title, firstname, lastname, dateofbirth, gender) VALUES (678, '', 'Feist', 'Dr. Thomas Wolfgang', '1.1.1965.', 'p');
insert into CandidatesData (idno) VALUES (678);
insert into PartyMembership (pid, idno) VALUES (12, 678);
insert into Candidacy (wkid, idno) VALUES (453, 678);
insert into Citizen (idno, title, firstname, lastname, dateofbirth, gender) VALUES (679, '', 'Felber', 'Konrad Kurt', '1.1.1953.', 'p');
insert into CandidatesData (idno) VALUES (679);
insert into PartyMembership (pid, idno) VALUES (4, 679);
insert into Candidacy (wkid, idno) VALUES (463, 679);
insert into Landeslistenplatz (llid, idno, position) VALUES (4, 679, 6);
insert into Citizen (idno, title, firstname, lastname, dateofbirth, gender) VALUES (680, '', 'Feldhaus', 'Thomas', '1.1.1972.', 'p');
insert into CandidatesData (idno) VALUES (680);
insert into Candidacy (wkid, idno) VALUES (383, 680);
insert into Citizen (idno, title, firstname, lastname, dateofbirth, gender) VALUES (681, '', 'Feldmann', 'Dagmar', '1.1.1963.', 'p');
insert into CandidatesData (idno) VALUES (681);
insert into PartyMembership (pid, idno) VALUES (22, 681);
insert into Candidacy (wkid, idno) VALUES (436, 681);
insert into Landeslistenplatz (llid, idno, position) VALUES (22, 681, 4);
insert into Citizen (idno, title, firstname, lastname, dateofbirth, gender) VALUES (682, '', 'Feldmann', 'Thurid', '1.1.1964.', 'p');
insert into CandidatesData (idno) VALUES (682);
insert into PartyMembership (pid, idno) VALUES (3, 682);
insert into Candidacy (wkid, idno) VALUES (571, 682);
insert into Citizen (idno, title, firstname, lastname, dateofbirth, gender) VALUES (683, '', 'Feldmayer', 'Martina', '1.1.1964.', 'p');
insert into CandidatesData (idno) VALUES (683);
insert into PartyMembership (pid, idno) VALUES (5, 683);
insert into Candidacy (wkid, idno) VALUES (481, 683);
insert into Citizen (idno, title, firstname, lastname, dateofbirth, gender) VALUES (684, '', 'Felgentreu', 'Dr. Fritz', '1.1.1968.', 'p');
insert into CandidatesData (idno) VALUES (684);
insert into PartyMembership (pid, idno) VALUES (2, 684);
insert into Candidacy (wkid, idno) VALUES (382, 684);
insert into Landeslistenplatz (llid, idno, position) VALUES (1, 684, 8);
insert into Citizen (idno, title, firstname, lastname, dateofbirth, gender) VALUES (685, '', 'Fell', 'Dr. Bernd', '1.1.1948.', 'p');
insert into CandidatesData (idno) VALUES (685);
insert into PartyMembership (pid, idno) VALUES (4, 685);
insert into Candidacy (wkid, idno) VALUES (348, 685);
insert into Landeslistenplatz (llid, idno, position) VALUES (4, 685, 27);
insert into Citizen (idno, title, firstname, lastname, dateofbirth, gender) VALUES (686, '', 'Fell', 'Hans-Josef', '1.1.1952.', 'p');
insert into CandidatesData (idno) VALUES (686);
insert into PartyMembership (pid, idno) VALUES (5, 686);
insert into Candidacy (wkid, idno) VALUES (547, 686);
insert into Landeslistenplatz (llid, idno, position) VALUES (5, 686, 2);
insert into Citizen (idno, title, firstname, lastname, dateofbirth, gender) VALUES (687, '', 'Fellauer', 'Madeleine', '1.1.1979.', 'p');
insert into CandidatesData (idno) VALUES (687);
insert into PartyMembership (pid, idno) VALUES (10, 687);
insert into Landeslistenplatz (llid, idno, position) VALUES (10, 687, 3);
insert into Citizen (idno, title, firstname, lastname, dateofbirth, gender) VALUES (688, '', 'Fendt', 'Peter', '1.1.1950.', 'p');
insert into CandidatesData (idno) VALUES (688);
insert into PartyMembership (pid, idno) VALUES (15, 688);
insert into Candidacy (wkid, idno) VALUES (556, 688);
insert into Landeslistenplatz (llid, idno, position) VALUES (14, 688, 18);
insert into Citizen (idno, title, firstname, lastname, dateofbirth, gender) VALUES (689, '', 'Fenner', 'Stefan', '1.1.1958.', 'p');
insert into CandidatesData (idno) VALUES (689);
insert into PartyMembership (pid, idno) VALUES (4, 689);
insert into Landeslistenplatz (llid, idno, position) VALUES (4, 689, 41);
insert into Citizen (idno, title, firstname, lastname, dateofbirth, gender) VALUES (690, '', 'Ferger', 'Gisbert', '1.1.1933.', 'p');
insert into CandidatesData (idno) VALUES (690);
insert into PartyMembership (pid, idno) VALUES (19, 690);
insert into Landeslistenplatz (llid, idno, position) VALUES (18, 690, 21);
insert into Citizen (idno, title, firstname, lastname, dateofbirth, gender) VALUES (691, '', 'Ferlemann', 'Enak', '1.1.1963.', 'p');
insert into CandidatesData (idno) VALUES (691);
insert into PartyMembership (pid, idno) VALUES (12, 691);
insert into Candidacy (wkid, idno) VALUES (329, 691);
insert into Landeslistenplatz (llid, idno, position) VALUES (12, 691, 8);
insert into Citizen (idno, title, firstname, lastname, dateofbirth, gender) VALUES (692, '', 'Ferner', 'Elke', '1.1.1958.', 'p');
insert into CandidatesData (idno) VALUES (692);
insert into PartyMembership (pid, idno) VALUES (2, 692);
insert into Candidacy (wkid, idno) VALUES (595, 692);
insert into Landeslistenplatz (llid, idno, position) VALUES (1, 692, 1);
insert into Citizen (idno, title, firstname, lastname, dateofbirth, gender) VALUES (693, '', 'Ferner', 'Wolfgang', '1.1.1952.', 'p');
insert into CandidatesData (idno) VALUES (693);
insert into PartyMembership (pid, idno) VALUES (3, 693);
insert into Candidacy (wkid, idno) VALUES (499, 693);
insert into Landeslistenplatz (llid, idno, position) VALUES (2, 693, 4);
insert into Citizen (idno, title, firstname, lastname, dateofbirth, gender) VALUES (694, '', 'Feuerstein', 'Dr. Stefan', '1.1.1951.', 'p');
insert into CandidatesData (idno) VALUES (694);
insert into PartyMembership (pid, idno) VALUES (4, 694);
insert into Candidacy (wkid, idno) VALUES (492, 694);
insert into Citizen (idno, title, firstname, lastname, dateofbirth, gender) VALUES (695, '', 'Feyen', 'Alexander', '1.1.1975.', 'p');
insert into CandidatesData (idno) VALUES (695);
insert into PartyMembership (pid, idno) VALUES (1, 695);
insert into Candidacy (wkid, idno) VALUES (553, 695);
insert into Citizen (idno, title, firstname, lastname, dateofbirth, gender) VALUES (696, '', 'Fickenwirth', 'Thomas', '1.1.1954.', 'p');
insert into CandidatesData (idno) VALUES (696);
insert into PartyMembership (pid, idno) VALUES (4, 696);
insert into Candidacy (wkid, idno) VALUES (513, 696);
insert into Landeslistenplatz (llid, idno, position) VALUES (4, 696, 24);
insert into Citizen (idno, title, firstname, lastname, dateofbirth, gender) VALUES (697, '', 'Fiek', 'Sascha', '1.1.1974.', 'p');
insert into CandidatesData (idno) VALUES (697);
insert into PartyMembership (pid, idno) VALUES (4, 697);
insert into Candidacy (wkid, idno) VALUES (580, 697);
insert into Landeslistenplatz (llid, idno, position) VALUES (4, 697, 16);
insert into Citizen (idno, title, firstname, lastname, dateofbirth, gender) VALUES (698, '', 'Figge', 'Marion', '1.1.1964.', 'p');
insert into CandidatesData (idno) VALUES (698);
insert into PartyMembership (pid, idno) VALUES (1, 698);
insert into Landeslistenplatz (llid, idno, position) VALUES (3, 698, 3);
insert into Citizen (idno, title, firstname, lastname, dateofbirth, gender) VALUES (699, '', 'Filippek', 'Josef', '1.1.1949.', 'p');
insert into CandidatesData (idno) VALUES (699);
insert into PartyMembership (pid, idno) VALUES (3, 699);
insert into Candidacy (wkid, idno) VALUES (449, 699);
insert into Landeslistenplatz (llid, idno, position) VALUES (2, 699, 24);
insert into Citizen (idno, title, firstname, lastname, dateofbirth, gender) VALUES (700, '', 'Fimmel', 'Matthias', '1.1.1971.', 'p');
insert into CandidatesData (idno) VALUES (700);
insert into Candidacy (wkid, idno) VALUES (492, 700);
insert into Citizen (idno, title, firstname, lastname, dateofbirth, gender) VALUES (701, '', 'Fimmen', 'Elke', '1.1.1954.', 'p');
insert into CandidatesData (idno) VALUES (701);
insert into PartyMembership (pid, idno) VALUES (10, 701);
insert into Landeslistenplatz (llid, idno, position) VALUES (10, 701, 1);
insert into Citizen (idno, title, firstname, lastname, dateofbirth, gender) VALUES (702, '', 'Fimmen', 'Klaus', '1.1.1956.', 'p');
insert into CandidatesData (idno) VALUES (702);
insert into PartyMembership (pid, idno) VALUES (10, 702);
insert into Candidacy (wkid, idno) VALUES (482, 702);
insert into Landeslistenplatz (llid, idno, position) VALUES (10, 702, 7);
insert into Citizen (idno, title, firstname, lastname, dateofbirth, gender) VALUES (703, '', 'Findeisen', 'Jochen', '1.1.1948.', 'p');
insert into CandidatesData (idno) VALUES (703);
insert into PartyMembership (pid, idno) VALUES (3, 703);
insert into Candidacy (wkid, idno) VALUES (561, 703);
insert into Landeslistenplatz (llid, idno, position) VALUES (2, 703, 18);
insert into Citizen (idno, title, firstname, lastname, dateofbirth, gender) VALUES (704, '', 'Fingerle', 'Jan Niklas', '1.1.1974.', 'p');
insert into CandidatesData (idno) VALUES (704);
insert into PartyMembership (pid, idno) VALUES (7, 704);
insert into Landeslistenplatz (llid, idno, position) VALUES (7, 704, 1);
insert into Citizen (idno, title, firstname, lastname, dateofbirth, gender) VALUES (705, '', 'Fink-Hanebuth', 'Eva-Maria', '1.1.1955.', 'p');
insert into CandidatesData (idno) VALUES (705);
insert into PartyMembership (pid, idno) VALUES (4, 705);
insert into Landeslistenplatz (llid, idno, position) VALUES (4, 705, 29);
insert into Citizen (idno, title, firstname, lastname, dateofbirth, gender) VALUES (706, '', 'Finke', 'Peter', '1.1.1949.', 'p');
insert into CandidatesData (idno) VALUES (706);
insert into PartyMembership (pid, idno) VALUES (18, 706);
insert into Landeslistenplatz (llid, idno, position) VALUES (17, 706, 2);
insert into Citizen (idno, title, firstname, lastname, dateofbirth, gender) VALUES (707, '', 'Fischbach', 'Ingrid', '1.1.1957.', 'p');
insert into CandidatesData (idno) VALUES (707);
insert into PartyMembership (pid, idno) VALUES (12, 707);
insert into Candidacy (wkid, idno) VALUES (441, 707);
insert into Landeslistenplatz (llid, idno, position) VALUES (12, 707, 6);
insert into Citizen (idno, title, firstname, lastname, dateofbirth, gender) VALUES (708, '', 'Fischer', 'Axel', '1.1.1966.', 'p');
insert into CandidatesData (idno) VALUES (708);
insert into PartyMembership (pid, idno) VALUES (12, 708);
insert into Candidacy (wkid, idno) VALUES (571, 708);
insert into Citizen (idno, title, firstname, lastname, dateofbirth, gender) VALUES (709, '', 'Fischer', 'Christian', '1.1.1982.', 'p');
insert into CandidatesData (idno) VALUES (709);
insert into PartyMembership (pid, idno) VALUES (1, 709);
insert into Landeslistenplatz (llid, idno, position) VALUES (3, 709, 10);
insert into Citizen (idno, title, firstname, lastname, dateofbirth, gender) VALUES (710, '', 'Fischer', 'Christian', '1.1.1979.', 'p');
insert into CandidatesData (idno) VALUES (710);
insert into PartyMembership (pid, idno) VALUES (7, 710);
insert into Landeslistenplatz (llid, idno, position) VALUES (7, 710, 4);
insert into Citizen (idno, title, firstname, lastname, dateofbirth, gender) VALUES (711, '', 'Fischer', 'Dr. Dietrich', '1.1.1930.', 'p');
insert into CandidatesData (idno) VALUES (711);
insert into PartyMembership (pid, idno) VALUES (19, 711);
insert into Landeslistenplatz (llid, idno, position) VALUES (18, 711, 7);
insert into Citizen (idno, title, firstname, lastname, dateofbirth, gender) VALUES (712, '', 'Fischer', 'Dirk Erik', '1.1.1943.', 'p');
insert into CandidatesData (idno) VALUES (712);
insert into PartyMembership (pid, idno) VALUES (12, 712);
insert into Candidacy (wkid, idno) VALUES (321, 712);
insert into Landeslistenplatz (llid, idno, position) VALUES (12, 712, 1);
insert into Citizen (idno, title, firstname, lastname, dateofbirth, gender) VALUES (713, '', 'Fischer', 'Harald', '1.1.1960.', 'p');
insert into CandidatesData (idno) VALUES (713);
insert into PartyMembership (pid, idno) VALUES (22, 713);
insert into Landeslistenplatz (llid, idno, position) VALUES (22, 713, 6);
insert into Citizen (idno, title, firstname, lastname, dateofbirth, gender) VALUES (714, '', 'Fischer', 'Hartwig', '1.1.1948.', 'p');
insert into CandidatesData (idno) VALUES (714);
insert into PartyMembership (pid, idno) VALUES (12, 714);
insert into Candidacy (wkid, idno) VALUES (353, 714);
insert into Landeslistenplatz (llid, idno, position) VALUES (12, 714, 10);
insert into Citizen (idno, title, firstname, lastname, dateofbirth, gender) VALUES (715, '', 'Fischer', 'Karl-Heinz', '1.1.1952.', 'p');
insert into CandidatesData (idno) VALUES (715);
insert into PartyMembership (pid, idno) VALUES (19, 715);
insert into Landeslistenplatz (llid, idno, position) VALUES (18, 715, 9);
insert into Citizen (idno, title, firstname, lastname, dateofbirth, gender) VALUES (716, '', 'Fischer', 'Lydia', '1.1.1949.', 'p');
insert into CandidatesData (idno) VALUES (716);
insert into PartyMembership (pid, idno) VALUES (12, 716);
insert into Landeslistenplatz (llid, idno, position) VALUES (12, 716, 8);
insert into Citizen (idno, title, firstname, lastname, dateofbirth, gender) VALUES (717, '', 'Fischer', 'Marcus', '1.1.1964.', 'p');
insert into CandidatesData (idno) VALUES (717);
insert into PartyMembership (pid, idno) VALUES (4, 717);
insert into Candidacy (wkid, idno) VALUES (419, 717);
insert into Landeslistenplatz (llid, idno, position) VALUES (4, 717, 59);
insert into Citizen (idno, title, firstname, lastname, dateofbirth, gender) VALUES (718, '', 'Fischer', 'Markus', '1.1.1964.', 'p');
insert into CandidatesData (idno) VALUES (718);
insert into PartyMembership (pid, idno) VALUES (4, 718);
insert into Candidacy (wkid, idno) VALUES (568, 718);
insert into Landeslistenplatz (llid, idno, position) VALUES (4, 718, 34);
insert into Citizen (idno, title, firstname, lastname, dateofbirth, gender) VALUES (719, '', 'Fischer', 'Peter', '1.1.1955.', 'p');
insert into CandidatesData (idno) VALUES (719);
insert into PartyMembership (pid, idno) VALUES (2, 719);
insert into Candidacy (wkid, idno) VALUES (584, 719);
insert into Landeslistenplatz (llid, idno, position) VALUES (1, 719, 31);
insert into Citizen (idno, title, firstname, lastname, dateofbirth, gender) VALUES (720, '', 'Fischer', 'Poul-Ludwig', '1.1.1946.', 'p');
insert into CandidatesData (idno) VALUES (720);
insert into PartyMembership (pid, idno) VALUES (4, 720);
insert into Landeslistenplatz (llid, idno, position) VALUES (4, 720, 17);
insert into Citizen (idno, title, firstname, lastname, dateofbirth, gender) VALUES (721, '', 'Fischer', 'Roland', '1.1.1961.', 'p');
insert into CandidatesData (idno) VALUES (721);
insert into PartyMembership (pid, idno) VALUES (2, 721);
insert into Candidacy (wkid, idno) VALUES (520, 721);
insert into Landeslistenplatz (llid, idno, position) VALUES (1, 721, 35);
insert into Citizen (idno, title, firstname, lastname, dateofbirth, gender) VALUES (722, '', 'Fischer', 'Werner', '1.1.1955.', 'p');
insert into CandidatesData (idno) VALUES (722);
insert into Candidacy (wkid, idno) VALUES (556, 722);
insert into Citizen (idno, title, firstname, lastname, dateofbirth, gender) VALUES (723, '', 'Fischinger', 'Jürgen', '1.1.1956.', 'p');
insert into CandidatesData (idno) VALUES (723);
insert into PartyMembership (pid, idno) VALUES (1, 723);
insert into Candidacy (wkid, idno) VALUES (581, 723);
insert into Citizen (idno, title, firstname, lastname, dateofbirth, gender) VALUES (724, '', 'Fitzek', 'Peter', '1.1.1965.', 'p');
insert into CandidatesData (idno) VALUES (724);
insert into Candidacy (wkid, idno) VALUES (370, 724);
insert into Citizen (idno, title, firstname, lastname, dateofbirth, gender) VALUES (725, '', 'Flach', 'Ulrike', '1.1.1951.', 'p');
insert into CandidatesData (idno) VALUES (725);
insert into PartyMembership (pid, idno) VALUES (4, 725);
insert into Candidacy (wkid, idno) VALUES (418, 725);
insert into Landeslistenplatz (llid, idno, position) VALUES (4, 725, 6);
insert into Citizen (idno, title, firstname, lastname, dateofbirth, gender) VALUES (726, '', 'Flachsbarth', 'Dr. Maria Franziska', '1.1.1963.', 'p');
insert into CandidatesData (idno) VALUES (726);
insert into PartyMembership (pid, idno) VALUES (12, 726);
insert into Candidacy (wkid, idno) VALUES (347, 726);
insert into Landeslistenplatz (llid, idno, position) VALUES (12, 726, 6);
insert into Citizen (idno, title, firstname, lastname, dateofbirth, gender) VALUES (727, '', 'Flachshaar', 'Daniel', '1.1.1976.', 'p');
insert into CandidatesData (idno) VALUES (727);
insert into PartyMembership (pid, idno) VALUES (7, 727);
insert into Landeslistenplatz (llid, idno, position) VALUES (7, 727, 2);
insert into Citizen (idno, title, firstname, lastname, dateofbirth, gender) VALUES (728, '', 'Fleck', 'Dr. Helmut', '1.1.1938.', 'p');
insert into CandidatesData (idno) VALUES (728);
insert into PartyMembership (pid, idno) VALUES (20, 728);
insert into Candidacy (wkid, idno) VALUES (397, 728);
insert into Landeslistenplatz (llid, idno, position) VALUES (19, 728, 1);
insert into Citizen (idno, title, firstname, lastname, dateofbirth, gender) VALUES (729, '', 'Fleischer', 'Hermann', '1.1.1950.', 'p');
insert into CandidatesData (idno) VALUES (729);
insert into PartyMembership (pid, idno) VALUES (3, 729);
insert into Candidacy (wkid, idno) VALUES (349, 729);
insert into Landeslistenplatz (llid, idno, position) VALUES (2, 729, 27);
insert into Citizen (idno, title, firstname, lastname, dateofbirth, gender) VALUES (730, '', 'Flöge', 'Holger', '1.1.1956.', 'p');
insert into CandidatesData (idno) VALUES (730);
insert into PartyMembership (pid, idno) VALUES (4, 730);
insert into Candidacy (wkid, idno) VALUES (345, 730);
insert into Landeslistenplatz (llid, idno, position) VALUES (4, 730, 29);
insert into Citizen (idno, title, firstname, lastname, dateofbirth, gender) VALUES (731, '', 'Flosbach', 'Klaus-Peter', '1.1.1952.', 'p');
insert into CandidatesData (idno) VALUES (731);
insert into PartyMembership (pid, idno) VALUES (12, 731);
insert into Candidacy (wkid, idno) VALUES (399, 731);
insert into Landeslistenplatz (llid, idno, position) VALUES (12, 731, 34);
insert into Citizen (idno, title, firstname, lastname, dateofbirth, gender) VALUES (732, '', 'Flügge', 'Thomas', '1.1.1974.', 'p');
insert into CandidatesData (idno) VALUES (732);
insert into PartyMembership (pid, idno) VALUES (2, 732);
insert into Landeslistenplatz (llid, idno, position) VALUES (1, 732, 55);
insert into Citizen (idno, title, firstname, lastname, dateofbirth, gender) VALUES (733, '', 'Flug', 'Stephan', '1.1.1967.', 'p');
insert into CandidatesData (idno) VALUES (733);
insert into PartyMembership (pid, idno) VALUES (1, 733);
insert into Candidacy (wkid, idno) VALUES (448, 733);
insert into Landeslistenplatz (llid, idno, position) VALUES (3, 733, 17);
insert into Citizen (idno, title, firstname, lastname, dateofbirth, gender) VALUES (734, '', 'Fobo', 'Matthias', '1.1.1961.', 'p');
insert into CandidatesData (idno) VALUES (734);
insert into PartyMembership (pid, idno) VALUES (5, 734);
insert into Candidacy (wkid, idno) VALUES (364, 734);
insert into Citizen (idno, title, firstname, lastname, dateofbirth, gender) VALUES (735, '', 'Förster', 'Bert-Rüdiger', '1.1.1942.', 'p');
insert into CandidatesData (idno) VALUES (735);
insert into PartyMembership (pid, idno) VALUES (19, 735);
insert into Candidacy (wkid, idno) VALUES (479, 735);
insert into Landeslistenplatz (llid, idno, position) VALUES (18, 735, 2);
insert into Citizen (idno, title, firstname, lastname, dateofbirth, gender) VALUES (736, '', 'Förster-Heldmann', 'Hildegard', '1.1.1958.', 'p');
insert into CandidatesData (idno) VALUES (736);
insert into PartyMembership (pid, idno) VALUES (5, 736);
insert into Landeslistenplatz (llid, idno, position) VALUES (5, 736, 21);
insert into Citizen (idno, title, firstname, lastname, dateofbirth, gender) VALUES (737, '', 'Förstermann', 'Frank', '1.1.1964.', 'p');
insert into CandidatesData (idno) VALUES (737);
insert into PartyMembership (pid, idno) VALUES (12, 737);
insert into Landeslistenplatz (llid, idno, position) VALUES (12, 737, 59);
insert into Citizen (idno, title, firstname, lastname, dateofbirth, gender) VALUES (738, '', 'Föttinger', 'Verena', '1.1.1956.', 'p');
insert into CandidatesData (idno) VALUES (738);
insert into PartyMembership (pid, idno) VALUES (8, 738);
insert into Landeslistenplatz (llid, idno, position) VALUES (8, 738, 1);
insert into Citizen (idno, title, firstname, lastname, dateofbirth, gender) VALUES (739, '', 'Fograscher', 'Gabriele', '1.1.1957.', 'p');
insert into CandidatesData (idno) VALUES (739);
insert into PartyMembership (pid, idno) VALUES (2, 739);
insert into Candidacy (wkid, idno) VALUES (553, 739);
insert into Landeslistenplatz (llid, idno, position) VALUES (1, 739, 14);
insert into Citizen (idno, title, firstname, lastname, dateofbirth, gender) VALUES (740, '', 'Forelle', 'Peter', '1.1.1973.', 'p');
insert into CandidatesData (idno) VALUES (740);
insert into PartyMembership (pid, idno) VALUES (12, 740);
insert into Landeslistenplatz (llid, idno, position) VALUES (12, 740, 11);
insert into Citizen (idno, title, firstname, lastname, dateofbirth, gender) VALUES (741, '', 'Forster', 'Manuela', '1.1.1972.', 'p');
insert into CandidatesData (idno) VALUES (741);
insert into PartyMembership (pid, idno) VALUES (8, 741);
insert into Landeslistenplatz (llid, idno, position) VALUES (8, 741, 17);
insert into Citizen (idno, title, firstname, lastname, dateofbirth, gender) VALUES (742, '', 'Fortner', 'Josef', '1.1.1960.', 'p');
insert into CandidatesData (idno) VALUES (742);
insert into PartyMembership (pid, idno) VALUES (8, 742);
insert into Candidacy (wkid, idno) VALUES (522, 742);
insert into Citizen (idno, title, firstname, lastname, dateofbirth, gender) VALUES (743, '', 'Frackowiak', 'Dr. Johannes', '1.1.1968.', 'p');
insert into CandidatesData (idno) VALUES (743);
insert into PartyMembership (pid, idno) VALUES (4, 743);
insert into Candidacy (wkid, idno) VALUES (494, 743);
insert into Landeslistenplatz (llid, idno, position) VALUES (4, 743, 4);
insert into Citizen (idno, title, firstname, lastname, dateofbirth, gender) VALUES (744, '', 'Franck', 'Sven Henri', '1.1.1959.', 'p');
insert into CandidatesData (idno) VALUES (744);
insert into PartyMembership (pid, idno) VALUES (2, 744);
insert into Landeslistenplatz (llid, idno, position) VALUES (1, 744, 18);
insert into Citizen (idno, title, firstname, lastname, dateofbirth, gender) VALUES (745, '', 'Frank', 'Hartmut', '1.1.1953.', 'p');
insert into CandidatesData (idno) VALUES (745);
insert into Candidacy (wkid, idno) VALUES (358, 745);
insert into Citizen (idno, title, firstname, lastname, dateofbirth, gender) VALUES (746, '', 'Frank', 'Maria', '1.1.1938.', 'p');
insert into CandidatesData (idno) VALUES (746);
insert into Candidacy (wkid, idno) VALUES (519, 746);
insert into Citizen (idno, title, firstname, lastname, dateofbirth, gender) VALUES (747, '', 'Franke', 'Dr. Edgar', '1.1.1960.', 'p');
insert into CandidatesData (idno) VALUES (747);
insert into PartyMembership (pid, idno) VALUES (2, 747);
insert into Candidacy (wkid, idno) VALUES (470, 747);
insert into Landeslistenplatz (llid, idno, position) VALUES (1, 747, 7);
insert into Citizen (idno, title, firstname, lastname, dateofbirth, gender) VALUES (748, '', 'Frankenfeld', 'Philipp', '1.1.1971.', 'p');
insert into CandidatesData (idno) VALUES (748);
insert into PartyMembership (pid, idno) VALUES (4, 748);
insert into Candidacy (wkid, idno) VALUES (530, 748);
insert into Landeslistenplatz (llid, idno, position) VALUES (4, 748, 45);
insert into Citizen (idno, title, firstname, lastname, dateofbirth, gender) VALUES (749, '', 'Frankenhauser', 'Herbert', '1.1.1945.', 'p');
insert into CandidatesData (idno) VALUES (749);
insert into PartyMembership (pid, idno) VALUES (9, 749);
insert into Candidacy (wkid, idno) VALUES (518, 749);
insert into Landeslistenplatz (llid, idno, position) VALUES (9, 749, 18);
insert into Citizen (idno, title, firstname, lastname, dateofbirth, gender) VALUES (750, '', 'Franz', 'Frank', '1.1.1978.', 'p');
insert into CandidatesData (idno) VALUES (750);
insert into PartyMembership (pid, idno) VALUES (1, 750);
insert into Candidacy (wkid, idno) VALUES (597, 750);
insert into Landeslistenplatz (llid, idno, position) VALUES (3, 750, 1);
insert into Citizen (idno, title, firstname, lastname, dateofbirth, gender) VALUES (751, '', 'Franz', 'Markus', '1.1.1963.', 'p');
insert into CandidatesData (idno) VALUES (751);
insert into PartyMembership (pid, idno) VALUES (12, 751);
insert into Landeslistenplatz (llid, idno, position) VALUES (12, 751, 13);
insert into Citizen (idno, title, firstname, lastname, dateofbirth, gender) VALUES (752, '', 'Franz', 'Uwe', '1.1.1962.', 'p');
insert into CandidatesData (idno) VALUES (752);
insert into PartyMembership (pid, idno) VALUES (2, 752);
insert into Landeslistenplatz (llid, idno, position) VALUES (1, 752, 24);
insert into Citizen (idno, title, firstname, lastname, dateofbirth, gender) VALUES (753, '', 'Franzke', 'Manfred', '1.1.1952.', 'p');
insert into CandidatesData (idno) VALUES (753);
insert into Candidacy (wkid, idno) VALUES (516, 753);
insert into Citizen (idno, title, firstname, lastname, dateofbirth, gender) VALUES (754, '', 'Frechen', 'Gabriele', '1.1.1956.', 'p');
insert into CandidatesData (idno) VALUES (754);
insert into PartyMembership (pid, idno) VALUES (2, 754);
insert into Candidacy (wkid, idno) VALUES (391, 754);
insert into Landeslistenplatz (llid, idno, position) VALUES (1, 754, 37);
insert into Citizen (idno, title, firstname, lastname, dateofbirth, gender) VALUES (755, '', 'Frederking', 'Dorothea', '1.1.1964.', 'p');
insert into CandidatesData (idno) VALUES (755);
insert into PartyMembership (pid, idno) VALUES (5, 755);
insert into Candidacy (wkid, idno) VALUES (369, 755);
insert into Landeslistenplatz (llid, idno, position) VALUES (5, 755, 5);
insert into Citizen (idno, title, firstname, lastname, dateofbirth, gender) VALUES (756, '', 'Freimuth', 'Jürgen', '1.1.1954.', 'p');
insert into CandidatesData (idno) VALUES (756);
insert into PartyMembership (pid, idno) VALUES (8, 756);
insert into Landeslistenplatz (llid, idno, position) VALUES (8, 756, 11);
insert into Citizen (idno, title, firstname, lastname, dateofbirth, gender) VALUES (757, '', 'Freitag', 'Dagmar', '1.1.1953.', 'p');
insert into CandidatesData (idno) VALUES (757);
insert into PartyMembership (pid, idno) VALUES (2, 757);
insert into Candidacy (wkid, idno) VALUES (450, 757);
insert into Landeslistenplatz (llid, idno, position) VALUES (1, 757, 7);
insert into Citizen (idno, title, firstname, lastname, dateofbirth, gender) VALUES (758, '', 'Freitag', 'Reinhard', '1.1.1961.', 'p');
insert into CandidatesData (idno) VALUES (758);
insert into PartyMembership (pid, idno) VALUES (4, 758);
insert into Candidacy (wkid, idno) VALUES (579, 758);
insert into Landeslistenplatz (llid, idno, position) VALUES (4, 758, 33);
insert into Citizen (idno, title, firstname, lastname, dateofbirth, gender) VALUES (759, '', 'Frentzen', 'Manfred', '1.1.1948.', 'p');
insert into CandidatesData (idno) VALUES (759);
insert into PartyMembership (pid, idno) VALUES (1, 759);
insert into Candidacy (wkid, idno) VALUES (409, 759);
insert into Citizen (idno, title, firstname, lastname, dateofbirth, gender) VALUES (760, '', 'Freudenberger', 'Erich', '1.1.1971.', 'p');
insert into CandidatesData (idno) VALUES (760);
insert into PartyMembership (pid, idno) VALUES (17, 760);
insert into Candidacy (wkid, idno) VALUES (548, 760);
insert into Landeslistenplatz (llid, idno, position) VALUES (16, 760, 9);
insert into Citizen (idno, title, firstname, lastname, dateofbirth, gender) VALUES (761, '', 'Freudenstein', 'Astrid', '1.1.1973.', 'p');
insert into CandidatesData (idno) VALUES (761);
insert into PartyMembership (pid, idno) VALUES (9, 761);
insert into Landeslistenplatz (llid, idno, position) VALUES (9, 761, 28);
insert into Citizen (idno, title, firstname, lastname, dateofbirth, gender) VALUES (762, '', 'Freudigmann', 'Klaus', '1.1.1942.', 'p');
insert into CandidatesData (idno) VALUES (762);
insert into PartyMembership (pid, idno) VALUES (13, 762);
insert into Landeslistenplatz (llid, idno, position) VALUES (13, 762, 6);
insert into Citizen (idno, title, firstname, lastname, dateofbirth, gender) VALUES (763, '', 'Fricke', 'Elvira-Anna', '1.1.1934.', 'p');
insert into CandidatesData (idno) VALUES (763);
insert into PartyMembership (pid, idno) VALUES (13, 763);
insert into Landeslistenplatz (llid, idno, position) VALUES (13, 763, 9);
insert into Citizen (idno, title, firstname, lastname, dateofbirth, gender) VALUES (764, '', 'Fricke', 'Otto', '1.1.1965.', 'p');
insert into CandidatesData (idno) VALUES (764);
insert into PartyMembership (pid, idno) VALUES (4, 764);
insert into Candidacy (wkid, idno) VALUES (410, 764);
insert into Landeslistenplatz (llid, idno, position) VALUES (4, 764, 7);
insert into Citizen (idno, title, firstname, lastname, dateofbirth, gender) VALUES (765, '', 'Fricke', 'Sebastian', '1.1.1974.', 'p');
insert into CandidatesData (idno) VALUES (765);
insert into PartyMembership (pid, idno) VALUES (5, 765);
insert into Candidacy (wkid, idno) VALUES (305, 765);
insert into Landeslistenplatz (llid, idno, position) VALUES (5, 765, 10);
insert into Citizen (idno, title, firstname, lastname, dateofbirth, gender) VALUES (766, '', 'Fricker', 'Sabine', '1.1.1957.', 'p');
insert into CandidatesData (idno) VALUES (766);
insert into PartyMembership (pid, idno) VALUES (13, 766);
insert into Landeslistenplatz (llid, idno, position) VALUES (13, 766, 2);
insert into Citizen (idno, title, firstname, lastname, dateofbirth, gender) VALUES (767, '', 'Fridgen', 'Markus Paul Felix', '1.1.1975.', 'p');
insert into CandidatesData (idno) VALUES (767);
insert into PartyMembership (pid, idno) VALUES (1, 767);
insert into Candidacy (wkid, idno) VALUES (512, 767);
insert into Citizen (idno, title, firstname, lastname, dateofbirth, gender) VALUES (768, '', 'Friedemann', 'Carolin', '1.1.1981.', 'p');
insert into CandidatesData (idno) VALUES (768);
insert into PartyMembership (pid, idno) VALUES (5, 768);
insert into Candidacy (wkid, idno) VALUES (341, 768);
insert into Landeslistenplatz (llid, idno, position) VALUES (5, 768, 13);
insert into Citizen (idno, title, firstname, lastname, dateofbirth, gender) VALUES (769, '', 'Friedhoff', 'Paul Klemens', '1.1.1943.', 'p');
insert into CandidatesData (idno) VALUES (769);
insert into PartyMembership (pid, idno) VALUES (4, 769);
insert into Candidacy (wkid, idno) VALUES (412, 769);
insert into Landeslistenplatz (llid, idno, position) VALUES (4, 769, 12);
insert into Citizen (idno, title, firstname, lastname, dateofbirth, gender) VALUES (770, '', 'Friedhoff', 'Peter', '1.1.1970.', 'p');
insert into CandidatesData (idno) VALUES (770);
insert into PartyMembership (pid, idno) VALUES (4, 770);
insert into Candidacy (wkid, idno) VALUES (332, 770);
insert into Landeslistenplatz (llid, idno, position) VALUES (4, 770, 16);
insert into Citizen (idno, title, firstname, lastname, dateofbirth, gender) VALUES (771, '', 'Friedl', 'Patrick', '1.1.1970.', 'p');
insert into CandidatesData (idno) VALUES (771);
insert into PartyMembership (pid, idno) VALUES (5, 771);
insert into Candidacy (wkid, idno) VALUES (550, 771);
insert into Citizen (idno, title, firstname, lastname, dateofbirth, gender) VALUES (772, '', 'Friedrich', 'Dr. Hans-Peter', '1.1.1957.', 'p');
insert into CandidatesData (idno) VALUES (772);
insert into PartyMembership (pid, idno) VALUES (9, 772);
insert into Candidacy (wkid, idno) VALUES (538, 772);
insert into Landeslistenplatz (llid, idno, position) VALUES (9, 772, 14);
insert into Citizen (idno, title, firstname, lastname, dateofbirth, gender) VALUES (773, '', 'Friedrich', 'Peter', '1.1.1972.', 'p');
insert into CandidatesData (idno) VALUES (773);
insert into PartyMembership (pid, idno) VALUES (2, 773);
insert into Candidacy (wkid, idno) VALUES (586, 773);
insert into Landeslistenplatz (llid, idno, position) VALUES (1, 773, 9);
insert into Citizen (idno, title, firstname, lastname, dateofbirth, gender) VALUES (774, '', 'Friedrich', 'Thomas', '1.1.1955.', 'p');
insert into CandidatesData (idno) VALUES (774);
insert into PartyMembership (pid, idno) VALUES (8, 774);
insert into Landeslistenplatz (llid, idno, position) VALUES (8, 774, 18);
insert into Citizen (idno, title, firstname, lastname, dateofbirth, gender) VALUES (775, '', 'Friedrichs', 'Hans-Christian', '1.1.1964.', 'p');
insert into CandidatesData (idno) VALUES (775);
insert into PartyMembership (pid, idno) VALUES (5, 775);
insert into Candidacy (wkid, idno) VALUES (336, 775);
insert into Citizen (idno, title, firstname, lastname, dateofbirth, gender) VALUES (776, '', 'Friemann-Jennert', 'Maika', '1.1.1964.', 'p');
insert into CandidatesData (idno) VALUES (776);
insert into PartyMembership (pid, idno) VALUES (12, 776);
insert into Landeslistenplatz (llid, idno, position) VALUES (12, 776, 9);
insert into Citizen (idno, title, firstname, lastname, dateofbirth, gender) VALUES (777, '', 'Frieser', 'Michael', '1.1.1964.', 'p');
insert into CandidatesData (idno) VALUES (777);
insert into PartyMembership (pid, idno) VALUES (9, 777);
insert into Candidacy (wkid, idno) VALUES (544, 777);
insert into Landeslistenplatz (llid, idno, position) VALUES (9, 777, 16);
insert into Citizen (idno, title, firstname, lastname, dateofbirth, gender) VALUES (778, '', 'Frigger', 'Urs Fabian', '1.1.1984.', 'p');
insert into CandidatesData (idno) VALUES (778);
insert into PartyMembership (pid, idno) VALUES (4, 778);
insert into Candidacy (wkid, idno) VALUES (446, 778);
insert into Landeslistenplatz (llid, idno, position) VALUES (4, 778, 41);
insert into Citizen (idno, title, firstname, lastname, dateofbirth, gender) VALUES (779, '', 'Frings', 'Dr. Benedikt', '1.1.1957.', 'p');
insert into CandidatesData (idno) VALUES (779);
insert into PartyMembership (pid, idno) VALUES (1, 779);
insert into Candidacy (wkid, idno) VALUES (393, 779);
insert into Citizen (idno, title, firstname, lastname, dateofbirth, gender) VALUES (780, '', 'Frister', 'Jörg', '1.1.1977.', 'p');
insert into CandidatesData (idno) VALUES (780);
insert into PartyMembership (pid, idno) VALUES (4, 780);
insert into Landeslistenplatz (llid, idno, position) VALUES (4, 780, 15);
insert into Citizen (idno, title, firstname, lastname, dateofbirth, gender) VALUES (781, '', 'Fritsch', 'Kerstin', '1.1.1962.', 'p');
insert into CandidatesData (idno) VALUES (781);
insert into PartyMembership (pid, idno) VALUES (1, 781);
insert into Candidacy (wkid, idno) VALUES (582, 781);
insert into Citizen (idno, title, firstname, lastname, dateofbirth, gender) VALUES (782, '', 'Fritsche', 'Nicole', '1.1.1979.', 'p');
insert into CandidatesData (idno) VALUES (782);
insert into PartyMembership (pid, idno) VALUES (3, 782);
insert into Candidacy (wkid, idno) VALUES (517, 782);
insert into Landeslistenplatz (llid, idno, position) VALUES (2, 782, 7);
insert into Citizen (idno, title, firstname, lastname, dateofbirth, gender) VALUES (783, '', 'Fritz', 'Erich Georg', '1.1.1946.', 'p');
insert into CandidatesData (idno) VALUES (783);
insert into PartyMembership (pid, idno) VALUES (12, 783);
insert into Candidacy (wkid, idno) VALUES (443, 783);
insert into Landeslistenplatz (llid, idno, position) VALUES (12, 783, 19);
insert into Citizen (idno, title, firstname, lastname, dateofbirth, gender) VALUES (784, '', 'Fritzen', 'Maria-Elisabeth', '1.1.1962.', 'p');
insert into CandidatesData (idno) VALUES (784);
insert into PartyMembership (pid, idno) VALUES (5, 784);
insert into Candidacy (wkid, idno) VALUES (308, 784);
insert into Citizen (idno, title, firstname, lastname, dateofbirth, gender) VALUES (785, '', 'Fröhlich', 'Jakobus', '1.1.1945.', 'p');
insert into CandidatesData (idno) VALUES (785);
insert into PartyMembership (pid, idno) VALUES (13, 785);
insert into Candidacy (wkid, idno) VALUES (439, 785);
insert into Citizen (idno, title, firstname, lastname, dateofbirth, gender) VALUES (786, '', 'Fröhlich', 'Josephine', '1.1.1984.', 'p');
insert into CandidatesData (idno) VALUES (786);
insert into PartyMembership (pid, idno) VALUES (1, 786);
insert into Candidacy (wkid, idno) VALUES (475, 786);
insert into Citizen (idno, title, firstname, lastname, dateofbirth, gender) VALUES (787, '', 'Fröhlich', 'Patrick', '1.1.1981.', 'p');
insert into CandidatesData (idno) VALUES (787);
insert into PartyMembership (pid, idno) VALUES (9, 787);
insert into Landeslistenplatz (llid, idno, position) VALUES (9, 787, 42);
insert into Citizen (idno, title, firstname, lastname, dateofbirth, gender) VALUES (788, '', 'Fröhlich-Abrecht', 'Ulrich', '1.1.1974.', 'p');
insert into CandidatesData (idno) VALUES (788);
insert into PartyMembership (pid, idno) VALUES (12, 788);
insert into Landeslistenplatz (llid, idno, position) VALUES (12, 788, 41);
insert into Citizen (idno, title, firstname, lastname, dateofbirth, gender) VALUES (789, '', 'Frohn', 'Christa', '1.1.1955.', 'p');
insert into CandidatesData (idno) VALUES (789);
insert into PartyMembership (pid, idno) VALUES (3, 789);
insert into Candidacy (wkid, idno) VALUES (389, 789);
insert into Citizen (idno, title, firstname, lastname, dateofbirth, gender) VALUES (790, '', 'Fromm', 'Gabi', '1.1.1951.', 'p');
insert into CandidatesData (idno) VALUES (790);
insert into PartyMembership (pid, idno) VALUES (2, 790);
insert into Landeslistenplatz (llid, idno, position) VALUES (1, 790, 30);
insert into Citizen (idno, title, firstname, lastname, dateofbirth, gender) VALUES (791, '', 'Fromme', 'Jochen-Konrad', '1.1.1949.', 'p');
insert into CandidatesData (idno) VALUES (791);
insert into PartyMembership (pid, idno) VALUES (12, 791);
insert into Candidacy (wkid, idno) VALUES (349, 791);
insert into Landeslistenplatz (llid, idno, position) VALUES (12, 791, 11);
insert into Citizen (idno, title, firstname, lastname, dateofbirth, gender) VALUES (792, '', 'Frummet', 'Ferdinand', '1.1.1951.', 'p');
insert into CandidatesData (idno) VALUES (792);
insert into PartyMembership (pid, idno) VALUES (14, 792);
insert into Candidacy (wkid, idno) VALUES (532, 792);
insert into Landeslistenplatz (llid, idno, position) VALUES (21, 792, 7);
insert into Citizen (idno, title, firstname, lastname, dateofbirth, gender) VALUES (793, '', 'Fuchs', 'Klaus', '1.1.1954.', 'p');
insert into CandidatesData (idno) VALUES (793);
insert into PartyMembership (pid, idno) VALUES (13, 793);
insert into Candidacy (wkid, idno) VALUES (370, 793);
insert into Landeslistenplatz (llid, idno, position) VALUES (13, 793, 5);
insert into Citizen (idno, title, firstname, lastname, dateofbirth, gender) VALUES (794, '', 'Fuchs', 'Dr. Michael', '1.1.1949.', 'p');
insert into CandidatesData (idno) VALUES (794);
insert into PartyMembership (pid, idno) VALUES (12, 794);
insert into Candidacy (wkid, idno) VALUES (499, 794);
insert into Landeslistenplatz (llid, idno, position) VALUES (12, 794, 8);
insert into Citizen (idno, title, firstname, lastname, dateofbirth, gender) VALUES (795, '', 'Fuchtel', 'Hans-Joachim', '1.1.1952.', 'p');
insert into CandidatesData (idno) VALUES (795);
insert into PartyMembership (pid, idno) VALUES (12, 795);
insert into Candidacy (wkid, idno) VALUES (579, 795);
insert into Citizen (idno, title, firstname, lastname, dateofbirth, gender) VALUES (796, '', 'Fürst', 'Gabriel', '1.1.1978.', 'p');
insert into CandidatesData (idno) VALUES (796);
insert into PartyMembership (pid, idno) VALUES (12, 796);
insert into Landeslistenplatz (llid, idno, position) VALUES (12, 796, 58);
insert into Citizen (idno, title, firstname, lastname, dateofbirth, gender) VALUES (797, '', 'Fürter', 'Alexander', '1.1.1970.', 'p');
insert into CandidatesData (idno) VALUES (797);
insert into PartyMembership (pid, idno) VALUES (4, 797);
insert into Landeslistenplatz (llid, idno, position) VALUES (4, 797, 54);
insert into Citizen (idno, title, firstname, lastname, dateofbirth, gender) VALUES (798, '', 'Füßmann', 'Klaus-Wilhelm', '1.1.1957.', 'p');
insert into CandidatesData (idno) VALUES (798);
insert into PartyMembership (pid, idno) VALUES (4, 798);
insert into Candidacy (wkid, idno) VALUES (441, 798);
insert into Landeslistenplatz (llid, idno, position) VALUES (4, 798, 37);
insert into Citizen (idno, title, firstname, lastname, dateofbirth, gender) VALUES (799, '', 'Fuest', 'Michael', '1.1.1955.', 'p');
insert into CandidatesData (idno) VALUES (799);
insert into PartyMembership (pid, idno) VALUES (5, 799);
insert into Candidacy (wkid, idno) VALUES (331, 799);
insert into Landeslistenplatz (llid, idno, position) VALUES (5, 799, 14);
insert into Citizen (idno, title, firstname, lastname, dateofbirth, gender) VALUES (800, '', 'Fütterer', 'Gerald Paul', '1.1.1957.', 'p');
insert into CandidatesData (idno) VALUES (800);
insert into PartyMembership (pid, idno) VALUES (8, 800);
insert into Landeslistenplatz (llid, idno, position) VALUES (8, 800, 12);
insert into Citizen (idno, title, firstname, lastname, dateofbirth, gender) VALUES (801, '', 'Funk', 'Alexander', '1.1.1974.', 'p');
insert into CandidatesData (idno) VALUES (801);
insert into PartyMembership (pid, idno) VALUES (12, 801);
insert into Candidacy (wkid, idno) VALUES (598, 801);
insert into Landeslistenplatz (llid, idno, position) VALUES (12, 801, 4);
insert into Citizen (idno, title, firstname, lastname, dateofbirth, gender) VALUES (802, '', 'Funk', 'Reinhard', '1.1.1958.', 'p');
insert into CandidatesData (idno) VALUES (802);
insert into PartyMembership (pid, idno) VALUES (13, 802);
insert into Landeslistenplatz (llid, idno, position) VALUES (13, 802, 5);
insert into Citizen (idno, title, firstname, lastname, dateofbirth, gender) VALUES (803, '', 'Funke', 'Madeleine', '1.1.1963.', 'p');
insert into CandidatesData (idno) VALUES (803);
insert into PartyMembership (pid, idno) VALUES (12, 803);
insert into Landeslistenplatz (llid, idno, position) VALUES (12, 803, 40);
insert into Citizen (idno, title, firstname, lastname, dateofbirth, gender) VALUES (804, '', 'Furch', 'Holger', '1.1.1985.', 'p');
insert into CandidatesData (idno) VALUES (804);
insert into PartyMembership (pid, idno) VALUES (7, 804);
insert into Landeslistenplatz (llid, idno, position) VALUES (7, 804, 2);
insert into Citizen (idno, title, firstname, lastname, dateofbirth, gender) VALUES (805, '', 'Gaba', 'Irina', '1.1.1988.', 'p');
insert into CandidatesData (idno) VALUES (805);
insert into PartyMembership (pid, idno) VALUES (15, 805);
insert into Landeslistenplatz (llid, idno, position) VALUES (14, 805, 19);
insert into Citizen (idno, title, firstname, lastname, dateofbirth, gender) VALUES (806, '', 'Gabling', 'Martin', '1.1.1962.', 'p');
insert into CandidatesData (idno) VALUES (806);
insert into PartyMembership (pid, idno) VALUES (1, 806);
insert into Candidacy (wkid, idno) VALUES (528, 806);
insert into Landeslistenplatz (llid, idno, position) VALUES (3, 806, 3);
insert into Citizen (idno, title, firstname, lastname, dateofbirth, gender) VALUES (807, '', 'Gabriel', 'Sigmar', '1.1.1959.', 'p');
insert into CandidatesData (idno) VALUES (807);
insert into PartyMembership (pid, idno) VALUES (2, 807);
insert into Candidacy (wkid, idno) VALUES (349, 807);
insert into Landeslistenplatz (llid, idno, position) VALUES (1, 807, 24);
insert into Citizen (idno, title, firstname, lastname, dateofbirth, gender) VALUES (808, '', 'Gädechens', 'Ingo', '1.1.1960.', 'p');
insert into CandidatesData (idno) VALUES (808);
insert into PartyMembership (pid, idno) VALUES (12, 808);
insert into Candidacy (wkid, idno) VALUES (308, 808);
insert into Landeslistenplatz (llid, idno, position) VALUES (12, 808, 9);
insert into Citizen (idno, title, firstname, lastname, dateofbirth, gender) VALUES (809, '', 'Gärtner', 'Gabriele', '1.1.1977.', 'p');
insert into CandidatesData (idno) VALUES (809);
insert into PartyMembership (pid, idno) VALUES (13, 809);
insert into Landeslistenplatz (llid, idno, position) VALUES (13, 809, 1);
insert into Citizen (idno, title, firstname, lastname, dateofbirth, gender) VALUES (810, '', 'Gärtner', 'Joachim', '1.1.1948.', 'p');
insert into CandidatesData (idno) VALUES (810);
insert into PartyMembership (pid, idno) VALUES (13, 810);
insert into Landeslistenplatz (llid, idno, position) VALUES (13, 810, 7);
insert into Citizen (idno, title, firstname, lastname, dateofbirth, gender) VALUES (811, '', 'Gärtner', 'Johann', '1.1.1950.', 'p');
insert into CandidatesData (idno) VALUES (811);
insert into PartyMembership (pid, idno) VALUES (19, 811);
insert into Landeslistenplatz (llid, idno, position) VALUES (18, 811, 1);
insert into Citizen (idno, title, firstname, lastname, dateofbirth, gender) VALUES (812, '', 'Gärtner', 'Matthias', '1.1.1984.', 'p');
insert into CandidatesData (idno) VALUES (812);
insert into PartyMembership (pid, idno) VALUES (1, 812);
insert into Candidacy (wkid, idno) VALUES (369, 812);
insert into Landeslistenplatz (llid, idno, position) VALUES (3, 812, 5);
insert into Citizen (idno, title, firstname, lastname, dateofbirth, gender) VALUES (813, '', 'Gärtner-Engel', 'Monika Ruth', '1.1.1952.', 'p');
insert into CandidatesData (idno) VALUES (813);
insert into PartyMembership (pid, idno) VALUES (13, 813);
insert into Landeslistenplatz (llid, idno, position) VALUES (13, 813, 5);
insert into Citizen (idno, title, firstname, lastname, dateofbirth, gender) VALUES (814, '', 'Gärtner-Leymann', 'Annegret', '1.1.1977.', 'p');
insert into CandidatesData (idno) VALUES (814);
insert into PartyMembership (pid, idno) VALUES (13, 814);
insert into Candidacy (wkid, idno) VALUES (440, 814);
insert into Landeslistenplatz (llid, idno, position) VALUES (13, 814, 16);
insert into Citizen (idno, title, firstname, lastname, dateofbirth, gender) VALUES (815, '', 'Gärttner', 'Siegfried', '1.1.1946.', 'p');
insert into CandidatesData (idno) VALUES (815);
insert into PartyMembership (pid, idno) VALUES (1, 815);
insert into Candidacy (wkid, idno) VALUES (570, 815);
insert into Citizen (idno, title, firstname, lastname, dateofbirth, gender) VALUES (816, '', 'Gäthje', 'Uwe', '1.1.1940.', 'p');
insert into CandidatesData (idno) VALUES (816);
insert into PartyMembership (pid, idno) VALUES (14, 816);
insert into Candidacy (wkid, idno) VALUES (355, 816);
insert into Landeslistenplatz (llid, idno, position) VALUES (21, 816, 1);
insert into Citizen (idno, title, firstname, lastname, dateofbirth, gender) VALUES (817, '', 'Gagliardi', 'Giuliano', '1.1.1988.', 'p');
insert into CandidatesData (idno) VALUES (817);
insert into Candidacy (wkid, idno) VALUES (588, 817);
insert into Citizen (idno, title, firstname, lastname, dateofbirth, gender) VALUES (818, '', 'Gahler', 'Dr. Wolfgang', '1.1.1948.', 'p');
insert into CandidatesData (idno) VALUES (818);
insert into Candidacy (wkid, idno) VALUES (371, 818);
insert into Citizen (idno, title, firstname, lastname, dateofbirth, gender) VALUES (819, '', 'Gaisenkersting', 'Dietmar', '1.1.1967.', 'p');
insert into CandidatesData (idno) VALUES (819);
insert into PartyMembership (pid, idno) VALUES (26, 819);
insert into LandesListe (llid, year, pid, fsid) VALUES (25, 2009, 26, 4);
insert into Landeslistenplatz (llid, idno, position) VALUES (25, 819, 1);
insert into Citizen (idno, title, firstname, lastname, dateofbirth, gender) VALUES (820, '', 'Gajek', 'Silke', '1.1.1962.', 'p');
insert into CandidatesData (idno) VALUES (820);
insert into PartyMembership (pid, idno) VALUES (5, 820);
insert into Candidacy (wkid, idno) VALUES (312, 820);
insert into Landeslistenplatz (llid, idno, position) VALUES (5, 820, 2);
insert into Citizen (idno, title, firstname, lastname, dateofbirth, gender) VALUES (821, '', 'Gallas', 'Dr. Klaus Olaf Hagen', '1.1.1941.', 'p');
insert into CandidatesData (idno) VALUES (821);
insert into PartyMembership (pid, idno) VALUES (2, 821);
insert into Landeslistenplatz (llid, idno, position) VALUES (1, 821, 13);
insert into Citizen (idno, title, firstname, lastname, dateofbirth, gender) VALUES (822, '', 'Galle', 'Ronald', '1.1.1957.', 'p');
insert into CandidatesData (idno) VALUES (822);
insert into PartyMembership (pid, idno) VALUES (10, 822);
insert into Landeslistenplatz (llid, idno, position) VALUES (10, 822, 9);
insert into Citizen (idno, title, firstname, lastname, dateofbirth, gender) VALUES (823, '', 'Galwas', 'Marc', '1.1.1970.', 'p');
insert into CandidatesData (idno) VALUES (823);
insert into PartyMembership (pid, idno) VALUES (21, 823);
insert into Landeslistenplatz (llid, idno, position) VALUES (20, 823, 16);
insert into Citizen (idno, title, firstname, lastname, dateofbirth, gender) VALUES (824, '', 'Gambke', 'Dr. Thomas', '1.1.1949.', 'p');
insert into CandidatesData (idno) VALUES (824);
insert into PartyMembership (pid, idno) VALUES (5, 824);
insert into Candidacy (wkid, idno) VALUES (527, 824);
insert into Landeslistenplatz (llid, idno, position) VALUES (5, 824, 8);
insert into Citizen (idno, title, firstname, lastname, dateofbirth, gender) VALUES (825, '', 'Gantz', 'Oliver', '1.1.1981.', 'p');
insert into CandidatesData (idno) VALUES (825);
insert into PartyMembership (pid, idno) VALUES (12, 825);
insert into Landeslistenplatz (llid, idno, position) VALUES (12, 825, 24);
insert into Citizen (idno, title, firstname, lastname, dateofbirth, gender) VALUES (826, '', 'Gasser', 'Wilhelm', '1.1.1960.', 'p');
insert into CandidatesData (idno) VALUES (826);
insert into PartyMembership (pid, idno) VALUES (7, 826);
insert into Landeslistenplatz (llid, idno, position) VALUES (7, 826, 3);
insert into Citizen (idno, title, firstname, lastname, dateofbirth, gender) VALUES (827, '', 'Gatermann', 'Harald Wilhelm', '1.1.1955.', 'p');
insert into CandidatesData (idno) VALUES (827);
insert into PartyMembership (pid, idno) VALUES (3, 827);
insert into Landeslistenplatz (llid, idno, position) VALUES (2, 827, 4);
insert into Citizen (idno, title, firstname, lastname, dateofbirth, gender) VALUES (828, '', 'Gauderer', 'Ulrike', '1.1.1971.', 'p');
insert into CandidatesData (idno) VALUES (828);
insert into PartyMembership (pid, idno) VALUES (5, 828);
insert into Landeslistenplatz (llid, idno, position) VALUES (5, 828, 7);
insert into Citizen (idno, title, firstname, lastname, dateofbirth, gender) VALUES (829, '', 'Gauger', 'Reiner', '1.1.1962.', 'p');
insert into CandidatesData (idno) VALUES (829);
insert into PartyMembership (pid, idno) VALUES (12, 829);
insert into Landeslistenplatz (llid, idno, position) VALUES (12, 829, 13);
insert into Citizen (idno, title, firstname, lastname, dateofbirth, gender) VALUES (830, '', 'Gaumann', 'Dr. Horst', '1.1.1965.', 'p');
insert into CandidatesData (idno) VALUES (830);
insert into PartyMembership (pid, idno) VALUES (4, 830);
insert into Candidacy (wkid, idno) VALUES (333, 830);
insert into Landeslistenplatz (llid, idno, position) VALUES (4, 830, 20);
insert into Citizen (idno, title, firstname, lastname, dateofbirth, gender) VALUES (831, '', 'Gauweiler', 'Dr. Peter', '1.1.1949.', 'p');
insert into CandidatesData (idno) VALUES (831);
insert into PartyMembership (pid, idno) VALUES (9, 831);
insert into Candidacy (wkid, idno) VALUES (519, 831);
insert into Citizen (idno, title, firstname, lastname, dateofbirth, gender) VALUES (832, '', 'Gebhart', 'Dr. Thomas', '1.1.1971.', 'p');
insert into CandidatesData (idno) VALUES (832);
insert into PartyMembership (pid, idno) VALUES (12, 832);
insert into Candidacy (wkid, idno) VALUES (511, 832);
insert into Landeslistenplatz (llid, idno, position) VALUES (12, 832, 11);
insert into Citizen (idno, title, firstname, lastname, dateofbirth, gender) VALUES (833, '', 'Gehb', 'Dr. Jürgen', '1.1.1952.', 'p');
insert into CandidatesData (idno) VALUES (833);
insert into PartyMembership (pid, idno) VALUES (12, 833);
insert into Candidacy (wkid, idno) VALUES (468, 833);
insert into Landeslistenplatz (llid, idno, position) VALUES (12, 833, 9);
insert into Citizen (idno, title, firstname, lastname, dateofbirth, gender) VALUES (834, '', 'Gehrcke-Reymann', 'Wolfgang', '1.1.1943.', 'p');
insert into CandidatesData (idno) VALUES (834);
insert into PartyMembership (pid, idno) VALUES (3, 834);
insert into Candidacy (wkid, idno) VALUES (482, 834);
insert into Landeslistenplatz (llid, idno, position) VALUES (2, 834, 2);
insert into Citizen (idno, title, firstname, lastname, dateofbirth, gender) VALUES (835, '', 'Gehring', 'Kai Boris', '1.1.1977.', 'p');
insert into CandidatesData (idno) VALUES (835);
insert into PartyMembership (pid, idno) VALUES (5, 835);
insert into Candidacy (wkid, idno) VALUES (420, 835);
insert into Landeslistenplatz (llid, idno, position) VALUES (5, 835, 10);
insert into Citizen (idno, title, firstname, lastname, dateofbirth, gender) VALUES (836, '', 'Geis', 'Norbert', '1.1.1939.', 'p');
insert into CandidatesData (idno) VALUES (836);
insert into PartyMembership (pid, idno) VALUES (9, 836);
insert into Candidacy (wkid, idno) VALUES (546, 836);
insert into Citizen (idno, title, firstname, lastname, dateofbirth, gender) VALUES (837, '', 'Geisel', 'Andreas Werner', '1.1.1966.', 'p');
insert into CandidatesData (idno) VALUES (837);
insert into PartyMembership (pid, idno) VALUES (2, 837);
insert into Candidacy (wkid, idno) VALUES (386, 837);
insert into Citizen (idno, title, firstname, lastname, dateofbirth, gender) VALUES (838, '', 'Geisen', 'Dr. Edmund Peter', '1.1.1949.', 'p');
insert into CandidatesData (idno) VALUES (838);
insert into PartyMembership (pid, idno) VALUES (4, 838);
insert into Candidacy (wkid, idno) VALUES (502, 838);
insert into Landeslistenplatz (llid, idno, position) VALUES (4, 838, 4);
insert into Citizen (idno, title, firstname, lastname, dateofbirth, gender) VALUES (839, '', 'Gensichen', 'Hans-Christoph', '1.1.1933.', 'p');
insert into CandidatesData (idno) VALUES (839);
insert into PartyMembership (pid, idno) VALUES (17, 839);
insert into Landeslistenplatz (llid, idno, position) VALUES (16, 839, 2);
insert into Citizen (idno, title, firstname, lastname, dateofbirth, gender) VALUES (840, '', 'Gentsch', 'Patrick', '1.1.1976.', 'p');
insert into CandidatesData (idno) VALUES (840);
insert into PartyMembership (pid, idno) VALUES (1, 840);
insert into Candidacy (wkid, idno) VALUES (465, 840);
insert into Citizen (idno, title, firstname, lastname, dateofbirth, gender) VALUES (841, '', 'George', 'Sven', '1.1.1985.', 'p');
insert into CandidatesData (idno) VALUES (841);
insert into PartyMembership (pid, idno) VALUES (21, 841);
insert into Landeslistenplatz (llid, idno, position) VALUES (20, 841, 5);
insert into Citizen (idno, title, firstname, lastname, dateofbirth, gender) VALUES (842, '', 'Georgiou', 'Gabriele', '1.1.1955.', 'p');
insert into CandidatesData (idno) VALUES (842);
insert into PartyMembership (pid, idno) VALUES (13, 842);
insert into Landeslistenplatz (llid, idno, position) VALUES (13, 842, 2);
insert into Citizen (idno, title, firstname, lastname, dateofbirth, gender) VALUES (843, '', 'Gerber', 'Christian', '1.1.1985.', 'p');
insert into CandidatesData (idno) VALUES (843);
insert into PartyMembership (pid, idno) VALUES (5, 843);
insert into Candidacy (wkid, idno) VALUES (487, 843);
insert into Citizen (idno, title, firstname, lastname, dateofbirth, gender) VALUES (844, '', 'Gerdes', 'Michael', '1.1.1960.', 'p');
insert into CandidatesData (idno) VALUES (844);
insert into PartyMembership (pid, idno) VALUES (2, 844);
insert into Candidacy (wkid, idno) VALUES (425, 844);
insert into Landeslistenplatz (llid, idno, position) VALUES (1, 844, 51);
insert into Citizen (idno, title, firstname, lastname, dateofbirth, gender) VALUES (845, '', 'Gerhardt', 'Dr. Klaus-Uwe', '1.1.1955.', 'p');
insert into CandidatesData (idno) VALUES (845);
insert into PartyMembership (pid, idno) VALUES (5, 845);
insert into Candidacy (wkid, idno) VALUES (484, 845);
insert into Landeslistenplatz (llid, idno, position) VALUES (5, 845, 16);
insert into Citizen (idno, title, firstname, lastname, dateofbirth, gender) VALUES (846, '', 'Gerhardt', 'Dr. Wolfgang', '1.1.1943.', 'p');
insert into CandidatesData (idno) VALUES (846);
insert into PartyMembership (pid, idno) VALUES (4, 846);
insert into Candidacy (wkid, idno) VALUES (478, 846);
insert into Landeslistenplatz (llid, idno, position) VALUES (4, 846, 1);
insert into Citizen (idno, title, firstname, lastname, dateofbirth, gender) VALUES (847, '', 'Gerig', 'Alois', '1.1.1956.', 'p');
insert into CandidatesData (idno) VALUES (847);
insert into PartyMembership (pid, idno) VALUES (12, 847);
insert into Candidacy (wkid, idno) VALUES (575, 847);
insert into Citizen (idno, title, firstname, lastname, dateofbirth, gender) VALUES (848, '', 'Gersch', 'Kai', '1.1.1971.', 'p');
insert into CandidatesData (idno) VALUES (848);
insert into PartyMembership (pid, idno) VALUES (4, 848);
insert into Candidacy (wkid, idno) VALUES (378, 848);
insert into Landeslistenplatz (llid, idno, position) VALUES (4, 848, 5);
insert into Citizen (idno, title, firstname, lastname, dateofbirth, gender) VALUES (849, '', 'Gerster', 'Martin', '1.1.1971.', 'p');
insert into CandidatesData (idno) VALUES (849);
insert into PartyMembership (pid, idno) VALUES (2, 849);
insert into Candidacy (wkid, idno) VALUES (591, 849);
insert into Landeslistenplatz (llid, idno, position) VALUES (1, 849, 12);
insert into Citizen (idno, title, firstname, lastname, dateofbirth, gender) VALUES (850, '', 'Geß', 'Waltraud', '1.1.1965.', 'p');
insert into CandidatesData (idno) VALUES (850);
insert into PartyMembership (pid, idno) VALUES (27, 850);
insert into LandesListe (llid, year, pid, fsid) VALUES (26, 2009, 27, 4);
insert into Landeslistenplatz (llid, idno, position) VALUES (26, 850, 8);
insert into Citizen (idno, title, firstname, lastname, dateofbirth, gender) VALUES (851, '', 'Gessinger', 'Joachim', '1.1.1945.', 'p');
insert into CandidatesData (idno) VALUES (851);
insert into PartyMembership (pid, idno) VALUES (5, 851);
insert into Candidacy (wkid, idno) VALUES (360, 851);
insert into Landeslistenplatz (llid, idno, position) VALUES (5, 851, 4);
insert into Citizen (idno, title, firstname, lastname, dateofbirth, gender) VALUES (852, '', 'Gewehr', 'Klaus Erwin', '1.1.1958.', 'p');
insert into CandidatesData (idno) VALUES (852);
insert into PartyMembership (pid, idno) VALUES (2, 852);
insert into Landeslistenplatz (llid, idno, position) VALUES (1, 852, 27);
insert into Citizen (idno, title, firstname, lastname, dateofbirth, gender) VALUES (853, '', 'Giebeler', 'Paul Felix', '1.1.1981.', 'p');
insert into CandidatesData (idno) VALUES (853);
insert into PartyMembership (pid, idno) VALUES (10, 853);
insert into Candidacy (wkid, idno) VALUES (432, 853);
insert into Landeslistenplatz (llid, idno, position) VALUES (10, 853, 8);
insert into Citizen (idno, title, firstname, lastname, dateofbirth, gender) VALUES (854, '', 'Gielnik', 'Michael', '1.1.1983.', 'p');
insert into CandidatesData (idno) VALUES (854);
insert into PartyMembership (pid, idno) VALUES (1, 854);
insert into Landeslistenplatz (llid, idno, position) VALUES (3, 854, 3);
insert into Citizen (idno, title, firstname, lastname, dateofbirth, gender) VALUES (855, '', 'Gienger', 'Eberhard', '1.1.1951.', 'p');
insert into CandidatesData (idno) VALUES (855);
insert into PartyMembership (pid, idno) VALUES (12, 855);
insert into Candidacy (wkid, idno) VALUES (565, 855);
insert into Citizen (idno, title, firstname, lastname, dateofbirth, gender) VALUES (856, '', 'Gierlings', 'Elisabeth', '1.1.1932.', 'p');
insert into CandidatesData (idno) VALUES (856);
insert into PartyMembership (pid, idno) VALUES (2, 856);
insert into Landeslistenplatz (llid, idno, position) VALUES (1, 856, 48);
insert into Citizen (idno, title, firstname, lastname, dateofbirth, gender) VALUES (857, '', 'Giermann', 'Rita', '1.1.1941.', 'p');
insert into CandidatesData (idno) VALUES (857);
insert into PartyMembership (pid, idno) VALUES (13, 857);
insert into Landeslistenplatz (llid, idno, position) VALUES (13, 857, 3);
insert into Citizen (idno, title, firstname, lastname, dateofbirth, gender) VALUES (858, '', 'Giesbert', 'Tim', '1.1.1980.', 'p');
insert into CandidatesData (idno) VALUES (858);
insert into PartyMembership (pid, idno) VALUES (5, 858);
insert into Candidacy (wkid, idno) VALUES (418, 858);
insert into Landeslistenplatz (llid, idno, position) VALUES (5, 858, 18);
insert into Citizen (idno, title, firstname, lastname, dateofbirth, gender) VALUES (859, '', 'Giese', 'Herta-Margarete', '1.1.1935.', 'p');
insert into CandidatesData (idno) VALUES (859);
insert into PartyMembership (pid, idno) VALUES (16, 859);
insert into Landeslistenplatz (llid, idno, position) VALUES (15, 859, 1);
insert into Citizen (idno, title, firstname, lastname, dateofbirth, gender) VALUES (860, '', 'Giesel', 'Jan', '1.1.1972.', 'p');
insert into CandidatesData (idno) VALUES (860);
insert into PartyMembership (pid, idno) VALUES (8, 860);
insert into Landeslistenplatz (llid, idno, position) VALUES (8, 860, 3);
insert into Citizen (idno, title, firstname, lastname, dateofbirth, gender) VALUES (861, '', 'Giesler', 'David', '1.1.1984.', 'p');
insert into CandidatesData (idno) VALUES (861);
insert into PartyMembership (pid, idno) VALUES (1, 861);
insert into Candidacy (wkid, idno) VALUES (467, 861);
insert into Landeslistenplatz (llid, idno, position) VALUES (3, 861, 7);
insert into Citizen (idno, title, firstname, lastname, dateofbirth, gender) VALUES (862, '', 'Gieß', 'Anton', '1.1.1941.', 'p');
insert into CandidatesData (idno) VALUES (862);
insert into PartyMembership (pid, idno) VALUES (18, 862);
insert into Landeslistenplatz (llid, idno, position) VALUES (17, 862, 6);
insert into Citizen (idno, title, firstname, lastname, dateofbirth, gender) VALUES (863, '', 'Gießler', 'Cornelia', '1.1.1978.', 'p');
insert into CandidatesData (idno) VALUES (863);
insert into PartyMembership (pid, idno) VALUES (12, 863);
insert into Landeslistenplatz (llid, idno, position) VALUES (12, 863, 12);
insert into Citizen (idno, title, firstname, lastname, dateofbirth, gender) VALUES (864, '', 'Gilbert', 'Raimund', '1.1.1990.', 'p');
insert into CandidatesData (idno) VALUES (864);
insert into PartyMembership (pid, idno) VALUES (15, 864);
insert into Landeslistenplatz (llid, idno, position) VALUES (14, 864, 20);
insert into Citizen (idno, title, firstname, lastname, dateofbirth, gender) VALUES (865, '', 'Gill-Gers', 'Alexandra', '1.1.1970.', 'p');
insert into CandidatesData (idno) VALUES (865);
insert into PartyMembership (pid, idno) VALUES (2, 865);
insert into Landeslistenplatz (llid, idno, position) VALUES (1, 865, 17);
insert into Citizen (idno, title, firstname, lastname, dateofbirth, gender) VALUES (866, '', 'Gilles', 'Horst Helmut', '1.1.1943.', 'p');
insert into CandidatesData (idno) VALUES (866);
insert into PartyMembership (pid, idno) VALUES (14, 866);
insert into Candidacy (wkid, idno) VALUES (337, 866);
insert into Landeslistenplatz (llid, idno, position) VALUES (21, 866, 9);
insert into Citizen (idno, title, firstname, lastname, dateofbirth, gender) VALUES (867, '', 'Gillet', 'Elmar', '1.1.1965.', 'p');
insert into CandidatesData (idno) VALUES (867);
insert into PartyMembership (pid, idno) VALUES (5, 867);
insert into Landeslistenplatz (llid, idno, position) VALUES (5, 867, 24);
insert into Citizen (idno, title, firstname, lastname, dateofbirth, gender) VALUES (868, '', 'Gilsdorf', 'Marlene', '1.1.1935.', 'p');
insert into CandidatesData (idno) VALUES (868);
insert into PartyMembership (pid, idno) VALUES (8, 868);
insert into Landeslistenplatz (llid, idno, position) VALUES (8, 868, 13);
insert into Citizen (idno, title, firstname, lastname, dateofbirth, gender) VALUES (869, '', 'Giren', 'Magdalena Isabella', '1.1.1960.', 'p');
insert into CandidatesData (idno) VALUES (869);
insert into PartyMembership (pid, idno) VALUES (3, 869);
insert into Landeslistenplatz (llid, idno, position) VALUES (2, 869, 13);
insert into Citizen (idno, title, firstname, lastname, dateofbirth, gender) VALUES (870, '', 'Girmus', 'Dagmar', '1.1.1946.', 'p');
insert into CandidatesData (idno) VALUES (870);
insert into PartyMembership (pid, idno) VALUES (16, 870);
insert into Landeslistenplatz (llid, idno, position) VALUES (15, 870, 4);
insert into Citizen (idno, title, firstname, lastname, dateofbirth, gender) VALUES (871, '', 'Gisart', 'Gero', '1.1.1942.', 'p');
insert into CandidatesData (idno) VALUES (871);
insert into PartyMembership (pid, idno) VALUES (12, 871);
insert into Landeslistenplatz (llid, idno, position) VALUES (12, 871, 59);
insert into Citizen (idno, title, firstname, lastname, dateofbirth, gender) VALUES (872, '', 'Glahn', 'Klaus', '1.1.1942.', 'p');
insert into CandidatesData (idno) VALUES (872);
insert into PartyMembership (pid, idno) VALUES (14, 872);
insert into Candidacy (wkid, idno) VALUES (351, 872);
insert into Landeslistenplatz (llid, idno, position) VALUES (21, 872, 3);
insert into Citizen (idno, title, firstname, lastname, dateofbirth, gender) VALUES (873, '', 'Glanz', 'Claudia', '1.1.1954.', 'p');
insert into CandidatesData (idno) VALUES (873);
insert into PartyMembership (pid, idno) VALUES (5, 873);
insert into Candidacy (wkid, idno) VALUES (461, 873);
insert into Citizen (idno, title, firstname, lastname, dateofbirth, gender) VALUES (874, '', 'Glas', 'Bärbel', '1.1.1962.', 'p');
insert into CandidatesData (idno) VALUES (874);
insert into PartyMembership (pid, idno) VALUES (12, 874);
insert into Landeslistenplatz (llid, idno, position) VALUES (12, 874, 37);
insert into Citizen (idno, title, firstname, lastname, dateofbirth, gender) VALUES (875, '', 'Gleicke', 'Iris', '1.1.1964.', 'p');
insert into CandidatesData (idno) VALUES (875);
insert into PartyMembership (pid, idno) VALUES (2, 875);
insert into Candidacy (wkid, idno) VALUES (496, 875);
insert into Landeslistenplatz (llid, idno, position) VALUES (1, 875, 2);
insert into Citizen (idno, title, firstname, lastname, dateofbirth, gender) VALUES (876, '', 'Glöckner', 'David', '1.1.1985.', 'p');
insert into CandidatesData (idno) VALUES (876);
insert into PartyMembership (pid, idno) VALUES (19, 876);
insert into Landeslistenplatz (llid, idno, position) VALUES (18, 876, 6);
insert into Citizen (idno, title, firstname, lastname, dateofbirth, gender) VALUES (877, '', 'Glos', 'Michael', '1.1.1944.', 'p');
insert into CandidatesData (idno) VALUES (877);
insert into PartyMembership (pid, idno) VALUES (9, 877);
insert into Candidacy (wkid, idno) VALUES (549, 877);
insert into Citizen (idno, title, firstname, lastname, dateofbirth, gender) VALUES (878, '', 'Gloser', 'Günter', '1.1.1950.', 'p');
insert into CandidatesData (idno) VALUES (878);
insert into PartyMembership (pid, idno) VALUES (2, 878);
insert into Candidacy (wkid, idno) VALUES (543, 878);
insert into Landeslistenplatz (llid, idno, position) VALUES (1, 878, 3);
insert into Citizen (idno, title, firstname, lastname, dateofbirth, gender) VALUES (879, '', 'Glück', 'Ulrich', '1.1.1969.', 'p');
insert into CandidatesData (idno) VALUES (879);
insert into PartyMembership (pid, idno) VALUES (8, 879);
insert into Landeslistenplatz (llid, idno, position) VALUES (8, 879, 8);
insert into Citizen (idno, title, firstname, lastname, dateofbirth, gender) VALUES (880, '', 'Gmelch', 'Therese', '1.1.1955.', 'p');
insert into CandidatesData (idno) VALUES (880);
insert into PartyMembership (pid, idno) VALUES (13, 880);
insert into Landeslistenplatz (llid, idno, position) VALUES (13, 880, 5);
insert into Citizen (idno, title, firstname, lastname, dateofbirth, gender) VALUES (881, '', 'Godau', 'Eva-Maria', '1.1.1947.', 'p');
insert into CandidatesData (idno) VALUES (881);
insert into Candidacy (wkid, idno) VALUES (369, 881);
insert into Citizen (idno, title, firstname, lastname, dateofbirth, gender) VALUES (882, '', 'Godawa', 'Angela', '1.1.1958.', 'p');
insert into CandidatesData (idno) VALUES (882);
insert into PartyMembership (pid, idno) VALUES (2, 882);
insert into Candidacy (wkid, idno) VALUES (594, 882);
insert into Landeslistenplatz (llid, idno, position) VALUES (1, 882, 26);
insert into Citizen (idno, title, firstname, lastname, dateofbirth, gender) VALUES (883, '', 'Göhner-Feller', 'Angelika', '1.1.1954.', 'p');
insert into CandidatesData (idno) VALUES (883);
insert into PartyMembership (pid, idno) VALUES (13, 883);
insert into Candidacy (wkid, idno) VALUES (563, 883);
insert into Landeslistenplatz (llid, idno, position) VALUES (13, 883, 10);
insert into Citizen (idno, title, firstname, lastname, dateofbirth, gender) VALUES (884, '', 'Göktas', 'Nerman', '1.1.1958.', 'p');
insert into CandidatesData (idno) VALUES (884);
insert into PartyMembership (pid, idno) VALUES (3, 884);
insert into Candidacy (wkid, idno) VALUES (472, 884);
insert into Citizen (idno, title, firstname, lastname, dateofbirth, gender) VALUES (885, '', 'Göldner', 'Fritz', '1.1.1966.', 'p');
insert into CandidatesData (idno) VALUES (885);
insert into PartyMembership (pid, idno) VALUES (17, 885);
insert into Landeslistenplatz (llid, idno, position) VALUES (16, 885, 1);
insert into Citizen (idno, title, firstname, lastname, dateofbirth, gender) VALUES (886, '', 'Göppel', 'Josef', '1.1.1950.', 'p');
insert into CandidatesData (idno) VALUES (886);
insert into PartyMembership (pid, idno) VALUES (9, 886);
insert into Candidacy (wkid, idno) VALUES (540, 886);
insert into Citizen (idno, title, firstname, lastname, dateofbirth, gender) VALUES (887, '', 'Göring-Eckardt', 'Katrin', '1.1.1966.', 'p');
insert into CandidatesData (idno) VALUES (887);
insert into PartyMembership (pid, idno) VALUES (5, 887);
insert into Candidacy (wkid, idno) VALUES (491, 887);
insert into Landeslistenplatz (llid, idno, position) VALUES (5, 887, 1);
insert into Citizen (idno, title, firstname, lastname, dateofbirth, gender) VALUES (888, '', 'Görke', 'Bianca', '1.1.1967.', 'p');
insert into CandidatesData (idno) VALUES (888);
insert into PartyMembership (pid, idno) VALUES (3, 888);
insert into Landeslistenplatz (llid, idno, position) VALUES (2, 888, 9);
insert into Citizen (idno, title, firstname, lastname, dateofbirth, gender) VALUES (889, '', 'Görmann', 'Horst Günter', '1.1.1953.', 'p');
insert into CandidatesData (idno) VALUES (889);
insert into PartyMembership (pid, idno) VALUES (1, 889);
insert into Candidacy (wkid, idno) VALUES (355, 889);
insert into Landeslistenplatz (llid, idno, position) VALUES (3, 889, 1);
insert into Citizen (idno, title, firstname, lastname, dateofbirth, gender) VALUES (890, '', 'Goertz', 'Ralf', '1.1.1965.', 'p');
insert into CandidatesData (idno) VALUES (890);
insert into PartyMembership (pid, idno) VALUES (19, 890);
insert into Landeslistenplatz (llid, idno, position) VALUES (18, 890, 1);
insert into Citizen (idno, title, firstname, lastname, dateofbirth, gender) VALUES (891, '', 'Götz', 'Christian', '1.1.1967.', 'p');
insert into CandidatesData (idno) VALUES (891);
insert into PartyMembership (pid, idno) VALUES (1, 891);
insert into Candidacy (wkid, idno) VALUES (514, 891);
insert into Citizen (idno, title, firstname, lastname, dateofbirth, gender) VALUES (892, '', 'Götz', 'Elisabeth', '1.1.1969.', 'p');
insert into CandidatesData (idno) VALUES (892);
insert into PartyMembership (pid, idno) VALUES (1, 892);
insert into Candidacy (wkid, idno) VALUES (522, 892);
insert into Citizen (idno, title, firstname, lastname, dateofbirth, gender) VALUES (893, '', 'Götz', 'Peter', '1.1.1947.', 'p');
insert into CandidatesData (idno) VALUES (893);
insert into PartyMembership (pid, idno) VALUES (12, 893);
insert into Candidacy (wkid, idno) VALUES (572, 893);
insert into Citizen (idno, title, firstname, lastname, dateofbirth, gender) VALUES (894, '', 'Götzer', 'Dr. Wolfgang', '1.1.1955.', 'p');
insert into CandidatesData (idno) VALUES (894);
insert into PartyMembership (pid, idno) VALUES (9, 894);
insert into Candidacy (wkid, idno) VALUES (527, 894);
insert into Citizen (idno, title, firstname, lastname, dateofbirth, gender) VALUES (895, '', 'Gogolin', 'Marco', '1.1.1980.', 'p');
insert into CandidatesData (idno) VALUES (895);
insert into PartyMembership (pid, idno) VALUES (2, 895);
insert into Landeslistenplatz (llid, idno, position) VALUES (1, 895, 20);
insert into Citizen (idno, title, firstname, lastname, dateofbirth, gender) VALUES (896, '', 'Gohlke', 'Nicole', '1.1.1975.', 'p');
insert into CandidatesData (idno) VALUES (896);
insert into PartyMembership (pid, idno) VALUES (3, 896);
insert into Candidacy (wkid, idno) VALUES (518, 896);
insert into Landeslistenplatz (llid, idno, position) VALUES (2, 896, 5);
insert into Citizen (idno, title, firstname, lastname, dateofbirth, gender) VALUES (897, '', 'Gold', 'Lars', '1.1.1985.', 'p');
insert into CandidatesData (idno) VALUES (897);
insert into PartyMembership (pid, idno) VALUES (1, 897);
insert into Candidacy (wkid, idno) VALUES (567, 897);
insert into Landeslistenplatz (llid, idno, position) VALUES (3, 897, 7);
insert into Citizen (idno, title, firstname, lastname, dateofbirth, gender) VALUES (898, '', 'Goldbach', 'Stephanie-Johanna', '1.1.1980.', 'p');
insert into CandidatesData (idno) VALUES (898);
insert into PartyMembership (pid, idno) VALUES (16, 898);
insert into Landeslistenplatz (llid, idno, position) VALUES (15, 898, 7);
insert into Citizen (idno, title, firstname, lastname, dateofbirth, gender) VALUES (899, '', 'Goldmann', 'Hans-Michael', '1.1.1946.', 'p');
insert into CandidatesData (idno) VALUES (899);
insert into PartyMembership (pid, idno) VALUES (4, 899);
insert into Candidacy (wkid, idno) VALUES (325, 899);
insert into Landeslistenplatz (llid, idno, position) VALUES (4, 899, 3);
insert into Citizen (idno, title, firstname, lastname, dateofbirth, gender) VALUES (900, '', 'Goldstein', 'Ulrike', '1.1.1976.', 'p');
insert into CandidatesData (idno) VALUES (900);
insert into PartyMembership (pid, idno) VALUES (5, 900);
insert into Candidacy (wkid, idno) VALUES (518, 900);
insert into Landeslistenplatz (llid, idno, position) VALUES (5, 900, 21);
insert into Citizen (idno, title, firstname, lastname, dateofbirth, gender) VALUES (901, '', 'Golombeck', 'Heinz', '1.1.1948.', 'p');
insert into CandidatesData (idno) VALUES (901);
insert into PartyMembership (pid, idno) VALUES (4, 901);
insert into Candidacy (wkid, idno) VALUES (570, 901);
insert into Landeslistenplatz (llid, idno, position) VALUES (4, 901, 15);
insert into Citizen (idno, title, firstname, lastname, dateofbirth, gender) VALUES (902, '', 'Golze', 'Diana', '1.1.1975.', 'p');
insert into CandidatesData (idno) VALUES (902);
insert into PartyMembership (pid, idno) VALUES (3, 902);
insert into Candidacy (wkid, idno) VALUES (360, 902);
insert into Landeslistenplatz (llid, idno, position) VALUES (2, 902, 5);
insert into Citizen (idno, title, firstname, lastname, dateofbirth, gender) VALUES (903, '', 'Gonder', 'Axel', '1.1.1958.', 'p');
insert into CandidatesData (idno) VALUES (903);
insert into PartyMembership (pid, idno) VALUES (3, 903);
insert into Candidacy (wkid, idno) VALUES (412, 903);
insert into Citizen (idno, title, firstname, lastname, dateofbirth, gender) VALUES (904, '', 'Gorges', 'Markus', '1.1.1975.', 'p');
insert into CandidatesData (idno) VALUES (904);
insert into PartyMembership (pid, idno) VALUES (12, 904);
insert into Landeslistenplatz (llid, idno, position) VALUES (12, 904, 10);
insert into Citizen (idno, title, firstname, lastname, dateofbirth, gender) VALUES (905, '', 'Gorr', 'Thomas', '1.1.1968.', 'p');
insert into CandidatesData (idno) VALUES (905);
insert into PartyMembership (pid, idno) VALUES (1, 905);
insert into Candidacy (wkid, idno) VALUES (480, 905);
insert into Citizen (idno, title, firstname, lastname, dateofbirth, gender) VALUES (906, '', 'Gottschalck', 'Ulrike', '1.1.1955.', 'p');
insert into CandidatesData (idno) VALUES (906);
insert into PartyMembership (pid, idno) VALUES (2, 906);
insert into Candidacy (wkid, idno) VALUES (468, 906);
insert into Citizen (idno, title, firstname, lastname, dateofbirth, gender) VALUES (907, '', 'Gottschalk', 'Sascha', '1.1.1978.', 'p');
insert into CandidatesData (idno) VALUES (907);
insert into PartyMembership (pid, idno) VALUES (5, 907);
insert into Candidacy (wkid, idno) VALUES (503, 907);
insert into Landeslistenplatz (llid, idno, position) VALUES (5, 907, 10);
insert into Citizen (idno, title, firstname, lastname, dateofbirth, gender) VALUES (908, '', 'Grabow', 'Ralf', '1.1.1965.', 'p');
insert into CandidatesData (idno) VALUES (908);
insert into PartyMembership (pid, idno) VALUES (4, 908);
insert into Landeslistenplatz (llid, idno, position) VALUES (4, 908, 6);
insert into Citizen (idno, title, firstname, lastname, dateofbirth, gender) VALUES (909, '', 'Grabowski', 'Dirk', '1.1.1973.', 'p');
insert into CandidatesData (idno) VALUES (909);
insert into Candidacy (wkid, idno) VALUES (399, 909);
insert into Citizen (idno, title, firstname, lastname, dateofbirth, gender) VALUES (910, '', 'Graf', 'Andrea', '1.1.1966.', 'p');
insert into CandidatesData (idno) VALUES (910);
insert into PartyMembership (pid, idno) VALUES (5, 910);
insert into Candidacy (wkid, idno) VALUES (483, 910);
insert into Landeslistenplatz (llid, idno, position) VALUES (5, 910, 13);
insert into Citizen (idno, title, firstname, lastname, dateofbirth, gender) VALUES (911, '', 'Graf', 'Angelika', '1.1.1947.', 'p');
insert into CandidatesData (idno) VALUES (911);
insert into PartyMembership (pid, idno) VALUES (2, 911);
insert into Candidacy (wkid, idno) VALUES (522, 911);
insert into Landeslistenplatz (llid, idno, position) VALUES (1, 911, 8);
insert into Citizen (idno, title, firstname, lastname, dateofbirth, gender) VALUES (912, '', 'Graf', 'Rainer', '1.1.1957.', 'p');
insert into CandidatesData (idno) VALUES (912);
insert into PartyMembership (pid, idno) VALUES (8, 912);
insert into Candidacy (wkid, idno) VALUES (566, 912);
insert into Citizen (idno, title, firstname, lastname, dateofbirth, gender) VALUES (913, '', 'Graf-Baier', 'Jutta', '1.1.1947.', 'p');
insert into CandidatesData (idno) VALUES (913);
insert into PartyMembership (pid, idno) VALUES (3, 913);
insert into Landeslistenplatz (llid, idno, position) VALUES (2, 913, 15);
insert into Citizen (idno, title, firstname, lastname, dateofbirth, gender) VALUES (914, '', 'Gramberg', 'Iris', '1.1.1960.', 'p');
insert into CandidatesData (idno) VALUES (914);
insert into PartyMembership (pid, idno) VALUES (3, 914);
insert into Candidacy (wkid, idno) VALUES (327, 914);
insert into Landeslistenplatz (llid, idno, position) VALUES (2, 914, 18);
insert into Citizen (idno, title, firstname, lastname, dateofbirth, gender) VALUES (915, '', 'Grammel', 'Markus', '1.1.1976.', 'p');
insert into CandidatesData (idno) VALUES (915);
insert into PartyMembership (pid, idno) VALUES (17, 915);
insert into Candidacy (wkid, idno) VALUES (568, 915);
insert into Landeslistenplatz (llid, idno, position) VALUES (16, 915, 2);
insert into Citizen (idno, title, firstname, lastname, dateofbirth, gender) VALUES (916, '', 'Granold', 'Ute', '1.1.1955.', 'p');
insert into CandidatesData (idno) VALUES (916);
insert into PartyMembership (pid, idno) VALUES (12, 916);
insert into Candidacy (wkid, idno) VALUES (505, 916);
insert into Landeslistenplatz (llid, idno, position) VALUES (12, 916, 9);
insert into Citizen (idno, title, firstname, lastname, dateofbirth, gender) VALUES (917, '', 'Granser', 'Bruno', '1.1.1953.', 'p');
insert into CandidatesData (idno) VALUES (917);
insert into PartyMembership (pid, idno) VALUES (19, 917);
insert into Landeslistenplatz (llid, idno, position) VALUES (18, 917, 14);
insert into Citizen (idno, title, firstname, lastname, dateofbirth, gender) VALUES (918, '', 'Granzow', 'Dennis', '1.1.1963.', 'p');
insert into CandidatesData (idno) VALUES (918);
insert into PartyMembership (pid, idno) VALUES (2, 918);
insert into Landeslistenplatz (llid, idno, position) VALUES (1, 918, 14);
insert into Citizen (idno, title, firstname, lastname, dateofbirth, gender) VALUES (919, '', 'Grass', 'Heinz Hubertus', '1.1.1958.', 'p');
insert into CandidatesData (idno) VALUES (919);
insert into PartyMembership (pid, idno) VALUES (5, 919);
insert into Candidacy (wkid, idno) VALUES (458, 919);
insert into Citizen (idno, title, firstname, lastname, dateofbirth, gender) VALUES (920, '', 'Grassert', 'Armin', '1.1.1959.', 'p');
insert into CandidatesData (idno) VALUES (920);
insert into PartyMembership (pid, idno) VALUES (6, 920);
insert into Landeslistenplatz (llid, idno, position) VALUES (6, 920, 3);
insert into Citizen (idno, title, firstname, lastname, dateofbirth, gender) VALUES (921, '', 'Gratzke', 'Denis', '1.1.1978.', 'p');
insert into CandidatesData (idno) VALUES (921);
insert into PartyMembership (pid, idno) VALUES (1, 921);
insert into Landeslistenplatz (llid, idno, position) VALUES (3, 921, 9);
insert into Citizen (idno, title, firstname, lastname, dateofbirth, gender) VALUES (922, '', 'Grau', 'Toralf', '1.1.1986.', 'p');
insert into CandidatesData (idno) VALUES (922);
insert into PartyMembership (pid, idno) VALUES (19, 922);
insert into Landeslistenplatz (llid, idno, position) VALUES (18, 922, 1);
insert into Citizen (idno, title, firstname, lastname, dateofbirth, gender) VALUES (923, '', 'Graue', 'Oliver', '1.1.1967.', 'p');
insert into CandidatesData (idno) VALUES (923);
insert into PartyMembership (pid, idno) VALUES (8, 923);
insert into Landeslistenplatz (llid, idno, position) VALUES (8, 923, 5);
insert into Citizen (idno, title, firstname, lastname, dateofbirth, gender) VALUES (924, '', 'Graus', 'Stefan Josef', '1.1.1977.', 'p');
insert into CandidatesData (idno) VALUES (924);
insert into PartyMembership (pid, idno) VALUES (2, 924);
insert into Landeslistenplatz (llid, idno, position) VALUES (1, 924, 25);
insert into Citizen (idno, title, firstname, lastname, dateofbirth, gender) VALUES (925, '', 'Greb', 'Gero', '1.1.1945.', 'p');
insert into CandidatesData (idno) VALUES (925);
insert into Candidacy (wkid, idno) VALUES (587, 925);
insert into Citizen (idno, title, firstname, lastname, dateofbirth, gender) VALUES (926, '', 'Grebe', 'Marlies', '1.1.1956.', 'p');
insert into CandidatesData (idno) VALUES (926);
insert into PartyMembership (pid, idno) VALUES (2, 926);
insert into Landeslistenplatz (llid, idno, position) VALUES (1, 926, 48);
insert into Citizen (idno, title, firstname, lastname, dateofbirth, gender) VALUES (927, '', 'Greckl', 'Max Josef', '1.1.1941.', 'p');
insert into CandidatesData (idno) VALUES (927);
insert into PartyMembership (pid, idno) VALUES (14, 927);
insert into Landeslistenplatz (llid, idno, position) VALUES (21, 927, 10);
insert into Citizen (idno, title, firstname, lastname, dateofbirth, gender) VALUES (928, '', 'Greeb', 'Christian', '1.1.1984.', 'p');
insert into CandidatesData (idno) VALUES (928);
insert into PartyMembership (pid, idno) VALUES (1, 928);
insert into Candidacy (wkid, idno) VALUES (504, 928);
insert into Landeslistenplatz (llid, idno, position) VALUES (3, 928, 8);
insert into Citizen (idno, title, firstname, lastname, dateofbirth, gender) VALUES (929, '', 'Greiber', 'Sebastian', '1.1.1980.', 'p');
insert into CandidatesData (idno) VALUES (929);
insert into PartyMembership (pid, idno) VALUES (4, 929);
insert into Candidacy (wkid, idno) VALUES (596, 929);
insert into Citizen (idno, title, firstname, lastname, dateofbirth, gender) VALUES (930, '', 'Greif', 'Judith', '1.1.1984.', 'p');
insert into CandidatesData (idno) VALUES (930);
insert into PartyMembership (pid, idno) VALUES (5, 930);
insert into Candidacy (wkid, idno) VALUES (517, 930);
insert into Landeslistenplatz (llid, idno, position) VALUES (5, 930, 13);
insert into Citizen (idno, title, firstname, lastname, dateofbirth, gender) VALUES (931, '', 'Greilich', 'Annette', '1.1.1958.', 'p');
insert into CandidatesData (idno) VALUES (931);
insert into PartyMembership (pid, idno) VALUES (4, 931);
insert into Landeslistenplatz (llid, idno, position) VALUES (4, 931, 32);
insert into Citizen (idno, title, firstname, lastname, dateofbirth, gender) VALUES (932, '', 'Grein', 'Eberhard', '1.1.1959.', 'p');
insert into CandidatesData (idno) VALUES (932);
insert into PartyMembership (pid, idno) VALUES (9, 932);
insert into Landeslistenplatz (llid, idno, position) VALUES (9, 932, 62);
insert into Citizen (idno, title, firstname, lastname, dateofbirth, gender) VALUES (933, '', 'Gremmler', 'Simon', '1.1.1983.', 'p');
insert into CandidatesData (idno) VALUES (933);
insert into PartyMembership (pid, idno) VALUES (8, 933);
insert into Landeslistenplatz (llid, idno, position) VALUES (8, 933, 3);
insert into Citizen (idno, title, firstname, lastname, dateofbirth, gender) VALUES (934, '', 'Greuter', 'Maria', '1.1.1953.', 'p');
insert into CandidatesData (idno) VALUES (934);
insert into PartyMembership (pid, idno) VALUES (2, 934);
insert into Landeslistenplatz (llid, idno, position) VALUES (1, 934, 32);
insert into Citizen (idno, title, firstname, lastname, dateofbirth, gender) VALUES (935, '', 'Grewe', 'Michael', '1.1.1968.', 'p');
insert into CandidatesData (idno) VALUES (935);
insert into PartyMembership (pid, idno) VALUES (1, 935);
insert into Landeslistenplatz (llid, idno, position) VALUES (3, 935, 7);
insert into Citizen (idno, title, firstname, lastname, dateofbirth, gender) VALUES (936, '', 'Griefahn', 'Monika', '1.1.1954.', 'p');
insert into CandidatesData (idno) VALUES (936);
insert into PartyMembership (pid, idno) VALUES (2, 936);
insert into Candidacy (wkid, idno) VALUES (336, 936);
insert into Landeslistenplatz (llid, idno, position) VALUES (1, 936, 19);
insert into Citizen (idno, title, firstname, lastname, dateofbirth, gender) VALUES (937, '', 'Griesbaum', 'Joachim', '1.1.1955.', 'p');
insert into CandidatesData (idno) VALUES (937);
insert into PartyMembership (pid, idno) VALUES (13, 937);
insert into Landeslistenplatz (llid, idno, position) VALUES (13, 937, 1);
insert into Citizen (idno, title, firstname, lastname, dateofbirth, gender) VALUES (938, '', 'Griese', 'Kerstin', '1.1.1966.', 'p');
insert into CandidatesData (idno) VALUES (938);
insert into PartyMembership (pid, idno) VALUES (2, 938);
insert into Candidacy (wkid, idno) VALUES (405, 938);
insert into Landeslistenplatz (llid, idno, position) VALUES (1, 938, 14);
insert into Citizen (idno, title, firstname, lastname, dateofbirth, gender) VALUES (939, '', 'Grigo', 'Mareike', '1.1.1977.', 'p');
insert into CandidatesData (idno) VALUES (939);
insert into PartyMembership (pid, idno) VALUES (5, 939);
insert into Candidacy (wkid, idno) VALUES (405, 939);
insert into Landeslistenplatz (llid, idno, position) VALUES (5, 939, 23);
insert into Citizen (idno, title, firstname, lastname, dateofbirth, gender) VALUES (940, '', 'Grigoleit', 'Katrin', '1.1.1968.', 'p');
insert into CandidatesData (idno) VALUES (940);
insert into PartyMembership (pid, idno) VALUES (13, 940);
insert into Landeslistenplatz (llid, idno, position) VALUES (13, 940, 5);
insert into Citizen (idno, title, firstname, lastname, dateofbirth, gender) VALUES (941, '', 'Grimm', 'Gisela', '1.1.1962.', 'p');
insert into CandidatesData (idno) VALUES (941);
insert into PartyMembership (pid, idno) VALUES (15, 941);
insert into Landeslistenplatz (llid, idno, position) VALUES (14, 941, 21);
insert into Citizen (idno, title, firstname, lastname, dateofbirth, gender) VALUES (942, '', 'Grindel', 'Reinhard Dieter', '1.1.1961.', 'p');
insert into CandidatesData (idno) VALUES (942);
insert into PartyMembership (pid, idno) VALUES (12, 942);
insert into Candidacy (wkid, idno) VALUES (335, 942);
insert into Landeslistenplatz (llid, idno, position) VALUES (12, 942, 16);
insert into Citizen (idno, title, firstname, lastname, dateofbirth, gender) VALUES (943, '', 'Gröhe', 'Hermann', '1.1.1961.', 'p');
insert into CandidatesData (idno) VALUES (943);
insert into PartyMembership (pid, idno) VALUES (12, 943);
insert into Candidacy (wkid, idno) VALUES (408, 943);
insert into Landeslistenplatz (llid, idno, position) VALUES (12, 943, 13);
insert into Citizen (idno, title, firstname, lastname, dateofbirth, gender) VALUES (944, '', 'Grohganz', 'Raphael', '1.1.1952.', 'p');
insert into CandidatesData (idno) VALUES (944);
insert into PartyMembership (pid, idno) VALUES (12, 944);
insert into Landeslistenplatz (llid, idno, position) VALUES (12, 944, 28);
insert into Citizen (idno, title, firstname, lastname, dateofbirth, gender) VALUES (945, '', 'Groll', 'Franz', '1.1.1943.', 'p');
insert into CandidatesData (idno) VALUES (945);
insert into PartyMembership (pid, idno) VALUES (3, 945);
insert into Candidacy (wkid, idno) VALUES (579, 945);
insert into Citizen (idno, title, firstname, lastname, dateofbirth, gender) VALUES (946, '', 'Groneberg', 'Gabriele', '1.1.1955.', 'p');
insert into CandidatesData (idno) VALUES (946);
insert into PartyMembership (pid, idno) VALUES (2, 946);
insert into Candidacy (wkid, idno) VALUES (332, 946);
insert into Landeslistenplatz (llid, idno, position) VALUES (1, 946, 14);
insert into Citizen (idno, title, firstname, lastname, dateofbirth, gender) VALUES (947, '', 'Groos', 'Peter', '1.1.1964.', 'p');
insert into CandidatesData (idno) VALUES (947);
insert into PartyMembership (pid, idno) VALUES (5, 947);
insert into Candidacy (wkid, idno) VALUES (384, 947);
insert into Citizen (idno, title, firstname, lastname, dateofbirth, gender) VALUES (948, '', 'Groschek', 'Michael', '1.1.1956.', 'p');
insert into CandidatesData (idno) VALUES (948);
insert into PartyMembership (pid, idno) VALUES (2, 948);
insert into Candidacy (wkid, idno) VALUES (417, 948);
insert into Landeslistenplatz (llid, idno, position) VALUES (1, 948, 65);
insert into Citizen (idno, title, firstname, lastname, dateofbirth, gender) VALUES (949, '', 'Groß', 'Michael Peter', '1.1.1956.', 'p');
insert into CandidatesData (idno) VALUES (949);
insert into PartyMembership (pid, idno) VALUES (2, 949);
insert into Candidacy (wkid, idno) VALUES (422, 949);
insert into Landeslistenplatz (llid, idno, position) VALUES (1, 949, 47);
insert into Citizen (idno, title, firstname, lastname, dateofbirth, gender) VALUES (950, '', 'Groß', 'Thorsten', '1.1.1973.', 'p');
insert into CandidatesData (idno) VALUES (950);
insert into PartyMembership (pid, idno) VALUES (1, 950);
insert into Candidacy (wkid, idno) VALUES (472, 950);
insert into Landeslistenplatz (llid, idno, position) VALUES (3, 950, 9);
insert into Citizen (idno, title, firstname, lastname, dateofbirth, gender) VALUES (951, '', 'Groß', 'Werner', '1.1.1962.', 'p');
insert into CandidatesData (idno) VALUES (951);
insert into PartyMembership (pid, idno) VALUES (2, 951);
insert into Candidacy (wkid, idno) VALUES (512, 951);
insert into Landeslistenplatz (llid, idno, position) VALUES (1, 951, 42);
insert into Citizen (idno, title, firstname, lastname, dateofbirth, gender) VALUES (952, '', 'Große', 'Klaus', '1.1.1953.', 'p');
insert into CandidatesData (idno) VALUES (952);
insert into PartyMembership (pid, idno) VALUES (4, 952);
insert into Candidacy (wkid, idno) VALUES (385, 952);
insert into Landeslistenplatz (llid, idno, position) VALUES (4, 952, 9);
insert into Citizen (idno, title, firstname, lastname, dateofbirth, gender) VALUES (953, '', 'Grosse-Brömer', 'Michael', '1.1.1960.', 'p');
insert into CandidatesData (idno) VALUES (953);
insert into PartyMembership (pid, idno) VALUES (12, 953);
insert into Candidacy (wkid, idno) VALUES (336, 953);
insert into Landeslistenplatz (llid, idno, position) VALUES (12, 953, 7);
insert into Citizen (idno, title, firstname, lastname, dateofbirth, gender) VALUES (954, '', 'Grosser', 'Lüder', '1.1.1973.', 'p');
insert into CandidatesData (idno) VALUES (954);
insert into PartyMembership (pid, idno) VALUES (10, 954);
insert into Candidacy (wkid, idno) VALUES (558, 954);
insert into Landeslistenplatz (llid, idno, position) VALUES (10, 954, 5);
insert into Citizen (idno, title, firstname, lastname, dateofbirth, gender) VALUES (955, '', 'Großhans', 'Heinz', '1.1.1955.', 'p');
insert into CandidatesData (idno) VALUES (955);
insert into PartyMembership (pid, idno) VALUES (6, 955);
insert into Landeslistenplatz (llid, idno, position) VALUES (6, 955, 2);
insert into Citizen (idno, title, firstname, lastname, dateofbirth, gender) VALUES (956, '', 'Großjean', 'Marc', '1.1.1986.', 'p');
insert into CandidatesData (idno) VALUES (956);
insert into PartyMembership (pid, idno) VALUES (7, 956);
insert into Landeslistenplatz (llid, idno, position) VALUES (7, 956, 2);
insert into Citizen (idno, title, firstname, lastname, dateofbirth, gender) VALUES (957, '', 'Grossmann', 'Edward', '1.1.1947.', 'p');
insert into CandidatesData (idno) VALUES (957);
insert into PartyMembership (pid, idno) VALUES (20, 957);
insert into Landeslistenplatz (llid, idno, position) VALUES (19, 957, 6);
insert into Citizen (idno, title, firstname, lastname, dateofbirth, gender) VALUES (958, '', 'Grotelüschen', 'Astrid', '1.1.1964.', 'p');
insert into CandidatesData (idno) VALUES (958);
insert into PartyMembership (pid, idno) VALUES (12, 958);
insert into Candidacy (wkid, idno) VALUES (328, 958);
insert into Landeslistenplatz (llid, idno, position) VALUES (12, 958, 21);
insert into Citizen (idno, title, firstname, lastname, dateofbirth, gender) VALUES (959, '', 'Groth', 'Annette', '1.1.1954.', 'p');
insert into CandidatesData (idno) VALUES (959);
insert into PartyMembership (pid, idno) VALUES (3, 959);
insert into Candidacy (wkid, idno) VALUES (578, 959);
insert into Landeslistenplatz (llid, idno, position) VALUES (2, 959, 5);
insert into Citizen (idno, title, firstname, lastname, dateofbirth, gender) VALUES (960, '', 'Groth', 'Inga', '1.1.1981.', 'p');
insert into CandidatesData (idno) VALUES (960);
insert into PartyMembership (pid, idno) VALUES (12, 960);
insert into Landeslistenplatz (llid, idno, position) VALUES (12, 960, 8);
insert into Citizen (idno, title, firstname, lastname, dateofbirth, gender) VALUES (961, '', 'Grube', 'Andreas', '1.1.1960.', 'p');
insert into CandidatesData (idno) VALUES (961);
insert into Candidacy (wkid, idno) VALUES (489, 961);
insert into Citizen (idno, title, firstname, lastname, dateofbirth, gender) VALUES (962, '', 'Grube', 'Karl-Peter', '1.1.1951.', 'p');
insert into CandidatesData (idno) VALUES (962);
insert into PartyMembership (pid, idno) VALUES (8, 962);
insert into Candidacy (wkid, idno) VALUES (319, 962);
insert into Landeslistenplatz (llid, idno, position) VALUES (8, 962, 7);
insert into Citizen (idno, title, firstname, lastname, dateofbirth, gender) VALUES (963, '', 'Gruber', 'Andreas', '1.1.1946.', 'p');
insert into CandidatesData (idno) VALUES (963);
insert into PartyMembership (pid, idno) VALUES (15, 963);
insert into Landeslistenplatz (llid, idno, position) VALUES (14, 963, 22);
insert into Citizen (idno, title, firstname, lastname, dateofbirth, gender) VALUES (964, '', 'Grübel', 'Markus', '1.1.1959.', 'p');
insert into CandidatesData (idno) VALUES (964);
insert into PartyMembership (pid, idno) VALUES (12, 964);
insert into Candidacy (wkid, idno) VALUES (560, 964);
insert into Citizen (idno, title, firstname, lastname, dateofbirth, gender) VALUES (965, '', 'Gründler', 'Michael Johannes', '1.1.1958.', 'p');
insert into CandidatesData (idno) VALUES (965);
insert into PartyMembership (pid, idno) VALUES (10, 965);
insert into Landeslistenplatz (llid, idno, position) VALUES (10, 965, 7);
insert into Citizen (idno, title, firstname, lastname, dateofbirth, gender) VALUES (966, '', 'Grüning', 'Rolf', '1.1.1959.', 'p');
insert into CandidatesData (idno) VALUES (966);
insert into PartyMembership (pid, idno) VALUES (3, 966);
insert into Candidacy (wkid, idno) VALUES (575, 966);
insert into Citizen (idno, title, firstname, lastname, dateofbirth, gender) VALUES (967, '', 'Grünwedel', 'Holger', '1.1.1958.', 'p');
insert into CandidatesData (idno) VALUES (967);
insert into PartyMembership (pid, idno) VALUES (3, 967);
insert into Candidacy (wkid, idno) VALUES (550, 967);
insert into Citizen (idno, title, firstname, lastname, dateofbirth, gender) VALUES (968, '', 'Grüß', 'Michael', '1.1.1976.', 'p');
insert into CandidatesData (idno) VALUES (968);
insert into PartyMembership (pid, idno) VALUES (21, 968);
insert into Landeslistenplatz (llid, idno, position) VALUES (20, 968, 17);
insert into Citizen (idno, title, firstname, lastname, dateofbirth, gender) VALUES (969, '', 'Grüter', 'Dr. Stefan', '1.1.1954.', 'p');
insert into CandidatesData (idno) VALUES (969);
insert into PartyMembership (pid, idno) VALUES (12, 969);
insert into Landeslistenplatz (llid, idno, position) VALUES (12, 969, 41);
insert into Citizen (idno, title, firstname, lastname, dateofbirth, gender) VALUES (970, '', 'Grütters', 'Prof. Monika', '1.1.1962.', 'p');
insert into CandidatesData (idno) VALUES (970);
insert into PartyMembership (pid, idno) VALUES (12, 970);
insert into Candidacy (wkid, idno) VALUES (385, 970);
insert into Landeslistenplatz (llid, idno, position) VALUES (12, 970, 1);
insert into Citizen (idno, title, firstname, lastname, dateofbirth, gender) VALUES (971, '', 'Grund', 'Manfred', '1.1.1955.', 'p');
insert into CandidatesData (idno) VALUES (971);
insert into PartyMembership (pid, idno) VALUES (12, 971);
insert into Candidacy (wkid, idno) VALUES (488, 971);
insert into Landeslistenplatz (llid, idno, position) VALUES (12, 971, 1);
insert into Citizen (idno, title, firstname, lastname, dateofbirth, gender) VALUES (972, '', 'Grundl', 'Erhard', '1.1.1963.', 'p');
insert into CandidatesData (idno) VALUES (972);
insert into PartyMembership (pid, idno) VALUES (5, 972);
insert into Candidacy (wkid, idno) VALUES (530, 972);
insert into Landeslistenplatz (llid, idno, position) VALUES (5, 972, 20);
insert into Citizen (idno, title, firstname, lastname, dateofbirth, gender) VALUES (973, '', 'Gruß', 'Miriam', '1.1.1975.', 'p');
insert into CandidatesData (idno) VALUES (973);
insert into PartyMembership (pid, idno) VALUES (4, 973);
insert into Candidacy (wkid, idno) VALUES (551, 973);
insert into Landeslistenplatz (llid, idno, position) VALUES (4, 973, 5);
insert into Citizen (idno, title, firstname, lastname, dateofbirth, gender) VALUES (974, '', 'Gudat', 'Helmut', '1.1.1957.', 'p');
insert into CandidatesData (idno) VALUES (974);
insert into PartyMembership (pid, idno) VALUES (1, 974);
insert into Candidacy (wkid, idno) VALUES (389, 974);
insert into Landeslistenplatz (llid, idno, position) VALUES (3, 974, 6);
insert into Citizen (idno, title, firstname, lastname, dateofbirth, gender) VALUES (975, '', 'Gülck', 'Elke', '1.1.1937.', 'p');
insert into CandidatesData (idno) VALUES (975);
insert into PartyMembership (pid, idno) VALUES (11, 975);
insert into Landeslistenplatz (llid, idno, position) VALUES (11, 975, 2);
insert into Citizen (idno, title, firstname, lastname, dateofbirth, gender) VALUES (976, '', 'Günter', 'Tanya-Michelé', '1.1.1969.', 'p');
insert into CandidatesData (idno) VALUES (976);
insert into PartyMembership (pid, idno) VALUES (22, 976);
insert into Landeslistenplatz (llid, idno, position) VALUES (22, 976, 4);
insert into Citizen (idno, title, firstname, lastname, dateofbirth, gender) VALUES (977, '', 'Günther', 'Joachim', '1.1.1948.', 'p');
insert into CandidatesData (idno) VALUES (977);
insert into PartyMembership (pid, idno) VALUES (4, 977);
insert into Candidacy (wkid, idno) VALUES (466, 977);
insert into Landeslistenplatz (llid, idno, position) VALUES (4, 977, 2);
insert into Citizen (idno, title, firstname, lastname, dateofbirth, gender) VALUES (978, '', 'Gür', 'Derya', '1.1.1981.', 'p');
insert into CandidatesData (idno) VALUES (978);
insert into PartyMembership (pid, idno) VALUES (5, 978);
insert into Landeslistenplatz (llid, idno, position) VALUES (5, 978, 21);
insert into Citizen (idno, title, firstname, lastname, dateofbirth, gender) VALUES (979, '', 'Güssgen', 'Achim', '1.1.1957.', 'p');
insert into CandidatesData (idno) VALUES (979);
insert into PartyMembership (pid, idno) VALUES (4, 979);
insert into Candidacy (wkid, idno) VALUES (476, 979);
insert into Landeslistenplatz (llid, idno, position) VALUES (4, 979, 15);
insert into Citizen (idno, title, firstname, lastname, dateofbirth, gender) VALUES (980, '', 'Gujjula', 'Ravindra', '1.1.1954.', 'p');
insert into CandidatesData (idno) VALUES (980);
insert into PartyMembership (pid, idno) VALUES (2, 980);
insert into Candidacy (wkid, idno) VALUES (359, 980);
insert into Landeslistenplatz (llid, idno, position) VALUES (1, 980, 11);
insert into Citizen (idno, title, firstname, lastname, dateofbirth, gender) VALUES (981, '', 'Gumppenberg Freiherr von', 'Dietrich', '1.1.1941.', 'p');
insert into CandidatesData (idno) VALUES (981);
insert into PartyMembership (pid, idno) VALUES (4, 981);
insert into Landeslistenplatz (llid, idno, position) VALUES (4, 981, 37);
insert into Citizen (idno, title, firstname, lastname, dateofbirth, gender) VALUES (982, '', 'Gund', 'Madline', '1.1.1987.', 'p');
insert into CandidatesData (idno) VALUES (982);
insert into PartyMembership (pid, idno) VALUES (12, 982);
insert into Landeslistenplatz (llid, idno, position) VALUES (12, 982, 37);
insert into Citizen (idno, title, firstname, lastname, dateofbirth, gender) VALUES (983, '', 'Gunder', 'Rosemarie', '1.1.1952.', 'p');
insert into CandidatesData (idno) VALUES (983);
insert into PartyMembership (pid, idno) VALUES (5, 983);
insert into Landeslistenplatz (llid, idno, position) VALUES (5, 983, 23);
insert into Citizen (idno, title, firstname, lastname, dateofbirth, gender) VALUES (984, '', 'Gungl', 'Andrea', '1.1.1959.', 'p');
insert into CandidatesData (idno) VALUES (984);
insert into PartyMembership (pid, idno) VALUES (12, 984);
insert into Landeslistenplatz (llid, idno, position) VALUES (12, 984, 42);
insert into Citizen (idno, title, firstname, lastname, dateofbirth, gender) VALUES (985, '', 'Gunkel', 'Wolfgang', '1.1.1947.', 'p');
insert into CandidatesData (idno) VALUES (985);
insert into PartyMembership (pid, idno) VALUES (2, 985);
insert into Candidacy (wkid, idno) VALUES (457, 985);
insert into Landeslistenplatz (llid, idno, position) VALUES (1, 985, 5);
insert into Citizen (idno, title, firstname, lastname, dateofbirth, gender) VALUES (986, '', 'Gutowski', 'Erold', '1.1.1950.', 'p');
insert into CandidatesData (idno) VALUES (986);
insert into PartyMembership (pid, idno) VALUES (19, 986);
insert into Landeslistenplatz (llid, idno, position) VALUES (18, 986, 9);
insert into Citizen (idno, title, firstname, lastname, dateofbirth, gender) VALUES (987, '', 'Gutsche', 'Hermann', '1.1.1954.', 'p');
insert into CandidatesData (idno) VALUES (987);
insert into PartyMembership (pid, idno) VALUES (1, 987);
insert into Candidacy (wkid, idno) VALUES (304, 987);
insert into Landeslistenplatz (llid, idno, position) VALUES (3, 987, 6);
insert into Citizen (idno, title, firstname, lastname, dateofbirth, gender) VALUES (988, '', 'Guttenberg Freiherr von und zu', 'Dr. Karl-Theodor', '1.1.1971.', 'p');
insert into CandidatesData (idno) VALUES (988);
insert into PartyMembership (pid, idno) VALUES (9, 988);
insert into Candidacy (wkid, idno) VALUES (539, 988);
insert into Landeslistenplatz (llid, idno, position) VALUES (9, 988, 3);
insert into Citizen (idno, title, firstname, lastname, dateofbirth, gender) VALUES (989, '', 'Gutting', 'Olav', '1.1.1970.', 'p');
insert into CandidatesData (idno) VALUES (989);
insert into PartyMembership (pid, idno) VALUES (12, 989);
insert into Candidacy (wkid, idno) VALUES (577, 989);
insert into Citizen (idno, title, firstname, lastname, dateofbirth, gender) VALUES (990, '', 'Gysi', 'Dr. Gregor', '1.1.1948.', 'p');
insert into CandidatesData (idno) VALUES (990);
insert into PartyMembership (pid, idno) VALUES (3, 990);
insert into Candidacy (wkid, idno) VALUES (384, 990);
insert into Landeslistenplatz (llid, idno, position) VALUES (2, 990, 1);
insert into Citizen (idno, title, firstname, lastname, dateofbirth, gender) VALUES (991, '', 'Haag', 'Tilo', '1.1.1978.', 'p');
insert into CandidatesData (idno) VALUES (991);
insert into PartyMembership (pid, idno) VALUES (7, 991);
insert into Landeslistenplatz (llid, idno, position) VALUES (7, 991, 5);
insert into Citizen (idno, title, firstname, lastname, dateofbirth, gender) VALUES (992, '', 'Haar', 'Detlef', '1.1.1945.', 'p');
insert into CandidatesData (idno) VALUES (992);
insert into PartyMembership (pid, idno) VALUES (14, 992);
insert into Candidacy (wkid, idno) VALUES (345, 992);
insert into Citizen (idno, title, firstname, lastname, dateofbirth, gender) VALUES (993, '', 'Haase', 'Heiner Joachim', '1.1.1957.', 'p');
insert into CandidatesData (idno) VALUES (993);
insert into PartyMembership (pid, idno) VALUES (5, 993);
insert into Candidacy (wkid, idno) VALUES (334, 993);
insert into Landeslistenplatz (llid, idno, position) VALUES (5, 993, 10);
insert into Citizen (idno, title, firstname, lastname, dateofbirth, gender) VALUES (994, '', 'Haase', 'Stephan', '1.1.1968.', 'p');
insert into CandidatesData (idno) VALUES (994);
insert into PartyMembership (pid, idno) VALUES (1, 994);
insert into Candidacy (wkid, idno) VALUES (449, 994);
insert into Landeslistenplatz (llid, idno, position) VALUES (3, 994, 2);
insert into Citizen (idno, title, firstname, lastname, dateofbirth, gender) VALUES (995, '', 'Habereder', 'Christine', '1.1.1963.', 'p');
insert into CandidatesData (idno) VALUES (995);
insert into PartyMembership (pid, idno) VALUES (20, 995);
insert into Landeslistenplatz (llid, idno, position) VALUES (19, 995, 2);
insert into Citizen (idno, title, firstname, lastname, dateofbirth, gender) VALUES (996, '', 'Habisch', 'Thomas', '1.1.1969.', 'p');
insert into CandidatesData (idno) VALUES (996);
insert into PartyMembership (pid, idno) VALUES (7, 996);
insert into Landeslistenplatz (llid, idno, position) VALUES (7, 996, 3);
insert into Citizen (idno, title, firstname, lastname, dateofbirth, gender) VALUES (997, '', 'Hachenburger', 'Manuel', '1.1.1962.', 'p');
insert into CandidatesData (idno) VALUES (997);
insert into Candidacy (wkid, idno) VALUES (476, 997);
insert into Citizen (idno, title, firstname, lastname, dateofbirth, gender) VALUES (998, '', 'Hackenbruch', 'Tino', '1.1.1977.', 'p');
insert into CandidatesData (idno) VALUES (998);
insert into PartyMembership (pid, idno) VALUES (12, 998);
insert into Landeslistenplatz (llid, idno, position) VALUES (12, 998, 17);
insert into Citizen (idno, title, firstname, lastname, dateofbirth, gender) VALUES (999, '', 'Hacker', 'Hans-Joachim', '1.1.1949.', 'p');
insert into CandidatesData (idno) VALUES (999);
insert into PartyMembership (pid, idno) VALUES (2, 999);
insert into Candidacy (wkid, idno) VALUES (312, 999);
insert into Landeslistenplatz (llid, idno, position) VALUES (1, 999, 1);
insert into Citizen (idno, title, firstname, lastname, dateofbirth, gender) VALUES (1000, '', 'Hackl', 'Maria', '1.1.1956.', 'p');
insert into CandidatesData (idno) VALUES (1000);
insert into PartyMembership (pid, idno) VALUES (2, 1000);
insert into Candidacy (wkid, idno) VALUES (552, 1000);
insert into Landeslistenplatz (llid, idno, position) VALUES (1, 1000, 32);
insert into Citizen (idno, title, firstname, lastname, dateofbirth, gender) VALUES (1001, '', 'Häggberg', 'Verena', '1.1.1973.', 'p');
insert into CandidatesData (idno) VALUES (1001);
insert into PartyMembership (pid, idno) VALUES (8, 1001);
insert into Landeslistenplatz (llid, idno, position) VALUES (8, 1001, 2);
insert into Citizen (idno, title, firstname, lastname, dateofbirth, gender) VALUES (1002, '', 'Hähnel', 'Jörg', '1.1.1975.', 'p');
insert into CandidatesData (idno) VALUES (1002);
insert into PartyMembership (pid, idno) VALUES (1, 1002);
insert into Candidacy (wkid, idno) VALUES (376, 1002);
insert into Landeslistenplatz (llid, idno, position) VALUES (3, 1002, 2);
insert into Citizen (idno, title, firstname, lastname, dateofbirth, gender) VALUES (1003, '', 'Hähnel', 'Stella', '1.1.1972.', 'p');
insert into CandidatesData (idno) VALUES (1003);
insert into PartyMembership (pid, idno) VALUES (1, 1003);
insert into Candidacy (wkid, idno) VALUES (362, 1003);
insert into Citizen (idno, title, firstname, lastname, dateofbirth, gender) VALUES (1004, '', 'Hähner', 'Andrea', '1.1.1961.', 'p');
insert into CandidatesData (idno) VALUES (1004);
insert into PartyMembership (pid, idno) VALUES (13, 1004);
insert into Landeslistenplatz (llid, idno, position) VALUES (13, 1004, 3);
insert into Citizen (idno, title, firstname, lastname, dateofbirth, gender) VALUES (1005, '', 'Haemer', 'Günter', '1.1.1940.', 'p');
insert into CandidatesData (idno) VALUES (1005);
insert into PartyMembership (pid, idno) VALUES (19, 1005);
insert into Landeslistenplatz (llid, idno, position) VALUES (18, 1005, 3);
insert into Citizen (idno, title, firstname, lastname, dateofbirth, gender) VALUES (1006, '', 'Hänsch', 'Lothar', '1.1.1949.', 'p');
insert into CandidatesData (idno) VALUES (1006);
insert into PartyMembership (pid, idno) VALUES (4, 1006);
insert into Candidacy (wkid, idno) VALUES (318, 1006);
insert into Landeslistenplatz (llid, idno, position) VALUES (4, 1006, 8);
insert into Citizen (idno, title, firstname, lastname, dateofbirth, gender) VALUES (1007, '', 'Hänsel', 'Heike', '1.1.1966.', 'p');
insert into CandidatesData (idno) VALUES (1007);
insert into PartyMembership (pid, idno) VALUES (3, 1007);
insert into Candidacy (wkid, idno) VALUES (589, 1007);
insert into Landeslistenplatz (llid, idno, position) VALUES (2, 1007, 2);
insert into Citizen (idno, title, firstname, lastname, dateofbirth, gender) VALUES (1008, '', 'Härle', 'Siegfried', '1.1.1935.', 'p');
insert into CandidatesData (idno) VALUES (1008);
insert into PartyMembership (pid, idno) VALUES (1, 1008);
insert into Candidacy (wkid, idno) VALUES (591, 1008);
insert into Citizen (idno, title, firstname, lastname, dateofbirth, gender) VALUES (1009, '', 'Haerting', 'Dr. Gesine', '1.1.1958.', 'p');
insert into CandidatesData (idno) VALUES (1009);
insert into PartyMembership (pid, idno) VALUES (5, 1009);
insert into Candidacy (wkid, idno) VALUES (374, 1009);
insert into Citizen (idno, title, firstname, lastname, dateofbirth, gender) VALUES (1010, '', 'Häse', 'Jenny', '1.1.1987.', 'p');
insert into CandidatesData (idno) VALUES (1010);
insert into PartyMembership (pid, idno) VALUES (10, 1010);
insert into Landeslistenplatz (llid, idno, position) VALUES (10, 1010, 2);
insert into Citizen (idno, title, firstname, lastname, dateofbirth, gender) VALUES (1011, '', 'Haese', 'Peter Joachim Bruno', '1.1.1937.', 'p');
insert into CandidatesData (idno) VALUES (1011);
insert into PartyMembership (pid, idno) VALUES (1, 1011);
insert into Candidacy (wkid, idno) VALUES (529, 1011);
insert into Citizen (idno, title, firstname, lastname, dateofbirth, gender) VALUES (1012, '', 'Haese', 'Reinhard Gerd-Jürgen', '1.1.1948.', 'p');
insert into CandidatesData (idno) VALUES (1012);
insert into PartyMembership (pid, idno) VALUES (19, 1012);
insert into Landeslistenplatz (llid, idno, position) VALUES (18, 1012, 1);
insert into Citizen (idno, title, firstname, lastname, dateofbirth, gender) VALUES (1013, '', 'Häßler', 'Markus', '1.1.1983.', 'p');
insert into CandidatesData (idno) VALUES (1013);
insert into Candidacy (wkid, idno) VALUES (537, 1013);
insert into Citizen (idno, title, firstname, lastname, dateofbirth, gender) VALUES (1014, '', 'Häupl', 'Gotthard Lothar', '1.1.1949.', 'p');
insert into CandidatesData (idno) VALUES (1014);
insert into Candidacy (wkid, idno) VALUES (459, 1014);
insert into Citizen (idno, title, firstname, lastname, dateofbirth, gender) VALUES (1015, '', 'Hagedorn', 'Angelika Jutta', '1.1.1957.', 'p');
insert into CandidatesData (idno) VALUES (1015);
insert into PartyMembership (pid, idno) VALUES (22, 1015);
insert into Landeslistenplatz (llid, idno, position) VALUES (22, 1015, 6);
insert into Citizen (idno, title, firstname, lastname, dateofbirth, gender) VALUES (1016, '', 'Hagedorn', 'Bettina', '1.1.1955.', 'p');
insert into CandidatesData (idno) VALUES (1016);
insert into PartyMembership (pid, idno) VALUES (2, 1016);
insert into Candidacy (wkid, idno) VALUES (308, 1016);
insert into Landeslistenplatz (llid, idno, position) VALUES (1, 1016, 2);
insert into Citizen (idno, title, firstname, lastname, dateofbirth, gender) VALUES (1017, '', 'Hagelstein', 'Gene', '1.1.1967.', 'p');
insert into CandidatesData (idno) VALUES (1017);
insert into PartyMembership (pid, idno) VALUES (2, 1017);
insert into Landeslistenplatz (llid, idno, position) VALUES (1, 1017, 21);
insert into Citizen (idno, title, firstname, lastname, dateofbirth, gender) VALUES (1018, '', 'Hagemann', 'Klaus', '1.1.1947.', 'p');
insert into CandidatesData (idno) VALUES (1018);
insert into PartyMembership (pid, idno) VALUES (2, 1018);
insert into Candidacy (wkid, idno) VALUES (506, 1018);
insert into Landeslistenplatz (llid, idno, position) VALUES (1, 1018, 9);
insert into Citizen (idno, title, firstname, lastname, dateofbirth, gender) VALUES (1019, '', 'Hagen', 'Heide', '1.1.1956.', 'p');
insert into CandidatesData (idno) VALUES (1019);
insert into PartyMembership (pid, idno) VALUES (7, 1019);
insert into Landeslistenplatz (llid, idno, position) VALUES (7, 1019, 2);
insert into Citizen (idno, title, firstname, lastname, dateofbirth, gender) VALUES (1020, '', 'Hager', 'Jörg', '1.1.1980.', 'p');
insert into CandidatesData (idno) VALUES (1020);
insert into PartyMembership (pid, idno) VALUES (1, 1020);
insert into Landeslistenplatz (llid, idno, position) VALUES (3, 1020, 9);
insert into Citizen (idno, title, firstname, lastname, dateofbirth, gender) VALUES (1021, '', 'Hager-Dietel', 'Ina', '1.1.1959.', 'p');
insert into CandidatesData (idno) VALUES (1021);
insert into PartyMembership (pid, idno) VALUES (9, 1021);
insert into Landeslistenplatz (llid, idno, position) VALUES (9, 1021, 46);
insert into Citizen (idno, title, firstname, lastname, dateofbirth, gender) VALUES (1022, '', 'Hagl', 'Rita', '1.1.1970.', 'p');
insert into CandidatesData (idno) VALUES (1022);
insert into PartyMembership (pid, idno) VALUES (2, 1022);
insert into Candidacy (wkid, idno) VALUES (526, 1022);
insert into Landeslistenplatz (llid, idno, position) VALUES (1, 1022, 34);
insert into Citizen (idno, title, firstname, lastname, dateofbirth, gender) VALUES (1023, '', 'Hahn', 'Florian', '1.1.1974.', 'p');
insert into CandidatesData (idno) VALUES (1023);
insert into PartyMembership (pid, idno) VALUES (9, 1023);
insert into Candidacy (wkid, idno) VALUES (521, 1023);
insert into Landeslistenplatz (llid, idno, position) VALUES (9, 1023, 33);
insert into Citizen (idno, title, firstname, lastname, dateofbirth, gender) VALUES (1024, '', 'Hahn', 'Michael', '1.1.1970.', 'p');
insert into CandidatesData (idno) VALUES (1024);
insert into PartyMembership (pid, idno) VALUES (1, 1024);
insert into Candidacy (wkid, idno) VALUES (353, 1024);
insert into Landeslistenplatz (llid, idno, position) VALUES (3, 1024, 7);
insert into Citizen (idno, title, firstname, lastname, dateofbirth, gender) VALUES (1025, '', 'Haibach', 'Holger-Heinrich', '1.1.1971.', 'p');
insert into CandidatesData (idno) VALUES (1025);
insert into PartyMembership (pid, idno) VALUES (12, 1025);
insert into Candidacy (wkid, idno) VALUES (475, 1025);
insert into Landeslistenplatz (llid, idno, position) VALUES (12, 1025, 17);
insert into Citizen (idno, title, firstname, lastname, dateofbirth, gender) VALUES (1026, '', 'Hakverdi', 'Metin', '1.1.1969.', 'p');
insert into CandidatesData (idno) VALUES (1026);
insert into PartyMembership (pid, idno) VALUES (2, 1026);
insert into Landeslistenplatz (llid, idno, position) VALUES (1, 1026, 10);
insert into Citizen (idno, title, firstname, lastname, dateofbirth, gender) VALUES (1027, '', 'Halbroth', 'Fredy', '1.1.1953.', 'p');
insert into CandidatesData (idno) VALUES (1027);
insert into PartyMembership (pid, idno) VALUES (19, 1027);
insert into Landeslistenplatz (llid, idno, position) VALUES (18, 1027, 10);
insert into Citizen (idno, title, firstname, lastname, dateofbirth, gender) VALUES (1028, '', 'Haliti', 'Marcel', '1.1.1983.', 'p');
insert into CandidatesData (idno) VALUES (1028);
insert into PartyMembership (pid, idno) VALUES (1, 1028);
insert into Candidacy (wkid, idno) VALUES (418, 1028);
insert into Citizen (idno, title, firstname, lastname, dateofbirth, gender) VALUES (1029, '', 'Hall', 'Alexandra', '1.1.1972.', 'p');
insert into CandidatesData (idno) VALUES (1029);
insert into PartyMembership (pid, idno) VALUES (28, 1029);
insert into LandesListe (llid, year, pid, fsid) VALUES (27, 2009, 28, 4);
insert into Landeslistenplatz (llid, idno, position) VALUES (27, 1029, 3);
insert into Citizen (idno, title, firstname, lastname, dateofbirth, gender) VALUES (1030, '', 'Haller', 'Ingo', '1.1.1972.', 'p');
insert into CandidatesData (idno) VALUES (1030);
insert into PartyMembership (pid, idno) VALUES (1, 1030);
insert into Candidacy (wkid, idno) VALUES (390, 1030);
insert into Citizen (idno, title, firstname, lastname, dateofbirth, gender) VALUES (1031, '', 'Halmanns', 'Matthias', '1.1.1981.', 'p');
insert into CandidatesData (idno) VALUES (1031);
insert into PartyMembership (pid, idno) VALUES (1, 1031);
insert into Candidacy (wkid, idno) VALUES (414, 1031);
insert into Citizen (idno, title, firstname, lastname, dateofbirth, gender) VALUES (1032, '', 'Haltaufderheide', 'Karen', '1.1.1960.', 'p');
insert into CandidatesData (idno) VALUES (1032);
insert into PartyMembership (pid, idno) VALUES (5, 1032);
insert into Candidacy (wkid, idno) VALUES (438, 1032);
insert into Landeslistenplatz (llid, idno, position) VALUES (5, 1032, 19);
insert into Citizen (idno, title, firstname, lastname, dateofbirth, gender) VALUES (1033, '', 'Hamacher', 'Ralf', '1.1.1962.', 'p');
insert into CandidatesData (idno) VALUES (1033);
insert into PartyMembership (pid, idno) VALUES (22, 1033);
insert into Landeslistenplatz (llid, idno, position) VALUES (22, 1033, 8);
insert into Citizen (idno, title, firstname, lastname, dateofbirth, gender) VALUES (1034, '', 'Hamisch', 'Enrico', '1.1.1974.', 'p');
insert into CandidatesData (idno) VALUES (1034);
insert into PartyMembership (pid, idno) VALUES (1, 1034);
insert into Landeslistenplatz (llid, idno, position) VALUES (3, 1034, 8);
insert into Citizen (idno, title, firstname, lastname, dateofbirth, gender) VALUES (1035, '', 'Hammer', 'Sandro', '1.1.1974.', 'p');
insert into CandidatesData (idno) VALUES (1035);
insert into PartyMembership (pid, idno) VALUES (3, 1035);
insert into Candidacy (wkid, idno) VALUES (534, 1035);
insert into Landeslistenplatz (llid, idno, position) VALUES (2, 1035, 26);
insert into Citizen (idno, title, firstname, lastname, dateofbirth, gender) VALUES (1036, '', 'Hanke', 'Tim', '1.1.1979.', 'p');
insert into CandidatesData (idno) VALUES (1036);
insert into PartyMembership (pid, idno) VALUES (12, 1036);
insert into Landeslistenplatz (llid, idno, position) VALUES (12, 1036, 17);
insert into Citizen (idno, title, firstname, lastname, dateofbirth, gender) VALUES (1037, '', 'Hannemann-Röttgers', 'Brigit Susanne', '1.1.1961.', 'p');
insert into CandidatesData (idno) VALUES (1037);
insert into PartyMembership (pid, idno) VALUES (2, 1037);
insert into Landeslistenplatz (llid, idno, position) VALUES (1, 1037, 16);
insert into Citizen (idno, title, firstname, lastname, dateofbirth, gender) VALUES (1038, '', 'Happach-Kasan', 'Dr. Christel', '1.1.1950.', 'p');
insert into CandidatesData (idno) VALUES (1038);
insert into PartyMembership (pid, idno) VALUES (4, 1038);
insert into Candidacy (wkid, idno) VALUES (309, 1038);
insert into Landeslistenplatz (llid, idno, position) VALUES (4, 1038, 2);
insert into Citizen (idno, title, firstname, lastname, dateofbirth, gender) VALUES (1039, '', 'Harbarth', 'Dr. Stephan', '1.1.1971.', 'p');
insert into CandidatesData (idno) VALUES (1039);
insert into PartyMembership (pid, idno) VALUES (12, 1039);
insert into Candidacy (wkid, idno) VALUES (576, 1039);
insert into Citizen (idno, title, firstname, lastname, dateofbirth, gender) VALUES (1040, '', 'Hardt', 'Jürgen', '1.1.1963.', 'p');
insert into CandidatesData (idno) VALUES (1040);
insert into PartyMembership (pid, idno) VALUES (12, 1040);
insert into Candidacy (wkid, idno) VALUES (403, 1040);
insert into Landeslistenplatz (llid, idno, position) VALUES (12, 1040, 48);
insert into Citizen (idno, title, firstname, lastname, dateofbirth, gender) VALUES (1041, '', 'Harf', 'Oliver', '1.1.1972.', 'p');
insert into CandidatesData (idno) VALUES (1041);
insert into PartyMembership (pid, idno) VALUES (1, 1041);
insert into Candidacy (wkid, idno) VALUES (387, 1041);
insert into Citizen (idno, title, firstname, lastname, dateofbirth, gender) VALUES (1042, '', 'Harting', 'Burkhard', '1.1.1962.', 'p');
insert into CandidatesData (idno) VALUES (1042);
insert into PartyMembership (pid, idno) VALUES (28, 1042);
insert into Landeslistenplatz (llid, idno, position) VALUES (27, 1042, 5);
insert into Citizen (idno, title, firstname, lastname, dateofbirth, gender) VALUES (1043, '', 'Hartmann', 'Alexander', '1.1.1961.', 'p');
insert into CandidatesData (idno) VALUES (1043);
insert into PartyMembership (pid, idno) VALUES (10, 1043);
insert into Candidacy (wkid, idno) VALUES (478, 1043);
insert into Landeslistenplatz (llid, idno, position) VALUES (10, 1043, 1);
insert into Citizen (idno, title, firstname, lastname, dateofbirth, gender) VALUES (1044, '', 'Hartmann', 'Birgit', '1.1.1960.', 'p');
insert into CandidatesData (idno) VALUES (1044);
insert into PartyMembership (pid, idno) VALUES (15, 1044);
insert into Landeslistenplatz (llid, idno, position) VALUES (14, 1044, 23);
insert into Citizen (idno, title, firstname, lastname, dateofbirth, gender) VALUES (1045, '', 'Hartmann', 'Detlef', '1.1.1959.', 'p');
insert into CandidatesData (idno) VALUES (1045);
insert into PartyMembership (pid, idno) VALUES (1, 1045);
insert into Candidacy (wkid, idno) VALUES (403, 1045);
insert into Citizen (idno, title, firstname, lastname, dateofbirth, gender) VALUES (1046, '', 'Hartmann', 'Esther', '1.1.1955.', 'p');
insert into CandidatesData (idno) VALUES (1046);
insert into PartyMembership (pid, idno) VALUES (3, 1046);
insert into Candidacy (wkid, idno) VALUES (305, 1046);
insert into Landeslistenplatz (llid, idno, position) VALUES (2, 1046, 3);
insert into Citizen (idno, title, firstname, lastname, dateofbirth, gender) VALUES (1047, '', 'Hartmann', 'Georg', '1.1.1936.', 'p');
insert into CandidatesData (idno) VALUES (1047);
insert into PartyMembership (pid, idno) VALUES (1, 1047);
insert into Candidacy (wkid, idno) VALUES (486, 1047);
insert into Landeslistenplatz (llid, idno, position) VALUES (3, 1047, 8);
insert into Citizen (idno, title, firstname, lastname, dateofbirth, gender) VALUES (1048, '', 'Hartmann', 'Günther', '1.1.1965.', 'p');
insert into CandidatesData (idno) VALUES (1048);
insert into PartyMembership (pid, idno) VALUES (8, 1048);
insert into Candidacy (wkid, idno) VALUES (518, 1048);
insert into Landeslistenplatz (llid, idno, position) VALUES (8, 1048, 19);
insert into Citizen (idno, title, firstname, lastname, dateofbirth, gender) VALUES (1049, '', 'Hartmann', 'Maria', '1.1.1955.', 'p');
insert into CandidatesData (idno) VALUES (1049);
insert into PartyMembership (pid, idno) VALUES (22, 1049);
insert into Landeslistenplatz (llid, idno, position) VALUES (22, 1049, 1);
insert into Citizen (idno, title, firstname, lastname, dateofbirth, gender) VALUES (1050, '', 'Hartmann', 'Michael', '1.1.1963.', 'p');
insert into CandidatesData (idno) VALUES (1050);
insert into PartyMembership (pid, idno) VALUES (2, 1050);
insert into Candidacy (wkid, idno) VALUES (505, 1050);
insert into Landeslistenplatz (llid, idno, position) VALUES (1, 1050, 2);
insert into Citizen (idno, title, firstname, lastname, dateofbirth, gender) VALUES (1051, '', 'Hartmann', 'Simon', '1.1.1977.', 'p');
insert into CandidatesData (idno) VALUES (1051);
insert into PartyMembership (pid, idno) VALUES (2, 1051);
insert into Landeslistenplatz (llid, idno, position) VALUES (1, 1051, 37);
insert into Citizen (idno, title, firstname, lastname, dateofbirth, gender) VALUES (1052, '', 'Hartmann', 'Thomas', '1.1.1963.', 'p');
insert into CandidatesData (idno) VALUES (1052);
insert into PartyMembership (pid, idno) VALUES (5, 1052);
insert into Candidacy (wkid, idno) VALUES (555, 1052);
insert into Citizen (idno, title, firstname, lastname, dateofbirth, gender) VALUES (1053, '', 'Hartmann', 'Uwe', '1.1.1963.', 'p');
insert into CandidatesData (idno) VALUES (1053);
insert into PartyMembership (pid, idno) VALUES (15, 1053);
insert into Landeslistenplatz (llid, idno, position) VALUES (14, 1053, 2);
insert into Citizen (idno, title, firstname, lastname, dateofbirth, gender) VALUES (1054, '', 'Hartmann-Bastert', 'Sabine', '1.1.1974.', 'p');
insert into CandidatesData (idno) VALUES (1054);
insert into PartyMembership (pid, idno) VALUES (12, 1054);
insert into Landeslistenplatz (llid, idno, position) VALUES (12, 1054, 44);
insert into Citizen (idno, title, firstname, lastname, dateofbirth, gender) VALUES (1055, '', 'Hartwig', 'Frank', '1.1.1960.', 'p');
insert into CandidatesData (idno) VALUES (1055);
insert into PartyMembership (pid, idno) VALUES (1, 1055);
insert into Candidacy (wkid, idno) VALUES (554, 1055);
insert into Citizen (idno, title, firstname, lastname, dateofbirth, gender) VALUES (1056, '', 'Hartwig', 'Karin', '1.1.1960.', 'p');
insert into CandidatesData (idno) VALUES (1056);
insert into PartyMembership (pid, idno) VALUES (1, 1056);
insert into Candidacy (wkid, idno) VALUES (552, 1056);
insert into Citizen (idno, title, firstname, lastname, dateofbirth, gender) VALUES (1057, '', 'Hasenjäger', 'Agnes', '1.1.1950.', 'p');
insert into CandidatesData (idno) VALUES (1057);
insert into PartyMembership (pid, idno) VALUES (3, 1057);
insert into Landeslistenplatz (llid, idno, position) VALUES (2, 1057, 11);
insert into Citizen (idno, title, firstname, lastname, dateofbirth, gender) VALUES (1058, '', 'Hassel', 'Dagmar', '1.1.1958.', 'p');
insert into CandidatesData (idno) VALUES (1058);
insert into PartyMembership (pid, idno) VALUES (12, 1058);
insert into Landeslistenplatz (llid, idno, position) VALUES (12, 1058, 18);
insert into Citizen (idno, title, firstname, lastname, dateofbirth, gender) VALUES (1059, '', 'Hassel-Reusing', 'Sarah Luzia', '1.1.1961.', 'p');
insert into CandidatesData (idno) VALUES (1059);
insert into PartyMembership (pid, idno) VALUES (8, 1059);
insert into Landeslistenplatz (llid, idno, position) VALUES (8, 1059, 12);
insert into Citizen (idno, title, firstname, lastname, dateofbirth, gender) VALUES (1060, '', 'Hasselbach', 'Philipp Maximilian', '1.1.1987.', 'p');
insert into CandidatesData (idno) VALUES (1060);
insert into PartyMembership (pid, idno) VALUES (1, 1060);
insert into Candidacy (wkid, idno) VALUES (521, 1060);
insert into Citizen (idno, title, firstname, lastname, dateofbirth, gender) VALUES (1061, '', 'Hasselfeldt', 'Gerda', '1.1.1950.', 'p');
insert into CandidatesData (idno) VALUES (1061);
insert into PartyMembership (pid, idno) VALUES (9, 1061);
insert into Candidacy (wkid, idno) VALUES (515, 1061);
insert into Landeslistenplatz (llid, idno, position) VALUES (9, 1061, 2);
insert into Citizen (idno, title, firstname, lastname, dateofbirth, gender) VALUES (1062, '', 'Haßelmann', 'Britta', '1.1.1961.', 'p');
insert into CandidatesData (idno) VALUES (1062);
insert into PartyMembership (pid, idno) VALUES (5, 1062);
insert into Candidacy (wkid, idno) VALUES (432, 1062);
insert into Landeslistenplatz (llid, idno, position) VALUES (5, 1062, 3);
insert into Citizen (idno, title, firstname, lastname, dateofbirth, gender) VALUES (1063, '', 'Haßler', 'Florian', '1.1.1977.', 'p');
insert into CandidatesData (idno) VALUES (1063);
insert into PartyMembership (pid, idno) VALUES (5, 1063);
insert into Candidacy (wkid, idno) VALUES (559, 1063);
insert into Landeslistenplatz (llid, idno, position) VALUES (5, 1063, 14);
insert into Citizen (idno, title, firstname, lastname, dateofbirth, gender) VALUES (1064, '', 'Hassler', 'Jörgen Michael', '1.1.1983.', 'p');
insert into CandidatesData (idno) VALUES (1064);
insert into PartyMembership (pid, idno) VALUES (2, 1064);
insert into Landeslistenplatz (llid, idno, position) VALUES (1, 1064, 15);
insert into Citizen (idno, title, firstname, lastname, dateofbirth, gender) VALUES (1065, '', 'Hauck', 'Marc', '1.1.1978.', 'p');
insert into CandidatesData (idno) VALUES (1065);
insert into PartyMembership (pid, idno) VALUES (4, 1065);
insert into Landeslistenplatz (llid, idno, position) VALUES (4, 1065, 28);
insert into Citizen (idno, title, firstname, lastname, dateofbirth, gender) VALUES (1066, '', 'Hauck', 'Michael', '1.1.1970.', 'p');
insert into CandidatesData (idno) VALUES (1066);
insert into PartyMembership (pid, idno) VALUES (5, 1066);
insert into Candidacy (wkid, idno) VALUES (543, 1066);
insert into Citizen (idno, title, firstname, lastname, dateofbirth, gender) VALUES (1067, '', 'Hauck', 'Norbert', '1.1.1949.', 'p');
insert into CandidatesData (idno) VALUES (1067);
insert into PartyMembership (pid, idno) VALUES (19, 1067);
insert into Landeslistenplatz (llid, idno, position) VALUES (18, 1067, 1);
insert into Citizen (idno, title, firstname, lastname, dateofbirth, gender) VALUES (1068, '', 'Hauenschild', 'Rainer', '1.1.1968.', 'p');
insert into CandidatesData (idno) VALUES (1068);
insert into PartyMembership (pid, idno) VALUES (3, 1068);
insert into Candidacy (wkid, idno) VALUES (560, 1068);
insert into Citizen (idno, title, firstname, lastname, dateofbirth, gender) VALUES (1069, '', 'Hauer', 'Matthias', '1.1.1977.', 'p');
insert into CandidatesData (idno) VALUES (1069);
insert into PartyMembership (pid, idno) VALUES (12, 1069);
insert into Candidacy (wkid, idno) VALUES (420, 1069);
insert into Landeslistenplatz (llid, idno, position) VALUES (12, 1069, 46);
insert into Citizen (idno, title, firstname, lastname, dateofbirth, gender) VALUES (1070, '', 'Hauer', 'Nina', '1.1.1968.', 'p');
insert into CandidatesData (idno) VALUES (1070);
insert into PartyMembership (pid, idno) VALUES (2, 1070);
insert into Candidacy (wkid, idno) VALUES (476, 1070);
insert into Landeslistenplatz (llid, idno, position) VALUES (1, 1070, 11);
insert into Citizen (idno, title, firstname, lastname, dateofbirth, gender) VALUES (1071, '', 'Haug', 'Stefan', '1.1.1958.', 'p');
insert into CandidatesData (idno) VALUES (1071);
insert into PartyMembership (pid, idno) VALUES (5, 1071);
insert into Candidacy (wkid, idno) VALUES (529, 1071);
insert into Citizen (idno, title, firstname, lastname, dateofbirth, gender) VALUES (1072, '', 'Haugg', 'Friedrich', '1.1.1969.', 'p');
insert into CandidatesData (idno) VALUES (1072);
insert into PartyMembership (pid, idno) VALUES (4, 1072);
insert into Landeslistenplatz (llid, idno, position) VALUES (4, 1072, 28);
insert into Citizen (idno, title, firstname, lastname, dateofbirth, gender) VALUES (1073, '', 'Hauptstein', 'Gabriele', '1.1.1960.', 'p');
insert into CandidatesData (idno) VALUES (1073);
insert into PartyMembership (pid, idno) VALUES (4, 1073);
insert into Candidacy (wkid, idno) VALUES (366, 1073);
insert into Landeslistenplatz (llid, idno, position) VALUES (4, 1073, 4);
insert into Citizen (idno, title, firstname, lastname, dateofbirth, gender) VALUES (1074, '', 'Haustein', 'Heinz-Peter', '1.1.1954.', 'p');
insert into CandidatesData (idno) VALUES (1074);
insert into PartyMembership (pid, idno) VALUES (4, 1074);
insert into Candidacy (wkid, idno) VALUES (464, 1074);
insert into Landeslistenplatz (llid, idno, position) VALUES (4, 1074, 3);
insert into Citizen (idno, title, firstname, lastname, dateofbirth, gender) VALUES (1075, '', 'Haverlandt', 'Sven-Gunnar', '1.1.1978.', 'p');
insert into CandidatesData (idno) VALUES (1075);
insert into PartyMembership (pid, idno) VALUES (1, 1075);
insert into Landeslistenplatz (llid, idno, position) VALUES (3, 1075, 5);
insert into Citizen (idno, title, firstname, lastname, dateofbirth, gender) VALUES (1076, '', 'Hebach', 'Maria-Anna', '1.1.1946.', 'p');
insert into CandidatesData (idno) VALUES (1076);
insert into PartyMembership (pid, idno) VALUES (20, 1076);
insert into Landeslistenplatz (llid, idno, position) VALUES (19, 1076, 5);
insert into Citizen (idno, title, firstname, lastname, dateofbirth, gender) VALUES (1077, '', 'Heck', 'Stefan', '1.1.1982.', 'p');
insert into CandidatesData (idno) VALUES (1077);
insert into PartyMembership (pid, idno) VALUES (12, 1077);
insert into Candidacy (wkid, idno) VALUES (471, 1077);
insert into Landeslistenplatz (llid, idno, position) VALUES (12, 1077, 19);
insert into Citizen (idno, title, firstname, lastname, dateofbirth, gender) VALUES (1078, '', 'Heer', 'Doris', '1.1.1949.', 'p');
insert into CandidatesData (idno) VALUES (1078);
insert into PartyMembership (pid, idno) VALUES (3, 1078);
insert into Landeslistenplatz (llid, idno, position) VALUES (2, 1078, 17);
insert into Citizen (idno, title, firstname, lastname, dateofbirth, gender) VALUES (1079, '', 'Heerwald', 'Lutz', '1.1.1960.', 'p');
insert into CandidatesData (idno) VALUES (1079);
insert into PartyMembership (pid, idno) VALUES (13, 1079);
insert into Landeslistenplatz (llid, idno, position) VALUES (13, 1079, 2);
insert into Citizen (idno, title, firstname, lastname, dateofbirth, gender) VALUES (1080, '', 'Hegendörfer', 'Brigitte', '1.1.1955.', 'p');
insert into CandidatesData (idno) VALUES (1080);
insert into PartyMembership (pid, idno) VALUES (9, 1080);
insert into Landeslistenplatz (llid, idno, position) VALUES (9, 1080, 47);
insert into Citizen (idno, title, firstname, lastname, dateofbirth, gender) VALUES (1081, '', 'Hegener', 'Ute', '1.1.1955.', 'p');
insert into CandidatesData (idno) VALUES (1081);
insert into PartyMembership (pid, idno) VALUES (5, 1081);
insert into Candidacy (wkid, idno) VALUES (419, 1081);
insert into Citizen (idno, title, firstname, lastname, dateofbirth, gender) VALUES (1082, '', 'Hegewald', 'Reinhard', '1.1.1964.', 'p');
insert into CandidatesData (idno) VALUES (1082);
insert into PartyMembership (pid, idno) VALUES (12, 1082);
insert into Candidacy (wkid, idno) VALUES (324, 1082);
insert into Landeslistenplatz (llid, idno, position) VALUES (12, 1082, 22);
insert into Citizen (idno, title, firstname, lastname, dateofbirth, gender) VALUES (1083, '', 'Heidbüchel', 'Silvio', '1.1.1988.', 'p');
insert into CandidatesData (idno) VALUES (1083);
insert into PartyMembership (pid, idno) VALUES (3, 1083);
insert into Candidacy (wkid, idno) VALUES (552, 1083);
insert into Landeslistenplatz (llid, idno, position) VALUES (2, 1083, 20);
insert into Citizen (idno, title, firstname, lastname, dateofbirth, gender) VALUES (1084, '', 'Heidemann', 'Wilfried Bernd Jürgen', '1.1.1939.', 'p');
insert into CandidatesData (idno) VALUES (1084);
insert into PartyMembership (pid, idno) VALUES (14, 1084);
insert into Landeslistenplatz (llid, idno, position) VALUES (21, 1084, 3);
insert into Citizen (idno, title, firstname, lastname, dateofbirth, gender) VALUES (1085, '', 'Heider', 'Dr. Matthias', '1.1.1966.', 'p');
insert into CandidatesData (idno) VALUES (1085);
insert into PartyMembership (pid, idno) VALUES (12, 1085);
insert into Candidacy (wkid, idno) VALUES (449, 1085);
insert into Citizen (idno, title, firstname, lastname, dateofbirth, gender) VALUES (1086, '', 'Heiderich', 'Helmut', '1.1.1949.', 'p');
insert into CandidatesData (idno) VALUES (1086);
insert into PartyMembership (pid, idno) VALUES (12, 1086);
insert into Candidacy (wkid, idno) VALUES (469, 1086);
insert into Landeslistenplatz (llid, idno, position) VALUES (12, 1086, 15);
insert into Citizen (idno, title, firstname, lastname, dateofbirth, gender) VALUES (1087, '', 'Heike', 'Anny', '1.1.1948.', 'p');
insert into CandidatesData (idno) VALUES (1087);
insert into PartyMembership (pid, idno) VALUES (3, 1087);
insert into Candidacy (wkid, idno) VALUES (542, 1087);
insert into Citizen (idno, title, firstname, lastname, dateofbirth, gender) VALUES (1088, '', 'Heil', 'Hubertus', '1.1.1972.', 'p');
insert into CandidatesData (idno) VALUES (1088);
insert into PartyMembership (pid, idno) VALUES (2, 1088);
insert into Candidacy (wkid, idno) VALUES (345, 1088);
insert into Landeslistenplatz (llid, idno, position) VALUES (1, 1088, 3);
insert into Citizen (idno, title, firstname, lastname, dateofbirth, gender) VALUES (1089, '', 'Heil', 'Mechthild', '1.1.1961.', 'p');
insert into CandidatesData (idno) VALUES (1089);
insert into PartyMembership (pid, idno) VALUES (12, 1089);
insert into Candidacy (wkid, idno) VALUES (498, 1089);
insert into Landeslistenplatz (llid, idno, position) VALUES (12, 1089, 10);
insert into Citizen (idno, title, firstname, lastname, dateofbirth, gender) VALUES (1090, '', 'Heilemann', 'Martin', '1.1.1966.', 'p');
insert into CandidatesData (idno) VALUES (1090);
insert into PartyMembership (pid, idno) VALUES (3, 1090);
insert into Candidacy (wkid, idno) VALUES (324, 1090);
insert into Landeslistenplatz (llid, idno, position) VALUES (2, 1090, 31);
insert into Citizen (idno, title, firstname, lastname, dateofbirth, gender) VALUES (1091, '', 'Heilmann', 'Lutz Eberhard', '1.1.1966.', 'p');
insert into CandidatesData (idno) VALUES (1091);
insert into PartyMembership (pid, idno) VALUES (3, 1091);
insert into Candidacy (wkid, idno) VALUES (308, 1091);
insert into Citizen (idno, title, firstname, lastname, dateofbirth, gender) VALUES (1092, '', 'Heim', 'Adrian', '1.1.1964.', 'p');
insert into CandidatesData (idno) VALUES (1092);
insert into PartyMembership (pid, idno) VALUES (8, 1092);
insert into Candidacy (wkid, idno) VALUES (515, 1092);
insert into Landeslistenplatz (llid, idno, position) VALUES (8, 1092, 20);
insert into Citizen (idno, title, firstname, lastname, dateofbirth, gender) VALUES (1093, '', 'Heimsoth', 'Dirk', '1.1.1956.', 'p');
insert into CandidatesData (idno) VALUES (1093);
insert into PartyMembership (pid, idno) VALUES (1, 1093);
insert into Candidacy (wkid, idno) VALUES (338, 1093);
insert into Citizen (idno, title, firstname, lastname, dateofbirth, gender) VALUES (1094, '', 'Hein', 'Dr. Rosemarie Anna Gertrud', '1.1.1953.', 'p');
insert into CandidatesData (idno) VALUES (1094);
insert into PartyMembership (pid, idno) VALUES (3, 1094);
insert into Candidacy (wkid, idno) VALUES (369, 1094);
insert into Landeslistenplatz (llid, idno, position) VALUES (2, 1094, 5);
insert into Citizen (idno, title, firstname, lastname, dateofbirth, gender) VALUES (1095, '', 'Heine', 'Tobias', '1.1.1986.', 'p');
insert into CandidatesData (idno) VALUES (1095);
insert into PartyMembership (pid, idno) VALUES (7, 1095);
insert into Landeslistenplatz (llid, idno, position) VALUES (7, 1095, 10);
insert into Citizen (idno, title, firstname, lastname, dateofbirth, gender) VALUES (1096, '', 'Heinel', 'Silvia', '1.1.1988.', 'p');
insert into CandidatesData (idno) VALUES (1096);
insert into PartyMembership (pid, idno) VALUES (10, 1096);
insert into Candidacy (wkid, idno) VALUES (379, 1096);
insert into Landeslistenplatz (llid, idno, position) VALUES (10, 1096, 6);
insert into Citizen (idno, title, firstname, lastname, dateofbirth, gender) VALUES (1097, '', 'Heinemann', 'Uwe', '1.1.1975.', 'p');
insert into CandidatesData (idno) VALUES (1097);
insert into PartyMembership (pid, idno) VALUES (2, 1097);
insert into Landeslistenplatz (llid, idno, position) VALUES (1, 1097, 41);
insert into Citizen (idno, title, firstname, lastname, dateofbirth, gender) VALUES (1098, '', 'Heinemeyer', 'Anita', '1.1.1948.', 'p');
insert into CandidatesData (idno) VALUES (1098);
insert into PartyMembership (pid, idno) VALUES (3, 1098);
insert into Candidacy (wkid, idno) VALUES (392, 1098);
insert into Citizen (idno, title, firstname, lastname, dateofbirth, gender) VALUES (1099, '', 'Heinen', 'Alexandra', '1.1.1971.', 'p');
insert into CandidatesData (idno) VALUES (1099);
insert into PartyMembership (pid, idno) VALUES (12, 1099);
insert into Landeslistenplatz (llid, idno, position) VALUES (12, 1099, 15);
insert into Citizen (idno, title, firstname, lastname, dateofbirth, gender) VALUES (1100, '', 'Heinen-Esser', 'Ursula', '1.1.1965.', 'p');
insert into CandidatesData (idno) VALUES (1100);
insert into PartyMembership (pid, idno) VALUES (12, 1100);
insert into Candidacy (wkid, idno) VALUES (393, 1100);
insert into Landeslistenplatz (llid, idno, position) VALUES (12, 1100, 3);
insert into Citizen (idno, title, firstname, lastname, dateofbirth, gender) VALUES (1101, '', 'Heinlein', 'Filip', '1.1.1985.', 'p');
insert into CandidatesData (idno) VALUES (1101);
insert into PartyMembership (pid, idno) VALUES (5, 1101);
insert into Candidacy (wkid, idno) VALUES (495, 1101);
insert into Citizen (idno, title, firstname, lastname, dateofbirth, gender) VALUES (1102, '', 'Heinrich', 'Frank', '1.1.1964.', 'p');
insert into CandidatesData (idno) VALUES (1102);
insert into PartyMembership (pid, idno) VALUES (12, 1102);
insert into Candidacy (wkid, idno) VALUES (462, 1102);
insert into Citizen (idno, title, firstname, lastname, dateofbirth, gender) VALUES (1103, '', 'Heinrich', 'Ralf', '1.1.1962.', 'p');
insert into CandidatesData (idno) VALUES (1103);
insert into PartyMembership (pid, idno) VALUES (10, 1103);
insert into Candidacy (wkid, idno) VALUES (552, 1103);
insert into Landeslistenplatz (llid, idno, position) VALUES (10, 1103, 10);
insert into Citizen (idno, title, firstname, lastname, dateofbirth, gender) VALUES (1104, '', 'Heins', 'Dr. Christine', '1.1.1963.', 'p');
insert into CandidatesData (idno) VALUES (1104);
insert into PartyMembership (pid, idno) VALUES (12, 1104);
insert into Landeslistenplatz (llid, idno, position) VALUES (12, 1104, 26);
insert into Citizen (idno, title, firstname, lastname, dateofbirth, gender) VALUES (1105, '', 'Heintel', 'Marcus', '1.1.1976.', 'p');
insert into CandidatesData (idno) VALUES (1105);
insert into PartyMembership (pid, idno) VALUES (2, 1105);
insert into Candidacy (wkid, idno) VALUES (500, 1105);
insert into Landeslistenplatz (llid, idno, position) VALUES (1, 1105, 15);
insert into Citizen (idno, title, firstname, lastname, dateofbirth, gender) VALUES (1106, '', 'Heinz', 'Alexander', '1.1.1978.', 'p');
insert into CandidatesData (idno) VALUES (1106);
insert into PartyMembership (pid, idno) VALUES (4, 1106);
insert into Landeslistenplatz (llid, idno, position) VALUES (4, 1106, 8);
insert into Citizen (idno, title, firstname, lastname, dateofbirth, gender) VALUES (1107, '', 'Heinzmann', 'Axel', '1.1.1946.', 'p');
insert into CandidatesData (idno) VALUES (1107);
insert into PartyMembership (pid, idno) VALUES (1, 1107);
insert into Candidacy (wkid, idno) VALUES (588, 1107);
insert into Citizen (idno, title, firstname, lastname, dateofbirth, gender) VALUES (1108, '', 'Heinzmann', 'Gerhard', '1.1.1940.', 'p');
insert into CandidatesData (idno) VALUES (1108);
insert into PartyMembership (pid, idno) VALUES (17, 1108);
insert into Landeslistenplatz (llid, idno, position) VALUES (16, 1108, 1);
insert into Citizen (idno, title, firstname, lastname, dateofbirth, gender) VALUES (1109, '', 'Heinzmann', 'Michael', '1.1.1969.', 'p');
insert into CandidatesData (idno) VALUES (1109);
insert into PartyMembership (pid, idno) VALUES (17, 1109);
insert into Landeslistenplatz (llid, idno, position) VALUES (16, 1109, 1);
insert into Citizen (idno, title, firstname, lastname, dateofbirth, gender) VALUES (1110, '', 'Heise', 'Thorsten', '1.1.1969.', 'p');
insert into CandidatesData (idno) VALUES (1110);
insert into PartyMembership (pid, idno) VALUES (1, 1110);
insert into Candidacy (wkid, idno) VALUES (488, 1110);
insert into Landeslistenplatz (llid, idno, position) VALUES (3, 1110, 3);
insert into Citizen (idno, title, firstname, lastname, dateofbirth, gender) VALUES (1111, '', 'Heiske', 'Thomas Martin', '1.1.1966.', 'p');
insert into CandidatesData (idno) VALUES (1111);
insert into PartyMembership (pid, idno) VALUES (4, 1111);
insert into Candidacy (wkid, idno) VALUES (413, 1111);
insert into Landeslistenplatz (llid, idno, position) VALUES (4, 1111, 47);
insert into Citizen (idno, title, firstname, lastname, dateofbirth, gender) VALUES (1112, '', 'Heitchen', 'Michael', '1.1.1971.', 'p');
insert into CandidatesData (idno) VALUES (1112);
insert into PartyMembership (pid, idno) VALUES (4, 1112);
insert into Candidacy (wkid, idno) VALUES (351, 1112);
insert into Landeslistenplatz (llid, idno, position) VALUES (4, 1112, 18);
insert into Citizen (idno, title, firstname, lastname, dateofbirth, gender) VALUES (1113, '', 'Helge', 'Ingo', '1.1.1976.', 'p');
insert into CandidatesData (idno) VALUES (1113);
insert into PartyMembership (pid, idno) VALUES (1, 1113);
insert into Candidacy (wkid, idno) VALUES (505, 1113);
insert into Landeslistenplatz (llid, idno, position) VALUES (3, 1113, 6);
insert into Citizen (idno, title, firstname, lastname, dateofbirth, gender) VALUES (1114, '', 'Heller', 'Hendrik Tilmann', '1.1.1986.', 'p');
insert into CandidatesData (idno) VALUES (1114);
insert into PartyMembership (pid, idno) VALUES (1, 1114);
insert into Candidacy (wkid, idno) VALUES (496, 1114);
insert into Landeslistenplatz (llid, idno, position) VALUES (3, 1114, 5);
insert into Citizen (idno, title, firstname, lastname, dateofbirth, gender) VALUES (1115, '', 'Heller', 'Uda Carmen Freia', '1.1.1951.', 'p');
insert into CandidatesData (idno) VALUES (1115);
insert into PartyMembership (pid, idno) VALUES (12, 1115);
insert into Candidacy (wkid, idno) VALUES (374, 1115);
insert into Landeslistenplatz (llid, idno, position) VALUES (12, 1115, 2);
insert into Citizen (idno, title, firstname, lastname, dateofbirth, gender) VALUES (1116, '', 'Helling', 'Harald', '1.1.1958.', 'p');
insert into CandidatesData (idno) VALUES (1116);
insert into PartyMembership (pid, idno) VALUES (2, 1116);
insert into Landeslistenplatz (llid, idno, position) VALUES (1, 1116, 45);
insert into Citizen (idno, title, firstname, lastname, dateofbirth, gender) VALUES (1117, '', 'Helling', 'Katrin', '1.1.1986.', 'p');
insert into CandidatesData (idno) VALUES (1117);
insert into PartyMembership (pid, idno) VALUES (4, 1117);
insert into Candidacy (wkid, idno) VALUES (438, 1117);
insert into Landeslistenplatz (llid, idno, position) VALUES (4, 1117, 28);
insert into Citizen (idno, title, firstname, lastname, dateofbirth, gender) VALUES (1118, '', 'Hellmich', 'Wolfgang', '1.1.1958.', 'p');
insert into CandidatesData (idno) VALUES (1118);
insert into PartyMembership (pid, idno) VALUES (2, 1118);
insert into Candidacy (wkid, idno) VALUES (446, 1118);
insert into Landeslistenplatz (llid, idno, position) VALUES (1, 1118, 15);
insert into Citizen (idno, title, firstname, lastname, dateofbirth, gender) VALUES (1119, '', 'Hellriegel', 'Ronnie', '1.1.1978.', 'p');
insert into CandidatesData (idno) VALUES (1119);
insert into PartyMembership (pid, idno) VALUES (1, 1119);
insert into Candidacy (wkid, idno) VALUES (557, 1119);
insert into Citizen (idno, title, firstname, lastname, dateofbirth, gender) VALUES (1120, '', 'Helmer', 'Jan', '1.1.1964.', 'p');
insert into CandidatesData (idno) VALUES (1120);
insert into PartyMembership (pid, idno) VALUES (9, 1120);
insert into Landeslistenplatz (llid, idno, position) VALUES (9, 1120, 34);
insert into Citizen (idno, title, firstname, lastname, dateofbirth, gender) VALUES (1121, '', 'Hemker', 'Dr. Reinhold', '1.1.1944.', 'p');
insert into CandidatesData (idno) VALUES (1121);
insert into PartyMembership (pid, idno) VALUES (2, 1121);
insert into Candidacy (wkid, idno) VALUES (428, 1121);
insert into Citizen (idno, title, firstname, lastname, dateofbirth, gender) VALUES (1122, '', 'Hempel', 'Dennis', '1.1.1983.', 'p');
insert into CandidatesData (idno) VALUES (1122);
insert into Candidacy (wkid, idno) VALUES (377, 1122);
insert into Citizen (idno, title, firstname, lastname, dateofbirth, gender) VALUES (1123, '', 'Hempelmann', 'Rolf', '1.1.1948.', 'p');
insert into CandidatesData (idno) VALUES (1123);
insert into PartyMembership (pid, idno) VALUES (2, 1123);
insert into Candidacy (wkid, idno) VALUES (419, 1123);
insert into Landeslistenplatz (llid, idno, position) VALUES (1, 1123, 61);
insert into Citizen (idno, title, firstname, lastname, dateofbirth, gender) VALUES (1124, '', 'Hendricks', 'Dr. Barbara', '1.1.1952.', 'p');
insert into CandidatesData (idno) VALUES (1124);
insert into PartyMembership (pid, idno) VALUES (2, 1124);
insert into Candidacy (wkid, idno) VALUES (412, 1124);
insert into Landeslistenplatz (llid, idno, position) VALUES (1, 1124, 9);
insert into Citizen (idno, title, firstname, lastname, dateofbirth, gender) VALUES (1125, '', 'Henke', 'Rudolf', '1.1.1954.', 'p');
insert into CandidatesData (idno) VALUES (1125);
insert into PartyMembership (pid, idno) VALUES (12, 1125);
insert into Candidacy (wkid, idno) VALUES (387, 1125);
insert into Landeslistenplatz (llid, idno, position) VALUES (12, 1125, 41);
insert into Citizen (idno, title, firstname, lastname, dateofbirth, gender) VALUES (1126, '', 'Henke', 'Walter', '1.1.1952.', 'p');
insert into CandidatesData (idno) VALUES (1126);
insert into PartyMembership (pid, idno) VALUES (4, 1126);
insert into Candidacy (wkid, idno) VALUES (357, 1126);
insert into Landeslistenplatz (llid, idno, position) VALUES (4, 1126, 8);
insert into Citizen (idno, title, firstname, lastname, dateofbirth, gender) VALUES (1127, '', 'Henn', 'Werner', '1.1.1957.', 'p');
insert into CandidatesData (idno) VALUES (1127);
insert into PartyMembership (pid, idno) VALUES (2, 1127);
insert into Candidacy (wkid, idno) VALUES (577, 1127);
insert into Landeslistenplatz (llid, idno, position) VALUES (1, 1127, 35);
insert into Citizen (idno, title, firstname, lastname, dateofbirth, gender) VALUES (1128, '', 'Henne', 'Andreas', '1.1.1966.', 'p');
insert into CandidatesData (idno) VALUES (1128);
insert into PartyMembership (pid, idno) VALUES (12, 1128);
insert into Landeslistenplatz (llid, idno, position) VALUES (12, 1128, 31);
insert into Citizen (idno, title, firstname, lastname, dateofbirth, gender) VALUES (1129, '', 'Henneke', 'Stefanie', '1.1.1979.', 'p');
insert into CandidatesData (idno) VALUES (1129);
insert into PartyMembership (pid, idno) VALUES (5, 1129);
insert into Candidacy (wkid, idno) VALUES (333, 1129);
insert into Citizen (idno, title, firstname, lastname, dateofbirth, gender) VALUES (1130, '', 'Hennig', 'Martin', '1.1.1970.', 'p');
insert into CandidatesData (idno) VALUES (1130);
insert into PartyMembership (pid, idno) VALUES (10, 1130);
insert into Candidacy (wkid, idno) VALUES (518, 1130);
insert into Landeslistenplatz (llid, idno, position) VALUES (10, 1130, 13);
insert into Citizen (idno, title, firstname, lastname, dateofbirth, gender) VALUES (1131, '', 'Hennigs von', 'Wolff-Eberhard', '1.1.1929.', 'p');
insert into CandidatesData (idno) VALUES (1131);
insert into PartyMembership (pid, idno) VALUES (12, 1131);
insert into Landeslistenplatz (llid, idno, position) VALUES (12, 1131, 34);
insert into Citizen (idno, title, firstname, lastname, dateofbirth, gender) VALUES (1132, '', 'Henning', 'Dr. Rigolf', '1.1.1935.', 'p');
insert into CandidatesData (idno) VALUES (1132);
insert into PartyMembership (pid, idno) VALUES (1, 1132);
insert into Candidacy (wkid, idno) VALUES (334, 1132);
insert into Citizen (idno, title, firstname, lastname, dateofbirth, gender) VALUES (1133, '', 'Hennne', 'Dieter', '1.1.1955.', 'p');
insert into CandidatesData (idno) VALUES (1133);
insert into PartyMembership (pid, idno) VALUES (22, 1133);
insert into Landeslistenplatz (llid, idno, position) VALUES (22, 1133, 6);
insert into Citizen (idno, title, firstname, lastname, dateofbirth, gender) VALUES (1134, '', 'Hennrich', 'Michael', '1.1.1965.', 'p');
insert into CandidatesData (idno) VALUES (1134);
insert into PartyMembership (pid, idno) VALUES (12, 1134);
insert into Candidacy (wkid, idno) VALUES (561, 1134);
insert into Citizen (idno, title, firstname, lastname, dateofbirth, gender) VALUES (1135, '', 'Henrichs', 'Werner', '1.1.1938.', 'p');
insert into CandidatesData (idno) VALUES (1135);
insert into PartyMembership (pid, idno) VALUES (20, 1135);
insert into Candidacy (wkid, idno) VALUES (398, 1135);
insert into Landeslistenplatz (llid, idno, position) VALUES (19, 1135, 3);
insert into Citizen (idno, title, firstname, lastname, dateofbirth, gender) VALUES (1136, '', 'Henry', 'Ursula Maria', '1.1.1941.', 'p');
insert into CandidatesData (idno) VALUES (1136);
insert into PartyMembership (pid, idno) VALUES (2, 1136);
insert into Landeslistenplatz (llid, idno, position) VALUES (1, 1136, 13);
insert into Citizen (idno, title, firstname, lastname, dateofbirth, gender) VALUES (1137, '', 'Hense', 'Norbert', '1.1.1990.', 'p');
insert into CandidatesData (idno) VALUES (1137);
insert into Candidacy (wkid, idno) VALUES (583, 1137);
insert into Citizen (idno, title, firstname, lastname, dateofbirth, gender) VALUES (1138, '', 'Hentzen', 'Christoph', '1.1.1959.', 'p');
insert into CandidatesData (idno) VALUES (1138);
insert into PartyMembership (pid, idno) VALUES (4, 1138);
insert into Candidacy (wkid, idno) VALUES (485, 1138);
insert into Landeslistenplatz (llid, idno, position) VALUES (4, 1138, 20);
insert into Citizen (idno, title, firstname, lastname, dateofbirth, gender) VALUES (1139, '', 'Henzler', 'Clemens', '1.1.1945.', 'p');
insert into CandidatesData (idno) VALUES (1139);
insert into PartyMembership (pid, idno) VALUES (12, 1139);
insert into Landeslistenplatz (llid, idno, position) VALUES (12, 1139, 35);
insert into Citizen (idno, title, firstname, lastname, dateofbirth, gender) VALUES (1140, '', 'Herbert', 'Dr. Ernst Albert', '1.1.1952.', 'p');
insert into CandidatesData (idno) VALUES (1140);
insert into PartyMembership (pid, idno) VALUES (13, 1140);
insert into Candidacy (wkid, idno) VALUES (401, 1140);
insert into Citizen (idno, title, firstname, lastname, dateofbirth, gender) VALUES (1141, '', 'Herbert', 'Sibylle', '1.1.1942.', 'p');
insert into CandidatesData (idno) VALUES (1141);
insert into PartyMembership (pid, idno) VALUES (4, 1141);
insert into Landeslistenplatz (llid, idno, position) VALUES (4, 1141, 31);
insert into Citizen (idno, title, firstname, lastname, dateofbirth, gender) VALUES (1142, '', 'Herbert', 'Stefan', '1.1.1965.', 'p');
insert into CandidatesData (idno) VALUES (1142);
insert into PartyMembership (pid, idno) VALUES (6, 1142);
insert into Landeslistenplatz (llid, idno, position) VALUES (6, 1142, 7);
insert into Citizen (idno, title, firstname, lastname, dateofbirth, gender) VALUES (1143, '', 'Herbert', 'Dr. Ulrich', '1.1.1952.', 'p');
insert into CandidatesData (idno) VALUES (1143);
insert into PartyMembership (pid, idno) VALUES (4, 1143);
insert into Candidacy (wkid, idno) VALUES (537, 1143);
insert into Landeslistenplatz (llid, idno, position) VALUES (4, 1143, 17);
insert into Citizen (idno, title, firstname, lastname, dateofbirth, gender) VALUES (1144, '', 'Herlitzius', 'Bettina', '1.1.1960.', 'p');
insert into CandidatesData (idno) VALUES (1144);
insert into PartyMembership (pid, idno) VALUES (5, 1144);
insert into Candidacy (wkid, idno) VALUES (388, 1144);
insert into Landeslistenplatz (llid, idno, position) VALUES (5, 1144, 13);
insert into Citizen (idno, title, firstname, lastname, dateofbirth, gender) VALUES (1145, '', 'Hermann', 'Petra', '1.1.1960.', 'p');
insert into CandidatesData (idno) VALUES (1145);
insert into PartyMembership (pid, idno) VALUES (4, 1145);
insert into Candidacy (wkid, idno) VALUES (420, 1145);
insert into Landeslistenplatz (llid, idno, position) VALUES (4, 1145, 42);
insert into Citizen (idno, title, firstname, lastname, dateofbirth, gender) VALUES (1146, '', 'Hermann', 'Winfried', '1.1.1952.', 'p');
insert into CandidatesData (idno) VALUES (1146);
insert into PartyMembership (pid, idno) VALUES (5, 1146);
insert into Candidacy (wkid, idno) VALUES (589, 1146);
insert into Landeslistenplatz (llid, idno, position) VALUES (5, 1146, 6);
insert into Citizen (idno, title, firstname, lastname, dateofbirth, gender) VALUES (1147, '', 'Hermes', 'Stefan', '1.1.1967.', 'p');
insert into CandidatesData (idno) VALUES (1147);
insert into PartyMembership (pid, idno) VALUES (7, 1147);
insert into Landeslistenplatz (llid, idno, position) VALUES (7, 1147, 4);
insert into Citizen (idno, title, firstname, lastname, dateofbirth, gender) VALUES (1148, '', 'Herold', 'Hans-Dieter', '1.1.1951.', 'p');
insert into CandidatesData (idno) VALUES (1148);
insert into PartyMembership (pid, idno) VALUES (5, 1148);
insert into Candidacy (wkid, idno) VALUES (539, 1148);
insert into Citizen (idno, title, firstname, lastname, dateofbirth, gender) VALUES (1149, '', 'Herr', 'Bärbel', '1.1.1948.', 'p');
insert into CandidatesData (idno) VALUES (1149);
insert into PartyMembership (pid, idno) VALUES (19, 1149);
insert into Landeslistenplatz (llid, idno, position) VALUES (18, 1149, 6);
insert into Citizen (idno, title, firstname, lastname, dateofbirth, gender) VALUES (1150, '', 'Herrmann', 'Dr. Dietrich', '1.1.1962.', 'p');
insert into CandidatesData (idno) VALUES (1150);
insert into PartyMembership (pid, idno) VALUES (5, 1150);
insert into Candidacy (wkid, idno) VALUES (459, 1150);
insert into Citizen (idno, title, firstname, lastname, dateofbirth, gender) VALUES (1151, '', 'Herrmann', 'Jürgen', '1.1.1962.', 'p');
insert into CandidatesData (idno) VALUES (1151);
insert into PartyMembership (pid, idno) VALUES (12, 1151);
insert into Candidacy (wkid, idno) VALUES (436, 1151);
insert into Citizen (idno, title, firstname, lastname, dateofbirth, gender) VALUES (1152, '', 'Hertz', 'Detlef', '1.1.1967.', 'p');
insert into CandidatesData (idno) VALUES (1152);
insert into PartyMembership (pid, idno) VALUES (3, 1152);
insert into Landeslistenplatz (llid, idno, position) VALUES (2, 1152, 31);
insert into Citizen (idno, title, firstname, lastname, dateofbirth, gender) VALUES (1153, '', 'Hertzler-Zimmer', 'Christine', '1.1.1966.', 'p');
insert into CandidatesData (idno) VALUES (1153);
insert into PartyMembership (pid, idno) VALUES (2, 1153);
insert into Landeslistenplatz (llid, idno, position) VALUES (1, 1153, 26);
insert into Citizen (idno, title, firstname, lastname, dateofbirth, gender) VALUES (1154, '', 'Herz', 'Monica', '1.1.1956.', 'p');
insert into CandidatesData (idno) VALUES (1154);
insert into Candidacy (wkid, idno) VALUES (525, 1154);
insert into Citizen (idno, title, firstname, lastname, dateofbirth, gender) VALUES (1155, '', 'Herzig', 'Franz', '1.1.1950.', 'p');
insert into CandidatesData (idno) VALUES (1155);
insert into PartyMembership (pid, idno) VALUES (12, 1155);
insert into Landeslistenplatz (llid, idno, position) VALUES (12, 1155, 33);
insert into Citizen (idno, title, firstname, lastname, dateofbirth, gender) VALUES (1156, '', 'Herzog', 'Gustav', '1.1.1958.', 'p');
insert into CandidatesData (idno) VALUES (1156);
insert into PartyMembership (pid, idno) VALUES (2, 1156);
insert into Candidacy (wkid, idno) VALUES (509, 1156);
insert into Landeslistenplatz (llid, idno, position) VALUES (1, 1156, 4);
insert into Citizen (idno, title, firstname, lastname, dateofbirth, gender) VALUES (1157, '', 'Heß', 'Konrad Rudolf', '1.1.1939.', 'p');
insert into CandidatesData (idno) VALUES (1157);
insert into PartyMembership (pid, idno) VALUES (22, 1157);
insert into Landeslistenplatz (llid, idno, position) VALUES (22, 1157, 6);
insert into Citizen (idno, title, firstname, lastname, dateofbirth, gender) VALUES (1158, '', 'Heß', 'Marion', '1.1.1967.', 'p');
insert into CandidatesData (idno) VALUES (1158);
insert into PartyMembership (pid, idno) VALUES (4, 1158);
insert into Candidacy (wkid, idno) VALUES (558, 1158);
insert into Landeslistenplatz (llid, idno, position) VALUES (4, 1158, 24);
insert into Citizen (idno, title, firstname, lastname, dateofbirth, gender) VALUES (1159, '', 'Heß', 'Petra', '1.1.1959.', 'p');
insert into CandidatesData (idno) VALUES (1159);
insert into PartyMembership (pid, idno) VALUES (2, 1159);
insert into Candidacy (wkid, idno) VALUES (491, 1159);
insert into Landeslistenplatz (llid, idno, position) VALUES (1, 1159, 4);
insert into Citizen (idno, title, firstname, lastname, dateofbirth, gender) VALUES (1160, '', 'Hesse', 'Klaus-Peter', '1.1.1967.', 'p');
insert into CandidatesData (idno) VALUES (1160);
insert into PartyMembership (pid, idno) VALUES (12, 1160);
insert into Landeslistenplatz (llid, idno, position) VALUES (12, 1160, 9);
insert into Citizen (idno, title, firstname, lastname, dateofbirth, gender) VALUES (1161, '', 'Hettlich', 'Peter', '1.1.1959.', 'p');
insert into CandidatesData (idno) VALUES (1161);
insert into PartyMembership (pid, idno) VALUES (5, 1161);
insert into Candidacy (wkid, idno) VALUES (451, 1161);
insert into Citizen (idno, title, firstname, lastname, dateofbirth, gender) VALUES (1162, '', 'Hetz', 'Ingrid', '1.1.1956.', 'p');
insert into CandidatesData (idno) VALUES (1162);
insert into PartyMembership (pid, idno) VALUES (6, 1162);
insert into Candidacy (wkid, idno) VALUES (527, 1162);
insert into Landeslistenplatz (llid, idno, position) VALUES (6, 1162, 3);
insert into Citizen (idno, title, firstname, lastname, dateofbirth, gender) VALUES (1163, '', 'Heurung', 'Markus', '1.1.1977.', 'p');
insert into CandidatesData (idno) VALUES (1163);
insert into PartyMembership (pid, idno) VALUES (7, 1163);
insert into Candidacy (wkid, idno) VALUES (550, 1163);
insert into Citizen (idno, title, firstname, lastname, dateofbirth, gender) VALUES (1164, '', 'Heuser', 'Walter', '1.1.1936.', 'p');
insert into CandidatesData (idno) VALUES (1164);
insert into PartyMembership (pid, idno) VALUES (3, 1164);
insert into Candidacy (wkid, idno) VALUES (400, 1164);
insert into Citizen (idno, title, firstname, lastname, dateofbirth, gender) VALUES (1165, '', 'Heveling', 'Ansgar', '1.1.1972.', 'p');
insert into CandidatesData (idno) VALUES (1165);
insert into PartyMembership (pid, idno) VALUES (12, 1165);
insert into Candidacy (wkid, idno) VALUES (410, 1165);
insert into Citizen (idno, title, firstname, lastname, dateofbirth, gender) VALUES (1166, '', 'Heyder', 'Matthias', '1.1.1972.', 'p');
insert into CandidatesData (idno) VALUES (1166);
insert into PartyMembership (pid, idno) VALUES (1, 1166);
insert into Candidacy (wkid, idno) VALUES (368, 1166);
insert into Landeslistenplatz (llid, idno, position) VALUES (3, 1166, 1);
insert into Citizen (idno, title, firstname, lastname, dateofbirth, gender) VALUES (1167, '', 'Heydrich', 'Dr. Jürgen', '1.1.1933.', 'p');
insert into CandidatesData (idno) VALUES (1167);
insert into PartyMembership (pid, idno) VALUES (19, 1167);
insert into Landeslistenplatz (llid, idno, position) VALUES (18, 1167, 2);
insert into Citizen (idno, title, firstname, lastname, dateofbirth, gender) VALUES (1168, '', 'Heyenn', 'Hannah', '1.1.1982.', 'p');
insert into CandidatesData (idno) VALUES (1168);
insert into PartyMembership (pid, idno) VALUES (3, 1168);
insert into Landeslistenplatz (llid, idno, position) VALUES (2, 1168, 5);
insert into Citizen (idno, title, firstname, lastname, dateofbirth, gender) VALUES (1169, '', 'Heynemann', 'Bernd Reinhold Gerhard', '1.1.1954.', 'p');
insert into CandidatesData (idno) VALUES (1169);
insert into PartyMembership (pid, idno) VALUES (12, 1169);
insert into Candidacy (wkid, idno) VALUES (369, 1169);
insert into Landeslistenplatz (llid, idno, position) VALUES (12, 1169, 9);
insert into Citizen (idno, title, firstname, lastname, dateofbirth, gender) VALUES (1170, '', 'Hiebinger', 'Wolfgang', '1.1.1946.', 'p');
insert into CandidatesData (idno) VALUES (1170);
insert into PartyMembership (pid, idno) VALUES (15, 1170);
insert into Landeslistenplatz (llid, idno, position) VALUES (14, 1170, 24);
insert into Citizen (idno, title, firstname, lastname, dateofbirth, gender) VALUES (1171, '', 'Hiekisch', 'Antje', '1.1.1977.', 'p');
insert into CandidatesData (idno) VALUES (1171);
insert into PartyMembership (pid, idno) VALUES (1, 1171);
insert into Landeslistenplatz (llid, idno, position) VALUES (3, 1171, 2);
insert into Citizen (idno, title, firstname, lastname, dateofbirth, gender) VALUES (1172, '', 'Hien', 'Michael Siegmund Reinhard', '1.1.1987.', 'p');
insert into CandidatesData (idno) VALUES (1172);
insert into PartyMembership (pid, idno) VALUES (9, 1172);
insert into Landeslistenplatz (llid, idno, position) VALUES (9, 1172, 44);
insert into Citizen (idno, title, firstname, lastname, dateofbirth, gender) VALUES (1173, '', 'Hiksch', 'Uwe', '1.1.1964.', 'p');
insert into CandidatesData (idno) VALUES (1173);
insert into PartyMembership (pid, idno) VALUES (3, 1173);
insert into Candidacy (wkid, idno) VALUES (537, 1173);
insert into Citizen (idno, title, firstname, lastname, dateofbirth, gender) VALUES (1174, '', 'Hilburger', 'Karl Willi Arthur', '1.1.1947.', 'p');
insert into CandidatesData (idno) VALUES (1174);
insert into PartyMembership (pid, idno) VALUES (14, 1174);
insert into Landeslistenplatz (llid, idno, position) VALUES (21, 1174, 5);
insert into Citizen (idno, title, firstname, lastname, dateofbirth, gender) VALUES (1175, '', 'Hildebrand', 'Anna-Maria', '1.1.1985.', 'p');
insert into CandidatesData (idno) VALUES (1175);
insert into PartyMembership (pid, idno) VALUES (10, 1175);
insert into Candidacy (wkid, idno) VALUES (380, 1175);
insert into Landeslistenplatz (llid, idno, position) VALUES (10, 1175, 8);
insert into Citizen (idno, title, firstname, lastname, dateofbirth, gender) VALUES (1176, '', 'Hildebrandt', 'Arne', '1.1.1985.', 'p');
insert into CandidatesData (idno) VALUES (1176);
insert into PartyMembership (pid, idno) VALUES (7, 1176);
insert into Landeslistenplatz (llid, idno, position) VALUES (7, 1176, 4);
insert into Citizen (idno, title, firstname, lastname, dateofbirth, gender) VALUES (1177, '', 'Hildebrandt', 'Robert', '1.1.1983.', 'p');
insert into CandidatesData (idno) VALUES (1177);
insert into PartyMembership (pid, idno) VALUES (7, 1177);
insert into Landeslistenplatz (llid, idno, position) VALUES (7, 1177, 5);
insert into Citizen (idno, title, firstname, lastname, dateofbirth, gender) VALUES (1178, '', 'Hilgenkamp', 'Frank', '1.1.1972.', 'p');
insert into CandidatesData (idno) VALUES (1178);
insert into PartyMembership (pid, idno) VALUES (5, 1178);
insert into Candidacy (wkid, idno) VALUES (446, 1178);
insert into Citizen (idno, title, firstname, lastname, dateofbirth, gender) VALUES (1179, '', 'Hilgert', 'Rainer', '1.1.1953.', 'p');
insert into CandidatesData (idno) VALUES (1179);
insert into PartyMembership (pid, idno) VALUES (8, 1179);
insert into Landeslistenplatz (llid, idno, position) VALUES (8, 1179, 1);
insert into Citizen (idno, title, firstname, lastname, dateofbirth, gender) VALUES (1180, '', 'Hilker', 'Axel', '1.1.1967.', 'p');
insert into CandidatesData (idno) VALUES (1180);
insert into PartyMembership (pid, idno) VALUES (5, 1180);
insert into Landeslistenplatz (llid, idno, position) VALUES (5, 1180, 12);
insert into Citizen (idno, title, firstname, lastname, dateofbirth, gender) VALUES (1181, '', 'Hill', 'Hans-Kurt', '1.1.1950.', 'p');
insert into CandidatesData (idno) VALUES (1181);
insert into PartyMembership (pid, idno) VALUES (3, 1181);
insert into Candidacy (wkid, idno) VALUES (597, 1181);
insert into Citizen (idno, title, firstname, lastname, dateofbirth, gender) VALUES (1182, '', 'Hillbrecht', 'Dirk', '1.1.1972.', 'p');
insert into CandidatesData (idno) VALUES (1182);
insert into PartyMembership (pid, idno) VALUES (7, 1182);
insert into Landeslistenplatz (llid, idno, position) VALUES (7, 1182, 1);
insert into Citizen (idno, title, firstname, lastname, dateofbirth, gender) VALUES (1183, '', 'Hillebrand', 'Heinz', '1.1.1954.', 'p');
insert into CandidatesData (idno) VALUES (1183);
insert into PartyMembership (pid, idno) VALUES (3, 1183);
insert into Candidacy (wkid, idno) VALUES (403, 1183);
insert into Citizen (idno, title, firstname, lastname, dateofbirth, gender) VALUES (1184, '', 'Hiller-Ohm', 'Gabriele', '1.1.1953.', 'p');
insert into CandidatesData (idno) VALUES (1184);
insert into PartyMembership (pid, idno) VALUES (2, 1184);
insert into Candidacy (wkid, idno) VALUES (310, 1184);
insert into Landeslistenplatz (llid, idno, position) VALUES (1, 1184, 4);
insert into Citizen (idno, title, firstname, lastname, dateofbirth, gender) VALUES (1185, '', 'Hinsken', 'Ernst', '1.1.1943.', 'p');
insert into CandidatesData (idno) VALUES (1185);
insert into PartyMembership (pid, idno) VALUES (9, 1185);
insert into Candidacy (wkid, idno) VALUES (530, 1185);
insert into Citizen (idno, title, firstname, lastname, dateofbirth, gender) VALUES (1186, '', 'Hintze', 'Henning', '1.1.1942.', 'p');
insert into CandidatesData (idno) VALUES (1186);
insert into PartyMembership (pid, idno) VALUES (3, 1186);
insert into Candidacy (wkid, idno) VALUES (520, 1186);
insert into Landeslistenplatz (llid, idno, position) VALUES (2, 1186, 16);
insert into Citizen (idno, title, firstname, lastname, dateofbirth, gender) VALUES (1187, '', 'Hintze', 'Peter', '1.1.1950.', 'p');
insert into CandidatesData (idno) VALUES (1187);
insert into PartyMembership (pid, idno) VALUES (12, 1187);
insert into Candidacy (wkid, idno) VALUES (402, 1187);
insert into Landeslistenplatz (llid, idno, position) VALUES (12, 1187, 4);
insert into Citizen (idno, title, firstname, lastname, dateofbirth, gender) VALUES (1188, '', 'Hinz', 'Petra', '1.1.1962.', 'p');
insert into CandidatesData (idno) VALUES (1188);
insert into PartyMembership (pid, idno) VALUES (2, 1188);
insert into Candidacy (wkid, idno) VALUES (420, 1188);
insert into Landeslistenplatz (llid, idno, position) VALUES (1, 1188, 32);
insert into Citizen (idno, title, firstname, lastname, dateofbirth, gender) VALUES (1189, '', 'Hinz', 'Priska', '1.1.1959.', 'p');
insert into CandidatesData (idno) VALUES (1189);
insert into PartyMembership (pid, idno) VALUES (5, 1189);
insert into Candidacy (wkid, idno) VALUES (472, 1189);
insert into Landeslistenplatz (llid, idno, position) VALUES (5, 1189, 1);
insert into Citizen (idno, title, firstname, lastname, dateofbirth, gender) VALUES (1190, '', 'Hirsch', 'Cornelia', '1.1.1980.', 'p');
insert into CandidatesData (idno) VALUES (1190);
insert into PartyMembership (pid, idno) VALUES (3, 1190);
insert into Candidacy (wkid, idno) VALUES (491, 1190);
insert into Landeslistenplatz (llid, idno, position) VALUES (2, 1190, 5);
insert into Citizen (idno, title, firstname, lastname, dateofbirth, gender) VALUES (1191, '', 'Hirte', 'Christian', '1.1.1976.', 'p');
insert into CandidatesData (idno) VALUES (1191);
insert into PartyMembership (pid, idno) VALUES (12, 1191);
insert into Candidacy (wkid, idno) VALUES (489, 1191);
insert into Landeslistenplatz (llid, idno, position) VALUES (12, 1191, 4);
insert into Citizen (idno, title, firstname, lastname, dateofbirth, gender) VALUES (1192, '', 'Hitschler', 'Thomas', '1.1.1982.', 'p');
insert into CandidatesData (idno) VALUES (1192);
insert into PartyMembership (pid, idno) VALUES (2, 1192);
insert into Landeslistenplatz (llid, idno, position) VALUES (1, 1192, 32);
insert into Citizen (idno, title, firstname, lastname, dateofbirth, gender) VALUES (1193, '', 'Hochbaum', 'Robert', '1.1.1954.', 'p');
insert into CandidatesData (idno) VALUES (1193);
insert into PartyMembership (pid, idno) VALUES (12, 1193);
insert into Candidacy (wkid, idno) VALUES (466, 1193);
insert into Citizen (idno, title, firstname, lastname, dateofbirth, gender) VALUES (1194, '', 'Hochstein', 'Stephan', '1.1.1983.', 'p');
insert into CandidatesData (idno) VALUES (1194);
insert into PartyMembership (pid, idno) VALUES (10, 1194);
insert into Candidacy (wkid, idno) VALUES (440, 1194);
insert into Landeslistenplatz (llid, idno, position) VALUES (10, 1194, 9);
insert into Citizen (idno, title, firstname, lastname, dateofbirth, gender) VALUES (1195, '', 'Höche', 'Heidrun', '1.1.1959.', 'p');
insert into CandidatesData (idno) VALUES (1195);
insert into PartyMembership (pid, idno) VALUES (6, 1195);
insert into Landeslistenplatz (llid, idno, position) VALUES (6, 1195, 10);
insert into Citizen (idno, title, firstname, lastname, dateofbirth, gender) VALUES (1196, '', 'Höferlin', 'Manuel', '1.1.1973.', 'p');
insert into CandidatesData (idno) VALUES (1196);
insert into PartyMembership (pid, idno) VALUES (4, 1196);
insert into Candidacy (wkid, idno) VALUES (506, 1196);
insert into Landeslistenplatz (llid, idno, position) VALUES (4, 1196, 5);
insert into Citizen (idno, title, firstname, lastname, dateofbirth, gender) VALUES (1197, '', 'Höfken-Deipenbrock', 'Ulrike', '1.1.1955.', 'p');
insert into CandidatesData (idno) VALUES (1197);
insert into PartyMembership (pid, idno) VALUES (5, 1197);
insert into Candidacy (wkid, idno) VALUES (502, 1197);
insert into Landeslistenplatz (llid, idno, position) VALUES (5, 1197, 1);
insert into Citizen (idno, title, firstname, lastname, dateofbirth, gender) VALUES (1198, '', 'Höger', 'Inge', '1.1.1950.', 'p');
insert into CandidatesData (idno) VALUES (1198);
insert into PartyMembership (pid, idno) VALUES (3, 1198);
insert into Candidacy (wkid, idno) VALUES (433, 1198);
insert into Landeslistenplatz (llid, idno, position) VALUES (2, 1198, 3);
insert into Citizen (idno, title, firstname, lastname, dateofbirth, gender) VALUES (1199, '', 'Högl', 'Dr. Eva', '1.1.1969.', 'p');
insert into CandidatesData (idno) VALUES (1199);
insert into PartyMembership (pid, idno) VALUES (2, 1199);
insert into Candidacy (wkid, idno) VALUES (375, 1199);
insert into Landeslistenplatz (llid, idno, position) VALUES (1, 1199, 7);
insert into Citizen (idno, title, firstname, lastname, dateofbirth, gender) VALUES (1200, '', 'Höhfeld', 'Jörg', '1.1.1944.', 'p');
insert into CandidatesData (idno) VALUES (1200);
insert into PartyMembership (pid, idno) VALUES (5, 1200);
insert into Candidacy (wkid, idno) VALUES (441, 1200);
insert into Citizen (idno, title, firstname, lastname, dateofbirth, gender) VALUES (1201, '', 'Höhn', 'Bärbel', '1.1.1952.', 'p');
insert into CandidatesData (idno) VALUES (1201);
insert into PartyMembership (pid, idno) VALUES (5, 1201);
insert into Candidacy (wkid, idno) VALUES (417, 1201);
insert into Landeslistenplatz (llid, idno, position) VALUES (5, 1201, 1);
insert into Citizen (idno, title, firstname, lastname, dateofbirth, gender) VALUES (1202, '', 'Höhne', 'Renate', '1.1.1956.', 'p');
insert into CandidatesData (idno) VALUES (1202);
insert into PartyMembership (pid, idno) VALUES (13, 1202);
insert into Landeslistenplatz (llid, idno, position) VALUES (13, 1202, 21);
insert into Citizen (idno, title, firstname, lastname, dateofbirth, gender) VALUES (1203, '', 'Höll', 'Dr. Barbara', '1.1.1957.', 'p');
insert into CandidatesData (idno) VALUES (1203);
insert into PartyMembership (pid, idno) VALUES (3, 1203);
insert into Candidacy (wkid, idno) VALUES (452, 1203);
insert into Landeslistenplatz (llid, idno, position) VALUES (2, 1203, 3);
insert into Citizen (idno, title, firstname, lastname, dateofbirth, gender) VALUES (1204, '', 'Hönlinger', 'Ingrid', '1.1.1964.', 'p');
insert into CandidatesData (idno) VALUES (1204);
insert into PartyMembership (pid, idno) VALUES (5, 1204);
insert into Candidacy (wkid, idno) VALUES (564, 1204);
insert into Landeslistenplatz (llid, idno, position) VALUES (5, 1204, 9);
insert into Citizen (idno, title, firstname, lastname, dateofbirth, gender) VALUES (1205, '', 'Höntsch', 'Michael Hans', '1.1.1954.', 'p');
insert into CandidatesData (idno) VALUES (1205);
insert into PartyMembership (pid, idno) VALUES (3, 1205);
insert into Candidacy (wkid, idno) VALUES (341, 1205);
insert into Landeslistenplatz (llid, idno, position) VALUES (2, 1205, 29);
insert into Citizen (idno, title, firstname, lastname, dateofbirth, gender) VALUES (1206, '', 'Hörner', 'Manfred', '1.1.1951.', 'p');
insert into CandidatesData (idno) VALUES (1206);
insert into PartyMembership (pid, idno) VALUES (13, 1206);
insert into Landeslistenplatz (llid, idno, position) VALUES (13, 1206, 9);
insert into Citizen (idno, title, firstname, lastname, dateofbirth, gender) VALUES (1207, '', 'Hoersch', 'Rüdiger', '1.1.1964.', 'p');
insert into CandidatesData (idno) VALUES (1207);
insert into PartyMembership (pid, idno) VALUES (14, 1207);
insert into Landeslistenplatz (llid, idno, position) VALUES (21, 1207, 1);
insert into Citizen (idno, title, firstname, lastname, dateofbirth, gender) VALUES (1208, '', 'Hörster', 'Heinz-Jürgen', '1.1.1949.', 'p');
insert into CandidatesData (idno) VALUES (1208);
insert into PartyMembership (pid, idno) VALUES (3, 1208);
insert into Candidacy (wkid, idno) VALUES (398, 1208);
insert into Landeslistenplatz (llid, idno, position) VALUES (2, 1208, 26);
insert into Citizen (idno, title, firstname, lastname, dateofbirth, gender) VALUES (1209, '', 'Hörster', 'Joachim', '1.1.1945.', 'p');
insert into CandidatesData (idno) VALUES (1209);
insert into PartyMembership (pid, idno) VALUES (12, 1209);
insert into Candidacy (wkid, idno) VALUES (504, 1209);
insert into Landeslistenplatz (llid, idno, position) VALUES (12, 1209, 1);
insert into Citizen (idno, title, firstname, lastname, dateofbirth, gender) VALUES (1210, '', 'Höveler', 'Andreas Christian', '1.1.1944.', 'p');
insert into CandidatesData (idno) VALUES (1210);
insert into PartyMembership (pid, idno) VALUES (11, 1210);
insert into Landeslistenplatz (llid, idno, position) VALUES (11, 1210, 4);
insert into Citizen (idno, title, firstname, lastname, dateofbirth, gender) VALUES (1211, '', 'Hövelmann', 'Heinrich', '1.1.1956.', 'p');
insert into CandidatesData (idno) VALUES (1211);
insert into PartyMembership (pid, idno) VALUES (22, 1211);
insert into Landeslistenplatz (llid, idno, position) VALUES (22, 1211, 12);
insert into Citizen (idno, title, firstname, lastname, dateofbirth, gender) VALUES (1212, '', 'Hövener', 'Jan', '1.1.1966.', 'p');
insert into CandidatesData (idno) VALUES (1212);
insert into Candidacy (wkid, idno) VALUES (354, 1212);
insert into Citizen (idno, title, firstname, lastname, dateofbirth, gender) VALUES (1213, '', 'Höving', 'Heiner', '1.1.1960.', 'p');
insert into CandidatesData (idno) VALUES (1213);
insert into PartyMembership (pid, idno) VALUES (11, 1213);
insert into Landeslistenplatz (llid, idno, position) VALUES (11, 1213, 1);
insert into Citizen (idno, title, firstname, lastname, dateofbirth, gender) VALUES (1214, '', 'Höwing', 'Ulrich', '1.1.1983.', 'p');
insert into CandidatesData (idno) VALUES (1214);
insert into Candidacy (wkid, idno) VALUES (439, 1214);
insert into Citizen (idno, title, firstname, lastname, dateofbirth, gender) VALUES (1215, '', 'Hoff', 'Elke', '1.1.1957.', 'p');
insert into CandidatesData (idno) VALUES (1215);
insert into PartyMembership (pid, idno) VALUES (4, 1215);
insert into Candidacy (wkid, idno) VALUES (497, 1215);
insert into Landeslistenplatz (llid, idno, position) VALUES (4, 1215, 3);
insert into Citizen (idno, title, firstname, lastname, dateofbirth, gender) VALUES (1216, '', 'Hoffman', 'Dr. Bettina', '1.1.1960.', 'p');
insert into CandidatesData (idno) VALUES (1216);
insert into PartyMembership (pid, idno) VALUES (5, 1216);
insert into Landeslistenplatz (llid, idno, position) VALUES (5, 1216, 9);
insert into Citizen (idno, title, firstname, lastname, dateofbirth, gender) VALUES (1217, '', 'Hoffmann', 'Dieter', '1.1.1965.', 'p');
insert into CandidatesData (idno) VALUES (1217);
insert into PartyMembership (pid, idno) VALUES (5, 1217);
insert into Landeslistenplatz (llid, idno, position) VALUES (5, 1217, 3);
insert into Citizen (idno, title, firstname, lastname, dateofbirth, gender) VALUES (1218, '', 'Hoffmann', 'Hans-Viktor', '1.1.1943.', 'p');
insert into CandidatesData (idno) VALUES (1218);
insert into PartyMembership (pid, idno) VALUES (4, 1218);
insert into Landeslistenplatz (llid, idno, position) VALUES (4, 1218, 7);
insert into Citizen (idno, title, firstname, lastname, dateofbirth, gender) VALUES (1219, '', 'Hoffmann', 'Dr. Ludwig', '1.1.1937.', 'p');
insert into CandidatesData (idno) VALUES (1219);
insert into PartyMembership (pid, idno) VALUES (10, 1219);
insert into Landeslistenplatz (llid, idno, position) VALUES (10, 1219, 4);
insert into Citizen (idno, title, firstname, lastname, dateofbirth, gender) VALUES (1220, '', 'Hoffmann', 'Rolf', '1.1.1935.', 'p');
insert into CandidatesData (idno) VALUES (1220);
insert into Candidacy (wkid, idno) VALUES (306, 1220);
insert into Citizen (idno, title, firstname, lastname, dateofbirth, gender) VALUES (1221, '', 'Hoffmann', 'Susanne', '1.1.1960.', 'p');
insert into CandidatesData (idno) VALUES (1221);
insert into PartyMembership (pid, idno) VALUES (1, 1221);
insert into Candidacy (wkid, idno) VALUES (580, 1221);
insert into Citizen (idno, title, firstname, lastname, dateofbirth, gender) VALUES (1222, '', 'Hoffmann', 'Timo', '1.1.1978.', 'p');
insert into CandidatesData (idno) VALUES (1222);
insert into PartyMembership (pid, idno) VALUES (10, 1222);
insert into Landeslistenplatz (llid, idno, position) VALUES (10, 1222, 11);
insert into Citizen (idno, title, firstname, lastname, dateofbirth, gender) VALUES (1223, '', 'Hoffmann', 'Ulrich', '1.1.1962.', 'p');
insert into CandidatesData (idno) VALUES (1223);
insert into PartyMembership (pid, idno) VALUES (8, 1223);
insert into Candidacy (wkid, idno) VALUES (552, 1223);
insert into Landeslistenplatz (llid, idno, position) VALUES (8, 1223, 2);
insert into Citizen (idno, title, firstname, lastname, dateofbirth, gender) VALUES (1224, '', 'Hoffmeier', 'Michael', '1.1.1969.', 'p');
insert into CandidatesData (idno) VALUES (1224);
insert into PartyMembership (pid, idno) VALUES (5, 1224);
insert into Candidacy (wkid, idno) VALUES (488, 1224);
insert into Landeslistenplatz (llid, idno, position) VALUES (5, 1224, 6);
insert into Citizen (idno, title, firstname, lastname, dateofbirth, gender) VALUES (1225, '', 'Hofmann', 'Axel', '1.1.1944.', 'p');
insert into CandidatesData (idno) VALUES (1225);
insert into PartyMembership (pid, idno) VALUES (3, 1225);
insert into Candidacy (wkid, idno) VALUES (399, 1225);
insert into Citizen (idno, title, firstname, lastname, dateofbirth, gender) VALUES (1226, '', 'Hofmann', 'Frank', '1.1.1949.', 'p');
insert into CandidatesData (idno) VALUES (1226);
insert into PartyMembership (pid, idno) VALUES (2, 1226);
insert into Candidacy (wkid, idno) VALUES (549, 1226);
insert into Landeslistenplatz (llid, idno, position) VALUES (1, 1226, 11);
insert into Citizen (idno, title, firstname, lastname, dateofbirth, gender) VALUES (1227, '', 'Hofmann', 'Frank', '1.1.1957.', 'p');
insert into CandidatesData (idno) VALUES (1227);
insert into PartyMembership (pid, idno) VALUES (15, 1227);
insert into Candidacy (wkid, idno) VALUES (549, 1227);
insert into Citizen (idno, title, firstname, lastname, dateofbirth, gender) VALUES (1228, '', 'Hofmann', 'Franziska', '1.1.1948.', 'p');
insert into CandidatesData (idno) VALUES (1228);
insert into PartyMembership (pid, idno) VALUES (27, 1228);
insert into Landeslistenplatz (llid, idno, position) VALUES (26, 1228, 10);
insert into Citizen (idno, title, firstname, lastname, dateofbirth, gender) VALUES (1229, '', 'Hofmann', 'Friedrich', '1.1.1954.', 'p');
insert into CandidatesData (idno) VALUES (1229);
insert into PartyMembership (pid, idno) VALUES (13, 1229);
insert into Landeslistenplatz (llid, idno, position) VALUES (13, 1229, 3);
insert into Citizen (idno, title, firstname, lastname, dateofbirth, gender) VALUES (1230, '', 'Hofreiter', 'Dr. Anton', '1.1.1970.', 'p');
insert into CandidatesData (idno) VALUES (1230);
insert into PartyMembership (pid, idno) VALUES (5, 1230);
insert into Candidacy (wkid, idno) VALUES (521, 1230);
insert into Landeslistenplatz (llid, idno, position) VALUES (5, 1230, 4);
insert into Citizen (idno, title, firstname, lastname, dateofbirth, gender) VALUES (1231, '', 'Hofstetter', 'Hermann', '1.1.1962.', 'p');
insert into CandidatesData (idno) VALUES (1231);
insert into PartyMembership (pid, idno) VALUES (8, 1231);
insert into Candidacy (wkid, idno) VALUES (524, 1231);
insert into Landeslistenplatz (llid, idno, position) VALUES (8, 1231, 21);
insert into Citizen (idno, title, firstname, lastname, dateofbirth, gender) VALUES (1232, '', 'Hohenadl', 'Ruth', '1.1.1960.', 'p');
insert into CandidatesData (idno) VALUES (1232);
insert into PartyMembership (pid, idno) VALUES (4, 1232);
insert into Candidacy (wkid, idno) VALUES (517, 1232);
insert into Landeslistenplatz (llid, idno, position) VALUES (4, 1232, 27);
insert into Citizen (idno, title, firstname, lastname, dateofbirth, gender) VALUES (1233, '', 'Hohmann', 'Anna Helga Angela', '1.1.1963.', 'p');
insert into CandidatesData (idno) VALUES (1233);
insert into PartyMembership (pid, idno) VALUES (2, 1233);
insert into Landeslistenplatz (llid, idno, position) VALUES (1, 1233, 44);
insert into Citizen (idno, title, firstname, lastname, dateofbirth, gender) VALUES (1234, '', 'Holl', 'Michael', '1.1.1990.', 'p');
insert into CandidatesData (idno) VALUES (1234);
insert into Candidacy (wkid, idno) VALUES (550, 1234);
insert into Citizen (idno, title, firstname, lastname, dateofbirth, gender) VALUES (1235, '', 'Hollack', 'Karin', '1.1.1940.', 'p');
insert into CandidatesData (idno) VALUES (1235);
insert into PartyMembership (pid, idno) VALUES (1, 1235);
insert into Candidacy (wkid, idno) VALUES (347, 1235);
insert into Citizen (idno, title, firstname, lastname, dateofbirth, gender) VALUES (1236, '', 'Holmeier', 'Karl', '1.1.1956.', 'p');
insert into CandidatesData (idno) VALUES (1236);
insert into PartyMembership (pid, idno) VALUES (9, 1236);
insert into Candidacy (wkid, idno) VALUES (533, 1236);
insert into Citizen (idno, title, firstname, lastname, dateofbirth, gender) VALUES (1237, '', 'Holst', 'Ingeborg', '1.1.1938.', 'p');
insert into CandidatesData (idno) VALUES (1237);
insert into PartyMembership (pid, idno) VALUES (16, 1237);
insert into Landeslistenplatz (llid, idno, position) VALUES (15, 1237, 1);
insert into Citizen (idno, title, firstname, lastname, dateofbirth, gender) VALUES (1238, '', 'Holz', 'Angela Brigitte', '1.1.1979.', 'p');
insert into CandidatesData (idno) VALUES (1238);
insert into PartyMembership (pid, idno) VALUES (2, 1238);
insert into Landeslistenplatz (llid, idno, position) VALUES (1, 1238, 38);
insert into Citizen (idno, title, firstname, lastname, dateofbirth, gender) VALUES (1239, '', 'Holzenkamp', 'Franz-Josef', '1.1.1960.', 'p');
insert into CandidatesData (idno) VALUES (1239);
insert into PartyMembership (pid, idno) VALUES (12, 1239);
insert into Candidacy (wkid, idno) VALUES (332, 1239);
insert into Landeslistenplatz (llid, idno, position) VALUES (12, 1239, 30);
insert into Citizen (idno, title, firstname, lastname, dateofbirth, gender) VALUES (1240, '', 'Holzer', 'Malte', '1.1.1965.', 'p');
insert into CandidatesData (idno) VALUES (1240);
insert into PartyMembership (pid, idno) VALUES (1, 1240);
insert into Candidacy (wkid, idno) VALUES (331, 1240);
insert into Landeslistenplatz (llid, idno, position) VALUES (3, 1240, 5);
insert into Citizen (idno, title, firstname, lastname, dateofbirth, gender) VALUES (1241, '', 'Homburger', 'Birgit', '1.1.1965.', 'p');
insert into CandidatesData (idno) VALUES (1241);
insert into PartyMembership (pid, idno) VALUES (4, 1241);
insert into Candidacy (wkid, idno) VALUES (586, 1241);
insert into Landeslistenplatz (llid, idno, position) VALUES (4, 1241, 1);
insert into Citizen (idno, title, firstname, lastname, dateofbirth, gender) VALUES (1242, '', 'Honsel', 'Gerhard', '1.1.1946.', 'p');
insert into CandidatesData (idno) VALUES (1242);
insert into PartyMembership (pid, idno) VALUES (22, 1242);
insert into Landeslistenplatz (llid, idno, position) VALUES (22, 1242, 7);
insert into Citizen (idno, title, firstname, lastname, dateofbirth, gender) VALUES (1243, '', 'Hopfner', 'Dr. Wielant', '1.1.1942.', 'p');
insert into CandidatesData (idno) VALUES (1243);
insert into PartyMembership (pid, idno) VALUES (1, 1243);
insert into Candidacy (wkid, idno) VALUES (549, 1243);
insert into Landeslistenplatz (llid, idno, position) VALUES (3, 1243, 5);
insert into Citizen (idno, title, firstname, lastname, dateofbirth, gender) VALUES (1244, '', 'Hopmann', 'Ulrich', '1.1.1953.', 'p');
insert into CandidatesData (idno) VALUES (1244);
insert into PartyMembership (pid, idno) VALUES (2, 1244);
insert into Landeslistenplatz (llid, idno, position) VALUES (1, 1244, 64);
insert into Citizen (idno, title, firstname, lastname, dateofbirth, gender) VALUES (1245, '', 'Hoppe', 'Siegmund', '1.1.1953.', 'p');
insert into CandidatesData (idno) VALUES (1245);
insert into PartyMembership (pid, idno) VALUES (7, 1245);
insert into Landeslistenplatz (llid, idno, position) VALUES (7, 1245, 3);
insert into Citizen (idno, title, firstname, lastname, dateofbirth, gender) VALUES (1246, '', 'Hoppe', 'Thilo', '1.1.1958.', 'p');
insert into CandidatesData (idno) VALUES (1246);
insert into PartyMembership (pid, idno) VALUES (5, 1246);
insert into Candidacy (wkid, idno) VALUES (324, 1246);
insert into Landeslistenplatz (llid, idno, position) VALUES (5, 1246, 4);
insert into Citizen (idno, title, firstname, lastname, dateofbirth, gender) VALUES (1247, '', 'Horb', 'Margaret', '1.1.1967.', 'p');
insert into CandidatesData (idno) VALUES (1247);
insert into PartyMembership (pid, idno) VALUES (12, 1247);
insert into Landeslistenplatz (llid, idno, position) VALUES (12, 1247, 18);
insert into Citizen (idno, title, firstname, lastname, dateofbirth, gender) VALUES (1248, '', 'Horbas', 'Rainer', '1.1.1970.', 'p');
insert into CandidatesData (idno) VALUES (1248);
insert into PartyMembership (pid, idno) VALUES (4, 1248);
insert into Candidacy (wkid, idno) VALUES (451, 1248);
insert into Citizen (idno, title, firstname, lastname, dateofbirth, gender) VALUES (1249, '', 'Horn', 'Waldemar', '1.1.1973.', 'p');
insert into CandidatesData (idno) VALUES (1249);
insert into PartyMembership (pid, idno) VALUES (1, 1249);
insert into Candidacy (wkid, idno) VALUES (513, 1249);
insert into Citizen (idno, title, firstname, lastname, dateofbirth, gender) VALUES (1250, '', 'Hornig', 'Mirco', '1.1.1973.', 'p');
insert into CandidatesData (idno) VALUES (1250);
insert into PartyMembership (pid, idno) VALUES (19, 1250);
insert into Landeslistenplatz (llid, idno, position) VALUES (18, 1250, 16);
insert into Citizen (idno, title, firstname, lastname, dateofbirth, gender) VALUES (1251, '', 'Hornung', 'Cornelia', '1.1.1975.', 'p');
insert into CandidatesData (idno) VALUES (1251);
insert into PartyMembership (pid, idno) VALUES (2, 1251);
insert into Landeslistenplatz (llid, idno, position) VALUES (1, 1251, 24);
insert into Citizen (idno, title, firstname, lastname, dateofbirth, gender) VALUES (1252, '', 'Hornung', 'Fritz-Walter', '1.1.1957.', 'p');
insert into CandidatesData (idno) VALUES (1252);
insert into PartyMembership (pid, idno) VALUES (3, 1252);
insert into Candidacy (wkid, idno) VALUES (480, 1252);
insert into Citizen (idno, title, firstname, lastname, dateofbirth, gender) VALUES (1253, '', 'Hornung', 'Nicole', '1.1.1958.', 'p');
insert into CandidatesData (idno) VALUES (1253);
insert into PartyMembership (pid, idno) VALUES (7, 1253);
insert into Candidacy (wkid, idno) VALUES (485, 1253);
insert into Landeslistenplatz (llid, idno, position) VALUES (7, 1253, 7);
insert into Citizen (idno, title, firstname, lastname, dateofbirth, gender) VALUES (1254, '', 'Horz-Hövel', 'Sophia', '1.1.1963.', 'p');
insert into CandidatesData (idno) VALUES (1254);
insert into PartyMembership (pid, idno) VALUES (5, 1254);
insert into Landeslistenplatz (llid, idno, position) VALUES (5, 1254, 15);
insert into Citizen (idno, title, firstname, lastname, dateofbirth, gender) VALUES (1255, '', 'Houben', 'Bettina', '1.1.1960.', 'p');
insert into CandidatesData (idno) VALUES (1255);
insert into PartyMembership (pid, idno) VALUES (4, 1255);
insert into Candidacy (wkid, idno) VALUES (395, 1255);
insert into Landeslistenplatz (llid, idno, position) VALUES (4, 1255, 36);
insert into Citizen (idno, title, firstname, lastname, dateofbirth, gender) VALUES (1256, '', 'Hoyer', 'Dr. Guido', '1.1.1968.', 'p');
insert into CandidatesData (idno) VALUES (1256);
insert into PartyMembership (pid, idno) VALUES (3, 1256);
insert into Candidacy (wkid, idno) VALUES (514, 1256);
insert into Landeslistenplatz (llid, idno, position) VALUES (2, 1256, 14);
insert into Citizen (idno, title, firstname, lastname, dateofbirth, gender) VALUES (1257, '', 'Hoyer', 'Dr. Werner', '1.1.1951.', 'p');
insert into CandidatesData (idno) VALUES (1257);
insert into PartyMembership (pid, idno) VALUES (4, 1257);
insert into Candidacy (wkid, idno) VALUES (394, 1257);
insert into Landeslistenplatz (llid, idno, position) VALUES (4, 1257, 4);
insert into Citizen (idno, title, firstname, lastname, dateofbirth, gender) VALUES (1258, '', 'Hubatschek', 'André Torsten', '1.1.1965.', 'p');
insert into CandidatesData (idno) VALUES (1258);
insert into PartyMembership (pid, idno) VALUES (4, 1258);
insert into Candidacy (wkid, idno) VALUES (465, 1258);
insert into Landeslistenplatz (llid, idno, position) VALUES (4, 1258, 8);
insert into Citizen (idno, title, firstname, lastname, dateofbirth, gender) VALUES (1259, '', 'Huber', 'Edda', '1.1.1938.', 'p');
insert into CandidatesData (idno) VALUES (1259);
insert into PartyMembership (pid, idno) VALUES (16, 1259);
insert into Landeslistenplatz (llid, idno, position) VALUES (15, 1259, 5);
insert into Citizen (idno, title, firstname, lastname, dateofbirth, gender) VALUES (1260, '', 'Huber', 'Judith', '1.1.1963.', 'p');
insert into CandidatesData (idno) VALUES (1260);
insert into PartyMembership (pid, idno) VALUES (2, 1260);
insert into Landeslistenplatz (llid, idno, position) VALUES (1, 1260, 13);
insert into Citizen (idno, title, firstname, lastname, dateofbirth, gender) VALUES (1261, '', 'Huber', 'Jürgen', '1.1.1954.', 'p');
insert into CandidatesData (idno) VALUES (1261);
insert into PartyMembership (pid, idno) VALUES (5, 1261);
insert into Candidacy (wkid, idno) VALUES (532, 1261);
insert into Citizen (idno, title, firstname, lastname, dateofbirth, gender) VALUES (1262, '', 'Huber', 'Klaus', '1.1.1942.', 'p');
insert into CandidatesData (idno) VALUES (1262);
insert into PartyMembership (pid, idno) VALUES (22, 1262);
insert into Landeslistenplatz (llid, idno, position) VALUES (22, 1262, 5);
insert into Citizen (idno, title, firstname, lastname, dateofbirth, gender) VALUES (1263, '', 'Huber', 'Konrad', '1.1.1967.', 'p');
insert into CandidatesData (idno) VALUES (1263);
insert into PartyMembership (pid, idno) VALUES (19, 1263);
insert into Candidacy (wkid, idno) VALUES (555, 1263);
insert into Landeslistenplatz (llid, idno, position) VALUES (18, 1263, 8);
insert into Citizen (idno, title, firstname, lastname, dateofbirth, gender) VALUES (1264, '', 'Huber', 'Martin', '1.1.1960.', 'p');
insert into CandidatesData (idno) VALUES (1264);
insert into PartyMembership (pid, idno) VALUES (19, 1264);
insert into Landeslistenplatz (llid, idno, position) VALUES (18, 1264, 9);
insert into Citizen (idno, title, firstname, lastname, dateofbirth, gender) VALUES (1265, '', 'Hubig', 'Ute', '1.1.1947.', 'p');
insert into CandidatesData (idno) VALUES (1265);
insert into PartyMembership (pid, idno) VALUES (12, 1265);
insert into Landeslistenplatz (llid, idno, position) VALUES (12, 1265, 10);
insert into Citizen (idno, title, firstname, lastname, dateofbirth, gender) VALUES (1266, '', 'Hübinger', 'Anette', '1.1.1955.', 'p');
insert into CandidatesData (idno) VALUES (1266);
insert into PartyMembership (pid, idno) VALUES (12, 1266);
insert into Candidacy (wkid, idno) VALUES (595, 1266);
insert into Landeslistenplatz (llid, idno, position) VALUES (12, 1266, 2);
insert into Citizen (idno, title, firstname, lastname, dateofbirth, gender) VALUES (1267, '', 'Hübner', 'Bernd Michael', '1.1.1961.', 'p');
insert into CandidatesData (idno) VALUES (1267);
insert into PartyMembership (pid, idno) VALUES (3, 1267);
insert into Candidacy (wkid, idno) VALUES (422, 1267);
insert into Citizen (idno, title, firstname, lastname, dateofbirth, gender) VALUES (1268, '', 'Hübner', 'Klaas', '1.1.1967.', 'p');
insert into CandidatesData (idno) VALUES (1268);
insert into PartyMembership (pid, idno) VALUES (2, 1268);
insert into Candidacy (wkid, idno) VALUES (371, 1268);
insert into Citizen (idno, title, firstname, lastname, dateofbirth, gender) VALUES (1269, '', 'Hühnlein', 'Johannes', '1.1.1984.', 'p');
insert into CandidatesData (idno) VALUES (1269);
insert into PartyMembership (pid, idno) VALUES (1, 1269);
insert into Candidacy (wkid, idno) VALUES (547, 1269);
insert into Citizen (idno, title, firstname, lastname, dateofbirth, gender) VALUES (1270, '', 'Huemer', 'Robert', '1.1.1967.', 'p');
insert into CandidatesData (idno) VALUES (1270);
insert into PartyMembership (pid, idno) VALUES (8, 1270);
insert into Candidacy (wkid, idno) VALUES (551, 1270);
insert into Landeslistenplatz (llid, idno, position) VALUES (8, 1270, 22);
insert into Citizen (idno, title, firstname, lastname, dateofbirth, gender) VALUES (1271, '', 'Hüppe', 'Hubert', '1.1.1956.', 'p');
insert into CandidatesData (idno) VALUES (1271);
insert into PartyMembership (pid, idno) VALUES (12, 1271);
insert into Candidacy (wkid, idno) VALUES (444, 1271);
insert into Landeslistenplatz (llid, idno, position) VALUES (12, 1271, 22);
insert into Citizen (idno, title, firstname, lastname, dateofbirth, gender) VALUES (1272, '', 'Huffer', 'Michael', '1.1.1956.', 'p');
insert into CandidatesData (idno) VALUES (1272);
insert into PartyMembership (pid, idno) VALUES (3, 1272);
insert into Candidacy (wkid, idno) VALUES (348, 1272);
insert into Citizen (idno, title, firstname, lastname, dateofbirth, gender) VALUES (1273, '', 'Hufgard', 'Christian', '1.1.1979.', 'p');
insert into CandidatesData (idno) VALUES (1273);
insert into PartyMembership (pid, idno) VALUES (7, 1273);
insert into Landeslistenplatz (llid, idno, position) VALUES (7, 1273, 3);
insert into Citizen (idno, title, firstname, lastname, dateofbirth, gender) VALUES (1274, '', 'Hultsch', 'Roland Wolfgang', '1.1.1955.', 'p');
insert into CandidatesData (idno) VALUES (1274);
insert into PartyMembership (pid, idno) VALUES (10, 1274);
insert into Landeslistenplatz (llid, idno, position) VALUES (10, 1274, 12);
insert into Citizen (idno, title, firstname, lastname, dateofbirth, gender) VALUES (1275, '', 'Humme', 'Christel', '1.1.1949.', 'p');
insert into CandidatesData (idno) VALUES (1275);
insert into PartyMembership (pid, idno) VALUES (2, 1275);
insert into Candidacy (wkid, idno) VALUES (439, 1275);
insert into Landeslistenplatz (llid, idno, position) VALUES (1, 1275, 25);
insert into Citizen (idno, title, firstname, lastname, dateofbirth, gender) VALUES (1276, '', 'Hummel', 'Alexander Helmut', '1.1.1977.', 'p');
insert into CandidatesData (idno) VALUES (1276);
insert into PartyMembership (pid, idno) VALUES (9, 1276);
insert into Landeslistenplatz (llid, idno, position) VALUES (9, 1276, 40);
insert into Citizen (idno, title, firstname, lastname, dateofbirth, gender) VALUES (1277, '', 'Hummel', 'Peter', '1.1.1965.', 'p');
insert into CandidatesData (idno) VALUES (1277);
insert into PartyMembership (pid, idno) VALUES (10, 1277);
insert into Landeslistenplatz (llid, idno, position) VALUES (10, 1277, 5);
insert into Citizen (idno, title, firstname, lastname, dateofbirth, gender) VALUES (1278, '', 'Hummel', 'Thomas', '1.1.1982.', 'p');
insert into CandidatesData (idno) VALUES (1278);
insert into PartyMembership (pid, idno) VALUES (15, 1278);
insert into Landeslistenplatz (llid, idno, position) VALUES (14, 1278, 10);
insert into Citizen (idno, title, firstname, lastname, dateofbirth, gender) VALUES (1279, '', 'Hummel', 'Werner', '1.1.1963.', 'p');
insert into CandidatesData (idno) VALUES (1279);
insert into PartyMembership (pid, idno) VALUES (22, 1279);
insert into Landeslistenplatz (llid, idno, position) VALUES (22, 1279, 10);
insert into Citizen (idno, title, firstname, lastname, dateofbirth, gender) VALUES (1280, '', 'Hummert', 'Christian', '1.1.1979.', 'p');
insert into CandidatesData (idno) VALUES (1280);
insert into PartyMembership (pid, idno) VALUES (3, 1280);
insert into Landeslistenplatz (llid, idno, position) VALUES (2, 1280, 11);
insert into Citizen (idno, title, firstname, lastname, dateofbirth, gender) VALUES (1281, '', 'Hunderlach', 'Ralph', '1.1.1974.', 'p');
insert into CandidatesData (idno) VALUES (1281);
insert into PartyMembership (pid, idno) VALUES (7, 1281);
insert into Landeslistenplatz (llid, idno, position) VALUES (7, 1281, 8);
insert into Citizen (idno, title, firstname, lastname, dateofbirth, gender) VALUES (1282, '', 'Hunko', 'Andrej Konstantin', '1.1.1963.', 'p');
insert into CandidatesData (idno) VALUES (1282);
insert into PartyMembership (pid, idno) VALUES (3, 1282);
insert into Candidacy (wkid, idno) VALUES (387, 1282);
insert into Landeslistenplatz (llid, idno, position) VALUES (2, 1282, 6);
insert into Citizen (idno, title, firstname, lastname, dateofbirth, gender) VALUES (1283, '', 'Hunner', 'Jelica', '1.1.1960.', 'p');
insert into CandidatesData (idno) VALUES (1283);
insert into PartyMembership (pid, idno) VALUES (15, 1283);
insert into Landeslistenplatz (llid, idno, position) VALUES (14, 1283, 25);
insert into Citizen (idno, title, firstname, lastname, dateofbirth, gender) VALUES (1284, '', 'Hunner', 'Johann', '1.1.1941.', 'p');
insert into CandidatesData (idno) VALUES (1284);
insert into PartyMembership (pid, idno) VALUES (15, 1284);
insert into Landeslistenplatz (llid, idno, position) VALUES (14, 1284, 26);
insert into Citizen (idno, title, firstname, lastname, dateofbirth, gender) VALUES (1285, '', 'Hupe', 'Vera', '1.1.1959.', 'p');
insert into CandidatesData (idno) VALUES (1285);
insert into PartyMembership (pid, idno) VALUES (8, 1285);
insert into Landeslistenplatz (llid, idno, position) VALUES (8, 1285, 6);
insert into Citizen (idno, title, firstname, lastname, dateofbirth, gender) VALUES (1286, '', 'Hurst', 'Martina', '1.1.1982.', 'p');
insert into CandidatesData (idno) VALUES (1286);
insert into PartyMembership (pid, idno) VALUES (12, 1286);
insert into Landeslistenplatz (llid, idno, position) VALUES (12, 1286, 23);
insert into Citizen (idno, title, firstname, lastname, dateofbirth, gender) VALUES (1287, '', 'Hussinger', 'Monica', '1.1.1960.', 'p');
insert into CandidatesData (idno) VALUES (1287);
insert into PartyMembership (pid, idno) VALUES (4, 1287);
insert into Landeslistenplatz (llid, idno, position) VALUES (4, 1287, 4);
insert into Citizen (idno, title, firstname, lastname, dateofbirth, gender) VALUES (1288, '', 'Huth', 'Christian', '1.1.1964.', 'p');
insert into CandidatesData (idno) VALUES (1288);
insert into PartyMembership (pid, idno) VALUES (10, 1288);
insert into Candidacy (wkid, idno) VALUES (505, 1288);
insert into Citizen (idno, title, firstname, lastname, dateofbirth, gender) VALUES (1289, '', 'Huth', 'Joachim', '1.1.1960.', 'p');
insert into CandidatesData (idno) VALUES (1289);
insert into PartyMembership (pid, idno) VALUES (10, 1289);
insert into Candidacy (wkid, idno) VALUES (323, 1289);
insert into Citizen (idno, title, firstname, lastname, dateofbirth, gender) VALUES (1290, '', 'Igelmann', 'Richard', '1.1.1977.', 'p');
insert into CandidatesData (idno) VALUES (1290);
insert into PartyMembership (pid, idno) VALUES (11, 1290);
insert into Landeslistenplatz (llid, idno, position) VALUES (11, 1290, 5);
insert into Citizen (idno, title, firstname, lastname, dateofbirth, gender) VALUES (1291, '', 'Ilius', 'Klaus-Dieter', '1.1.1948.', 'p');
insert into CandidatesData (idno) VALUES (1291);
insert into PartyMembership (pid, idno) VALUES (13, 1291);
insert into Landeslistenplatz (llid, idno, position) VALUES (13, 1291, 5);
insert into Citizen (idno, title, firstname, lastname, dateofbirth, gender) VALUES (1292, '', 'Ilius', 'Petra', '1.1.1950.', 'p');
insert into CandidatesData (idno) VALUES (1292);
insert into PartyMembership (pid, idno) VALUES (13, 1292);
insert into Candidacy (wkid, idno) VALUES (384, 1292);
insert into Landeslistenplatz (llid, idno, position) VALUES (13, 1292, 3);
insert into Citizen (idno, title, firstname, lastname, dateofbirth, gender) VALUES (1293, '', 'Ilkhanipour', 'Danial', '1.1.1981.', 'p');
insert into CandidatesData (idno) VALUES (1293);
insert into PartyMembership (pid, idno) VALUES (2, 1293);
insert into Candidacy (wkid, idno) VALUES (320, 1293);
insert into Citizen (idno, title, firstname, lastname, dateofbirth, gender) VALUES (1294, '', 'Irion', 'Jörg Joachim', '1.1.1939.', 'p');
insert into CandidatesData (idno) VALUES (1294);
insert into PartyMembership (pid, idno) VALUES (13, 1294);
insert into Landeslistenplatz (llid, idno, position) VALUES (13, 1294, 3);
insert into Citizen (idno, title, firstname, lastname, dateofbirth, gender) VALUES (1295, '', 'Irmscher', 'Philipp', '1.1.1988.', 'p');
insert into CandidatesData (idno) VALUES (1295);
insert into PartyMembership (pid, idno) VALUES (4, 1295);
insert into Candidacy (wkid, idno) VALUES (536, 1295);
insert into Landeslistenplatz (llid, idno, position) VALUES (4, 1295, 42);
insert into Citizen (idno, title, firstname, lastname, dateofbirth, gender) VALUES (1296, '', 'Iseke', 'Thomas', '1.1.1963.', 'p');
insert into CandidatesData (idno) VALUES (1296);
insert into PartyMembership (pid, idno) VALUES (4, 1296);
insert into Candidacy (wkid, idno) VALUES (343, 1296);
insert into Landeslistenplatz (llid, idno, position) VALUES (4, 1296, 21);
insert into Citizen (idno, title, firstname, lastname, dateofbirth, gender) VALUES (1297, '', 'Izgin', 'Figen', '1.1.1965.', 'p');
insert into CandidatesData (idno) VALUES (1297);
insert into PartyMembership (pid, idno) VALUES (3, 1297);
insert into Candidacy (wkid, idno) VALUES (381, 1297);
insert into Landeslistenplatz (llid, idno, position) VALUES (2, 1297, 7);
insert into Citizen (idno, title, firstname, lastname, dateofbirth, gender) VALUES (1298, '', 'Jackowski', 'Gerlind Annemarie', '1.1.1944.', 'p');
insert into CandidatesData (idno) VALUES (1298);
insert into PartyMembership (pid, idno) VALUES (8, 1298);
insert into Landeslistenplatz (llid, idno, position) VALUES (8, 1298, 4);
insert into Citizen (idno, title, firstname, lastname, dateofbirth, gender) VALUES (1299, '', 'Jäger', 'Ulf', '1.1.1964.', 'p');
insert into CandidatesData (idno) VALUES (1299);
insert into PartyMembership (pid, idno) VALUES (3, 1299);
insert into Candidacy (wkid, idno) VALUES (424, 1299);
insert into Citizen (idno, title, firstname, lastname, dateofbirth, gender) VALUES (1300, '', 'Jaeschke', 'Jan', '1.1.1990.', 'p');
insert into CandidatesData (idno) VALUES (1300);
insert into PartyMembership (pid, idno) VALUES (1, 1300);
insert into Candidacy (wkid, idno) VALUES (573, 1300);
insert into Citizen (idno, title, firstname, lastname, dateofbirth, gender) VALUES (1301, '', 'Jager', 'Dr. Eva', '1.1.1950.', 'p');
insert into CandidatesData (idno) VALUES (1301);
insert into PartyMembership (pid, idno) VALUES (4, 1301);
insert into Landeslistenplatz (llid, idno, position) VALUES (4, 1301, 34);
insert into Citizen (idno, title, firstname, lastname, dateofbirth, gender) VALUES (1302, '', 'Jagsch', 'Stefan', '1.1.1986.', 'p');
insert into CandidatesData (idno) VALUES (1302);
insert into PartyMembership (pid, idno) VALUES (1, 1302);
insert into Candidacy (wkid, idno) VALUES (478, 1302);
insert into Landeslistenplatz (llid, idno, position) VALUES (3, 1302, 5);
insert into Citizen (idno, title, firstname, lastname, dateofbirth, gender) VALUES (1303, '', 'Jahn', 'Andreas', '1.1.1955.', 'p');
insert into CandidatesData (idno) VALUES (1303);
insert into PartyMembership (pid, idno) VALUES (1, 1303);
insert into Candidacy (wkid, idno) VALUES (483, 1303);
insert into Citizen (idno, title, firstname, lastname, dateofbirth, gender) VALUES (1304, '', 'Jahn', 'Kirsten', '1.1.1976.', 'p');
insert into CandidatesData (idno) VALUES (1304);
insert into PartyMembership (pid, idno) VALUES (5, 1304);
insert into Landeslistenplatz (llid, idno, position) VALUES (5, 1304, 25);
insert into Citizen (idno, title, firstname, lastname, dateofbirth, gender) VALUES (1305, '', 'Jansen', 'Franz', '1.1.1935.', 'p');
insert into CandidatesData (idno) VALUES (1305);
insert into Candidacy (wkid, idno) VALUES (501, 1305);
insert into Citizen (idno, title, firstname, lastname, dateofbirth, gender) VALUES (1306, '', 'Janßen', 'Cornelius Heinrich', '1.1.1965.', 'p');
insert into CandidatesData (idno) VALUES (1306);
insert into PartyMembership (pid, idno) VALUES (4, 1306);
insert into Candidacy (wkid, idno) VALUES (453, 1306);
insert into Landeslistenplatz (llid, idno, position) VALUES (4, 1306, 9);
insert into Citizen (idno, title, firstname, lastname, dateofbirth, gender) VALUES (1307, '', 'Janssen', 'Jan', '1.1.1971.', 'p');
insert into CandidatesData (idno) VALUES (1307);
insert into Candidacy (wkid, idno) VALUES (308, 1307);
insert into Citizen (idno, title, firstname, lastname, dateofbirth, gender) VALUES (1308, '', 'Janssen', 'Michael', '1.1.1985.', 'p');
insert into CandidatesData (idno) VALUES (1308);
insert into PartyMembership (pid, idno) VALUES (1, 1308);
insert into Candidacy (wkid, idno) VALUES (410, 1308);
insert into Citizen (idno, title, firstname, lastname, dateofbirth, gender) VALUES (1309, '', 'Janus', 'Richard', '1.1.1970.', 'p');
insert into CandidatesData (idno) VALUES (1309);
insert into PartyMembership (pid, idno) VALUES (5, 1309);
insert into Candidacy (wkid, idno) VALUES (489, 1309);
insert into Landeslistenplatz (llid, idno, position) VALUES (5, 1309, 7);
insert into Citizen (idno, title, firstname, lastname, dateofbirth, gender) VALUES (1310, '', 'Jarmer', 'Hans-Werner', '1.1.1958.', 'p');
insert into CandidatesData (idno) VALUES (1310);
insert into PartyMembership (pid, idno) VALUES (28, 1310);
insert into Candidacy (wkid, idno) VALUES (300, 1310);
insert into Citizen (idno, title, firstname, lastname, dateofbirth, gender) VALUES (1311, '', 'Jarzombek', 'Thomas', '1.1.1973.', 'p');
insert into CandidatesData (idno) VALUES (1311);
insert into PartyMembership (pid, idno) VALUES (12, 1311);
insert into Candidacy (wkid, idno) VALUES (406, 1311);
insert into Landeslistenplatz (llid, idno, position) VALUES (12, 1311, 44);
insert into Citizen (idno, title, firstname, lastname, dateofbirth, gender) VALUES (1312, '', 'Jaschkowski', 'Erich', '1.1.1952.', 'p');
insert into CandidatesData (idno) VALUES (1312);
insert into Candidacy (wkid, idno) VALUES (373, 1312);
insert into Citizen (idno, title, firstname, lastname, dateofbirth, gender) VALUES (1313, '', 'Jasper', 'Dr. Dieter', '1.1.1962.', 'p');
insert into CandidatesData (idno) VALUES (1313);
insert into PartyMembership (pid, idno) VALUES (12, 1313);
insert into Candidacy (wkid, idno) VALUES (428, 1313);
insert into Landeslistenplatz (llid, idno, position) VALUES (12, 1313, 39);
insert into Citizen (idno, title, firstname, lastname, dateofbirth, gender) VALUES (1314, '', 'Jauernig', 'Dorothea', '1.1.1938.', 'p');
insert into CandidatesData (idno) VALUES (1314);
insert into PartyMembership (pid, idno) VALUES (13, 1314);
insert into Candidacy (wkid, idno) VALUES (560, 1314);
insert into Landeslistenplatz (llid, idno, position) VALUES (13, 1314, 8);
insert into Citizen (idno, title, firstname, lastname, dateofbirth, gender) VALUES (1315, '', 'Jehle', 'Jochen', '1.1.1968.', 'p');
insert into CandidatesData (idno) VALUES (1315);
insert into PartyMembership (pid, idno) VALUES (2, 1315);
insert into Candidacy (wkid, idno) VALUES (592, 1315);
insert into Landeslistenplatz (llid, idno, position) VALUES (1, 1315, 33);
insert into Citizen (idno, title, firstname, lastname, dateofbirth, gender) VALUES (1316, '', 'Jelpke', 'Ursula', '1.1.1951.', 'p');
insert into CandidatesData (idno) VALUES (1316);
insert into PartyMembership (pid, idno) VALUES (3, 1316);
insert into Candidacy (wkid, idno) VALUES (443, 1316);
insert into Landeslistenplatz (llid, idno, position) VALUES (2, 1316, 2);
insert into Citizen (idno, title, firstname, lastname, dateofbirth, gender) VALUES (1317, '', 'Jenkel', 'Reiner', '1.1.1950.', 'p');
insert into CandidatesData (idno) VALUES (1317);
insert into PartyMembership (pid, idno) VALUES (3, 1317);
insert into Candidacy (wkid, idno) VALUES (430, 1317);
insert into Citizen (idno, title, firstname, lastname, dateofbirth, gender) VALUES (1318, '', 'Jennerjahn', 'Kai', '1.1.1983.', 'p');
insert into CandidatesData (idno) VALUES (1318);
insert into PartyMembership (pid, idno) VALUES (16, 1318);
insert into Landeslistenplatz (llid, idno, position) VALUES (15, 1318, 5);
insert into Citizen (idno, title, firstname, lastname, dateofbirth, gender) VALUES (1319, '', 'Jens', 'Karina Annemarie', '1.1.1958.', 'p');
insert into CandidatesData (idno) VALUES (1319);
insert into PartyMembership (pid, idno) VALUES (12, 1319);
insert into Landeslistenplatz (llid, idno, position) VALUES (12, 1319, 10);
insert into Citizen (idno, title, firstname, lastname, dateofbirth, gender) VALUES (1320, '', 'Jensen', 'Dr. Nils', '1.1.1975.', 'p');
insert into CandidatesData (idno) VALUES (1320);
insert into PartyMembership (pid, idno) VALUES (8, 1320);
insert into Landeslistenplatz (llid, idno, position) VALUES (8, 1320, 9);
insert into Citizen (idno, title, firstname, lastname, dateofbirth, gender) VALUES (1321, '', 'Jenssen', 'Jens', '1.1.1979.', 'p');
insert into CandidatesData (idno) VALUES (1321);
insert into PartyMembership (pid, idno) VALUES (2, 1321);
insert into Landeslistenplatz (llid, idno, position) VALUES (1, 1321, 29);
insert into Citizen (idno, title, firstname, lastname, dateofbirth, gender) VALUES (1322, '', 'Jenter', 'Anneliese', '1.1.1953.', 'p');
insert into CandidatesData (idno) VALUES (1322);
insert into PartyMembership (pid, idno) VALUES (2, 1322);
insert into Candidacy (wkid, idno) VALUES (593, 1322);
insert into Landeslistenplatz (llid, idno, position) VALUES (1, 1322, 32);
insert into Citizen (idno, title, firstname, lastname, dateofbirth, gender) VALUES (1323, '', 'Jepsen', 'Thomas', '1.1.1973.', 'p');
insert into CandidatesData (idno) VALUES (1323);
insert into PartyMembership (pid, idno) VALUES (12, 1323);
insert into Landeslistenplatz (llid, idno, position) VALUES (12, 1323, 19);
insert into Citizen (idno, title, firstname, lastname, dateofbirth, gender) VALUES (1324, '', 'Jeschke', 'Marieluise', '1.1.1935.', 'p');
insert into CandidatesData (idno) VALUES (1324);
insert into PartyMembership (pid, idno) VALUES (19, 1324);
insert into Landeslistenplatz (llid, idno, position) VALUES (18, 1324, 2);
insert into Citizen (idno, title, firstname, lastname, dateofbirth, gender) VALUES (1325, '', 'Jesinghausen', 'Elke', '1.1.1955.', 'p');
insert into CandidatesData (idno) VALUES (1325);
insert into PartyMembership (pid, idno) VALUES (12, 1325);
insert into Landeslistenplatz (llid, idno, position) VALUES (12, 1325, 43);
insert into Citizen (idno, title, firstname, lastname, dateofbirth, gender) VALUES (1326, '', 'Jezewski', 'Heinz-Werner', '1.1.1958.', 'p');
insert into CandidatesData (idno) VALUES (1326);
insert into PartyMembership (pid, idno) VALUES (3, 1326);
insert into Candidacy (wkid, idno) VALUES (300, 1326);
insert into Landeslistenplatz (llid, idno, position) VALUES (2, 1326, 6);
insert into Citizen (idno, title, firstname, lastname, dateofbirth, gender) VALUES (1327, '', 'Jochimsen', 'Dr. Lukrezia Luise', '1.1.1936.', 'p');
insert into CandidatesData (idno) VALUES (1327);
insert into PartyMembership (pid, idno) VALUES (3, 1327);
insert into Landeslistenplatz (llid, idno, position) VALUES (2, 1327, 2);
insert into Citizen (idno, title, firstname, lastname, dateofbirth, gender) VALUES (1328, '', 'Jochum', 'Mathias', '1.1.1981.', 'p');
insert into CandidatesData (idno) VALUES (1328);
insert into PartyMembership (pid, idno) VALUES (12, 1328);
insert into Landeslistenplatz (llid, idno, position) VALUES (12, 1328, 20);
insert into Citizen (idno, title, firstname, lastname, dateofbirth, gender) VALUES (1329, '', 'Jöbkes', 'Bruno', '1.1.1967.', 'p');
insert into CandidatesData (idno) VALUES (1329);
insert into PartyMembership (pid, idno) VALUES (5, 1329);
insert into Candidacy (wkid, idno) VALUES (412, 1329);
insert into Citizen (idno, title, firstname, lastname, dateofbirth, gender) VALUES (1330, '', 'Jöckle', 'Wolfgang', '1.1.1950.', 'p');
insert into CandidatesData (idno) VALUES (1330);
insert into PartyMembership (pid, idno) VALUES (8, 1330);
insert into Landeslistenplatz (llid, idno, position) VALUES (8, 1330, 5);
insert into Citizen (idno, title, firstname, lastname, dateofbirth, gender) VALUES (1331, '', 'Jörns', 'Sven Wolfgang', '1.1.1970.', 'p');
insert into CandidatesData (idno) VALUES (1331);
insert into PartyMembership (pid, idno) VALUES (7, 1331);
insert into Landeslistenplatz (llid, idno, position) VALUES (7, 1331, 4);
insert into Citizen (idno, title, firstname, lastname, dateofbirth, gender) VALUES (1332, '', 'Johanning-Sturm', 'Silke', '1.1.1976.', 'p');
insert into CandidatesData (idno) VALUES (1332);
insert into PartyMembership (pid, idno) VALUES (12, 1332);
insert into Landeslistenplatz (llid, idno, position) VALUES (12, 1332, 45);
insert into Citizen (idno, title, firstname, lastname, dateofbirth, gender) VALUES (1333, '', 'Johannpötter', 'Norbert', '1.1.1972.', 'p');
insert into CandidatesData (idno) VALUES (1333);
insert into PartyMembership (pid, idno) VALUES (8, 1333);
insert into Landeslistenplatz (llid, idno, position) VALUES (8, 1333, 11);
insert into Citizen (idno, title, firstname, lastname, dateofbirth, gender) VALUES (1334, '', 'Johlke', 'Gisela', '1.1.1945.', 'p');
insert into CandidatesData (idno) VALUES (1334);
insert into PartyMembership (pid, idno) VALUES (5, 1334);
insert into Candidacy (wkid, idno) VALUES (389, 1334);
insert into Citizen (idno, title, firstname, lastname, dateofbirth, gender) VALUES (1335, '', 'John', 'Robin', '1.1.1976.', 'p');
insert into CandidatesData (idno) VALUES (1335);
insert into PartyMembership (pid, idno) VALUES (4, 1335);
insert into Candidacy (wkid, idno) VALUES (462, 1335);
insert into Citizen (idno, title, firstname, lastname, dateofbirth, gender) VALUES (1336, '', 'John', 'Rüdiger', '1.1.1977.', 'p');
insert into CandidatesData (idno) VALUES (1336);
insert into PartyMembership (pid, idno) VALUES (8, 1336);
insert into Landeslistenplatz (llid, idno, position) VALUES (8, 1336, 16);
insert into Citizen (idno, title, firstname, lastname, dateofbirth, gender) VALUES (1337, '', 'John', 'Siegmar', '1.1.1939.', 'p');
insert into CandidatesData (idno) VALUES (1337);
insert into PartyMembership (pid, idno) VALUES (10, 1337);
insert into Candidacy (wkid, idno) VALUES (457, 1337);
insert into Landeslistenplatz (llid, idno, position) VALUES (10, 1337, 11);
insert into Citizen (idno, title, firstname, lastname, dateofbirth, gender) VALUES (1338, '', 'Joosten', 'Arnold Peter', '1.1.1982.', 'p');
insert into CandidatesData (idno) VALUES (1338);
insert into PartyMembership (pid, idno) VALUES (2, 1338);
insert into Landeslistenplatz (llid, idno, position) VALUES (1, 1338, 16);
insert into Citizen (idno, title, firstname, lastname, dateofbirth, gender) VALUES (1339, '', 'Jordan', 'Dr. Hans-Heinrich', '1.1.1948.', 'p');
insert into CandidatesData (idno) VALUES (1339);
insert into PartyMembership (pid, idno) VALUES (12, 1339);
insert into Candidacy (wkid, idno) VALUES (366, 1339);
insert into Landeslistenplatz (llid, idno, position) VALUES (12, 1339, 5);
insert into Citizen (idno, title, firstname, lastname, dateofbirth, gender) VALUES (1340, '', 'Jost', 'Ingrid', '1.1.1948.', 'p');
insert into CandidatesData (idno) VALUES (1340);
insert into PartyMembership (pid, idno) VALUES (3, 1340);
insert into Landeslistenplatz (llid, idno, position) VALUES (2, 1340, 27);
insert into Citizen (idno, title, firstname, lastname, dateofbirth, gender) VALUES (1341, '', 'Juchler', 'Dr. Ingo', '1.1.1962.', 'p');
insert into CandidatesData (idno) VALUES (1341);
insert into PartyMembership (pid, idno) VALUES (2, 1341);
insert into Candidacy (wkid, idno) VALUES (571, 1341);
insert into Citizen (idno, title, firstname, lastname, dateofbirth, gender) VALUES (1342, '', 'Jürgens', 'Ludwig', '1.1.1942.', 'p');
insert into CandidatesData (idno) VALUES (1342);
insert into PartyMembership (pid, idno) VALUES (2, 1342);
insert into Landeslistenplatz (llid, idno, position) VALUES (1, 1342, 51);
insert into Citizen (idno, title, firstname, lastname, dateofbirth, gender) VALUES (1343, '', 'Jüttner', 'Dr. Egon', '1.1.1942.', 'p');
insert into CandidatesData (idno) VALUES (1343);
insert into PartyMembership (pid, idno) VALUES (12, 1343);
insert into Candidacy (wkid, idno) VALUES (574, 1343);
insert into Landeslistenplatz (llid, idno, position) VALUES (12, 1343, 14);
insert into Citizen (idno, title, firstname, lastname, dateofbirth, gender) VALUES (1344, '', 'Jüttner', 'Johannes', '1.1.1966.', 'p');
insert into CandidatesData (idno) VALUES (1344);
insert into PartyMembership (pid, idno) VALUES (19, 1344);
insert into Landeslistenplatz (llid, idno, position) VALUES (18, 1344, 5);
insert into Citizen (idno, title, firstname, lastname, dateofbirth, gender) VALUES (1345, '', 'Julius', 'Gert', '1.1.1936.', 'p');
insert into CandidatesData (idno) VALUES (1345);
insert into PartyMembership (pid, idno) VALUES (21, 1345);
insert into Landeslistenplatz (llid, idno, position) VALUES (20, 1345, 8);
insert into Citizen (idno, title, firstname, lastname, dateofbirth, gender) VALUES (1346, '', 'Juner', 'Jörg', '1.1.1967.', 'p');
insert into CandidatesData (idno) VALUES (1346);
insert into PartyMembership (pid, idno) VALUES (2, 1346);
insert into Landeslistenplatz (llid, idno, position) VALUES (1, 1346, 26);
insert into Citizen (idno, title, firstname, lastname, dateofbirth, gender) VALUES (1347, '', 'Jung', 'Andreas', '1.1.1975.', 'p');
insert into CandidatesData (idno) VALUES (1347);
insert into PartyMembership (pid, idno) VALUES (12, 1347);
insert into Candidacy (wkid, idno) VALUES (586, 1347);
insert into Citizen (idno, title, firstname, lastname, dateofbirth, gender) VALUES (1348, '', 'Jung', 'Dr. Franz Josef', '1.1.1949.', 'p');
insert into CandidatesData (idno) VALUES (1348);
insert into PartyMembership (pid, idno) VALUES (12, 1348);
insert into Candidacy (wkid, idno) VALUES (483, 1348);
insert into Landeslistenplatz (llid, idno, position) VALUES (12, 1348, 1);
insert into Citizen (idno, title, firstname, lastname, dateofbirth, gender) VALUES (1349, '', 'Jung', 'Gabriele', '1.1.1965.', 'p');
insert into CandidatesData (idno) VALUES (1349);
insert into PartyMembership (pid, idno) VALUES (5, 1349);
insert into Landeslistenplatz (llid, idno, position) VALUES (5, 1349, 4);
insert into Citizen (idno, title, firstname, lastname, dateofbirth, gender) VALUES (1350, '', 'Jung', 'Johannes', '1.1.1967.', 'p');
insert into CandidatesData (idno) VALUES (1350);
insert into PartyMembership (pid, idno) VALUES (2, 1350);
insert into Candidacy (wkid, idno) VALUES (570, 1350);
insert into Landeslistenplatz (llid, idno, position) VALUES (1, 1350, 19);
insert into Citizen (idno, title, firstname, lastname, dateofbirth, gender) VALUES (1351, '', 'Jung', 'Manuela', '1.1.1960.', 'p');
insert into CandidatesData (idno) VALUES (1351);
insert into PartyMembership (pid, idno) VALUES (16, 1351);
insert into Landeslistenplatz (llid, idno, position) VALUES (15, 1351, 3);
insert into Citizen (idno, title, firstname, lastname, dateofbirth, gender) VALUES (1352, '', 'Jung', 'Sabine', '1.1.1960.', 'p');
insert into CandidatesData (idno) VALUES (1352);
insert into PartyMembership (pid, idno) VALUES (2, 1352);
insert into Landeslistenplatz (llid, idno, position) VALUES (1, 1352, 8);
insert into Citizen (idno, title, firstname, lastname, dateofbirth, gender) VALUES (1353, '', 'Jung', 'Walter', '1.1.1950.', 'p');
insert into CandidatesData (idno) VALUES (1353);
insert into PartyMembership (pid, idno) VALUES (4, 1353);
insert into Candidacy (wkid, idno) VALUES (501, 1353);
insert into Landeslistenplatz (llid, idno, position) VALUES (4, 1353, 14);
insert into Citizen (idno, title, firstname, lastname, dateofbirth, gender) VALUES (1354, '', 'Jung', 'Xaver', '1.1.1962.', 'p');
insert into CandidatesData (idno) VALUES (1354);
insert into PartyMembership (pid, idno) VALUES (12, 1354);
insert into Candidacy (wkid, idno) VALUES (509, 1354);
insert into Landeslistenplatz (llid, idno, position) VALUES (12, 1354, 14);
insert into Citizen (idno, title, firstname, lastname, dateofbirth, gender) VALUES (1355, '', 'Jungmann', 'Jörg', '1.1.1952.', 'p');
insert into CandidatesData (idno) VALUES (1355);
insert into PartyMembership (pid, idno) VALUES (3, 1355);
insert into Candidacy (wkid, idno) VALUES (478, 1355);
insert into Landeslistenplatz (llid, idno, position) VALUES (2, 1355, 6);
insert into Citizen (idno, title, firstname, lastname, dateofbirth, gender) VALUES (1356, '', 'Junker', 'Franziska', '1.1.1963.', 'p');
insert into CandidatesData (idno) VALUES (1356);
insert into PartyMembership (pid, idno) VALUES (3, 1356);
insert into Candidacy (wkid, idno) VALUES (325, 1356);
insert into Landeslistenplatz (llid, idno, position) VALUES (2, 1356, 26);
insert into Citizen (idno, title, firstname, lastname, dateofbirth, gender) VALUES (1357, '', 'Junkereit', 'Luzian Bernd', '1.1.1969.', 'p');
insert into CandidatesData (idno) VALUES (1357);
insert into PartyMembership (pid, idno) VALUES (3, 1357);
insert into Candidacy (wkid, idno) VALUES (434, 1357);
insert into Citizen (idno, title, firstname, lastname, dateofbirth, gender) VALUES (1358, '', 'Juratovic', 'Josip', '1.1.1959.', 'p');
insert into CandidatesData (idno) VALUES (1358);
insert into PartyMembership (pid, idno) VALUES (2, 1358);
insert into Candidacy (wkid, idno) VALUES (566, 1358);
insert into Landeslistenplatz (llid, idno, position) VALUES (1, 1358, 15);
insert into Citizen (idno, title, firstname, lastname, dateofbirth, gender) VALUES (1359, '', 'Just', 'Dirk', '1.1.1973.', 'p');
insert into CandidatesData (idno) VALUES (1359);
insert into PartyMembership (pid, idno) VALUES (5, 1359);
insert into Candidacy (wkid, idno) VALUES (509, 1359);
insert into Citizen (idno, title, firstname, lastname, dateofbirth, gender) VALUES (1360, '', 'Kabisch', 'Jens', '1.1.1984.', 'p');
insert into CandidatesData (idno) VALUES (1360);
insert into PartyMembership (pid, idno) VALUES (2, 1360);
insert into Candidacy (wkid, idno) VALUES (451, 1360);
insert into Landeslistenplatz (llid, idno, position) VALUES (1, 1360, 11);
insert into Citizen (idno, title, firstname, lastname, dateofbirth, gender) VALUES (1361, '', 'Kaczmarek', 'Oliver', '1.1.1970.', 'p');
insert into CandidatesData (idno) VALUES (1361);
insert into PartyMembership (pid, idno) VALUES (2, 1361);
insert into Candidacy (wkid, idno) VALUES (444, 1361);
insert into Landeslistenplatz (llid, idno, position) VALUES (1, 1361, 48);
insert into Citizen (idno, title, firstname, lastname, dateofbirth, gender) VALUES (1362, '', 'Kaehne', 'Arne', '1.1.1977.', 'p');
insert into CandidatesData (idno) VALUES (1362);
insert into PartyMembership (pid, idno) VALUES (1, 1362);
insert into Candidacy (wkid, idno) VALUES (301, 1362);
insert into Citizen (idno, title, firstname, lastname, dateofbirth, gender) VALUES (1363, '', 'Kaenders', 'Gabriele', '1.1.1951.', 'p');
insert into CandidatesData (idno) VALUES (1363);
insert into PartyMembership (pid, idno) VALUES (3, 1363);
insert into Landeslistenplatz (llid, idno, position) VALUES (2, 1363, 25);
insert into Citizen (idno, title, firstname, lastname, dateofbirth, gender) VALUES (1364, '', 'Kaesbach', 'Martina', '1.1.1964.', 'p');
insert into CandidatesData (idno) VALUES (1364);
insert into PartyMembership (pid, idno) VALUES (4, 1364);
insert into Landeslistenplatz (llid, idno, position) VALUES (4, 1364, 4);
insert into Citizen (idno, title, firstname, lastname, dateofbirth, gender) VALUES (1365, '', 'Kästner', 'Alexander', '1.1.1975.', 'p');
insert into CandidatesData (idno) VALUES (1365);
insert into PartyMembership (pid, idno) VALUES (12, 1365);
insert into Candidacy (wkid, idno) VALUES (496, 1365);
insert into Landeslistenplatz (llid, idno, position) VALUES (12, 1365, 8);
insert into Citizen (idno, title, firstname, lastname, dateofbirth, gender) VALUES (1366, '', 'Kästner', 'Toni', '1.1.1985.', 'p');
insert into CandidatesData (idno) VALUES (1366);
insert into PartyMembership (pid, idno) VALUES (10, 1366);
insert into Candidacy (wkid, idno) VALUES (460, 1366);
insert into Landeslistenplatz (llid, idno, position) VALUES (10, 1366, 2);
insert into Citizen (idno, title, firstname, lastname, dateofbirth, gender) VALUES (1367, '', 'Kahl', 'Dr. Hartmut Herrmann', '1.1.1981.', 'p');
insert into CandidatesData (idno) VALUES (1367);
insert into PartyMembership (pid, idno) VALUES (5, 1367);
insert into Candidacy (wkid, idno) VALUES (464, 1367);
insert into Landeslistenplatz (llid, idno, position) VALUES (5, 1367, 4);
insert into Citizen (idno, title, firstname, lastname, dateofbirth, gender) VALUES (1368, '', 'Kahl', 'Michèle', '1.1.1985.', 'p');
insert into CandidatesData (idno) VALUES (1368);
insert into PartyMembership (pid, idno) VALUES (5, 1368);
insert into Landeslistenplatz (llid, idno, position) VALUES (5, 1368, 15);
insert into Citizen (idno, title, firstname, lastname, dateofbirth, gender) VALUES (1369, '', 'Kahraman-Meister', 'Yazgülü', '1.1.1962.', 'p');
insert into CandidatesData (idno) VALUES (1369);
insert into PartyMembership (pid, idno) VALUES (13, 1369);
insert into Landeslistenplatz (llid, idno, position) VALUES (13, 1369, 4);
insert into Citizen (idno, title, firstname, lastname, dateofbirth, gender) VALUES (1370, '', 'Kahrs', 'Johannes', '1.1.1963.', 'p');
insert into CandidatesData (idno) VALUES (1370);
insert into PartyMembership (pid, idno) VALUES (2, 1370);
insert into Candidacy (wkid, idno) VALUES (318, 1370);
insert into Citizen (idno, title, firstname, lastname, dateofbirth, gender) VALUES (1371, '', 'Kainz', 'Werner', '1.1.1963.', 'p');
insert into CandidatesData (idno) VALUES (1371);
insert into PartyMembership (pid, idno) VALUES (6, 1371);
insert into Landeslistenplatz (llid, idno, position) VALUES (6, 1371, 6);
insert into Citizen (idno, title, firstname, lastname, dateofbirth, gender) VALUES (1372, '', 'Kaiser', 'Brigitte Ottilie', '1.1.1944.', 'p');
insert into CandidatesData (idno) VALUES (1372);
insert into PartyMembership (pid, idno) VALUES (14, 1372);
insert into Candidacy (wkid, idno) VALUES (328, 1372);
insert into Landeslistenplatz (llid, idno, position) VALUES (21, 1372, 8);
insert into Citizen (idno, title, firstname, lastname, dateofbirth, gender) VALUES (1373, '', 'Kaiser', 'Christa', '1.1.1953.', 'p');
insert into CandidatesData (idno) VALUES (1373);
insert into PartyMembership (pid, idno) VALUES (10, 1373);
insert into Candidacy (wkid, idno) VALUES (519, 1373);
insert into Landeslistenplatz (llid, idno, position) VALUES (10, 1373, 2);
insert into Citizen (idno, title, firstname, lastname, dateofbirth, gender) VALUES (1374, '', 'Kaiser', 'Gerhard', '1.1.1954.', 'p');
insert into CandidatesData (idno) VALUES (1374);
insert into PartyMembership (pid, idno) VALUES (2, 1374);
insert into Landeslistenplatz (llid, idno, position) VALUES (1, 1374, 40);
insert into Citizen (idno, title, firstname, lastname, dateofbirth, gender) VALUES (1375, '', 'Kaiser', 'Manfred', '1.1.1968.', 'p');
insert into CandidatesData (idno) VALUES (1375);
insert into PartyMembership (pid, idno) VALUES (8, 1375);
insert into Landeslistenplatz (llid, idno, position) VALUES (8, 1375, 8);
insert into Citizen (idno, title, firstname, lastname, dateofbirth, gender) VALUES (1376, '', 'Kaiser', 'Peter', '1.1.1971.', 'p');
insert into CandidatesData (idno) VALUES (1376);
insert into PartyMembership (pid, idno) VALUES (4, 1376);
insert into Landeslistenplatz (llid, idno, position) VALUES (4, 1376, 22);
insert into Citizen (idno, title, firstname, lastname, dateofbirth, gender) VALUES (1377, '', 'Kaiser', 'Sandra', '1.1.1974.', 'p');
insert into CandidatesData (idno) VALUES (1377);
insert into PartyMembership (pid, idno) VALUES (8, 1377);
insert into Landeslistenplatz (llid, idno, position) VALUES (8, 1377, 10);
insert into Citizen (idno, title, firstname, lastname, dateofbirth, gender) VALUES (1378, '', 'Kalb', 'Bartholomäus', '1.1.1949.', 'p');
insert into CandidatesData (idno) VALUES (1378);
insert into PartyMembership (pid, idno) VALUES (9, 1378);
insert into Candidacy (wkid, idno) VALUES (526, 1378);
insert into Citizen (idno, title, firstname, lastname, dateofbirth, gender) VALUES (1379, '', 'Kalka', 'Artur', '1.1.1969.', 'p');
insert into CandidatesData (idno) VALUES (1379);
insert into PartyMembership (pid, idno) VALUES (16, 1379);
insert into Landeslistenplatz (llid, idno, position) VALUES (15, 1379, 1);
insert into Citizen (idno, title, firstname, lastname, dateofbirth, gender) VALUES (1380, '', 'Kallweit', 'Patrick', '1.1.1985.', 'p');
insert into CandidatesData (idno) VALUES (1380);
insert into PartyMembership (pid, idno) VALUES (1, 1380);
insert into Candidacy (wkid, idno) VALUES (352, 1380);
insert into Landeslistenplatz (llid, idno, position) VALUES (3, 1380, 4);
insert into Citizen (idno, title, firstname, lastname, dateofbirth, gender) VALUES (1381, '', 'Kallweit', 'Uwe', '1.1.1955.', 'p');
insert into CandidatesData (idno) VALUES (1381);
insert into PartyMembership (pid, idno) VALUES (1, 1381);
insert into Candidacy (wkid, idno) VALUES (345, 1381);
insert into Citizen (idno, title, firstname, lastname, dateofbirth, gender) VALUES (1382, '', 'Kaltenhauser', 'Dr. Helmut', '1.1.1961.', 'p');
insert into CandidatesData (idno) VALUES (1382);
insert into PartyMembership (pid, idno) VALUES (4, 1382);
insert into Candidacy (wkid, idno) VALUES (546, 1382);
insert into Landeslistenplatz (llid, idno, position) VALUES (4, 1382, 22);
insert into Citizen (idno, title, firstname, lastname, dateofbirth, gender) VALUES (1383, '', 'Kalteyer', 'Norman', '1.1.1965.', 'p');
insert into CandidatesData (idno) VALUES (1383);
insert into PartyMembership (pid, idno) VALUES (3, 1383);
insert into Candidacy (wkid, idno) VALUES (483, 1383);
insert into Citizen (idno, title, firstname, lastname, dateofbirth, gender) VALUES (1384, '', 'Kaltschmid', 'Uwe', '1.1.1956.', 'p');
insert into CandidatesData (idno) VALUES (1384);
insert into PartyMembership (pid, idno) VALUES (20, 1384);
insert into Landeslistenplatz (llid, idno, position) VALUES (19, 1384, 7);
insert into Citizen (idno, title, firstname, lastname, dateofbirth, gender) VALUES (1385, '', 'Kamburoglu', 'Ali', '1.1.1958.', 'p');
insert into CandidatesData (idno) VALUES (1385);
insert into Candidacy (wkid, idno) VALUES (375, 1385);
insert into Citizen (idno, title, firstname, lastname, dateofbirth, gender) VALUES (1386, '', 'Kaminski', 'Maren', '1.1.1979.', 'p');
insert into CandidatesData (idno) VALUES (1386);
insert into PartyMembership (pid, idno) VALUES (3, 1386);
insert into Candidacy (wkid, idno) VALUES (339, 1386);
insert into Citizen (idno, title, firstname, lastname, dateofbirth, gender) VALUES (1387, '', 'Kammer', 'Hans-Werner', '1.1.1948.', 'p');
insert into CandidatesData (idno) VALUES (1387);
insert into PartyMembership (pid, idno) VALUES (12, 1387);
insert into Candidacy (wkid, idno) VALUES (326, 1387);
insert into Landeslistenplatz (llid, idno, position) VALUES (12, 1387, 13);
insert into Citizen (idno, title, firstname, lastname, dateofbirth, gender) VALUES (1388, '', 'Kammer', 'Jürgen', '1.1.1962.', 'p');
insert into CandidatesData (idno) VALUES (1388);
insert into PartyMembership (pid, idno) VALUES (7, 1388);
insert into Landeslistenplatz (llid, idno, position) VALUES (7, 1388, 4);
insert into Citizen (idno, title, firstname, lastname, dateofbirth, gender) VALUES (1389, '', 'Kammer', 'Rochus', '1.1.1956.', 'p');
insert into CandidatesData (idno) VALUES (1389);
insert into PartyMembership (pid, idno) VALUES (4, 1389);
insert into Landeslistenplatz (llid, idno, position) VALUES (4, 1389, 33);
insert into Citizen (idno, title, firstname, lastname, dateofbirth, gender) VALUES (1390, '', 'Kammerer', 'Günther', '1.1.1963.', 'p');
insert into CandidatesData (idno) VALUES (1390);
insert into PartyMembership (pid, idno) VALUES (4, 1390);
insert into Candidacy (wkid, idno) VALUES (529, 1390);
insert into Landeslistenplatz (llid, idno, position) VALUES (4, 1390, 46);
insert into Citizen (idno, title, firstname, lastname, dateofbirth, gender) VALUES (1391, '', 'Kamp', 'Heiner', '1.1.1964.', 'p');
insert into CandidatesData (idno) VALUES (1391);
insert into PartyMembership (pid, idno) VALUES (4, 1391);
insert into Candidacy (wkid, idno) VALUES (431, 1391);
insert into Landeslistenplatz (llid, idno, position) VALUES (4, 1391, 19);
insert into Citizen (idno, title, firstname, lastname, dateofbirth, gender) VALUES (1392, '', 'Kampeter', 'Steffen', '1.1.1963.', 'p');
insert into CandidatesData (idno) VALUES (1392);
insert into PartyMembership (pid, idno) VALUES (12, 1392);
insert into Candidacy (wkid, idno) VALUES (434, 1392);
insert into Landeslistenplatz (llid, idno, position) VALUES (12, 1392, 8);
insert into Citizen (idno, title, firstname, lastname, dateofbirth, gender) VALUES (1393, '', 'Kanitz', 'Steffen', '1.1.1984.', 'p');
insert into CandidatesData (idno) VALUES (1393);
insert into PartyMembership (pid, idno) VALUES (12, 1393);
insert into Candidacy (wkid, idno) VALUES (442, 1393);
insert into Landeslistenplatz (llid, idno, position) VALUES (12, 1393, 52);
insert into Citizen (idno, title, firstname, lastname, dateofbirth, gender) VALUES (1394, '', 'Kanmaz', 'Olcay', '1.1.1957.', 'p');
insert into CandidatesData (idno) VALUES (1394);
insert into PartyMembership (pid, idno) VALUES (3, 1394);
insert into Candidacy (wkid, idno) VALUES (497, 1394);
insert into Citizen (idno, title, firstname, lastname, dateofbirth, gender) VALUES (1395, '', 'Kanneder', 'Harald', '1.1.1965.', 'p');
insert into CandidatesData (idno) VALUES (1395);
insert into Candidacy (wkid, idno) VALUES (530, 1395);
insert into Citizen (idno, title, firstname, lastname, dateofbirth, gender) VALUES (1396, '', 'Kansiz', 'Ahmet', '1.1.1963.', 'p');
insert into CandidatesData (idno) VALUES (1396);
insert into Candidacy (wkid, idno) VALUES (484, 1396);
insert into Citizen (idno, title, firstname, lastname, dateofbirth, gender) VALUES (1397, '', 'Kapp', 'Helena', '1.1.1951.', 'p');
insert into CandidatesData (idno) VALUES (1397);
insert into PartyMembership (pid, idno) VALUES (12, 1397);
insert into Landeslistenplatz (llid, idno, position) VALUES (12, 1397, 29);
insert into Citizen (idno, title, firstname, lastname, dateofbirth, gender) VALUES (1398, '', 'Karcher', 'Thomas', '1.1.1978.', 'p');
insert into CandidatesData (idno) VALUES (1398);
insert into Candidacy (wkid, idno) VALUES (518, 1398);
insert into Citizen (idno, title, firstname, lastname, dateofbirth, gender) VALUES (1399, '', 'Karl', 'Alois', '1.1.1950.', 'p');
insert into CandidatesData (idno) VALUES (1399);
insert into PartyMembership (pid, idno) VALUES (9, 1399);
insert into Candidacy (wkid, idno) VALUES (531, 1399);
insert into Citizen (idno, title, firstname, lastname, dateofbirth, gender) VALUES (1400, '', 'Karl', 'Andreas', '1.1.1963.', 'p');
insert into CandidatesData (idno) VALUES (1400);
insert into PartyMembership (pid, idno) VALUES (1, 1400);
insert into Candidacy (wkid, idno) VALUES (373, 1400);
insert into Landeslistenplatz (llid, idno, position) VALUES (3, 1400, 4);
insert into Citizen (idno, title, firstname, lastname, dateofbirth, gender) VALUES (1401, '', 'Karpowski', 'Ilja Bertold', '1.1.1981.', 'p');
insert into CandidatesData (idno) VALUES (1401);
insert into PartyMembership (pid, idno) VALUES (10, 1401);
insert into Candidacy (wkid, idno) VALUES (396, 1401);
insert into Landeslistenplatz (llid, idno, position) VALUES (10, 1401, 6);
insert into Citizen (idno, title, firstname, lastname, dateofbirth, gender) VALUES (1402, '', 'Karstens', 'Dr. Detleff', '1.1.1941.', 'p');
insert into CandidatesData (idno) VALUES (1402);
insert into PartyMembership (pid, idno) VALUES (17, 1402);
insert into Candidacy (wkid, idno) VALUES (351, 1402);
insert into Citizen (idno, title, firstname, lastname, dateofbirth, gender) VALUES (1403, '', 'Karstens', 'Stefan', '1.1.1981.', 'p');
insert into CandidatesData (idno) VALUES (1403);
insert into PartyMembership (pid, idno) VALUES (3, 1403);
insert into Candidacy (wkid, idno) VALUES (303, 1403);
insert into Citizen (idno, title, firstname, lastname, dateofbirth, gender) VALUES (1404, '', 'Kaschke', 'Andreas', '1.1.1967.', 'p');
insert into CandidatesData (idno) VALUES (1404);
insert into PartyMembership (pid, idno) VALUES (1, 1404);
insert into Candidacy (wkid, idno) VALUES (396, 1404);
insert into Citizen (idno, title, firstname, lastname, dateofbirth, gender) VALUES (1405, '', 'Kaschner', 'Heidi', '1.1.1955.', 'p');
insert into CandidatesData (idno) VALUES (1405);
insert into PartyMembership (pid, idno) VALUES (3, 1405);
insert into Landeslistenplatz (llid, idno, position) VALUES (2, 1405, 19);
insert into Citizen (idno, title, firstname, lastname, dateofbirth, gender) VALUES (1406, '', 'Kasem', 'Suat', '1.1.1988.', 'p');
insert into CandidatesData (idno) VALUES (1406);
insert into PartyMembership (pid, idno) VALUES (7, 1406);
insert into Candidacy (wkid, idno) VALUES (532, 1406);
insert into Citizen (idno, title, firstname, lastname, dateofbirth, gender) VALUES (1407, '', 'Kasper', 'Jacqueline', '1.1.1978.', 'p');
insert into CandidatesData (idno) VALUES (1407);
insert into PartyMembership (pid, idno) VALUES (1, 1407);
insert into Candidacy (wkid, idno) VALUES (422, 1407);
insert into Citizen (idno, title, firstname, lastname, dateofbirth, gender) VALUES (1408, '', 'Kaster', 'Bernhard Nikolaus', '1.1.1957.', 'p');
insert into CandidatesData (idno) VALUES (1408);
insert into PartyMembership (pid, idno) VALUES (12, 1408);
insert into Candidacy (wkid, idno) VALUES (503, 1408);
insert into Landeslistenplatz (llid, idno, position) VALUES (12, 1408, 3);
insert into Citizen (idno, title, firstname, lastname, dateofbirth, gender) VALUES (1409, '', 'Kastner', 'Susanne', '1.1.1946.', 'p');
insert into CandidatesData (idno) VALUES (1409);
insert into PartyMembership (pid, idno) VALUES (2, 1409);
insert into Candidacy (wkid, idno) VALUES (547, 1409);
insert into Landeslistenplatz (llid, idno, position) VALUES (1, 1409, 2);
insert into Citizen (idno, title, firstname, lastname, dateofbirth, gender) VALUES (1410, '', 'Kather', 'Ilse', '1.1.1948.', 'p');
insert into CandidatesData (idno) VALUES (1410);
insert into PartyMembership (pid, idno) VALUES (13, 1410);
insert into Landeslistenplatz (llid, idno, position) VALUES (13, 1410, 4);
insert into Citizen (idno, title, firstname, lastname, dateofbirth, gender) VALUES (1411, '', 'Kauch', 'Michael', '1.1.1967.', 'p');
insert into CandidatesData (idno) VALUES (1411);
insert into PartyMembership (pid, idno) VALUES (4, 1411);
insert into Candidacy (wkid, idno) VALUES (442, 1411);
insert into Landeslistenplatz (llid, idno, position) VALUES (4, 1411, 10);
insert into Citizen (idno, title, firstname, lastname, dateofbirth, gender) VALUES (1412, '', 'Kauder', 'Siegfried', '1.1.1950.', 'p');
insert into CandidatesData (idno) VALUES (1412);
insert into PartyMembership (pid, idno) VALUES (12, 1412);
insert into Candidacy (wkid, idno) VALUES (585, 1412);
insert into Citizen (idno, title, firstname, lastname, dateofbirth, gender) VALUES (1413, '', 'Kauder', 'Volker', '1.1.1949.', 'p');
insert into CandidatesData (idno) VALUES (1413);
insert into PartyMembership (pid, idno) VALUES (12, 1413);
insert into Candidacy (wkid, idno) VALUES (584, 1413);
insert into Landeslistenplatz (llid, idno, position) VALUES (12, 1413, 3);
insert into Citizen (idno, title, firstname, lastname, dateofbirth, gender) VALUES (1414, '', 'Kaufmann', 'Johanna', '1.1.1940.', 'p');
insert into CandidatesData (idno) VALUES (1414);
insert into PartyMembership (pid, idno) VALUES (8, 1414);
insert into Candidacy (wkid, idno) VALUES (562, 1414);
insert into Citizen (idno, title, firstname, lastname, dateofbirth, gender) VALUES (1415, '', 'Kaufmann', 'Dr. Stefan', '1.1.1969.', 'p');
insert into CandidatesData (idno) VALUES (1415);
insert into PartyMembership (pid, idno) VALUES (12, 1415);
insert into Candidacy (wkid, idno) VALUES (557, 1415);
insert into Citizen (idno, title, firstname, lastname, dateofbirth, gender) VALUES (1416, '', 'Kauper', 'Thomas', '1.1.1960.', 'p');
insert into CandidatesData (idno) VALUES (1416);
insert into PartyMembership (pid, idno) VALUES (17, 1416);
insert into Landeslistenplatz (llid, idno, position) VALUES (16, 1416, 7);
insert into Citizen (idno, title, firstname, lastname, dateofbirth, gender) VALUES (1417, '', 'Kaute', 'Titus-Ivo', '1.1.1952.', 'p');
insert into CandidatesData (idno) VALUES (1417);
insert into Candidacy (wkid, idno) VALUES (378, 1417);
insert into Citizen (idno, title, firstname, lastname, dateofbirth, gender) VALUES (1418, '', 'Kekeritz', 'Uwe Adolf Otto', '1.1.1953.', 'p');
insert into CandidatesData (idno) VALUES (1418);
insert into PartyMembership (pid, idno) VALUES (5, 1418);
insert into Candidacy (wkid, idno) VALUES (542, 1418);
insert into Landeslistenplatz (llid, idno, position) VALUES (5, 1418, 10);
insert into Citizen (idno, title, firstname, lastname, dateofbirth, gender) VALUES (1419, '', 'Kelber', 'Ulrich', '1.1.1968.', 'p');
insert into CandidatesData (idno) VALUES (1419);
insert into PartyMembership (pid, idno) VALUES (2, 1419);
insert into Candidacy (wkid, idno) VALUES (396, 1419);
insert into Landeslistenplatz (llid, idno, position) VALUES (1, 1419, 16);
insert into Citizen (idno, title, firstname, lastname, dateofbirth, gender) VALUES (1420, '', 'Keller', 'Christian', '1.1.1976.', 'p');
insert into CandidatesData (idno) VALUES (1420);
insert into PartyMembership (pid, idno) VALUES (2, 1420);
insert into Landeslistenplatz (llid, idno, position) VALUES (1, 1420, 59);
insert into Citizen (idno, title, firstname, lastname, dateofbirth, gender) VALUES (1421, '', 'Keller', 'Hartmut', '1.1.1941.', 'p');
insert into CandidatesData (idno) VALUES (1421);
insert into PartyMembership (pid, idno) VALUES (18, 1421);
insert into Landeslistenplatz (llid, idno, position) VALUES (17, 1421, 1);
insert into Citizen (idno, title, firstname, lastname, dateofbirth, gender) VALUES (1422, '', 'Keller', 'Thomas', '1.1.1959.', 'p');
insert into CandidatesData (idno) VALUES (1422);
insert into PartyMembership (pid, idno) VALUES (4, 1422);
insert into Candidacy (wkid, idno) VALUES (349, 1422);
insert into Landeslistenplatz (llid, idno, position) VALUES (4, 1422, 24);
insert into Citizen (idno, title, firstname, lastname, dateofbirth, gender) VALUES (1423, '', 'Kemmerle', 'Hans-Jürgen', '1.1.1953.', 'p');
insert into CandidatesData (idno) VALUES (1423);
insert into PartyMembership (pid, idno) VALUES (3, 1423);
insert into Candidacy (wkid, idno) VALUES (564, 1423);
insert into Landeslistenplatz (llid, idno, position) VALUES (2, 1423, 20);
insert into Citizen (idno, title, firstname, lastname, dateofbirth, gender) VALUES (1424, '', 'Kepper-Grämer', 'Ulrike', '1.1.1956.', 'p');
insert into CandidatesData (idno) VALUES (1424);
insert into PartyMembership (pid, idno) VALUES (4, 1424);
insert into Landeslistenplatz (llid, idno, position) VALUES (4, 1424, 37);
insert into Citizen (idno, title, firstname, lastname, dateofbirth, gender) VALUES (1425, '', 'Keppler', 'Jens', '1.1.1966.', 'p');
insert into CandidatesData (idno) VALUES (1425);
insert into PartyMembership (pid, idno) VALUES (1, 1425);
insert into Candidacy (wkid, idno) VALUES (583, 1425);
insert into Citizen (idno, title, firstname, lastname, dateofbirth, gender) VALUES (1426, '', 'Kerber', 'Michael', '1.1.1978.', 'p');
insert into CandidatesData (idno) VALUES (1426);
insert into PartyMembership (pid, idno) VALUES (1, 1426);
insert into Candidacy (wkid, idno) VALUES (584, 1426);
insert into Citizen (idno, title, firstname, lastname, dateofbirth, gender) VALUES (1427, '', 'Kern', 'Daniel', '1.1.1983.', 'p');
insert into CandidatesData (idno) VALUES (1427);
insert into PartyMembership (pid, idno) VALUES (12, 1427);
insert into Landeslistenplatz (llid, idno, position) VALUES (12, 1427, 34);
insert into Citizen (idno, title, firstname, lastname, dateofbirth, gender) VALUES (1428, '', 'Kersken', 'Bärbel', '1.1.1964.', 'p');
insert into CandidatesData (idno) VALUES (1428);
insert into PartyMembership (pid, idno) VALUES (13, 1428);
insert into Landeslistenplatz (llid, idno, position) VALUES (13, 1428, 7);
insert into Citizen (idno, title, firstname, lastname, dateofbirth, gender) VALUES (1429, '', 'Kersting', 'Gerd', '1.1.1956.', 'p');
insert into CandidatesData (idno) VALUES (1429);
insert into PartyMembership (pid, idno) VALUES (8, 1429);
insert into Landeslistenplatz (llid, idno, position) VALUES (8, 1429, 1);
insert into Citizen (idno, title, firstname, lastname, dateofbirth, gender) VALUES (1430, '', 'Kersting', 'Sieglinde', '1.1.1957.', 'p');
insert into CandidatesData (idno) VALUES (1430);
insert into PartyMembership (pid, idno) VALUES (8, 1430);
insert into Landeslistenplatz (llid, idno, position) VALUES (8, 1430, 5);
insert into Citizen (idno, title, firstname, lastname, dateofbirth, gender) VALUES (1431, '', 'Kessing', 'Ulrike Josefine', '1.1.1965.', 'p');
insert into CandidatesData (idno) VALUES (1431);
insert into PartyMembership (pid, idno) VALUES (5, 1431);
insert into Candidacy (wkid, idno) VALUES (401, 1431);
insert into Citizen (idno, title, firstname, lastname, dateofbirth, gender) VALUES (1432, '', 'Keßler', 'Ilko', '1.1.1971.', 'p');
insert into CandidatesData (idno) VALUES (1432);
insert into PartyMembership (pid, idno) VALUES (2, 1432);
insert into Candidacy (wkid, idno) VALUES (456, 1432);
insert into Landeslistenplatz (llid, idno, position) VALUES (1, 1432, 12);
insert into Citizen (idno, title, firstname, lastname, dateofbirth, gender) VALUES (1433, '', 'Keßler-Binder', 'Achim Robert', '1.1.1938.', 'p');
insert into CandidatesData (idno) VALUES (1433);
insert into PartyMembership (pid, idno) VALUES (29, 1433);
insert into Candidacy (wkid, idno) VALUES (309, 1433);
insert into Citizen (idno, title, firstname, lastname, dateofbirth, gender) VALUES (1434, '', 'Kestler', 'Thomas', '1.1.1975.', 'p');
insert into CandidatesData (idno) VALUES (1434);
insert into PartyMembership (pid, idno) VALUES (5, 1434);
insert into Candidacy (wkid, idno) VALUES (540, 1434);
insert into Citizen (idno, title, firstname, lastname, dateofbirth, gender) VALUES (1435, '', 'Keul', 'Katja', '1.1.1969.', 'p');
insert into CandidatesData (idno) VALUES (1435);
insert into PartyMembership (pid, idno) VALUES (5, 1435);
insert into Candidacy (wkid, idno) VALUES (340, 1435);
insert into Landeslistenplatz (llid, idno, position) VALUES (5, 1435, 5);
insert into Citizen (idno, title, firstname, lastname, dateofbirth, gender) VALUES (1436, '', 'Khalil', 'Nader', '1.1.1968.', 'p');
insert into CandidatesData (idno) VALUES (1436);
insert into PartyMembership (pid, idno) VALUES (12, 1436);
insert into Landeslistenplatz (llid, idno, position) VALUES (12, 1436, 13);
insert into Citizen (idno, title, firstname, lastname, dateofbirth, gender) VALUES (1437, '', 'Kieckbusch', 'Susanne', '1.1.1961.', 'p');
insert into CandidatesData (idno) VALUES (1437);
insert into PartyMembership (pid, idno) VALUES (5, 1437);
insert into Candidacy (wkid, idno) VALUES (594, 1437);
insert into Landeslistenplatz (llid, idno, position) VALUES (5, 1437, 19);
insert into Citizen (idno, title, firstname, lastname, dateofbirth, gender) VALUES (1438, '', 'Kiehl', 'Dr. Reinhold', '1.1.1947.', 'p');
insert into CandidatesData (idno) VALUES (1438);
insert into Candidacy (wkid, idno) VALUES (533, 1438);
insert into Citizen (idno, title, firstname, lastname, dateofbirth, gender) VALUES (1439, '', 'Kieninger', 'Franz Xaver', '1.1.1964.', 'p');
insert into CandidatesData (idno) VALUES (1439);
insert into PartyMembership (pid, idno) VALUES (19, 1439);
insert into Landeslistenplatz (llid, idno, position) VALUES (18, 1439, 11);
insert into Citizen (idno, title, firstname, lastname, dateofbirth, gender) VALUES (1440, '', 'Kienzer', 'Dr. Cornelia', '1.1.1957.', 'p');
insert into CandidatesData (idno) VALUES (1440);
insert into PartyMembership (pid, idno) VALUES (24, 1440);
insert into Candidacy (wkid, idno) VALUES (521, 1440);
insert into Citizen (idno, title, firstname, lastname, dateofbirth, gender) VALUES (1441, '', 'Kiesewetter', 'Roderich', '1.1.1963.', 'p');
insert into CandidatesData (idno) VALUES (1441);
insert into PartyMembership (pid, idno) VALUES (12, 1441);
insert into Candidacy (wkid, idno) VALUES (569, 1441);
insert into Citizen (idno, title, firstname, lastname, dateofbirth, gender) VALUES (1442, '', 'Kik', 'Thomas', '1.1.1965.', 'p');
insert into CandidatesData (idno) VALUES (1442);
insert into PartyMembership (pid, idno) VALUES (19, 1442);
insert into Landeslistenplatz (llid, idno, position) VALUES (18, 1442, 10);
insert into Citizen (idno, title, firstname, lastname, dateofbirth, gender) VALUES (1443, '', 'Kilic', 'Memet', '1.1.1967.', 'p');
insert into CandidatesData (idno) VALUES (1443);
insert into PartyMembership (pid, idno) VALUES (5, 1443);
insert into Candidacy (wkid, idno) VALUES (578, 1443);
insert into Landeslistenplatz (llid, idno, position) VALUES (5, 1443, 10);
insert into Citizen (idno, title, firstname, lastname, dateofbirth, gender) VALUES (1444, '', 'Kind', 'Lutz', '1.1.1961.', 'p');
insert into CandidatesData (idno) VALUES (1444);
insert into Candidacy (wkid, idno) VALUES (311, 1444);
insert into Citizen (idno, title, firstname, lastname, dateofbirth, gender) VALUES (1445, '', 'Kindelmann', 'Ralf', '1.1.1976.', 'p');
insert into CandidatesData (idno) VALUES (1445);
insert into PartyMembership (pid, idno) VALUES (9, 1445);
insert into Landeslistenplatz (llid, idno, position) VALUES (9, 1445, 51);
insert into Citizen (idno, title, firstname, lastname, dateofbirth, gender) VALUES (1446, '', 'Kindler', 'Sven-Christian', '1.1.1985.', 'p');
insert into CandidatesData (idno) VALUES (1446);
insert into PartyMembership (pid, idno) VALUES (5, 1446);
insert into Candidacy (wkid, idno) VALUES (335, 1446);
insert into Landeslistenplatz (llid, idno, position) VALUES (5, 1446, 6);
insert into Citizen (idno, title, firstname, lastname, dateofbirth, gender) VALUES (1447, '', 'Kindo', 'Anja', '1.1.1966.', 'p');
insert into CandidatesData (idno) VALUES (1447);
insert into PartyMembership (pid, idno) VALUES (3, 1447);
insert into Candidacy (wkid, idno) VALUES (326, 1447);
insert into Landeslistenplatz (llid, idno, position) VALUES (2, 1447, 24);
insert into Citizen (idno, title, firstname, lastname, dateofbirth, gender) VALUES (1448, '', 'Kipping', 'Katja', '1.1.1978.', 'p');
insert into CandidatesData (idno) VALUES (1448);
insert into PartyMembership (pid, idno) VALUES (3, 1448);
insert into Candidacy (wkid, idno) VALUES (459, 1448);
insert into Landeslistenplatz (llid, idno, position) VALUES (2, 1448, 1);
insert into Citizen (idno, title, firstname, lastname, dateofbirth, gender) VALUES (1449, '', 'Kirchgeßner', 'Andreas', '1.1.1959.', 'p');
insert into CandidatesData (idno) VALUES (1449);
insert into PartyMembership (pid, idno) VALUES (3, 1449);
insert into Candidacy (wkid, idno) VALUES (583, 1449);
insert into Landeslistenplatz (llid, idno, position) VALUES (2, 1449, 14);
insert into Citizen (idno, title, firstname, lastname, dateofbirth, gender) VALUES (1450, '', 'Kirchmann', 'Dr. Josef', '1.1.1946.', 'p');
insert into CandidatesData (idno) VALUES (1450);
insert into PartyMembership (pid, idno) VALUES (15, 1450);
insert into Candidacy (wkid, idno) VALUES (555, 1450);
insert into Landeslistenplatz (llid, idno, position) VALUES (14, 1450, 4);
insert into Citizen (idno, title, firstname, lastname, dateofbirth, gender) VALUES (1451, '', 'Kirchner', 'Bruno Josef', '1.1.1953.', 'p');
insert into CandidatesData (idno) VALUES (1451);
insert into PartyMembership (pid, idno) VALUES (1, 1451);
insert into Candidacy (wkid, idno) VALUES (401, 1451);
insert into Citizen (idno, title, firstname, lastname, dateofbirth, gender) VALUES (1452, '', 'Kirf', 'Gertrud', '1.1.1957.', 'p');
insert into CandidatesData (idno) VALUES (1452);
insert into PartyMembership (pid, idno) VALUES (2, 1452);
insert into Landeslistenplatz (llid, idno, position) VALUES (1, 1452, 23);
insert into Citizen (idno, title, firstname, lastname, dateofbirth, gender) VALUES (1453, '', 'Kirsch', 'Martina', '1.1.1973.', 'p');
insert into CandidatesData (idno) VALUES (1453);
insert into PartyMembership (pid, idno) VALUES (4, 1453);
insert into Landeslistenplatz (llid, idno, position) VALUES (4, 1453, 10);
insert into Citizen (idno, title, firstname, lastname, dateofbirth, gender) VALUES (1454, '', 'Kirstan', 'Frank', '1.1.1965.', 'p');
insert into CandidatesData (idno) VALUES (1454);
insert into PartyMembership (pid, idno) VALUES (2, 1454);
insert into Landeslistenplatz (llid, idno, position) VALUES (1, 1454, 11);
insert into Citizen (idno, title, firstname, lastname, dateofbirth, gender) VALUES (1455, '', 'Kisa', 'Hakan', '1.1.1975.', 'p');
insert into CandidatesData (idno) VALUES (1455);
insert into PartyMembership (pid, idno) VALUES (5, 1455);
insert into Landeslistenplatz (llid, idno, position) VALUES (5, 1455, 24);
insert into Citizen (idno, title, firstname, lastname, dateofbirth, gender) VALUES (1456, '', 'Kistermann', 'Thomas', '1.1.1970.', 'p');
insert into CandidatesData (idno) VALUES (1456);
insert into PartyMembership (pid, idno) VALUES (13, 1456);
insert into Landeslistenplatz (llid, idno, position) VALUES (13, 1456, 13);
insert into Citizen (idno, title, firstname, lastname, dateofbirth, gender) VALUES (1457, '', 'Kisters', 'Stefan', '1.1.1966.', 'p');
insert into CandidatesData (idno) VALUES (1457);
insert into PartyMembership (pid, idno) VALUES (5, 1457);
insert into Candidacy (wkid, idno) VALUES (513, 1457);
insert into Citizen (idno, title, firstname, lastname, dateofbirth, gender) VALUES (1458, '', 'Kitzberger', 'Manfred', '1.1.1959.', 'p');
insert into CandidatesData (idno) VALUES (1458);
insert into PartyMembership (pid, idno) VALUES (19, 1458);
insert into Landeslistenplatz (llid, idno, position) VALUES (18, 1458, 7);
insert into Citizen (idno, title, firstname, lastname, dateofbirth, gender) VALUES (1459, '', 'Klaeden von', 'Eckart Peter Hans', '1.1.1965.', 'p');
insert into CandidatesData (idno) VALUES (1459);
insert into PartyMembership (pid, idno) VALUES (12, 1459);
insert into Candidacy (wkid, idno) VALUES (348, 1459);
insert into Landeslistenplatz (llid, idno, position) VALUES (12, 1459, 2);
insert into Citizen (idno, title, firstname, lastname, dateofbirth, gender) VALUES (1460, '', 'Klages', 'Simon', '1.1.1969.', 'p');
insert into CandidatesData (idno) VALUES (1460);
insert into PartyMembership (pid, idno) VALUES (7, 1460);
insert into Landeslistenplatz (llid, idno, position) VALUES (7, 1460, 2);
insert into Citizen (idno, title, firstname, lastname, dateofbirth, gender) VALUES (1461, '', 'Klampe', 'Olaf', '1.1.1955.', 'p');
insert into CandidatesData (idno) VALUES (1461);
insert into PartyMembership (pid, idno) VALUES (4, 1461);
insert into Candidacy (wkid, idno) VALUES (306, 1461);
insert into Landeslistenplatz (llid, idno, position) VALUES (4, 1461, 10);
insert into Citizen (idno, title, firstname, lastname, dateofbirth, gender) VALUES (1462, '', 'Klamt', 'Ewa', '1.1.1950.', 'p');
insert into CandidatesData (idno) VALUES (1462);
insert into PartyMembership (pid, idno) VALUES (12, 1462);
insert into Candidacy (wkid, idno) VALUES (345, 1462);
insert into Landeslistenplatz (llid, idno, position) VALUES (12, 1462, 15);
insert into Citizen (idno, title, firstname, lastname, dateofbirth, gender) VALUES (1463, '', 'Klamt', 'Guido', '1.1.1970.', 'p');
insert into CandidatesData (idno) VALUES (1463);
insert into PartyMembership (pid, idno) VALUES (8, 1463);
insert into Candidacy (wkid, idno) VALUES (564, 1463);
insert into Citizen (idno, title, firstname, lastname, dateofbirth, gender) VALUES (1464, '', 'Klanke', 'Olaf', '1.1.1967.', 'p');
insert into CandidatesData (idno) VALUES (1464);
insert into PartyMembership (pid, idno) VALUES (1, 1464);
insert into Candidacy (wkid, idno) VALUES (341, 1464);
insert into Citizen (idno, title, firstname, lastname, dateofbirth, gender) VALUES (1465, '', 'Klare', 'Wolfgang', '1.1.1966.', 'p');
insert into CandidatesData (idno) VALUES (1465);
insert into PartyMembership (pid, idno) VALUES (4, 1465);
insert into Candidacy (wkid, idno) VALUES (437, 1465);
insert into Landeslistenplatz (llid, idno, position) VALUES (4, 1465, 58);
insert into Citizen (idno, title, firstname, lastname, dateofbirth, gender) VALUES (1466, '', 'Klaschka', 'Andreas', '1.1.1958.', 'p');
insert into CandidatesData (idno) VALUES (1466);
insert into PartyMembership (pid, idno) VALUES (4, 1466);
insert into Candidacy (wkid, idno) VALUES (488, 1466);
insert into Landeslistenplatz (llid, idno, position) VALUES (4, 1466, 5);
insert into Citizen (idno, title, firstname, lastname, dateofbirth, gender) VALUES (1467, '', 'Klatt', 'Anne', '1.1.1982.', 'p');
insert into CandidatesData (idno) VALUES (1467);
insert into PartyMembership (pid, idno) VALUES (5, 1467);
insert into Candidacy (wkid, idno) VALUES (315, 1467);
insert into Landeslistenplatz (llid, idno, position) VALUES (5, 1467, 5);
insert into Citizen (idno, title, firstname, lastname, dateofbirth, gender) VALUES (1468, '', 'Klaus', 'Helmut', '1.1.1949.', 'p');
insert into CandidatesData (idno) VALUES (1468);
insert into PartyMembership (pid, idno) VALUES (19, 1468);
insert into Landeslistenplatz (llid, idno, position) VALUES (18, 1468, 17);
insert into Citizen (idno, title, firstname, lastname, dateofbirth, gender) VALUES (1469, '', 'Klawun', 'Werner', '1.1.1942.', 'p');
insert into CandidatesData (idno) VALUES (1469);
insert into PartyMembership (pid, idno) VALUES (1, 1469);
insert into Candidacy (wkid, idno) VALUES (326, 1469);
insert into Citizen (idno, title, firstname, lastname, dateofbirth, gender) VALUES (1470, '', 'Kleffel', 'Anne Käthe', '1.1.1951.', 'p');
insert into CandidatesData (idno) VALUES (1470);
insert into PartyMembership (pid, idno) VALUES (13, 1470);
insert into Landeslistenplatz (llid, idno, position) VALUES (13, 1470, 2);
insert into Citizen (idno, title, firstname, lastname, dateofbirth, gender) VALUES (1471, '', 'Kleffel', 'Kurt-Peter', '1.1.1953.', 'p');
insert into CandidatesData (idno) VALUES (1471);
insert into PartyMembership (pid, idno) VALUES (13, 1471);
insert into Candidacy (wkid, idno) VALUES (341, 1471);
insert into Landeslistenplatz (llid, idno, position) VALUES (13, 1471, 6);
insert into Citizen (idno, title, firstname, lastname, dateofbirth, gender) VALUES (1472, '', 'Kleiminger', 'Christian', '1.1.1965.', 'p');
insert into CandidatesData (idno) VALUES (1472);
insert into PartyMembership (pid, idno) VALUES (2, 1472);
insert into Candidacy (wkid, idno) VALUES (313, 1472);
insert into Citizen (idno, title, firstname, lastname, dateofbirth, gender) VALUES (1473, '', 'Klein', 'Achim', '1.1.1952.', 'p');
insert into CandidatesData (idno) VALUES (1473);
insert into PartyMembership (pid, idno) VALUES (8, 1473);
insert into Candidacy (wkid, idno) VALUES (316, 1473);
insert into Citizen (idno, title, firstname, lastname, dateofbirth, gender) VALUES (1474, '', 'Klein', 'Martin', '1.1.1959.', 'p');
insert into CandidatesData (idno) VALUES (1474);
insert into PartyMembership (pid, idno) VALUES (3, 1474);
insert into Candidacy (wkid, idno) VALUES (504, 1474);
insert into Citizen (idno, title, firstname, lastname, dateofbirth, gender) VALUES (1475, '', 'Klein', 'Rosalinde', '1.1.1941.', 'p');
insert into CandidatesData (idno) VALUES (1475);
insert into PartyMembership (pid, idno) VALUES (27, 1475);
insert into Landeslistenplatz (llid, idno, position) VALUES (26, 1475, 1);
insert into Citizen (idno, title, firstname, lastname, dateofbirth, gender) VALUES (1476, '', 'Klein', 'Volkmar', '1.1.1960.', 'p');
insert into CandidatesData (idno) VALUES (1476);
insert into PartyMembership (pid, idno) VALUES (12, 1476);
insert into Candidacy (wkid, idno) VALUES (448, 1476);
insert into Landeslistenplatz (llid, idno, position) VALUES (12, 1476, 32);
insert into Citizen (idno, title, firstname, lastname, dateofbirth, gender) VALUES (1477, '', 'Klein-Schmeink', 'Maria Anna', '1.1.1958.', 'p');
insert into CandidatesData (idno) VALUES (1477);
insert into PartyMembership (pid, idno) VALUES (5, 1477);
insert into Candidacy (wkid, idno) VALUES (429, 1477);
insert into Landeslistenplatz (llid, idno, position) VALUES (5, 1477, 11);
insert into Citizen (idno, title, firstname, lastname, dateofbirth, gender) VALUES (1478, '', 'Kleinert', 'Thea', '1.1.1966.', 'p');
insert into CandidatesData (idno) VALUES (1478);
insert into PartyMembership (pid, idno) VALUES (3, 1478);
insert into Landeslistenplatz (llid, idno, position) VALUES (2, 1478, 3);
insert into Citizen (idno, title, firstname, lastname, dateofbirth, gender) VALUES (1479, '', 'Kleinfeld', 'Renate', '1.1.1952.', 'p');
insert into CandidatesData (idno) VALUES (1479);
insert into PartyMembership (pid, idno) VALUES (2, 1479);
insert into Landeslistenplatz (llid, idno, position) VALUES (1, 1479, 8);
insert into Citizen (idno, title, firstname, lastname, dateofbirth, gender) VALUES (1480, '', 'Kleinmann', 'Dr. Peter', '1.1.1956.', 'p');
insert into CandidatesData (idno) VALUES (1480);
insert into PartyMembership (pid, idno) VALUES (12, 1480);
insert into Landeslistenplatz (llid, idno, position) VALUES (12, 1480, 8);
insert into Citizen (idno, title, firstname, lastname, dateofbirth, gender) VALUES (1481, '', 'Kleist', 'Alexander', '1.1.1984.', 'p');
insert into CandidatesData (idno) VALUES (1481);
insert into PartyMembership (pid, idno) VALUES (4, 1481);
insert into Landeslistenplatz (llid, idno, position) VALUES (4, 1481, 9);
insert into Citizen (idno, title, firstname, lastname, dateofbirth, gender) VALUES (1482, '', 'Klemke', 'Horst Karl Hermann', '1.1.1937.', 'p');
insert into CandidatesData (idno) VALUES (1482);
insert into PartyMembership (pid, idno) VALUES (18, 1482);
insert into Landeslistenplatz (llid, idno, position) VALUES (17, 1482, 12);
insert into Citizen (idno, title, firstname, lastname, dateofbirth, gender) VALUES (1483, '', 'Klemkow', 'Jan', '1.1.1988.', 'p');
insert into CandidatesData (idno) VALUES (1483);
insert into PartyMembership (pid, idno) VALUES (7, 1483);
insert into Landeslistenplatz (llid, idno, position) VALUES (7, 1483, 3);
insert into Citizen (idno, title, firstname, lastname, dateofbirth, gender) VALUES (1484, '', 'Klenhart', 'Heidrich Torwald', '1.1.1975.', 'p');
insert into CandidatesData (idno) VALUES (1484);
insert into PartyMembership (pid, idno) VALUES (1, 1484);
insert into Candidacy (wkid, idno) VALUES (531, 1484);
insert into Landeslistenplatz (llid, idno, position) VALUES (3, 1484, 10);
insert into Citizen (idno, title, firstname, lastname, dateofbirth, gender) VALUES (1485, '', 'Kleppe', 'Thomas', '1.1.1962.', 'p');
insert into CandidatesData (idno) VALUES (1485);
insert into PartyMembership (pid, idno) VALUES (17, 1485);
insert into Landeslistenplatz (llid, idno, position) VALUES (16, 1485, 3);
insert into Citizen (idno, title, firstname, lastname, dateofbirth, gender) VALUES (1486, '', 'Klimke', 'Jürgen', '1.1.1948.', 'p');
insert into CandidatesData (idno) VALUES (1486);
insert into PartyMembership (pid, idno) VALUES (12, 1486);
insert into Candidacy (wkid, idno) VALUES (322, 1486);
insert into Landeslistenplatz (llid, idno, position) VALUES (12, 1486, 2);
insert into Citizen (idno, title, firstname, lastname, dateofbirth, gender) VALUES (1487, '', 'Klingbeil', 'Lars', '1.1.1978.', 'p');
insert into CandidatesData (idno) VALUES (1487);
insert into PartyMembership (pid, idno) VALUES (2, 1487);
insert into Candidacy (wkid, idno) VALUES (335, 1487);
insert into Landeslistenplatz (llid, idno, position) VALUES (1, 1487, 7);
insert into Citizen (idno, title, firstname, lastname, dateofbirth, gender) VALUES (1488, '', 'Klinge', 'Marcel', '1.1.1980.', 'p');
insert into CandidatesData (idno) VALUES (1488);
insert into PartyMembership (pid, idno) VALUES (4, 1488);
insert into Candidacy (wkid, idno) VALUES (585, 1488);
insert into Landeslistenplatz (llid, idno, position) VALUES (4, 1488, 29);
insert into Citizen (idno, title, firstname, lastname, dateofbirth, gender) VALUES (1489, '', 'Klingenberg', 'Harald', '1.1.1950.', 'p');
insert into CandidatesData (idno) VALUES (1489);
insert into PartyMembership (pid, idno) VALUES (24, 1489);
insert into Candidacy (wkid, idno) VALUES (365, 1489);
insert into Citizen (idno, title, firstname, lastname, dateofbirth, gender) VALUES (1490, '', 'Klinger', 'Wolfgang', '1.1.1961.', 'p');
insert into CandidatesData (idno) VALUES (1490);
insert into PartyMembership (pid, idno) VALUES (3, 1490);
insert into Candidacy (wkid, idno) VALUES (414, 1490);
insert into Citizen (idno, title, firstname, lastname, dateofbirth, gender) VALUES (1491, '', 'Klingner', 'Andreas', '1.1.1961.', 'p');
insert into CandidatesData (idno) VALUES (1491);
insert into Candidacy (wkid, idno) VALUES (455, 1491);
insert into Citizen (idno, title, firstname, lastname, dateofbirth, gender) VALUES (1492, '', 'Klis', 'Peter', '1.1.1956.', 'p');
insert into CandidatesData (idno) VALUES (1492);
insert into Candidacy (wkid, idno) VALUES (473, 1492);
insert into Citizen (idno, title, firstname, lastname, dateofbirth, gender) VALUES (1493, '', 'Klodt', 'Hubert', '1.1.1951.', 'p');
insert into CandidatesData (idno) VALUES (1493);
insert into PartyMembership (pid, idno) VALUES (4, 1493);
insert into Candidacy (wkid, idno) VALUES (428, 1493);
insert into Landeslistenplatz (llid, idno, position) VALUES (4, 1493, 25);
insert into Citizen (idno, title, firstname, lastname, dateofbirth, gender) VALUES (1494, '', 'Klöckner', 'Julia', '1.1.1972.', 'p');
insert into CandidatesData (idno) VALUES (1494);
insert into PartyMembership (pid, idno) VALUES (12, 1494);
insert into Candidacy (wkid, idno) VALUES (501, 1494);
insert into Landeslistenplatz (llid, idno, position) VALUES (12, 1494, 6);
insert into Citizen (idno, title, firstname, lastname, dateofbirth, gender) VALUES (1495, '', 'Klose', 'Hans-Ulrich', '1.1.1937.', 'p');
insert into CandidatesData (idno) VALUES (1495);
insert into PartyMembership (pid, idno) VALUES (2, 1495);
insert into Candidacy (wkid, idno) VALUES (323, 1495);
insert into Citizen (idno, title, firstname, lastname, dateofbirth, gender) VALUES (1496, '', 'Klotzbücher', 'Dr. Michael', '1.1.1951.', 'p');
insert into CandidatesData (idno) VALUES (1496);
insert into PartyMembership (pid, idno) VALUES (4, 1496);
insert into Candidacy (wkid, idno) VALUES (587, 1496);
insert into Landeslistenplatz (llid, idno, position) VALUES (4, 1496, 22);
insert into Citizen (idno, title, firstname, lastname, dateofbirth, gender) VALUES (1497, '', 'Klotzsche', 'Mario', '1.1.1977.', 'p');
insert into CandidatesData (idno) VALUES (1497);
insert into PartyMembership (pid, idno) VALUES (4, 1497);
insert into Candidacy (wkid, idno) VALUES (474, 1497);
insert into Landeslistenplatz (llid, idno, position) VALUES (4, 1497, 21);
insert into Citizen (idno, title, firstname, lastname, dateofbirth, gender) VALUES (1498, '', 'Klug', 'Astrid', '1.1.1968.', 'p');
insert into CandidatesData (idno) VALUES (1498);
insert into PartyMembership (pid, idno) VALUES (2, 1498);
insert into Candidacy (wkid, idno) VALUES (598, 1498);
insert into Landeslistenplatz (llid, idno, position) VALUES (1, 1498, 3);
insert into Citizen (idno, title, firstname, lastname, dateofbirth, gender) VALUES (1499, '', 'Klug', 'Christoph Augustinus', '1.1.1950.', 'p');
insert into CandidatesData (idno) VALUES (1499);
insert into PartyMembership (pid, idno) VALUES (13, 1499);
insert into Landeslistenplatz (llid, idno, position) VALUES (13, 1499, 27);
insert into Citizen (idno, title, firstname, lastname, dateofbirth, gender) VALUES (1500, '', 'Klug', 'Hans-Robert', '1.1.1972.', 'p');
insert into CandidatesData (idno) VALUES (1500);
insert into PartyMembership (pid, idno) VALUES (1, 1500);
insert into Candidacy (wkid, idno) VALUES (498, 1500);
insert into Citizen (idno, title, firstname, lastname, dateofbirth, gender) VALUES (1501, '', 'Knape', 'Andy', '1.1.1986.', 'p');
insert into CandidatesData (idno) VALUES (1501);
insert into PartyMembership (pid, idno) VALUES (1, 1501);
insert into Candidacy (wkid, idno) VALUES (366, 1501);
insert into Citizen (idno, title, firstname, lastname, dateofbirth, gender) VALUES (1502, '', 'Knapp', 'Adolf', '1.1.1952.', 'p');
insert into CandidatesData (idno) VALUES (1502);
insert into PartyMembership (pid, idno) VALUES (3, 1502);
insert into Candidacy (wkid, idno) VALUES (477, 1502);
insert into Citizen (idno, title, firstname, lastname, dateofbirth, gender) VALUES (1503, '', 'Knauber', 'Martin', '1.1.1963.', 'p');
insert into CandidatesData (idno) VALUES (1503);
insert into PartyMembership (pid, idno) VALUES (4, 1503);
insert into Candidacy (wkid, idno) VALUES (411, 1503);
insert into Landeslistenplatz (llid, idno, position) VALUES (4, 1503, 54);
insert into Citizen (idno, title, firstname, lastname, dateofbirth, gender) VALUES (1504, '', 'Knauer', 'Detlef', '1.1.1958.', 'p');
insert into CandidatesData (idno) VALUES (1504);
insert into PartyMembership (pid, idno) VALUES (5, 1504);
insert into Candidacy (wkid, idno) VALUES (343, 1504);
insert into Citizen (idno, title, firstname, lastname, dateofbirth, gender) VALUES (1505, '', 'Knebel', 'Daniel', '1.1.1984.', 'p');
insert into CandidatesData (idno) VALUES (1505);
insert into PartyMembership (pid, idno) VALUES (1, 1505);
insert into Candidacy (wkid, idno) VALUES (479, 1505);
insert into Landeslistenplatz (llid, idno, position) VALUES (3, 1505, 4);
insert into Citizen (idno, title, firstname, lastname, dateofbirth, gender) VALUES (1506, '', 'Knitsch', 'Peter Erich', '1.1.1960.', 'p');
insert into CandidatesData (idno) VALUES (1506);
insert into PartyMembership (pid, idno) VALUES (5, 1506);
insert into Candidacy (wkid, idno) VALUES (404, 1506);
insert into Citizen (idno, title, firstname, lastname, dateofbirth, gender) VALUES (1507, '', 'Knoche', 'Matthias', '1.1.1961.', 'p');
insert into CandidatesData (idno) VALUES (1507);
insert into PartyMembership (pid, idno) VALUES (5, 1507);
insert into Candidacy (wkid, idno) VALUES (471, 1507);
insert into Landeslistenplatz (llid, idno, position) VALUES (5, 1507, 8);
insert into Citizen (idno, title, firstname, lastname, dateofbirth, gender) VALUES (1508, '', 'Knoche', 'Monika', '1.1.1954.', 'p');
insert into CandidatesData (idno) VALUES (1508);
insert into PartyMembership (pid, idno) VALUES (3, 1508);
insert into Candidacy (wkid, idno) VALUES (458, 1508);
insert into Landeslistenplatz (llid, idno, position) VALUES (2, 1508, 9);
insert into Citizen (idno, title, firstname, lastname, dateofbirth, gender) VALUES (1509, '', 'Knocke', 'Rolf Bernhard', '1.1.1953.', 'p');
insert into CandidatesData (idno) VALUES (1509);
insert into PartyMembership (pid, idno) VALUES (3, 1509);
insert into Landeslistenplatz (llid, idno, position) VALUES (2, 1509, 33);
insert into Citizen (idno, title, firstname, lastname, dateofbirth, gender) VALUES (1510, '', 'Knöchner', 'Sieglinde', '1.1.1953.', 'p');
insert into CandidatesData (idno) VALUES (1510);
insert into PartyMembership (pid, idno) VALUES (3, 1510);
insert into Candidacy (wkid, idno) VALUES (523, 1510);
insert into Landeslistenplatz (llid, idno, position) VALUES (2, 1510, 13);
insert into Citizen (idno, title, firstname, lastname, dateofbirth, gender) VALUES (1511, '', 'Knoerig', 'Axel', '1.1.1967.', 'p');
insert into CandidatesData (idno) VALUES (1511);
insert into PartyMembership (pid, idno) VALUES (12, 1511);
insert into Candidacy (wkid, idno) VALUES (333, 1511);
insert into Landeslistenplatz (llid, idno, position) VALUES (12, 1511, 26);
insert into Citizen (idno, title, firstname, lastname, dateofbirth, gender) VALUES (1512, '', 'Knöß', 'Dr. Per', '1.1.1977.', 'p');
insert into CandidatesData (idno) VALUES (1512);
insert into PartyMembership (pid, idno) VALUES (4, 1512);
insert into Candidacy (wkid, idno) VALUES (503, 1512);
insert into Citizen (idno, title, firstname, lastname, dateofbirth, gender) VALUES (1513, '', 'Knollmann', 'Carmen', '1.1.1956.', 'p');
insert into CandidatesData (idno) VALUES (1513);
insert into PartyMembership (pid, idno) VALUES (12, 1513);
insert into Candidacy (wkid, idno) VALUES (438, 1513);
insert into Landeslistenplatz (llid, idno, position) VALUES (12, 1513, 37);
insert into Citizen (idno, title, firstname, lastname, dateofbirth, gender) VALUES (1514, '', 'Knopek', 'Dr. Lutz', '1.1.1958.', 'p');
insert into CandidatesData (idno) VALUES (1514);
insert into PartyMembership (pid, idno) VALUES (4, 1514);
insert into Candidacy (wkid, idno) VALUES (353, 1514);
insert into Landeslistenplatz (llid, idno, position) VALUES (4, 1514, 9);
insert into Citizen (idno, title, firstname, lastname, dateofbirth, gender) VALUES (1515, '', 'Knott', 'Thorsten', '1.1.1974.', 'p');
insert into CandidatesData (idno) VALUES (1515);
insert into PartyMembership (pid, idno) VALUES (4, 1515);
insert into Candidacy (wkid, idno) VALUES (398, 1515);
insert into Landeslistenplatz (llid, idno, position) VALUES (4, 1515, 29);
insert into Citizen (idno, title, firstname, lastname, dateofbirth, gender) VALUES (1516, '', 'Knuffke', 'Frank', '1.1.1965.', 'p');
insert into CandidatesData (idno) VALUES (1516);
insert into PartyMembership (pid, idno) VALUES (1, 1516);
insert into Landeslistenplatz (llid, idno, position) VALUES (3, 1516, 11);
insert into Citizen (idno, title, firstname, lastname, dateofbirth, gender) VALUES (1517, '', 'Kobe', 'Gerd', '1.1.1948.', 'p');
insert into CandidatesData (idno) VALUES (1517);
insert into PartyMembership (pid, idno) VALUES (19, 1517);
insert into Landeslistenplatz (llid, idno, position) VALUES (18, 1517, 13);
insert into Citizen (idno, title, firstname, lastname, dateofbirth, gender) VALUES (1518, '', 'Kober', 'Pascal', '1.1.1971.', 'p');
insert into CandidatesData (idno) VALUES (1518);
insert into PartyMembership (pid, idno) VALUES (4, 1518);
insert into Candidacy (wkid, idno) VALUES (588, 1518);
insert into Landeslistenplatz (llid, idno, position) VALUES (4, 1518, 13);
insert into Citizen (idno, title, firstname, lastname, dateofbirth, gender) VALUES (1519, '', 'Koch', 'Christian', '1.1.1971.', 'p');
insert into CandidatesData (idno) VALUES (1519);
insert into PartyMembership (pid, idno) VALUES (7, 1519);
insert into Landeslistenplatz (llid, idno, position) VALUES (7, 1519, 2);
insert into Citizen (idno, title, firstname, lastname, dateofbirth, gender) VALUES (1520, '', 'Koch', 'Harald', '1.1.1954.', 'p');
insert into CandidatesData (idno) VALUES (1520);
insert into PartyMembership (pid, idno) VALUES (3, 1520);
insert into Candidacy (wkid, idno) VALUES (374, 1520);
insert into Landeslistenplatz (llid, idno, position) VALUES (2, 1520, 6);
insert into Citizen (idno, title, firstname, lastname, dateofbirth, gender) VALUES (1521, '', 'Koch', 'Helga', '1.1.1956.', 'p');
insert into CandidatesData (idno) VALUES (1521);
insert into PartyMembership (pid, idno) VALUES (2, 1521);
insert into Candidacy (wkid, idno) VALUES (540, 1521);
insert into Landeslistenplatz (llid, idno, position) VALUES (1, 1521, 20);
insert into Citizen (idno, title, firstname, lastname, dateofbirth, gender) VALUES (1522, '', 'Koch', 'Torsten', '1.1.1967.', 'p');
insert into CandidatesData (idno) VALUES (1522);
insert into PartyMembership (pid, idno) VALUES (5, 1522);
insert into Candidacy (wkid, idno) VALUES (351, 1522);
insert into Citizen (idno, title, firstname, lastname, dateofbirth, gender) VALUES (1523, '', 'Koczy', 'Ute Maria Christine', '1.1.1961.', 'p');
insert into CandidatesData (idno) VALUES (1523);
insert into PartyMembership (pid, idno) VALUES (5, 1523);
insert into Candidacy (wkid, idno) VALUES (435, 1523);
insert into Landeslistenplatz (llid, idno, position) VALUES (5, 1523, 7);
insert into Citizen (idno, title, firstname, lastname, dateofbirth, gender) VALUES (1524, '', 'Köhler', 'Heiko', '1.1.1974.', 'p');
insert into CandidatesData (idno) VALUES (1524);
insert into PartyMembership (pid, idno) VALUES (1, 1524);
insert into Candidacy (wkid, idno) VALUES (564, 1524);
insert into Citizen (idno, title, firstname, lastname, dateofbirth, gender) VALUES (1525, '', 'Köhler', 'Dr. Kristina', '1.1.1977.', 'p');
insert into CandidatesData (idno) VALUES (1525);
insert into PartyMembership (pid, idno) VALUES (12, 1525);
insert into Candidacy (wkid, idno) VALUES (478, 1525);
insert into Landeslistenplatz (llid, idno, position) VALUES (12, 1525, 8);
insert into Citizen (idno, title, firstname, lastname, dateofbirth, gender) VALUES (1526, '', 'Köhler', 'Renate Erna', '1.1.1938.', 'p');
insert into CandidatesData (idno) VALUES (1526);
insert into PartyMembership (pid, idno) VALUES (11, 1526);
insert into Landeslistenplatz (llid, idno, position) VALUES (11, 1526, 1);
insert into Citizen (idno, title, firstname, lastname, dateofbirth, gender) VALUES (1527, '', 'Koehler', 'Ulrich-Günther', '1.1.1954.', 'p');
insert into CandidatesData (idno) VALUES (1527);
insert into PartyMembership (pid, idno) VALUES (4, 1527);
insert into Candidacy (wkid, idno) VALUES (369, 1527);
insert into Citizen (idno, title, firstname, lastname, dateofbirth, gender) VALUES (1528, '', 'Köhler', 'Werner', '1.1.1955.', 'p');
insert into CandidatesData (idno) VALUES (1528);
insert into PartyMembership (pid, idno) VALUES (5, 1528);
insert into Candidacy (wkid, idno) VALUES (328, 1528);
insert into Landeslistenplatz (llid, idno, position) VALUES (5, 1528, 16);
insert into Citizen (idno, title, firstname, lastname, dateofbirth, gender) VALUES (1529, '', 'Köhn', 'Annette', '1.1.1976.', 'p');
insert into CandidatesData (idno) VALUES (1529);
insert into Candidacy (wkid, idno) VALUES (382, 1529);
insert into Citizen (idno, title, firstname, lastname, dateofbirth, gender) VALUES (1530, '', 'Kölle', 'Christian', '1.1.1952.', 'p');
insert into CandidatesData (idno) VALUES (1530);
insert into PartyMembership (pid, idno) VALUES (13, 1530);
insert into Landeslistenplatz (llid, idno, position) VALUES (13, 1530, 6);
insert into Citizen (idno, title, firstname, lastname, dateofbirth, gender) VALUES (1531, '', 'Köllner', 'Marion Monika Ingrid', '1.1.1952.', 'p');
insert into CandidatesData (idno) VALUES (1531);
insert into PartyMembership (pid, idno) VALUES (3, 1531);
insert into Landeslistenplatz (llid, idno, position) VALUES (2, 1531, 16);
insert into Citizen (idno, title, firstname, lastname, dateofbirth, gender) VALUES (1532, '', 'Köllner', 'Werner', '1.1.1954.', 'p');
insert into CandidatesData (idno) VALUES (1532);
insert into PartyMembership (pid, idno) VALUES (21, 1532);
insert into Landeslistenplatz (llid, idno, position) VALUES (20, 1532, 7);
insert into Citizen (idno, title, firstname, lastname, dateofbirth, gender) VALUES (1533, '', 'König', 'Josef', '1.1.1966.', 'p');
insert into CandidatesData (idno) VALUES (1533);
insert into PartyMembership (pid, idno) VALUES (4, 1533);
insert into Landeslistenplatz (llid, idno, position) VALUES (4, 1533, 47);
insert into Citizen (idno, title, firstname, lastname, dateofbirth, gender) VALUES (1534, '', 'König', 'Roland', '1.1.1966.', 'p');
insert into CandidatesData (idno) VALUES (1534);
insert into PartyMembership (pid, idno) VALUES (4, 1534);
insert into Candidacy (wkid, idno) VALUES (595, 1534);
insert into Landeslistenplatz (llid, idno, position) VALUES (4, 1534, 3);
insert into Citizen (idno, title, firstname, lastname, dateofbirth, gender) VALUES (1535, '', 'König', 'Ulrich', '1.1.1981.', 'p');
insert into CandidatesData (idno) VALUES (1535);
insert into PartyMembership (pid, idno) VALUES (7, 1535);
insert into Landeslistenplatz (llid, idno, position) VALUES (7, 1535, 3);
insert into Citizen (idno, title, firstname, lastname, dateofbirth, gender) VALUES (1536, '', 'Koenigs', 'Thomas', '1.1.1944.', 'p');
insert into CandidatesData (idno) VALUES (1536);
insert into PartyMembership (pid, idno) VALUES (5, 1536);
insert into Candidacy (wkid, idno) VALUES (473, 1536);
insert into Landeslistenplatz (llid, idno, position) VALUES (5, 1536, 4);
insert into Citizen (idno, title, firstname, lastname, dateofbirth, gender) VALUES (1537, '', 'Königshaus', 'Hellmut Georg Richard', '1.1.1950.', 'p');
insert into CandidatesData (idno) VALUES (1537);
insert into PartyMembership (pid, idno) VALUES (4, 1537);
insert into Candidacy (wkid, idno) VALUES (384, 1537);
insert into Landeslistenplatz (llid, idno, position) VALUES (4, 1537, 3);
insert into Citizen (idno, title, firstname, lastname, dateofbirth, gender) VALUES (1538, '', 'Könnecke', 'Wolf-Dieter', '1.1.1966.', 'p');
insert into CandidatesData (idno) VALUES (1538);
insert into Candidacy (wkid, idno) VALUES (354, 1538);
insert into Citizen (idno, title, firstname, lastname, dateofbirth, gender) VALUES (1539, '', 'Köpp', 'Christian', '1.1.1986.', 'p');
insert into CandidatesData (idno) VALUES (1539);
insert into PartyMembership (pid, idno) VALUES (5, 1539);
insert into Candidacy (wkid, idno) VALUES (577, 1539);
insert into Citizen (idno, title, firstname, lastname, dateofbirth, gender) VALUES (1540, '', 'Köppen', 'Daniel', '1.1.1984.', 'p');
insert into CandidatesData (idno) VALUES (1540);
insert into PartyMembership (pid, idno) VALUES (10, 1540);
insert into Candidacy (wkid, idno) VALUES (376, 1540);
insert into Landeslistenplatz (llid, idno, position) VALUES (10, 1540, 4);
insert into Citizen (idno, title, firstname, lastname, dateofbirth, gender) VALUES (1541, '', 'Koeppen', 'Jens', '1.1.1962.', 'p');
insert into CandidatesData (idno) VALUES (1541);
insert into PartyMembership (pid, idno) VALUES (12, 1541);
insert into Candidacy (wkid, idno) VALUES (357, 1541);
insert into Landeslistenplatz (llid, idno, position) VALUES (12, 1541, 4);
insert into Citizen (idno, title, firstname, lastname, dateofbirth, gender) VALUES (1542, '', 'Körber', 'Sebastian', '1.1.1980.', 'p');
insert into CandidatesData (idno) VALUES (1542);
insert into PartyMembership (pid, idno) VALUES (4, 1542);
insert into Candidacy (wkid, idno) VALUES (535, 1542);
insert into Landeslistenplatz (llid, idno, position) VALUES (4, 1542, 9);
insert into Citizen (idno, title, firstname, lastname, dateofbirth, gender) VALUES (1543, '', 'Koerlin', 'Julia', '1.1.1954.', 'p');
insert into CandidatesData (idno) VALUES (1543);
insert into PartyMembership (pid, idno) VALUES (2, 1543);
insert into Landeslistenplatz (llid, idno, position) VALUES (1, 1543, 32);
insert into Citizen (idno, title, firstname, lastname, dateofbirth, gender) VALUES (1544, '', 'Körndl', 'Georg', '1.1.1958.', 'p');
insert into CandidatesData (idno) VALUES (1544);
insert into PartyMembership (pid, idno) VALUES (10, 1544);
insert into Landeslistenplatz (llid, idno, position) VALUES (10, 1544, 16);
insert into Citizen (idno, title, firstname, lastname, dateofbirth, gender) VALUES (1545, '', 'Körner', 'Frank', '1.1.1962.', 'p');
insert into CandidatesData (idno) VALUES (1545);
insert into PartyMembership (pid, idno) VALUES (1, 1545);
insert into Candidacy (wkid, idno) VALUES (470, 1545);
insert into Citizen (idno, title, firstname, lastname, dateofbirth, gender) VALUES (1546, '', 'Körner', 'Steve', '1.1.1979.', 'p');
insert into CandidatesData (idno) VALUES (1546);
insert into PartyMembership (pid, idno) VALUES (17, 1546);
insert into Candidacy (wkid, idno) VALUES (466, 1546);
insert into Citizen (idno, title, firstname, lastname, dateofbirth, gender) VALUES (1547, '', 'Körper', 'Fritz Rudolf', '1.1.1954.', 'p');
insert into CandidatesData (idno) VALUES (1547);
insert into PartyMembership (pid, idno) VALUES (2, 1547);
insert into Candidacy (wkid, idno) VALUES (501, 1547);
insert into Landeslistenplatz (llid, idno, position) VALUES (1, 1547, 5);
insert into Citizen (idno, title, firstname, lastname, dateofbirth, gender) VALUES (1548, '', 'Köschinger', 'Anton', '1.1.1961.', 'p');
insert into CandidatesData (idno) VALUES (1548);
insert into PartyMembership (pid, idno) VALUES (11, 1548);
insert into Landeslistenplatz (llid, idno, position) VALUES (11, 1548, 2);
insert into Citizen (idno, title, firstname, lastname, dateofbirth, gender) VALUES (1549, '', 'Köse', 'Hamiyet', '1.1.1960.', 'p');
insert into CandidatesData (idno) VALUES (1549);
insert into PartyMembership (pid, idno) VALUES (3, 1549);
insert into Landeslistenplatz (llid, idno, position) VALUES (2, 1549, 7);
insert into Citizen (idno, title, firstname, lastname, dateofbirth, gender) VALUES (1550, '', 'Koesling', 'Michael', '1.1.1976.', 'p');
insert into CandidatesData (idno) VALUES (1550);
insert into PartyMembership (pid, idno) VALUES (22, 1550);
insert into Candidacy (wkid, idno) VALUES (410, 1550);
insert into Landeslistenplatz (llid, idno, position) VALUES (22, 1550, 9);
insert into Citizen (idno, title, firstname, lastname, dateofbirth, gender) VALUES (1551, '', 'Köster', 'Stefan', '1.1.1973.', 'p');
insert into CandidatesData (idno) VALUES (1551);
insert into PartyMembership (pid, idno) VALUES (1, 1551);
insert into Candidacy (wkid, idno) VALUES (311, 1551);
insert into Citizen (idno, title, firstname, lastname, dateofbirth, gender) VALUES (1552, '', 'Köster-Sollwedel', 'Hans Henning', '1.1.1949.', 'p');
insert into CandidatesData (idno) VALUES (1552);
insert into PartyMembership (pid, idno) VALUES (3, 1552);
insert into Candidacy (wkid, idno) VALUES (471, 1552);
insert into Landeslistenplatz (llid, idno, position) VALUES (2, 1552, 8);
insert into Citizen (idno, title, firstname, lastname, dateofbirth, gender) VALUES (1553, '', 'Kötter', 'Andrea', '1.1.1964.', 'p');
insert into CandidatesData (idno) VALUES (1553);
insert into PartyMembership (pid, idno) VALUES (2, 1553);
insert into Landeslistenplatz (llid, idno, position) VALUES (1, 1553, 58);
insert into Citizen (idno, title, firstname, lastname, dateofbirth, gender) VALUES (1554, '', 'Kofbinger', 'Anja', '1.1.1960.', 'p');
insert into CandidatesData (idno) VALUES (1554);
insert into PartyMembership (pid, idno) VALUES (5, 1554);
insert into Candidacy (wkid, idno) VALUES (382, 1554);
insert into Landeslistenplatz (llid, idno, position) VALUES (5, 1554, 5);
insert into Citizen (idno, title, firstname, lastname, dateofbirth, gender) VALUES (1555, '', 'Kofler', 'Dr. Bärbel', '1.1.1967.', 'p');
insert into CandidatesData (idno) VALUES (1555);
insert into PartyMembership (pid, idno) VALUES (2, 1555);
insert into Candidacy (wkid, idno) VALUES (524, 1555);
insert into Landeslistenplatz (llid, idno, position) VALUES (1, 1555, 16);
insert into Citizen (idno, title, firstname, lastname, dateofbirth, gender) VALUES (1556, '', 'Koglin', 'Hauke', '1.1.1988.', 'p');
insert into CandidatesData (idno) VALUES (1556);
insert into PartyMembership (pid, idno) VALUES (1, 1556);
insert into Landeslistenplatz (llid, idno, position) VALUES (3, 1556, 5);
insert into Citizen (idno, title, firstname, lastname, dateofbirth, gender) VALUES (1557, '', 'Kohl', 'Horst', '1.1.1944.', 'p');
insert into CandidatesData (idno) VALUES (1557);
insert into PartyMembership (pid, idno) VALUES (17, 1557);
insert into Landeslistenplatz (llid, idno, position) VALUES (16, 1557, 11);
insert into Citizen (idno, title, firstname, lastname, dateofbirth, gender) VALUES (1558, '', 'Kohle', 'Hans August', '1.1.1935.', 'p');
insert into CandidatesData (idno) VALUES (1558);
insert into PartyMembership (pid, idno) VALUES (12, 1558);
insert into Landeslistenplatz (llid, idno, position) VALUES (12, 1558, 55);
insert into Citizen (idno, title, firstname, lastname, dateofbirth, gender) VALUES (1559, '', 'Kohlmann', 'Sascha', '1.1.1975.', 'p');
insert into CandidatesData (idno) VALUES (1559);
insert into PartyMembership (pid, idno) VALUES (12, 1559);
insert into Landeslistenplatz (llid, idno, position) VALUES (12, 1559, 27);
insert into Citizen (idno, title, firstname, lastname, dateofbirth, gender) VALUES (1560, '', 'Kokott', 'Manuela', '1.1.1968.', 'p');
insert into CandidatesData (idno) VALUES (1560);
insert into PartyMembership (pid, idno) VALUES (1, 1560);
insert into Candidacy (wkid, idno) VALUES (365, 1560);
insert into Landeslistenplatz (llid, idno, position) VALUES (3, 1560, 3);
insert into Citizen (idno, title, firstname, lastname, dateofbirth, gender) VALUES (1561, '', 'Kolarczik', 'Mirco', '1.1.1984.', 'p');
insert into CandidatesData (idno) VALUES (1561);
insert into PartyMembership (pid, idno) VALUES (3, 1561);
insert into Candidacy (wkid, idno) VALUES (593, 1561);
insert into Citizen (idno, title, firstname, lastname, dateofbirth, gender) VALUES (1562, '', 'Kolb', 'Christian', '1.1.1966.', 'p');
insert into CandidatesData (idno) VALUES (1562);
insert into PartyMembership (pid, idno) VALUES (5, 1562);
insert into Candidacy (wkid, idno) VALUES (476, 1562);
insert into Landeslistenplatz (llid, idno, position) VALUES (5, 1562, 20);
insert into Citizen (idno, title, firstname, lastname, dateofbirth, gender) VALUES (1563, '', 'Kolb', 'Dr. Heinrich Leonhard', '1.1.1956.', 'p');
insert into CandidatesData (idno) VALUES (1563);
insert into PartyMembership (pid, idno) VALUES (4, 1563);
insert into Candidacy (wkid, idno) VALUES (486, 1563);
insert into Landeslistenplatz (llid, idno, position) VALUES (4, 1563, 3);
insert into Citizen (idno, title, firstname, lastname, dateofbirth, gender) VALUES (1564, '', 'Kolb', 'Michael', '1.1.1974.', 'p');
insert into CandidatesData (idno) VALUES (1564);
insert into PartyMembership (pid, idno) VALUES (12, 1564);
insert into Landeslistenplatz (llid, idno, position) VALUES (12, 1564, 33);
insert into Citizen (idno, title, firstname, lastname, dateofbirth, gender) VALUES (1565, '', 'Kolbe', 'Anja', '1.1.1980.', 'p');
insert into CandidatesData (idno) VALUES (1565);
insert into PartyMembership (pid, idno) VALUES (4, 1565);
insert into Candidacy (wkid, idno) VALUES (491, 1565);
insert into Landeslistenplatz (llid, idno, position) VALUES (4, 1565, 3);
insert into Citizen (idno, title, firstname, lastname, dateofbirth, gender) VALUES (1566, '', 'Kolbe', 'Daniela', '1.1.1980.', 'p');
insert into CandidatesData (idno) VALUES (1566);
insert into PartyMembership (pid, idno) VALUES (2, 1566);
insert into Candidacy (wkid, idno) VALUES (452, 1566);
insert into Landeslistenplatz (llid, idno, position) VALUES (1, 1566, 4);
insert into Citizen (idno, title, firstname, lastname, dateofbirth, gender) VALUES (1567, '', 'Kolbe', 'Manfred Lothar', '1.1.1953.', 'p');
insert into CandidatesData (idno) VALUES (1567);
insert into PartyMembership (pid, idno) VALUES (12, 1567);
insert into Candidacy (wkid, idno) VALUES (451, 1567);
insert into Citizen (idno, title, firstname, lastname, dateofbirth, gender) VALUES (1568, '', 'Kolbeck', 'Alexander Ludwig', '1.1.1965.', 'p');
insert into CandidatesData (idno) VALUES (1568);
insert into PartyMembership (pid, idno) VALUES (22, 1568);
insert into Landeslistenplatz (llid, idno, position) VALUES (22, 1568, 1);
insert into Citizen (idno, title, firstname, lastname, dateofbirth, gender) VALUES (1569, '', 'Kolkmann-Lutz', 'Dagmar Marie', '1.1.1953.', 'p');
insert into CandidatesData (idno) VALUES (1569);
insert into PartyMembership (pid, idno) VALUES (13, 1569);
insert into Landeslistenplatz (llid, idno, position) VALUES (13, 1569, 4);
insert into Citizen (idno, title, firstname, lastname, dateofbirth, gender) VALUES (1570, '', 'Kolmorgen', 'Ingo', '1.1.1972.', 'p');
insert into CandidatesData (idno) VALUES (1570);
insert into PartyMembership (pid, idno) VALUES (5, 1570);
insert into Candidacy (wkid, idno) VALUES (408, 1570);
insert into Citizen (idno, title, firstname, lastname, dateofbirth, gender) VALUES (1571, '', 'Kolter', 'Cindy', '1.1.1973.', 'p');
insert into CandidatesData (idno) VALUES (1571);
insert into PartyMembership (pid, idno) VALUES (3, 1571);
insert into Candidacy (wkid, idno) VALUES (393, 1571);
insert into Landeslistenplatz (llid, idno, position) VALUES (2, 1571, 28);
insert into Citizen (idno, title, firstname, lastname, dateofbirth, gender) VALUES (1572, '', 'Konrad', 'Dr. Fred', '1.1.1961.', 'p');
insert into CandidatesData (idno) VALUES (1572);
insert into PartyMembership (pid, idno) VALUES (5, 1572);
insert into Candidacy (wkid, idno) VALUES (510, 1572);
insert into Landeslistenplatz (llid, idno, position) VALUES (5, 1572, 4);
insert into Citizen (idno, title, firstname, lastname, dateofbirth, gender) VALUES (1573, '', 'Koplin', 'Torsten', '1.1.1962.', 'p');
insert into CandidatesData (idno) VALUES (1573);
insert into PartyMembership (pid, idno) VALUES (3, 1573);
insert into Candidacy (wkid, idno) VALUES (317, 1573);
insert into Landeslistenplatz (llid, idno, position) VALUES (2, 1573, 5);
insert into Citizen (idno, title, firstname, lastname, dateofbirth, gender) VALUES (1574, '', 'Kopp', 'Gudrun', '1.1.1950.', 'p');
insert into CandidatesData (idno) VALUES (1574);
insert into PartyMembership (pid, idno) VALUES (4, 1574);
insert into Candidacy (wkid, idno) VALUES (435, 1574);
insert into Landeslistenplatz (llid, idno, position) VALUES (4, 1574, 5);
insert into Citizen (idno, title, firstname, lastname, dateofbirth, gender) VALUES (1575, '', 'Koppe', 'Walter Ernst Wolfgang', '1.1.1957.', 'p');
insert into CandidatesData (idno) VALUES (1575);
insert into PartyMembership (pid, idno) VALUES (3, 1575);
insert into Candidacy (wkid, idno) VALUES (513, 1575);
insert into Citizen (idno, title, firstname, lastname, dateofbirth, gender) VALUES (1576, '', 'Koppelin', 'Jürgen', '1.1.1945.', 'p');
insert into CandidatesData (idno) VALUES (1576);
insert into PartyMembership (pid, idno) VALUES (4, 1576);
insert into Candidacy (wkid, idno) VALUES (302, 1576);
insert into Landeslistenplatz (llid, idno, position) VALUES (4, 1576, 1);
insert into Citizen (idno, title, firstname, lastname, dateofbirth, gender) VALUES (1577, '', 'Korcian', 'Eva', '1.1.1990.', 'p');
insert into CandidatesData (idno) VALUES (1577);
insert into PartyMembership (pid, idno) VALUES (15, 1577);
insert into Landeslistenplatz (llid, idno, position) VALUES (14, 1577, 27);
insert into Citizen (idno, title, firstname, lastname, dateofbirth, gender) VALUES (1578, '', 'Kordes', 'Henrik', '1.1.1948.', 'p');
insert into CandidatesData (idno) VALUES (1578);
insert into PartyMembership (pid, idno) VALUES (13, 1578);
insert into Landeslistenplatz (llid, idno, position) VALUES (13, 1578, 3);
insert into Citizen (idno, title, firstname, lastname, dateofbirth, gender) VALUES (1579, '', 'Korfmann', 'Patrick Alexander', '1.1.1980.', 'p');
insert into CandidatesData (idno) VALUES (1579);
insert into PartyMembership (pid, idno) VALUES (19, 1579);
insert into Candidacy (wkid, idno) VALUES (529, 1579);
insert into Citizen (idno, title, firstname, lastname, dateofbirth, gender) VALUES (1580, '', 'Korntreff', 'Ina', '1.1.1967.', 'p');
insert into CandidatesData (idno) VALUES (1580);
insert into PartyMembership (pid, idno) VALUES (13, 1580);
insert into Candidacy (wkid, idno) VALUES (371, 1580);
insert into Landeslistenplatz (llid, idno, position) VALUES (13, 1580, 2);
insert into Citizen (idno, title, firstname, lastname, dateofbirth, gender) VALUES (1581, '', 'Korntreff', 'Stefanie', '1.1.1986.', 'p');
insert into CandidatesData (idno) VALUES (1581);
insert into PartyMembership (pid, idno) VALUES (13, 1581);
insert into Landeslistenplatz (llid, idno, position) VALUES (13, 1581, 2);
insert into Citizen (idno, title, firstname, lastname, dateofbirth, gender) VALUES (1582, '', 'Korte', 'Jan', '1.1.1977.', 'p');
insert into CandidatesData (idno) VALUES (1582);
insert into PartyMembership (pid, idno) VALUES (3, 1582);
insert into Candidacy (wkid, idno) VALUES (371, 1582);
insert into Landeslistenplatz (llid, idno, position) VALUES (2, 1582, 2);
insert into Citizen (idno, title, firstname, lastname, dateofbirth, gender) VALUES (1583, '', 'Korte', 'Prof. Dr. Niels', '1.1.1969.', 'p');
insert into CandidatesData (idno) VALUES (1583);
insert into PartyMembership (pid, idno) VALUES (12, 1583);
insert into Candidacy (wkid, idno) VALUES (384, 1583);
insert into Landeslistenplatz (llid, idno, position) VALUES (12, 1583, 12);
insert into Citizen (idno, title, firstname, lastname, dateofbirth, gender) VALUES (1584, '', 'Kortmann', 'Karin', '1.1.1959.', 'p');
insert into CandidatesData (idno) VALUES (1584);
insert into PartyMembership (pid, idno) VALUES (2, 1584);
insert into Candidacy (wkid, idno) VALUES (407, 1584);
insert into Landeslistenplatz (llid, idno, position) VALUES (1, 1584, 24);
insert into Citizen (idno, title, firstname, lastname, dateofbirth, gender) VALUES (1585, '', 'Koschmieder', 'Dietmar', '1.1.1955.', 'p');
insert into CandidatesData (idno) VALUES (1585);
insert into PartyMembership (pid, idno) VALUES (21, 1585);
insert into Landeslistenplatz (llid, idno, position) VALUES (20, 1585, 13);
insert into Citizen (idno, title, firstname, lastname, dateofbirth, gender) VALUES (1586, '', 'Koschorrek', 'Dr. Rolf', '1.1.1956.', 'p');
insert into CandidatesData (idno) VALUES (1586);
insert into PartyMembership (pid, idno) VALUES (12, 1586);
insert into Candidacy (wkid, idno) VALUES (302, 1586);
insert into Landeslistenplatz (llid, idno, position) VALUES (12, 1586, 8);
insert into Citizen (idno, title, firstname, lastname, dateofbirth, gender) VALUES (1587, '', 'Koschyk', 'Hartmut', '1.1.1959.', 'p');
insert into CandidatesData (idno) VALUES (1587);
insert into PartyMembership (pid, idno) VALUES (9, 1587);
insert into Candidacy (wkid, idno) VALUES (536, 1587);
insert into Citizen (idno, title, firstname, lastname, dateofbirth, gender) VALUES (1588, '', 'Kosmanek', 'Margot', '1.1.1933.', 'p');
insert into CandidatesData (idno) VALUES (1588);
insert into PartyMembership (pid, idno) VALUES (12, 1588);
insert into Landeslistenplatz (llid, idno, position) VALUES (12, 1588, 45);
insert into Citizen (idno, title, firstname, lastname, dateofbirth, gender) VALUES (1589, '', 'Kosow', 'Heiko', '1.1.1947.', 'p');
insert into CandidatesData (idno) VALUES (1589);
insert into PartyMembership (pid, idno) VALUES (5, 1589);
insert into Candidacy (wkid, idno) VALUES (447, 1589);
insert into Citizen (idno, title, firstname, lastname, dateofbirth, gender) VALUES (1590, '', 'Koß', 'Thoralf', '1.1.1964.', 'p');
insert into CandidatesData (idno) VALUES (1590);
insert into PartyMembership (pid, idno) VALUES (5, 1590);
insert into Candidacy (wkid, idno) VALUES (455, 1590);
insert into Citizen (idno, title, firstname, lastname, dateofbirth, gender) VALUES (1591, '', 'Koß', 'Dr. Volker', '1.1.1949.', 'p');
insert into CandidatesData (idno) VALUES (1591);
insert into PartyMembership (pid, idno) VALUES (5, 1591);
insert into Candidacy (wkid, idno) VALUES (310, 1591);
insert into Citizen (idno, title, firstname, lastname, dateofbirth, gender) VALUES (1592, '', 'Kossack', 'Philip', '1.1.1989.', 'p');
insert into CandidatesData (idno) VALUES (1592);
insert into PartyMembership (pid, idno) VALUES (5, 1592);
insert into Candidacy (wkid, idno) VALUES (330, 1592);
insert into Citizen (idno, title, firstname, lastname, dateofbirth, gender) VALUES (1593, '', 'Kossendey', 'Thomas', '1.1.1948.', 'p');
insert into CandidatesData (idno) VALUES (1593);
insert into PartyMembership (pid, idno) VALUES (12, 1593);
insert into Candidacy (wkid, idno) VALUES (327, 1593);
insert into Landeslistenplatz (llid, idno, position) VALUES (12, 1593, 5);
insert into Citizen (idno, title, firstname, lastname, dateofbirth, gender) VALUES (1594, '', 'Kotting-Uhl', 'Sylvia', '1.1.1952.', 'p');
insert into CandidatesData (idno) VALUES (1594);
insert into PartyMembership (pid, idno) VALUES (5, 1594);
insert into Candidacy (wkid, idno) VALUES (570, 1594);
insert into Landeslistenplatz (llid, idno, position) VALUES (5, 1594, 3);
insert into Citizen (idno, title, firstname, lastname, dateofbirth, gender) VALUES (1595, '', 'Kotzian', 'Emanuel', '1.1.1972.', 'p');
insert into CandidatesData (idno) VALUES (1595);
insert into PartyMembership (pid, idno) VALUES (7, 1595);
insert into Candidacy (wkid, idno) VALUES (543, 1595);
insert into Citizen (idno, title, firstname, lastname, dateofbirth, gender) VALUES (1596, '', 'Kovac', 'Kordula', '1.1.1957.', 'p');
insert into CandidatesData (idno) VALUES (1596);
insert into PartyMembership (pid, idno) VALUES (12, 1596);
insert into Landeslistenplatz (llid, idno, position) VALUES (12, 1596, 12);
insert into Citizen (idno, title, firstname, lastname, dateofbirth, gender) VALUES (1597, '', 'Koziolek', 'Stephan-Gerhard', '1.1.1968.', 'p');
insert into CandidatesData (idno) VALUES (1597);
insert into PartyMembership (pid, idno) VALUES (3, 1597);
insert into Landeslistenplatz (llid, idno, position) VALUES (2, 1597, 19);
insert into Citizen (idno, title, firstname, lastname, dateofbirth, gender) VALUES (1598, '', 'Krabbes', 'Stefan', '1.1.1987.', 'p');
insert into CandidatesData (idno) VALUES (1598);
insert into PartyMembership (pid, idno) VALUES (5, 1598);
insert into Candidacy (wkid, idno) VALUES (370, 1598);
insert into Citizen (idno, title, firstname, lastname, dateofbirth, gender) VALUES (1599, '', 'Krämer', 'Martin', '1.1.1986.', 'p');
insert into CandidatesData (idno) VALUES (1599);
insert into PartyMembership (pid, idno) VALUES (1, 1599);
insert into Candidacy (wkid, idno) VALUES (565, 1599);
insert into Citizen (idno, title, firstname, lastname, dateofbirth, gender) VALUES (1600, '', 'Kraemer-Schwinn', 'Ulrike', '1.1.1956.', 'p');
insert into CandidatesData (idno) VALUES (1600);
insert into PartyMembership (pid, idno) VALUES (29, 1600);
insert into Candidacy (wkid, idno) VALUES (396, 1600);
insert into Citizen (idno, title, firstname, lastname, dateofbirth, gender) VALUES (1601, '', 'Kraft', 'Ursula', '1.1.1953.', 'p');
insert into CandidatesData (idno) VALUES (1601);
insert into PartyMembership (pid, idno) VALUES (12, 1601);
insert into Landeslistenplatz (llid, idno, position) VALUES (12, 1601, 23);
insert into Citizen (idno, title, firstname, lastname, dateofbirth, gender) VALUES (1602, '', 'Kraft', 'Volker', '1.1.1953.', 'p');
insert into CandidatesData (idno) VALUES (1602);
insert into PartyMembership (pid, idno) VALUES (13, 1602);
insert into Candidacy (wkid, idno) VALUES (558, 1602);
insert into Landeslistenplatz (llid, idno, position) VALUES (13, 1602, 3);
insert into Citizen (idno, title, firstname, lastname, dateofbirth, gender) VALUES (1603, '', 'Krafzik', 'Günter', '1.1.1934.', 'p');
insert into CandidatesData (idno) VALUES (1603);
insert into PartyMembership (pid, idno) VALUES (17, 1603);
insert into Landeslistenplatz (llid, idno, position) VALUES (16, 1603, 4);
insert into Citizen (idno, title, firstname, lastname, dateofbirth, gender) VALUES (1604, '', 'Kramer', 'Benjamin Manuel', '1.1.1978.', 'p');
insert into CandidatesData (idno) VALUES (1604);
insert into PartyMembership (pid, idno) VALUES (4, 1604);
insert into Candidacy (wkid, idno) VALUES (487, 1604);
insert into Landeslistenplatz (llid, idno, position) VALUES (4, 1604, 11);
insert into Citizen (idno, title, firstname, lastname, dateofbirth, gender) VALUES (1605, '', 'Kramer', 'Klaus-Dieter', '1.1.1944.', 'p');
insert into CandidatesData (idno) VALUES (1605);
insert into Candidacy (wkid, idno) VALUES (465, 1605);
insert into Citizen (idno, title, firstname, lastname, dateofbirth, gender) VALUES (1606, '', 'Kramer', 'Rolf', '1.1.1949.', 'p');
insert into CandidatesData (idno) VALUES (1606);
insert into PartyMembership (pid, idno) VALUES (2, 1606);
insert into Candidacy (wkid, idno) VALUES (333, 1606);
insert into Landeslistenplatz (llid, idno, position) VALUES (1, 1606, 18);
insert into Citizen (idno, title, firstname, lastname, dateofbirth, gender) VALUES (1607, '', 'Krames', 'Erich', '1.1.1934.', 'p');
insert into CandidatesData (idno) VALUES (1607);
insert into PartyMembership (pid, idno) VALUES (1, 1607);
insert into Candidacy (wkid, idno) VALUES (500, 1607);
insert into Landeslistenplatz (llid, idno, position) VALUES (3, 1607, 7);
insert into Citizen (idno, title, firstname, lastname, dateofbirth, gender) VALUES (1608, '', 'Kramme', 'Anette', '1.1.1967.', 'p');
insert into CandidatesData (idno) VALUES (1608);
insert into PartyMembership (pid, idno) VALUES (2, 1608);
insert into Candidacy (wkid, idno) VALUES (536, 1608);
insert into Landeslistenplatz (llid, idno, position) VALUES (1, 1608, 12);
insert into Citizen (idno, title, firstname, lastname, dateofbirth, gender) VALUES (1609, '', 'Kranz', 'Ernst', '1.1.1950.', 'p');
insert into CandidatesData (idno) VALUES (1609);
insert into PartyMembership (pid, idno) VALUES (2, 1609);
insert into Candidacy (wkid, idno) VALUES (489, 1609);
insert into Landeslistenplatz (llid, idno, position) VALUES (1, 1609, 5);
insert into Citizen (idno, title, firstname, lastname, dateofbirth, gender) VALUES (1610, '', 'Kraume', 'Matthias', '1.1.1982.', 'p');
insert into CandidatesData (idno) VALUES (1610);
insert into PartyMembership (pid, idno) VALUES (10, 1610);
insert into Candidacy (wkid, idno) VALUES (420, 1610);
insert into Landeslistenplatz (llid, idno, position) VALUES (10, 1610, 4);
insert into Citizen (idno, title, firstname, lastname, dateofbirth, gender) VALUES (1611, '', 'Krause', 'Brian', '1.1.1972.', 'p');
insert into CandidatesData (idno) VALUES (1611);
insert into PartyMembership (pid, idno) VALUES (5, 1611);
insert into Candidacy (wkid, idno) VALUES (569, 1611);
insert into Citizen (idno, title, firstname, lastname, dateofbirth, gender) VALUES (1612, '', 'Krause', 'Dr. Dietrich-Eckard', '1.1.1941.', 'p');
insert into CandidatesData (idno) VALUES (1612);
insert into PartyMembership (pid, idno) VALUES (4, 1612);
insert into Candidacy (wkid, idno) VALUES (317, 1612);
insert into Landeslistenplatz (llid, idno, position) VALUES (4, 1612, 7);
insert into Citizen (idno, title, firstname, lastname, dateofbirth, gender) VALUES (1613, '', 'Krause', 'Hendrik', '1.1.1987.', 'p');
insert into CandidatesData (idno) VALUES (1613);
insert into PartyMembership (pid, idno) VALUES (7, 1613);
insert into Landeslistenplatz (llid, idno, position) VALUES (7, 1613, 2);
insert into Citizen (idno, title, firstname, lastname, dateofbirth, gender) VALUES (1614, '', 'Krause', 'Johannes', '1.1.1958.', 'p');
insert into CandidatesData (idno) VALUES (1614);
insert into PartyMembership (pid, idno) VALUES (2, 1614);
insert into Candidacy (wkid, idno) VALUES (372, 1614);
insert into Landeslistenplatz (llid, idno, position) VALUES (1, 1614, 5);
insert into Citizen (idno, title, firstname, lastname, dateofbirth, gender) VALUES (1615, '', 'Krause', 'Ludwig', '1.1.1938.', 'p');
insert into CandidatesData (idno) VALUES (1615);
insert into PartyMembership (pid, idno) VALUES (27, 1615);
insert into Landeslistenplatz (llid, idno, position) VALUES (26, 1615, 9);
insert into Citizen (idno, title, firstname, lastname, dateofbirth, gender) VALUES (1616, '', 'Krause', 'Rainer Eckehard', '1.1.1946.', 'p');
insert into CandidatesData (idno) VALUES (1616);
insert into PartyMembership (pid, idno) VALUES (4, 1616);
insert into Candidacy (wkid, idno) VALUES (450, 1616);
insert into Landeslistenplatz (llid, idno, position) VALUES (4, 1616, 60);
insert into Citizen (idno, title, firstname, lastname, dateofbirth, gender) VALUES (1617, '', 'Krause', 'Steffen', '1.1.1976.', 'p');
insert into CandidatesData (idno) VALUES (1617);
insert into PartyMembership (pid, idno) VALUES (11, 1617);
insert into Landeslistenplatz (llid, idno, position) VALUES (11, 1617, 2);
insert into Citizen (idno, title, firstname, lastname, dateofbirth, gender) VALUES (1618, '', 'Krauß', 'Arthur Wolfram', '1.1.1947.', 'p');
insert into CandidatesData (idno) VALUES (1618);
insert into Candidacy (wkid, idno) VALUES (495, 1618);
insert into Citizen (idno, title, firstname, lastname, dateofbirth, gender) VALUES (1619, '', 'Krauß', 'Reiner', '1.1.1950.', 'p');
insert into CandidatesData (idno) VALUES (1619);
insert into PartyMembership (pid, idno) VALUES (17, 1619);
insert into Landeslistenplatz (llid, idno, position) VALUES (16, 1619, 3);
insert into Citizen (idno, title, firstname, lastname, dateofbirth, gender) VALUES (1620, '', 'Krauth', 'Tanja', '1.1.1968.', 'p');
insert into CandidatesData (idno) VALUES (1620);
insert into PartyMembership (pid, idno) VALUES (3, 1620);
insert into Candidacy (wkid, idno) VALUES (501, 1620);
insert into Citizen (idno, title, firstname, lastname, dateofbirth, gender) VALUES (1621, '', 'Krebs', 'Jörg', '1.1.1975.', 'p');
insert into CandidatesData (idno) VALUES (1621);
insert into PartyMembership (pid, idno) VALUES (1, 1621);
insert into Candidacy (wkid, idno) VALUES (482, 1621);
insert into Landeslistenplatz (llid, idno, position) VALUES (3, 1621, 1);
insert into Citizen (idno, title, firstname, lastname, dateofbirth, gender) VALUES (1622, '', 'Kreh', 'Matthias', '1.1.1980.', 'p');
insert into CandidatesData (idno) VALUES (1622);
insert into PartyMembership (pid, idno) VALUES (2, 1622);
insert into Landeslistenplatz (llid, idno, position) VALUES (1, 1622, 19);
insert into Citizen (idno, title, firstname, lastname, dateofbirth, gender) VALUES (1623, '', 'Kreidemann', 'Alexander F.', '1.1.1959.', 'p');
insert into CandidatesData (idno) VALUES (1623);
insert into PartyMembership (pid, idno) VALUES (1, 1623);
insert into Candidacy (wkid, idno) VALUES (555, 1623);
insert into Citizen (idno, title, firstname, lastname, dateofbirth, gender) VALUES (1624, '', 'Kreil', 'Horst', '1.1.1938.', 'p');
insert into CandidatesData (idno) VALUES (1624);
insert into PartyMembership (pid, idno) VALUES (10, 1624);
insert into Candidacy (wkid, idno) VALUES (378, 1624);
insert into Landeslistenplatz (llid, idno, position) VALUES (10, 1624, 7);
insert into Citizen (idno, title, firstname, lastname, dateofbirth, gender) VALUES (1625, '', 'Krell', 'Andreas', '1.1.1955.', 'p');
insert into CandidatesData (idno) VALUES (1625);
insert into PartyMembership (pid, idno) VALUES (8, 1625);
insert into Landeslistenplatz (llid, idno, position) VALUES (8, 1625, 9);
insert into Citizen (idno, title, firstname, lastname, dateofbirth, gender) VALUES (1626, '', 'Krellmann', 'Jutta', '1.1.1956.', 'p');
insert into CandidatesData (idno) VALUES (1626);
insert into PartyMembership (pid, idno) VALUES (3, 1626);
insert into Candidacy (wkid, idno) VALUES (346, 1626);
insert into Landeslistenplatz (llid, idno, position) VALUES (2, 1626, 5);
insert into Citizen (idno, title, firstname, lastname, dateofbirth, gender) VALUES (1627, '', 'Kremer', 'Marc-Benedict', '1.1.1973.', 'p');
insert into CandidatesData (idno) VALUES (1627);
insert into PartyMembership (pid, idno) VALUES (1, 1627);
insert into Candidacy (wkid, idno) VALUES (399, 1627);
insert into Citizen (idno, title, firstname, lastname, dateofbirth, gender) VALUES (1628, '', 'Kressl', 'Nicolette', '1.1.1958.', 'p');
insert into CandidatesData (idno) VALUES (1628);
insert into PartyMembership (pid, idno) VALUES (2, 1628);
insert into Candidacy (wkid, idno) VALUES (572, 1628);
insert into Landeslistenplatz (llid, idno, position) VALUES (1, 1628, 3);
insert into Citizen (idno, title, firstname, lastname, dateofbirth, gender) VALUES (1629, '', 'Krestel', 'Holger', '1.1.1955.', 'p');
insert into CandidatesData (idno) VALUES (1629);
insert into PartyMembership (pid, idno) VALUES (4, 1629);
insert into Candidacy (wkid, idno) VALUES (381, 1629);
insert into Landeslistenplatz (llid, idno, position) VALUES (4, 1629, 4);
insert into Citizen (idno, title, firstname, lastname, dateofbirth, gender) VALUES (1630, '', 'Kretschmer', 'Michael', '1.1.1975.', 'p');
insert into CandidatesData (idno) VALUES (1630);
insert into PartyMembership (pid, idno) VALUES (12, 1630);
insert into Candidacy (wkid, idno) VALUES (457, 1630);
insert into Citizen (idno, title, firstname, lastname, dateofbirth, gender) VALUES (1631, '', 'Kretzschmann', 'Gunter', '1.1.1951.', 'p');
insert into CandidatesData (idno) VALUES (1631);
insert into PartyMembership (pid, idno) VALUES (1, 1631);
insert into Candidacy (wkid, idno) VALUES (411, 1631);
insert into Citizen (idno, title, firstname, lastname, dateofbirth, gender) VALUES (1632, '', 'Krichbaum', 'Gunther', '1.1.1964.', 'p');
insert into CandidatesData (idno) VALUES (1632);
insert into PartyMembership (pid, idno) VALUES (12, 1632);
insert into Candidacy (wkid, idno) VALUES (578, 1632);
insert into Citizen (idno, title, firstname, lastname, dateofbirth, gender) VALUES (1633, '', 'Krichel-Mäurer', 'Hermann-Josef', '1.1.1962.', 'p');
insert into CandidatesData (idno) VALUES (1633);
insert into PartyMembership (pid, idno) VALUES (2, 1633);
insert into Candidacy (wkid, idno) VALUES (409, 1633);
insert into Landeslistenplatz (llid, idno, position) VALUES (1, 1633, 40);
insert into Citizen (idno, title, firstname, lastname, dateofbirth, gender) VALUES (1634, '', 'Krien', 'Frank Hartmut', '1.1.1956.', 'p');
insert into CandidatesData (idno) VALUES (1634);
insert into PartyMembership (pid, idno) VALUES (1, 1634);
insert into Candidacy (wkid, idno) VALUES (466, 1634);
insert into Landeslistenplatz (llid, idno, position) VALUES (3, 1634, 4);
insert into Citizen (idno, title, firstname, lastname, dateofbirth, gender) VALUES (1635, '', 'Krings', 'Dr. Günter', '1.1.1969.', 'p');
insert into CandidatesData (idno) VALUES (1635);
insert into PartyMembership (pid, idno) VALUES (12, 1635);
insert into Candidacy (wkid, idno) VALUES (409, 1635);
insert into Landeslistenplatz (llid, idno, position) VALUES (12, 1635, 31);
insert into Citizen (idno, title, firstname, lastname, dateofbirth, gender) VALUES (1636, '', 'Krischer', 'Oliver', '1.1.1969.', 'p');
insert into CandidatesData (idno) VALUES (1636);
insert into PartyMembership (pid, idno) VALUES (5, 1636);
insert into Candidacy (wkid, idno) VALUES (390, 1636);
insert into Landeslistenplatz (llid, idno, position) VALUES (5, 1636, 8);
insert into Citizen (idno, title, firstname, lastname, dateofbirth, gender) VALUES (1637, '', 'Krix', 'Stefan', '1.1.1966.', 'p');
insert into CandidatesData (idno) VALUES (1637);
insert into PartyMembership (pid, idno) VALUES (8, 1637);
insert into Candidacy (wkid, idno) VALUES (425, 1637);
insert into Citizen (idno, title, firstname, lastname, dateofbirth, gender) VALUES (1638, '', 'Krögner', 'Walter', '1.1.1963.', 'p');
insert into CandidatesData (idno) VALUES (1638);
insert into PartyMembership (pid, idno) VALUES (2, 1638);
insert into Landeslistenplatz (llid, idno, position) VALUES (1, 1638, 36);
insert into Citizen (idno, title, firstname, lastname, dateofbirth, gender) VALUES (1639, '', 'Krönauer', 'Manfred', '1.1.1974.', 'p');
insert into CandidatesData (idno) VALUES (1639);
insert into PartyMembership (pid, idno) VALUES (4, 1639);
insert into Landeslistenplatz (llid, idno, position) VALUES (4, 1639, 16);
insert into Citizen (idno, title, firstname, lastname, dateofbirth, gender) VALUES (1640, '', 'Krogmann', 'Dr. Martina', '1.1.1964.', 'p');
insert into CandidatesData (idno) VALUES (1640);
insert into PartyMembership (pid, idno) VALUES (12, 1640);
insert into Candidacy (wkid, idno) VALUES (330, 1640);
insert into Landeslistenplatz (llid, idno, position) VALUES (12, 1640, 3);
insert into Citizen (idno, title, firstname, lastname, dateofbirth, gender) VALUES (1641, '', 'Kroll', 'Daniela', '1.1.1971.', 'p');
insert into CandidatesData (idno) VALUES (1641);
insert into PartyMembership (pid, idno) VALUES (25, 1641);
insert into Landeslistenplatz (llid, idno, position) VALUES (23, 1641, 6);
insert into Citizen (idno, title, firstname, lastname, dateofbirth, gender) VALUES (1642, '', 'Kroll', 'Dorothee', '1.1.1955.', 'p');
insert into CandidatesData (idno) VALUES (1642);
insert into PartyMembership (pid, idno) VALUES (5, 1642);
insert into Candidacy (wkid, idno) VALUES (392, 1642);
insert into Landeslistenplatz (llid, idno, position) VALUES (5, 1642, 29);
insert into Citizen (idno, title, firstname, lastname, dateofbirth, gender) VALUES (1643, '', 'Kronimus', 'Kilian', '1.1.1965.', 'p');
insert into CandidatesData (idno) VALUES (1643);
insert into PartyMembership (pid, idno) VALUES (8, 1643);
insert into Landeslistenplatz (llid, idno, position) VALUES (8, 1643, 4);
insert into Citizen (idno, title, firstname, lastname, dateofbirth, gender) VALUES (1644, '', 'Kruczkowski', 'Katarzyna Dorota', '1.1.1979.', 'p');
insert into CandidatesData (idno) VALUES (1644);
insert into PartyMembership (pid, idno) VALUES (10, 1644);
insert into Candidacy (wkid, idno) VALUES (419, 1644);
insert into Landeslistenplatz (llid, idno, position) VALUES (10, 1644, 1);
insert into Citizen (idno, title, firstname, lastname, dateofbirth, gender) VALUES (1645, '', 'Krüger', 'Dr. Hans-Ulrich', '1.1.1952.', 'p');
insert into CandidatesData (idno) VALUES (1645);
insert into PartyMembership (pid, idno) VALUES (2, 1645);
insert into Candidacy (wkid, idno) VALUES (413, 1645);
insert into Landeslistenplatz (llid, idno, position) VALUES (1, 1645, 36);
insert into Citizen (idno, title, firstname, lastname, dateofbirth, gender) VALUES (1646, '', 'Krüger', 'Jürgen', '1.1.1964.', 'p');
insert into CandidatesData (idno) VALUES (1646);
insert into PartyMembership (pid, idno) VALUES (19, 1646);
insert into Landeslistenplatz (llid, idno, position) VALUES (18, 1646, 12);
insert into Citizen (idno, title, firstname, lastname, dateofbirth, gender) VALUES (1647, '', 'Krüger', 'Lasse', '1.1.1989.', 'p');
insert into CandidatesData (idno) VALUES (1647);
insert into PartyMembership (pid, idno) VALUES (1, 1647);
insert into Landeslistenplatz (llid, idno, position) VALUES (3, 1647, 8);
insert into Citizen (idno, title, firstname, lastname, dateofbirth, gender) VALUES (1648, '', 'Krüger', 'Mario', '1.1.1970.', 'p');
insert into CandidatesData (idno) VALUES (1648);
insert into PartyMembership (pid, idno) VALUES (17, 1648);
insert into Landeslistenplatz (llid, idno, position) VALUES (16, 1648, 8);
insert into Citizen (idno, title, firstname, lastname, dateofbirth, gender) VALUES (1649, '', 'Krüger-Leißner', 'Angelika', '1.1.1951.', 'p');
insert into CandidatesData (idno) VALUES (1649);
insert into PartyMembership (pid, idno) VALUES (2, 1649);
insert into Candidacy (wkid, idno) VALUES (358, 1649);
insert into Landeslistenplatz (llid, idno, position) VALUES (1, 1649, 6);
insert into Citizen (idno, title, firstname, lastname, dateofbirth, gender) VALUES (1650, '', 'Krug', 'Daniel', '1.1.1981.', 'p');
insert into CandidatesData (idno) VALUES (1650);
insert into PartyMembership (pid, idno) VALUES (1, 1650);
insert into Candidacy (wkid, idno) VALUES (413, 1650);
insert into Citizen (idno, title, firstname, lastname, dateofbirth, gender) VALUES (1651, '', 'Krug', 'Dr. Michael', '1.1.1960.', 'p');
insert into CandidatesData (idno) VALUES (1651);
insert into PartyMembership (pid, idno) VALUES (4, 1651);
insert into Landeslistenplatz (llid, idno, position) VALUES (4, 1651, 36);
insert into Citizen (idno, title, firstname, lastname, dateofbirth, gender) VALUES (1652, '', 'Krumbachner', 'Alois', '1.1.1953.', 'p');
insert into CandidatesData (idno) VALUES (1652);
insert into PartyMembership (pid, idno) VALUES (10, 1652);
insert into Candidacy (wkid, idno) VALUES (524, 1652);
insert into Landeslistenplatz (llid, idno, position) VALUES (10, 1652, 17);
insert into Citizen (idno, title, firstname, lastname, dateofbirth, gender) VALUES (1653, '', 'Krumwiede', 'Agnes', '1.1.1977.', 'p');
insert into CandidatesData (idno) VALUES (1653);
insert into PartyMembership (pid, idno) VALUES (5, 1653);
insert into Candidacy (wkid, idno) VALUES (516, 1653);
insert into Landeslistenplatz (llid, idno, position) VALUES (5, 1653, 9);
insert into Citizen (idno, title, firstname, lastname, dateofbirth, gender) VALUES (1654, '', 'Krupp', 'Holger Karsten', '1.1.1982.', 'p');
insert into CandidatesData (idno) VALUES (1654);
insert into PartyMembership (pid, idno) VALUES (4, 1654);
insert into Landeslistenplatz (llid, idno, position) VALUES (4, 1654, 5);
insert into Citizen (idno, title, firstname, lastname, dateofbirth, gender) VALUES (1655, '', 'Kruse', 'Michael', '1.1.1985.', 'p');
insert into CandidatesData (idno) VALUES (1655);
insert into PartyMembership (pid, idno) VALUES (7, 1655);
insert into Landeslistenplatz (llid, idno, position) VALUES (7, 1655, 6);
insert into Citizen (idno, title, firstname, lastname, dateofbirth, gender) VALUES (1656, '', 'Kruse', 'Rüdiger', '1.1.1961.', 'p');
insert into CandidatesData (idno) VALUES (1656);
insert into PartyMembership (pid, idno) VALUES (12, 1656);
insert into Candidacy (wkid, idno) VALUES (320, 1656);
insert into Landeslistenplatz (llid, idno, position) VALUES (12, 1656, 4);
insert into Citizen (idno, title, firstname, lastname, dateofbirth, gender) VALUES (1657, '', 'Krutten', 'Stefan', '1.1.1960.', 'p');
insert into CandidatesData (idno) VALUES (1657);
insert into PartyMembership (pid, idno) VALUES (2, 1657);
insert into Landeslistenplatz (llid, idno, position) VALUES (1, 1657, 17);
insert into Citizen (idno, title, firstname, lastname, dateofbirth, gender) VALUES (1658, '', 'Kubach', 'Walter', '1.1.1955.', 'p');
insert into CandidatesData (idno) VALUES (1658);
insert into PartyMembership (pid, idno) VALUES (3, 1658);
insert into Candidacy (wkid, idno) VALUES (565, 1658);
insert into Citizen (idno, title, firstname, lastname, dateofbirth, gender) VALUES (1659, '', 'Kubacki', 'Klaus', '1.1.1936.', 'p');
insert into CandidatesData (idno) VALUES (1659);
insert into PartyMembership (pid, idno) VALUES (21, 1659);
insert into Landeslistenplatz (llid, idno, position) VALUES (20, 1659, 15);
insert into Citizen (idno, title, firstname, lastname, dateofbirth, gender) VALUES (1660, '', 'Kubat', 'Stefan', '1.1.1974.', 'p');
insert into CandidatesData (idno) VALUES (1660);
insert into PartyMembership (pid, idno) VALUES (4, 1660);
insert into Landeslistenplatz (llid, idno, position) VALUES (4, 1660, 12);
insert into Citizen (idno, title, firstname, lastname, dateofbirth, gender) VALUES (1661, '', 'Kubisch', 'Christian', '1.1.1974.', 'p');
insert into CandidatesData (idno) VALUES (1661);
insert into PartyMembership (pid, idno) VALUES (7, 1661);
insert into Candidacy (wkid, idno) VALUES (545, 1661);
insert into Citizen (idno, title, firstname, lastname, dateofbirth, gender) VALUES (1662, '', 'Kucharczyk', 'Jürgen', '1.1.1957.', 'p');
insert into CandidatesData (idno) VALUES (1662);
insert into PartyMembership (pid, idno) VALUES (2, 1662);
insert into Candidacy (wkid, idno) VALUES (403, 1662);
insert into Landeslistenplatz (llid, idno, position) VALUES (1, 1662, 30);
insert into Citizen (idno, title, firstname, lastname, dateofbirth, gender) VALUES (1663, '', 'Kuchler', 'Hartwin', '1.1.1945.', 'p');
insert into CandidatesData (idno) VALUES (1663);
insert into PartyMembership (pid, idno) VALUES (15, 1663);
insert into Landeslistenplatz (llid, idno, position) VALUES (14, 1663, 5);
insert into Citizen (idno, title, firstname, lastname, dateofbirth, gender) VALUES (1664, '', 'Kuchta', 'Hans-Werner', '1.1.1954.', 'p');
insert into CandidatesData (idno) VALUES (1664);
insert into PartyMembership (pid, idno) VALUES (17, 1664);
insert into Candidacy (wkid, idno) VALUES (581, 1664);
insert into Citizen (idno, title, firstname, lastname, dateofbirth, gender) VALUES (1665, '', 'Kudla', 'Bettina Irene', '1.1.1962.', 'p');
insert into CandidatesData (idno) VALUES (1665);
insert into PartyMembership (pid, idno) VALUES (12, 1665);
insert into Candidacy (wkid, idno) VALUES (452, 1665);
insert into Citizen (idno, title, firstname, lastname, dateofbirth, gender) VALUES (1666, '', 'Küber', 'Thurid', '1.1.1980.', 'p');
insert into CandidatesData (idno) VALUES (1666);
insert into PartyMembership (pid, idno) VALUES (2, 1666);
insert into Candidacy (wkid, idno) VALUES (329, 1666);
insert into Landeslistenplatz (llid, idno, position) VALUES (1, 1666, 29);
insert into Citizen (idno, title, firstname, lastname, dateofbirth, gender) VALUES (1667, '', 'Kühn', 'Stephan', '1.1.1979.', 'p');
insert into CandidatesData (idno) VALUES (1667);
insert into PartyMembership (pid, idno) VALUES (5, 1667);
insert into Candidacy (wkid, idno) VALUES (460, 1667);
insert into Landeslistenplatz (llid, idno, position) VALUES (5, 1667, 2);
insert into Citizen (idno, title, firstname, lastname, dateofbirth, gender) VALUES (1668, '', 'Kühn-Mengel', 'Helga', '1.1.1947.', 'p');
insert into CandidatesData (idno) VALUES (1668);
insert into PartyMembership (pid, idno) VALUES (2, 1668);
insert into Candidacy (wkid, idno) VALUES (392, 1668);
insert into Landeslistenplatz (llid, idno, position) VALUES (1, 1668, 19);
insert into Citizen (idno, title, firstname, lastname, dateofbirth, gender) VALUES (1669, '', 'Kühne', 'Steffen', '1.1.1981.', 'p');
insert into CandidatesData (idno) VALUES (1669);
insert into PartyMembership (pid, idno) VALUES (3, 1669);
insert into Candidacy (wkid, idno) VALUES (362, 1669);
insert into Landeslistenplatz (llid, idno, position) VALUES (2, 1669, 8);
insert into Citizen (idno, title, firstname, lastname, dateofbirth, gender) VALUES (1670, '', 'Kühnel', 'Hans-Gerd Lutz', '1.1.1953.', 'p');
insert into CandidatesData (idno) VALUES (1670);
insert into PartyMembership (pid, idno) VALUES (13, 1670);
insert into Landeslistenplatz (llid, idno, position) VALUES (13, 1670, 17);
insert into Citizen (idno, title, firstname, lastname, dateofbirth, gender) VALUES (1671, '', 'Kührt', 'Marcus', '1.1.1983.', 'p');
insert into CandidatesData (idno) VALUES (1671);
insert into PartyMembership (pid, idno) VALUES (10, 1671);
insert into Candidacy (wkid, idno) VALUES (459, 1671);
insert into Landeslistenplatz (llid, idno, position) VALUES (10, 1671, 1);
insert into Citizen (idno, title, firstname, lastname, dateofbirth, gender) VALUES (1672, '', 'Kühsel', 'Heinz Hans Hermann', '1.1.1949.', 'p');
insert into CandidatesData (idno) VALUES (1672);
insert into PartyMembership (pid, idno) VALUES (3, 1672);
insert into Candidacy (wkid, idno) VALUES (335, 1672);
insert into Landeslistenplatz (llid, idno, position) VALUES (2, 1672, 33);
insert into Citizen (idno, title, firstname, lastname, dateofbirth, gender) VALUES (1673, '', 'Künast', 'Renate', '1.1.1955.', 'p');
insert into CandidatesData (idno) VALUES (1673);
insert into PartyMembership (pid, idno) VALUES (5, 1673);
insert into Candidacy (wkid, idno) VALUES (381, 1673);
insert into Landeslistenplatz (llid, idno, position) VALUES (5, 1673, 1);
insert into Citizen (idno, title, firstname, lastname, dateofbirth, gender) VALUES (1674, '', 'Künstle', 'Jutta Maria Irene', '1.1.1939.', 'p');
insert into CandidatesData (idno) VALUES (1674);
insert into PartyMembership (pid, idno) VALUES (17, 1674);
insert into Landeslistenplatz (llid, idno, position) VALUES (16, 1674, 13);
insert into Citizen (idno, title, firstname, lastname, dateofbirth, gender) VALUES (1675, '', 'Kues', 'Dr. Hermann', '1.1.1949.', 'p');
insert into CandidatesData (idno) VALUES (1675);
insert into PartyMembership (pid, idno) VALUES (12, 1675);
insert into Candidacy (wkid, idno) VALUES (331, 1675);
insert into Landeslistenplatz (llid, idno, position) VALUES (12, 1675, 4);
insert into Citizen (idno, title, firstname, lastname, dateofbirth, gender) VALUES (1676, '', 'Küster', 'Jörg-Friedrich', '1.1.1964.', 'p');
insert into CandidatesData (idno) VALUES (1676);
insert into PartyMembership (pid, idno) VALUES (3, 1676);
insert into Candidacy (wkid, idno) VALUES (331, 1676);
insert into Landeslistenplatz (llid, idno, position) VALUES (2, 1676, 17);
insert into Citizen (idno, title, firstname, lastname, dateofbirth, gender) VALUES (1677, '', 'Kuhlmann', 'Max', '1.1.1985.', 'p');
insert into CandidatesData (idno) VALUES (1677);
insert into PartyMembership (pid, idno) VALUES (6, 1677);
insert into Landeslistenplatz (llid, idno, position) VALUES (6, 1677, 5);
insert into Citizen (idno, title, firstname, lastname, dateofbirth, gender) VALUES (1678, '', 'Kuhn', 'Dr. Arnd', '1.1.1957.', 'p');
insert into CandidatesData (idno) VALUES (1678);
insert into PartyMembership (pid, idno) VALUES (5, 1678);
insert into Candidacy (wkid, idno) VALUES (398, 1678);
insert into Landeslistenplatz (llid, idno, position) VALUES (5, 1678, 26);
insert into Citizen (idno, title, firstname, lastname, dateofbirth, gender) VALUES (1679, '', 'Kuhn', 'Fritz', '1.1.1955.', 'p');
insert into CandidatesData (idno) VALUES (1679);
insert into PartyMembership (pid, idno) VALUES (5, 1679);
insert into Candidacy (wkid, idno) VALUES (573, 1679);
insert into Landeslistenplatz (llid, idno, position) VALUES (5, 1679, 2);
insert into Citizen (idno, title, firstname, lastname, dateofbirth, gender) VALUES (1680, '', 'Kuhn', 'Klaus Dieter Kurt', '1.1.1955.', 'p');
insert into CandidatesData (idno) VALUES (1680);
insert into PartyMembership (pid, idno) VALUES (11, 1680);
insert into Landeslistenplatz (llid, idno, position) VALUES (11, 1680, 1);
insert into Citizen (idno, title, firstname, lastname, dateofbirth, gender) VALUES (1681, '', 'Kujath', 'Rudolf', '1.1.1942.', 'p');
insert into CandidatesData (idno) VALUES (1681);
insert into PartyMembership (pid, idno) VALUES (2, 1681);
insert into Candidacy (wkid, idno) VALUES (385, 1681);
insert into Landeslistenplatz (llid, idno, position) VALUES (1, 1681, 10);
insert into Citizen (idno, title, firstname, lastname, dateofbirth, gender) VALUES (1682, '', 'Kumpf', 'Ute', '1.1.1947.', 'p');
insert into CandidatesData (idno) VALUES (1682);
insert into PartyMembership (pid, idno) VALUES (2, 1682);
insert into Candidacy (wkid, idno) VALUES (558, 1682);
insert into Landeslistenplatz (llid, idno, position) VALUES (1, 1682, 7);
insert into Citizen (idno, title, firstname, lastname, dateofbirth, gender) VALUES (1683, '', 'Kunert', 'Katrin', '1.1.1964.', 'p');
insert into CandidatesData (idno) VALUES (1683);
insert into PartyMembership (pid, idno) VALUES (3, 1683);
insert into Candidacy (wkid, idno) VALUES (366, 1683);
insert into Landeslistenplatz (llid, idno, position) VALUES (2, 1683, 3);
insert into Citizen (idno, title, firstname, lastname, dateofbirth, gender) VALUES (1684, '', 'Kunkel', 'Willibert', '1.1.1950.', 'p');
insert into CandidatesData (idno) VALUES (1684);
insert into PartyMembership (pid, idno) VALUES (1, 1684);
insert into Candidacy (wkid, idno) VALUES (388, 1684);
insert into Landeslistenplatz (llid, idno, position) VALUES (3, 1684, 8);
insert into Citizen (idno, title, firstname, lastname, dateofbirth, gender) VALUES (1685, '', 'Kunkis-Becker', 'Cornelia', '1.1.1960.', 'p');
insert into CandidatesData (idno) VALUES (1685);
insert into PartyMembership (pid, idno) VALUES (5, 1685);
insert into Candidacy (wkid, idno) VALUES (585, 1685);
insert into Citizen (idno, title, firstname, lastname, dateofbirth, gender) VALUES (1686, '', 'Kuntz', 'Ernst Jakob', '1.1.1949.', 'p');
insert into CandidatesData (idno) VALUES (1686);
insert into PartyMembership (pid, idno) VALUES (3, 1686);
insert into Candidacy (wkid, idno) VALUES (511, 1686);
insert into Citizen (idno, title, firstname, lastname, dateofbirth, gender) VALUES (1687, '', 'Kunz', 'Christian', '1.1.1978.', 'p');
insert into CandidatesData (idno) VALUES (1687);
insert into PartyMembership (pid, idno) VALUES (3, 1687);
insert into Landeslistenplatz (llid, idno, position) VALUES (2, 1687, 10);
insert into Citizen (idno, title, firstname, lastname, dateofbirth, gender) VALUES (1688, '', 'Kunz', 'Viktor', '1.1.1979.', 'p');
insert into CandidatesData (idno) VALUES (1688);
insert into Candidacy (wkid, idno) VALUES (508, 1688);
insert into Citizen (idno, title, firstname, lastname, dateofbirth, gender) VALUES (1689, '', 'Kurnaz', 'Bayram', '1.1.1969.', 'p');
insert into CandidatesData (idno) VALUES (1689);
insert into Candidacy (wkid, idno) VALUES (353, 1689);
insert into Citizen (idno, title, firstname, lastname, dateofbirth, gender) VALUES (1690, '', 'Kursawe', 'Günter', '1.1.1959.', 'p');
insert into CandidatesData (idno) VALUES (1690);
insert into PartyMembership (pid, idno) VALUES (1, 1690);
insert into Candidacy (wkid, idno) VALUES (537, 1690);
insert into Citizen (idno, title, firstname, lastname, dateofbirth, gender) VALUES (1691, '', 'Kurtenbach', 'Wolfgang Wilhelm', '1.1.1940.', 'p');
insert into CandidatesData (idno) VALUES (1691);
insert into PartyMembership (pid, idno) VALUES (14, 1691);
insert into Landeslistenplatz (llid, idno, position) VALUES (21, 1691, 1);
insert into Citizen (idno, title, firstname, lastname, dateofbirth, gender) VALUES (1692, '', 'Kurth', 'Markus', '1.1.1966.', 'p');
insert into CandidatesData (idno) VALUES (1692);
insert into PartyMembership (pid, idno) VALUES (5, 1692);
insert into Candidacy (wkid, idno) VALUES (442, 1692);
insert into Landeslistenplatz (llid, idno, position) VALUES (5, 1692, 6);
insert into Citizen (idno, title, firstname, lastname, dateofbirth, gender) VALUES (1693, '', 'Kurth', 'Patrick', '1.1.1976.', 'p');
insert into CandidatesData (idno) VALUES (1693);
insert into PartyMembership (pid, idno) VALUES (4, 1693);
insert into Candidacy (wkid, idno) VALUES (490, 1693);
insert into Landeslistenplatz (llid, idno, position) VALUES (4, 1693, 1);
insert into Citizen (idno, title, firstname, lastname, dateofbirth, gender) VALUES (1694, '', 'Kurth', 'Undine', '1.1.1951.', 'p');
insert into CandidatesData (idno) VALUES (1694);
insert into PartyMembership (pid, idno) VALUES (5, 1694);
insert into Candidacy (wkid, idno) VALUES (368, 1694);
insert into Landeslistenplatz (llid, idno, position) VALUES (5, 1694, 1);
insert into Citizen (idno, title, firstname, lastname, dateofbirth, gender) VALUES (1695, '', 'Kurz', 'Matthias', '1.1.1984.', 'p');
insert into CandidatesData (idno) VALUES (1695);
insert into PartyMembership (pid, idno) VALUES (7, 1695);
insert into Landeslistenplatz (llid, idno, position) VALUES (7, 1695, 3);
insert into Citizen (idno, title, firstname, lastname, dateofbirth, gender) VALUES (1696, '', 'Kuschke', 'Dietmar', '1.1.1967.', 'p');
insert into CandidatesData (idno) VALUES (1696);
insert into PartyMembership (pid, idno) VALUES (3, 1696);
insert into Candidacy (wkid, idno) VALUES (530, 1696);
insert into Citizen (idno, title, firstname, lastname, dateofbirth, gender) VALUES (1697, '', 'Kuske', 'Monika', '1.1.1957.', 'p');
insert into CandidatesData (idno) VALUES (1697);
insert into PartyMembership (pid, idno) VALUES (13, 1697);
insert into Landeslistenplatz (llid, idno, position) VALUES (13, 1697, 1);
insert into Citizen (idno, title, firstname, lastname, dateofbirth, gender) VALUES (1698, '', 'Kutzmutz', 'Rolf', '1.1.1947.', 'p');
insert into CandidatesData (idno) VALUES (1698);
insert into PartyMembership (pid, idno) VALUES (3, 1698);
insert into Candidacy (wkid, idno) VALUES (361, 1698);
insert into Citizen (idno, title, firstname, lastname, dateofbirth, gender) VALUES (1699, '', 'Laame', 'Benedikt', '1.1.1984.', 'p');
insert into CandidatesData (idno) VALUES (1699);
insert into PartyMembership (pid, idno) VALUES (4, 1699);
insert into Landeslistenplatz (llid, idno, position) VALUES (4, 1699, 48);
insert into Citizen (idno, title, firstname, lastname, dateofbirth, gender) VALUES (1700, '', 'Laaser', 'Sebastian', '1.1.1981.', 'p');
insert into CandidatesData (idno) VALUES (1700);
insert into PartyMembership (pid, idno) VALUES (2, 1700);
insert into Landeslistenplatz (llid, idno, position) VALUES (1, 1700, 68);
insert into Citizen (idno, title, firstname, lastname, dateofbirth, gender) VALUES (1701, '', 'Labigne', 'Claire', '1.1.1950.', 'p');
insert into CandidatesData (idno) VALUES (1701);
insert into PartyMembership (pid, idno) VALUES (5, 1701);
insert into Landeslistenplatz (llid, idno, position) VALUES (5, 1701, 25);
insert into Citizen (idno, title, firstname, lastname, dateofbirth, gender) VALUES (1702, '', 'Labouvie', 'Christa', '1.1.1956.', 'p');
insert into CandidatesData (idno) VALUES (1702);
insert into PartyMembership (pid, idno) VALUES (5, 1702);
insert into Landeslistenplatz (llid, idno, position) VALUES (5, 1702, 3);
insert into Citizen (idno, title, firstname, lastname, dateofbirth, gender) VALUES (1703, '', 'Labudda', 'Carsten', '1.1.1975.', 'p');
insert into CandidatesData (idno) VALUES (1703);
insert into PartyMembership (pid, idno) VALUES (3, 1703);
insert into Candidacy (wkid, idno) VALUES (573, 1703);
insert into Citizen (idno, title, firstname, lastname, dateofbirth, gender) VALUES (1704, '', 'Lach', 'Günter', '1.1.1954.', 'p');
insert into CandidatesData (idno) VALUES (1704);
insert into PartyMembership (pid, idno) VALUES (12, 1704);
insert into Candidacy (wkid, idno) VALUES (351, 1704);
insert into Landeslistenplatz (llid, idno, position) VALUES (12, 1704, 27);
insert into Citizen (idno, title, firstname, lastname, dateofbirth, gender) VALUES (1705, '', 'Lachmann', 'Daniel', '1.1.1980.', 'p');
insert into CandidatesData (idno) VALUES (1705);
insert into PartyMembership (pid, idno) VALUES (1, 1705);
insert into Candidacy (wkid, idno) VALUES (476, 1705);
insert into Landeslistenplatz (llid, idno, position) VALUES (3, 1705, 3);
insert into Citizen (idno, title, firstname, lastname, dateofbirth, gender) VALUES (1706, '', 'Lachmann', 'Peter Christian Harri', '1.1.1941.', 'p');
insert into CandidatesData (idno) VALUES (1706);
insert into PartyMembership (pid, idno) VALUES (14, 1706);
insert into Candidacy (wkid, idno) VALUES (521, 1706);
insert into Landeslistenplatz (llid, idno, position) VALUES (21, 1706, 4);
insert into Citizen (idno, title, firstname, lastname, dateofbirth, gender) VALUES (1707, '', 'Ladewig', 'Richard', '1.1.1966.', 'p');
insert into CandidatesData (idno) VALUES (1707);
insert into PartyMembership (pid, idno) VALUES (4, 1707);
insert into Candidacy (wkid, idno) VALUES (519, 1707);
insert into Landeslistenplatz (llid, idno, position) VALUES (4, 1707, 34);
insert into Citizen (idno, title, firstname, lastname, dateofbirth, gender) VALUES (1708, '', 'Lämmel', 'Andreas Gottfried', '1.1.1959.', 'p');
insert into CandidatesData (idno) VALUES (1708);
insert into PartyMembership (pid, idno) VALUES (12, 1708);
insert into Candidacy (wkid, idno) VALUES (459, 1708);
insert into Landeslistenplatz (llid, idno, position) VALUES (12, 1708, 8);
insert into Citizen (idno, title, firstname, lastname, dateofbirth, gender) VALUES (1709, '', 'Lämmel', 'Uwe', '1.1.1959.', 'p');
insert into CandidatesData (idno) VALUES (1709);
insert into PartyMembership (pid, idno) VALUES (5, 1709);
insert into Candidacy (wkid, idno) VALUES (434, 1709);
insert into Citizen (idno, title, firstname, lastname, dateofbirth, gender) VALUES (1710, '', 'Lämmer', 'Rosemarie', '1.1.1954.', 'p');
insert into CandidatesData (idno) VALUES (1710);
insert into PartyMembership (pid, idno) VALUES (19, 1710);
insert into Landeslistenplatz (llid, idno, position) VALUES (18, 1710, 1);
insert into Citizen (idno, title, firstname, lastname, dateofbirth, gender) VALUES (1711, '', 'Länge', 'Jean Dominique', '1.1.1974.', 'p');
insert into CandidatesData (idno) VALUES (1711);
insert into PartyMembership (pid, idno) VALUES (8, 1711);
insert into Landeslistenplatz (llid, idno, position) VALUES (8, 1711, 7);
insert into Citizen (idno, title, firstname, lastname, dateofbirth, gender) VALUES (1712, '', 'Lätzsch', 'Mike', '1.1.1967.', 'p');
insert into CandidatesData (idno) VALUES (1712);
insert into PartyMembership (pid, idno) VALUES (3, 1712);
insert into Landeslistenplatz (llid, idno, position) VALUES (2, 1712, 14);
insert into Citizen (idno, title, firstname, lastname, dateofbirth, gender) VALUES (1713, '', 'Lafontaine', 'Oskar', '1.1.1943.', 'p');
insert into CandidatesData (idno) VALUES (1713);
insert into PartyMembership (pid, idno) VALUES (3, 1713);
insert into Landeslistenplatz (llid, idno, position) VALUES (2, 1713, 1);
insert into Citizen (idno, title, firstname, lastname, dateofbirth, gender) VALUES (1714, '', 'Lahni', 'Erhard', '1.1.1965.', 'p');
insert into CandidatesData (idno) VALUES (1714);
insert into PartyMembership (pid, idno) VALUES (22, 1714);
insert into Landeslistenplatz (llid, idno, position) VALUES (22, 1714, 11);
insert into Citizen (idno, title, firstname, lastname, dateofbirth, gender) VALUES (1715, '', 'Lambrecht', 'Christine', '1.1.1965.', 'p');
insert into CandidatesData (idno) VALUES (1715);
insert into PartyMembership (pid, idno) VALUES (2, 1715);
insert into Candidacy (wkid, idno) VALUES (487, 1715);
insert into Landeslistenplatz (llid, idno, position) VALUES (1, 1715, 6);
insert into Citizen (idno, title, firstname, lastname, dateofbirth, gender) VALUES (1716, '', 'Lamers', 'Dr. Karl', '1.1.1951.', 'p');
insert into CandidatesData (idno) VALUES (1716);
insert into PartyMembership (pid, idno) VALUES (12, 1716);
insert into Candidacy (wkid, idno) VALUES (573, 1716);
insert into Landeslistenplatz (llid, idno, position) VALUES (12, 1716, 10);
insert into Citizen (idno, title, firstname, lastname, dateofbirth, gender) VALUES (1717, '', 'Lammert', 'Prof. Dr. Norbert', '1.1.1948.', 'p');
insert into CandidatesData (idno) VALUES (1717);
insert into PartyMembership (pid, idno) VALUES (12, 1717);
insert into Candidacy (wkid, idno) VALUES (440, 1717);
insert into Landeslistenplatz (llid, idno, position) VALUES (12, 1717, 1);
insert into Citizen (idno, title, firstname, lastname, dateofbirth, gender) VALUES (1718, '', 'Lampl', 'Hans', '1.1.1941.', 'p');
insert into CandidatesData (idno) VALUES (1718);
insert into PartyMembership (pid, idno) VALUES (14, 1718);
insert into Candidacy (wkid, idno) VALUES (515, 1718);
insert into Landeslistenplatz (llid, idno, position) VALUES (21, 1718, 2);
insert into Citizen (idno, title, firstname, lastname, dateofbirth, gender) VALUES (1719, '', 'Lamprecht', 'Monika', '1.1.1946.', 'p');
insert into CandidatesData (idno) VALUES (1719);
insert into Candidacy (wkid, idno) VALUES (535, 1719);
insert into Citizen (idno, title, firstname, lastname, dateofbirth, gender) VALUES (1720, '', 'Lanari', 'Stefan', '1.1.1959.', 'p');
insert into CandidatesData (idno) VALUES (1720);
insert into PartyMembership (pid, idno) VALUES (3, 1720);
insert into Landeslistenplatz (llid, idno, position) VALUES (2, 1720, 7);
insert into Citizen (idno, title, firstname, lastname, dateofbirth, gender) VALUES (1721, '', 'Landauer', 'Dr. Peter', '1.1.1951.', 'p');
insert into CandidatesData (idno) VALUES (1721);
insert into Candidacy (wkid, idno) VALUES (520, 1721);
insert into Citizen (idno, title, firstname, lastname, dateofbirth, gender) VALUES (1722, '', 'Landgraf', 'Barbara Katharina', '1.1.1954.', 'p');
insert into CandidatesData (idno) VALUES (1722);
insert into PartyMembership (pid, idno) VALUES (12, 1722);
insert into Candidacy (wkid, idno) VALUES (454, 1722);
insert into Landeslistenplatz (llid, idno, position) VALUES (12, 1722, 5);
insert into Citizen (idno, title, firstname, lastname, dateofbirth, gender) VALUES (1723, '', 'Lanfermann', 'Heinz', '1.1.1950.', 'p');
insert into CandidatesData (idno) VALUES (1723);
insert into PartyMembership (pid, idno) VALUES (4, 1723);
insert into Candidacy (wkid, idno) VALUES (360, 1723);
insert into Landeslistenplatz (llid, idno, position) VALUES (4, 1723, 1);
insert into Citizen (idno, title, firstname, lastname, dateofbirth, gender) VALUES (1724, '', 'Lang', 'Peter', '1.1.1940.', 'p');
insert into CandidatesData (idno) VALUES (1724);
insert into PartyMembership (pid, idno) VALUES (23, 1724);
insert into Landeslistenplatz (llid, idno, position) VALUES (24, 1724, 3);
insert into Citizen (idno, title, firstname, lastname, dateofbirth, gender) VALUES (1725, '', 'Lang', 'Rudolf', '1.1.1953.', 'p');
insert into CandidatesData (idno) VALUES (1725);
insert into PartyMembership (pid, idno) VALUES (8, 1725);
insert into Candidacy (wkid, idno) VALUES (546, 1725);
insert into Landeslistenplatz (llid, idno, position) VALUES (8, 1725, 7);
insert into Citizen (idno, title, firstname, lastname, dateofbirth, gender) VALUES (1726, '', 'Langanki', 'Jürgen', '1.1.1972.', 'p');
insert into CandidatesData (idno) VALUES (1726);
insert into PartyMembership (pid, idno) VALUES (19, 1726);
insert into Candidacy (wkid, idno) VALUES (548, 1726);
insert into Landeslistenplatz (llid, idno, position) VALUES (18, 1726, 15);
insert into Citizen (idno, title, firstname, lastname, dateofbirth, gender) VALUES (1727, '', 'Lange', 'Christian', '1.1.1964.', 'p');
insert into CandidatesData (idno) VALUES (1727);
insert into PartyMembership (pid, idno) VALUES (2, 1727);
insert into Candidacy (wkid, idno) VALUES (568, 1727);
insert into Landeslistenplatz (llid, idno, position) VALUES (1, 1727, 4);
insert into Citizen (idno, title, firstname, lastname, dateofbirth, gender) VALUES (1728, '', 'Lange', 'Cornelia', '1.1.1959.', 'p');
insert into CandidatesData (idno) VALUES (1728);
insert into PartyMembership (pid, idno) VALUES (12, 1728);
insert into Landeslistenplatz (llid, idno, position) VALUES (12, 1728, 29);
insert into Citizen (idno, title, firstname, lastname, dateofbirth, gender) VALUES (1729, '', 'Lange', 'Hans-Jürgen', '1.1.1936.', 'p');
insert into CandidatesData (idno) VALUES (1729);
insert into Candidacy (wkid, idno) VALUES (567, 1729);
insert into Citizen (idno, title, firstname, lastname, dateofbirth, gender) VALUES (1730, '', 'Lange', 'Helmut Walter Wolfgang', '1.1.1952.', 'p');
insert into CandidatesData (idno) VALUES (1730);
insert into PartyMembership (pid, idno) VALUES (13, 1730);
insert into Candidacy (wkid, idno) VALUES (354, 1730);
insert into Landeslistenplatz (llid, idno, position) VALUES (13, 1730, 1);
insert into Citizen (idno, title, firstname, lastname, dateofbirth, gender) VALUES (1731, '', 'Lange', 'Robert', '1.1.1980.', 'p');
insert into CandidatesData (idno) VALUES (1731);
insert into PartyMembership (pid, idno) VALUES (7, 1731);
insert into Landeslistenplatz (llid, idno, position) VALUES (7, 1731, 5);
insert into Citizen (idno, title, firstname, lastname, dateofbirth, gender) VALUES (1732, '', 'Lange', 'Ulrich', '1.1.1969.', 'p');
insert into CandidatesData (idno) VALUES (1732);
insert into PartyMembership (pid, idno) VALUES (9, 1732);
insert into Candidacy (wkid, idno) VALUES (553, 1732);
insert into Citizen (idno, title, firstname, lastname, dateofbirth, gender) VALUES (1733, '', 'Lange', 'Volker Rainer Hartmut', '1.1.1967.', 'p');
insert into CandidatesData (idno) VALUES (1733);
insert into PartyMembership (pid, idno) VALUES (2, 1733);
insert into Landeslistenplatz (llid, idno, position) VALUES (1, 1733, 50);
insert into Citizen (idno, title, firstname, lastname, dateofbirth, gender) VALUES (1734, '', 'Lange', 'Wanja Max', '1.1.1987.', 'p');
insert into CandidatesData (idno) VALUES (1734);
insert into PartyMembership (pid, idno) VALUES (13, 1734);
insert into Landeslistenplatz (llid, idno, position) VALUES (13, 1734, 3);
insert into Citizen (idno, title, firstname, lastname, dateofbirth, gender) VALUES (1735, '', 'Langefeld', 'Jörn', '1.1.1964.', 'p');
insert into CandidatesData (idno) VALUES (1735);
insert into PartyMembership (pid, idno) VALUES (4, 1735);
insert into Candidacy (wkid, idno) VALUES (390, 1735);
insert into Landeslistenplatz (llid, idno, position) VALUES (4, 1735, 52);
insert into Citizen (idno, title, firstname, lastname, dateofbirth, gender) VALUES (1736, '', 'Langen', 'Doreen', '1.1.1979.', 'p');
insert into CandidatesData (idno) VALUES (1736);
insert into PartyMembership (pid, idno) VALUES (1, 1736);
insert into Candidacy (wkid, idno) VALUES (540, 1736);
insert into Citizen (idno, title, firstname, lastname, dateofbirth, gender) VALUES (1737, '', 'Langensiepen', 'Heidemarie Regine Elke (Heidi)', '1.1.1944.', 'p');
insert into CandidatesData (idno) VALUES (1737);
insert into PartyMembership (pid, idno) VALUES (4, 1737);
insert into Landeslistenplatz (llid, idno, position) VALUES (4, 1737, 18);
insert into Citizen (idno, title, firstname, lastname, dateofbirth, gender) VALUES (1738, '', 'Langer', 'Michael', '1.1.1962.', 'p');
insert into CandidatesData (idno) VALUES (1738);
insert into PartyMembership (pid, idno) VALUES (19, 1738);
insert into Landeslistenplatz (llid, idno, position) VALUES (18, 1738, 6);
insert into Citizen (idno, title, firstname, lastname, dateofbirth, gender) VALUES (1739, '', 'Langer', 'Dr. Vera Isabella', '1.1.1978.', 'p');
insert into CandidatesData (idno) VALUES (1739);
insert into PartyMembership (pid, idno) VALUES (4, 1739);
insert into Candidacy (wkid, idno) VALUES (484, 1739);
insert into Landeslistenplatz (llid, idno, position) VALUES (4, 1739, 12);
insert into Citizen (idno, title, firstname, lastname, dateofbirth, gender) VALUES (1740, '', 'Langguth', 'Iris', '1.1.1959.', 'p');
insert into CandidatesData (idno) VALUES (1740);
insert into PartyMembership (pid, idno) VALUES (5, 1740);
insert into Candidacy (wkid, idno) VALUES (597, 1740);
insert into Citizen (idno, title, firstname, lastname, dateofbirth, gender) VALUES (1741, '', 'Lanius-Heck', 'Rita', '1.1.1959.', 'p');
insert into CandidatesData (idno) VALUES (1741);
insert into PartyMembership (pid, idno) VALUES (12, 1741);
insert into Landeslistenplatz (llid, idno, position) VALUES (12, 1741, 25);
insert into Citizen (idno, title, firstname, lastname, dateofbirth, gender) VALUES (1742, '', 'Lanzinger', 'Barbara Maria', '1.1.1954.', 'p');
insert into CandidatesData (idno) VALUES (1742);
insert into PartyMembership (pid, idno) VALUES (9, 1742);
insert into Landeslistenplatz (llid, idno, position) VALUES (9, 1742, 23);
insert into Citizen (idno, title, firstname, lastname, dateofbirth, gender) VALUES (1743, '', 'Lapsien', 'Dr. Jürgen Hans', '1.1.1957.', 'p');
insert into CandidatesData (idno) VALUES (1743);
insert into PartyMembership (pid, idno) VALUES (8, 1743);
insert into Landeslistenplatz (llid, idno, position) VALUES (8, 1743, 10);
insert into Citizen (idno, title, firstname, lastname, dateofbirth, gender) VALUES (1744, '', 'Lardon', 'Dr. Hartmut', '1.1.1953.', 'p');
insert into CandidatesData (idno) VALUES (1744);
insert into PartyMembership (pid, idno) VALUES (4, 1744);
insert into Candidacy (wkid, idno) VALUES (508, 1744);
insert into Landeslistenplatz (llid, idno, position) VALUES (4, 1744, 11);
insert into Citizen (idno, title, firstname, lastname, dateofbirth, gender) VALUES (1745, '', 'Laubel', 'Thomas', '1.1.1978.', 'p');
insert into CandidatesData (idno) VALUES (1745);
insert into PartyMembership (pid, idno) VALUES (7, 1745);
insert into Landeslistenplatz (llid, idno, position) VALUES (7, 1745, 2);
insert into Citizen (idno, title, firstname, lastname, dateofbirth, gender) VALUES (1746, '', 'Lauer', 'Paul', '1.1.1957.', 'p');
insert into CandidatesData (idno) VALUES (1746);
insert into PartyMembership (pid, idno) VALUES (4, 1746);
insert into Candidacy (wkid, idno) VALUES (581, 1746);
insert into Landeslistenplatz (llid, idno, position) VALUES (4, 1746, 31);
insert into Citizen (idno, title, firstname, lastname, dateofbirth, gender) VALUES (1747, '', 'Lauinger', 'Dieter', '1.1.1962.', 'p');
insert into CandidatesData (idno) VALUES (1747);
insert into PartyMembership (pid, idno) VALUES (5, 1747);
insert into Candidacy (wkid, idno) VALUES (492, 1747);
insert into Landeslistenplatz (llid, idno, position) VALUES (5, 1747, 2);
insert into Citizen (idno, title, firstname, lastname, dateofbirth, gender) VALUES (1748, '', 'Laurisch', 'Dennis', '1.1.1978.', 'p');
insert into CandidatesData (idno) VALUES (1748);
insert into PartyMembership (pid, idno) VALUES (7, 1748);
insert into Candidacy (wkid, idno) VALUES (570, 1748);
insert into Landeslistenplatz (llid, idno, position) VALUES (7, 1748, 1);
insert into Citizen (idno, title, firstname, lastname, dateofbirth, gender) VALUES (1749, '', 'Laurischk', 'Mario Michael', '1.1.1975.', 'p');
insert into CandidatesData (idno) VALUES (1749);
insert into PartyMembership (pid, idno) VALUES (12, 1749);
insert into Candidacy (wkid, idno) VALUES (364, 1749);
insert into Landeslistenplatz (llid, idno, position) VALUES (12, 1749, 9);
insert into Citizen (idno, title, firstname, lastname, dateofbirth, gender) VALUES (1750, '', 'Laurischk', 'Sibylle', '1.1.1954.', 'p');
insert into CandidatesData (idno) VALUES (1750);
insert into PartyMembership (pid, idno) VALUES (4, 1750);
insert into Candidacy (wkid, idno) VALUES (583, 1750);
insert into Landeslistenplatz (llid, idno, position) VALUES (4, 1750, 6);
insert into Citizen (idno, title, firstname, lastname, dateofbirth, gender) VALUES (1751, '', 'Lausberg', 'Dr. Conrad', '1.1.1959.', 'p');
insert into CandidatesData (idno) VALUES (1751);
insert into PartyMembership (pid, idno) VALUES (8, 1751);
insert into Candidacy (wkid, idno) VALUES (519, 1751);
insert into Landeslistenplatz (llid, idno, position) VALUES (8, 1751, 23);
insert into Citizen (idno, title, firstname, lastname, dateofbirth, gender) VALUES (1752, '', 'Lauterbach', 'Brigitte Renate', '1.1.1934.', 'p');
insert into CandidatesData (idno) VALUES (1752);
insert into PartyMembership (pid, idno) VALUES (1, 1752);
insert into Candidacy (wkid, idno) VALUES (459, 1752);
insert into Citizen (idno, title, firstname, lastname, dateofbirth, gender) VALUES (1753, '', 'Lauterbach', 'Prof. Dr. Karl', '1.1.1963.', 'p');
insert into CandidatesData (idno) VALUES (1753);
insert into PartyMembership (pid, idno) VALUES (2, 1753);
insert into Candidacy (wkid, idno) VALUES (401, 1753);
insert into Landeslistenplatz (llid, idno, position) VALUES (1, 1753, 49);
insert into Citizen (idno, title, firstname, lastname, dateofbirth, gender) VALUES (1754, '', 'Laux', 'Claudia Marianne', '1.1.1966.', 'p');
insert into CandidatesData (idno) VALUES (1754);
insert into PartyMembership (pid, idno) VALUES (5, 1754);
insert into Landeslistenplatz (llid, idno, position) VALUES (5, 1754, 9);
insert into Citizen (idno, title, firstname, lastname, dateofbirth, gender) VALUES (1755, '', 'Lay', 'Caren Nicole', '1.1.1972.', 'p');
insert into CandidatesData (idno) VALUES (1755);
insert into PartyMembership (pid, idno) VALUES (3, 1755);
insert into Candidacy (wkid, idno) VALUES (456, 1755);
insert into Landeslistenplatz (llid, idno, position) VALUES (2, 1755, 7);
insert into Citizen (idno, title, firstname, lastname, dateofbirth, gender) VALUES (1756, '', 'Lazar', 'Monika', '1.1.1967.', 'p');
insert into CandidatesData (idno) VALUES (1756);
insert into PartyMembership (pid, idno) VALUES (5, 1756);
insert into Candidacy (wkid, idno) VALUES (453, 1756);
insert into Landeslistenplatz (llid, idno, position) VALUES (5, 1756, 1);
insert into Citizen (idno, title, firstname, lastname, dateofbirth, gender) VALUES (1757, '', 'Leber', 'Tim', '1.1.1966.', 'p');
insert into CandidatesData (idno) VALUES (1757);
insert into PartyMembership (pid, idno) VALUES (22, 1757);
insert into Landeslistenplatz (llid, idno, position) VALUES (22, 1757, 7);
insert into Citizen (idno, title, firstname, lastname, dateofbirth, gender) VALUES (1758, '', 'Lebmeier', 'Josef', '1.1.1963.', 'p');
insert into CandidatesData (idno) VALUES (1758);
insert into PartyMembership (pid, idno) VALUES (10, 1758);
insert into Landeslistenplatz (llid, idno, position) VALUES (10, 1758, 7);
insert into Citizen (idno, title, firstname, lastname, dateofbirth, gender) VALUES (1759, '', 'Lechner', 'Sebastian', '1.1.1980.', 'p');
insert into CandidatesData (idno) VALUES (1759);
insert into PartyMembership (pid, idno) VALUES (12, 1759);
insert into Candidacy (wkid, idno) VALUES (343, 1759);
insert into Landeslistenplatz (llid, idno, position) VALUES (12, 1759, 23);
insert into Citizen (idno, title, firstname, lastname, dateofbirth, gender) VALUES (1760, '', 'Lechner', 'Thomas Gerhard', '1.1.1966.', 'p');
insert into CandidatesData (idno) VALUES (1760);
insert into PartyMembership (pid, idno) VALUES (22, 1760);
insert into Landeslistenplatz (llid, idno, position) VALUES (22, 1760, 15);
insert into Citizen (idno, title, firstname, lastname, dateofbirth, gender) VALUES (1761, '', 'Lechte', 'Ulrich Werner Maria', '1.1.1977.', 'p');
insert into CandidatesData (idno) VALUES (1761);
insert into PartyMembership (pid, idno) VALUES (4, 1761);
insert into Landeslistenplatz (llid, idno, position) VALUES (4, 1761, 21);
insert into Citizen (idno, title, firstname, lastname, dateofbirth, gender) VALUES (1762, '', 'Lederer', 'Dr. Klaus', '1.1.1974.', 'p');
insert into CandidatesData (idno) VALUES (1762);
insert into PartyMembership (pid, idno) VALUES (3, 1762);
insert into Candidacy (wkid, idno) VALUES (375, 1762);
insert into Landeslistenplatz (llid, idno, position) VALUES (2, 1762, 6);
insert into Citizen (idno, title, firstname, lastname, dateofbirth, gender) VALUES (1763, '', 'Lederle', 'Felix Paul Edgar', '1.1.1975.', 'p');
insert into CandidatesData (idno) VALUES (1763);
insert into PartyMembership (pid, idno) VALUES (3, 1763);
insert into Candidacy (wkid, idno) VALUES (377, 1763);
insert into Citizen (idno, title, firstname, lastname, dateofbirth, gender) VALUES (1764, '', 'Lehle', 'Bernhard', '1.1.1963.', 'p');
insert into CandidatesData (idno) VALUES (1764);
insert into PartyMembership (pid, idno) VALUES (5, 1764);
insert into Candidacy (wkid, idno) VALUES (562, 1764);
insert into Citizen (idno, title, firstname, lastname, dateofbirth, gender) VALUES (1765, '', 'Lehmann', 'Klaus', '1.1.1935.', 'p');
insert into CandidatesData (idno) VALUES (1765);
insert into PartyMembership (pid, idno) VALUES (8, 1765);
insert into Landeslistenplatz (llid, idno, position) VALUES (8, 1765, 3);
insert into Citizen (idno, title, firstname, lastname, dateofbirth, gender) VALUES (1766, '', 'Lehmann', 'Uwe', '1.1.1959.', 'p');
insert into CandidatesData (idno) VALUES (1766);
insert into Candidacy (wkid, idno) VALUES (367, 1766);
insert into Citizen (idno, title, firstname, lastname, dateofbirth, gender) VALUES (1767, '', 'Lehmer', 'Dr. Max', '1.1.1946.', 'p');
insert into CandidatesData (idno) VALUES (1767);
insert into PartyMembership (pid, idno) VALUES (9, 1767);
insert into Candidacy (wkid, idno) VALUES (513, 1767);
insert into Citizen (idno, title, firstname, lastname, dateofbirth, gender) VALUES (1768, '', 'Lehming', 'Erwine', '1.1.1928.', 'p');
insert into CandidatesData (idno) VALUES (1768);
insert into PartyMembership (pid, idno) VALUES (1, 1768);
insert into Candidacy (wkid, idno) VALUES (394, 1768);
insert into Citizen (idno, title, firstname, lastname, dateofbirth, gender) VALUES (1769, '', 'Lehmler', 'Aloys', '1.1.1951.', 'p');
insert into CandidatesData (idno) VALUES (1769);
insert into PartyMembership (pid, idno) VALUES (1, 1769);
insert into Candidacy (wkid, idno) VALUES (596, 1769);
insert into Landeslistenplatz (llid, idno, position) VALUES (3, 1769, 3);
insert into Citizen (idno, title, firstname, lastname, dateofbirth, gender) VALUES (1770, '', 'Lehner', 'Dr. Kurt', '1.1.1967.', 'p');
insert into CandidatesData (idno) VALUES (1770);
insert into PartyMembership (pid, idno) VALUES (4, 1770);
insert into Candidacy (wkid, idno) VALUES (375, 1770);
insert into Landeslistenplatz (llid, idno, position) VALUES (4, 1770, 10);
insert into Citizen (idno, title, firstname, lastname, dateofbirth, gender) VALUES (1771, '', 'Lehnert', 'Ruben', '1.1.1978.', 'p');
insert into CandidatesData (idno) VALUES (1771);
insert into PartyMembership (pid, idno) VALUES (3, 1771);
insert into Candidacy (wkid, idno) VALUES (382, 1771);
insert into Citizen (idno, title, firstname, lastname, dateofbirth, gender) VALUES (1772, '', 'Lehrberger', 'Sebastian', '1.1.1955.', 'p');
insert into CandidatesData (idno) VALUES (1772);
insert into PartyMembership (pid, idno) VALUES (24, 1772);
insert into Candidacy (wkid, idno) VALUES (524, 1772);
insert into Citizen (idno, title, firstname, lastname, dateofbirth, gender) VALUES (1773, '', 'Lehrieder', 'Paul', '1.1.1959.', 'p');
insert into CandidatesData (idno) VALUES (1773);
insert into PartyMembership (pid, idno) VALUES (9, 1773);
insert into Candidacy (wkid, idno) VALUES (550, 1773);
insert into Citizen (idno, title, firstname, lastname, dateofbirth, gender) VALUES (1774, '', 'Leibrecht', 'Harald', '1.1.1961.', 'p');
insert into CandidatesData (idno) VALUES (1774);
insert into PartyMembership (pid, idno) VALUES (4, 1774);
insert into Candidacy (wkid, idno) VALUES (565, 1774);
insert into Landeslistenplatz (llid, idno, position) VALUES (4, 1774, 4);
insert into Citizen (idno, title, firstname, lastname, dateofbirth, gender) VALUES (1775, '', 'Leidig', 'Sabine', '1.1.1961.', 'p');
insert into CandidatesData (idno) VALUES (1775);
insert into PartyMembership (pid, idno) VALUES (3, 1775);
insert into Candidacy (wkid, idno) VALUES (486, 1775);
insert into Landeslistenplatz (llid, idno, position) VALUES (2, 1775, 1);
insert into Citizen (idno, title, firstname, lastname, dateofbirth, gender) VALUES (1776, '', 'Leidinger', 'Markus', '1.1.1984.', 'p');
insert into CandidatesData (idno) VALUES (1776);
insert into PartyMembership (pid, idno) VALUES (2, 1776);
insert into Landeslistenplatz (llid, idno, position) VALUES (1, 1776, 23);
insert into Citizen (idno, title, firstname, lastname, dateofbirth, gender) VALUES (1777, '', 'Leinen', 'Prof. Dr. Felix', '1.1.1957.', 'p');
insert into CandidatesData (idno) VALUES (1777);
insert into PartyMembership (pid, idno) VALUES (8, 1777);
insert into Candidacy (wkid, idno) VALUES (505, 1777);
insert into Landeslistenplatz (llid, idno, position) VALUES (8, 1777, 2);
insert into Citizen (idno, title, firstname, lastname, dateofbirth, gender) VALUES (1778, '', 'Lelke', 'Andreas', '1.1.1980.', 'p');
insert into CandidatesData (idno) VALUES (1778);
insert into PartyMembership (pid, idno) VALUES (10, 1778);
insert into Landeslistenplatz (llid, idno, position) VALUES (10, 1778, 4);
insert into Citizen (idno, title, firstname, lastname, dateofbirth, gender) VALUES (1779, '', 'Lemke', 'Helmut', '1.1.1942.', 'p');
insert into CandidatesData (idno) VALUES (1779);
insert into PartyMembership (pid, idno) VALUES (18, 1779);
insert into Landeslistenplatz (llid, idno, position) VALUES (17, 1779, 3);
insert into Citizen (idno, title, firstname, lastname, dateofbirth, gender) VALUES (1780, '', 'Lemm', 'Michael', '1.1.1975.', 'p');
insert into CandidatesData (idno) VALUES (1780);
insert into PartyMembership (pid, idno) VALUES (3, 1780);
insert into Landeslistenplatz (llid, idno, position) VALUES (2, 1780, 13);
insert into Citizen (idno, title, firstname, lastname, dateofbirth, gender) VALUES (1781, '', 'Lemme', 'Steffen-Claudio', '1.1.1965.', 'p');
insert into CandidatesData (idno) VALUES (1781);
insert into PartyMembership (pid, idno) VALUES (2, 1781);
insert into Candidacy (wkid, idno) VALUES (490, 1781);
insert into Landeslistenplatz (llid, idno, position) VALUES (1, 1781, 3);
insert into Citizen (idno, title, firstname, lastname, dateofbirth, gender) VALUES (1782, '', 'Lemmermeier', 'Siegfried', '1.1.1955.', 'p');
insert into CandidatesData (idno) VALUES (1782);
insert into Candidacy (wkid, idno) VALUES (553, 1782);
insert into Citizen (idno, title, firstname, lastname, dateofbirth, gender) VALUES (1783, '', 'Lempp', 'Dr. Hans-Volkhard', '1.1.1964.', 'p');
insert into CandidatesData (idno) VALUES (1783);
insert into PartyMembership (pid, idno) VALUES (9, 1783);
insert into Landeslistenplatz (llid, idno, position) VALUES (9, 1783, 61);
insert into Citizen (idno, title, firstname, lastname, dateofbirth, gender) VALUES (1784, '', 'Lenger', 'Tammo', '1.1.1974.', 'p');
insert into CandidatesData (idno) VALUES (1784);
insert into PartyMembership (pid, idno) VALUES (5, 1784);
insert into Candidacy (wkid, idno) VALUES (325, 1784);
insert into Citizen (idno, title, firstname, lastname, dateofbirth, gender) VALUES (1785, '', 'Lengert', 'Peter', '1.1.1957.', 'p');
insert into CandidatesData (idno) VALUES (1785);
insert into PartyMembership (pid, idno) VALUES (3, 1785);
insert into Landeslistenplatz (llid, idno, position) VALUES (2, 1785, 12);
insert into Citizen (idno, title, firstname, lastname, dateofbirth, gender) VALUES (1786, '', 'Lengsfeld', 'Vera', '1.1.1952.', 'p');
insert into CandidatesData (idno) VALUES (1786);
insert into PartyMembership (pid, idno) VALUES (12, 1786);
insert into Candidacy (wkid, idno) VALUES (383, 1786);
insert into Landeslistenplatz (llid, idno, position) VALUES (12, 1786, 6);
insert into Citizen (idno, title, firstname, lastname, dateofbirth, gender) VALUES (1787, '', 'Lenk', 'Sebastian', '1.1.1982.', 'p');
insert into CandidatesData (idno) VALUES (1787);
insert into PartyMembership (pid, idno) VALUES (12, 1787);
insert into Landeslistenplatz (llid, idno, position) VALUES (12, 1787, 13);
insert into Citizen (idno, title, firstname, lastname, dateofbirth, gender) VALUES (1788, '', 'Lenkert', 'Ralph', '1.1.1967.', 'p');
insert into CandidatesData (idno) VALUES (1788);
insert into PartyMembership (pid, idno) VALUES (3, 1788);
insert into Candidacy (wkid, idno) VALUES (493, 1788);
insert into Landeslistenplatz (llid, idno, position) VALUES (2, 1788, 1);
insert into Citizen (idno, title, firstname, lastname, dateofbirth, gender) VALUES (1789, '', 'Lenz', 'Jürgen', '1.1.1960.', 'p');
insert into CandidatesData (idno) VALUES (1789);
insert into Candidacy (wkid, idno) VALUES (467, 1789);
insert into Citizen (idno, title, firstname, lastname, dateofbirth, gender) VALUES (1790, '', 'Lenz-Aktas', 'Ingrid', '1.1.1961.', 'p');
insert into CandidatesData (idno) VALUES (1790);
insert into PartyMembership (pid, idno) VALUES (2, 1790);
insert into Candidacy (wkid, idno) VALUES (521, 1790);
insert into Landeslistenplatz (llid, idno, position) VALUES (1, 1790, 36);
insert into Citizen (idno, title, firstname, lastname, dateofbirth, gender) VALUES (1791, '', 'Leonhard', 'Dr. Elke', '1.1.1949.', 'p');
insert into CandidatesData (idno) VALUES (1791);
insert into PartyMembership (pid, idno) VALUES (2, 1791);
insert into Candidacy (wkid, idno) VALUES (502, 1791);
insert into Landeslistenplatz (llid, idno, position) VALUES (1, 1791, 12);
insert into Citizen (idno, title, firstname, lastname, dateofbirth, gender) VALUES (1792, '', 'Leonhard', 'Gino', '1.1.1972.', 'p');
insert into CandidatesData (idno) VALUES (1792);
insert into PartyMembership (pid, idno) VALUES (4, 1792);
insert into Candidacy (wkid, idno) VALUES (314, 1792);
insert into Citizen (idno, title, firstname, lastname, dateofbirth, gender) VALUES (1793, '', 'Leopold', 'Sabine', '1.1.1958.', 'p');
insert into CandidatesData (idno) VALUES (1793);
insert into PartyMembership (pid, idno) VALUES (13, 1793);
insert into Landeslistenplatz (llid, idno, position) VALUES (13, 1793, 22);
insert into Citizen (idno, title, firstname, lastname, dateofbirth, gender) VALUES (1794, '', 'Lerch', 'Helga', '1.1.1955.', 'p');
insert into CandidatesData (idno) VALUES (1794);
insert into PartyMembership (pid, idno) VALUES (4, 1794);
insert into Landeslistenplatz (llid, idno, position) VALUES (4, 1794, 19);
insert into Citizen (idno, title, firstname, lastname, dateofbirth, gender) VALUES (1795, '', 'Leucht', 'Maximilian', '1.1.1979.', 'p');
insert into CandidatesData (idno) VALUES (1795);
insert into PartyMembership (pid, idno) VALUES (4, 1795);
insert into Candidacy (wkid, idno) VALUES (522, 1795);
insert into Landeslistenplatz (llid, idno, position) VALUES (4, 1795, 23);
insert into Citizen (idno, title, firstname, lastname, dateofbirth, gender) VALUES (1796, '', 'Leusmann', 'Bernhard', '1.1.1935.', 'p');
insert into CandidatesData (idno) VALUES (1796);
insert into PartyMembership (pid, idno) VALUES (23, 1796);
insert into Landeslistenplatz (llid, idno, position) VALUES (24, 1796, 2);
insert into Citizen (idno, title, firstname, lastname, dateofbirth, gender) VALUES (1797, '', 'Leutert', 'Michael Gerhard', '1.1.1974.', 'p');
insert into CandidatesData (idno) VALUES (1797);
insert into PartyMembership (pid, idno) VALUES (3, 1797);
insert into Candidacy (wkid, idno) VALUES (462, 1797);
insert into Landeslistenplatz (llid, idno, position) VALUES (2, 1797, 6);
insert into Citizen (idno, title, firstname, lastname, dateofbirth, gender) VALUES (1798, '', 'Leutheusser-Schnarrenberger', 'Sabine', '1.1.1951.', 'p');
insert into CandidatesData (idno) VALUES (1798);
insert into PartyMembership (pid, idno) VALUES (4, 1798);
insert into Candidacy (wkid, idno) VALUES (523, 1798);
insert into Landeslistenplatz (llid, idno, position) VALUES (4, 1798, 1);
insert into Citizen (idno, title, firstname, lastname, dateofbirth, gender) VALUES (1799, '', 'Lewis', 'Christopher', '1.1.1945.', 'p');
insert into CandidatesData (idno) VALUES (1799);
insert into PartyMembership (pid, idno) VALUES (10, 1799);
insert into Landeslistenplatz (llid, idno, position) VALUES (10, 1799, 6);
insert into Citizen (idno, title, firstname, lastname, dateofbirth, gender) VALUES (1800, '', 'Leyen von der', 'Dr. Ursula', '1.1.1958.', 'p');
insert into CandidatesData (idno) VALUES (1800);
insert into PartyMembership (pid, idno) VALUES (12, 1800);
insert into Candidacy (wkid, idno) VALUES (342, 1800);
insert into Landeslistenplatz (llid, idno, position) VALUES (12, 1800, 1);
insert into Citizen (idno, title, firstname, lastname, dateofbirth, gender) VALUES (1801, '', 'Leyendecker', 'Rainer', '1.1.1956.', 'p');
insert into CandidatesData (idno) VALUES (1801);
insert into Candidacy (wkid, idno) VALUES (570, 1801);
insert into Citizen (idno, title, firstname, lastname, dateofbirth, gender) VALUES (1802, '', 'Lieb', 'Robert', '1.1.1963.', 'p');
insert into CandidatesData (idno) VALUES (1802);
insert into PartyMembership (pid, idno) VALUES (19, 1802);
insert into Landeslistenplatz (llid, idno, position) VALUES (18, 1802, 24);
insert into Citizen (idno, title, firstname, lastname, dateofbirth, gender) VALUES (1803, '', 'Liebeck', 'Maria', '1.1.1957.', 'p');
insert into CandidatesData (idno) VALUES (1803);
insert into PartyMembership (pid, idno) VALUES (12, 1803);
insert into Landeslistenplatz (llid, idno, position) VALUES (12, 1803, 58);
insert into Citizen (idno, title, firstname, lastname, dateofbirth, gender) VALUES (1804, '', 'Liebehenz', 'Marc', '1.1.1977.', 'p');
insert into CandidatesData (idno) VALUES (1804);
insert into PartyMembership (pid, idno) VALUES (4, 1804);
insert into Candidacy (wkid, idno) VALUES (425, 1804);
insert into Landeslistenplatz (llid, idno, position) VALUES (4, 1804, 49);
insert into Citizen (idno, title, firstname, lastname, dateofbirth, gender) VALUES (1805, '', 'Liebenow', 'Fritz', '1.1.1949.', 'p');
insert into CandidatesData (idno) VALUES (1805);
insert into PartyMembership (pid, idno) VALUES (1, 1805);
insert into Candidacy (wkid, idno) VALUES (379, 1805);
insert into Citizen (idno, title, firstname, lastname, dateofbirth, gender) VALUES (1806, '', 'Liebhart', 'Werner Hans', '1.1.1963.', 'p');
insert into CandidatesData (idno) VALUES (1806);
insert into PartyMembership (pid, idno) VALUES (4, 1806);
insert into Landeslistenplatz (llid, idno, position) VALUES (4, 1806, 51);
insert into Citizen (idno, title, firstname, lastname, dateofbirth, gender) VALUES (1807, '', 'Liebich', 'Stefan', '1.1.1972.', 'p');
insert into CandidatesData (idno) VALUES (1807);
insert into PartyMembership (pid, idno) VALUES (3, 1807);
insert into Candidacy (wkid, idno) VALUES (376, 1807);
insert into Landeslistenplatz (llid, idno, position) VALUES (2, 1807, 4);
insert into Citizen (idno, title, firstname, lastname, dateofbirth, gender) VALUES (1808, '', 'Liebing', 'Ingbert', '1.1.1963.', 'p');
insert into CandidatesData (idno) VALUES (1808);
insert into PartyMembership (pid, idno) VALUES (12, 1808);
insert into Candidacy (wkid, idno) VALUES (301, 1808);
insert into Landeslistenplatz (llid, idno, position) VALUES (12, 1808, 7);
insert into Citizen (idno, title, firstname, lastname, dateofbirth, gender) VALUES (1809, '', 'Liederwald', 'Hans Dieter', '1.1.1964.', 'p');
insert into CandidatesData (idno) VALUES (1809);
insert into PartyMembership (pid, idno) VALUES (11, 1809);
insert into Landeslistenplatz (llid, idno, position) VALUES (11, 1809, 1);
insert into Citizen (idno, title, firstname, lastname, dateofbirth, gender) VALUES (1810, '', 'Liedy', 'Ulrike', '1.1.1960.', 'p');
insert into CandidatesData (idno) VALUES (1810);
insert into PartyMembership (pid, idno) VALUES (22, 1810);
insert into Landeslistenplatz (llid, idno, position) VALUES (22, 1810, 5);
insert into Citizen (idno, title, firstname, lastname, dateofbirth, gender) VALUES (1811, '', 'Lierse', 'Lore', '1.1.1955.', 'p');
insert into CandidatesData (idno) VALUES (1811);
insert into PartyMembership (pid, idno) VALUES (1, 1811);
insert into Candidacy (wkid, idno) VALUES (358, 1811);
insert into Landeslistenplatz (llid, idno, position) VALUES (3, 1811, 6);
insert into Citizen (idno, title, firstname, lastname, dateofbirth, gender) VALUES (1812, '', 'Lietz', 'Matthias', '1.1.1953.', 'p');
insert into CandidatesData (idno) VALUES (1812);
insert into PartyMembership (pid, idno) VALUES (12, 1812);
insert into Candidacy (wkid, idno) VALUES (315, 1812);
insert into Landeslistenplatz (llid, idno, position) VALUES (12, 1812, 3);
insert into Citizen (idno, title, firstname, lastname, dateofbirth, gender) VALUES (1813, '', 'Lillge', 'Ulrike', '1.1.1950.', 'p');
insert into CandidatesData (idno) VALUES (1813);
insert into PartyMembership (pid, idno) VALUES (10, 1813);
insert into Landeslistenplatz (llid, idno, position) VALUES (10, 1813, 1);
insert into Citizen (idno, title, firstname, lastname, dateofbirth, gender) VALUES (1814, '', 'Lillge', 'Dr. Wolfgang', '1.1.1950.', 'p');
insert into CandidatesData (idno) VALUES (1814);
insert into PartyMembership (pid, idno) VALUES (10, 1814);
insert into Candidacy (wkid, idno) VALUES (386, 1814);
insert into Landeslistenplatz (llid, idno, position) VALUES (10, 1814, 3);
insert into Citizen (idno, title, firstname, lastname, dateofbirth, gender) VALUES (1815, '', 'Limmer', 'Kai', '1.1.1978.', 'p');
insert into CandidatesData (idno) VALUES (1815);
insert into PartyMembership (pid, idno) VALUES (1, 1815);
insert into Candidacy (wkid, idno) VALUES (536, 1815);
insert into Citizen (idno, title, firstname, lastname, dateofbirth, gender) VALUES (1816, '', 'Lindemann', 'Hendrik', '1.1.1964.', 'p');
insert into CandidatesData (idno) VALUES (1816);
insert into PartyMembership (pid, idno) VALUES (4, 1816);
insert into Candidacy (wkid, idno) VALUES (549, 1816);
insert into Landeslistenplatz (llid, idno, position) VALUES (4, 1816, 58);
insert into Citizen (idno, title, firstname, lastname, dateofbirth, gender) VALUES (1817, '', 'Lindemann', 'Lars Friedrich', '1.1.1971.', 'p');
insert into CandidatesData (idno) VALUES (1817);
insert into PartyMembership (pid, idno) VALUES (4, 1817);
insert into Landeslistenplatz (llid, idno, position) VALUES (4, 1817, 2);
insert into Citizen (idno, title, firstname, lastname, dateofbirth, gender) VALUES (1818, '', 'Lindemann', 'Thomas', '1.1.1980.', 'p');
insert into CandidatesData (idno) VALUES (1818);
insert into PartyMembership (pid, idno) VALUES (1, 1818);
insert into Candidacy (wkid, idno) VALUES (370, 1818);
insert into Citizen (idno, title, firstname, lastname, dateofbirth, gender) VALUES (1819, '', 'Linden', 'Hans', '1.1.1936.', 'p');
insert into CandidatesData (idno) VALUES (1819);
insert into PartyMembership (pid, idno) VALUES (20, 1819);
insert into Landeslistenplatz (llid, idno, position) VALUES (19, 1819, 4);
insert into Citizen (idno, title, firstname, lastname, dateofbirth, gender) VALUES (1820, '', 'Lindholz', 'Andrea', '1.1.1970.', 'p');
insert into CandidatesData (idno) VALUES (1820);
insert into PartyMembership (pid, idno) VALUES (9, 1820);
insert into Landeslistenplatz (llid, idno, position) VALUES (9, 1820, 29);
insert into Citizen (idno, title, firstname, lastname, dateofbirth, gender) VALUES (1821, '', 'Lindlar', 'Manuel', '1.1.1988.', 'p');
insert into CandidatesData (idno) VALUES (1821);
insert into PartyMembership (pid, idno) VALUES (3, 1821);
insert into Candidacy (wkid, idno) VALUES (401, 1821);
insert into Landeslistenplatz (llid, idno, position) VALUES (2, 1821, 18);
insert into Citizen (idno, title, firstname, lastname, dateofbirth, gender) VALUES (1822, '', 'Lindlohr', 'Andrea', '1.1.1975.', 'p');
insert into CandidatesData (idno) VALUES (1822);
insert into PartyMembership (pid, idno) VALUES (5, 1822);
insert into Candidacy (wkid, idno) VALUES (560, 1822);
insert into Landeslistenplatz (llid, idno, position) VALUES (5, 1822, 15);
insert into Citizen (idno, title, firstname, lastname, dateofbirth, gender) VALUES (1823, '', 'Lindner', 'Christian', '1.1.1979.', 'p');
insert into CandidatesData (idno) VALUES (1823);
insert into PartyMembership (pid, idno) VALUES (4, 1823);
insert into Candidacy (wkid, idno) VALUES (400, 1823);
insert into Landeslistenplatz (llid, idno, position) VALUES (4, 1823, 9);
insert into Citizen (idno, title, firstname, lastname, dateofbirth, gender) VALUES (1824, '', 'Lindner', 'Dietmar', '1.1.1945.', 'p');
insert into CandidatesData (idno) VALUES (1824);
insert into PartyMembership (pid, idno) VALUES (22, 1824);
insert into Landeslistenplatz (llid, idno, position) VALUES (22, 1824, 14);
insert into Citizen (idno, title, firstname, lastname, dateofbirth, gender) VALUES (1825, '', 'Lindner', 'Dr. Martin', '1.1.1964.', 'p');
insert into CandidatesData (idno) VALUES (1825);
insert into PartyMembership (pid, idno) VALUES (4, 1825);
insert into Candidacy (wkid, idno) VALUES (376, 1825);
insert into Landeslistenplatz (llid, idno, position) VALUES (4, 1825, 1);
insert into Citizen (idno, title, firstname, lastname, dateofbirth, gender) VALUES (1826, '', 'Lindner', 'Tobias', '1.1.1982.', 'p');
insert into CandidatesData (idno) VALUES (1826);
insert into PartyMembership (pid, idno) VALUES (5, 1826);
insert into Candidacy (wkid, idno) VALUES (511, 1826);
insert into Landeslistenplatz (llid, idno, position) VALUES (5, 1826, 6);
insert into Citizen (idno, title, firstname, lastname, dateofbirth, gender) VALUES (1827, '', 'Lingnau', 'Dr. Hildegard', '1.1.1964.', 'p');
insert into CandidatesData (idno) VALUES (1827);
insert into PartyMembership (pid, idno) VALUES (5, 1827);
insert into Candidacy (wkid, idno) VALUES (497, 1827);
insert into Citizen (idno, title, firstname, lastname, dateofbirth, gender) VALUES (1828, '', 'Link', 'Heinz Werner', '1.1.1957.', 'p');
insert into CandidatesData (idno) VALUES (1828);
insert into PartyMembership (pid, idno) VALUES (15, 1828);
insert into Candidacy (wkid, idno) VALUES (553, 1828);
insert into Citizen (idno, title, firstname, lastname, dateofbirth, gender) VALUES (1829, '', 'Link', 'Dr. Manfred', '1.1.1941.', 'p');
insert into CandidatesData (idno) VALUES (1829);
insert into PartyMembership (pid, idno) VALUES (14, 1829);
insert into Candidacy (wkid, idno) VALUES (552, 1829);
insert into Landeslistenplatz (llid, idno, position) VALUES (21, 1829, 3);
insert into Citizen (idno, title, firstname, lastname, dateofbirth, gender) VALUES (1830, '', 'Link', 'Michael Georg', '1.1.1963.', 'p');
insert into CandidatesData (idno) VALUES (1830);
insert into PartyMembership (pid, idno) VALUES (4, 1830);
insert into Candidacy (wkid, idno) VALUES (566, 1830);
insert into Landeslistenplatz (llid, idno, position) VALUES (4, 1830, 9);
insert into Citizen (idno, title, firstname, lastname, dateofbirth, gender) VALUES (1831, '', 'Link', 'Peter Wigbert', '1.1.1963.', 'p');
insert into CandidatesData (idno) VALUES (1831);
insert into PartyMembership (pid, idno) VALUES (12, 1831);
insert into Landeslistenplatz (llid, idno, position) VALUES (12, 1831, 40);
insert into Citizen (idno, title, firstname, lastname, dateofbirth, gender) VALUES (1832, '', 'Linke', 'Dr. Marianne Monika', '1.1.1945.', 'p');
insert into CandidatesData (idno) VALUES (1832);
insert into PartyMembership (pid, idno) VALUES (3, 1832);
insert into Candidacy (wkid, idno) VALUES (314, 1832);
insert into Citizen (idno, title, firstname, lastname, dateofbirth, gender) VALUES (1833, '', 'Linnemann', 'Dr. Carsten', '1.1.1977.', 'p');
insert into CandidatesData (idno) VALUES (1833);
insert into PartyMembership (pid, idno) VALUES (12, 1833);
insert into Candidacy (wkid, idno) VALUES (437, 1833);
insert into Citizen (idno, title, firstname, lastname, dateofbirth, gender) VALUES (1834, '', 'Linse', 'Julia', '1.1.1982.', 'p');
insert into CandidatesData (idno) VALUES (1834);
insert into PartyMembership (pid, idno) VALUES (12, 1834);
insert into Landeslistenplatz (llid, idno, position) VALUES (12, 1834, 19);
insert into Citizen (idno, title, firstname, lastname, dateofbirth, gender) VALUES (1835, '', 'Lips', 'Patricia', '1.1.1963.', 'p');
insert into CandidatesData (idno) VALUES (1835);
insert into PartyMembership (pid, idno) VALUES (12, 1835);
insert into Candidacy (wkid, idno) VALUES (486, 1835);
insert into Landeslistenplatz (llid, idno, position) VALUES (12, 1835, 11);
insert into Citizen (idno, title, firstname, lastname, dateofbirth, gender) VALUES (1836, '', 'Lischka', 'Burkhard', '1.1.1965.', 'p');
insert into CandidatesData (idno) VALUES (1836);
insert into PartyMembership (pid, idno) VALUES (2, 1836);
insert into Candidacy (wkid, idno) VALUES (369, 1836);
insert into Landeslistenplatz (llid, idno, position) VALUES (1, 1836, 2);
insert into Citizen (idno, title, firstname, lastname, dateofbirth, gender) VALUES (1837, '', 'Lissner', 'Simon', '1.1.1958.', 'p');
insert into CandidatesData (idno) VALUES (1837);
insert into PartyMembership (pid, idno) VALUES (5, 1837);
insert into Candidacy (wkid, idno) VALUES (477, 1837);
insert into Citizen (idno, title, firstname, lastname, dateofbirth, gender) VALUES (1838, '', 'Litfin', 'Uwe', '1.1.1958.', 'p');
insert into CandidatesData (idno) VALUES (1838);
insert into PartyMembership (pid, idno) VALUES (25, 1838);
insert into Landeslistenplatz (llid, idno, position) VALUES (23, 1838, 5);
insert into Citizen (idno, title, firstname, lastname, dateofbirth, gender) VALUES (1839, '', 'Lobeck', 'Sven', '1.1.1976.', 'p');
insert into CandidatesData (idno) VALUES (1839);
insert into PartyMembership (pid, idno) VALUES (1, 1839);
insert into Candidacy (wkid, idno) VALUES (499, 1839);
insert into Landeslistenplatz (llid, idno, position) VALUES (3, 1839, 4);
insert into Citizen (idno, title, firstname, lastname, dateofbirth, gender) VALUES (1840, '', 'Lobocki', 'Ingeborg Anna', '1.1.1946.', 'p');
insert into CandidatesData (idno) VALUES (1840);
insert into PartyMembership (pid, idno) VALUES (11, 1840);
insert into Landeslistenplatz (llid, idno, position) VALUES (11, 1840, 2);
insert into Citizen (idno, title, firstname, lastname, dateofbirth, gender) VALUES (1841, '', 'Loch', 'Wolfgang', '1.1.1964.', 'p');
insert into CandidatesData (idno) VALUES (1841);
insert into PartyMembership (pid, idno) VALUES (14, 1841);
insert into Landeslistenplatz (llid, idno, position) VALUES (21, 1841, 5);
insert into Citizen (idno, title, firstname, lastname, dateofbirth, gender) VALUES (1842, '', 'Lockfisch', 'Klemens', '1.1.1961.', 'p');
insert into CandidatesData (idno) VALUES (1842);
insert into PartyMembership (pid, idno) VALUES (1, 1842);
insert into Landeslistenplatz (llid, idno, position) VALUES (3, 1842, 4);
insert into Citizen (idno, title, firstname, lastname, dateofbirth, gender) VALUES (1843, '', 'Loeber', 'Alfred', '1.1.1944.', 'p');
insert into CandidatesData (idno) VALUES (1843);
insert into PartyMembership (pid, idno) VALUES (18, 1843);
insert into Landeslistenplatz (llid, idno, position) VALUES (17, 1843, 5);
insert into Citizen (idno, title, firstname, lastname, dateofbirth, gender) VALUES (1844, '', 'Löffler', 'Max', '1.1.1988.', 'p');
insert into CandidatesData (idno) VALUES (1844);
insert into PartyMembership (pid, idno) VALUES (5, 1844);
insert into Candidacy (wkid, idno) VALUES (393, 1844);
insert into Citizen (idno, title, firstname, lastname, dateofbirth, gender) VALUES (1845, '', 'Löffler', 'Oskar', '1.1.1960.', 'p');
insert into CandidatesData (idno) VALUES (1845);
insert into Candidacy (wkid, idno) VALUES (594, 1845);
insert into Citizen (idno, title, firstname, lastname, dateofbirth, gender) VALUES (1846, '', 'Löhr', 'Christoph', '1.1.1983.', 'p');
insert into CandidatesData (idno) VALUES (1846);
insert into PartyMembership (pid, idno) VALUES (7, 1846);
insert into Landeslistenplatz (llid, idno, position) VALUES (7, 1846, 5);
insert into Citizen (idno, title, firstname, lastname, dateofbirth, gender) VALUES (1847, '', 'Löhr', 'Marlene', '1.1.1985.', 'p');
insert into CandidatesData (idno) VALUES (1847);
insert into PartyMembership (pid, idno) VALUES (5, 1847);
insert into Landeslistenplatz (llid, idno, position) VALUES (5, 1847, 9);
insert into Citizen (idno, title, firstname, lastname, dateofbirth, gender) VALUES (1848, '', 'Löning', 'Markus Michael Maria', '1.1.1960.', 'p');
insert into CandidatesData (idno) VALUES (1848);
insert into PartyMembership (pid, idno) VALUES (4, 1848);
insert into Candidacy (wkid, idno) VALUES (383, 1848);
insert into Citizen (idno, title, firstname, lastname, dateofbirth, gender) VALUES (1849, '', 'Loepelmann', 'Johannes', '1.1.1987.', 'p');
insert into CandidatesData (idno) VALUES (1849);
insert into PartyMembership (pid, idno) VALUES (7, 1849);
insert into Landeslistenplatz (llid, idno, position) VALUES (7, 1849, 6);
insert into Citizen (idno, title, firstname, lastname, dateofbirth, gender) VALUES (1850, '', 'Loeper', 'Norbert', '1.1.1953.', 'p');
insert into CandidatesData (idno) VALUES (1850);
insert into PartyMembership (pid, idno) VALUES (14, 1850);
insert into Landeslistenplatz (llid, idno, position) VALUES (21, 1850, 13);
insert into Citizen (idno, title, firstname, lastname, dateofbirth, gender) VALUES (1851, '', 'Lörch', 'Bernhard Paul', '1.1.1946.', 'p');
insert into CandidatesData (idno) VALUES (1851);
insert into PartyMembership (pid, idno) VALUES (8, 1851);
insert into Landeslistenplatz (llid, idno, position) VALUES (8, 1851, 9);
insert into Citizen (idno, title, firstname, lastname, dateofbirth, gender) VALUES (1852, '', 'Lörcher', 'Wolfgang', '1.1.1963.', 'p');
insert into CandidatesData (idno) VALUES (1852);
insert into PartyMembership (pid, idno) VALUES (3, 1852);
insert into Candidacy (wkid, idno) VALUES (474, 1852);
insert into Citizen (idno, title, firstname, lastname, dateofbirth, gender) VALUES (1853, '', 'Lörcks', 'Rudolf', '1.1.1964.', 'p');
insert into CandidatesData (idno) VALUES (1853);
insert into PartyMembership (pid, idno) VALUES (7, 1853);
insert into Landeslistenplatz (llid, idno, position) VALUES (7, 1853, 5);
insert into Citizen (idno, title, firstname, lastname, dateofbirth, gender) VALUES (1854, '', 'Lösekrug-Möller', 'Gabriele', '1.1.1951.', 'p');
insert into CandidatesData (idno) VALUES (1854);
insert into PartyMembership (pid, idno) VALUES (2, 1854);
insert into Candidacy (wkid, idno) VALUES (346, 1854);
insert into Landeslistenplatz (llid, idno, position) VALUES (1, 1854, 6);
insert into Citizen (idno, title, firstname, lastname, dateofbirth, gender) VALUES (1855, '', 'Lötzer', 'Ursula Cornelia', '1.1.1950.', 'p');
insert into CandidatesData (idno) VALUES (1855);
insert into PartyMembership (pid, idno) VALUES (3, 1855);
insert into Candidacy (wkid, idno) VALUES (395, 1855);
insert into Landeslistenplatz (llid, idno, position) VALUES (2, 1855, 1);
insert into Citizen (idno, title, firstname, lastname, dateofbirth, gender) VALUES (1856, '', 'Lötzsch', 'Dr. Gesine', '1.1.1961.', 'p');
insert into CandidatesData (idno) VALUES (1856);
insert into PartyMembership (pid, idno) VALUES (3, 1856);
insert into Candidacy (wkid, idno) VALUES (386, 1856);
insert into Landeslistenplatz (llid, idno, position) VALUES (2, 1856, 3);
insert into Citizen (idno, title, firstname, lastname, dateofbirth, gender) VALUES (1857, '', 'Lohfing-Blanke', 'Klaus', '1.1.1958.', 'p');
insert into CandidatesData (idno) VALUES (1857);
insert into Candidacy (wkid, idno) VALUES (489, 1857);
insert into Citizen (idno, title, firstname, lastname, dateofbirth, gender) VALUES (1858, '', 'Lohmann', 'Dorothee', '1.1.1942.', 'p');
insert into CandidatesData (idno) VALUES (1858);
insert into PartyMembership (pid, idno) VALUES (13, 1858);
insert into Landeslistenplatz (llid, idno, position) VALUES (13, 1858, 12);
insert into Citizen (idno, title, firstname, lastname, dateofbirth, gender) VALUES (1859, '', 'Lohmeier', 'Roland', '1.1.1945.', 'p');
insert into CandidatesData (idno) VALUES (1859);
insert into PartyMembership (pid, idno) VALUES (14, 1859);
insert into Candidacy (wkid, idno) VALUES (524, 1859);
insert into Citizen (idno, title, firstname, lastname, dateofbirth, gender) VALUES (1860, '', 'Lohmeyer', 'Johannes Hubertus', '1.1.1964.', 'p');
insert into CandidatesData (idno) VALUES (1860);
insert into PartyMembership (pid, idno) VALUES (4, 1860);
insert into Candidacy (wkid, idno) VALUES (459, 1860);
insert into Citizen (idno, title, firstname, lastname, dateofbirth, gender) VALUES (1861, '', 'Look', 'Mario', '1.1.1964.', 'p');
insert into CandidatesData (idno) VALUES (1861);
insert into PartyMembership (pid, idno) VALUES (8, 1861);
insert into Landeslistenplatz (llid, idno, position) VALUES (8, 1861, 2);
insert into Citizen (idno, title, firstname, lastname, dateofbirth, gender) VALUES (1862, '', 'Lorent', 'Stefan', '1.1.1961.', 'p');
insert into CandidatesData (idno) VALUES (1862);
insert into PartyMembership (pid, idno) VALUES (3, 1862);
insert into Landeslistenplatz (llid, idno, position) VALUES (2, 1862, 12);
insert into Citizen (idno, title, firstname, lastname, dateofbirth, gender) VALUES (1863, '', 'Lorenz', 'Bernd Gerhard', '1.1.1970.', 'p');
insert into CandidatesData (idno) VALUES (1863);
insert into PartyMembership (pid, idno) VALUES (1, 1863);
insert into Candidacy (wkid, idno) VALUES (539, 1863);
insert into Citizen (idno, title, firstname, lastname, dateofbirth, gender) VALUES (1864, '', 'Lorenz', 'Gertrud', '1.1.1926.', 'p');
insert into CandidatesData (idno) VALUES (1864);
insert into PartyMembership (pid, idno) VALUES (12, 1864);
insert into Landeslistenplatz (llid, idno, position) VALUES (12, 1864, 61);
insert into Citizen (idno, title, firstname, lastname, dateofbirth, gender) VALUES (1865, '', 'Lorenz', 'Joseph', '1.1.1941.', 'p');
insert into CandidatesData (idno) VALUES (1865);
insert into PartyMembership (pid, idno) VALUES (19, 1865);
insert into Candidacy (wkid, idno) VALUES (535, 1865);
insert into Citizen (idno, title, firstname, lastname, dateofbirth, gender) VALUES (1866, '', 'Lorenz', 'Kathrin', '1.1.1969.', 'p');
insert into CandidatesData (idno) VALUES (1866);
insert into PartyMembership (pid, idno) VALUES (12, 1866);
insert into Landeslistenplatz (llid, idno, position) VALUES (12, 1866, 15);
insert into Citizen (idno, title, firstname, lastname, dateofbirth, gender) VALUES (1867, '', 'Lorsbach', 'Kurt-Heinz', '1.1.1958.', 'p');
insert into CandidatesData (idno) VALUES (1867);
insert into PartyMembership (pid, idno) VALUES (19, 1867);
insert into Landeslistenplatz (llid, idno, position) VALUES (18, 1867, 14);
insert into Citizen (idno, title, firstname, lastname, dateofbirth, gender) VALUES (1868, '', 'Lotter', 'Dr. Erwin Georg', '1.1.1951.', 'p');
insert into CandidatesData (idno) VALUES (1868);
insert into PartyMembership (pid, idno) VALUES (4, 1868);
insert into Candidacy (wkid, idno) VALUES (552, 1868);
insert into Landeslistenplatz (llid, idno, position) VALUES (4, 1868, 12);
insert into Citizen (idno, title, firstname, lastname, dateofbirth, gender) VALUES (1869, '', 'Lotze', 'Hiltrud', '1.1.1958.', 'p');
insert into CandidatesData (idno) VALUES (1869);
insert into PartyMembership (pid, idno) VALUES (2, 1869);
insert into Candidacy (wkid, idno) VALUES (337, 1869);
insert into Landeslistenplatz (llid, idno, position) VALUES (1, 1869, 25);
insert into Citizen (idno, title, firstname, lastname, dateofbirth, gender) VALUES (1870, '', 'Louis', 'Klaus', '1.1.1959.', 'p');
insert into CandidatesData (idno) VALUES (1870);
insert into PartyMembership (pid, idno) VALUES (1, 1870);
insert into Candidacy (wkid, idno) VALUES (586, 1870);
insert into Citizen (idno, title, firstname, lastname, dateofbirth, gender) VALUES (1871, '', 'Lowack', 'Gert', '1.1.1971.', 'p');
insert into CandidatesData (idno) VALUES (1871);
insert into PartyMembership (pid, idno) VALUES (5, 1871);
insert into Candidacy (wkid, idno) VALUES (536, 1871);
insert into Landeslistenplatz (llid, idno, position) VALUES (5, 1871, 18);
insert into Citizen (idno, title, firstname, lastname, dateofbirth, gender) VALUES (1872, '', 'Luczak', 'Dr. Jan-Marco', '1.1.1975.', 'p');
insert into CandidatesData (idno) VALUES (1872);
insert into PartyMembership (pid, idno) VALUES (12, 1872);
insert into Candidacy (wkid, idno) VALUES (381, 1872);
insert into Landeslistenplatz (llid, idno, position) VALUES (12, 1872, 7);
insert into Citizen (idno, title, firstname, lastname, dateofbirth, gender) VALUES (1873, '', 'Luczak', 'Jochen', '1.1.1950.', 'p');
insert into CandidatesData (idno) VALUES (1873);
insert into PartyMembership (pid, idno) VALUES (5, 1873);
insert into Candidacy (wkid, idno) VALUES (387, 1873);
insert into Landeslistenplatz (llid, idno, position) VALUES (5, 1873, 20);
insert into Citizen (idno, title, firstname, lastname, dateofbirth, gender) VALUES (1874, '', 'Ludewig', 'Gottfried', '1.1.1982.', 'p');
insert into CandidatesData (idno) VALUES (1874);
insert into PartyMembership (pid, idno) VALUES (12, 1874);
insert into Candidacy (wkid, idno) VALUES (376, 1874);
insert into Citizen (idno, title, firstname, lastname, dateofbirth, gender) VALUES (1875, '', 'Ludosan', 'Felix-Anton', '1.1.1969.', 'p');
insert into CandidatesData (idno) VALUES (1875);
insert into PartyMembership (pid, idno) VALUES (22, 1875);
insert into Landeslistenplatz (llid, idno, position) VALUES (22, 1875, 4);
insert into Citizen (idno, title, firstname, lastname, dateofbirth, gender) VALUES (1876, '', 'Ludwig', 'Arne', '1.1.1968.', 'p');
insert into CandidatesData (idno) VALUES (1876);
insert into PartyMembership (pid, idno) VALUES (7, 1876);
insert into Landeslistenplatz (llid, idno, position) VALUES (7, 1876, 6);
insert into Citizen (idno, title, firstname, lastname, dateofbirth, gender) VALUES (1877, '', 'Lübbe', 'Lars', '1.1.1986.', 'p');
insert into CandidatesData (idno) VALUES (1877);
insert into PartyMembership (pid, idno) VALUES (12, 1877);
insert into Landeslistenplatz (llid, idno, position) VALUES (12, 1877, 44);
insert into Citizen (idno, title, firstname, lastname, dateofbirth, gender) VALUES (1878, '', 'Lück', 'Andreas', '1.1.1961.', 'p');
insert into CandidatesData (idno) VALUES (1878);
insert into PartyMembership (pid, idno) VALUES (4, 1878);
insert into Candidacy (wkid, idno) VALUES (382, 1878);
insert into Landeslistenplatz (llid, idno, position) VALUES (4, 1878, 7);
insert into Citizen (idno, title, firstname, lastname, dateofbirth, gender) VALUES (1879, '', 'Lüder', 'Karl Heinz', '1.1.1943.', 'p');
insert into CandidatesData (idno) VALUES (1879);
insert into Candidacy (wkid, idno) VALUES (316, 1879);
insert into Citizen (idno, title, firstname, lastname, dateofbirth, gender) VALUES (1880, '', 'Lühmann', 'Kirsten', '1.1.1964.', 'p');
insert into CandidatesData (idno) VALUES (1880);
insert into PartyMembership (pid, idno) VALUES (2, 1880);
insert into Candidacy (wkid, idno) VALUES (344, 1880);
insert into Landeslistenplatz (llid, idno, position) VALUES (1, 1880, 8);
insert into Citizen (idno, title, firstname, lastname, dateofbirth, gender) VALUES (1881, '', 'Lütke', 'Jens', '1.1.1978.', 'p');
insert into CandidatesData (idno) VALUES (1881);
insert into PartyMembership (pid, idno) VALUES (1, 1881);
insert into Candidacy (wkid, idno) VALUES (305, 1881);
insert into Landeslistenplatz (llid, idno, position) VALUES (3, 1881, 2);
insert into Citizen (idno, title, firstname, lastname, dateofbirth, gender) VALUES (1882, '', 'Lukaßen', 'David', '1.1.1981.', 'p');
insert into CandidatesData (idno) VALUES (1882);
insert into PartyMembership (pid, idno) VALUES (5, 1882);
insert into Landeslistenplatz (llid, idno, position) VALUES (5, 1882, 4);
insert into Citizen (idno, title, firstname, lastname, dateofbirth, gender) VALUES (1883, '', 'Lukner', 'Oliver', '1.1.1970.', 'p');
insert into CandidatesData (idno) VALUES (1883);
insert into PartyMembership (pid, idno) VALUES (4, 1883);
insert into Candidacy (wkid, idno) VALUES (591, 1883);
insert into Landeslistenplatz (llid, idno, position) VALUES (4, 1883, 27);
insert into Citizen (idno, title, firstname, lastname, dateofbirth, gender) VALUES (1884, '', 'Luksic', 'Oliver', '1.1.1979.', 'p');
insert into CandidatesData (idno) VALUES (1884);
insert into PartyMembership (pid, idno) VALUES (4, 1884);
insert into Candidacy (wkid, idno) VALUES (597, 1884);
insert into Landeslistenplatz (llid, idno, position) VALUES (4, 1884, 1);
insert into Citizen (idno, title, firstname, lastname, dateofbirth, gender) VALUES (1885, '', 'Lurz', 'Manfred', '1.1.1945.', 'p');
insert into CandidatesData (idno) VALUES (1885);
insert into PartyMembership (pid, idno) VALUES (3, 1885);
insert into Candidacy (wkid, idno) VALUES (435, 1885);
insert into Citizen (idno, title, firstname, lastname, dateofbirth, gender) VALUES (1886, '', 'Luther', 'Dr. Michael Andreas', '1.1.1956.', 'p');
insert into CandidatesData (idno) VALUES (1886);
insert into PartyMembership (pid, idno) VALUES (12, 1886);
insert into Candidacy (wkid, idno) VALUES (465, 1886);
insert into Landeslistenplatz (llid, idno, position) VALUES (12, 1886, 4);
insert into Citizen (idno, title, firstname, lastname, dateofbirth, gender) VALUES (1887, '', 'Lutz', 'Hans-Jürgen', '1.1.1948.', 'p');
insert into CandidatesData (idno) VALUES (1887);
insert into PartyMembership (pid, idno) VALUES (16, 1887);
insert into Landeslistenplatz (llid, idno, position) VALUES (15, 1887, 5);
insert into Citizen (idno, title, firstname, lastname, dateofbirth, gender) VALUES (1888, '', 'Lutz', 'Janet', '1.1.1970.', 'p');
insert into CandidatesData (idno) VALUES (1888);
insert into PartyMembership (pid, idno) VALUES (5, 1888);
insert into Candidacy (wkid, idno) VALUES (490, 1888);
insert into Citizen (idno, title, firstname, lastname, dateofbirth, gender) VALUES (1889, '', 'Lutze', 'Thomas', '1.1.1969.', 'p');
insert into CandidatesData (idno) VALUES (1889);
insert into PartyMembership (pid, idno) VALUES (3, 1889);
insert into Landeslistenplatz (llid, idno, position) VALUES (2, 1889, 2);
insert into Citizen (idno, title, firstname, lastname, dateofbirth, gender) VALUES (1890, '', 'Lux', 'Benedikt', '1.1.1981.', 'p');
insert into CandidatesData (idno) VALUES (1890);
insert into PartyMembership (pid, idno) VALUES (5, 1890);
insert into Candidacy (wkid, idno) VALUES (379, 1890);
insert into Citizen (idno, title, firstname, lastname, dateofbirth, gender) VALUES (1891, '', 'Lux', 'Josefa', '1.1.1958.', 'p');
insert into CandidatesData (idno) VALUES (1891);
insert into PartyMembership (pid, idno) VALUES (2, 1891);
insert into Landeslistenplatz (llid, idno, position) VALUES (1, 1891, 38);
insert into Citizen (idno, title, firstname, lastname, dateofbirth, gender) VALUES (1892, '', 'Lux', 'Stefan', '1.1.1959.', 'p');
insert into CandidatesData (idno) VALUES (1892);
insert into PartyMembership (pid, idno) VALUES (1, 1892);
insert into Landeslistenplatz (llid, idno, position) VALUES (3, 1892, 6);
insert into Citizen (idno, title, firstname, lastname, dateofbirth, gender) VALUES (1893, '', 'Maag', 'Karin', '1.1.1962.', 'p');
insert into CandidatesData (idno) VALUES (1893);
insert into PartyMembership (pid, idno) VALUES (12, 1893);
insert into Candidacy (wkid, idno) VALUES (558, 1893);
insert into Landeslistenplatz (llid, idno, position) VALUES (12, 1893, 8);
insert into Citizen (idno, title, firstname, lastname, dateofbirth, gender) VALUES (1894, '', 'Maar', 'Herbert', '1.1.1946.', 'p');
insert into CandidatesData (idno) VALUES (1894);
insert into PartyMembership (pid, idno) VALUES (14, 1894);
insert into Landeslistenplatz (llid, idno, position) VALUES (21, 1894, 13);
insert into Citizen (idno, title, firstname, lastname, dateofbirth, gender) VALUES (1895, '', 'Maaß', 'Jens', '1.1.1975.', 'p');
insert into CandidatesData (idno) VALUES (1895);
insert into PartyMembership (pid, idno) VALUES (16, 1895);
insert into Landeslistenplatz (llid, idno, position) VALUES (15, 1895, 6);
insert into Citizen (idno, title, firstname, lastname, dateofbirth, gender) VALUES (1896, '', 'Maaß', 'Simone', '1.1.1967.', 'p');
insert into CandidatesData (idno) VALUES (1896);
insert into PartyMembership (pid, idno) VALUES (5, 1896);
insert into Candidacy (wkid, idno) VALUES (496, 1896);
insert into Citizen (idno, title, firstname, lastname, dateofbirth, gender) VALUES (1897, '', 'Macamo', 'Bärbel Heike', '1.1.1961.', 'p');
insert into CandidatesData (idno) VALUES (1897);
insert into Candidacy (wkid, idno) VALUES (488, 1897);
insert into Citizen (idno, title, firstname, lastname, dateofbirth, gender) VALUES (1898, '', 'MacGregor', 'Wolfgang', '1.1.1944.', 'p');
insert into CandidatesData (idno) VALUES (1898);
insert into PartyMembership (pid, idno) VALUES (3, 1898);
insert into Candidacy (wkid, idno) VALUES (436, 1898);
insert into Citizen (idno, title, firstname, lastname, dateofbirth, gender) VALUES (1899, '', 'Machleid', 'Andrea', '1.1.1960.', 'p');
insert into CandidatesData (idno) VALUES (1899);
insert into PartyMembership (pid, idno) VALUES (1, 1899);
insert into Candidacy (wkid, idno) VALUES (372, 1899);
insert into Citizen (idno, title, firstname, lastname, dateofbirth, gender) VALUES (1900, '', 'Machner', 'Karin', '1.1.1940.', 'p');
insert into CandidatesData (idno) VALUES (1900);
insert into PartyMembership (pid, idno) VALUES (1, 1900);
insert into Candidacy (wkid, idno) VALUES (532, 1900);
insert into Citizen (idno, title, firstname, lastname, dateofbirth, gender) VALUES (1901, '', 'Macholdt', 'Robert', '1.1.1981.', 'p');
insert into CandidatesData (idno) VALUES (1901);
insert into PartyMembership (pid, idno) VALUES (7, 1901);
insert into Landeslistenplatz (llid, idno, position) VALUES (7, 1901, 2);
insert into Citizen (idno, title, firstname, lastname, dateofbirth, gender) VALUES (1902, '', 'Machon', 'Dr. Christian Hermann', '1.1.1974.', 'p');
insert into CandidatesData (idno) VALUES (1902);
insert into PartyMembership (pid, idno) VALUES (9, 1902);
insert into Landeslistenplatz (llid, idno, position) VALUES (9, 1902, 43);
insert into Citizen (idno, title, firstname, lastname, dateofbirth, gender) VALUES (1903, '', 'Mack', 'Hermann', '1.1.1953.', 'p');
insert into CandidatesData (idno) VALUES (1903);
insert into PartyMembership (pid, idno) VALUES (19, 1903);
insert into Landeslistenplatz (llid, idno, position) VALUES (18, 1903, 14);
insert into Citizen (idno, title, firstname, lastname, dateofbirth, gender) VALUES (1904, '', 'Mackert', 'Dr. Roland', '1.1.1951.', 'p');
insert into CandidatesData (idno) VALUES (1904);
insert into Candidacy (wkid, idno) VALUES (565, 1904);
insert into Citizen (idno, title, firstname, lastname, dateofbirth, gender) VALUES (1905, '', 'Mädel', 'Wolfgang', '1.1.1950.', 'p');
insert into CandidatesData (idno) VALUES (1905);
insert into PartyMembership (pid, idno) VALUES (2, 1905);
insert into Landeslistenplatz (llid, idno, position) VALUES (1, 1905, 15);
insert into Citizen (idno, title, firstname, lastname, dateofbirth, gender) VALUES (1906, '', 'Mäncher', 'Eric', '1.1.1965.', 'p');
insert into CandidatesData (idno) VALUES (1906);
insert into PartyMembership (pid, idno) VALUES (2, 1906);
insert into Landeslistenplatz (llid, idno, position) VALUES (1, 1906, 33);
insert into Citizen (idno, title, firstname, lastname, dateofbirth, gender) VALUES (1907, '', 'Mändlen', 'David', '1.1.1988.', 'p');
insert into CandidatesData (idno) VALUES (1907);
insert into PartyMembership (pid, idno) VALUES (7, 1907);
insert into Landeslistenplatz (llid, idno, position) VALUES (7, 1907, 12);
insert into Citizen (idno, title, firstname, lastname, dateofbirth, gender) VALUES (1908, '', 'Mahlberg', 'Thomas', '1.1.1965.', 'p');
insert into CandidatesData (idno) VALUES (1908);
insert into PartyMembership (pid, idno) VALUES (12, 1908);
insert into Candidacy (wkid, idno) VALUES (415, 1908);
insert into Landeslistenplatz (llid, idno, position) VALUES (12, 1908, 36);
insert into Citizen (idno, title, firstname, lastname, dateofbirth, gender) VALUES (1909, '', 'Mai', 'Franz-Josef', '1.1.1943.', 'p');
insert into CandidatesData (idno) VALUES (1909);
insert into PartyMembership (pid, idno) VALUES (8, 1909);
insert into Landeslistenplatz (llid, idno, position) VALUES (8, 1909, 2);
insert into Citizen (idno, title, firstname, lastname, dateofbirth, gender) VALUES (1910, '', 'Mai', 'Susann', '1.1.1967.', 'p');
insert into CandidatesData (idno) VALUES (1910);
insert into PartyMembership (pid, idno) VALUES (8, 1910);
insert into Landeslistenplatz (llid, idno, position) VALUES (8, 1910, 7);
insert into Citizen (idno, title, firstname, lastname, dateofbirth, gender) VALUES (1911, '', 'Maier', 'Edeltraud', '1.1.1938.', 'p');
insert into CandidatesData (idno) VALUES (1911);
insert into PartyMembership (pid, idno) VALUES (8, 1911);
insert into Landeslistenplatz (llid, idno, position) VALUES (8, 1911, 5);
insert into Citizen (idno, title, firstname, lastname, dateofbirth, gender) VALUES (1912, '', 'Maier', 'Franz', '1.1.1963.', 'p');
insert into CandidatesData (idno) VALUES (1912);
insert into PartyMembership (pid, idno) VALUES (10, 1912);
insert into Candidacy (wkid, idno) VALUES (512, 1912);
insert into Landeslistenplatz (llid, idno, position) VALUES (10, 1912, 5);
insert into Citizen (idno, title, firstname, lastname, dateofbirth, gender) VALUES (1913, '', 'Maier', 'Norbert', '1.1.1970.', 'p');
insert into CandidatesData (idno) VALUES (1913);
insert into PartyMembership (pid, idno) VALUES (12, 1913);
insert into Landeslistenplatz (llid, idno, position) VALUES (12, 1913, 57);
insert into Citizen (idno, title, firstname, lastname, dateofbirth, gender) VALUES (1914, '', 'Maier', 'Sascha Andre', '1.1.1984.', 'p');
insert into CandidatesData (idno) VALUES (1914);
insert into PartyMembership (pid, idno) VALUES (1, 1914);
insert into Candidacy (wkid, idno) VALUES (426, 1914);
insert into Citizen (idno, title, firstname, lastname, dateofbirth, gender) VALUES (1915, '', 'Mair', 'Bejamin', '1.1.1983.', 'p');
insert into CandidatesData (idno) VALUES (1915);
insert into PartyMembership (pid, idno) VALUES (15, 1915);
insert into Landeslistenplatz (llid, idno, position) VALUES (14, 1915, 28);
insert into Citizen (idno, title, firstname, lastname, dateofbirth, gender) VALUES (1916, '', 'Mair', 'Katrin', '1.1.1981.', 'p');
insert into CandidatesData (idno) VALUES (1916);
insert into PartyMembership (pid, idno) VALUES (9, 1916);
insert into Landeslistenplatz (llid, idno, position) VALUES (9, 1916, 26);
insert into Citizen (idno, title, firstname, lastname, dateofbirth, gender) VALUES (1917, '', 'Maisch', 'Nicole', '1.1.1981.', 'p');
insert into CandidatesData (idno) VALUES (1917);
insert into PartyMembership (pid, idno) VALUES (5, 1917);
insert into Candidacy (wkid, idno) VALUES (468, 1917);
insert into Landeslistenplatz (llid, idno, position) VALUES (5, 1917, 3);
insert into Citizen (idno, title, firstname, lastname, dateofbirth, gender) VALUES (1918, '', 'Maizière de', 'Dr. Karl Ernst Thomas', '1.1.1954.', 'p');
insert into CandidatesData (idno) VALUES (1918);
insert into PartyMembership (pid, idno) VALUES (12, 1918);
insert into Candidacy (wkid, idno) VALUES (455, 1918);
insert into Landeslistenplatz (llid, idno, position) VALUES (12, 1918, 1);
insert into Citizen (idno, title, firstname, lastname, dateofbirth, gender) VALUES (1919, '', 'Majer', 'Thorsten', '1.1.1978.', 'p');
insert into CandidatesData (idno) VALUES (1919);
insert into PartyMembership (pid, idno) VALUES (2, 1919);
insert into Candidacy (wkid, idno) VALUES (565, 1919);
insert into Landeslistenplatz (llid, idno, position) VALUES (1, 1919, 27);
insert into Citizen (idno, title, firstname, lastname, dateofbirth, gender) VALUES (1920, '', 'Majewski', 'Eva', '1.1.1985.', 'p');
insert into CandidatesData (idno) VALUES (1920);
insert into PartyMembership (pid, idno) VALUES (12, 1920);
insert into Landeslistenplatz (llid, idno, position) VALUES (12, 1920, 11);
insert into Citizen (idno, title, firstname, lastname, dateofbirth, gender) VALUES (1921, '', 'Makhloufi', 'Lydia', '1.1.1973.', 'p');
insert into CandidatesData (idno) VALUES (1921);
insert into PartyMembership (pid, idno) VALUES (10, 1921);
insert into Landeslistenplatz (llid, idno, position) VALUES (10, 1921, 7);
insert into Citizen (idno, title, firstname, lastname, dateofbirth, gender) VALUES (1922, '', 'Malczak', 'Agnes', '1.1.1985.', 'p');
insert into CandidatesData (idno) VALUES (1922);
insert into PartyMembership (pid, idno) VALUES (5, 1922);
insert into Candidacy (wkid, idno) VALUES (593, 1922);
insert into Landeslistenplatz (llid, idno, position) VALUES (5, 1922, 11);
insert into Citizen (idno, title, firstname, lastname, dateofbirth, gender) VALUES (1923, '', 'Malecha-Nissen', 'Dr. Birgit', '1.1.1958.', 'p');
insert into CandidatesData (idno) VALUES (1923);
insert into PartyMembership (pid, idno) VALUES (2, 1923);
insert into Candidacy (wkid, idno) VALUES (305, 1923);
insert into Landeslistenplatz (llid, idno, position) VALUES (1, 1923, 9);
insert into Citizen (idno, title, firstname, lastname, dateofbirth, gender) VALUES (1924, '', 'Malirs', 'Hans-Jürgen', '1.1.1945.', 'p');
insert into CandidatesData (idno) VALUES (1924);
insert into PartyMembership (pid, idno) VALUES (25, 1924);
insert into Landeslistenplatz (llid, idno, position) VALUES (23, 1924, 1);
insert into Citizen (idno, title, firstname, lastname, dateofbirth, gender) VALUES (1925, '', 'Maller', 'Anton', '1.1.1957.', 'p');
insert into CandidatesData (idno) VALUES (1925);
insert into PartyMembership (pid, idno) VALUES (15, 1925);
insert into Landeslistenplatz (llid, idno, position) VALUES (14, 1925, 29);
insert into Citizen (idno, title, firstname, lastname, dateofbirth, gender) VALUES (1926, '', 'Mallmenn', 'Roger', '1.1.1976.', 'p');
insert into CandidatesData (idno) VALUES (1926);
insert into PartyMembership (pid, idno) VALUES (3, 1926);
insert into Candidacy (wkid, idno) VALUES (500, 1926);
insert into Citizen (idno, title, firstname, lastname, dateofbirth, gender) VALUES (1927, '', 'Malsch', 'Siegfried Heinrich Eduard', '1.1.1937.', 'p');
insert into CandidatesData (idno) VALUES (1927);
insert into PartyMembership (pid, idno) VALUES (14, 1927);
insert into Landeslistenplatz (llid, idno, position) VALUES (21, 1927, 18);
insert into Citizen (idno, title, firstname, lastname, dateofbirth, gender) VALUES (1928, '', 'Manegold', 'Prof. Bodo', '1.1.1948.', 'p');
insert into CandidatesData (idno) VALUES (1928);
insert into PartyMembership (pid, idno) VALUES (12, 1928);
insert into Landeslistenplatz (llid, idno, position) VALUES (12, 1928, 14);
insert into Citizen (idno, title, firstname, lastname, dateofbirth, gender) VALUES (1929, '', 'Manes', 'Ulrich', '1.1.1946.', 'p');
insert into CandidatesData (idno) VALUES (1929);
insert into PartyMembership (pid, idno) VALUES (19, 1929);
insert into Landeslistenplatz (llid, idno, position) VALUES (18, 1929, 4);
insert into Citizen (idno, title, firstname, lastname, dateofbirth, gender) VALUES (1930, '', 'Mang', 'Michael', '1.1.1981.', 'p');
insert into CandidatesData (idno) VALUES (1930);
insert into PartyMembership (pid, idno) VALUES (2, 1930);
insert into Landeslistenplatz (llid, idno, position) VALUES (1, 1930, 22);
insert into Citizen (idno, title, firstname, lastname, dateofbirth, gender) VALUES (1931, '', 'Mang', 'Sylvia', '1.1.1951.', 'p');
insert into CandidatesData (idno) VALUES (1931);
insert into PartyMembership (pid, idno) VALUES (3, 1931);
insert into Candidacy (wkid, idno) VALUES (554, 1931);
insert into Landeslistenplatz (llid, idno, position) VALUES (2, 1931, 15);
insert into Citizen (idno, title, firstname, lastname, dateofbirth, gender) VALUES (1932, '', 'Mangold-Nietzschmann', 'Maria-Barbara', '1.1.1944.', 'p');
insert into CandidatesData (idno) VALUES (1932);
insert into Candidacy (wkid, idno) VALUES (551, 1932);
insert into Citizen (idno, title, firstname, lastname, dateofbirth, gender) VALUES (1933, '', 'Mann', 'Manuel', '1.1.1979.', 'p');
insert into CandidatesData (idno) VALUES (1933);
insert into PartyMembership (pid, idno) VALUES (1, 1933);
insert into Candidacy (wkid, idno) VALUES (471, 1933);
insert into Citizen (idno, title, firstname, lastname, dateofbirth, gender) VALUES (1934, '', 'Mantovanelli', 'Marco Gérard', '1.1.1965.', 'p');
insert into CandidatesData (idno) VALUES (1934);
insert into PartyMembership (pid, idno) VALUES (5, 1934);
insert into Candidacy (wkid, idno) VALUES (431, 1934);
insert into Landeslistenplatz (llid, idno, position) VALUES (5, 1934, 16);
insert into Citizen (idno, title, firstname, lastname, dateofbirth, gender) VALUES (1935, '', 'Mantseris', 'Nicolas', '1.1.1970.', 'p');
insert into CandidatesData (idno) VALUES (1935);
insert into PartyMembership (pid, idno) VALUES (5, 1935);
insert into Candidacy (wkid, idno) VALUES (317, 1935);
insert into Landeslistenplatz (llid, idno, position) VALUES (5, 1935, 4);
insert into Citizen (idno, title, firstname, lastname, dateofbirth, gender) VALUES (1936, '', 'Manz', 'Josef', '1.1.1932.', 'p');
insert into CandidatesData (idno) VALUES (1936);
insert into PartyMembership (pid, idno) VALUES (12, 1936);
insert into Landeslistenplatz (llid, idno, position) VALUES (12, 1936, 63);
insert into Citizen (idno, title, firstname, lastname, dateofbirth, gender) VALUES (1937, '', 'Manzewski', 'Dirk', '1.1.1960.', 'p');
insert into CandidatesData (idno) VALUES (1937);
insert into PartyMembership (pid, idno) VALUES (2, 1937);
insert into Candidacy (wkid, idno) VALUES (316, 1937);
insert into Landeslistenplatz (llid, idno, position) VALUES (1, 1937, 3);
insert into Citizen (idno, title, firstname, lastname, dateofbirth, gender) VALUES (1938, '', 'Marcian', 'Margitta', '1.1.1946.', 'p');
insert into CandidatesData (idno) VALUES (1938);
insert into PartyMembership (pid, idno) VALUES (16, 1938);
insert into Candidacy (wkid, idno) VALUES (479, 1938);
insert into Landeslistenplatz (llid, idno, position) VALUES (15, 1938, 1);
insert into Citizen (idno, title, firstname, lastname, dateofbirth, gender) VALUES (1939, '', 'Markau', 'André', '1.1.1964.', 'p');
insert into CandidatesData (idno) VALUES (1939);
insert into PartyMembership (pid, idno) VALUES (1, 1939);
insert into Candidacy (wkid, idno) VALUES (377, 1939);
insert into Citizen (idno, title, firstname, lastname, dateofbirth, gender) VALUES (1940, '', 'Markert', 'Hans Christian', '1.1.1968.', 'p');
insert into CandidatesData (idno) VALUES (1940);
insert into PartyMembership (pid, idno) VALUES (5, 1940);
insert into Candidacy (wkid, idno) VALUES (410, 1940);
insert into Citizen (idno, title, firstname, lastname, dateofbirth, gender) VALUES (1941, '', 'Market', 'Alfred', '1.1.1953.', 'p');
insert into CandidatesData (idno) VALUES (1941);
insert into PartyMembership (pid, idno) VALUES (19, 1941);
insert into Landeslistenplatz (llid, idno, position) VALUES (18, 1941, 20);
insert into Citizen (idno, title, firstname, lastname, dateofbirth, gender) VALUES (1942, '', 'Marklein', 'Steffen', '1.1.1961.', 'p');
insert into CandidatesData (idno) VALUES (1942);
insert into PartyMembership (pid, idno) VALUES (5, 1942);
insert into Candidacy (wkid, idno) VALUES (316, 1942);
insert into Landeslistenplatz (llid, idno, position) VALUES (5, 1942, 6);
insert into Citizen (idno, title, firstname, lastname, dateofbirth, gender) VALUES (1943, '', 'Marks', 'Caren', '1.1.1963.', 'p');
insert into CandidatesData (idno) VALUES (1943);
insert into PartyMembership (pid, idno) VALUES (2, 1943);
insert into Candidacy (wkid, idno) VALUES (343, 1943);
insert into Landeslistenplatz (llid, idno, position) VALUES (1, 1943, 12);
insert into Citizen (idno, title, firstname, lastname, dateofbirth, gender) VALUES (1944, '', 'Marmann', 'Yvonne', '1.1.1976.', 'p');
insert into CandidatesData (idno) VALUES (1944);
insert into PartyMembership (pid, idno) VALUES (12, 1944);
insert into Landeslistenplatz (llid, idno, position) VALUES (12, 1944, 20);
insert into Citizen (idno, title, firstname, lastname, dateofbirth, gender) VALUES (1945, '', 'Marohn', 'Ralf', '1.1.1967.', 'p');
insert into CandidatesData (idno) VALUES (1945);
insert into PartyMembership (pid, idno) VALUES (4, 1945);
insert into Candidacy (wkid, idno) VALUES (507, 1945);
insert into Landeslistenplatz (llid, idno, position) VALUES (4, 1945, 9);
insert into Citizen (idno, title, firstname, lastname, dateofbirth, gender) VALUES (1946, '', 'Marschall', 'Rainer', '1.1.1953.', 'p');
insert into CandidatesData (idno) VALUES (1946);
insert into PartyMembership (pid, idno) VALUES (1, 1946);
insert into Candidacy (wkid, idno) VALUES (506, 1946);
insert into Citizen (idno, title, firstname, lastname, dateofbirth, gender) VALUES (1947, '', 'Marschner', 'Frank', '1.1.1957.', 'p');
insert into CandidatesData (idno) VALUES (1947);
insert into PartyMembership (pid, idno) VALUES (1, 1947);
insert into Candidacy (wkid, idno) VALUES (484, 1947);
insert into Landeslistenplatz (llid, idno, position) VALUES (3, 1947, 10);
insert into Citizen (idno, title, firstname, lastname, dateofbirth, gender) VALUES (1948, '', 'Martens', 'Anke', '1.1.1954.', 'p');
insert into CandidatesData (idno) VALUES (1948);
insert into PartyMembership (pid, idno) VALUES (1, 1948);
insert into Landeslistenplatz (llid, idno, position) VALUES (3, 1948, 6);
insert into Citizen (idno, title, firstname, lastname, dateofbirth, gender) VALUES (1949, '', 'Martin', 'Axel', '1.1.1983.', 'p');
insert into CandidatesData (idno) VALUES (1949);
insert into PartyMembership (pid, idno) VALUES (7, 1949);
insert into Landeslistenplatz (llid, idno, position) VALUES (7, 1949, 9);
insert into Citizen (idno, title, firstname, lastname, dateofbirth, gender) VALUES (1950, '', 'Martin', 'Günter', '1.1.1954.', 'p');
insert into CandidatesData (idno) VALUES (1950);
insert into Candidacy (wkid, idno) VALUES (391, 1950);
insert into Citizen (idno, title, firstname, lastname, dateofbirth, gender) VALUES (1951, '', 'Martin', 'Paula', '1.1.1938.', 'p');
insert into CandidatesData (idno) VALUES (1951);
insert into PartyMembership (pid, idno) VALUES (17, 1951);
insert into Landeslistenplatz (llid, idno, position) VALUES (16, 1951, 10);
insert into Citizen (idno, title, firstname, lastname, dateofbirth, gender) VALUES (1952, '', 'Martin', 'Richard', '1.1.1933.', 'p');
insert into CandidatesData (idno) VALUES (1952);
insert into PartyMembership (pid, idno) VALUES (17, 1952);
insert into Landeslistenplatz (llid, idno, position) VALUES (16, 1952, 5);
insert into Citizen (idno, title, firstname, lastname, dateofbirth, gender) VALUES (1953, '', 'Martini', 'Guido', '1.1.1973.', 'p');
insert into CandidatesData (idno) VALUES (1953);
insert into PartyMembership (pid, idno) VALUES (14, 1953);
insert into Landeslistenplatz (llid, idno, position) VALUES (21, 1953, 4);
insert into Citizen (idno, title, firstname, lastname, dateofbirth, gender) VALUES (1954, '', 'Martini', 'Hans-Robert', '1.1.1944.', 'p');
insert into CandidatesData (idno) VALUES (1954);
insert into PartyMembership (pid, idno) VALUES (14, 1954);
insert into Landeslistenplatz (llid, idno, position) VALUES (21, 1954, 2);
insert into Citizen (idno, title, firstname, lastname, dateofbirth, gender) VALUES (1955, '', 'Marwein', 'Thomas', '1.1.1958.', 'p');
insert into CandidatesData (idno) VALUES (1955);
insert into PartyMembership (pid, idno) VALUES (5, 1955);
insert into Candidacy (wkid, idno) VALUES (583, 1955);
insert into Citizen (idno, title, firstname, lastname, dateofbirth, gender) VALUES (1956, '', 'Marwitz von der', 'Hans-Georg', '1.1.1961.', 'p');
insert into CandidatesData (idno) VALUES (1956);
insert into PartyMembership (pid, idno) VALUES (12, 1956);
insert into Candidacy (wkid, idno) VALUES (359, 1956);
insert into Landeslistenplatz (llid, idno, position) VALUES (12, 1956, 5);
insert into Citizen (idno, title, firstname, lastname, dateofbirth, gender) VALUES (1957, '', 'Marx', 'Peter', '1.1.1956.', 'p');
insert into CandidatesData (idno) VALUES (1957);
insert into PartyMembership (pid, idno) VALUES (1, 1957);
insert into Candidacy (wkid, idno) VALUES (595, 1957);
insert into Citizen (idno, title, firstname, lastname, dateofbirth, gender) VALUES (1958, '', 'Maßberg', 'Reinhard Helmut Anton', '1.1.1947.', 'p');
insert into CandidatesData (idno) VALUES (1958);
insert into PartyMembership (pid, idno) VALUES (10, 1958);
insert into Candidacy (wkid, idno) VALUES (529, 1958);
insert into Landeslistenplatz (llid, idno, position) VALUES (10, 1958, 4);
insert into Citizen (idno, title, firstname, lastname, dateofbirth, gender) VALUES (1959, '', 'Maßon', 'Norbert', '1.1.1957.', 'p');
insert into CandidatesData (idno) VALUES (1959);
insert into PartyMembership (pid, idno) VALUES (3, 1959);
insert into Candidacy (wkid, idno) VALUES (572, 1959);
insert into Citizen (idno, title, firstname, lastname, dateofbirth, gender) VALUES (1960, '', 'Mast', 'Katja', '1.1.1971.', 'p');
insert into CandidatesData (idno) VALUES (1960);
insert into PartyMembership (pid, idno) VALUES (2, 1960);
insert into Candidacy (wkid, idno) VALUES (578, 1960);
insert into Landeslistenplatz (llid, idno, position) VALUES (1, 1960, 13);
insert into Citizen (idno, title, firstname, lastname, dateofbirth, gender) VALUES (1961, '', 'Mast', 'Dr. Willi Alfred', '1.1.1947.', 'p');
insert into CandidatesData (idno) VALUES (1961);
insert into PartyMembership (pid, idno) VALUES (13, 1961);
insert into Landeslistenplatz (llid, idno, position) VALUES (13, 1961, 10);
insert into Citizen (idno, title, firstname, lastname, dateofbirth, gender) VALUES (1962, '', 'Matheis', 'Ralf', '1.1.1969.', 'p');
insert into CandidatesData (idno) VALUES (1962);
insert into Candidacy (wkid, idno) VALUES (588, 1962);
insert into Citizen (idno, title, firstname, lastname, dateofbirth, gender) VALUES (1963, '', 'Mathiesen', 'Gert', '1.1.1938.', 'p');
insert into CandidatesData (idno) VALUES (1963);
insert into PartyMembership (pid, idno) VALUES (6, 1963);
insert into Landeslistenplatz (llid, idno, position) VALUES (6, 1963, 15);
insert into Citizen (idno, title, firstname, lastname, dateofbirth, gender) VALUES (1964, '', 'Matschke', 'Danny', '1.1.1975.', 'p');
insert into CandidatesData (idno) VALUES (1964);
insert into PartyMembership (pid, idno) VALUES (1, 1964);
insert into Candidacy (wkid, idno) VALUES (381, 1964);
insert into Citizen (idno, title, firstname, lastname, dateofbirth, gender) VALUES (1965, '', 'Mattfeldt', 'Andreas', '1.1.1969.', 'p');
insert into CandidatesData (idno) VALUES (1965);
insert into PartyMembership (pid, idno) VALUES (12, 1965);
insert into Candidacy (wkid, idno) VALUES (334, 1965);
insert into Landeslistenplatz (llid, idno, position) VALUES (12, 1965, 28);
insert into Citizen (idno, title, firstname, lastname, dateofbirth, gender) VALUES (1966, '', 'Mattheis', 'Hildegard', '1.1.1954.', 'p');
insert into CandidatesData (idno) VALUES (1966);
insert into PartyMembership (pid, idno) VALUES (2, 1966);
insert into Candidacy (wkid, idno) VALUES (590, 1966);
insert into Landeslistenplatz (llid, idno, position) VALUES (1, 1966, 5);
insert into Citizen (idno, title, firstname, lastname, dateofbirth, gender) VALUES (1967, '', 'Matthes', 'Marcella', '1.1.1983.', 'p');
insert into CandidatesData (idno) VALUES (1967);
insert into PartyMembership (pid, idno) VALUES (4, 1967);
insert into Landeslistenplatz (llid, idno, position) VALUES (4, 1967, 23);
insert into Citizen (idno, title, firstname, lastname, dateofbirth, gender) VALUES (1968, '', 'Matthiessen', 'Detlef', '1.1.1954.', 'p');
insert into CandidatesData (idno) VALUES (1968);
insert into PartyMembership (pid, idno) VALUES (5, 1968);
insert into Candidacy (wkid, idno) VALUES (303, 1968);
insert into Landeslistenplatz (llid, idno, position) VALUES (5, 1968, 6);
insert into Citizen (idno, title, firstname, lastname, dateofbirth, gender) VALUES (1969, '', 'Matthiessen', 'Günter', '1.1.1947.', 'p');
insert into CandidatesData (idno) VALUES (1969);
insert into PartyMembership (pid, idno) VALUES (3, 1969);
insert into Landeslistenplatz (llid, idno, position) VALUES (2, 1969, 2);
insert into Citizen (idno, title, firstname, lastname, dateofbirth, gender) VALUES (1970, '', 'Mattiat', 'Dietmar Friedrich Heinz Gerd', '1.1.1946.', 'p');
insert into CandidatesData (idno) VALUES (1970);
insert into PartyMembership (pid, idno) VALUES (3, 1970);
insert into Candidacy (wkid, idno) VALUES (340, 1970);
insert into Citizen (idno, title, firstname, lastname, dateofbirth, gender) VALUES (1971, '', 'Maturana', 'Alexandre', '1.1.1987.', 'p');
insert into CandidatesData (idno) VALUES (1971);
insert into PartyMembership (pid, idno) VALUES (4, 1971);
insert into Landeslistenplatz (llid, idno, position) VALUES (4, 1971, 11);
insert into Citizen (idno, title, firstname, lastname, dateofbirth, gender) VALUES (1972, '', 'Matysiak', 'Gerwin', '1.1.1953.', 'p');
insert into CandidatesData (idno) VALUES (1972);
insert into PartyMembership (pid, idno) VALUES (2, 1972);
insert into Landeslistenplatz (llid, idno, position) VALUES (1, 1972, 46);
insert into Citizen (idno, title, firstname, lastname, dateofbirth, gender) VALUES (1973, '', 'Maul', 'Frank Thomas', '1.1.1964.', 'p');
insert into CandidatesData (idno) VALUES (1973);
insert into PartyMembership (pid, idno) VALUES (19, 1973);
insert into Landeslistenplatz (llid, idno, position) VALUES (18, 1973, 6);
insert into Citizen (idno, title, firstname, lastname, dateofbirth, gender) VALUES (1974, '', 'Maurer', 'Ulrich', '1.1.1948.', 'p');
insert into CandidatesData (idno) VALUES (1974);
insert into PartyMembership (pid, idno) VALUES (3, 1974);
insert into Candidacy (wkid, idno) VALUES (558, 1974);
insert into Landeslistenplatz (llid, idno, position) VALUES (2, 1974, 1);
insert into Citizen (idno, title, firstname, lastname, dateofbirth, gender) VALUES (1975, '', 'May', 'Michael Hans', '1.1.1949.', 'p');
insert into CandidatesData (idno) VALUES (1975);
insert into PartyMembership (pid, idno) VALUES (13, 1975);
insert into Landeslistenplatz (llid, idno, position) VALUES (13, 1975, 6);
insert into Citizen (idno, title, firstname, lastname, dateofbirth, gender) VALUES (1976, '', 'May', 'Dr. Oliver Matthias Werner', '1.1.1967.', 'p');
insert into CandidatesData (idno) VALUES (1976);
insert into PartyMembership (pid, idno) VALUES (4, 1976);
insert into Landeslistenplatz (llid, idno, position) VALUES (4, 1976, 13);
insert into Citizen (idno, title, firstname, lastname, dateofbirth, gender) VALUES (1977, '', 'Mayer', 'Bernhard', '1.1.1977.', 'p');
insert into CandidatesData (idno) VALUES (1977);
insert into PartyMembership (pid, idno) VALUES (8, 1977);
insert into Landeslistenplatz (llid, idno, position) VALUES (8, 1977, 24);
insert into Citizen (idno, title, firstname, lastname, dateofbirth, gender) VALUES (1978, '', 'Mayer', 'Dieter', '1.1.1938.', 'p');
insert into CandidatesData (idno) VALUES (1978);
insert into PartyMembership (pid, idno) VALUES (2, 1978);
insert into Landeslistenplatz (llid, idno, position) VALUES (1, 1978, 23);
insert into Citizen (idno, title, firstname, lastname, dateofbirth, gender) VALUES (1979, '', 'Mayer', 'Erna', '1.1.1947.', 'p');
insert into CandidatesData (idno) VALUES (1979);
insert into PartyMembership (pid, idno) VALUES (16, 1979);
insert into Landeslistenplatz (llid, idno, position) VALUES (15, 1979, 6);
insert into Citizen (idno, title, firstname, lastname, dateofbirth, gender) VALUES (1980, '', 'Mayer', 'Johann', '1.1.1960.', 'p');
insert into CandidatesData (idno) VALUES (1980);
insert into PartyMembership (pid, idno) VALUES (5, 1980);
insert into Candidacy (wkid, idno) VALUES (534, 1980);
insert into Citizen (idno, title, firstname, lastname, dateofbirth, gender) VALUES (1981, '', 'Mayer', 'Stephan Ernst Johann', '1.1.1973.', 'p');
insert into CandidatesData (idno) VALUES (1981);
insert into PartyMembership (pid, idno) VALUES (9, 1981);
insert into Candidacy (wkid, idno) VALUES (512, 1981);
insert into Citizen (idno, title, firstname, lastname, dateofbirth, gender) VALUES (1982, '', 'Meckel', 'Markus', '1.1.1952.', 'p');
insert into CandidatesData (idno) VALUES (1982);
insert into PartyMembership (pid, idno) VALUES (2, 1982);
insert into Candidacy (wkid, idno) VALUES (357, 1982);
insert into Landeslistenplatz (llid, idno, position) VALUES (1, 1982, 9);
insert into Citizen (idno, title, firstname, lastname, dateofbirth, gender) VALUES (1983, '', 'Meckelburg', 'Wolfgang', '1.1.1949.', 'p');
insert into CandidatesData (idno) VALUES (1983);
insert into PartyMembership (pid, idno) VALUES (12, 1983);
insert into Candidacy (wkid, idno) VALUES (423, 1983);
insert into Landeslistenplatz (llid, idno, position) VALUES (12, 1983, 25);
insert into Citizen (idno, title, firstname, lastname, dateofbirth, gender) VALUES (1984, '', 'Mehldau', 'Axel', '1.1.1959.', 'p');
insert into CandidatesData (idno) VALUES (1984);
insert into PartyMembership (pid, idno) VALUES (7, 1984);
insert into Landeslistenplatz (llid, idno, position) VALUES (7, 1984, 1);
insert into Citizen (idno, title, firstname, lastname, dateofbirth, gender) VALUES (1985, '', 'Mehring', 'Walter Heinrich Christian', '1.1.1926.', 'p');
insert into CandidatesData (idno) VALUES (1985);
insert into PartyMembership (pid, idno) VALUES (14, 1985);
insert into Candidacy (wkid, idno) VALUES (347, 1985);
insert into Landeslistenplatz (llid, idno, position) VALUES (21, 1985, 4);
insert into Citizen (idno, title, firstname, lastname, dateofbirth, gender) VALUES (1986, '', 'Meichelböck', 'Paul', '1.1.1960.', 'p');
insert into CandidatesData (idno) VALUES (1986);
insert into PartyMembership (pid, idno) VALUES (3, 1986);
insert into Candidacy (wkid, idno) VALUES (556, 1986);
insert into Citizen (idno, title, firstname, lastname, dateofbirth, gender) VALUES (1987, '', 'Meier', 'Agnes', '1.1.1965.', 'p');
insert into CandidatesData (idno) VALUES (1987);
insert into PartyMembership (pid, idno) VALUES (4, 1987);
insert into Candidacy (wkid, idno) VALUES (542, 1987);
insert into Landeslistenplatz (llid, idno, position) VALUES (4, 1987, 19);
insert into Citizen (idno, title, firstname, lastname, dateofbirth, gender) VALUES (1988, '', 'Meier', 'Edmund', '1.1.1959.', 'p');
insert into CandidatesData (idno) VALUES (1988);
insert into PartyMembership (pid, idno) VALUES (13, 1988);
insert into Landeslistenplatz (llid, idno, position) VALUES (13, 1988, 8);
insert into Citizen (idno, title, firstname, lastname, dateofbirth, gender) VALUES (1989, '', 'Meier', 'Rolf', '1.1.1967.', 'p');
insert into CandidatesData (idno) VALUES (1989);
insert into PartyMembership (pid, idno) VALUES (21, 1989);
insert into Candidacy (wkid, idno) VALUES (383, 1989);
insert into Landeslistenplatz (llid, idno, position) VALUES (20, 1989, 3);
insert into Citizen (idno, title, firstname, lastname, dateofbirth, gender) VALUES (1990, '', 'Meier', 'Sandy', '1.1.1975.', 'p');
insert into CandidatesData (idno) VALUES (1990);
insert into PartyMembership (pid, idno) VALUES (16, 1990);
insert into Landeslistenplatz (llid, idno, position) VALUES (15, 1990, 2);
insert into Citizen (idno, title, firstname, lastname, dateofbirth, gender) VALUES (1991, '', 'Meier', 'Wolfgang', '1.1.1942.', 'p');
insert into CandidatesData (idno) VALUES (1991);
insert into PartyMembership (pid, idno) VALUES (19, 1991);
insert into Landeslistenplatz (llid, idno, position) VALUES (18, 1991, 3);
insert into Citizen (idno, title, firstname, lastname, dateofbirth, gender) VALUES (1992, '', 'Meierhofer', 'Horst', '1.1.1972.', 'p');
insert into CandidatesData (idno) VALUES (1992);
insert into PartyMembership (pid, idno) VALUES (4, 1992);
insert into Candidacy (wkid, idno) VALUES (532, 1992);
insert into Landeslistenplatz (llid, idno, position) VALUES (4, 1992, 4);
insert into Citizen (idno, title, firstname, lastname, dateofbirth, gender) VALUES (1993, '', 'Meihsies', 'Andreas', '1.1.1960.', 'p');
insert into CandidatesData (idno) VALUES (1993);
insert into PartyMembership (pid, idno) VALUES (5, 1993);
insert into Candidacy (wkid, idno) VALUES (337, 1993);
insert into Landeslistenplatz (llid, idno, position) VALUES (5, 1993, 8);
insert into Citizen (idno, title, firstname, lastname, dateofbirth, gender) VALUES (1994, '', 'Meinhardt', 'Patrick', '1.1.1966.', 'p');
insert into CandidatesData (idno) VALUES (1994);
insert into PartyMembership (pid, idno) VALUES (4, 1994);
insert into Candidacy (wkid, idno) VALUES (571, 1994);
insert into Landeslistenplatz (llid, idno, position) VALUES (4, 1994, 7);
insert into Citizen (idno, title, firstname, lastname, dateofbirth, gender) VALUES (1995, '', 'Meischner', 'Wolfgang', '1.1.1954.', 'p');
insert into CandidatesData (idno) VALUES (1995);
insert into PartyMembership (pid, idno) VALUES (8, 1995);
insert into Candidacy (wkid, idno) VALUES (533, 1995);
insert into Landeslistenplatz (llid, idno, position) VALUES (8, 1995, 26);
insert into Citizen (idno, title, firstname, lastname, dateofbirth, gender) VALUES (1996, '', 'Meise', 'Ariane Christine', '1.1.1960.', 'p');
insert into CandidatesData (idno) VALUES (1996);
insert into PartyMembership (pid, idno) VALUES (1, 1996);
insert into Candidacy (wkid, idno) VALUES (397, 1996);
insert into Landeslistenplatz (llid, idno, position) VALUES (3, 1996, 14);
insert into Citizen (idno, title, firstname, lastname, dateofbirth, gender) VALUES (1997, '', 'Meister', 'Dr. Michael', '1.1.1961.', 'p');
insert into CandidatesData (idno) VALUES (1997);
insert into PartyMembership (pid, idno) VALUES (12, 1997);
insert into Candidacy (wkid, idno) VALUES (487, 1997);
insert into Landeslistenplatz (llid, idno, position) VALUES (12, 1997, 7);
insert into Citizen (idno, title, firstname, lastname, dateofbirth, gender) VALUES (1998, '', 'Meister', 'Roland Matthäus', '1.1.1953.', 'p');
insert into CandidatesData (idno) VALUES (1998);
insert into PartyMembership (pid, idno) VALUES (13, 1998);
insert into Landeslistenplatz (llid, idno, position) VALUES (13, 1998, 12);
insert into Citizen (idno, title, firstname, lastname, dateofbirth, gender) VALUES (1999, '', 'Meisterjahn', 'Albert-Claus', '1.1.1939.', 'p');
insert into CandidatesData (idno) VALUES (1999);
insert into PartyMembership (pid, idno) VALUES (18, 1999);
insert into Landeslistenplatz (llid, idno, position) VALUES (17, 1999, 7);
insert into Citizen (idno, title, firstname, lastname, dateofbirth, gender) VALUES (2000, '', 'Meiwald', 'Peter', '1.1.1966.', 'p');
insert into CandidatesData (idno) VALUES (2000);
insert into PartyMembership (pid, idno) VALUES (5, 2000);
insert into Candidacy (wkid, idno) VALUES (327, 2000);
insert into Landeslistenplatz (llid, idno, position) VALUES (5, 2000, 12);
insert into Citizen (idno, title, firstname, lastname, dateofbirth, gender) VALUES (2001, '', 'Meixner', 'Edgar Bernhard Willibald', '1.1.1964.', 'p');
insert into CandidatesData (idno) VALUES (2001);
insert into PartyMembership (pid, idno) VALUES (4, 2001);
insert into Candidacy (wkid, idno) VALUES (531, 2001);
insert into Landeslistenplatz (llid, idno, position) VALUES (4, 2001, 18);
insert into Citizen (idno, title, firstname, lastname, dateofbirth, gender) VALUES (2002, '', 'Melber', 'Thomas', '1.1.1965.', 'p');
insert into CandidatesData (idno) VALUES (2002);
insert into PartyMembership (pid, idno) VALUES (19, 2002);
insert into Landeslistenplatz (llid, idno, position) VALUES (18, 2002, 19);
insert into Citizen (idno, title, firstname, lastname, dateofbirth, gender) VALUES (2003, '', 'Melchers', 'Wilhelm Gerhard', '1.1.1964.', 'p');
insert into CandidatesData (idno) VALUES (2003);
insert into PartyMembership (pid, idno) VALUES (4, 2003);
insert into Candidacy (wkid, idno) VALUES (310, 2003);
insert into Landeslistenplatz (llid, idno, position) VALUES (4, 2003, 6);
insert into Citizen (idno, title, firstname, lastname, dateofbirth, gender) VALUES (2004, '', 'Melchinger', 'Thomas', '1.1.1978.', 'p');
insert into CandidatesData (idno) VALUES (2004);
insert into PartyMembership (pid, idno) VALUES (7, 2004);
insert into Candidacy (wkid, idno) VALUES (559, 2004);
insert into Citizen (idno, title, firstname, lastname, dateofbirth, gender) VALUES (2005, '', 'Melo-Plath', 'Christine', '1.1.1956.', 'p');
insert into CandidatesData (idno) VALUES (2005);
insert into PartyMembership (pid, idno) VALUES (8, 2005);
insert into Landeslistenplatz (llid, idno, position) VALUES (8, 2005, 25);
insert into Citizen (idno, title, firstname, lastname, dateofbirth, gender) VALUES (2006, '', 'Menge', 'Volker', '1.1.1962.', 'p');
insert into CandidatesData (idno) VALUES (2006);
insert into PartyMembership (pid, idno) VALUES (14, 2006);
insert into Landeslistenplatz (llid, idno, position) VALUES (21, 2006, 2);
insert into Citizen (idno, title, firstname, lastname, dateofbirth, gender) VALUES (2007, '', 'Mennicken-Martensen', 'Karl', '1.1.1943.', 'p');
insert into CandidatesData (idno) VALUES (2007);
insert into PartyMembership (pid, idno) VALUES (5, 2007);
insert into Candidacy (wkid, idno) VALUES (581, 2007);
insert into Citizen (idno, title, firstname, lastname, dateofbirth, gender) VALUES (2008, '', 'Menssen', 'Arend', '1.1.1966.', 'p');
insert into CandidatesData (idno) VALUES (2008);
insert into PartyMembership (pid, idno) VALUES (22, 2008);
insert into Landeslistenplatz (llid, idno, position) VALUES (22, 2008, 3);
insert into Citizen (idno, title, firstname, lastname, dateofbirth, gender) VALUES (2009, '', 'Menzner', 'Dorothée Luise', '1.1.1965.', 'p');
insert into CandidatesData (idno) VALUES (2009);
insert into PartyMembership (pid, idno) VALUES (3, 2009);
insert into Candidacy (wkid, idno) VALUES (351, 2009);
insert into Landeslistenplatz (llid, idno, position) VALUES (2, 2009, 2);
insert into Citizen (idno, title, firstname, lastname, dateofbirth, gender) VALUES (2010, '', 'Meppen', 'Lübbo', '1.1.1956.', 'p');
insert into CandidatesData (idno) VALUES (2010);
insert into PartyMembership (pid, idno) VALUES (4, 2010);
insert into Candidacy (wkid, idno) VALUES (326, 2010);
insert into Citizen (idno, title, firstname, lastname, dateofbirth, gender) VALUES (2011, '', 'Merk', 'Monika Manuela Carmen', '1.1.1963.', 'p');
insert into CandidatesData (idno) VALUES (2011);
insert into PartyMembership (pid, idno) VALUES (3, 2011);
insert into Candidacy (wkid, idno) VALUES (378, 2011);
insert into Citizen (idno, title, firstname, lastname, dateofbirth, gender) VALUES (2012, '', 'Merkel', 'Dr. Angela Dorothea', '1.1.1954.', 'p');
insert into CandidatesData (idno) VALUES (2012);
insert into PartyMembership (pid, idno) VALUES (12, 2012);
insert into Candidacy (wkid, idno) VALUES (314, 2012);
insert into Landeslistenplatz (llid, idno, position) VALUES (12, 2012, 1);
insert into Citizen (idno, title, firstname, lastname, dateofbirth, gender) VALUES (2013, '', 'Merkel', 'Michael', '1.1.1987.', 'p');
insert into CandidatesData (idno) VALUES (2013);
insert into Candidacy (wkid, idno) VALUES (486, 2013);
insert into Citizen (idno, title, firstname, lastname, dateofbirth, gender) VALUES (2014, '', 'Merkel', 'Petra', '1.1.1947.', 'p');
insert into CandidatesData (idno) VALUES (2014);
insert into PartyMembership (pid, idno) VALUES (2, 2014);
insert into Candidacy (wkid, idno) VALUES (380, 2014);
insert into Landeslistenplatz (llid, idno, position) VALUES (1, 2014, 2);
insert into Citizen (idno, title, firstname, lastname, dateofbirth, gender) VALUES (2015, '', 'Merkelbach', 'Sabine', '1.1.1966.', 'p');
insert into CandidatesData (idno) VALUES (2015);
insert into PartyMembership (pid, idno) VALUES (4, 2015);
insert into Landeslistenplatz (llid, idno, position) VALUES (4, 2015, 27);
insert into Citizen (idno, title, firstname, lastname, dateofbirth, gender) VALUES (2016, '', 'Mertel', 'Dr. Robert', '1.1.1940.', 'p');
insert into CandidatesData (idno) VALUES (2016);
insert into Candidacy (wkid, idno) VALUES (520, 2016);
insert into Citizen (idno, title, firstname, lastname, dateofbirth, gender) VALUES (2017, '', 'Merten', 'Ulrike', '1.1.1951.', 'p');
insert into CandidatesData (idno) VALUES (2017);
insert into PartyMembership (pid, idno) VALUES (2, 2017);
insert into Candidacy (wkid, idno) VALUES (398, 2017);
insert into Landeslistenplatz (llid, idno, position) VALUES (1, 2017, 22);
insert into Citizen (idno, title, firstname, lastname, dateofbirth, gender) VALUES (2018, '', 'Mertens', 'Joseph Andreas', '1.1.1979.', 'p');
insert into CandidatesData (idno) VALUES (2018);
insert into PartyMembership (pid, idno) VALUES (1, 2018);
insert into Candidacy (wkid, idno) VALUES (423, 2018);
insert into Citizen (idno, title, firstname, lastname, dateofbirth, gender) VALUES (2019, '', 'Mertgen', 'Bettina', '1.1.1977.', 'p');
insert into CandidatesData (idno) VALUES (2019);
insert into PartyMembership (pid, idno) VALUES (12, 2019);
insert into Landeslistenplatz (llid, idno, position) VALUES (12, 2019, 32);
insert into Citizen (idno, title, firstname, lastname, dateofbirth, gender) VALUES (2020, '', 'Meßmer', 'Ullrich', '1.1.1954.', 'p');
insert into CandidatesData (idno) VALUES (2020);
insert into PartyMembership (pid, idno) VALUES (2, 2020);
insert into Candidacy (wkid, idno) VALUES (467, 2020);
insert into Landeslistenplatz (llid, idno, position) VALUES (1, 2020, 5);
insert into Citizen (idno, title, firstname, lastname, dateofbirth, gender) VALUES (2021, '', 'Metzner', 'Heinz Dirk Karl', '1.1.1957.', 'p');
insert into CandidatesData (idno) VALUES (2021);
insert into PartyMembership (pid, idno) VALUES (3, 2021);
insert into Landeslistenplatz (llid, idno, position) VALUES (2, 2021, 34);
insert into Citizen (idno, title, firstname, lastname, dateofbirth, gender) VALUES (2022, '', 'Meyer', 'Barbara', '1.1.1978.', 'p');
insert into CandidatesData (idno) VALUES (2022);
insert into PartyMembership (pid, idno) VALUES (13, 2022);
insert into Candidacy (wkid, idno) VALUES (468, 2022);
insert into Landeslistenplatz (llid, idno, position) VALUES (13, 2022, 2);
insert into Citizen (idno, title, firstname, lastname, dateofbirth, gender) VALUES (2023, '', 'Meyer', 'Carsten', '1.1.1961.', 'p');
insert into CandidatesData (idno) VALUES (2023);
insert into PartyMembership (pid, idno) VALUES (5, 2023);
insert into Landeslistenplatz (llid, idno, position) VALUES (5, 2023, 4);
insert into Citizen (idno, title, firstname, lastname, dateofbirth, gender) VALUES (2024, '', 'Meyer', 'Cora', '1.1.1979.', 'p');
insert into CandidatesData (idno) VALUES (2024);
insert into PartyMembership (pid, idno) VALUES (1, 2024);
insert into Candidacy (wkid, idno) VALUES (332, 2024);
insert into Citizen (idno, title, firstname, lastname, dateofbirth, gender) VALUES (2025, '', 'Meyer', 'Doris', '1.1.1957.', 'p');
insert into CandidatesData (idno) VALUES (2025);
insert into PartyMembership (pid, idno) VALUES (9, 2025);
insert into Landeslistenplatz (llid, idno, position) VALUES (9, 2025, 25);
insert into Citizen (idno, title, firstname, lastname, dateofbirth, gender) VALUES (2026, '', 'Meyer', 'Hartmut Heinrich Johann', '1.1.1956.', 'p');
insert into CandidatesData (idno) VALUES (2026);
insert into PartyMembership (pid, idno) VALUES (8, 2026);
insert into Landeslistenplatz (llid, idno, position) VALUES (8, 2026, 1);
insert into Citizen (idno, title, firstname, lastname, dateofbirth, gender) VALUES (2027, '', 'Meyer', 'Heike', '1.1.1962.', 'p');
insert into CandidatesData (idno) VALUES (2027);
insert into PartyMembership (pid, idno) VALUES (12, 2027);
insert into Landeslistenplatz (llid, idno, position) VALUES (12, 2027, 25);
insert into Citizen (idno, title, firstname, lastname, dateofbirth, gender) VALUES (2028, '', 'Meyer', 'Henry', '1.1.1986.', 'p');
insert into CandidatesData (idno) VALUES (2028);
insert into PartyMembership (pid, idno) VALUES (10, 2028);
insert into Landeslistenplatz (llid, idno, position) VALUES (10, 2028, 4);
insert into Citizen (idno, title, firstname, lastname, dateofbirth, gender) VALUES (2029, '', 'Meyer', 'Jens Gerd', '1.1.1957.', 'p');
insert into CandidatesData (idno) VALUES (2029);
insert into PartyMembership (pid, idno) VALUES (2, 2029);
insert into Landeslistenplatz (llid, idno, position) VALUES (1, 2029, 19);
insert into Citizen (idno, title, firstname, lastname, dateofbirth, gender) VALUES (2030, '', 'Meyer', 'Jessica', '1.1.1978.', 'p');
insert into CandidatesData (idno) VALUES (2030);
insert into PartyMembership (pid, idno) VALUES (12, 2030);
insert into Landeslistenplatz (llid, idno, position) VALUES (12, 2030, 5);
insert into Citizen (idno, title, firstname, lastname, dateofbirth, gender) VALUES (2031, '', 'Meyer', 'Laurenz', '1.1.1948.', 'p');
insert into CandidatesData (idno) VALUES (2031);
insert into PartyMembership (pid, idno) VALUES (12, 2031);
insert into Candidacy (wkid, idno) VALUES (445, 2031);
insert into Landeslistenplatz (llid, idno, position) VALUES (12, 2031, 35);
insert into Citizen (idno, title, firstname, lastname, dateofbirth, gender) VALUES (2032, '', 'Meyer', 'Maria', '1.1.1954.', 'p');
insert into CandidatesData (idno) VALUES (2032);
insert into PartyMembership (pid, idno) VALUES (13, 2032);
insert into Landeslistenplatz (llid, idno, position) VALUES (13, 2032, 1);
insert into Citizen (idno, title, firstname, lastname, dateofbirth, gender) VALUES (2033, '', 'Meyer', 'Michael', '1.1.1976.', 'p');
insert into CandidatesData (idno) VALUES (2033);
insert into PartyMembership (pid, idno) VALUES (1, 2033);
insert into Candidacy (wkid, idno) VALUES (327, 2033);
insert into Citizen (idno, title, firstname, lastname, dateofbirth, gender) VALUES (2034, '', 'Meyer', 'Reinhardt Wilhelm', '1.1.1953.', 'p');
insert into CandidatesData (idno) VALUES (2034);
insert into PartyMembership (pid, idno) VALUES (13, 2034);
insert into Candidacy (wkid, idno) VALUES (417, 2034);
insert into Citizen (idno, title, firstname, lastname, dateofbirth, gender) VALUES (2035, '', 'Meyer', 'Steffen-Werner', '1.1.1970.', 'p');
insert into CandidatesData (idno) VALUES (2035);
insert into PartyMembership (pid, idno) VALUES (2, 2035);
insert into Landeslistenplatz (llid, idno, position) VALUES (1, 2035, 14);
insert into Citizen (idno, title, firstname, lastname, dateofbirth, gender) VALUES (2036, '', 'Meyer', 'Torsten', '1.1.1956.', 'p');
insert into CandidatesData (idno) VALUES (2036);
insert into PartyMembership (pid, idno) VALUES (11, 2036);
insert into Landeslistenplatz (llid, idno, position) VALUES (11, 2036, 1);
insert into Citizen (idno, title, firstname, lastname, dateofbirth, gender) VALUES (2037, '', 'Meyer', 'Wolfgang', '1.1.1941.', 'p');
insert into CandidatesData (idno) VALUES (2037);
insert into PartyMembership (pid, idno) VALUES (20, 2037);
insert into Landeslistenplatz (llid, idno, position) VALUES (19, 2037, 7);
insert into Citizen (idno, title, firstname, lastname, dateofbirth, gender) VALUES (2038, '', 'Meyer-Garbe', 'Andrea Erika Gesche Elisabeth', '1.1.1967.', 'p');
insert into CandidatesData (idno) VALUES (2038);
insert into PartyMembership (pid, idno) VALUES (2, 2038);
insert into Landeslistenplatz (llid, idno, position) VALUES (1, 2038, 49);
insert into Citizen (idno, title, firstname, lastname, dateofbirth, gender) VALUES (2039, '', 'Meyer-Giesow', 'Leo', '1.1.1970.', 'p');
insert into CandidatesData (idno) VALUES (2039);
insert into PartyMembership (pid, idno) VALUES (8, 2039);
insert into Candidacy (wkid, idno) VALUES (517, 2039);
insert into Landeslistenplatz (llid, idno, position) VALUES (8, 2039, 27);
insert into Citizen (idno, title, firstname, lastname, dateofbirth, gender) VALUES (2040, '', 'Meyer-Heithius', 'Joachim', '1.1.1955.', 'p');
insert into CandidatesData (idno) VALUES (2040);
insert into PartyMembership (pid, idno) VALUES (3, 2040);
insert into Landeslistenplatz (llid, idno, position) VALUES (2, 2040, 15);
insert into Citizen (idno, title, firstname, lastname, dateofbirth, gender) VALUES (2041, '', 'Meyerding', 'Bernd', '1.1.1949.', 'p');
insert into CandidatesData (idno) VALUES (2041);
insert into PartyMembership (pid, idno) VALUES (8, 2041);
insert into Landeslistenplatz (llid, idno, position) VALUES (8, 2041, 10);
insert into Citizen (idno, title, firstname, lastname, dateofbirth, gender) VALUES (2042, '', 'Michaelis', 'Axel', '1.1.1965.', 'p');
insert into CandidatesData (idno) VALUES (2042);
insert into PartyMembership (pid, idno) VALUES (1, 2042);
insert into Candidacy (wkid, idno) VALUES (535, 2042);
insert into Landeslistenplatz (llid, idno, position) VALUES (3, 2042, 7);
insert into Citizen (idno, title, firstname, lastname, dateofbirth, gender) VALUES (2043, '', 'Michalak', 'Ursula', '1.1.1952.', 'p');
insert into CandidatesData (idno) VALUES (2043);
insert into PartyMembership (pid, idno) VALUES (12, 2043);
insert into Landeslistenplatz (llid, idno, position) VALUES (12, 2043, 18);
insert into Citizen (idno, title, firstname, lastname, dateofbirth, gender) VALUES (2044, '', 'Michalk', 'Maria Ludwiga', '1.1.1949.', 'p');
insert into CandidatesData (idno) VALUES (2044);
insert into PartyMembership (pid, idno) VALUES (12, 2044);
insert into Candidacy (wkid, idno) VALUES (456, 2044);
insert into Landeslistenplatz (llid, idno, position) VALUES (12, 2044, 3);
insert into Citizen (idno, title, firstname, lastname, dateofbirth, gender) VALUES (2045, '', 'Michel', 'Dr. Marna', '1.1.1966.', 'p');
insert into CandidatesData (idno) VALUES (2045);
insert into PartyMembership (pid, idno) VALUES (12, 2045);
insert into Landeslistenplatz (llid, idno, position) VALUES (12, 2045, 23);
insert into Citizen (idno, title, firstname, lastname, dateofbirth, gender) VALUES (2046, '', 'Michel-Biegel', 'Dr. Charlotte', '1.1.1952.', 'p');
insert into CandidatesData (idno) VALUES (2046);
insert into PartyMembership (pid, idno) VALUES (5, 2046);
insert into Candidacy (wkid, idno) VALUES (579, 2046);
insert into Citizen (idno, title, firstname, lastname, dateofbirth, gender) VALUES (2047, '', 'Michelbach', 'Hans', '1.1.1949.', 'p');
insert into CandidatesData (idno) VALUES (2047);
insert into PartyMembership (pid, idno) VALUES (9, 2047);
insert into Candidacy (wkid, idno) VALUES (537, 2047);
insert into Landeslistenplatz (llid, idno, position) VALUES (9, 2047, 17);
insert into Citizen (idno, title, firstname, lastname, dateofbirth, gender) VALUES (2048, '', 'Michlbauer', 'Matthäus', '1.1.1966.', 'p');
insert into CandidatesData (idno) VALUES (2048);
insert into PartyMembership (pid, idno) VALUES (10, 2048);
insert into Landeslistenplatz (llid, idno, position) VALUES (10, 2048, 12);
insert into Citizen (idno, title, firstname, lastname, dateofbirth, gender) VALUES (2049, '', 'Middelberg', 'Dr. Mathias', '1.1.1964.', 'p');
insert into CandidatesData (idno) VALUES (2049);
insert into PartyMembership (pid, idno) VALUES (12, 2049);
insert into Candidacy (wkid, idno) VALUES (339, 2049);
insert into Landeslistenplatz (llid, idno, position) VALUES (12, 2049, 14);
insert into Citizen (idno, title, firstname, lastname, dateofbirth, gender) VALUES (2050, '', 'Miehling', 'Andrea', '1.1.1984.', 'p');
insert into CandidatesData (idno) VALUES (2050);
insert into PartyMembership (pid, idno) VALUES (15, 2050);
insert into Landeslistenplatz (llid, idno, position) VALUES (14, 2050, 30);
insert into Citizen (idno, title, firstname, lastname, dateofbirth, gender) VALUES (2051, '', 'Miersch', 'Dr. Matthias', '1.1.1968.', 'p');
insert into CandidatesData (idno) VALUES (2051);
insert into PartyMembership (pid, idno) VALUES (2, 2051);
insert into Candidacy (wkid, idno) VALUES (347, 2051);
insert into Landeslistenplatz (llid, idno, position) VALUES (1, 2051, 10);
insert into Citizen (idno, title, firstname, lastname, dateofbirth, gender) VALUES (2052, '', 'Mini', 'Walter', '1.1.1952.', 'p');
insert into CandidatesData (idno) VALUES (2052);
insert into PartyMembership (pid, idno) VALUES (3, 2052);
insert into Candidacy (wkid, idno) VALUES (522, 2052);
insert into Landeslistenplatz (llid, idno, position) VALUES (2, 2052, 24);
insert into Citizen (idno, title, firstname, lastname, dateofbirth, gender) VALUES (2053, '', 'Minschke', 'Wilhelm', '1.1.1943.', 'p');
insert into CandidatesData (idno) VALUES (2053);
insert into PartyMembership (pid, idno) VALUES (4, 2053);
insert into Candidacy (wkid, idno) VALUES (455, 2053);
insert into Citizen (idno, title, firstname, lastname, dateofbirth, gender) VALUES (2054, '', 'Miosga', 'Richard', '1.1.1944.', 'p');
insert into CandidatesData (idno) VALUES (2054);
insert into PartyMembership (pid, idno) VALUES (1, 2054);
insert into Landeslistenplatz (llid, idno, position) VALUES (3, 2054, 9);
insert into Citizen (idno, title, firstname, lastname, dateofbirth, gender) VALUES (2055, '', 'Mischau', 'Evmarie-Gertrud', '1.1.1958.', 'p');
insert into CandidatesData (idno) VALUES (2055);
insert into PartyMembership (pid, idno) VALUES (13, 2055);
insert into Landeslistenplatz (llid, idno, position) VALUES (13, 2055, 12);
insert into Citizen (idno, title, firstname, lastname, dateofbirth, gender) VALUES (2056, '', 'Mischuda', 'Reinhard', '1.1.1951.', 'p');
insert into CandidatesData (idno) VALUES (2056);
insert into PartyMembership (pid, idno) VALUES (19, 2056);
insert into Landeslistenplatz (llid, idno, position) VALUES (18, 2056, 3);
insert into Citizen (idno, title, firstname, lastname, dateofbirth, gender) VALUES (2057, '', 'Miß', 'Günter', '1.1.1954.', 'p');
insert into CandidatesData (idno) VALUES (2057);
insert into PartyMembership (pid, idno) VALUES (8, 2057);
insert into Candidacy (wkid, idno) VALUES (527, 2057);
insert into Landeslistenplatz (llid, idno, position) VALUES (8, 2057, 28);
insert into Citizen (idno, title, firstname, lastname, dateofbirth, gender) VALUES (2058, '', 'Mißfelder', 'Philipp', '1.1.1979.', 'p');
insert into CandidatesData (idno) VALUES (2058);
insert into PartyMembership (pid, idno) VALUES (12, 2058);
insert into Candidacy (wkid, idno) VALUES (421, 2058);
insert into Landeslistenplatz (llid, idno, position) VALUES (12, 2058, 16);
insert into Citizen (idno, title, firstname, lastname, dateofbirth, gender) VALUES (2059, '', 'Mo', 'Kim-Sun', '1.1.1978.', 'p');
insert into CandidatesData (idno) VALUES (2059);
insert into PartyMembership (pid, idno) VALUES (7, 2059);
insert into Landeslistenplatz (llid, idno, position) VALUES (7, 2059, 6);
insert into Citizen (idno, title, firstname, lastname, dateofbirth, gender) VALUES (2060, '', 'Mock-Hofeditz', 'Kerstin', '1.1.1966.', 'p');
insert into CandidatesData (idno) VALUES (2060);
insert into PartyMembership (pid, idno) VALUES (5, 2060);
insert into Landeslistenplatz (llid, idno, position) VALUES (5, 2060, 11);
insert into Citizen (idno, title, firstname, lastname, dateofbirth, gender) VALUES (2061, '', 'Model', 'Mona', '1.1.1983.', 'p');
insert into CandidatesData (idno) VALUES (2061);
insert into PartyMembership (pid, idno) VALUES (4, 2061);
insert into Landeslistenplatz (llid, idno, position) VALUES (4, 2061, 35);
insert into Citizen (idno, title, firstname, lastname, dateofbirth, gender) VALUES (2062, '', 'Möhle', 'Klaus-Dieter Alfred August', '1.1.1952.', 'p');
insert into CandidatesData (idno) VALUES (2062);
insert into PartyMembership (pid, idno) VALUES (5, 2062);
insert into Candidacy (wkid, idno) VALUES (355, 2062);
insert into Landeslistenplatz (llid, idno, position) VALUES (5, 2062, 2);
insert into Citizen (idno, title, firstname, lastname, dateofbirth, gender) VALUES (2063, '', 'Möhring', 'Cornelia', '1.1.1960.', 'p');
insert into CandidatesData (idno) VALUES (2063);
insert into PartyMembership (pid, idno) VALUES (3, 2063);
insert into Candidacy (wkid, idno) VALUES (304, 2063);
insert into Landeslistenplatz (llid, idno, position) VALUES (2, 2063, 1);
insert into Citizen (idno, title, firstname, lastname, dateofbirth, gender) VALUES (2064, '', 'Möllenstädt', 'Dr. Oliver', '1.1.1978.', 'p');
insert into CandidatesData (idno) VALUES (2064);
insert into PartyMembership (pid, idno) VALUES (4, 2064);
insert into Candidacy (wkid, idno) VALUES (355, 2064);
insert into Landeslistenplatz (llid, idno, position) VALUES (4, 2064, 2);
insert into Citizen (idno, title, firstname, lastname, dateofbirth, gender) VALUES (2065, '', 'Möller', 'Katrin', '1.1.1967.', 'p');
insert into CandidatesData (idno) VALUES (2065);
insert into PartyMembership (pid, idno) VALUES (3, 2065);
insert into Landeslistenplatz (llid, idno, position) VALUES (2, 2065, 11);
insert into Citizen (idno, title, firstname, lastname, dateofbirth, gender) VALUES (2066, '', 'Möller', 'Kornelia', '1.1.1961.', 'p');
insert into CandidatesData (idno) VALUES (2066);
insert into PartyMembership (pid, idno) VALUES (3, 2066);
insert into Candidacy (wkid, idno) VALUES (527, 2066);
insert into Landeslistenplatz (llid, idno, position) VALUES (2, 2066, 3);
insert into Citizen (idno, title, firstname, lastname, dateofbirth, gender) VALUES (2067, '', 'Möller', 'Michael', '1.1.1962.', 'p');
insert into CandidatesData (idno) VALUES (2067);
insert into PartyMembership (pid, idno) VALUES (28, 2067);
insert into Landeslistenplatz (llid, idno, position) VALUES (27, 2067, 2);
insert into Citizen (idno, title, firstname, lastname, dateofbirth, gender) VALUES (2068, '', 'Möller', 'Olaf', '1.1.1962.', 'p');
insert into CandidatesData (idno) VALUES (2068);
insert into PartyMembership (pid, idno) VALUES (5, 2068);
insert into Candidacy (wkid, idno) VALUES (493, 2068);
insert into Citizen (idno, title, firstname, lastname, dateofbirth, gender) VALUES (2069, '', 'Möller', 'Silke', '1.1.1966.', 'p');
insert into CandidatesData (idno) VALUES (2069);
insert into Candidacy (wkid, idno) VALUES (491, 2069);
insert into Citizen (idno, title, firstname, lastname, dateofbirth, gender) VALUES (2070, '', 'Mönikes', 'Jan', '1.1.1970.', 'p');
insert into CandidatesData (idno) VALUES (2070);
insert into PartyMembership (pid, idno) VALUES (2, 2070);
insert into Candidacy (wkid, idno) VALUES (564, 2070);
insert into Citizen (idno, title, firstname, lastname, dateofbirth, gender) VALUES (2071, '', 'Mörsch', 'Frank', '1.1.1971.', 'p');
insert into CandidatesData (idno) VALUES (2071);
insert into PartyMembership (pid, idno) VALUES (12, 2071);
insert into Landeslistenplatz (llid, idno, position) VALUES (12, 2071, 21);
insert into Citizen (idno, title, firstname, lastname, dateofbirth, gender) VALUES (2072, '', 'Mörtel', 'Edith', '1.1.1954.', 'p');
insert into CandidatesData (idno) VALUES (2072);
insert into PartyMembership (pid, idno) VALUES (6, 2072);
insert into Landeslistenplatz (llid, idno, position) VALUES (6, 2072, 4);
insert into Citizen (idno, title, firstname, lastname, dateofbirth, gender) VALUES (2073, '', 'Moezer', 'Doris', '1.1.1948.', 'p');
insert into CandidatesData (idno) VALUES (2073);
insert into PartyMembership (pid, idno) VALUES (6, 2073);
insert into Landeslistenplatz (llid, idno, position) VALUES (6, 2073, 7);
insert into Citizen (idno, title, firstname, lastname, dateofbirth, gender) VALUES (2074, '', 'Mogg', 'Ursula', '1.1.1953.', 'p');
insert into CandidatesData (idno) VALUES (2074);
insert into PartyMembership (pid, idno) VALUES (2, 2074);
insert into Candidacy (wkid, idno) VALUES (499, 2074);
insert into Landeslistenplatz (llid, idno, position) VALUES (1, 2074, 10);
insert into Citizen (idno, title, firstname, lastname, dateofbirth, gender) VALUES (2075, '', 'Mohme', 'Hans-Jürgen Wilhelm', '1.1.1940.', 'p');
insert into CandidatesData (idno) VALUES (2075);
insert into PartyMembership (pid, idno) VALUES (14, 2075);
insert into Landeslistenplatz (llid, idno, position) VALUES (21, 2075, 10);
insert into Citizen (idno, title, firstname, lastname, dateofbirth, gender) VALUES (2076, '', 'Mohr', 'Sebastian', '1.1.1982.', 'p');
insert into CandidatesData (idno) VALUES (2076);
insert into PartyMembership (pid, idno) VALUES (7, 2076);
insert into Landeslistenplatz (llid, idno, position) VALUES (7, 2076, 10);
insert into Citizen (idno, title, firstname, lastname, dateofbirth, gender) VALUES (2077, '', 'Mohr-Lüllmann', 'Dr. Rita-Maria Marianne Margareta Luzia', '1.1.1957.', 'p');
insert into CandidatesData (idno) VALUES (2077);
insert into PartyMembership (pid, idno) VALUES (12, 2077);
insert into Candidacy (wkid, idno) VALUES (354, 2077);
insert into Landeslistenplatz (llid, idno, position) VALUES (12, 2077, 3);
insert into Citizen (idno, title, firstname, lastname, dateofbirth, gender) VALUES (2078, '', 'Mohrmann', 'Claus', '1.1.1969.', 'p');
insert into CandidatesData (idno) VALUES (2078);
insert into PartyMembership (pid, idno) VALUES (4, 2078);
insert into Candidacy (wkid, idno) VALUES (356, 2078);
insert into Landeslistenplatz (llid, idno, position) VALUES (4, 2078, 4);
insert into Citizen (idno, title, firstname, lastname, dateofbirth, gender) VALUES (2079, '', 'Mohs', 'Christoph', '1.1.1971.', 'p');
insert into CandidatesData (idno) VALUES (2079);
insert into PartyMembership (pid, idno) VALUES (10, 2079);
insert into Landeslistenplatz (llid, idno, position) VALUES (10, 2079, 2);
insert into Citizen (idno, title, firstname, lastname, dateofbirth, gender) VALUES (2080, '', 'Mohs', 'Hubertus', '1.1.1939.', 'p');
insert into CandidatesData (idno) VALUES (2080);
insert into PartyMembership (pid, idno) VALUES (10, 2080);
insert into Candidacy (wkid, idno) VALUES (557, 2080);
insert into Landeslistenplatz (llid, idno, position) VALUES (10, 2080, 3);
insert into Citizen (idno, title, firstname, lastname, dateofbirth, gender) VALUES (2081, '', 'Molitor', 'Helga Gabriele', '1.1.1962.', 'p');
insert into CandidatesData (idno) VALUES (2081);
insert into PartyMembership (pid, idno) VALUES (4, 2081);
insert into Candidacy (wkid, idno) VALUES (392, 2081);
insert into Landeslistenplatz (llid, idno, position) VALUES (4, 2081, 18);
insert into Citizen (idno, title, firstname, lastname, dateofbirth, gender) VALUES (2082, '', 'Moll', 'Dominik', '1.1.1982.', 'p');
insert into CandidatesData (idno) VALUES (2082);
insert into PartyMembership (pid, idno) VALUES (2, 2082);
insert into Landeslistenplatz (llid, idno, position) VALUES (1, 2082, 18);
insert into Citizen (idno, title, firstname, lastname, dateofbirth, gender) VALUES (2083, '', 'Moll', 'Viola', '1.1.1952.', 'p');
insert into CandidatesData (idno) VALUES (2083);
insert into PartyMembership (pid, idno) VALUES (12, 2083);
insert into Landeslistenplatz (llid, idno, position) VALUES (12, 2083, 52);
insert into Citizen (idno, title, firstname, lastname, dateofbirth, gender) VALUES (2084, '', 'Monstadt', 'Dietrich', '1.1.1957.', 'p');
insert into CandidatesData (idno) VALUES (2084);
insert into PartyMembership (pid, idno) VALUES (12, 2084);
insert into Candidacy (wkid, idno) VALUES (312, 2084);
insert into Landeslistenplatz (llid, idno, position) VALUES (12, 2084, 4);
insert into Citizen (idno, title, firstname, lastname, dateofbirth, gender) VALUES (2085, '', 'Montag', 'Jerzy', '1.1.1947.', 'p');
insert into CandidatesData (idno) VALUES (2085);
insert into PartyMembership (pid, idno) VALUES (5, 2085);
insert into Candidacy (wkid, idno) VALUES (519, 2085);
insert into Landeslistenplatz (llid, idno, position) VALUES (5, 2085, 6);
insert into Citizen (idno, title, firstname, lastname, dateofbirth, gender) VALUES (2086, '', 'Moritz', 'Monika', '1.1.1952.', 'p');
insert into CandidatesData (idno) VALUES (2086);
insert into PartyMembership (pid, idno) VALUES (2, 2086);
insert into Landeslistenplatz (llid, idno, position) VALUES (1, 2086, 27);
insert into Citizen (idno, title, firstname, lastname, dateofbirth, gender) VALUES (2087, '', 'Mork', 'Adrian', '1.1.1967.', 'p');
insert into CandidatesData (idno) VALUES (2087);
insert into PartyMembership (pid, idno) VALUES (5, 2087);
insert into Candidacy (wkid, idno) VALUES (445, 2087);
insert into Citizen (idno, title, firstname, lastname, dateofbirth, gender) VALUES (2088, '', 'Mortler', 'Marlene', '1.1.1955.', 'p');
insert into CandidatesData (idno) VALUES (2088);
insert into PartyMembership (pid, idno) VALUES (9, 2088);
insert into Candidacy (wkid, idno) VALUES (545, 2088);
insert into Landeslistenplatz (llid, idno, position) VALUES (9, 2088, 10);
insert into Citizen (idno, title, firstname, lastname, dateofbirth, gender) VALUES (2089, '', 'Mosblech', 'Volker Peter', '1.1.1955.', 'p');
insert into CandidatesData (idno) VALUES (2089);
insert into PartyMembership (pid, idno) VALUES (12, 2089);
insert into Candidacy (wkid, idno) VALUES (416, 2089);
insert into Landeslistenplatz (llid, idno, position) VALUES (12, 2089, 49);
insert into Citizen (idno, title, firstname, lastname, dateofbirth, gender) VALUES (2090, '', 'Moser', 'Christian', '1.1.1977.', 'p');
insert into CandidatesData (idno) VALUES (2090);
insert into PartyMembership (pid, idno) VALUES (9, 2090);
insert into Landeslistenplatz (llid, idno, position) VALUES (9, 2090, 24);
insert into Citizen (idno, title, firstname, lastname, dateofbirth, gender) VALUES (2091, '', 'Moslehner', 'Dr. Albrecht', '1.1.1956.', 'p');
insert into CandidatesData (idno) VALUES (2091);
insert into PartyMembership (pid, idno) VALUES (4, 2091);
insert into Candidacy (wkid, idno) VALUES (422, 2091);
insert into Citizen (idno, title, firstname, lastname, dateofbirth, gender) VALUES (2092, '', 'Motter', 'Rudolf', '1.1.1951.', 'p');
insert into CandidatesData (idno) VALUES (2092);
insert into PartyMembership (pid, idno) VALUES (11, 2092);
insert into Landeslistenplatz (llid, idno, position) VALUES (11, 2092, 5);
insert into Citizen (idno, title, firstname, lastname, dateofbirth, gender) VALUES (2093, '', 'Mouratidis', 'Daniel', '1.1.1977.', 'p');
insert into CandidatesData (idno) VALUES (2093);
insert into PartyMembership (pid, idno) VALUES (5, 2093);
insert into Candidacy (wkid, idno) VALUES (563, 2093);
insert into Citizen (idno, title, firstname, lastname, dateofbirth, gender) VALUES (2094, '', 'Movassat', 'Niema', '1.1.1984.', 'p');
insert into CandidatesData (idno) VALUES (2094);
insert into PartyMembership (pid, idno) VALUES (3, 2094);
insert into Candidacy (wkid, idno) VALUES (417, 2094);
insert into Landeslistenplatz (llid, idno, position) VALUES (2, 2094, 8);
insert into Citizen (idno, title, firstname, lastname, dateofbirth, gender) VALUES (2095, '', 'Mrosek', 'Holger', '1.1.1971.', 'p');
insert into CandidatesData (idno) VALUES (2095);
insert into PartyMembership (pid, idno) VALUES (5, 2095);
insert into Candidacy (wkid, idno) VALUES (413, 2095);
insert into Citizen (idno, title, firstname, lastname, dateofbirth, gender) VALUES (2096, '', 'Mücke', 'Jan', '1.1.1973.', 'p');
insert into CandidatesData (idno) VALUES (2096);
insert into PartyMembership (pid, idno) VALUES (4, 2096);
insert into Candidacy (wkid, idno) VALUES (460, 2096);
insert into Landeslistenplatz (llid, idno, position) VALUES (4, 2096, 1);
insert into Citizen (idno, title, firstname, lastname, dateofbirth, gender) VALUES (2097, '', 'Mühlbeyer', 'Mark', '1.1.1986.', 'p');
insert into CandidatesData (idno) VALUES (2097);
insert into PartyMembership (pid, idno) VALUES (12, 2097);
insert into Landeslistenplatz (llid, idno, position) VALUES (12, 2097, 50);
insert into Citizen (idno, title, firstname, lastname, dateofbirth, gender) VALUES (2098, '', 'Mühleck', 'Dr. Otto Stephan', '1.1.1953.', 'p');
insert into CandidatesData (idno) VALUES (2098);
insert into PartyMembership (pid, idno) VALUES (8, 2098);
insert into Landeslistenplatz (llid, idno, position) VALUES (8, 2098, 3);
insert into Citizen (idno, title, firstname, lastname, dateofbirth, gender) VALUES (2099, '', 'Mühler-Aumann', 'Christine', '1.1.1954.', 'p');
insert into CandidatesData (idno) VALUES (2099);
insert into PartyMembership (pid, idno) VALUES (17, 2099);
insert into Landeslistenplatz (llid, idno, position) VALUES (16, 2099, 5);
insert into Citizen (idno, title, firstname, lastname, dateofbirth, gender) VALUES (2100, '', 'Mühlhäuser', 'Daniel', '1.1.1977.', 'p');
insert into CandidatesData (idno) VALUES (2100);
insert into PartyMembership (pid, idno) VALUES (17, 2100);
insert into Landeslistenplatz (llid, idno, position) VALUES (16, 2100, 3);
insert into Citizen (idno, title, firstname, lastname, dateofbirth, gender) VALUES (2101, '', 'Mühlmann-Skupien', 'Jan', '1.1.1968.', 'p');
insert into CandidatesData (idno) VALUES (2101);
insert into PartyMembership (pid, idno) VALUES (4, 2101);
insert into Candidacy (wkid, idno) VALUES (362, 2101);
insert into Landeslistenplatz (llid, idno, position) VALUES (4, 2101, 9);
insert into Citizen (idno, title, firstname, lastname, dateofbirth, gender) VALUES (2102, '', 'Mühlstein', 'Marko', '1.1.1974.', 'p');
insert into CandidatesData (idno) VALUES (2102);
insert into PartyMembership (pid, idno) VALUES (2, 2102);
insert into Candidacy (wkid, idno) VALUES (366, 2102);
insert into Landeslistenplatz (llid, idno, position) VALUES (1, 2102, 4);
insert into Citizen (idno, title, firstname, lastname, dateofbirth, gender) VALUES (2103, '', 'Müller', 'Adrian', '1.1.1974.', 'p');
insert into CandidatesData (idno) VALUES (2103);
insert into PartyMembership (pid, idno) VALUES (7, 2103);
insert into Landeslistenplatz (llid, idno, position) VALUES (7, 2103, 2);
insert into Citizen (idno, title, firstname, lastname, dateofbirth, gender) VALUES (2104, '', 'Müller', 'Alexander', '1.1.1969.', 'p');
insert into CandidatesData (idno) VALUES (2104);
insert into PartyMembership (pid, idno) VALUES (4, 2104);
insert into Candidacy (wkid, idno) VALUES (477, 2104);
insert into Landeslistenplatz (llid, idno, position) VALUES (4, 2104, 14);
insert into Citizen (idno, title, firstname, lastname, dateofbirth, gender) VALUES (2105, '', 'Müller', 'Dr. Alice', '1.1.1976.', 'p');
insert into CandidatesData (idno) VALUES (2105);
insert into PartyMembership (pid, idno) VALUES (12, 2105);
insert into Landeslistenplatz (llid, idno, position) VALUES (12, 2105, 22);
insert into Citizen (idno, title, firstname, lastname, dateofbirth, gender) VALUES (2106, '', 'Müller', 'Andreas', '1.1.1964.', 'p');
insert into CandidatesData (idno) VALUES (2106);
insert into PartyMembership (pid, idno) VALUES (3, 2106);
insert into Landeslistenplatz (llid, idno, position) VALUES (2, 2106, 10);
insert into Citizen (idno, title, firstname, lastname, dateofbirth, gender) VALUES (2107, '', 'Müller', 'Andreas', '1.1.1959.', 'p');
insert into CandidatesData (idno) VALUES (2107);
insert into PartyMembership (pid, idno) VALUES (3, 2107);
insert into Candidacy (wkid, idno) VALUES (388, 2107);
insert into Citizen (idno, title, firstname, lastname, dateofbirth, gender) VALUES (2108, '', 'Müller', 'Anja', '1.1.1973.', 'p');
insert into CandidatesData (idno) VALUES (2108);
insert into PartyMembership (pid, idno) VALUES (3, 2108);
insert into Candidacy (wkid, idno) VALUES (489, 2108);
insert into Landeslistenplatz (llid, idno, position) VALUES (2, 2108, 7);
insert into Citizen (idno, title, firstname, lastname, dateofbirth, gender) VALUES (2109, '', 'Müller', 'Dr. Axel', '1.1.1944.', 'p');
insert into CandidatesData (idno) VALUES (2109);
insert into PartyMembership (pid, idno) VALUES (5, 2109);
insert into Candidacy (wkid, idno) VALUES (356, 2109);
insert into Citizen (idno, title, firstname, lastname, dateofbirth, gender) VALUES (2110, '', 'Müller', 'Bernhard', '1.1.1951.', 'p');
insert into CandidatesData (idno) VALUES (2110);
insert into PartyMembership (pid, idno) VALUES (3, 2110);
insert into Candidacy (wkid, idno) VALUES (319, 2110);
insert into Citizen (idno, title, firstname, lastname, dateofbirth, gender) VALUES (2111, '', 'Müller', 'Carsten', '1.1.1970.', 'p');
insert into CandidatesData (idno) VALUES (2111);
insert into PartyMembership (pid, idno) VALUES (12, 2111);
insert into Candidacy (wkid, idno) VALUES (350, 2111);
insert into Landeslistenplatz (llid, idno, position) VALUES (12, 2111, 20);
insert into Citizen (idno, title, firstname, lastname, dateofbirth, gender) VALUES (2112, '', 'Müller', 'Detlef', '1.1.1964.', 'p');
insert into CandidatesData (idno) VALUES (2112);
insert into PartyMembership (pid, idno) VALUES (2, 2112);
insert into Candidacy (wkid, idno) VALUES (462, 2112);
insert into Landeslistenplatz (llid, idno, position) VALUES (1, 2112, 9);
insert into Citizen (idno, title, firstname, lastname, dateofbirth, gender) VALUES (2113, '', 'Müller', 'Farid', '1.1.1962.', 'p');
insert into CandidatesData (idno) VALUES (2113);
insert into PartyMembership (pid, idno) VALUES (5, 2113);
insert into Candidacy (wkid, idno) VALUES (318, 2113);
insert into Citizen (idno, title, firstname, lastname, dateofbirth, gender) VALUES (2114, '', 'Müller', 'Dr. Gerd', '1.1.1955.', 'p');
insert into CandidatesData (idno) VALUES (2114);
insert into PartyMembership (pid, idno) VALUES (9, 2114);
insert into Candidacy (wkid, idno) VALUES (555, 2114);
insert into Landeslistenplatz (llid, idno, position) VALUES (9, 2114, 11);
insert into Citizen (idno, title, firstname, lastname, dateofbirth, gender) VALUES (2115, '', 'Müller', 'Hans', '1.1.1952.', 'p');
insert into CandidatesData (idno) VALUES (2115);
insert into PartyMembership (pid, idno) VALUES (10, 2115);
insert into Landeslistenplatz (llid, idno, position) VALUES (10, 2115, 3);
insert into Citizen (idno, title, firstname, lastname, dateofbirth, gender) VALUES (2116, '', 'Müller', 'Heiko', '1.1.1972.', 'p');
insert into CandidatesData (idno) VALUES (2116);
insert into PartyMembership (pid, idno) VALUES (7, 2116);
insert into Landeslistenplatz (llid, idno, position) VALUES (7, 2116, 2);
insert into Citizen (idno, title, firstname, lastname, dateofbirth, gender) VALUES (2117, '', 'Müller', 'Dr. Josef', '1.1.1954.', 'p');
insert into CandidatesData (idno) VALUES (2117);
insert into PartyMembership (pid, idno) VALUES (2, 2117);
insert into Landeslistenplatz (llid, idno, position) VALUES (1, 2117, 54);
insert into Citizen (idno, title, firstname, lastname, dateofbirth, gender) VALUES (2118, '', 'Müller', 'Kerstin', '1.1.1963.', 'p');
insert into CandidatesData (idno) VALUES (2118);
insert into PartyMembership (pid, idno) VALUES (5, 2118);
insert into Candidacy (wkid, idno) VALUES (395, 2118);
insert into Landeslistenplatz (llid, idno, position) VALUES (5, 2118, 9);
insert into Citizen (idno, title, firstname, lastname, dateofbirth, gender) VALUES (2119, '', 'Mueller', 'Klaus', '1.1.1980.', 'p');
insert into CandidatesData (idno) VALUES (2119);
insert into PartyMembership (pid, idno) VALUES (7, 2119);
insert into Landeslistenplatz (llid, idno, position) VALUES (7, 2119, 2);
insert into Citizen (idno, title, firstname, lastname, dateofbirth, gender) VALUES (2120, '', 'Müller', 'Marcus', '1.1.1972.', 'p');
insert into CandidatesData (idno) VALUES (2120);
insert into PartyMembership (pid, idno) VALUES (1, 2120);
insert into Candidacy (wkid, idno) VALUES (454, 2120);
insert into Citizen (idno, title, firstname, lastname, dateofbirth, gender) VALUES (2121, '', 'Müller', 'Michael', '1.1.1948.', 'p');
insert into CandidatesData (idno) VALUES (2121);
insert into PartyMembership (pid, idno) VALUES (2, 2121);
insert into Candidacy (wkid, idno) VALUES (406, 2121);
insert into Landeslistenplatz (llid, idno, position) VALUES (1, 2121, 20);
insert into Citizen (idno, title, firstname, lastname, dateofbirth, gender) VALUES (2122, '', 'Müller', 'Nadine', '1.1.1983.', 'p');
insert into CandidatesData (idno) VALUES (2122);
insert into PartyMembership (pid, idno) VALUES (12, 2122);
insert into Candidacy (wkid, idno) VALUES (597, 2122);
insert into Landeslistenplatz (llid, idno, position) VALUES (12, 2122, 3);
insert into Citizen (idno, title, firstname, lastname, dateofbirth, gender) VALUES (2123, '', 'Müller', 'Nikolas', '1.1.1947.', 'p');
insert into CandidatesData (idno) VALUES (2123);
insert into PartyMembership (pid, idno) VALUES (18, 2123);
insert into Landeslistenplatz (llid, idno, position) VALUES (17, 2123, 1);
insert into Citizen (idno, title, firstname, lastname, dateofbirth, gender) VALUES (2124, '', 'Müller', 'Petra', '1.1.1960.', 'p');
insert into CandidatesData (idno) VALUES (2124);
insert into PartyMembership (pid, idno) VALUES (4, 2124);
insert into Candidacy (wkid, idno) VALUES (387, 2124);
insert into Landeslistenplatz (llid, idno, position) VALUES (4, 2124, 14);
insert into Citizen (idno, title, firstname, lastname, dateofbirth, gender) VALUES (2125, '', 'Müller', 'Roland', '1.1.1941.', 'p');
insert into CandidatesData (idno) VALUES (2125);
insert into PartyMembership (pid, idno) VALUES (1, 2125);
insert into Candidacy (wkid, idno) VALUES (592, 2125);
insert into Citizen (idno, title, firstname, lastname, dateofbirth, gender) VALUES (2126, '', 'Müller', 'Stefan', '1.1.1975.', 'p');
insert into CandidatesData (idno) VALUES (2126);
insert into PartyMembership (pid, idno) VALUES (9, 2126);
insert into Candidacy (wkid, idno) VALUES (541, 2126);
insert into Landeslistenplatz (llid, idno, position) VALUES (9, 2126, 9);
insert into Citizen (idno, title, firstname, lastname, dateofbirth, gender) VALUES (2127, '', 'Müller', 'Thomas', '1.1.1954.', 'p');
insert into CandidatesData (idno) VALUES (2127);
insert into PartyMembership (pid, idno) VALUES (8, 2127);
insert into Landeslistenplatz (llid, idno, position) VALUES (8, 2127, 5);
insert into Citizen (idno, title, firstname, lastname, dateofbirth, gender) VALUES (2128, '', 'Müller', 'Tino', '1.1.1978.', 'p');
insert into CandidatesData (idno) VALUES (2128);
insert into PartyMembership (pid, idno) VALUES (1, 2128);
insert into Candidacy (wkid, idno) VALUES (317, 2128);
insert into Landeslistenplatz (llid, idno, position) VALUES (3, 2128, 2);
insert into Citizen (idno, title, firstname, lastname, dateofbirth, gender) VALUES (2129, '', 'Müller', 'Veit-Harald', '1.1.1941.', 'p');
insert into CandidatesData (idno) VALUES (2129);
insert into PartyMembership (pid, idno) VALUES (13, 2129);
insert into Candidacy (wkid, idno) VALUES (481, 2129);
insert into Landeslistenplatz (llid, idno, position) VALUES (13, 2129, 1);
insert into Citizen (idno, title, firstname, lastname, dateofbirth, gender) VALUES (2130, '', 'Müller', 'Vincent', '1.1.1990.', 'p');
insert into CandidatesData (idno) VALUES (2130);
insert into PartyMembership (pid, idno) VALUES (5, 2130);
insert into Candidacy (wkid, idno) VALUES (494, 2130);
insert into Landeslistenplatz (llid, idno, position) VALUES (5, 2130, 5);
insert into Citizen (idno, title, firstname, lastname, dateofbirth, gender) VALUES (2131, '', 'Müller-Gemmeke', 'Beate', '1.1.1960.', 'p');
insert into CandidatesData (idno) VALUES (2131);
insert into PartyMembership (pid, idno) VALUES (5, 2131);
insert into Candidacy (wkid, idno) VALUES (588, 2131);
insert into Landeslistenplatz (llid, idno, position) VALUES (5, 2131, 5);
insert into Citizen (idno, title, firstname, lastname, dateofbirth, gender) VALUES (2132, '', 'Müller-Horn', 'Esther', '1.1.1968.', 'p');
insert into CandidatesData (idno) VALUES (2132);
insert into PartyMembership (pid, idno) VALUES (13, 2132);
insert into Landeslistenplatz (llid, idno, position) VALUES (13, 2132, 18);
insert into Citizen (idno, title, firstname, lastname, dateofbirth, gender) VALUES (2133, '', 'Müller-Horn', 'Kai', '1.1.1944.', 'p');
insert into CandidatesData (idno) VALUES (2133);
insert into PartyMembership (pid, idno) VALUES (13, 2133);
insert into Candidacy (wkid, idno) VALUES (406, 2133);
insert into Citizen (idno, title, firstname, lastname, dateofbirth, gender) VALUES (2134, '', 'Müller-Kallweit', 'Wolfgang', '1.1.1967.', 'p');
insert into CandidatesData (idno) VALUES (2134);
insert into PartyMembership (pid, idno) VALUES (12, 2134);
insert into Candidacy (wkid, idno) VALUES (323, 2134);
insert into Landeslistenplatz (llid, idno, position) VALUES (12, 2134, 6);
insert into Citizen (idno, title, firstname, lastname, dateofbirth, gender) VALUES (2135, '', 'Müller-Loennies', 'Renate', '1.1.1944.', 'p');
insert into CandidatesData (idno) VALUES (2135);
insert into PartyMembership (pid, idno) VALUES (12, 2135);
insert into Landeslistenplatz (llid, idno, position) VALUES (12, 2135, 27);
insert into Citizen (idno, title, firstname, lastname, dateofbirth, gender) VALUES (2136, '', 'Müller-Sönksen', 'Burkhardt', '1.1.1959.', 'p');
insert into CandidatesData (idno) VALUES (2136);
insert into PartyMembership (pid, idno) VALUES (4, 2136);
insert into Candidacy (wkid, idno) VALUES (320, 2136);
insert into Landeslistenplatz (llid, idno, position) VALUES (4, 2136, 1);
insert into Citizen (idno, title, firstname, lastname, dateofbirth, gender) VALUES (2137, '', 'Münch', 'Michael', '1.1.1969.', 'p');
insert into CandidatesData (idno) VALUES (2137);
insert into PartyMembership (pid, idno) VALUES (11, 2137);
insert into Landeslistenplatz (llid, idno, position) VALUES (11, 2137, 1);
insert into Citizen (idno, title, firstname, lastname, dateofbirth, gender) VALUES (2138, '', 'Münd', 'Hans-Joachim', '1.1.1962.', 'p');
insert into CandidatesData (idno) VALUES (2138);
insert into PartyMembership (pid, idno) VALUES (19, 2138);
insert into Landeslistenplatz (llid, idno, position) VALUES (18, 2138, 9);
insert into Citizen (idno, title, firstname, lastname, dateofbirth, gender) VALUES (2139, '', 'Münster', 'Arno', '1.1.1956.', 'p');
insert into CandidatesData (idno) VALUES (2139);
insert into PartyMembership (pid, idno) VALUES (2, 2139);
insert into Landeslistenplatz (llid, idno, position) VALUES (1, 2139, 7);
insert into Citizen (idno, title, firstname, lastname, dateofbirth, gender) VALUES (2140, '', 'Müntefering', 'Franz', '1.1.1940.', 'p');
insert into CandidatesData (idno) VALUES (2140);
insert into PartyMembership (pid, idno) VALUES (2, 2140);
insert into Landeslistenplatz (llid, idno, position) VALUES (1, 2140, 1);
insert into Citizen (idno, title, firstname, lastname, dateofbirth, gender) VALUES (2141, '', 'Münz', 'Susanne', '1.1.1967.', 'p');
insert into CandidatesData (idno) VALUES (2141);
insert into Candidacy (wkid, idno) VALUES (357, 2141);
insert into Citizen (idno, title, firstname, lastname, dateofbirth, gender) VALUES (2142, '', 'Münz', 'Volkmar', '1.1.1965.', 'p');
insert into CandidatesData (idno) VALUES (2142);
insert into Candidacy (wkid, idno) VALUES (317, 2142);
insert into Citizen (idno, title, firstname, lastname, dateofbirth, gender) VALUES (2143, '', 'Mützenich', 'Dr. Rolf', '1.1.1959.', 'p');
insert into CandidatesData (idno) VALUES (2143);
insert into PartyMembership (pid, idno) VALUES (2, 2143);
insert into Candidacy (wkid, idno) VALUES (395, 2143);
insert into Landeslistenplatz (llid, idno, position) VALUES (1, 2143, 67);
insert into Citizen (idno, title, firstname, lastname, dateofbirth, gender) VALUES (2144, '', 'Mulia', 'Marc', '1.1.1969.', 'p');
insert into CandidatesData (idno) VALUES (2144);
insert into PartyMembership (pid, idno) VALUES (3, 2144);
insert into Candidacy (wkid, idno) VALUES (415, 2144);
insert into Landeslistenplatz (llid, idno, position) VALUES (2, 2144, 12);
insert into Citizen (idno, title, firstname, lastname, dateofbirth, gender) VALUES (2145, '', 'Multhaupt', 'Gesine', '1.1.1963.', 'p');
insert into CandidatesData (idno) VALUES (2145);
insert into PartyMembership (pid, idno) VALUES (2, 2145);
insert into Candidacy (wkid, idno) VALUES (327, 2145);
insert into Landeslistenplatz (llid, idno, position) VALUES (1, 2145, 21);
insert into Citizen (idno, title, firstname, lastname, dateofbirth, gender) VALUES (2146, '', 'Munk', 'Margit', '1.1.1984.', 'p');
insert into CandidatesData (idno) VALUES (2146);
insert into PartyMembership (pid, idno) VALUES (9, 2146);
insert into Landeslistenplatz (llid, idno, position) VALUES (9, 2146, 30);
insert into Citizen (idno, title, firstname, lastname, dateofbirth, gender) VALUES (2147, '', 'Munzel', 'Enno', '1.1.1990.', 'p');
insert into CandidatesData (idno) VALUES (2147);
insert into Candidacy (wkid, idno) VALUES (379, 2147);
insert into Citizen (idno, title, firstname, lastname, dateofbirth, gender) VALUES (2148, '', 'Murmann', 'Dr. Philipp', '1.1.1964.', 'p');
insert into CandidatesData (idno) VALUES (2148);
insert into PartyMembership (pid, idno) VALUES (12, 2148);
insert into Candidacy (wkid, idno) VALUES (305, 2148);
insert into Landeslistenplatz (llid, idno, position) VALUES (12, 2148, 10);
insert into Citizen (idno, title, firstname, lastname, dateofbirth, gender) VALUES (2149, '', 'Musil', 'Michael', '1.1.1947.', 'p');
insert into CandidatesData (idno) VALUES (2149);
insert into PartyMembership (pid, idno) VALUES (5, 2149);
insert into Candidacy (wkid, idno) VALUES (504, 2149);
insert into Citizen (idno, title, firstname, lastname, dateofbirth, gender) VALUES (2150, '', 'Mutlu', 'Özcan', '1.1.1968.', 'p');
insert into CandidatesData (idno) VALUES (2150);
insert into PartyMembership (pid, idno) VALUES (5, 2150);
insert into Landeslistenplatz (llid, idno, position) VALUES (5, 2150, 4);
insert into Citizen (idno, title, firstname, lastname, dateofbirth, gender) VALUES (2151, '', 'Mynter', 'Ralf', '1.1.1960.', 'p');
insert into CandidatesData (idno) VALUES (2151);
insert into PartyMembership (pid, idno) VALUES (1, 2151);
insert into Candidacy (wkid, idno) VALUES (550, 2151);
insert into Citizen (idno, title, firstname, lastname, dateofbirth, gender) VALUES (2152, '', 'Nägle', 'Georg', '1.1.1964.', 'p');
insert into CandidatesData (idno) VALUES (2152);
insert into Candidacy (wkid, idno) VALUES (383, 2152);
insert into Citizen (idno, title, firstname, lastname, dateofbirth, gender) VALUES (2153, '', 'Nagel', 'Christof', '1.1.1986.', 'p');
insert into CandidatesData (idno) VALUES (2153);
insert into PartyMembership (pid, idno) VALUES (12, 2153);
insert into Landeslistenplatz (llid, idno, position) VALUES (12, 2153, 47);
insert into Citizen (idno, title, firstname, lastname, dateofbirth, gender) VALUES (2154, '', 'Nagel', 'Erich', '1.1.1941.', 'p');
insert into CandidatesData (idno) VALUES (2154);
insert into Candidacy (wkid, idno) VALUES (330, 2154);
insert into Citizen (idno, title, firstname, lastname, dateofbirth, gender) VALUES (2155, '', 'Nagel', 'Otto', '1.1.1942.', 'p');
insert into CandidatesData (idno) VALUES (2155);
insert into PartyMembership (pid, idno) VALUES (1, 2155);
insert into Candidacy (wkid, idno) VALUES (562, 2155);
insert into Citizen (idno, title, firstname, lastname, dateofbirth, gender) VALUES (2156, '', 'Nagler', 'Mike', '1.1.1978.', 'p');
insert into CandidatesData (idno) VALUES (2156);
insert into PartyMembership (pid, idno) VALUES (3, 2156);
insert into Candidacy (wkid, idno) VALUES (453, 2156);
insert into Landeslistenplatz (llid, idno, position) VALUES (2, 2156, 12);
insert into Citizen (idno, title, firstname, lastname, dateofbirth, gender) VALUES (2157, '', 'Nahles', 'Andrea', '1.1.1970.', 'p');
insert into CandidatesData (idno) VALUES (2157);
insert into PartyMembership (pid, idno) VALUES (2, 2157);
insert into Candidacy (wkid, idno) VALUES (498, 2157);
insert into Landeslistenplatz (llid, idno, position) VALUES (1, 2157, 1);
insert into Citizen (idno, title, firstname, lastname, dateofbirth, gender) VALUES (2158, '', 'Narayan', 'Renate', '1.1.1943.', 'p');
insert into CandidatesData (idno) VALUES (2158);
insert into PartyMembership (pid, idno) VALUES (8, 2158);
insert into Candidacy (wkid, idno) VALUES (431, 2158);
insert into Citizen (idno, title, firstname, lastname, dateofbirth, gender) VALUES (2159, '', 'Nass', 'Jürgen', '1.1.1973.', 'p');
insert into CandidatesData (idno) VALUES (2159);
insert into Candidacy (wkid, idno) VALUES (569, 2159);
insert into Citizen (idno, title, firstname, lastname, dateofbirth, gender) VALUES (2160, '', 'Nassauer', 'Traugott', '1.1.1949.', 'p');
insert into CandidatesData (idno) VALUES (2160);
insert into PartyMembership (pid, idno) VALUES (13, 2160);
insert into Landeslistenplatz (llid, idno, position) VALUES (13, 2160, 2);
insert into Citizen (idno, title, firstname, lastname, dateofbirth, gender) VALUES (2161, '', 'Naterski', 'Denny', '1.1.1980.', 'p');
insert into CandidatesData (idno) VALUES (2161);
insert into PartyMembership (pid, idno) VALUES (1, 2161);
insert into Landeslistenplatz (llid, idno, position) VALUES (3, 2161, 6);
insert into Citizen (idno, title, firstname, lastname, dateofbirth, gender) VALUES (2162, '', 'Naumann', 'Kersten', '1.1.1958.', 'p');
insert into CandidatesData (idno) VALUES (2162);
insert into PartyMembership (pid, idno) VALUES (3, 2162);
insert into Candidacy (wkid, idno) VALUES (490, 2162);
insert into Landeslistenplatz (llid, idno, position) VALUES (2, 2162, 3);
insert into Citizen (idno, title, firstname, lastname, dateofbirth, gender) VALUES (2163, '', 'Naumann', 'Peter', '1.1.1952.', 'p');
insert into CandidatesData (idno) VALUES (2163);
insert into PartyMembership (pid, idno) VALUES (1, 2163);
insert into Candidacy (wkid, idno) VALUES (461, 2163);
insert into Citizen (idno, title, firstname, lastname, dateofbirth, gender) VALUES (2164, '', 'Naumann', 'Ralph Otto', '1.1.1961.', 'p');
insert into CandidatesData (idno) VALUES (2164);
insert into Candidacy (wkid, idno) VALUES (383, 2164);
insert into Citizen (idno, title, firstname, lastname, dateofbirth, gender) VALUES (2165, '', 'Nehring', 'Horst-Bruno', '1.1.1946.', 'p');
insert into CandidatesData (idno) VALUES (2165);
insert into PartyMembership (pid, idno) VALUES (17, 2165);
insert into Landeslistenplatz (llid, idno, position) VALUES (16, 2165, 6);
insert into Citizen (idno, title, firstname, lastname, dateofbirth, gender) VALUES (2166, '', 'Neidlein', 'Alexander', '1.1.1975.', 'p');
insert into CandidatesData (idno) VALUES (2166);
insert into PartyMembership (pid, idno) VALUES (1, 2166);
insert into Candidacy (wkid, idno) VALUES (590, 2166);
insert into Citizen (idno, title, firstname, lastname, dateofbirth, gender) VALUES (2167, '', 'Neskovic', 'Wolfgang', '1.1.1948.', 'p');
insert into CandidatesData (idno) VALUES (2167);
insert into PartyMembership (pid, idno) VALUES (3, 2167);
insert into Candidacy (wkid, idno) VALUES (364, 2167);
insert into Landeslistenplatz (llid, idno, position) VALUES (2, 2167, 4);
insert into Citizen (idno, title, firstname, lastname, dateofbirth, gender) VALUES (2168, '', 'Nestle', 'Ingrid', '1.1.1977.', 'p');
insert into CandidatesData (idno) VALUES (2168);
insert into PartyMembership (pid, idno) VALUES (5, 2168);
insert into Candidacy (wkid, idno) VALUES (300, 2168);
insert into Landeslistenplatz (llid, idno, position) VALUES (5, 2168, 1);
insert into Citizen (idno, title, firstname, lastname, dateofbirth, gender) VALUES (2169, '', 'Nestmann', 'Günther', '1.1.1943.', 'p');
insert into CandidatesData (idno) VALUES (2169);
insert into PartyMembership (pid, idno) VALUES (19, 2169);
insert into Landeslistenplatz (llid, idno, position) VALUES (18, 2169, 4);
insert into Citizen (idno, title, firstname, lastname, dateofbirth, gender) VALUES (2170, '', 'Neubaur', 'Mona', '1.1.1977.', 'p');
insert into CandidatesData (idno) VALUES (2170);
insert into PartyMembership (pid, idno) VALUES (5, 2170);
insert into Candidacy (wkid, idno) VALUES (406, 2170);
insert into Citizen (idno, title, firstname, lastname, dateofbirth, gender) VALUES (2171, '', 'Neudorfer', 'Reinhard', '1.1.1946.', 'p');
insert into CandidatesData (idno) VALUES (2171);
insert into PartyMembership (pid, idno) VALUES (3, 2171);
insert into Candidacy (wkid, idno) VALUES (563, 2171);
insert into Landeslistenplatz (llid, idno, position) VALUES (2, 2171, 10);
insert into Citizen (idno, title, firstname, lastname, dateofbirth, gender) VALUES (2172, '', 'Neumaier', 'Anton', '1.1.1947.', 'p');
insert into CandidatesData (idno) VALUES (2172);
insert into PartyMembership (pid, idno) VALUES (15, 2172);
insert into Landeslistenplatz (llid, idno, position) VALUES (14, 2172, 31);
insert into Citizen (idno, title, firstname, lastname, dateofbirth, gender) VALUES (2173, '', 'Neumann', 'Bernd Otto', '1.1.1942.', 'p');
insert into CandidatesData (idno) VALUES (2173);
insert into PartyMembership (pid, idno) VALUES (12, 2173);
insert into Candidacy (wkid, idno) VALUES (355, 2173);
insert into Landeslistenplatz (llid, idno, position) VALUES (12, 2173, 1);
insert into Citizen (idno, title, firstname, lastname, dateofbirth, gender) VALUES (2174, '', 'Neumann', 'Björn', '1.1.1978.', 'p');
insert into CandidatesData (idno) VALUES (2174);
insert into PartyMembership (pid, idno) VALUES (11, 2174);
insert into Landeslistenplatz (llid, idno, position) VALUES (11, 2174, 2);
insert into Citizen (idno, title, firstname, lastname, dateofbirth, gender) VALUES (2175, '', 'Neumann', 'Jürgen', '1.1.1945.', 'p');
insert into CandidatesData (idno) VALUES (2175);
insert into PartyMembership (pid, idno) VALUES (1, 2175);
insert into Candidacy (wkid, idno) VALUES (346, 2175);
insert into Citizen (idno, title, firstname, lastname, dateofbirth, gender) VALUES (2176, '', 'Neumann', 'Prof. Dr. Martin', '1.1.1956.', 'p');
insert into CandidatesData (idno) VALUES (2176);
insert into PartyMembership (pid, idno) VALUES (4, 2176);
insert into Candidacy (wkid, idno) VALUES (364, 2176);
insert into Landeslistenplatz (llid, idno, position) VALUES (4, 2176, 2);
insert into Citizen (idno, title, firstname, lastname, dateofbirth, gender) VALUES (2177, '', 'Neumann', 'Dr. Peter', '1.1.1956.', 'p');
insert into CandidatesData (idno) VALUES (2177);
insert into PartyMembership (pid, idno) VALUES (12, 2177);
insert into Landeslistenplatz (llid, idno, position) VALUES (12, 2177, 54);
insert into Citizen (idno, title, firstname, lastname, dateofbirth, gender) VALUES (2178, '', 'Neumann', 'Reiner', '1.1.1971.', 'p');
insert into CandidatesData (idno) VALUES (2178);
insert into PartyMembership (pid, idno) VALUES (5, 2178);
insert into Candidacy (wkid, idno) VALUES (415, 2178);
insert into Landeslistenplatz (llid, idno, position) VALUES (5, 2178, 28);
insert into Citizen (idno, title, firstname, lastname, dateofbirth, gender) VALUES (2179, '', 'Neumann', 'Ute Vibeke', '1.1.1954.', 'p');
insert into CandidatesData (idno) VALUES (2179);
insert into Candidacy (wkid, idno) VALUES (345, 2179);
insert into Citizen (idno, title, firstname, lastname, dateofbirth, gender) VALUES (2180, '', 'Neumayer', 'Anja', '1.1.1976.', 'p');
insert into CandidatesData (idno) VALUES (2180);
insert into PartyMembership (pid, idno) VALUES (15, 2180);
insert into Landeslistenplatz (llid, idno, position) VALUES (14, 2180, 32);
insert into Citizen (idno, title, firstname, lastname, dateofbirth, gender) VALUES (2181, '', 'Neumayer', 'Dr. Franz Josef', '1.1.1953.', 'p');
insert into CandidatesData (idno) VALUES (2181);
insert into PartyMembership (pid, idno) VALUES (4, 2181);
insert into Landeslistenplatz (llid, idno, position) VALUES (4, 2181, 40);
insert into Citizen (idno, title, firstname, lastname, dateofbirth, gender) VALUES (2182, '', 'Neuner', 'Andreas', '1.1.1968.', 'p');
insert into CandidatesData (idno) VALUES (2182);
insert into PartyMembership (pid, idno) VALUES (4, 2182);
insert into Candidacy (wkid, idno) VALUES (543, 2182);
insert into Landeslistenplatz (llid, idno, position) VALUES (4, 2182, 38);
insert into Citizen (idno, title, firstname, lastname, dateofbirth, gender) VALUES (2183, '', 'Neuschwander', 'Thomas Ulrich', '1.1.1965.', 'p');
insert into CandidatesData (idno) VALUES (2183);
insert into PartyMembership (pid, idno) VALUES (22, 2183);
insert into Landeslistenplatz (llid, idno, position) VALUES (22, 2183, 2);
insert into Citizen (idno, title, firstname, lastname, dateofbirth, gender) VALUES (2184, '', 'Ney', 'Jürgen', '1.1.1940.', 'p');
insert into CandidatesData (idno) VALUES (2184);
insert into PartyMembership (pid, idno) VALUES (19, 2184);
insert into Landeslistenplatz (llid, idno, position) VALUES (18, 2184, 8);
insert into Citizen (idno, title, firstname, lastname, dateofbirth, gender) VALUES (2185, '', 'Nianur', 'Narziss', '1.1.1964.', 'p');
insert into CandidatesData (idno) VALUES (2185);
insert into PartyMembership (pid, idno) VALUES (13, 2185);
insert into Landeslistenplatz (llid, idno, position) VALUES (13, 2185, 4);
insert into Citizen (idno, title, firstname, lastname, dateofbirth, gender) VALUES (2186, '', 'Niazi-Shahabi', 'Vera', '1.1.1950.', 'p');
insert into CandidatesData (idno) VALUES (2186);
insert into PartyMembership (pid, idno) VALUES (3, 2186);
insert into Candidacy (wkid, idno) VALUES (321, 2186);
insert into Citizen (idno, title, firstname, lastname, dateofbirth, gender) VALUES (2187, '', 'Nickel', 'Erika', '1.1.1950.', 'p');
insert into CandidatesData (idno) VALUES (2187);
insert into PartyMembership (pid, idno) VALUES (12, 2187);
insert into Landeslistenplatz (llid, idno, position) VALUES (12, 2187, 32);
insert into Citizen (idno, title, firstname, lastname, dateofbirth, gender) VALUES (2188, '', 'Nickel', 'Margarete', '1.1.1946.', 'p');
insert into CandidatesData (idno) VALUES (2188);
insert into PartyMembership (pid, idno) VALUES (22, 2188);
insert into Candidacy (wkid, idno) VALUES (508, 2188);
insert into Landeslistenplatz (llid, idno, position) VALUES (22, 2188, 1);
insert into Citizen (idno, title, firstname, lastname, dateofbirth, gender) VALUES (2189, '', 'Nickel', 'Otto Lothar', '1.1.1937.', 'p');
insert into CandidatesData (idno) VALUES (2189);
insert into PartyMembership (pid, idno) VALUES (22, 2189);
insert into Landeslistenplatz (llid, idno, position) VALUES (22, 2189, 8);
insert into Citizen (idno, title, firstname, lastname, dateofbirth, gender) VALUES (2190, '', 'Nicklis', 'Gabriele Monika Karin', '1.1.1957.', 'p');
insert into CandidatesData (idno) VALUES (2190);
insert into PartyMembership (pid, idno) VALUES (17, 2190);
insert into Landeslistenplatz (llid, idno, position) VALUES (16, 2190, 4);
insert into Citizen (idno, title, firstname, lastname, dateofbirth, gender) VALUES (2191, '', 'Nickoleit', 'Reinhard Erich', '1.1.1947.', 'p');
insert into CandidatesData (idno) VALUES (2191);
insert into PartyMembership (pid, idno) VALUES (14, 2191);
insert into Landeslistenplatz (llid, idno, position) VALUES (21, 2191, 20);
insert into Citizen (idno, title, firstname, lastname, dateofbirth, gender) VALUES (2192, '', 'Niebel', 'Dirk', '1.1.1963.', 'p');
insert into CandidatesData (idno) VALUES (2192);
insert into PartyMembership (pid, idno) VALUES (4, 2192);
insert into Candidacy (wkid, idno) VALUES (573, 2192);
insert into Landeslistenplatz (llid, idno, position) VALUES (4, 2192, 2);
insert into Citizen (idno, title, firstname, lastname, dateofbirth, gender) VALUES (2193, '', 'Niederländer', 'Josef', '1.1.1950.', 'p');
insert into CandidatesData (idno) VALUES (2193);
insert into PartyMembership (pid, idno) VALUES (27, 2193);
insert into Landeslistenplatz (llid, idno, position) VALUES (26, 2193, 4);
insert into Citizen (idno, title, firstname, lastname, dateofbirth, gender) VALUES (2194, '', 'Niedermayr', 'Franz', '1.1.1960.', 'p');
insert into CandidatesData (idno) VALUES (2194);
insert into PartyMembership (pid, idno) VALUES (4, 2194);
insert into Candidacy (wkid, idno) VALUES (514, 2194);
insert into Landeslistenplatz (llid, idno, position) VALUES (4, 2194, 35);
insert into Citizen (idno, title, firstname, lastname, dateofbirth, gender) VALUES (2195, '', 'Niedermeier', 'Kornelia', '1.1.1965.', 'p');
insert into CandidatesData (idno) VALUES (2195);
insert into PartyMembership (pid, idno) VALUES (20, 2195);
insert into Landeslistenplatz (llid, idno, position) VALUES (19, 2195, 3);
insert into Citizen (idno, title, firstname, lastname, dateofbirth, gender) VALUES (2196, '', 'Nier', 'Gerd', '1.1.1947.', 'p');
insert into CandidatesData (idno) VALUES (2196);
insert into PartyMembership (pid, idno) VALUES (3, 2196);
insert into Candidacy (wkid, idno) VALUES (353, 2196);
insert into Landeslistenplatz (llid, idno, position) VALUES (2, 2196, 8);
insert into Citizen (idno, title, firstname, lastname, dateofbirth, gender) VALUES (2197, '', 'Nietan', 'Dietmar', '1.1.1964.', 'p');
insert into CandidatesData (idno) VALUES (2197);
insert into PartyMembership (pid, idno) VALUES (2, 2197);
insert into Candidacy (wkid, idno) VALUES (390, 2197);
insert into Landeslistenplatz (llid, idno, position) VALUES (1, 2197, 11);
insert into Citizen (idno, title, firstname, lastname, dateofbirth, gender) VALUES (2198, '', 'Niggemann', 'Werner', '1.1.1949.', 'p');
insert into CandidatesData (idno) VALUES (2198);
insert into PartyMembership (pid, idno) VALUES (13, 2198);
insert into Landeslistenplatz (llid, idno, position) VALUES (13, 2198, 5);
insert into Citizen (idno, title, firstname, lastname, dateofbirth, gender) VALUES (2199, '', 'Nink', 'Manfred', '1.1.1950.', 'p');
insert into CandidatesData (idno) VALUES (2199);
insert into PartyMembership (pid, idno) VALUES (2, 2199);
insert into Candidacy (wkid, idno) VALUES (503, 2199);
insert into Landeslistenplatz (llid, idno, position) VALUES (1, 2199, 7);
insert into Citizen (idno, title, firstname, lastname, dateofbirth, gender) VALUES (2200, '', 'Nissen', 'Ulrike', '1.1.1959.', 'p');
insert into CandidatesData (idno) VALUES (2200);
insert into PartyMembership (pid, idno) VALUES (2, 2200);
insert into Candidacy (wkid, idno) VALUES (482, 2200);
insert into Landeslistenplatz (llid, idno, position) VALUES (1, 2200, 20);
insert into Citizen (idno, title, firstname, lastname, dateofbirth, gender) VALUES (2201, '', 'Nitsche', 'Valérie Vivienne', '1.1.1963.', 'p');
insert into CandidatesData (idno) VALUES (2201);
insert into PartyMembership (pid, idno) VALUES (5, 2201);
insert into Landeslistenplatz (llid, idno, position) VALUES (5, 2201, 31);
insert into Citizen (idno, title, firstname, lastname, dateofbirth, gender) VALUES (2202, '', 'Nitz', 'Inga', '1.1.1979.', 'p');
insert into CandidatesData (idno) VALUES (2202);
insert into PartyMembership (pid, idno) VALUES (3, 2202);
insert into Candidacy (wkid, idno) VALUES (355, 2202);
insert into Citizen (idno, title, firstname, lastname, dateofbirth, gender) VALUES (2203, '', 'Noffke', 'Franz', '1.1.1951.', 'p');
insert into CandidatesData (idno) VALUES (2203);
insert into PartyMembership (pid, idno) VALUES (19, 2203);
insert into Candidacy (wkid, idno) VALUES (536, 2203);
insert into Citizen (idno, title, firstname, lastname, dateofbirth, gender) VALUES (2204, '', 'Noll', 'Michaela', '1.1.1959.', 'p');
insert into CandidatesData (idno) VALUES (2204);
insert into PartyMembership (pid, idno) VALUES (12, 2204);
insert into Candidacy (wkid, idno) VALUES (404, 2204);
insert into Landeslistenplatz (llid, idno, position) VALUES (12, 2204, 18);
insert into Citizen (idno, title, firstname, lastname, dateofbirth, gender) VALUES (2205, '', 'Noller', 'Maren', '1.1.1978.', 'p');
insert into CandidatesData (idno) VALUES (2205);
insert into PartyMembership (pid, idno) VALUES (4, 2205);
insert into Landeslistenplatz (llid, idno, position) VALUES (4, 2205, 3);
insert into Citizen (idno, title, firstname, lastname, dateofbirth, gender) VALUES (2206, '', 'Nolte', 'Veronika', '1.1.1955.', 'p');
insert into CandidatesData (idno) VALUES (2206);
insert into PartyMembership (pid, idno) VALUES (2, 2206);
insert into Landeslistenplatz (llid, idno, position) VALUES (1, 2206, 62);
insert into Citizen (idno, title, firstname, lastname, dateofbirth, gender) VALUES (2207, '', 'Nord', 'Thomas', '1.1.1957.', 'p');
insert into CandidatesData (idno) VALUES (2207);
insert into PartyMembership (pid, idno) VALUES (3, 2207);
insert into Candidacy (wkid, idno) VALUES (363, 2207);
insert into Landeslistenplatz (llid, idno, position) VALUES (2, 2207, 2);
insert into Citizen (idno, title, firstname, lastname, dateofbirth, gender) VALUES (2208, '', 'Notz von', 'Dr. Konstantin', '1.1.1971.', 'p');
insert into CandidatesData (idno) VALUES (2208);
insert into PartyMembership (pid, idno) VALUES (5, 2208);
insert into Candidacy (wkid, idno) VALUES (309, 2208);
insert into Landeslistenplatz (llid, idno, position) VALUES (5, 2208, 2);
insert into Citizen (idno, title, firstname, lastname, dateofbirth, gender) VALUES (2209, '', 'Nou', 'Dominique Julien', '1.1.1987.', 'p');
insert into CandidatesData (idno) VALUES (2209);
insert into PartyMembership (pid, idno) VALUES (2, 2209);
insert into Landeslistenplatz (llid, idno, position) VALUES (1, 2209, 52);
insert into Citizen (idno, title, firstname, lastname, dateofbirth, gender) VALUES (2210, '', 'Nouripour', 'Omid', '1.1.1975.', 'p');
insert into CandidatesData (idno) VALUES (2210);
insert into PartyMembership (pid, idno) VALUES (5, 2210);
insert into Candidacy (wkid, idno) VALUES (482, 2210);
insert into Landeslistenplatz (llid, idno, position) VALUES (5, 2210, 2);
insert into Citizen (idno, title, firstname, lastname, dateofbirth, gender) VALUES (2211, '', 'Nowak', 'Janus', '1.1.1978.', 'p');
insert into CandidatesData (idno) VALUES (2211);
insert into PartyMembership (pid, idno) VALUES (1, 2211);
insert into Candidacy (wkid, idno) VALUES (559, 2211);
insert into Landeslistenplatz (llid, idno, position) VALUES (3, 2211, 2);
insert into Citizen (idno, title, firstname, lastname, dateofbirth, gender) VALUES (2212, '', 'Nowak', 'Kim', '1.1.1983.', 'p');
insert into CandidatesData (idno) VALUES (2212);
insert into PartyMembership (pid, idno) VALUES (19, 2212);
insert into Candidacy (wkid, idno) VALUES (475, 2212);
insert into Citizen (idno, title, firstname, lastname, dateofbirth, gender) VALUES (2213, '', 'Nowotny', 'Dr. Hannedore', '1.1.1952.', 'p');
insert into CandidatesData (idno) VALUES (2213);
insert into PartyMembership (pid, idno) VALUES (2, 2213);
insert into Candidacy (wkid, idno) VALUES (545, 2213);
insert into Landeslistenplatz (llid, idno, position) VALUES (1, 2213, 28);
insert into Citizen (idno, title, firstname, lastname, dateofbirth, gender) VALUES (2214, '', 'Nürnberger', 'Peter Willy', '1.1.1949.', 'p');
insert into CandidatesData (idno) VALUES (2214);
insert into PartyMembership (pid, idno) VALUES (1, 2214);
insert into Landeslistenplatz (llid, idno, position) VALUES (3, 2214, 1);
insert into Citizen (idno, title, firstname, lastname, dateofbirth, gender) VALUES (2215, '', 'Nüßlein', 'Dr. Arnulf', '1.1.1937.', 'p');
insert into CandidatesData (idno) VALUES (2215);
insert into PartyMembership (pid, idno) VALUES (5, 2215);
insert into Candidacy (wkid, idno) VALUES (338, 2215);
insert into Citizen (idno, title, firstname, lastname, dateofbirth, gender) VALUES (2216, '', 'Nüßlein', 'Dr. Georg', '1.1.1969.', 'p');
insert into CandidatesData (idno) VALUES (2216);
insert into PartyMembership (pid, idno) VALUES (9, 2216);
insert into Candidacy (wkid, idno) VALUES (554, 2216);
insert into Citizen (idno, title, firstname, lastname, dateofbirth, gender) VALUES (2217, '', 'Numberger', 'Joachim', '1.1.1959.', 'p');
insert into CandidatesData (idno) VALUES (2217);
insert into PartyMembership (pid, idno) VALUES (19, 2217);
insert into Landeslistenplatz (llid, idno, position) VALUES (18, 2217, 15);
insert into Citizen (idno, title, firstname, lastname, dateofbirth, gender) VALUES (2218, '', 'Oberhausen', 'Erich Volker', '1.1.1959.', 'p');
insert into CandidatesData (idno) VALUES (2218);
insert into PartyMembership (pid, idno) VALUES (12, 2218);
insert into Landeslistenplatz (llid, idno, position) VALUES (12, 2218, 22);
insert into Citizen (idno, title, firstname, lastname, dateofbirth, gender) VALUES (2219, '', 'Oberlack', 'Dr. Hans Günther', '1.1.1956.', 'p');
insert into CandidatesData (idno) VALUES (2219);
insert into PartyMembership (pid, idno) VALUES (4, 2219);
insert into Landeslistenplatz (llid, idno, position) VALUES (4, 2219, 10);
insert into Citizen (idno, title, firstname, lastname, dateofbirth, gender) VALUES (2220, '', 'Obermeier', 'Franz', '1.1.1946.', 'p');
insert into CandidatesData (idno) VALUES (2220);
insert into PartyMembership (pid, idno) VALUES (9, 2220);
insert into Candidacy (wkid, idno) VALUES (514, 2220);
insert into Citizen (idno, title, firstname, lastname, dateofbirth, gender) VALUES (2221, '', 'Oberscheid', 'Marc-Ernst', '1.1.1962.', 'p');
insert into CandidatesData (idno) VALUES (2221);
insert into PartyMembership (pid, idno) VALUES (4, 2221);
insert into Candidacy (wkid, idno) VALUES (593, 2221);
insert into Landeslistenplatz (llid, idno, position) VALUES (4, 2221, 36);
insert into Citizen (idno, title, firstname, lastname, dateofbirth, gender) VALUES (2222, '', 'Obieray', 'Monika', '1.1.1952.', 'p');
insert into CandidatesData (idno) VALUES (2222);
insert into PartyMembership (pid, idno) VALUES (5, 2222);
insert into Landeslistenplatz (llid, idno, position) VALUES (5, 2222, 5);
insert into Citizen (idno, title, firstname, lastname, dateofbirth, gender) VALUES (2223, '', 'Och', 'Tanja', '1.1.1974.', 'p');
insert into CandidatesData (idno) VALUES (2223);
insert into PartyMembership (pid, idno) VALUES (8, 2223);
insert into Candidacy (wkid, idno) VALUES (539, 2223);
insert into Landeslistenplatz (llid, idno, position) VALUES (8, 2223, 29);
insert into Citizen (idno, title, firstname, lastname, dateofbirth, gender) VALUES (2224, '', 'Odenthal', 'Holger', '1.1.1967.', 'p');
insert into CandidatesData (idno) VALUES (2224);
insert into PartyMembership (pid, idno) VALUES (1, 2224);
insert into Candidacy (wkid, idno) VALUES (453, 2224);
insert into Citizen (idno, title, firstname, lastname, dateofbirth, gender) VALUES (2225, '', 'Oelke', 'Kay', '1.1.1959.', 'p');
insert into CandidatesData (idno) VALUES (2225);
insert into PartyMembership (pid, idno) VALUES (1, 2225);
insert into Candidacy (wkid, idno) VALUES (309, 2225);
insert into Landeslistenplatz (llid, idno, position) VALUES (3, 2225, 5);
insert into Citizen (idno, title, firstname, lastname, dateofbirth, gender) VALUES (2226, '', 'Oelmayer', 'Thomas', '1.1.1954.', 'p');
insert into CandidatesData (idno) VALUES (2226);
insert into PartyMembership (pid, idno) VALUES (5, 2226);
insert into Candidacy (wkid, idno) VALUES (591, 2226);
insert into Citizen (idno, title, firstname, lastname, dateofbirth, gender) VALUES (2227, '', 'Östereich', 'Cornelia', '1.1.1961.', 'p');
insert into CandidatesData (idno) VALUES (2227);
insert into PartyMembership (pid, idno) VALUES (2, 2227);
insert into Landeslistenplatz (llid, idno, position) VALUES (1, 2227, 13);
insert into Citizen (idno, title, firstname, lastname, dateofbirth, gender) VALUES (2228, '', 'Oettler', 'Frank', '1.1.1966.', 'p');
insert into CandidatesData (idno) VALUES (2228);
insert into PartyMembership (pid, idno) VALUES (13, 2228);
insert into Candidacy (wkid, idno) VALUES (372, 2228);
insert into Landeslistenplatz (llid, idno, position) VALUES (13, 2228, 3);
insert into Citizen (idno, title, firstname, lastname, dateofbirth, gender) VALUES (2229, '', 'Oetzel', 'Dirk', '1.1.1970.', 'p');
insert into CandidatesData (idno) VALUES (2229);
insert into PartyMembership (pid, idno) VALUES (2, 2229);
insert into Landeslistenplatz (llid, idno, position) VALUES (1, 2229, 36);
insert into Citizen (idno, title, firstname, lastname, dateofbirth, gender) VALUES (2230, '', 'Özdemir', 'Cem', '1.1.1965.', 'p');
insert into CandidatesData (idno) VALUES (2230);
insert into PartyMembership (pid, idno) VALUES (5, 2230);
insert into Candidacy (wkid, idno) VALUES (557, 2230);
insert into Citizen (idno, title, firstname, lastname, dateofbirth, gender) VALUES (2231, '', 'Özoguz', 'Aydan', '1.1.1967.', 'p');
insert into CandidatesData (idno) VALUES (2231);
insert into PartyMembership (pid, idno) VALUES (2, 2231);
insert into Landeslistenplatz (llid, idno, position) VALUES (1, 2231, 2);
insert into Citizen (idno, title, firstname, lastname, dateofbirth, gender) VALUES (2232, '', 'Offermann', 'Rolf', '1.1.1960.', 'p');
insert into CandidatesData (idno) VALUES (2232);
insert into PartyMembership (pid, idno) VALUES (4, 2232);
insert into Candidacy (wkid, idno) VALUES (363, 2232);
insert into Landeslistenplatz (llid, idno, position) VALUES (4, 2232, 5);
insert into Citizen (idno, title, firstname, lastname, dateofbirth, gender) VALUES (2233, '', 'Ofori', 'Silvia', '1.1.1956.', 'p');
insert into CandidatesData (idno) VALUES (2233);
insert into PartyMembership (pid, idno) VALUES (3, 2233);
insert into Candidacy (wkid, idno) VALUES (567, 2233);
insert into Citizen (idno, title, firstname, lastname, dateofbirth, gender) VALUES (2234, '', 'Ohnemüller', 'René', '1.1.1968.', 'p');
insert into CandidatesData (idno) VALUES (2234);
insert into PartyMembership (pid, idno) VALUES (22, 2234);
insert into Candidacy (wkid, idno) VALUES (541, 2234);
insert into Landeslistenplatz (llid, idno, position) VALUES (22, 2234, 8);
insert into Citizen (idno, title, firstname, lastname, dateofbirth, gender) VALUES (2235, '', 'Olbrich-Tripp', 'Elke', '1.1.1956.', 'p');
insert into CandidatesData (idno) VALUES (2235);
insert into PartyMembership (pid, idno) VALUES (5, 2235);
insert into Candidacy (wkid, idno) VALUES (450, 2235);
insert into Citizen (idno, title, firstname, lastname, dateofbirth, gender) VALUES (2236, '', 'Oldenburg', 'Heinrich Herbert', '1.1.1941.', 'p');
insert into CandidatesData (idno) VALUES (2236);
insert into PartyMembership (pid, idno) VALUES (22, 2236);
insert into Landeslistenplatz (llid, idno, position) VALUES (22, 2236, 5);
insert into Citizen (idno, title, firstname, lastname, dateofbirth, gender) VALUES (2237, '', 'Ollert', 'Ralf Günther Josef', '1.1.1960.', 'p');
insert into CandidatesData (idno) VALUES (2237);
insert into PartyMembership (pid, idno) VALUES (1, 2237);
insert into Landeslistenplatz (llid, idno, position) VALUES (3, 2237, 1);
insert into Citizen (idno, title, firstname, lastname, dateofbirth, gender) VALUES (2238, '', 'Opitz', 'Klaus', '1.1.1942.', 'p');
insert into CandidatesData (idno) VALUES (2238);
insert into PartyMembership (pid, idno) VALUES (19, 2238);
insert into Candidacy (wkid, idno) VALUES (477, 2238);
insert into Landeslistenplatz (llid, idno, position) VALUES (18, 2238, 8);
insert into Citizen (idno, title, firstname, lastname, dateofbirth, gender) VALUES (2239, '', 'Opitz', 'Wilfried', '1.1.1951.', 'p');
insert into CandidatesData (idno) VALUES (2239);
insert into PartyMembership (pid, idno) VALUES (19, 2239);
insert into Landeslistenplatz (llid, idno, position) VALUES (18, 2239, 5);
insert into Citizen (idno, title, firstname, lastname, dateofbirth, gender) VALUES (2240, '', 'Oppermann', 'Thomas', '1.1.1954.', 'p');
insert into CandidatesData (idno) VALUES (2240);
insert into PartyMembership (pid, idno) VALUES (2, 2240);
insert into Candidacy (wkid, idno) VALUES (353, 2240);
insert into Landeslistenplatz (llid, idno, position) VALUES (1, 2240, 5);
insert into Citizen (idno, title, firstname, lastname, dateofbirth, gender) VALUES (2241, '', 'Ortel', 'Holger', '1.1.1951.', 'p');
insert into CandidatesData (idno) VALUES (2241);
insert into PartyMembership (pid, idno) VALUES (2, 2241);
insert into Candidacy (wkid, idno) VALUES (328, 2241);
insert into Landeslistenplatz (llid, idno, position) VALUES (1, 2241, 9);
insert into Citizen (idno, title, firstname, lastname, dateofbirth, gender) VALUES (2242, '', 'Oschmann', 'Lutz', '1.1.1948.', 'p');
insert into CandidatesData (idno) VALUES (2242);
insert into PartyMembership (pid, idno) VALUES (5, 2242);
insert into Candidacy (wkid, idno) VALUES (304, 2242);
insert into Citizen (idno, title, firstname, lastname, dateofbirth, gender) VALUES (2243, '', 'Osinski', 'Petra', '1.1.1944.', 'p');
insert into CandidatesData (idno) VALUES (2243);
insert into PartyMembership (pid, idno) VALUES (5, 2243);
insert into Candidacy (wkid, idno) VALUES (321, 2243);
insert into Landeslistenplatz (llid, idno, position) VALUES (5, 2243, 5);
insert into Citizen (idno, title, firstname, lastname, dateofbirth, gender) VALUES (2244, '', 'Oßwald', 'Lukas', '1.1.1966.', 'p');
insert into CandidatesData (idno) VALUES (2244);
insert into PartyMembership (pid, idno) VALUES (3, 2244);
insert into Candidacy (wkid, idno) VALUES (582, 2244);
insert into Citizen (idno, title, firstname, lastname, dateofbirth, gender) VALUES (2245, '', 'Ostendorff', 'Friedrich', '1.1.1953.', 'p');
insert into CandidatesData (idno) VALUES (2245);
insert into PartyMembership (pid, idno) VALUES (5, 2245);
insert into Candidacy (wkid, idno) VALUES (444, 2245);
insert into Landeslistenplatz (llid, idno, position) VALUES (5, 2245, 14);
insert into Citizen (idno, title, firstname, lastname, dateofbirth, gender) VALUES (2246, '', 'Ostertag', 'Olaf Michael', '1.1.1969.', 'p');
insert into CandidatesData (idno) VALUES (2246);
insert into PartyMembership (pid, idno) VALUES (3, 2246);
insert into Candidacy (wkid, idno) VALUES (379, 2246);
insert into Landeslistenplatz (llid, idno, position) VALUES (2, 2246, 8);
insert into Citizen (idno, title, firstname, lastname, dateofbirth, gender) VALUES (2247, '', 'Ostheimer', 'Dr. Volker', '1.1.1968.', 'p');
insert into CandidatesData (idno) VALUES (2247);
insert into PartyMembership (pid, idno) VALUES (2, 2247);
insert into Landeslistenplatz (llid, idno, position) VALUES (1, 2247, 20);
insert into Citizen (idno, title, firstname, lastname, dateofbirth, gender) VALUES (2248, '', 'Oswald', 'Eduard', '1.1.1947.', 'p');
insert into CandidatesData (idno) VALUES (2248);
insert into PartyMembership (pid, idno) VALUES (9, 2248);
insert into Candidacy (wkid, idno) VALUES (552, 2248);
insert into Citizen (idno, title, firstname, lastname, dateofbirth, gender) VALUES (2249, '', 'Ott', 'Dr. Hermann', '1.1.1961.', 'p');
insert into CandidatesData (idno) VALUES (2249);
insert into PartyMembership (pid, idno) VALUES (5, 2249);
insert into Candidacy (wkid, idno) VALUES (402, 2249);
insert into Landeslistenplatz (llid, idno, position) VALUES (5, 2249, 12);
insert into Citizen (idno, title, firstname, lastname, dateofbirth, gender) VALUES (2250, '', 'Otte', 'Henning', '1.1.1968.', 'p');
insert into CandidatesData (idno) VALUES (2250);
insert into PartyMembership (pid, idno) VALUES (12, 2250);
insert into Candidacy (wkid, idno) VALUES (344, 2250);
insert into Landeslistenplatz (llid, idno, position) VALUES (12, 2250, 19);
insert into Citizen (idno, title, firstname, lastname, dateofbirth, gender) VALUES (2251, '', 'Ottmar', 'Matthias', '1.1.1981.', 'p');
insert into CandidatesData (idno) VALUES (2251);
insert into PartyMembership (pid, idno) VALUES (19, 2251);
insert into Candidacy (wkid, idno) VALUES (481, 2251);
insert into Landeslistenplatz (llid, idno, position) VALUES (18, 2251, 7);
insert into Citizen (idno, title, firstname, lastname, dateofbirth, gender) VALUES (2252, '', 'Otto', 'Birgit', '1.1.1957.', 'p');
insert into CandidatesData (idno) VALUES (2252);
insert into PartyMembership (pid, idno) VALUES (12, 2252);
insert into Landeslistenplatz (llid, idno, position) VALUES (12, 2252, 26);
insert into Citizen (idno, title, firstname, lastname, dateofbirth, gender) VALUES (2253, '', 'Otto', 'Hans-Joachim', '1.1.1952.', 'p');
insert into CandidatesData (idno) VALUES (2253);
insert into PartyMembership (pid, idno) VALUES (4, 2253);
insert into Candidacy (wkid, idno) VALUES (481, 2253);
insert into Landeslistenplatz (llid, idno, position) VALUES (4, 2253, 4);
insert into Citizen (idno, title, firstname, lastname, dateofbirth, gender) VALUES (2254, '', 'Otto', 'Stephanie Irmgard Gertrud', '1.1.1963.', 'p');
insert into CandidatesData (idno) VALUES (2254);
insert into PartyMembership (pid, idno) VALUES (5, 2254);
insert into Candidacy (wkid, idno) VALUES (501, 2254);
insert into Citizen (idno, title, firstname, lastname, dateofbirth, gender) VALUES (2255, '', 'Pabsch', 'Severin', '1.1.1988.', 'p');
insert into CandidatesData (idno) VALUES (2255);
insert into PartyMembership (pid, idno) VALUES (2, 2255);
insert into Landeslistenplatz (llid, idno, position) VALUES (1, 2255, 9);
insert into Citizen (idno, title, firstname, lastname, dateofbirth, gender) VALUES (2256, '', 'Päßler', 'Eveline', '1.1.1963.', 'p');
insert into CandidatesData (idno) VALUES (2256);
insert into PartyMembership (pid, idno) VALUES (12, 2256);
insert into Landeslistenplatz (llid, idno, position) VALUES (12, 2256, 11);
insert into Citizen (idno, title, firstname, lastname, dateofbirth, gender) VALUES (2257, '', 'Pätzold', 'Ulrich', '1.1.1959.', 'p');
insert into CandidatesData (idno) VALUES (2257);
insert into PartyMembership (pid, idno) VALUES (1, 2257);
insert into Candidacy (wkid, idno) VALUES (464, 2257);
insert into Citizen (idno, title, firstname, lastname, dateofbirth, gender) VALUES (2258, '', 'Panetta', 'Rodolfo', '1.1.1952.', 'p');
insert into CandidatesData (idno) VALUES (2258);
insert into PartyMembership (pid, idno) VALUES (19, 2258);
insert into Landeslistenplatz (llid, idno, position) VALUES (18, 2258, 4);
insert into Citizen (idno, title, firstname, lastname, dateofbirth, gender) VALUES (2259, '', 'Pannicke', 'Rolf', '1.1.1969.', 'p');
insert into CandidatesData (idno) VALUES (2259);
insert into PartyMembership (pid, idno) VALUES (3, 2259);
insert into Candidacy (wkid, idno) VALUES (526, 2259);
insert into Citizen (idno, title, firstname, lastname, dateofbirth, gender) VALUES (2260, '', 'Panzer', 'Karsten', '1.1.1970.', 'p');
insert into CandidatesData (idno) VALUES (2260);
insert into PartyMembership (pid, idno) VALUES (1, 2260);
insert into Candidacy (wkid, idno) VALUES (534, 2260);
insert into Citizen (idno, title, firstname, lastname, dateofbirth, gender) VALUES (2261, '', 'Parbs', 'Eva Anna', '1.1.1948.', 'p');
insert into CandidatesData (idno) VALUES (2261);
insert into PartyMembership (pid, idno) VALUES (4, 2261);
insert into Landeslistenplatz (llid, idno, position) VALUES (4, 2261, 10);
insert into Citizen (idno, title, firstname, lastname, dateofbirth, gender) VALUES (2262, '', 'Parr', 'Andreas', '1.1.1971.', 'p');
insert into CandidatesData (idno) VALUES (2262);
insert into PartyMembership (pid, idno) VALUES (2, 2262);
insert into Candidacy (wkid, idno) VALUES (546, 2262);
insert into Landeslistenplatz (llid, idno, position) VALUES (1, 2262, 31);
insert into Citizen (idno, title, firstname, lastname, dateofbirth, gender) VALUES (2263, '', 'Pastörs', 'Udo', '1.1.1952.', 'p');
insert into CandidatesData (idno) VALUES (2263);
insert into PartyMembership (pid, idno) VALUES (1, 2263);
insert into Candidacy (wkid, idno) VALUES (312, 2263);
insert into Landeslistenplatz (llid, idno, position) VALUES (3, 2263, 1);
insert into Citizen (idno, title, firstname, lastname, dateofbirth, gender) VALUES (2264, '', 'Pau', 'Petra', '1.1.1963.', 'p');
insert into CandidatesData (idno) VALUES (2264);
insert into PartyMembership (pid, idno) VALUES (3, 2264);
insert into Candidacy (wkid, idno) VALUES (385, 2264);
insert into Landeslistenplatz (llid, idno, position) VALUES (2, 2264, 2);
insert into Citizen (idno, title, firstname, lastname, dateofbirth, gender) VALUES (2265, '', 'Paul', 'Dr. Michael', '1.1.1964.', 'p');
insert into CandidatesData (idno) VALUES (2265);
insert into PartyMembership (pid, idno) VALUES (12, 2265);
insert into Candidacy (wkid, idno) VALUES (394, 2265);
insert into Landeslistenplatz (llid, idno, position) VALUES (12, 2265, 55);
insert into Citizen (idno, title, firstname, lastname, dateofbirth, gender) VALUES (2266, '', 'Paula', 'Heinz', '1.1.1951.', 'p');
insert into CandidatesData (idno) VALUES (2266);
insert into PartyMembership (pid, idno) VALUES (2, 2266);
insert into Candidacy (wkid, idno) VALUES (551, 2266);
insert into Landeslistenplatz (llid, idno, position) VALUES (1, 2266, 7);
insert into Citizen (idno, title, firstname, lastname, dateofbirth, gender) VALUES (2267, '', 'Paule', 'Stephan', '1.1.1977.', 'p');
insert into CandidatesData (idno) VALUES (2267);
insert into PartyMembership (pid, idno) VALUES (12, 2267);
insert into Landeslistenplatz (llid, idno, position) VALUES (12, 2267, 42);
insert into Citizen (idno, title, firstname, lastname, dateofbirth, gender) VALUES (2268, '', 'Pauli', 'Wolfgang Ludwig Max', '1.1.1936.', 'p');
insert into CandidatesData (idno) VALUES (2268);
insert into PartyMembership (pid, idno) VALUES (3, 2268);
insert into Candidacy (wkid, idno) VALUES (439, 2268);
insert into Citizen (idno, title, firstname, lastname, dateofbirth, gender) VALUES (2269, '', 'Paus', 'Elisabeth', '1.1.1968.', 'p');
insert into CandidatesData (idno) VALUES (2269);
insert into PartyMembership (pid, idno) VALUES (5, 2269);
insert into Candidacy (wkid, idno) VALUES (380, 2269);
insert into Landeslistenplatz (llid, idno, position) VALUES (5, 2269, 3);
insert into Citizen (idno, title, firstname, lastname, dateofbirth, gender) VALUES (2270, '', 'Pauser', 'Eva', '1.1.1983.', 'p');
insert into CandidatesData (idno) VALUES (2270);
insert into PartyMembership (pid, idno) VALUES (12, 2270);
insert into Landeslistenplatz (llid, idno, position) VALUES (12, 2270, 26);
insert into Citizen (idno, title, firstname, lastname, dateofbirth, gender) VALUES (2271, '', 'Pavlicek', 'Anke', '1.1.1977.', 'p');
insert into CandidatesData (idno) VALUES (2271);
insert into PartyMembership (pid, idno) VALUES (5, 2271);
insert into Candidacy (wkid, idno) VALUES (467, 2271);
insert into Landeslistenplatz (llid, idno, position) VALUES (5, 2271, 11);
insert into Citizen (idno, title, firstname, lastname, dateofbirth, gender) VALUES (2272, '', 'Pawelski', 'Rita', '1.1.1948.', 'p');
insert into CandidatesData (idno) VALUES (2272);
insert into PartyMembership (pid, idno) VALUES (12, 2272);
insert into Candidacy (wkid, idno) VALUES (341, 2272);
insert into Landeslistenplatz (llid, idno, position) VALUES (12, 2272, 9);
insert into Citizen (idno, title, firstname, lastname, dateofbirth, gender) VALUES (2273, '', 'Pecha', 'Alfred', '1.1.1959.', 'p');
insert into CandidatesData (idno) VALUES (2273);
insert into PartyMembership (pid, idno) VALUES (4, 2273);
insert into Candidacy (wkid, idno) VALUES (524, 2273);
insert into Landeslistenplatz (llid, idno, position) VALUES (4, 2273, 55);
insert into Citizen (idno, title, firstname, lastname, dateofbirth, gender) VALUES (2274, '', 'Peddinghaus', 'Dirk', '1.1.1962.', 'p');
insert into CandidatesData (idno) VALUES (2274);
insert into PartyMembership (pid, idno) VALUES (2, 2274);
insert into Landeslistenplatz (llid, idno, position) VALUES (1, 2274, 21);
insert into Citizen (idno, title, firstname, lastname, dateofbirth, gender) VALUES (2275, '', 'Pehle', 'Irmgard', '1.1.1953.', 'p');
insert into CandidatesData (idno) VALUES (2275);
insert into PartyMembership (pid, idno) VALUES (5, 2275);
insert into Candidacy (wkid, idno) VALUES (433, 2275);
insert into Landeslistenplatz (llid, idno, position) VALUES (5, 2275, 17);
insert into Citizen (idno, title, firstname, lastname, dateofbirth, gender) VALUES (2276, '', 'Peiker', 'Christian', '1.1.1984.', 'p');
insert into CandidatesData (idno) VALUES (2276);
insert into PartyMembership (pid, idno) VALUES (3, 2276);
insert into Candidacy (wkid, idno) VALUES (512, 2276);
insert into Citizen (idno, title, firstname, lastname, dateofbirth, gender) VALUES (2277, '', 'Pelick', 'Marie-Luise', '1.1.1964.', 'p');
insert into CandidatesData (idno) VALUES (2277);
insert into PartyMembership (pid, idno) VALUES (19, 2277);
insert into Landeslistenplatz (llid, idno, position) VALUES (18, 2277, 11);
insert into Citizen (idno, title, firstname, lastname, dateofbirth, gender) VALUES (2278, '', 'Pellmann', 'Bernd-Dieter', '1.1.1942.', 'p');
insert into CandidatesData (idno) VALUES (2278);
insert into PartyMembership (pid, idno) VALUES (18, 2278);
insert into Landeslistenplatz (llid, idno, position) VALUES (17, 2278, 4);
insert into Citizen (idno, title, firstname, lastname, dateofbirth, gender) VALUES (2279, '', 'Pentz von', 'Dorit Emmy Beate', '1.1.1950.', 'p');
insert into CandidatesData (idno) VALUES (2279);
insert into PartyMembership (pid, idno) VALUES (13, 2279);
insert into Landeslistenplatz (llid, idno, position) VALUES (13, 2279, 4);
insert into Citizen (idno, title, firstname, lastname, dateofbirth, gender) VALUES (2280, '', 'Pentz von', 'Hannes', '1.1.1979.', 'p');
insert into CandidatesData (idno) VALUES (2280);
insert into PartyMembership (pid, idno) VALUES (13, 2280);
insert into Landeslistenplatz (llid, idno, position) VALUES (13, 2280, 1);
insert into Citizen (idno, title, firstname, lastname, dateofbirth, gender) VALUES (2281, '', 'Penzler', 'Wolfgang', '1.1.1943.', 'p');
insert into CandidatesData (idno) VALUES (2281);
insert into PartyMembership (pid, idno) VALUES (16, 2281);
insert into Landeslistenplatz (llid, idno, position) VALUES (15, 2281, 2);
insert into Citizen (idno, title, firstname, lastname, dateofbirth, gender) VALUES (2282, '', 'Perrefort', 'Bernhard', '1.1.1954.', 'p');
insert into CandidatesData (idno) VALUES (2282);
insert into PartyMembership (pid, idno) VALUES (3, 2282);
insert into Candidacy (wkid, idno) VALUES (427, 2282);
insert into Citizen (idno, title, firstname, lastname, dateofbirth, gender) VALUES (2283, '', 'Perschewski', 'Rainer', '1.1.1963.', 'p');
insert into CandidatesData (idno) VALUES (2283);
insert into PartyMembership (pid, idno) VALUES (21, 2283);
insert into Candidacy (wkid, idno) VALUES (382, 2283);
insert into Landeslistenplatz (llid, idno, position) VALUES (20, 2283, 1);
insert into Citizen (idno, title, firstname, lastname, dateofbirth, gender) VALUES (2284, '', 'Perschl', 'Josef', '1.1.1954.', 'p');
insert into CandidatesData (idno) VALUES (2284);
insert into PartyMembership (pid, idno) VALUES (10, 2284);
insert into Landeslistenplatz (llid, idno, position) VALUES (10, 2284, 9);
insert into Citizen (idno, title, firstname, lastname, dateofbirth, gender) VALUES (2285, '', 'Perteck', 'David', '1.1.1977.', 'p');
insert into CandidatesData (idno) VALUES (2285);
insert into PartyMembership (pid, idno) VALUES (8, 2285);
insert into Candidacy (wkid, idno) VALUES (322, 2285);
insert into Landeslistenplatz (llid, idno, position) VALUES (8, 2285, 1);
insert into Citizen (idno, title, firstname, lastname, dateofbirth, gender) VALUES (2286, '', 'Peter', 'Jürgen', '1.1.1956.', 'p');
insert into CandidatesData (idno) VALUES (2286);
insert into Candidacy (wkid, idno) VALUES (302, 2286);
insert into Citizen (idno, title, firstname, lastname, dateofbirth, gender) VALUES (2287, '', 'Petereit', 'David', '1.1.1981.', 'p');
insert into CandidatesData (idno) VALUES (2287);
insert into PartyMembership (pid, idno) VALUES (1, 2287);
insert into Landeslistenplatz (llid, idno, position) VALUES (3, 2287, 4);
insert into Citizen (idno, title, firstname, lastname, dateofbirth, gender) VALUES (2288, '', 'Petermann', 'Jens', '1.1.1963.', 'p');
insert into CandidatesData (idno) VALUES (2288);
insert into PartyMembership (pid, idno) VALUES (3, 2288);
insert into Candidacy (wkid, idno) VALUES (496, 2288);
insert into Landeslistenplatz (llid, idno, position) VALUES (2, 2288, 6);
insert into Citizen (idno, title, firstname, lastname, dateofbirth, gender) VALUES (2289, '', 'Peters', 'Frank', '1.1.1966.', 'p');
insert into CandidatesData (idno) VALUES (2289);
insert into PartyMembership (pid, idno) VALUES (5, 2289);
insert into Candidacy (wkid, idno) VALUES (508, 2289);
insert into Landeslistenplatz (llid, idno, position) VALUES (5, 2289, 8);
insert into Citizen (idno, title, firstname, lastname, dateofbirth, gender) VALUES (2290, '', 'Peters', 'Martin', '1.1.1983.', 'p');
insert into CandidatesData (idno) VALUES (2290);
insert into PartyMembership (pid, idno) VALUES (2, 2290);
insert into Candidacy (wkid, idno) VALUES (388, 2290);
insert into Landeslistenplatz (llid, idno, position) VALUES (1, 2290, 31);
insert into Citizen (idno, title, firstname, lastname, dateofbirth, gender) VALUES (2291, '', 'Petersdorf', 'Klaus Günter', '1.1.1964.', 'p');
insert into CandidatesData (idno) VALUES (2291);
insert into PartyMembership (pid, idno) VALUES (7, 2291);
insert into Landeslistenplatz (llid, idno, position) VALUES (7, 2291, 1);
insert into Citizen (idno, title, firstname, lastname, dateofbirth, gender) VALUES (2292, '', 'Petersen', 'Jörg', '1.1.1960.', 'p');
insert into CandidatesData (idno) VALUES (2292);
insert into PartyMembership (pid, idno) VALUES (4, 2292);
insert into Candidacy (wkid, idno) VALUES (300, 2292);
insert into Citizen (idno, title, firstname, lastname, dateofbirth, gender) VALUES (2293, '', 'Petersen', 'Olaf', '1.1.1965.', 'p');
insert into CandidatesData (idno) VALUES (2293);
insert into Candidacy (wkid, idno) VALUES (468, 2293);
insert into Citizen (idno, title, firstname, lastname, dateofbirth, gender) VALUES (2294, '', 'Petry', 'Christian', '1.1.1965.', 'p');
insert into CandidatesData (idno) VALUES (2294);
insert into PartyMembership (pid, idno) VALUES (2, 2294);
insert into Landeslistenplatz (llid, idno, position) VALUES (1, 2294, 31);
insert into Citizen (idno, title, firstname, lastname, dateofbirth, gender) VALUES (2295, '', 'Petters', 'Anke', '1.1.1960.', 'p');
insert into CandidatesData (idno) VALUES (2295);
insert into PartyMembership (pid, idno) VALUES (5, 2295);
insert into Candidacy (wkid, idno) VALUES (377, 2295);
insert into Citizen (idno, title, firstname, lastname, dateofbirth, gender) VALUES (2296, '', 'Petzold', 'Harald', '1.1.1962.', 'p');
insert into CandidatesData (idno) VALUES (2296);
insert into PartyMembership (pid, idno) VALUES (3, 2296);
insert into Candidacy (wkid, idno) VALUES (358, 2296);
insert into Landeslistenplatz (llid, idno, position) VALUES (2, 2296, 6);
insert into Citizen (idno, title, firstname, lastname, dateofbirth, gender) VALUES (2297, '', 'Petzold', 'Karsten', '1.1.1962.', 'p');
insert into CandidatesData (idno) VALUES (2297);
insert into PartyMembership (pid, idno) VALUES (11, 2297);
insert into Landeslistenplatz (llid, idno, position) VALUES (11, 2297, 4);
insert into Citizen (idno, title, firstname, lastname, dateofbirth, gender) VALUES (2298, '', 'Petzold', 'Ulrich', '1.1.1951.', 'p');
insert into CandidatesData (idno) VALUES (2298);
insert into PartyMembership (pid, idno) VALUES (12, 2298);
insert into Candidacy (wkid, idno) VALUES (370, 2298);
insert into Landeslistenplatz (llid, idno, position) VALUES (12, 2298, 4);
insert into Citizen (idno, title, firstname, lastname, dateofbirth, gender) VALUES (2299, '', 'Peuschel', 'Markus', '1.1.1975.', 'p');
insert into CandidatesData (idno) VALUES (2299);
insert into Candidacy (wkid, idno) VALUES (464, 2299);
insert into Citizen (idno, title, firstname, lastname, dateofbirth, gender) VALUES (2300, '', 'Pfäfflin', 'Andrea', '1.1.1956.', 'p');
insert into CandidatesData (idno) VALUES (2300);
insert into PartyMembership (pid, idno) VALUES (2, 2300);
insert into Landeslistenplatz (llid, idno, position) VALUES (1, 2300, 25);
insert into Citizen (idno, title, firstname, lastname, dateofbirth, gender) VALUES (2301, '', 'Pfannebecker', 'Alfred', '1.1.1955.', 'p');
insert into CandidatesData (idno) VALUES (2301);
insert into PartyMembership (pid, idno) VALUES (3, 2301);
insert into Candidacy (wkid, idno) VALUES (596, 2301);
insert into Landeslistenplatz (llid, idno, position) VALUES (2, 2301, 7);
insert into Citizen (idno, title, firstname, lastname, dateofbirth, gender) VALUES (2302, '', 'Pfau', 'Janina', '1.1.1983.', 'p');
insert into CandidatesData (idno) VALUES (2302);
insert into PartyMembership (pid, idno) VALUES (3, 2302);
insert into Candidacy (wkid, idno) VALUES (466, 2302);
insert into Landeslistenplatz (llid, idno, position) VALUES (2, 2302, 11);
insert into Citizen (idno, title, firstname, lastname, dateofbirth, gender) VALUES (2303, '', 'Pfeifer', 'Klaus', '1.1.1956.', 'p');
insert into CandidatesData (idno) VALUES (2303);
insert into Candidacy (wkid, idno) VALUES (381, 2303);
insert into Citizen (idno, title, firstname, lastname, dateofbirth, gender) VALUES (2304, '', 'Pfeiffer', 'Dr. Joachim', '1.1.1967.', 'p');
insert into CandidatesData (idno) VALUES (2304);
insert into PartyMembership (pid, idno) VALUES (12, 2304);
insert into Candidacy (wkid, idno) VALUES (563, 2304);
insert into Citizen (idno, title, firstname, lastname, dateofbirth, gender) VALUES (2305, '', 'Pfeiffer', 'Michael', '1.1.1946.', 'p');
insert into CandidatesData (idno) VALUES (2305);
insert into PartyMembership (pid, idno) VALUES (6, 2305);
insert into Landeslistenplatz (llid, idno, position) VALUES (6, 2305, 5);
insert into Citizen (idno, title, firstname, lastname, dateofbirth, gender) VALUES (2306, '', 'Pfeiffer', 'Oskar', '1.1.1933.', 'p');
insert into CandidatesData (idno) VALUES (2306);
insert into PartyMembership (pid, idno) VALUES (11, 2306);
insert into Landeslistenplatz (llid, idno, position) VALUES (11, 2306, 2);
insert into Citizen (idno, title, firstname, lastname, dateofbirth, gender) VALUES (2307, '', 'Pfeiffer', 'Sibylle', '1.1.1951.', 'p');
insert into CandidatesData (idno) VALUES (2307);
insert into PartyMembership (pid, idno) VALUES (12, 2307);
insert into Candidacy (wkid, idno) VALUES (472, 2307);
insert into Landeslistenplatz (llid, idno, position) VALUES (12, 2307, 6);
insert into Citizen (idno, title, firstname, lastname, dateofbirth, gender) VALUES (2308, '', 'Pfeiffer', 'Prof. Dr. Thomas', '1.1.1961.', 'p');
insert into CandidatesData (idno) VALUES (2308);
insert into PartyMembership (pid, idno) VALUES (12, 2308);
insert into Landeslistenplatz (llid, idno, position) VALUES (12, 2308, 27);
insert into Citizen (idno, title, firstname, lastname, dateofbirth, gender) VALUES (2309, '', 'Pfirrmann', 'Karl-Heinz Rudolf', '1.1.1945.', 'p');
insert into CandidatesData (idno) VALUES (2309);
insert into PartyMembership (pid, idno) VALUES (1, 2309);
insert into Candidacy (wkid, idno) VALUES (511, 2309);
insert into Landeslistenplatz (llid, idno, position) VALUES (3, 2309, 9);
insert into Citizen (idno, title, firstname, lastname, dateofbirth, gender) VALUES (2310, '', 'Pfisterer', 'Gerhard', '1.1.1948.', 'p');
insert into CandidatesData (idno) VALUES (2310);
insert into PartyMembership (pid, idno) VALUES (13, 2310);
insert into Candidacy (wkid, idno) VALUES (442, 2310);
insert into Landeslistenplatz (llid, idno, position) VALUES (13, 2310, 3);
insert into Citizen (idno, title, firstname, lastname, dateofbirth, gender) VALUES (2311, '', 'Pfisterer', 'Tanja', '1.1.1986.', 'p');
insert into CandidatesData (idno) VALUES (2311);
insert into PartyMembership (pid, idno) VALUES (8, 2311);
insert into Candidacy (wkid, idno) VALUES (537, 2311);
insert into Landeslistenplatz (llid, idno, position) VALUES (8, 2311, 30);
insert into Citizen (idno, title, firstname, lastname, dateofbirth, gender) VALUES (2312, '', 'Pfitzer', 'Stephan', '1.1.1984.', 'p');
insert into CandidatesData (idno) VALUES (2312);
insert into PartyMembership (pid, idno) VALUES (1, 2312);
insert into Landeslistenplatz (llid, idno, position) VALUES (3, 2312, 6);
insert into Citizen (idno, title, firstname, lastname, dateofbirth, gender) VALUES (2313, '', 'Pflug', 'Johannes Andreas', '1.1.1946.', 'p');
insert into CandidatesData (idno) VALUES (2313);
insert into PartyMembership (pid, idno) VALUES (2, 2313);
insert into Candidacy (wkid, idno) VALUES (416, 2313);
insert into Landeslistenplatz (llid, idno, position) VALUES (1, 2313, 69);
insert into Citizen (idno, title, firstname, lastname, dateofbirth, gender) VALUES (2314, '', 'Philipp', 'Beatrix', '1.1.1945.', 'p');
insert into CandidatesData (idno) VALUES (2314);
insert into PartyMembership (pid, idno) VALUES (12, 2314);
insert into Candidacy (wkid, idno) VALUES (407, 2314);
insert into Landeslistenplatz (llid, idno, position) VALUES (12, 2314, 12);
insert into Citizen (idno, title, firstname, lastname, dateofbirth, gender) VALUES (2315, '', 'Phlak', 'Matthias', '1.1.1964.', 'p');
insert into CandidatesData (idno) VALUES (2315);
insert into PartyMembership (pid, idno) VALUES (3, 2315);
insert into Landeslistenplatz (llid, idno, position) VALUES (2, 2315, 10);
insert into Citizen (idno, title, firstname, lastname, dateofbirth, gender) VALUES (2316, '', 'Pichl', 'Peter Hartmut', '1.1.1980.', 'p');
insert into CandidatesData (idno) VALUES (2316);
insert into PartyMembership (pid, idno) VALUES (1, 2316);
insert into Candidacy (wkid, idno) VALUES (493, 2316);
insert into Citizen (idno, title, firstname, lastname, dateofbirth, gender) VALUES (2317, '', 'Pichlmeier', 'Erich', '1.1.1935.', 'p');
insert into CandidatesData (idno) VALUES (2317);
insert into PartyMembership (pid, idno) VALUES (15, 2317);
insert into Landeslistenplatz (llid, idno, position) VALUES (14, 2317, 33);
insert into Citizen (idno, title, firstname, lastname, dateofbirth, gender) VALUES (2318, '', 'Picker', 'Hans Joachim', '1.1.1938.', 'p');
insert into CandidatesData (idno) VALUES (2318);
insert into PartyMembership (pid, idno) VALUES (18, 2318);
insert into Landeslistenplatz (llid, idno, position) VALUES (17, 2318, 3);
insert into Citizen (idno, title, firstname, lastname, dateofbirth, gender) VALUES (2319, '', 'Piehl', 'Jochen', '1.1.1973.', 'p');
insert into CandidatesData (idno) VALUES (2319);
insert into PartyMembership (pid, idno) VALUES (8, 2319);
insert into Landeslistenplatz (llid, idno, position) VALUES (8, 2319, 6);
insert into Citizen (idno, title, firstname, lastname, dateofbirth, gender) VALUES (2320, '', 'Pielsticker', 'Siegfried', '1.1.1943.', 'p');
insert into CandidatesData (idno) VALUES (2320);
insert into PartyMembership (pid, idno) VALUES (14, 2320);
insert into Candidacy (wkid, idno) VALUES (522, 2320);
insert into Landeslistenplatz (llid, idno, position) VALUES (21, 2320, 19);
insert into Citizen (idno, title, firstname, lastname, dateofbirth, gender) VALUES (2321, '', 'Pieper', 'Cornelia', '1.1.1959.', 'p');
insert into CandidatesData (idno) VALUES (2321);
insert into PartyMembership (pid, idno) VALUES (4, 2321);
insert into Candidacy (wkid, idno) VALUES (372, 2321);
insert into Landeslistenplatz (llid, idno, position) VALUES (4, 2321, 1);
insert into Citizen (idno, title, firstname, lastname, dateofbirth, gender) VALUES (2322, '', 'Piepgras', 'Hans-Heinrich', '1.1.1961.', 'p');
insert into CandidatesData (idno) VALUES (2322);
insert into PartyMembership (pid, idno) VALUES (7, 2322);
insert into Landeslistenplatz (llid, idno, position) VALUES (7, 2322, 5);
insert into Citizen (idno, title, firstname, lastname, dateofbirth, gender) VALUES (2323, '', 'Pietsch', 'Britta', '1.1.1963.', 'p');
insert into CandidatesData (idno) VALUES (2323);
insert into PartyMembership (pid, idno) VALUES (3, 2323);
insert into Candidacy (wkid, idno) VALUES (411, 2323);
insert into Landeslistenplatz (llid, idno, position) VALUES (2, 2323, 13);
insert into Citizen (idno, title, firstname, lastname, dateofbirth, gender) VALUES (2324, '', 'Piltz', 'Gisela', '1.1.1964.', 'p');
insert into CandidatesData (idno) VALUES (2324);
insert into PartyMembership (pid, idno) VALUES (4, 2324);
insert into Candidacy (wkid, idno) VALUES (406, 2324);
insert into Landeslistenplatz (llid, idno, position) VALUES (4, 2324, 2);
insert into Citizen (idno, title, firstname, lastname, dateofbirth, gender) VALUES (2325, '', 'Pinkert', 'Thomas', '1.1.1957.', 'p');
insert into CandidatesData (idno) VALUES (2325);
insert into PartyMembership (pid, idno) VALUES (5, 2325);
insert into Candidacy (wkid, idno) VALUES (466, 2325);
insert into Citizen (idno, title, firstname, lastname, dateofbirth, gender) VALUES (2326, '', 'Pinzke', 'Denis', '1.1.1982.', 'p');
insert into CandidatesData (idno) VALUES (2326);
insert into PartyMembership (pid, idno) VALUES (2, 2326);
insert into Candidacy (wkid, idno) VALUES (317, 2326);
insert into Landeslistenplatz (llid, idno, position) VALUES (1, 2326, 6);
insert into Citizen (idno, title, firstname, lastname, dateofbirth, gender) VALUES (2327, '', 'Piovano', 'Christian', '1.1.1986.', 'p');
insert into CandidatesData (idno) VALUES (2327);
insert into PartyMembership (pid, idno) VALUES (12, 2327);
insert into Landeslistenplatz (llid, idno, position) VALUES (12, 2327, 31);
insert into Citizen (idno, title, firstname, lastname, dateofbirth, gender) VALUES (2328, '', 'Pitterle', 'Richard', '1.1.1959.', 'p');
insert into CandidatesData (idno) VALUES (2328);
insert into PartyMembership (pid, idno) VALUES (3, 2328);
insert into Candidacy (wkid, idno) VALUES (559, 2328);
insert into Landeslistenplatz (llid, idno, position) VALUES (2, 2328, 6);
insert into Citizen (idno, title, firstname, lastname, dateofbirth, gender) VALUES (2329, '', 'Plack', 'Sarah', '1.1.1989.', 'p');
insert into CandidatesData (idno) VALUES (2329);
insert into PartyMembership (pid, idno) VALUES (3, 2329);
insert into Landeslistenplatz (llid, idno, position) VALUES (2, 2329, 11);
insert into Citizen (idno, title, firstname, lastname, dateofbirth, gender) VALUES (2330, '', 'Plate', 'Hans', '1.1.1963.', 'p');
insert into CandidatesData (idno) VALUES (2330);
insert into PartyMembership (pid, idno) VALUES (5, 2330);
insert into Candidacy (wkid, idno) VALUES (549, 2330);
insert into Landeslistenplatz (llid, idno, position) VALUES (5, 2330, 14);
insert into Citizen (idno, title, firstname, lastname, dateofbirth, gender) VALUES (2331, '', 'Plessing', 'Klaus', '1.1.1953.', 'p');
insert into CandidatesData (idno) VALUES (2331);
insert into PartyMembership (pid, idno) VALUES (17, 2331);
insert into Landeslistenplatz (llid, idno, position) VALUES (16, 2331, 2);
insert into Citizen (idno, title, firstname, lastname, dateofbirth, gender) VALUES (2332, '', 'Plischka', 'Eduard', '1.1.1949.', 'p');
insert into CandidatesData (idno) VALUES (2332);
insert into PartyMembership (pid, idno) VALUES (1, 2332);
insert into Candidacy (wkid, idno) VALUES (437, 2332);
insert into Citizen (idno, title, firstname, lastname, dateofbirth, gender) VALUES (2333, '', 'Ploetz', 'Yvonne', '1.1.1984.', 'p');
insert into CandidatesData (idno) VALUES (2333);
insert into PartyMembership (pid, idno) VALUES (3, 2333);
insert into Landeslistenplatz (llid, idno, position) VALUES (2, 2333, 3);
insert into Citizen (idno, title, firstname, lastname, dateofbirth, gender) VALUES (2334, '', 'Plotzki', 'Karsten', '1.1.1970.', 'p');
insert into CandidatesData (idno) VALUES (2334);
insert into PartyMembership (pid, idno) VALUES (3, 2334);
insert into Landeslistenplatz (llid, idno, position) VALUES (2, 2334, 28);
insert into Citizen (idno, title, firstname, lastname, dateofbirth, gender) VALUES (2335, '', 'Poetsch', 'Frederik', '1.1.1979.', 'p');
insert into CandidatesData (idno) VALUES (2335);
insert into PartyMembership (pid, idno) VALUES (19, 2335);
insert into Candidacy (wkid, idno) VALUES (486, 2335);
insert into Citizen (idno, title, firstname, lastname, dateofbirth, gender) VALUES (2336, '', 'Pöttering', 'Johannes', '1.1.1977.', 'p');
insert into CandidatesData (idno) VALUES (2336);
insert into PartyMembership (pid, idno) VALUES (12, 2336);
insert into Landeslistenplatz (llid, idno, position) VALUES (12, 2336, 32);
insert into Citizen (idno, title, firstname, lastname, dateofbirth, gender) VALUES (2337, '', 'Pofalla', 'Ronald', '1.1.1959.', 'p');
insert into CandidatesData (idno) VALUES (2337);
insert into PartyMembership (pid, idno) VALUES (12, 2337);
insert into Candidacy (wkid, idno) VALUES (412, 2337);
insert into Landeslistenplatz (llid, idno, position) VALUES (12, 2337, 2);
insert into Citizen (idno, title, firstname, lastname, dateofbirth, gender) VALUES (2338, '', 'Pohl', 'Markus', '1.1.1980.', 'p');
insert into CandidatesData (idno) VALUES (2338);
insert into PartyMembership (pid, idno) VALUES (1, 2338);
insert into Candidacy (wkid, idno) VALUES (424, 2338);
insert into Citizen (idno, title, firstname, lastname, dateofbirth, gender) VALUES (2339, '', 'Pohl', 'Matthias', '1.1.1980.', 'p');
insert into CandidatesData (idno) VALUES (2339);
insert into PartyMembership (pid, idno) VALUES (1, 2339);
insert into Candidacy (wkid, idno) VALUES (428, 2339);
insert into Citizen (idno, title, firstname, lastname, dateofbirth, gender) VALUES (2340, '', 'Pohl', 'Walter', '1.1.1953.', 'p');
insert into CandidatesData (idno) VALUES (2340);
insert into PartyMembership (pid, idno) VALUES (15, 2340);
insert into Landeslistenplatz (llid, idno, position) VALUES (14, 2340, 34);
insert into Citizen (idno, title, firstname, lastname, dateofbirth, gender) VALUES (2341, '', 'Pohlmann', 'Wolfgang', '1.1.1940.', 'p');
insert into CandidatesData (idno) VALUES (2341);
insert into PartyMembership (pid, idno) VALUES (19, 2341);
insert into Landeslistenplatz (llid, idno, position) VALUES (18, 2341, 3);
insert into Citizen (idno, title, firstname, lastname, dateofbirth, gender) VALUES (2342, '', 'Poland', 'Christoph', '1.1.1949.', 'p');
insert into CandidatesData (idno) VALUES (2342);
insert into PartyMembership (pid, idno) VALUES (12, 2342);
insert into Candidacy (wkid, idno) VALUES (317, 2342);
insert into Landeslistenplatz (llid, idno, position) VALUES (12, 2342, 6);
insert into Citizen (idno, title, firstname, lastname, dateofbirth, gender) VALUES (2343, '', 'Polch', 'Winfried', '1.1.1941.', 'p');
insert into CandidatesData (idno) VALUES (2343);
insert into PartyMembership (pid, idno) VALUES (4, 2343);
insert into Candidacy (wkid, idno) VALUES (426, 2343);
insert into Landeslistenplatz (llid, idno, position) VALUES (4, 2343, 55);
insert into Citizen (idno, title, firstname, lastname, dateofbirth, gender) VALUES (2344, '', 'Polei', 'Herbert', '1.1.1951.', 'p');
insert into CandidatesData (idno) VALUES (2344);
insert into Candidacy (wkid, idno) VALUES (380, 2344);
insert into Citizen (idno, title, firstname, lastname, dateofbirth, gender) VALUES (2345, '', 'Polenz', 'Ruprecht', '1.1.1946.', 'p');
insert into CandidatesData (idno) VALUES (2345);
insert into PartyMembership (pid, idno) VALUES (12, 2345);
insert into Candidacy (wkid, idno) VALUES (429, 2345);
insert into Landeslistenplatz (llid, idno, position) VALUES (12, 2345, 11);
insert into Citizen (idno, title, firstname, lastname, dateofbirth, gender) VALUES (2346, '', 'Polheim von', 'Jörg', '1.1.1959.', 'p');
insert into CandidatesData (idno) VALUES (2346);
insert into PartyMembership (pid, idno) VALUES (4, 2346);
insert into Candidacy (wkid, idno) VALUES (399, 2346);
insert into Landeslistenplatz (llid, idno, position) VALUES (4, 2346, 21);
insert into Citizen (idno, title, firstname, lastname, dateofbirth, gender) VALUES (2347, '', 'Pollern von', 'Dr. Hans-Ingo', '1.1.1946.', 'p');
insert into CandidatesData (idno) VALUES (2347);
insert into PartyMembership (pid, idno) VALUES (12, 2347);
insert into Landeslistenplatz (llid, idno, position) VALUES (12, 2347, 62);
insert into Citizen (idno, title, firstname, lastname, dateofbirth, gender) VALUES (2348, '', 'Polly', 'Dirk Thorsten', '1.1.1971.', 'p');
insert into CandidatesData (idno) VALUES (2348);
insert into PartyMembership (pid, idno) VALUES (7, 2348);
insert into Landeslistenplatz (llid, idno, position) VALUES (7, 2348, 5);
insert into Citizen (idno, title, firstname, lastname, dateofbirth, gender) VALUES (2349, '', 'Pols', 'Eckhard', '1.1.1962.', 'p');
insert into CandidatesData (idno) VALUES (2349);
insert into PartyMembership (pid, idno) VALUES (12, 2349);
insert into Candidacy (wkid, idno) VALUES (337, 2349);
insert into Landeslistenplatz (llid, idno, position) VALUES (12, 2349, 25);
insert into Citizen (idno, title, firstname, lastname, dateofbirth, gender) VALUES (2350, '', 'Polt', 'Matthias', '1.1.1980.', 'p');
insert into CandidatesData (idno) VALUES (2350);
insert into PartyMembership (pid, idno) VALUES (1, 2350);
insert into Candidacy (wkid, idno) VALUES (525, 2350);
insert into Citizen (idno, title, firstname, lastname, dateofbirth, gender) VALUES (2351, '', 'Polzer', 'Helmut', '1.1.1937.', 'p');
insert into CandidatesData (idno) VALUES (2351);
insert into PartyMembership (pid, idno) VALUES (14, 2351);
insert into Landeslistenplatz (llid, idno, position) VALUES (21, 2351, 1);
insert into Citizen (idno, title, firstname, lastname, dateofbirth, gender) VALUES (2352, '', 'Polzer-Storek', 'Alice-Sarah', '1.1.1978.', 'p');
insert into CandidatesData (idno) VALUES (2352);
insert into PartyMembership (pid, idno) VALUES (5, 2352);
insert into Candidacy (wkid, idno) VALUES (357, 2352);
insert into Citizen (idno, title, firstname, lastname, dateofbirth, gender) VALUES (2353, '', 'Ponickau', 'Ingo', '1.1.1982.', 'p');
insert into CandidatesData (idno) VALUES (2353);
insert into PartyMembership (pid, idno) VALUES (7, 2353);
insert into Landeslistenplatz (llid, idno, position) VALUES (7, 2353, 7);
insert into Citizen (idno, title, firstname, lastname, dateofbirth, gender) VALUES (2354, '', 'Popp', 'Andreas', '1.1.1983.', 'p');
insert into CandidatesData (idno) VALUES (2354);
insert into PartyMembership (pid, idno) VALUES (7, 2354);
insert into Landeslistenplatz (llid, idno, position) VALUES (7, 2354, 1);
insert into Citizen (idno, title, firstname, lastname, dateofbirth, gender) VALUES (2355, '', 'Porray', 'Maike', '1.1.1965.', 'p');
insert into CandidatesData (idno) VALUES (2355);
insert into Candidacy (wkid, idno) VALUES (513, 2355);
insert into Citizen (idno, title, firstname, lastname, dateofbirth, gender) VALUES (2356, '', 'Porsch', 'Prof. Dr. Peter', '1.1.1944.', 'p');
insert into CandidatesData (idno) VALUES (2356);
insert into PartyMembership (pid, idno) VALUES (3, 2356);
insert into Candidacy (wkid, idno) VALUES (451, 2356);
insert into Citizen (idno, title, firstname, lastname, dateofbirth, gender) VALUES (2357, '', 'Portz', 'Dr. Thomas', '1.1.1965.', 'p');
insert into CandidatesData (idno) VALUES (2357);
insert into PartyMembership (pid, idno) VALUES (12, 2357);
insert into Candidacy (wkid, idno) VALUES (401, 2357);
insert into Landeslistenplatz (llid, idno, position) VALUES (12, 2357, 51);
insert into Citizen (idno, title, firstname, lastname, dateofbirth, gender) VALUES (2358, '', 'Poschinger-Bray Freiherr von', 'Sebastian-Gabriel', '1.1.1985.', 'p');
insert into CandidatesData (idno) VALUES (2358);
insert into PartyMembership (pid, idno) VALUES (4, 2358);
insert into Landeslistenplatz (llid, idno, position) VALUES (4, 2358, 56);
insert into Citizen (idno, title, firstname, lastname, dateofbirth, gender) VALUES (2359, '', 'Poß', 'Joachim', '1.1.1948.', 'p');
insert into CandidatesData (idno) VALUES (2359);
insert into PartyMembership (pid, idno) VALUES (2, 2359);
insert into Candidacy (wkid, idno) VALUES (423, 2359);
insert into Landeslistenplatz (llid, idno, position) VALUES (1, 2359, 56);
insert into Citizen (idno, title, firstname, lastname, dateofbirth, gender) VALUES (2360, '', 'Post', 'Achim', '1.1.1959.', 'p');
insert into CandidatesData (idno) VALUES (2360);
insert into PartyMembership (pid, idno) VALUES (2, 2360);
insert into Candidacy (wkid, idno) VALUES (434, 2360);
insert into Citizen (idno, title, firstname, lastname, dateofbirth, gender) VALUES (2361, '', 'Post', 'Michael', '1.1.1961.', 'p');
insert into CandidatesData (idno) VALUES (2361);
insert into PartyMembership (pid, idno) VALUES (3, 2361);
insert into Candidacy (wkid, idno) VALUES (506, 2361);
insert into Citizen (idno, title, firstname, lastname, dateofbirth, gender) VALUES (2362, '', 'Postel', 'Michael', '1.1.1983.', 'p');
insert into CandidatesData (idno) VALUES (2362);
insert into PartyMembership (pid, idno) VALUES (4, 2362);
insert into Candidacy (wkid, idno) VALUES (421, 2362);
insert into Citizen (idno, title, firstname, lastname, dateofbirth, gender) VALUES (2363, '', 'Pothmer', 'Brigitte', '1.1.1955.', 'p');
insert into CandidatesData (idno) VALUES (2363);
insert into PartyMembership (pid, idno) VALUES (5, 2363);
insert into Candidacy (wkid, idno) VALUES (348, 2363);
insert into Landeslistenplatz (llid, idno, position) VALUES (5, 2363, 1);
insert into Citizen (idno, title, firstname, lastname, dateofbirth, gender) VALUES (2364, '', 'Pozimski', 'Helmut', '1.1.1990.', 'p');
insert into CandidatesData (idno) VALUES (2364);
insert into PartyMembership (pid, idno) VALUES (7, 2364);
insert into Landeslistenplatz (llid, idno, position) VALUES (7, 2364, 6);
insert into Citizen (idno, title, firstname, lastname, dateofbirth, gender) VALUES (2365, '', 'Poznanski', 'Daniel', '1.1.1971.', 'p');
insert into CandidatesData (idno) VALUES (2365);
insert into PartyMembership (pid, idno) VALUES (4, 2365);
insert into Candidacy (wkid, idno) VALUES (443, 2365);
insert into Landeslistenplatz (llid, idno, position) VALUES (4, 2365, 35);
insert into Citizen (idno, title, firstname, lastname, dateofbirth, gender) VALUES (2366, '', 'Pradel', 'Timo', '1.1.1971.', 'p');
insert into CandidatesData (idno) VALUES (2366);
insert into PartyMembership (pid, idno) VALUES (1, 2366);
insert into Candidacy (wkid, idno) VALUES (450, 2366);
insert into Landeslistenplatz (llid, idno, position) VALUES (3, 2366, 9);
insert into Citizen (idno, title, firstname, lastname, dateofbirth, gender) VALUES (2367, '', 'Präger', 'Wilfried', '1.1.1951.', 'p');
insert into CandidatesData (idno) VALUES (2367);
insert into PartyMembership (pid, idno) VALUES (2, 2367);
insert into Candidacy (wkid, idno) VALUES (494, 2367);
insert into Landeslistenplatz (llid, idno, position) VALUES (1, 2367, 10);
insert into Citizen (idno, title, firstname, lastname, dateofbirth, gender) VALUES (2368, '', 'Pramor', 'Karl-Heinz', '1.1.1946.', 'p');
insert into CandidatesData (idno) VALUES (2368);
insert into PartyMembership (pid, idno) VALUES (10, 2368);
insert into Landeslistenplatz (llid, idno, position) VALUES (10, 2368, 10);
insert into Citizen (idno, title, firstname, lastname, dateofbirth, gender) VALUES (2369, '', 'Pranghofer', 'Uwe', '1.1.1962.', 'p');
insert into CandidatesData (idno) VALUES (2369);
insert into PartyMembership (pid, idno) VALUES (4, 2369);
insert into Candidacy (wkid, idno) VALUES (553, 2369);
insert into Landeslistenplatz (llid, idno, position) VALUES (4, 2369, 26);
insert into Citizen (idno, title, firstname, lastname, dateofbirth, gender) VALUES (2370, '', 'Preetorius', 'Elke', '1.1.1943.', 'p');
insert into CandidatesData (idno) VALUES (2370);
insert into PartyMembership (pid, idno) VALUES (13, 2370);
insert into Landeslistenplatz (llid, idno, position) VALUES (13, 2370, 2);
insert into Citizen (idno, title, firstname, lastname, dateofbirth, gender) VALUES (2371, '', 'Presch', 'Dirk Friedrich', '1.1.1959.', 'p');
insert into CandidatesData (idno) VALUES (2371);
insert into PartyMembership (pid, idno) VALUES (2, 2371);
insert into Landeslistenplatz (llid, idno, position) VALUES (1, 2371, 59);
insert into Citizen (idno, title, firstname, lastname, dateofbirth, gender) VALUES (2372, '', 'Preuß', 'Friedrich', '1.1.1943.', 'p');
insert into CandidatesData (idno) VALUES (2372);
insert into PartyMembership (pid, idno) VALUES (1, 2372);
insert into Candidacy (wkid, idno) VALUES (351, 2372);
insert into Citizen (idno, title, firstname, lastname, dateofbirth, gender) VALUES (2373, '', 'Preuß', 'Joachim Jürgen', '1.1.1942.', 'p');
insert into CandidatesData (idno) VALUES (2373);
insert into PartyMembership (pid, idno) VALUES (14, 2373);
insert into Candidacy (wkid, idno) VALUES (551, 2373);
insert into Citizen (idno, title, firstname, lastname, dateofbirth, gender) VALUES (2374, '', 'Price', 'Walter', '1.1.1967.', 'p');
insert into CandidatesData (idno) VALUES (2374);
insert into PartyMembership (pid, idno) VALUES (8, 2374);
insert into Candidacy (wkid, idno) VALUES (553, 2374);
insert into Landeslistenplatz (llid, idno, position) VALUES (8, 2374, 31);
insert into Citizen (idno, title, firstname, lastname, dateofbirth, gender) VALUES (2375, '', 'Pricelius', 'Peter Jürgen', '1.1.1938.', 'p');
insert into CandidatesData (idno) VALUES (2375);
insert into PartyMembership (pid, idno) VALUES (19, 2375);
insert into Landeslistenplatz (llid, idno, position) VALUES (18, 2375, 1);
insert into Citizen (idno, title, firstname, lastname, dateofbirth, gender) VALUES (2376, '', 'Pries', 'Christoph', '1.1.1958.', 'p');
insert into CandidatesData (idno) VALUES (2376);
insert into PartyMembership (pid, idno) VALUES (2, 2376);
insert into Candidacy (wkid, idno) VALUES (426, 2376);
insert into Landeslistenplatz (llid, idno, position) VALUES (1, 2376, 26);
insert into Citizen (idno, title, firstname, lastname, dateofbirth, gender) VALUES (2377, '', 'Pries', 'Michaela', '1.1.1966.', 'p');
insert into CandidatesData (idno) VALUES (2377);
insert into PartyMembership (pid, idno) VALUES (12, 2377);
insert into Candidacy (wkid, idno) VALUES (304, 2377);
insert into Landeslistenplatz (llid, idno, position) VALUES (12, 2377, 3);
insert into Citizen (idno, title, firstname, lastname, dateofbirth, gender) VALUES (2378, '', 'Priesmeier', 'Dr. Wilhelm', '1.1.1954.', 'p');
insert into CandidatesData (idno) VALUES (2378);
insert into PartyMembership (pid, idno) VALUES (2, 2378);
insert into Candidacy (wkid, idno) VALUES (352, 2378);
insert into Landeslistenplatz (llid, idno, position) VALUES (1, 2378, 30);
insert into Citizen (idno, title, firstname, lastname, dateofbirth, gender) VALUES (2379, '', 'Pröhl', 'Martin', '1.1.1935.', 'p');
insert into CandidatesData (idno) VALUES (2379);
insert into PartyMembership (pid, idno) VALUES (16, 2379);
insert into Landeslistenplatz (llid, idno, position) VALUES (15, 2379, 6);
insert into Citizen (idno, title, firstname, lastname, dateofbirth, gender) VALUES (2380, '', 'Pröhl', 'Wilhelm', '1.1.1935.', 'p');
insert into CandidatesData (idno) VALUES (2380);
insert into PartyMembership (pid, idno) VALUES (16, 2380);
insert into Landeslistenplatz (llid, idno, position) VALUES (15, 2380, 7);
insert into Citizen (idno, title, firstname, lastname, dateofbirth, gender) VALUES (2381, '', 'Progl', 'Richard', '1.1.1979.', 'p');
insert into CandidatesData (idno) VALUES (2381);
insert into PartyMembership (pid, idno) VALUES (15, 2381);
insert into Landeslistenplatz (llid, idno, position) VALUES (14, 2381, 35);
insert into Citizen (idno, title, firstname, lastname, dateofbirth, gender) VALUES (2382, '', 'Pronold', 'Florian', '1.1.1972.', 'p');
insert into CandidatesData (idno) VALUES (2382);
insert into PartyMembership (pid, idno) VALUES (2, 2382);
insert into Candidacy (wkid, idno) VALUES (529, 2382);
insert into Landeslistenplatz (llid, idno, position) VALUES (1, 2382, 1);
insert into Citizen (idno, title, firstname, lastname, dateofbirth, gender) VALUES (2383, '', 'Prüll', 'Friederike', '1.1.1963.', 'p');
insert into CandidatesData (idno) VALUES (2383);
insert into PartyMembership (pid, idno) VALUES (16, 2383);
insert into Candidacy (wkid, idno) VALUES (482, 2383);
insert into Landeslistenplatz (llid, idno, position) VALUES (15, 2383, 7);
insert into Citizen (idno, title, firstname, lastname, dateofbirth, gender) VALUES (2384, '', 'Prümm', 'Max', '1.1.1978.', 'p');
insert into CandidatesData (idno) VALUES (2384);
insert into PartyMembership (pid, idno) VALUES (12, 2384);
insert into Landeslistenplatz (llid, idno, position) VALUES (12, 2384, 22);
insert into Citizen (idno, title, firstname, lastname, dateofbirth, gender) VALUES (2385, '', 'Przybylo', 'Peter', '1.1.1944.', 'p');
insert into CandidatesData (idno) VALUES (2385);
insert into PartyMembership (pid, idno) VALUES (18, 2385);
insert into Landeslistenplatz (llid, idno, position) VALUES (17, 2385, 9);
insert into Citizen (idno, title, firstname, lastname, dateofbirth, gender) VALUES (2386, '', 'Puckl', 'Rudolf', '1.1.1946.', 'p');
insert into CandidatesData (idno) VALUES (2386);
insert into PartyMembership (pid, idno) VALUES (15, 2386);
insert into Landeslistenplatz (llid, idno, position) VALUES (14, 2386, 7);
insert into Citizen (idno, title, firstname, lastname, dateofbirth, gender) VALUES (2387, '', 'Pühse', 'Jens', '1.1.1972.', 'p');
insert into CandidatesData (idno) VALUES (2387);
insert into PartyMembership (pid, idno) VALUES (1, 2387);
insert into Candidacy (wkid, idno) VALUES (452, 2387);
insert into Landeslistenplatz (llid, idno, position) VALUES (3, 2387, 3);
insert into Citizen (idno, title, firstname, lastname, dateofbirth, gender) VALUES (2388, '', 'Pürsün', 'Yanki', '1.1.1972.', 'p');
insert into CandidatesData (idno) VALUES (2388);
insert into PartyMembership (pid, idno) VALUES (4, 2388);
insert into Landeslistenplatz (llid, idno, position) VALUES (4, 2388, 33);
insert into Citizen (idno, title, firstname, lastname, dateofbirth, gender) VALUES (2389, '', 'Pütz', 'Lasse', '1.1.1981.', 'p');
insert into CandidatesData (idno) VALUES (2389);
insert into PartyMembership (pid, idno) VALUES (2, 2389);
insert into Candidacy (wkid, idno) VALUES (400, 2389);
insert into Landeslistenplatz (llid, idno, position) VALUES (1, 2389, 63);
insert into Citizen (idno, title, firstname, lastname, dateofbirth, gender) VALUES (2390, '', 'Puff', 'Heinz-Detlev', '1.1.1957.', 'p');
insert into CandidatesData (idno) VALUES (2390);
insert into PartyMembership (pid, idno) VALUES (2, 2390);
insert into Landeslistenplatz (llid, idno, position) VALUES (1, 2390, 19);
insert into Citizen (idno, title, firstname, lastname, dateofbirth, gender) VALUES (2391, '', 'Pusch', 'Alexander', '1.1.1978.', 'p');
insert into CandidatesData (idno) VALUES (2391);
insert into PartyMembership (pid, idno) VALUES (10, 2391);
insert into Landeslistenplatz (llid, idno, position) VALUES (10, 2391, 9);
insert into Citizen (idno, title, firstname, lastname, dateofbirth, gender) VALUES (2392, '', 'Puttrich', 'Lucia', '1.1.1961.', 'p');
insert into CandidatesData (idno) VALUES (2392);
insert into PartyMembership (pid, idno) VALUES (12, 2392);
insert into Candidacy (wkid, idno) VALUES (476, 2392);
insert into Landeslistenplatz (llid, idno, position) VALUES (12, 2392, 14);
insert into Citizen (idno, title, firstname, lastname, dateofbirth, gender) VALUES (2393, '', 'Putzier', 'Jan-Henner', '1.1.1984.', 'p');
insert into CandidatesData (idno) VALUES (2393);
insert into PartyMembership (pid, idno) VALUES (2, 2393);
insert into Landeslistenplatz (llid, idno, position) VALUES (1, 2393, 52);
insert into Citizen (idno, title, firstname, lastname, dateofbirth, gender) VALUES (2394, '', 'Quadfasel', 'Guido', '1.1.1963.', 'p');
insert into CandidatesData (idno) VALUES (2394);
insert into PartyMembership (pid, idno) VALUES (12, 2394);
insert into Candidacy (wkid, idno) VALUES (356, 2394);
insert into Landeslistenplatz (llid, idno, position) VALUES (12, 2394, 10);
insert into Citizen (idno, title, firstname, lastname, dateofbirth, gender) VALUES (2395, '', 'Quaquil', 'Lars Christoph', '1.1.1981.', 'p');
insert into CandidatesData (idno) VALUES (2395);
insert into PartyMembership (pid, idno) VALUES (12, 2395);
insert into Landeslistenplatz (llid, idno, position) VALUES (12, 2395, 43);
insert into Citizen (idno, title, firstname, lastname, dateofbirth, gender) VALUES (2396, '', 'Quehl', 'Stefan', '1.1.1975.', 'p');
insert into CandidatesData (idno) VALUES (2396);
insert into PartyMembership (pid, idno) VALUES (4, 2396);
insert into Candidacy (wkid, idno) VALUES (538, 2396);
insert into Landeslistenplatz (llid, idno, position) VALUES (4, 2396, 43);
insert into Citizen (idno, title, firstname, lastname, dateofbirth, gender) VALUES (2397, '', 'Quellmann', 'Dr. Christina', '1.1.1961.', 'p');
insert into CandidatesData (idno) VALUES (2397);
insert into PartyMembership (pid, idno) VALUES (12, 2397);
insert into Landeslistenplatz (llid, idno, position) VALUES (12, 2397, 28);
insert into Citizen (idno, title, firstname, lastname, dateofbirth, gender) VALUES (2398, '', 'Quijano-Burchardt', 'Maria Sabina', '1.1.1962.', 'p');
insert into CandidatesData (idno) VALUES (2398);
insert into PartyMembership (pid, idno) VALUES (5, 2398);
insert into Landeslistenplatz (llid, idno, position) VALUES (5, 2398, 13);
insert into Citizen (idno, title, firstname, lastname, dateofbirth, gender) VALUES (2399, '', 'Raab', 'Birgit', '1.1.1964.', 'p');
insert into CandidatesData (idno) VALUES (2399);
insert into PartyMembership (pid, idno) VALUES (5, 2399);
insert into Candidacy (wkid, idno) VALUES (544, 2399);
insert into Landeslistenplatz (llid, idno, position) VALUES (5, 2399, 17);
insert into Citizen (idno, title, firstname, lastname, dateofbirth, gender) VALUES (2400, '', 'Raab', 'Daniela', '1.1.1975.', 'p');
insert into CandidatesData (idno) VALUES (2400);
insert into PartyMembership (pid, idno) VALUES (9, 2400);
insert into Candidacy (wkid, idno) VALUES (522, 2400);
insert into Landeslistenplatz (llid, idno, position) VALUES (9, 2400, 13);
insert into Citizen (idno, title, firstname, lastname, dateofbirth, gender) VALUES (2401, '', 'Raabe', 'Dr. Sascha', '1.1.1968.', 'p');
insert into CandidatesData (idno) VALUES (2401);
insert into PartyMembership (pid, idno) VALUES (2, 2401);
insert into Candidacy (wkid, idno) VALUES (479, 2401);
insert into Landeslistenplatz (llid, idno, position) VALUES (1, 2401, 10);
insert into Citizen (idno, title, firstname, lastname, dateofbirth, gender) VALUES (2402, '', 'Raake', 'Uwe', '1.1.1953.', 'p');
insert into CandidatesData (idno) VALUES (2402);
insert into PartyMembership (pid, idno) VALUES (10, 2402);
insert into Candidacy (wkid, idno) VALUES (381, 2402);
insert into Citizen (idno, title, firstname, lastname, dateofbirth, gender) VALUES (2403, '', 'Raatz', 'Dr.-Ing. habil. Simone', '1.1.1962.', 'p');
insert into CandidatesData (idno) VALUES (2403);
insert into PartyMembership (pid, idno) VALUES (2, 2403);
insert into Candidacy (wkid, idno) VALUES (461, 2403);
insert into Landeslistenplatz (llid, idno, position) VALUES (1, 2403, 6);
insert into Citizen (idno, title, firstname, lastname, dateofbirth, gender) VALUES (2404, '', 'Rabanus', 'Martin', '1.1.1971.', 'p');
insert into CandidatesData (idno) VALUES (2404);
insert into PartyMembership (pid, idno) VALUES (2, 2404);
insert into Candidacy (wkid, idno) VALUES (477, 2404);
insert into Landeslistenplatz (llid, idno, position) VALUES (1, 2404, 16);
insert into Citizen (idno, title, firstname, lastname, dateofbirth, gender) VALUES (2405, '', 'Rabel', 'Stefan', '1.1.1964.', 'p');
insert into CandidatesData (idno) VALUES (2405);
insert into PartyMembership (pid, idno) VALUES (12, 2405);
insert into Landeslistenplatz (llid, idno, position) VALUES (12, 2405, 5);
insert into Citizen (idno, title, firstname, lastname, dateofbirth, gender) VALUES (2406, '', 'Rachel', 'Thomas', '1.1.1962.', 'p');
insert into CandidatesData (idno) VALUES (2406);
insert into PartyMembership (pid, idno) VALUES (12, 2406);
insert into Candidacy (wkid, idno) VALUES (390, 2406);
insert into Landeslistenplatz (llid, idno, position) VALUES (12, 2406, 14);
insert into Citizen (idno, title, firstname, lastname, dateofbirth, gender) VALUES (2407, '', 'Rademachers', 'Andreas', '1.1.1985.', 'p');
insert into CandidatesData (idno) VALUES (2407);
insert into PartyMembership (pid, idno) VALUES (4, 2407);
insert into Candidacy (wkid, idno) VALUES (389, 2407);
insert into Landeslistenplatz (llid, idno, position) VALUES (4, 2407, 31);
insert into Citizen (idno, title, firstname, lastname, dateofbirth, gender) VALUES (2408, '', 'Raderschadt', 'Harald', '1.1.1970.', 'p');
insert into CandidatesData (idno) VALUES (2408);
insert into PartyMembership (pid, idno) VALUES (17, 2408);
insert into Landeslistenplatz (llid, idno, position) VALUES (16, 2408, 6);
insert into Citizen (idno, title, firstname, lastname, dateofbirth, gender) VALUES (2409, '', 'Radloff', 'Gabriele', '1.1.1961.', 'p');
insert into CandidatesData (idno) VALUES (2409);
insert into Candidacy (wkid, idno) VALUES (313, 2409);
insert into Citizen (idno, title, firstname, lastname, dateofbirth, gender) VALUES (2410, '', 'Radomski', 'Kerstin', '1.1.1974.', 'p');
insert into CandidatesData (idno) VALUES (2410);
insert into PartyMembership (pid, idno) VALUES (12, 2410);
insert into Candidacy (wkid, idno) VALUES (414, 2410);
insert into Landeslistenplatz (llid, idno, position) VALUES (12, 2410, 27);
insert into Citizen (idno, title, firstname, lastname, dateofbirth, gender) VALUES (2411, '', 'Radtke', 'Martin', '1.1.1979.', 'p');
insert into CandidatesData (idno) VALUES (2411);
insert into PartyMembership (pid, idno) VALUES (1, 2411);
insert into Candidacy (wkid, idno) VALUES (468, 2411);
insert into Citizen (idno, title, firstname, lastname, dateofbirth, gender) VALUES (2412, '', 'Radunski', 'Helmut', '1.1.1948.', 'p');
insert into CandidatesData (idno) VALUES (2412);
insert into PartyMembership (pid, idno) VALUES (1, 2412);
insert into Candidacy (wkid, idno) VALUES (302, 2412);
insert into Citizen (idno, title, firstname, lastname, dateofbirth, gender) VALUES (2413, '', 'Radzimanowski', 'Dr. Kersten', '1.1.1948.', 'p');
insert into CandidatesData (idno) VALUES (2413);
insert into PartyMembership (pid, idno) VALUES (1, 2413);
insert into Candidacy (wkid, idno) VALUES (359, 2413);
insert into Landeslistenplatz (llid, idno, position) VALUES (3, 2413, 4);
insert into Citizen (idno, title, firstname, lastname, dateofbirth, gender) VALUES (2414, '', 'Radziwill', 'Ülker', '1.1.1966.', 'p');
insert into CandidatesData (idno) VALUES (2414);
insert into PartyMembership (pid, idno) VALUES (2, 2414);
insert into Landeslistenplatz (llid, idno, position) VALUES (1, 2414, 9);
insert into Citizen (idno, title, firstname, lastname, dateofbirth, gender) VALUES (2415, '', 'Raemdonck van', 'Jürgen', '1.1.1952.', 'p');
insert into CandidatesData (idno) VALUES (2415);
insert into Candidacy (wkid, idno) VALUES (315, 2415);
insert into Citizen (idno, title, firstname, lastname, dateofbirth, gender) VALUES (2416, '', 'Rätzel', 'Raimar', '1.1.1971.', 'p');
insert into CandidatesData (idno) VALUES (2416);
insert into Candidacy (wkid, idno) VALUES (364, 2416);
insert into Citizen (idno, title, firstname, lastname, dateofbirth, gender) VALUES (2417, '', 'Räuschel', 'Maria', '1.1.1936.', 'p');
insert into CandidatesData (idno) VALUES (2417);
insert into PartyMembership (pid, idno) VALUES (10, 2417);
insert into Candidacy (wkid, idno) VALUES (330, 2417);
insert into Citizen (idno, title, firstname, lastname, dateofbirth, gender) VALUES (2418, '', 'Ragg', 'Günther', '1.1.1957.', 'p');
insert into CandidatesData (idno) VALUES (2418);
insert into PartyMembership (pid, idno) VALUES (1, 2418);
insert into Candidacy (wkid, idno) VALUES (587, 2418);
insert into Citizen (idno, title, firstname, lastname, dateofbirth, gender) VALUES (2419, '', 'Raischl', 'Georg', '1.1.1956.', 'p');
insert into CandidatesData (idno) VALUES (2419);
insert into PartyMembership (pid, idno) VALUES (27, 2419);
insert into Landeslistenplatz (llid, idno, position) VALUES (26, 2419, 3);
insert into Citizen (idno, title, firstname, lastname, dateofbirth, gender) VALUES (2420, '', 'Ramsauer', 'Dr. Peter', '1.1.1954.', 'p');
insert into CandidatesData (idno) VALUES (2420);
insert into PartyMembership (pid, idno) VALUES (9, 2420);
insert into Candidacy (wkid, idno) VALUES (524, 2420);
insert into Landeslistenplatz (llid, idno, position) VALUES (9, 2420, 1);
insert into Citizen (idno, title, firstname, lastname, dateofbirth, gender) VALUES (2421, '', 'Ranfft', 'Wolf', '1.1.1941.', 'p');
insert into CandidatesData (idno) VALUES (2421);
insert into PartyMembership (pid, idno) VALUES (14, 2421);
insert into Candidacy (wkid, idno) VALUES (544, 2421);
insert into Citizen (idno, title, firstname, lastname, dateofbirth, gender) VALUES (2422, '', 'Raschke', 'Benjamin', '1.1.1982.', 'p');
insert into CandidatesData (idno) VALUES (2422);
insert into PartyMembership (pid, idno) VALUES (5, 2422);
insert into Candidacy (wkid, idno) VALUES (362, 2422);
insert into Landeslistenplatz (llid, idno, position) VALUES (5, 2422, 2);
insert into Citizen (idno, title, firstname, lastname, dateofbirth, gender) VALUES (2423, '', 'Ratajczak', 'Dr. Cordula', '1.1.1964.', 'p');
insert into CandidatesData (idno) VALUES (2423);
insert into PartyMembership (pid, idno) VALUES (5, 2423);
insert into Candidacy (wkid, idno) VALUES (456, 2423);
insert into Landeslistenplatz (llid, idno, position) VALUES (5, 2423, 5);
insert into Citizen (idno, title, firstname, lastname, dateofbirth, gender) VALUES (2424, '', 'Ratanski', 'Andreas', '1.1.1976.', 'p');
insert into CandidatesData (idno) VALUES (2424);
insert into PartyMembership (pid, idno) VALUES (7, 2424);
insert into Landeslistenplatz (llid, idno, position) VALUES (7, 2424, 3);
insert into Citizen (idno, title, firstname, lastname, dateofbirth, gender) VALUES (2425, '', 'Rath', 'Martin', '1.1.1963.', 'p');
insert into CandidatesData (idno) VALUES (2425);
insert into PartyMembership (pid, idno) VALUES (3, 2425);
insert into Candidacy (wkid, idno) VALUES (426, 2425);
insert into Citizen (idno, title, firstname, lastname, dateofbirth, gender) VALUES (2426, '', 'Ratjen-Damerau', 'Dr. Christiane', '1.1.1954.', 'p');
insert into CandidatesData (idno) VALUES (2426);
insert into PartyMembership (pid, idno) VALUES (4, 2426);
insert into Candidacy (wkid, idno) VALUES (327, 2426);
insert into Landeslistenplatz (llid, idno, position) VALUES (4, 2426, 10);
insert into Citizen (idno, title, firstname, lastname, dateofbirth, gender) VALUES (2427, '', 'Ratter', 'Ruth', '1.1.1955.', 'p');
insert into CandidatesData (idno) VALUES (2427);
insert into PartyMembership (pid, idno) VALUES (5, 2427);
insert into Landeslistenplatz (llid, idno, position) VALUES (5, 2427, 11);
insert into Citizen (idno, title, firstname, lastname, dateofbirth, gender) VALUES (2428, '', 'Rau', 'Doris', '1.1.1959.', 'p');
insert into CandidatesData (idno) VALUES (2428);
insert into PartyMembership (pid, idno) VALUES (12, 2428);
insert into Landeslistenplatz (llid, idno, position) VALUES (12, 2428, 34);
insert into Citizen (idno, title, firstname, lastname, dateofbirth, gender) VALUES (2429, '', 'Rau-Stoll', 'Marie-Luise', '1.1.1950.', 'p');
insert into CandidatesData (idno) VALUES (2429);
insert into PartyMembership (pid, idno) VALUES (2, 2429);
insert into Landeslistenplatz (llid, idno, position) VALUES (1, 2429, 30);
insert into Citizen (idno, title, firstname, lastname, dateofbirth, gender) VALUES (2430, '', 'Rauber', 'Gabriele Maria', '1.1.1954.', 'p');
insert into CandidatesData (idno) VALUES (2430);
insert into PartyMembership (pid, idno) VALUES (12, 2430);
insert into Landeslistenplatz (llid, idno, position) VALUES (12, 2430, 12);
insert into Citizen (idno, title, firstname, lastname, dateofbirth, gender) VALUES (2431, '', 'Rauschenbach', 'Michael', '1.1.1966.', 'p');
insert into CandidatesData (idno) VALUES (2431);
insert into PartyMembership (pid, idno) VALUES (19, 2431);
insert into Landeslistenplatz (llid, idno, position) VALUES (18, 2431, 3);
insert into Citizen (idno, title, firstname, lastname, dateofbirth, gender) VALUES (2432, '', 'Rawert', 'Mechthild', '1.1.1957.', 'p');
insert into CandidatesData (idno) VALUES (2432);
insert into PartyMembership (pid, idno) VALUES (2, 2432);
insert into Candidacy (wkid, idno) VALUES (381, 2432);
insert into Landeslistenplatz (llid, idno, position) VALUES (1, 2432, 4);
insert into Citizen (idno, title, firstname, lastname, dateofbirth, gender) VALUES (2433, '', 'Reball', 'Siegfried', '1.1.1954.', 'p');
insert into CandidatesData (idno) VALUES (2433);
insert into PartyMembership (pid, idno) VALUES (1, 2433);
insert into Candidacy (wkid, idno) VALUES (432, 2433);
insert into Citizen (idno, title, firstname, lastname, dateofbirth, gender) VALUES (2434, '', 'Rebmann', 'Kai', '1.1.1982.', 'p');
insert into CandidatesData (idno) VALUES (2434);
insert into PartyMembership (pid, idno) VALUES (17, 2434);
insert into Candidacy (wkid, idno) VALUES (578, 2434);
insert into Citizen (idno, title, firstname, lastname, dateofbirth, gender) VALUES (2435, '', 'Rebmann', 'Stefan', '1.1.1962.', 'p');
insert into CandidatesData (idno) VALUES (2435);
insert into PartyMembership (pid, idno) VALUES (2, 2435);
insert into Candidacy (wkid, idno) VALUES (574, 2435);
insert into Landeslistenplatz (llid, idno, position) VALUES (1, 2435, 17);
insert into Citizen (idno, title, firstname, lastname, dateofbirth, gender) VALUES (2436, '', 'Rech', 'Daniel', '1.1.1983.', 'p');
insert into CandidatesData (idno) VALUES (2436);
insert into PartyMembership (pid, idno) VALUES (11, 2436);
insert into Landeslistenplatz (llid, idno, position) VALUES (11, 2436, 3);
insert into Citizen (idno, title, firstname, lastname, dateofbirth, gender) VALUES (2437, '', 'Recknagel', 'Lutz Rüdiger', '1.1.1966.', 'p');
insert into CandidatesData (idno) VALUES (2437);
insert into PartyMembership (pid, idno) VALUES (4, 2437);
insert into Candidacy (wkid, idno) VALUES (496, 2437);
insert into Citizen (idno, title, firstname, lastname, dateofbirth, gender) VALUES (2438, '', 'Rectenwald', 'Nina', '1.1.1990.', 'p');
insert into CandidatesData (idno) VALUES (2438);
insert into PartyMembership (pid, idno) VALUES (4, 2438);
insert into Landeslistenplatz (llid, idno, position) VALUES (4, 2438, 12);
insert into Citizen (idno, title, firstname, lastname, dateofbirth, gender) VALUES (2439, '', 'Redlhammer-Raback', 'Bärbel', '1.1.1954.', 'p');
insert into CandidatesData (idno) VALUES (2439);
insert into PartyMembership (pid, idno) VALUES (11, 2439);
insert into Landeslistenplatz (llid, idno, position) VALUES (11, 2439, 3);
insert into Citizen (idno, title, firstname, lastname, dateofbirth, gender) VALUES (2440, '', 'Reetnitz von', 'Manfred', '1.1.1955.', 'p');
insert into CandidatesData (idno) VALUES (2440);
insert into PartyMembership (pid, idno) VALUES (19, 2440);
insert into Landeslistenplatz (llid, idno, position) VALUES (18, 2440, 4);
insert into Citizen (idno, title, firstname, lastname, dateofbirth, gender) VALUES (2441, '', 'Regehly', 'Imanuel', '1.1.1923.', 'p');
insert into CandidatesData (idno) VALUES (2441);
insert into PartyMembership (pid, idno) VALUES (1, 2441);
insert into Landeslistenplatz (llid, idno, position) VALUES (3, 2441, 7);
insert into Citizen (idno, title, firstname, lastname, dateofbirth, gender) VALUES (2442, '', 'Rehahn', 'Dr. Thomas', '1.1.1953.', 'p');
insert into CandidatesData (idno) VALUES (2442);
insert into PartyMembership (pid, idno) VALUES (5, 2442);
insert into Candidacy (wkid, idno) VALUES (486, 2442);
insert into Landeslistenplatz (llid, idno, position) VALUES (5, 2442, 22);
insert into Citizen (idno, title, firstname, lastname, dateofbirth, gender) VALUES (2443, '', 'Rehberg', 'Eckhardt Harald', '1.1.1954.', 'p');
insert into CandidatesData (idno) VALUES (2443);
insert into PartyMembership (pid, idno) VALUES (12, 2443);
insert into Candidacy (wkid, idno) VALUES (316, 2443);
insert into Landeslistenplatz (llid, idno, position) VALUES (12, 2443, 2);
insert into Citizen (idno, title, firstname, lastname, dateofbirth, gender) VALUES (2444, '', 'Reiche', 'Katherina', '1.1.1973.', 'p');
insert into CandidatesData (idno) VALUES (2444);
insert into PartyMembership (pid, idno) VALUES (12, 2444);
insert into Candidacy (wkid, idno) VALUES (361, 2444);
insert into Landeslistenplatz (llid, idno, position) VALUES (12, 2444, 1);
insert into Citizen (idno, title, firstname, lastname, dateofbirth, gender) VALUES (2445, '', 'Reiche', 'Sebastian', '1.1.1983.', 'p');
insert into CandidatesData (idno) VALUES (2445);
insert into PartyMembership (pid, idno) VALUES (1, 2445);
insert into Candidacy (wkid, idno) VALUES (491, 2445);
insert into Citizen (idno, title, firstname, lastname, dateofbirth, gender) VALUES (2446, '', 'Reiche', 'Steffen', '1.1.1960.', 'p');
insert into CandidatesData (idno) VALUES (2446);
insert into PartyMembership (pid, idno) VALUES (2, 2446);
insert into Candidacy (wkid, idno) VALUES (364, 2446);
insert into Landeslistenplatz (llid, idno, position) VALUES (1, 2446, 5);
insert into Citizen (idno, title, firstname, lastname, dateofbirth, gender) VALUES (2447, '', 'Reichel', 'Julia', '1.1.1972.', 'p');
insert into CandidatesData (idno) VALUES (2447);
insert into PartyMembership (pid, idno) VALUES (30, 2447);
insert into Candidacy (wkid, idno) VALUES (481, 2447);
insert into Citizen (idno, title, firstname, lastname, dateofbirth, gender) VALUES (2448, '', 'Reichel', 'Maik', '1.1.1971.', 'p');
insert into CandidatesData (idno) VALUES (2448);
insert into PartyMembership (pid, idno) VALUES (2, 2448);
insert into Candidacy (wkid, idno) VALUES (373, 2448);
insert into Landeslistenplatz (llid, idno, position) VALUES (1, 2448, 7);
insert into Citizen (idno, title, firstname, lastname, dateofbirth, gender) VALUES (2449, '', 'Reichenbach', 'Gerold', '1.1.1953.', 'p');
insert into CandidatesData (idno) VALUES (2449);
insert into PartyMembership (pid, idno) VALUES (2, 2449);
insert into Candidacy (wkid, idno) VALUES (483, 2449);
insert into Landeslistenplatz (llid, idno, position) VALUES (1, 2449, 9);
insert into Citizen (idno, title, firstname, lastname, dateofbirth, gender) VALUES (2450, '', 'Reichenberg', 'Marcus', '1.1.1975.', 'p');
insert into CandidatesData (idno) VALUES (2450);
insert into PartyMembership (pid, idno) VALUES (5, 2450);
insert into Candidacy (wkid, idno) VALUES (525, 2450);
insert into Citizen (idno, title, firstname, lastname, dateofbirth, gender) VALUES (2451, '', 'Reifschneider-Groß', 'Brigitte', '1.1.1951.', 'p');
insert into CandidatesData (idno) VALUES (2451);
insert into PartyMembership (pid, idno) VALUES (4, 2451);
insert into Landeslistenplatz (llid, idno, position) VALUES (4, 2451, 25);
insert into Citizen (idno, title, firstname, lastname, dateofbirth, gender) VALUES (2452, '', 'Reimann', 'Dr. Carola', '1.1.1967.', 'p');
insert into CandidatesData (idno) VALUES (2452);
insert into PartyMembership (pid, idno) VALUES (2, 2452);
insert into Candidacy (wkid, idno) VALUES (350, 2452);
insert into Landeslistenplatz (llid, idno, position) VALUES (1, 2452, 17);
insert into Citizen (idno, title, firstname, lastname, dateofbirth, gender) VALUES (2453, '', 'Reinders', 'Hermann Hans Hajo', '1.1.1952.', 'p');
insert into CandidatesData (idno) VALUES (2453);
insert into PartyMembership (pid, idno) VALUES (12, 2453);
insert into Landeslistenplatz (llid, idno, position) VALUES (12, 2453, 34);
insert into Citizen (idno, title, firstname, lastname, dateofbirth, gender) VALUES (2454, '', 'Reindl', 'Rosa Maria', '1.1.1966.', 'p');
insert into CandidatesData (idno) VALUES (2454);
insert into PartyMembership (pid, idno) VALUES (8, 2454);
insert into Candidacy (wkid, idno) VALUES (513, 2454);
insert into Landeslistenplatz (llid, idno, position) VALUES (8, 2454, 10);
insert into Citizen (idno, title, firstname, lastname, dateofbirth, gender) VALUES (2455, '', 'Reinemund', 'Dr. Birgit', '1.1.1959.', 'p');
insert into CandidatesData (idno) VALUES (2455);
insert into PartyMembership (pid, idno) VALUES (4, 2455);
insert into Candidacy (wkid, idno) VALUES (574, 2455);
insert into Landeslistenplatz (llid, idno, position) VALUES (4, 2455, 11);
insert into Citizen (idno, title, firstname, lastname, dateofbirth, gender) VALUES (2456, '', 'Reinert', 'Marion', '1.1.1976.', 'p');
insert into CandidatesData (idno) VALUES (2456);
insert into PartyMembership (pid, idno) VALUES (1, 2456);
insert into Candidacy (wkid, idno) VALUES (421, 2456);
insert into Landeslistenplatz (llid, idno, position) VALUES (3, 2456, 10);
insert into Citizen (idno, title, firstname, lastname, dateofbirth, gender) VALUES (2457, '', 'Reinhard', 'Johannes', '1.1.1985.', 'p');
insert into CandidatesData (idno) VALUES (2457);
insert into PartyMembership (pid, idno) VALUES (9, 2457);
insert into Landeslistenplatz (llid, idno, position) VALUES (9, 2457, 53);
insert into Citizen (idno, title, firstname, lastname, dateofbirth, gender) VALUES (2458, '', 'Reinhardt', 'Fabio', '1.1.1980.', 'p');
insert into CandidatesData (idno) VALUES (2458);
insert into PartyMembership (pid, idno) VALUES (7, 2458);
insert into Landeslistenplatz (llid, idno, position) VALUES (7, 2458, 3);
insert into Citizen (idno, title, firstname, lastname, dateofbirth, gender) VALUES (2459, '', 'Reinhart', 'Manfred', '1.1.1964.', 'p');
insert into CandidatesData (idno) VALUES (2459);
insert into PartyMembership (pid, idno) VALUES (8, 2459);
insert into Candidacy (wkid, idno) VALUES (541, 2459);
insert into Landeslistenplatz (llid, idno, position) VALUES (8, 2459, 32);
insert into Citizen (idno, title, firstname, lastname, dateofbirth, gender) VALUES (2460, '', 'Reinhold', 'Hagen', '1.1.1978.', 'p');
insert into CandidatesData (idno) VALUES (2460);
insert into PartyMembership (pid, idno) VALUES (4, 2460);
insert into Candidacy (wkid, idno) VALUES (313, 2460);
insert into Landeslistenplatz (llid, idno, position) VALUES (4, 2460, 2);
insert into Citizen (idno, title, firstname, lastname, dateofbirth, gender) VALUES (2461, '', 'Reinke', 'Elke', '1.1.1958.', 'p');
insert into CandidatesData (idno) VALUES (2461);
insert into PartyMembership (pid, idno) VALUES (3, 2461);
insert into Candidacy (wkid, idno) VALUES (368, 2461);
insert into Landeslistenplatz (llid, idno, position) VALUES (2, 2461, 7);
insert into Citizen (idno, title, firstname, lastname, dateofbirth, gender) VALUES (2462, '', 'Reinstädtler', 'Ralf', '1.1.1966.', 'p');
insert into CandidatesData (idno) VALUES (2462);
insert into PartyMembership (pid, idno) VALUES (3, 2462);
insert into Candidacy (wkid, idno) VALUES (598, 2462);
insert into Citizen (idno, title, firstname, lastname, dateofbirth, gender) VALUES (2463, '', 'Reising', 'Oliver', '1.1.1970.', 'p');
insert into CandidatesData (idno) VALUES (2463);
insert into PartyMembership (pid, idno) VALUES (3, 2463);
insert into Landeslistenplatz (llid, idno, position) VALUES (2, 2463, 20);
insert into Citizen (idno, title, firstname, lastname, dateofbirth, gender) VALUES (2464, '', 'Reitmeyer', 'Hans-Jürgen', '1.1.1953.', 'p');
insert into CandidatesData (idno) VALUES (2464);
insert into PartyMembership (pid, idno) VALUES (5, 2464);
insert into Candidacy (wkid, idno) VALUES (425, 2464);
insert into Citizen (idno, title, firstname, lastname, dateofbirth, gender) VALUES (2465, '', 'Reitz', 'Axel', '1.1.1983.', 'p');
insert into CandidatesData (idno) VALUES (2465);
insert into PartyMembership (pid, idno) VALUES (1, 2465);
insert into Candidacy (wkid, idno) VALUES (391, 2465);
insert into Landeslistenplatz (llid, idno, position) VALUES (3, 2465, 11);
insert into Citizen (idno, title, firstname, lastname, dateofbirth, gender) VALUES (2466, '', 'Reker', 'Reinhold', '1.1.1935.', 'p');
insert into CandidatesData (idno) VALUES (2466);
insert into PartyMembership (pid, idno) VALUES (23, 2466);
insert into Landeslistenplatz (llid, idno, position) VALUES (24, 2466, 5);
insert into Citizen (idno, title, firstname, lastname, dateofbirth, gender) VALUES (2467, '', 'Remmers', 'Ingrid Liselotte', '1.1.1965.', 'p');
insert into CandidatesData (idno) VALUES (2467);
insert into PartyMembership (pid, idno) VALUES (3, 2467);
insert into Landeslistenplatz (llid, idno, position) VALUES (2, 2467, 9);
insert into Citizen (idno, title, firstname, lastname, dateofbirth, gender) VALUES (2468, '', 'Renfordt', 'Karsten', '1.1.1963.', 'p');
insert into CandidatesData (idno) VALUES (2468);
insert into PartyMembership (pid, idno) VALUES (3, 2468);
insert into Candidacy (wkid, idno) VALUES (450, 2468);
insert into Citizen (idno, title, firstname, lastname, dateofbirth, gender) VALUES (2469, '', 'Renner', 'Gabriele', '1.1.1965.', 'p');
insert into CandidatesData (idno) VALUES (2469);
insert into PartyMembership (pid, idno) VALUES (6, 2469);
insert into Landeslistenplatz (llid, idno, position) VALUES (6, 2469, 8);
insert into Citizen (idno, title, firstname, lastname, dateofbirth, gender) VALUES (2470, '', 'Renner', 'Rita', '1.1.1958.', 'p');
insert into CandidatesData (idno) VALUES (2470);
insert into PartyMembership (pid, idno) VALUES (13, 2470);
insert into Landeslistenplatz (llid, idno, position) VALUES (13, 2470, 4);
insert into Citizen (idno, title, firstname, lastname, dateofbirth, gender) VALUES (2471, '', 'Renner-Knopp', 'Astrid', '1.1.1969.', 'p');
insert into CandidatesData (idno) VALUES (2471);
insert into PartyMembership (pid, idno) VALUES (9, 2471);
insert into Landeslistenplatz (llid, idno, position) VALUES (9, 2471, 49);
insert into Citizen (idno, title, firstname, lastname, dateofbirth, gender) VALUES (2472, '', 'Rennert', 'Hans-Jörg', '1.1.1941.', 'p');
insert into CandidatesData (idno) VALUES (2472);
insert into PartyMembership (pid, idno) VALUES (14, 2472);
insert into Landeslistenplatz (llid, idno, position) VALUES (21, 2472, 4);
insert into Citizen (idno, title, firstname, lastname, dateofbirth, gender) VALUES (2473, '', 'Renz', 'Christine', '1.1.1975.', 'p');
insert into CandidatesData (idno) VALUES (2473);
insert into PartyMembership (pid, idno) VALUES (16, 2473);
insert into Landeslistenplatz (llid, idno, position) VALUES (15, 2473, 2);
insert into Citizen (idno, title, firstname, lastname, dateofbirth, gender) VALUES (2474, '', 'Ressmann', 'Dr. Wolfgang', '1.1.1958.', 'p');
insert into CandidatesData (idno) VALUES (2474);
insert into PartyMembership (pid, idno) VALUES (2, 2474);
insert into Candidacy (wkid, idno) VALUES (508, 2474);
insert into Landeslistenplatz (llid, idno, position) VALUES (1, 2474, 13);
insert into Citizen (idno, title, firstname, lastname, dateofbirth, gender) VALUES (2475, '', 'Rettig', 'Hans-Jürgen', '1.1.1950.', 'p');
insert into CandidatesData (idno) VALUES (2475);
insert into Candidacy (wkid, idno) VALUES (360, 2475);
insert into Citizen (idno, title, firstname, lastname, dateofbirth, gender) VALUES (2476, '', 'Reusch', 'Volker', '1.1.1970.', 'p');
insert into CandidatesData (idno) VALUES (2476);
insert into PartyMembership (pid, idno) VALUES (28, 2476);
insert into Landeslistenplatz (llid, idno, position) VALUES (27, 2476, 4);
insert into Citizen (idno, title, firstname, lastname, dateofbirth, gender) VALUES (2477, '', 'Reusing', 'Volker', '1.1.1971.', 'p');
insert into CandidatesData (idno) VALUES (2477);
insert into PartyMembership (pid, idno) VALUES (8, 2477);
insert into Landeslistenplatz (llid, idno, position) VALUES (8, 2477, 14);
insert into Citizen (idno, title, firstname, lastname, dateofbirth, gender) VALUES (2478, '', 'Reuter', 'Dr. Alexander', '1.1.1967.', 'p');
insert into CandidatesData (idno) VALUES (2478);
insert into PartyMembership (pid, idno) VALUES (4, 2478);
insert into Candidacy (wkid, idno) VALUES (592, 2478);
insert into Citizen (idno, title, firstname, lastname, dateofbirth, gender) VALUES (2479, '', 'Reuther', 'Marion', '1.1.1953.', 'p');
insert into CandidatesData (idno) VALUES (2479);
insert into PartyMembership (pid, idno) VALUES (2, 2479);
insert into Candidacy (wkid, idno) VALUES (550, 2479);
insert into Landeslistenplatz (llid, idno, position) VALUES (1, 2479, 24);
insert into Citizen (idno, title, firstname, lastname, dateofbirth, gender) VALUES (2480, '', 'Reymann', 'Fabian', '1.1.1979.', 'p');
insert into CandidatesData (idno) VALUES (2480);
insert into PartyMembership (pid, idno) VALUES (26, 2480);
insert into Landeslistenplatz (llid, idno, position) VALUES (25, 2480, 2);
insert into Citizen (idno, title, firstname, lastname, dateofbirth, gender) VALUES (2481, '', 'Reynders', 'Ingrid', '1.1.1947.', 'p');
insert into CandidatesData (idno) VALUES (2481);
insert into PartyMembership (pid, idno) VALUES (18, 2481);
insert into Landeslistenplatz (llid, idno, position) VALUES (17, 2481, 10);
insert into Citizen (idno, title, firstname, lastname, dateofbirth, gender) VALUES (2482, '', 'Richter', 'Bernhard', '1.1.1943.', 'p');
insert into CandidatesData (idno) VALUES (2482);
insert into PartyMembership (pid, idno) VALUES (8, 2482);
insert into Candidacy (wkid, idno) VALUES (584, 2482);
insert into Landeslistenplatz (llid, idno, position) VALUES (8, 2482, 2);
insert into Citizen (idno, title, firstname, lastname, dateofbirth, gender) VALUES (2483, '', 'Richter', 'Hartmut Manfred', '1.1.1944.', 'p');
insert into CandidatesData (idno) VALUES (2483);
insert into Candidacy (wkid, idno) VALUES (459, 2483);
insert into Citizen (idno, title, firstname, lastname, dateofbirth, gender) VALUES (2484, '', 'Richter', 'Dr. Jörg', '1.1.1969.', 'p');
insert into CandidatesData (idno) VALUES (2484);
insert into PartyMembership (pid, idno) VALUES (4, 2484);
insert into Candidacy (wkid, idno) VALUES (576, 2484);
insert into Landeslistenplatz (llid, idno, position) VALUES (4, 2484, 19);
insert into Citizen (idno, title, firstname, lastname, dateofbirth, gender) VALUES (2485, '', 'Richter', 'Thomas', '1.1.1969.', 'p');
insert into CandidatesData (idno) VALUES (2485);
insert into PartyMembership (pid, idno) VALUES (4, 2485);
insert into Candidacy (wkid, idno) VALUES (458, 2485);
insert into Landeslistenplatz (llid, idno, position) VALUES (4, 2485, 12);
insert into Citizen (idno, title, firstname, lastname, dateofbirth, gender) VALUES (2486, '', 'Richter', 'Wera', '1.1.1969.', 'p');
insert into CandidatesData (idno) VALUES (2486);
insert into PartyMembership (pid, idno) VALUES (21, 2486);
insert into Landeslistenplatz (llid, idno, position) VALUES (20, 2486, 2);
insert into Citizen (idno, title, firstname, lastname, dateofbirth, gender) VALUES (2487, '', 'Richtermeier', 'Marie-Luise', '1.1.1947.', 'p');
insert into CandidatesData (idno) VALUES (2487);
insert into PartyMembership (pid, idno) VALUES (6, 2487);
insert into Landeslistenplatz (llid, idno, position) VALUES (6, 2487, 2);
insert into Citizen (idno, title, firstname, lastname, dateofbirth, gender) VALUES (2488, '', 'Richwien', 'Roland', '1.1.1955.', 'p');
insert into CandidatesData (idno) VALUES (2488);
insert into PartyMembership (pid, idno) VALUES (12, 2488);
insert into Candidacy (wkid, idno) VALUES (493, 2488);
insert into Landeslistenplatz (llid, idno, position) VALUES (12, 2488, 5);
insert into Citizen (idno, title, firstname, lastname, dateofbirth, gender) VALUES (2489, '', 'Riebesam', 'Matthias', '1.1.1964.', 'p');
insert into CandidatesData (idno) VALUES (2489);
insert into Candidacy (wkid, idno) VALUES (568, 2489);
insert into Citizen (idno, title, firstname, lastname, dateofbirth, gender) VALUES (2490, '', 'Riebsamen', 'Lothar', '1.1.1957.', 'p');
insert into CandidatesData (idno) VALUES (2490);
insert into PartyMembership (pid, idno) VALUES (12, 2490);
insert into Candidacy (wkid, idno) VALUES (592, 2490);
insert into Citizen (idno, title, firstname, lastname, dateofbirth, gender) VALUES (2491, '', 'Riedel', 'Hans-Ulrich', '1.1.1955.', 'p');
insert into CandidatesData (idno) VALUES (2491);
insert into PartyMembership (pid, idno) VALUES (3, 2491);
insert into Candidacy (wkid, idno) VALUES (380, 2491);
insert into Landeslistenplatz (llid, idno, position) VALUES (2, 2491, 12);
insert into Citizen (idno, title, firstname, lastname, dateofbirth, gender) VALUES (2492, '', 'Riedelsheimer', 'Albert', '1.1.1966.', 'p');
insert into CandidatesData (idno) VALUES (2492);
insert into PartyMembership (pid, idno) VALUES (5, 2492);
insert into Candidacy (wkid, idno) VALUES (553, 2492);
insert into Citizen (idno, title, firstname, lastname, dateofbirth, gender) VALUES (2493, '', 'Riedl', 'Laszlo', '1.1.1972.', 'p');
insert into CandidatesData (idno) VALUES (2493);
insert into PartyMembership (pid, idno) VALUES (4, 2493);
insert into Candidacy (wkid, idno) VALUES (548, 2493);
insert into Landeslistenplatz (llid, idno, position) VALUES (4, 2493, 44);
insert into Citizen (idno, title, firstname, lastname, dateofbirth, gender) VALUES (2494, '', 'Riedl', 'Peter Hans', '1.1.1948.', 'p');
insert into CandidatesData (idno) VALUES (2494);
insert into PartyMembership (pid, idno) VALUES (14, 2494);
insert into Candidacy (wkid, idno) VALUES (531, 2494);
insert into Landeslistenplatz (llid, idno, position) VALUES (21, 2494, 12);
insert into Citizen (idno, title, firstname, lastname, dateofbirth, gender) VALUES (2495, '', 'Riedmaier', 'Michael', '1.1.1969.', 'p');
insert into CandidatesData (idno) VALUES (2495);
insert into PartyMembership (pid, idno) VALUES (20, 2495);
insert into Landeslistenplatz (llid, idno, position) VALUES (19, 2495, 8);
insert into Citizen (idno, title, firstname, lastname, dateofbirth, gender) VALUES (2496, '', 'Rief', 'Josef', '1.1.1960.', 'p');
insert into CandidatesData (idno) VALUES (2496);
insert into PartyMembership (pid, idno) VALUES (12, 2496);
insert into Candidacy (wkid, idno) VALUES (591, 2496);
insert into Citizen (idno, title, firstname, lastname, dateofbirth, gender) VALUES (2497, '', 'Riefling', 'Ricarda', '1.1.1983.', 'p');
insert into CandidatesData (idno) VALUES (2497);
insert into PartyMembership (pid, idno) VALUES (1, 2497);
insert into Candidacy (wkid, idno) VALUES (348, 2497);
insert into Landeslistenplatz (llid, idno, position) VALUES (3, 2497, 3);
insert into Citizen (idno, title, firstname, lastname, dateofbirth, gender) VALUES (2498, '', 'Rieg', 'Jürgen', '1.1.1968.', 'p');
insert into CandidatesData (idno) VALUES (2498);
insert into PartyMembership (pid, idno) VALUES (4, 2498);
insert into Candidacy (wkid, idno) VALUES (569, 2498);
insert into Landeslistenplatz (llid, idno, position) VALUES (4, 2498, 35);
insert into Citizen (idno, title, firstname, lastname, dateofbirth, gender) VALUES (2499, '', 'Riegel', 'Stefan', '1.1.1985.', 'p');
insert into CandidatesData (idno) VALUES (2499);
insert into PartyMembership (pid, idno) VALUES (7, 2499);
insert into Landeslistenplatz (llid, idno, position) VALUES (7, 2499, 6);
insert into Citizen (idno, title, firstname, lastname, dateofbirth, gender) VALUES (2500, '', 'Rieger', 'Daniela', '1.1.1976.', 'p');
insert into CandidatesData (idno) VALUES (2500);
insert into PartyMembership (pid, idno) VALUES (16, 2500);
insert into Landeslistenplatz (llid, idno, position) VALUES (15, 2500, 8);
insert into Citizen (idno, title, firstname, lastname, dateofbirth, gender) VALUES (2501, '', 'Rieger', 'Jürgen', '1.1.1946.', 'p');
insert into CandidatesData (idno) VALUES (2501);
insert into PartyMembership (pid, idno) VALUES (1, 2501);
insert into Candidacy (wkid, idno) VALUES (318, 2501);
insert into Landeslistenplatz (llid, idno, position) VALUES (3, 2501, 1);
insert into Citizen (idno, title, firstname, lastname, dateofbirth, gender) VALUES (2502, '', 'Rieger', 'Rudolf', '1.1.1957.', 'p');
insert into CandidatesData (idno) VALUES (2502);
insert into PartyMembership (pid, idno) VALUES (1, 2502);
insert into Candidacy (wkid, idno) VALUES (551, 2502);
insert into Citizen (idno, title, firstname, lastname, dateofbirth, gender) VALUES (2503, '', 'Riegert', 'Klaus', '1.1.1959.', 'p');
insert into CandidatesData (idno) VALUES (2503);
insert into PartyMembership (pid, idno) VALUES (12, 2503);
insert into Candidacy (wkid, idno) VALUES (562, 2503);
insert into Landeslistenplatz (llid, idno, position) VALUES (12, 2503, 11);
insert into Citizen (idno, title, firstname, lastname, dateofbirth, gender) VALUES (2504, '', 'Ries', 'Knut Erwin', '1.1.1955.', 'p');
insert into CandidatesData (idno) VALUES (2504);
insert into PartyMembership (pid, idno) VALUES (9, 2504);
insert into Landeslistenplatz (llid, idno, position) VALUES (9, 2504, 60);
insert into Citizen (idno, title, firstname, lastname, dateofbirth, gender) VALUES (2505, '', 'Riesenhuber', 'Prof. Dr. Heinz', '1.1.1935.', 'p');
insert into CandidatesData (idno) VALUES (2505);
insert into PartyMembership (pid, idno) VALUES (12, 2505);
insert into Candidacy (wkid, idno) VALUES (480, 2505);
insert into Landeslistenplatz (llid, idno, position) VALUES (12, 2505, 2);
insert into Citizen (idno, title, firstname, lastname, dateofbirth, gender) VALUES (2506, '', 'Riesterer', 'Eva Michaela', '1.1.1961.', 'p');
insert into CandidatesData (idno) VALUES (2506);
insert into PartyMembership (pid, idno) VALUES (2, 2506);
insert into Landeslistenplatz (llid, idno, position) VALUES (1, 2506, 46);
insert into Citizen (idno, title, firstname, lastname, dateofbirth, gender) VALUES (2507, '', 'Rietz-Heering', 'Nanni Karoline', '1.1.1956.', 'p');
insert into CandidatesData (idno) VALUES (2507);
insert into PartyMembership (pid, idno) VALUES (3, 2507);
insert into Landeslistenplatz (llid, idno, position) VALUES (2, 2507, 14);
insert into Citizen (idno, title, firstname, lastname, dateofbirth, gender) VALUES (2508, '', 'Ringer', 'Stefan', '1.1.1956.', 'p');
insert into CandidatesData (idno) VALUES (2508);
insert into PartyMembership (pid, idno) VALUES (2, 2508);
insert into Landeslistenplatz (llid, idno, position) VALUES (1, 2508, 29);
insert into Citizen (idno, title, firstname, lastname, dateofbirth, gender) VALUES (2509, '', 'Ringger', 'Helmut Günther', '1.1.1955.', 'p');
insert into CandidatesData (idno) VALUES (2509);
insert into Candidacy (wkid, idno) VALUES (570, 2509);
insert into Citizen (idno, title, firstname, lastname, dateofbirth, gender) VALUES (2510, '', 'Ringwald', 'Adelbert', '1.1.1965.', 'p');
insert into CandidatesData (idno) VALUES (2510);
insert into PartyMembership (pid, idno) VALUES (3, 2510);
insert into Candidacy (wkid, idno) VALUES (581, 2510);
insert into Citizen (idno, title, firstname, lastname, dateofbirth, gender) VALUES (2511, '', 'Rinkenberger', 'Daniela', '1.1.1972.', 'p');
insert into CandidatesData (idno) VALUES (2511);
insert into PartyMembership (pid, idno) VALUES (30, 2511);
insert into Candidacy (wkid, idno) VALUES (484, 2511);
insert into Citizen (idno, title, firstname, lastname, dateofbirth, gender) VALUES (2512, '', 'Rippert', 'Ulrich', '1.1.1951.', 'p');
insert into CandidatesData (idno) VALUES (2512);
insert into PartyMembership (pid, idno) VALUES (26, 2512);
insert into Landeslistenplatz (llid, idno, position) VALUES (25, 2512, 1);
insert into Citizen (idno, title, firstname, lastname, dateofbirth, gender) VALUES (2513, '', 'Rippler', 'Peter Otto Arthur', '1.1.1949.', 'p');
insert into CandidatesData (idno) VALUES (2513);
insert into PartyMembership (pid, idno) VALUES (14, 2513);
insert into Landeslistenplatz (llid, idno, position) VALUES (21, 2513, 15);
insert into Citizen (idno, title, firstname, lastname, dateofbirth, gender) VALUES (2514, '', 'Ripsam', 'Iris', '1.1.1959.', 'p');
insert into CandidatesData (idno) VALUES (2514);
insert into PartyMembership (pid, idno) VALUES (12, 2514);
insert into Landeslistenplatz (llid, idno, position) VALUES (12, 2514, 19);
insert into Citizen (idno, title, firstname, lastname, dateofbirth, gender) VALUES (2515, '', 'Rischar', 'Jürgen', '1.1.1944.', 'p');
insert into CandidatesData (idno) VALUES (2515);
insert into PartyMembership (pid, idno) VALUES (2, 2515);
insert into Landeslistenplatz (llid, idno, position) VALUES (1, 2515, 24);
insert into Citizen (idno, title, firstname, lastname, dateofbirth, gender) VALUES (2516, '', 'Ritter', 'Matthias', '1.1.1950.', 'p');
insert into CandidatesData (idno) VALUES (2516);
insert into PartyMembership (pid, idno) VALUES (19, 2516);
insert into Landeslistenplatz (llid, idno, position) VALUES (18, 2516, 4);
insert into Citizen (idno, title, firstname, lastname, dateofbirth, gender) VALUES (2517, '', 'Ritter', 'Nicole', '1.1.1974.', 'p');
insert into CandidatesData (idno) VALUES (2517);
insert into PartyMembership (pid, idno) VALUES (2, 2517);
insert into Candidacy (wkid, idno) VALUES (480, 2517);
insert into Landeslistenplatz (llid, idno, position) VALUES (1, 2517, 17);
insert into Citizen (idno, title, firstname, lastname, dateofbirth, gender) VALUES (2518, '', 'Ritter', 'Peter', '1.1.1959.', 'p');
insert into CandidatesData (idno) VALUES (2518);
insert into PartyMembership (pid, idno) VALUES (3, 2518);
insert into Candidacy (wkid, idno) VALUES (315, 2518);
insert into Landeslistenplatz (llid, idno, position) VALUES (2, 2518, 4);
insert into Citizen (idno, title, firstname, lastname, dateofbirth, gender) VALUES (2519, '', 'Rix', 'Sönke', '1.1.1975.', 'p');
insert into CandidatesData (idno) VALUES (2519);
insert into PartyMembership (pid, idno) VALUES (2, 2519);
insert into Candidacy (wkid, idno) VALUES (303, 2519);
insert into Landeslistenplatz (llid, idno, position) VALUES (1, 2519, 5);
insert into Citizen (idno, title, firstname, lastname, dateofbirth, gender) VALUES (2520, '', 'Roach', 'Mark', '1.1.1955.', 'p');
insert into CandidatesData (idno) VALUES (2520);
insert into PartyMembership (pid, idno) VALUES (3, 2520);
insert into Candidacy (wkid, idno) VALUES (323, 2520);
insert into Citizen (idno, title, firstname, lastname, dateofbirth, gender) VALUES (2521, '', 'Robbe', 'Walter', '1.1.1939.', 'p');
insert into CandidatesData (idno) VALUES (2521);
insert into PartyMembership (pid, idno) VALUES (17, 2521);
insert into Candidacy (wkid, idno) VALUES (579, 2521);
insert into Citizen (idno, title, firstname, lastname, dateofbirth, gender) VALUES (2522, '', 'Rochner', 'Wolfgang', '1.1.1941.', 'p');
insert into CandidatesData (idno) VALUES (2522);
insert into PartyMembership (pid, idno) VALUES (1, 2522);
insert into Candidacy (wkid, idno) VALUES (527, 2522);
insert into Citizen (idno, title, firstname, lastname, dateofbirth, gender) VALUES (2523, '', 'Rodewald', 'Marcus', '1.1.1975.', 'p');
insert into CandidatesData (idno) VALUES (2523);
insert into PartyMembership (pid, idno) VALUES (4, 2523);
insert into Landeslistenplatz (llid, idno, position) VALUES (4, 2523, 4);
insert into Citizen (idno, title, firstname, lastname, dateofbirth, gender) VALUES (2524, '', 'Rodriguez Gómez', 'Renate', '1.1.1941.', 'p');
insert into CandidatesData (idno) VALUES (2524);
insert into PartyMembership (pid, idno) VALUES (14, 2524);
insert into Candidacy (wkid, idno) VALUES (341, 2524);
insert into Landeslistenplatz (llid, idno, position) VALUES (21, 2524, 5);
insert into Citizen (idno, title, firstname, lastname, dateofbirth, gender) VALUES (2525, '', 'Rodriguez-Teufer', 'René', '1.1.1974.', 'p');
insert into CandidatesData (idno) VALUES (2525);
insert into PartyMembership (pid, idno) VALUES (1, 2525);
insert into Candidacy (wkid, idno) VALUES (507, 2525);
insert into Landeslistenplatz (llid, idno, position) VALUES (3, 2525, 5);
insert into Citizen (idno, title, firstname, lastname, dateofbirth, gender) VALUES (2526, '', 'Röbosch', 'Alois', '1.1.1958.', 'p');
insert into CandidatesData (idno) VALUES (2526);
insert into PartyMembership (pid, idno) VALUES (19, 2526);
insert into Landeslistenplatz (llid, idno, position) VALUES (18, 2526, 3);
insert into Citizen (idno, title, firstname, lastname, dateofbirth, gender) VALUES (2527, '', 'Röder', 'Hildegard', '1.1.1942.', 'p');
insert into CandidatesData (idno) VALUES (2527);
insert into PartyMembership (pid, idno) VALUES (14, 2527);
insert into Landeslistenplatz (llid, idno, position) VALUES (21, 2527, 6);
insert into Citizen (idno, title, firstname, lastname, dateofbirth, gender) VALUES (2528, '', 'Röhl', 'Harald', '1.1.1962.', 'p');
insert into CandidatesData (idno) VALUES (2528);
insert into PartyMembership (pid, idno) VALUES (1, 2528);
insert into Candidacy (wkid, idno) VALUES (446, 2528);
insert into Citizen (idno, title, firstname, lastname, dateofbirth, gender) VALUES (2529, '', 'Röhling', 'Walter Franz', '1.1.1944.', 'p');
insert into CandidatesData (idno) VALUES (2529);
insert into PartyMembership (pid, idno) VALUES (14, 2529);
insert into Landeslistenplatz (llid, idno, position) VALUES (21, 2529, 17);
insert into Citizen (idno, title, firstname, lastname, dateofbirth, gender) VALUES (2530, '', 'Röhlinger', 'Dr. Peter', '1.1.1939.', 'p');
insert into CandidatesData (idno) VALUES (2530);
insert into PartyMembership (pid, idno) VALUES (4, 2530);
insert into Candidacy (wkid, idno) VALUES (493, 2530);
insert into Landeslistenplatz (llid, idno, position) VALUES (4, 2530, 2);
insert into Citizen (idno, title, firstname, lastname, dateofbirth, gender) VALUES (2531, '', 'Röhrig', 'Carolin', '1.1.1982.', 'p');
insert into CandidatesData (idno) VALUES (2531);
insert into PartyMembership (pid, idno) VALUES (12, 2531);
insert into Landeslistenplatz (llid, idno, position) VALUES (12, 2531, 16);
insert into Citizen (idno, title, firstname, lastname, dateofbirth, gender) VALUES (2532, '', 'Roemer', 'Christina', '1.1.1965.', 'p');
insert into CandidatesData (idno) VALUES (2532);
insert into PartyMembership (pid, idno) VALUES (2, 2532);
insert into Landeslistenplatz (llid, idno, position) VALUES (1, 2532, 12);
insert into Citizen (idno, title, firstname, lastname, dateofbirth, gender) VALUES (2533, '', 'Römhild', 'Christian', '1.1.1983.', 'p');
insert into CandidatesData (idno) VALUES (2533);
insert into PartyMembership (pid, idno) VALUES (12, 2533);
insert into Candidacy (wkid, idno) VALUES (363, 2533);
insert into Landeslistenplatz (llid, idno, position) VALUES (12, 2533, 8);
insert into Citizen (idno, title, firstname, lastname, dateofbirth, gender) VALUES (2534, '', 'Röner', 'Christian', '1.1.1966.', 'p');
insert into CandidatesData (idno) VALUES (2534);
insert into PartyMembership (pid, idno) VALUES (5, 2534);
insert into Candidacy (wkid, idno) VALUES (449, 2534);
insert into Citizen (idno, title, firstname, lastname, dateofbirth, gender) VALUES (2535, '', 'Röring', 'Johannes', '1.1.1959.', 'p');
insert into CandidatesData (idno) VALUES (2535);
insert into PartyMembership (pid, idno) VALUES (12, 2535);
insert into Candidacy (wkid, idno) VALUES (426, 2535);
insert into Citizen (idno, title, firstname, lastname, dateofbirth, gender) VALUES (2536, '', 'Rösch-Dammenmiller', 'Sabine', '1.1.1962.', 'p');
insert into CandidatesData (idno) VALUES (2536);
insert into PartyMembership (pid, idno) VALUES (3, 2536);
insert into Candidacy (wkid, idno) VALUES (562, 2536);
insert into Landeslistenplatz (llid, idno, position) VALUES (2, 2536, 13);
insert into Citizen (idno, title, firstname, lastname, dateofbirth, gender) VALUES (2537, '', 'Rösel', 'Dr. Bernd', '1.1.1964.', 'p');
insert into CandidatesData (idno) VALUES (2537);
insert into PartyMembership (pid, idno) VALUES (4, 2537);
insert into Candidacy (wkid, idno) VALUES (556, 2537);
insert into Landeslistenplatz (llid, idno, position) VALUES (4, 2537, 49);
insert into Citizen (idno, title, firstname, lastname, dateofbirth, gender) VALUES (2538, '', 'Röspel', 'René', '1.1.1964.', 'p');
insert into CandidatesData (idno) VALUES (2538);
insert into PartyMembership (pid, idno) VALUES (2, 2538);
insert into Candidacy (wkid, idno) VALUES (438, 2538);
insert into Landeslistenplatz (llid, idno, position) VALUES (1, 2538, 39);
insert into Citizen (idno, title, firstname, lastname, dateofbirth, gender) VALUES (2539, '', 'Rößner', 'Tabea', '1.1.1966.', 'p');
insert into CandidatesData (idno) VALUES (2539);
insert into PartyMembership (pid, idno) VALUES (5, 2539);
insert into Candidacy (wkid, idno) VALUES (505, 2539);
insert into Landeslistenplatz (llid, idno, position) VALUES (5, 2539, 3);
insert into Citizen (idno, title, firstname, lastname, dateofbirth, gender) VALUES (2540, '', 'Röthig-Wentz', 'Brigitta Marita', '1.1.1962.', 'p');
insert into CandidatesData (idno) VALUES (2540);
insert into PartyMembership (pid, idno) VALUES (4, 2540);
insert into Candidacy (wkid, idno) VALUES (509, 2540);
insert into Landeslistenplatz (llid, idno, position) VALUES (4, 2540, 12);
insert into Citizen (idno, title, firstname, lastname, dateofbirth, gender) VALUES (2541, '', 'Röttgen', 'Dr. Norbert', '1.1.1965.', 'p');
insert into CandidatesData (idno) VALUES (2541);
insert into PartyMembership (pid, idno) VALUES (12, 2541);
insert into Candidacy (wkid, idno) VALUES (398, 2541);
insert into Landeslistenplatz (llid, idno, position) VALUES (12, 2541, 5);
insert into Citizen (idno, title, firstname, lastname, dateofbirth, gender) VALUES (2542, '', 'Röver', 'Thomas', '1.1.1963.', 'p');
insert into CandidatesData (idno) VALUES (2542);
insert into PartyMembership (pid, idno) VALUES (3, 2542);
insert into Candidacy (wkid, idno) VALUES (350, 2542);
insert into Landeslistenplatz (llid, idno, position) VALUES (2, 2542, 25);
insert into Citizen (idno, title, firstname, lastname, dateofbirth, gender) VALUES (2543, '', 'Rohde', 'Nicole Elisabeth', '1.1.1980.', 'p');
insert into CandidatesData (idno) VALUES (2543);
insert into PartyMembership (pid, idno) VALUES (1, 2543);
insert into Candidacy (wkid, idno) VALUES (427, 2543);
insert into Citizen (idno, title, firstname, lastname, dateofbirth, gender) VALUES (2544, '', 'Rohleder', 'Frank Roland Otto', '1.1.1950.', 'p');
insert into CandidatesData (idno) VALUES (2544);
insert into PartyMembership (pid, idno) VALUES (1, 2544);
insert into Candidacy (wkid, idno) VALUES (463, 2544);
insert into Citizen (idno, title, firstname, lastname, dateofbirth, gender) VALUES (2545, '', 'Rohmann', 'Stefan', '1.1.1984.', 'p');
insert into CandidatesData (idno) VALUES (2545);
insert into PartyMembership (pid, idno) VALUES (4, 2545);
insert into Candidacy (wkid, idno) VALUES (388, 2545);
insert into Landeslistenplatz (llid, idno, position) VALUES (4, 2545, 46);
insert into Citizen (idno, title, firstname, lastname, dateofbirth, gender) VALUES (2546, '', 'Rohmeyer', 'Claas Heinrich Remmert', '1.1.1971.', 'p');
insert into CandidatesData (idno) VALUES (2546);
insert into PartyMembership (pid, idno) VALUES (12, 2546);
insert into Landeslistenplatz (llid, idno, position) VALUES (12, 2546, 4);
insert into Citizen (idno, title, firstname, lastname, dateofbirth, gender) VALUES (2547, '', 'Rohrbach', 'Patricia Katharina', '1.1.1953.', 'p');
insert into CandidatesData (idno) VALUES (2547);
insert into PartyMembership (pid, idno) VALUES (13, 2547);
insert into Landeslistenplatz (llid, idno, position) VALUES (13, 2547, 19);
insert into Citizen (idno, title, firstname, lastname, dateofbirth, gender) VALUES (2548, '', 'Rohrlack', 'Heidi', '1.1.1946.', 'p');
insert into CandidatesData (idno) VALUES (2548);
insert into PartyMembership (pid, idno) VALUES (5, 2548);
insert into Candidacy (wkid, idno) VALUES (552, 2548);
insert into Citizen (idno, title, firstname, lastname, dateofbirth, gender) VALUES (2549, '', 'Rolf', 'Margit Ricarda', '1.1.1953.', 'p');
insert into CandidatesData (idno) VALUES (2549);
insert into PartyMembership (pid, idno) VALUES (8, 2549);
insert into Landeslistenplatz (llid, idno, position) VALUES (8, 2549, 6);
insert into Citizen (idno, title, firstname, lastname, dateofbirth, gender) VALUES (2550, '', 'Roll', 'Andreas', '1.1.1967.', 'p');
insert into CandidatesData (idno) VALUES (2550);
insert into PartyMembership (pid, idno) VALUES (5, 2550);
insert into Candidacy (wkid, idno) VALUES (565, 2550);
insert into Citizen (idno, title, firstname, lastname, dateofbirth, gender) VALUES (2551, '', 'Rollman', 'Thorsten', '1.1.1969.', 'p');
insert into CandidatesData (idno) VALUES (2551);
insert into PartyMembership (pid, idno) VALUES (9, 2551);
insert into Landeslistenplatz (llid, idno, position) VALUES (9, 2551, 58);
insert into Citizen (idno, title, firstname, lastname, dateofbirth, gender) VALUES (2552, '', 'Rolshoven', 'Dr. Eckart', '1.1.1951.', 'p');
insert into CandidatesData (idno) VALUES (2552);
insert into PartyMembership (pid, idno) VALUES (4, 2552);
insert into Landeslistenplatz (llid, idno, position) VALUES (4, 2552, 5);
insert into Citizen (idno, title, firstname, lastname, dateofbirth, gender) VALUES (2553, '', 'Rorich', 'Christine', '1.1.1937.', 'p');
insert into CandidatesData (idno) VALUES (2553);
insert into PartyMembership (pid, idno) VALUES (1, 2553);
insert into Candidacy (wkid, idno) VALUES (541, 2553);
insert into Citizen (idno, title, firstname, lastname, dateofbirth, gender) VALUES (2554, '', 'Roschka', 'Clemens Josef', '1.1.1961.', 'p');
insert into CandidatesData (idno) VALUES (2554);
insert into PartyMembership (pid, idno) VALUES (8, 2554);
insert into Landeslistenplatz (llid, idno, position) VALUES (8, 2554, 4);
insert into Citizen (idno, title, firstname, lastname, dateofbirth, gender) VALUES (2555, '', 'Rose', 'Margarete', '1.1.1948.', 'p');
insert into CandidatesData (idno) VALUES (2555);
insert into PartyMembership (pid, idno) VALUES (14, 2555);
insert into Candidacy (wkid, idno) VALUES (344, 2555);
insert into Landeslistenplatz (llid, idno, position) VALUES (21, 2555, 2);
insert into Citizen (idno, title, firstname, lastname, dateofbirth, gender) VALUES (2556, '', 'Rose', 'Dr. Olaf Volker Bernhard', '1.1.1958.', 'p');
insert into CandidatesData (idno) VALUES (2556);
insert into PartyMembership (pid, idno) VALUES (1, 2556);
insert into Candidacy (wkid, idno) VALUES (458, 2556);
insert into Landeslistenplatz (llid, idno, position) VALUES (3, 2556, 1);
insert into Citizen (idno, title, firstname, lastname, dateofbirth, gender) VALUES (2557, '', 'Rosemann', 'Dr. Martin', '1.1.1976.', 'p');
insert into CandidatesData (idno) VALUES (2557);
insert into PartyMembership (pid, idno) VALUES (2, 2557);
insert into Candidacy (wkid, idno) VALUES (589, 2557);
insert into Landeslistenplatz (llid, idno, position) VALUES (1, 2557, 20);
insert into Citizen (idno, title, firstname, lastname, dateofbirth, gender) VALUES (2558, '', 'Rosemann-Kallweit', 'Ingeborg', '1.1.1951.', 'p');
insert into CandidatesData (idno) VALUES (2558);
insert into PartyMembership (pid, idno) VALUES (12, 2558);
insert into Landeslistenplatz (llid, idno, position) VALUES (12, 2558, 31);
insert into Citizen (idno, title, firstname, lastname, dateofbirth, gender) VALUES (2559, '', 'Rosner', 'Josef', '1.1.1955.', 'p');
insert into CandidatesData (idno) VALUES (2559);
insert into PartyMembership (pid, idno) VALUES (5, 2559);
insert into Candidacy (wkid, idno) VALUES (526, 2559);
insert into Citizen (idno, title, firstname, lastname, dateofbirth, gender) VALUES (2560, '', 'Roß', 'Karl Josef', '1.1.1950.', 'p');
insert into CandidatesData (idno) VALUES (2560);
insert into PartyMembership (pid, idno) VALUES (11, 2560);
insert into Landeslistenplatz (llid, idno, position) VALUES (11, 2560, 2);
insert into Citizen (idno, title, firstname, lastname, dateofbirth, gender) VALUES (2561, '', 'Rossmann', 'Dr. Ernst Dieter', '1.1.1951.', 'p');
insert into CandidatesData (idno) VALUES (2561);
insert into PartyMembership (pid, idno) VALUES (2, 2561);
insert into Candidacy (wkid, idno) VALUES (306, 2561);
insert into Landeslistenplatz (llid, idno, position) VALUES (1, 2561, 1);
insert into Citizen (idno, title, firstname, lastname, dateofbirth, gender) VALUES (2562, '', 'Roßmüller', 'Sascha', '1.1.1972.', 'p');
insert into CandidatesData (idno) VALUES (2562);
insert into PartyMembership (pid, idno) VALUES (1, 2562);
insert into Candidacy (wkid, idno) VALUES (530, 2562);
insert into Landeslistenplatz (llid, idno, position) VALUES (3, 2562, 2);
insert into Citizen (idno, title, firstname, lastname, dateofbirth, gender) VALUES (2563, '', 'Roth', 'Claudia', '1.1.1955.', 'p');
insert into CandidatesData (idno) VALUES (2563);
insert into PartyMembership (pid, idno) VALUES (5, 2563);
insert into Candidacy (wkid, idno) VALUES (551, 2563);
insert into Landeslistenplatz (llid, idno, position) VALUES (5, 2563, 1);
insert into Citizen (idno, title, firstname, lastname, dateofbirth, gender) VALUES (2564, '', 'Roth', 'Heinz-Walter', '1.1.1949.', 'p');
insert into CandidatesData (idno) VALUES (2564);
insert into PartyMembership (pid, idno) VALUES (4, 2564);
insert into Candidacy (wkid, idno) VALUES (510, 2564);
insert into Landeslistenplatz (llid, idno, position) VALUES (4, 2564, 8);
insert into Citizen (idno, title, firstname, lastname, dateofbirth, gender) VALUES (2565, '', 'Roth', 'Jürgen', '1.1.1956.', 'p');
insert into CandidatesData (idno) VALUES (2565);
insert into PartyMembership (pid, idno) VALUES (5, 2565);
insert into Landeslistenplatz (llid, idno, position) VALUES (5, 2565, 8);
insert into Citizen (idno, title, firstname, lastname, dateofbirth, gender) VALUES (2566, '', 'Roth', 'Karin', '1.1.1949.', 'p');
insert into CandidatesData (idno) VALUES (2566);
insert into PartyMembership (pid, idno) VALUES (2, 2566);
insert into Candidacy (wkid, idno) VALUES (560, 2566);
insert into Landeslistenplatz (llid, idno, position) VALUES (1, 2566, 6);
insert into Citizen (idno, title, firstname, lastname, dateofbirth, gender) VALUES (2567, '', 'Roth', 'Michael', '1.1.1970.', 'p');
insert into CandidatesData (idno) VALUES (2567);
insert into PartyMembership (pid, idno) VALUES (2, 2567);
insert into Candidacy (wkid, idno) VALUES (469, 2567);
insert into Landeslistenplatz (llid, idno, position) VALUES (1, 2567, 2);
insert into Citizen (idno, title, firstname, lastname, dateofbirth, gender) VALUES (2568, '', 'Rothe', 'Bodo', '1.1.1957.', 'p');
insert into CandidatesData (idno) VALUES (2568);
insert into Candidacy (wkid, idno) VALUES (490, 2568);
insert into Citizen (idno, title, firstname, lastname, dateofbirth, gender) VALUES (2569, '', 'Rothe', 'Judith', '1.1.1979.', 'p');
insert into CandidatesData (idno) VALUES (2569);
insert into PartyMembership (pid, idno) VALUES (1, 2569);
insert into Candidacy (wkid, idno) VALUES (374, 2569);
insert into Landeslistenplatz (llid, idno, position) VALUES (3, 2569, 6);
insert into Citizen (idno, title, firstname, lastname, dateofbirth, gender) VALUES (2570, '', 'Rothe-Beinlich', 'Astrid', '1.1.1973.', 'p');
insert into CandidatesData (idno) VALUES (2570);
insert into PartyMembership (pid, idno) VALUES (5, 2570);
insert into Landeslistenplatz (llid, idno, position) VALUES (5, 2570, 3);
insert into Citizen (idno, title, firstname, lastname, dateofbirth, gender) VALUES (2571, '', 'Rothhanns', 'René', '1.1.1981.', 'p');
insert into CandidatesData (idno) VALUES (2571);
insert into PartyMembership (pid, idno) VALUES (1, 2571);
insert into Candidacy (wkid, idno) VALUES (392, 2571);
insert into Citizen (idno, title, firstname, lastname, dateofbirth, gender) VALUES (2572, '', 'Ruck', 'Dr. Christian', '1.1.1954.', 'p');
insert into CandidatesData (idno) VALUES (2572);
insert into PartyMembership (pid, idno) VALUES (9, 2572);
insert into Candidacy (wkid, idno) VALUES (551, 2572);
insert into Landeslistenplatz (llid, idno, position) VALUES (9, 2572, 21);
insert into Citizen (idno, title, firstname, lastname, dateofbirth, gender) VALUES (2573, '', 'Rudloff', 'Daniel', '1.1.1979.', 'p');
insert into CandidatesData (idno) VALUES (2573);
insert into PartyMembership (pid, idno) VALUES (4, 2573);
insert into Candidacy (wkid, idno) VALUES (489, 2573);
insert into Citizen (idno, title, firstname, lastname, dateofbirth, gender) VALUES (2574, '', 'Rudolf', 'Heinz', '1.1.1955.', 'p');
insert into CandidatesData (idno) VALUES (2574);
insert into PartyMembership (pid, idno) VALUES (1, 2574);
insert into Candidacy (wkid, idno) VALUES (517, 2574);
insert into Citizen (idno, title, firstname, lastname, dateofbirth, gender) VALUES (2575, '', 'Rudolph', 'Dr. Karsten', '1.1.1962.', 'p');
insert into CandidatesData (idno) VALUES (2575);
insert into PartyMembership (pid, idno) VALUES (2, 2575);
insert into Candidacy (wkid, idno) VALUES (447, 2575);
insert into Landeslistenplatz (llid, idno, position) VALUES (1, 2575, 23);
insert into Citizen (idno, title, firstname, lastname, dateofbirth, gender) VALUES (2576, '', 'Rudolph-Heger', 'Dr. Eva-Brigitte', '1.1.1934.', 'p');
insert into CandidatesData (idno) VALUES (2576);
insert into PartyMembership (pid, idno) VALUES (12, 2576);
insert into Landeslistenplatz (llid, idno, position) VALUES (12, 2576, 33);
insert into Citizen (idno, title, firstname, lastname, dateofbirth, gender) VALUES (2577, '', 'Rückert', 'Andreas', '1.1.1975.', 'p');
insert into CandidatesData (idno) VALUES (2577);
insert into Candidacy (wkid, idno) VALUES (549, 2577);
insert into Citizen (idno, title, firstname, lastname, dateofbirth, gender) VALUES (2578, '', 'Rückert', 'Reinhold', '1.1.1948.', 'p');
insert into CandidatesData (idno) VALUES (2578);
insert into PartyMembership (pid, idno) VALUES (3, 2578);
insert into Candidacy (wkid, idno) VALUES (546, 2578);
insert into Citizen (idno, title, firstname, lastname, dateofbirth, gender) VALUES (2579, '', 'Rüddel', 'Erwin Josef', '1.1.1955.', 'p');
insert into CandidatesData (idno) VALUES (2579);
insert into PartyMembership (pid, idno) VALUES (12, 2579);
insert into Candidacy (wkid, idno) VALUES (497, 2579);
insert into Landeslistenplatz (llid, idno, position) VALUES (12, 2579, 13);
insert into Citizen (idno, title, firstname, lastname, dateofbirth, gender) VALUES (2580, '', 'Rügner', 'Peter', '1.1.1966.', 'p');
insert into CandidatesData (idno) VALUES (2580);
insert into PartyMembership (pid, idno) VALUES (13, 2580);
insert into Candidacy (wkid, idno) VALUES (566, 2580);
insert into Landeslistenplatz (llid, idno, position) VALUES (13, 2580, 13);
insert into Citizen (idno, title, firstname, lastname, dateofbirth, gender) VALUES (2581, '', 'Rühle', 'Brigitta Barbara', '1.1.1956.', 'p');
insert into CandidatesData (idno) VALUES (2581);
insert into PartyMembership (pid, idno) VALUES (12, 2581);
insert into Landeslistenplatz (llid, idno, position) VALUES (12, 2581, 9);
insert into Citizen (idno, title, firstname, lastname, dateofbirth, gender) VALUES (2582, '', 'Rühle', 'Nelly', '1.1.1979.', 'p');
insert into CandidatesData (idno) VALUES (2582);
insert into PartyMembership (pid, idno) VALUES (1, 2582);
insert into Candidacy (wkid, idno) VALUES (572, 2582);
insert into Landeslistenplatz (llid, idno, position) VALUES (3, 2582, 10);
insert into Citizen (idno, title, firstname, lastname, dateofbirth, gender) VALUES (2583, '', 'Rüstemeier', 'Arne', '1.1.1976.', 'p');
insert into CandidatesData (idno) VALUES (2583);
insert into PartyMembership (pid, idno) VALUES (12, 2583);
insert into Landeslistenplatz (llid, idno, position) VALUES (12, 2583, 20);
insert into Citizen (idno, title, firstname, lastname, dateofbirth, gender) VALUES (2584, '', 'Rüthrich', 'Susann', '1.1.1977.', 'p');
insert into CandidatesData (idno) VALUES (2584);
insert into PartyMembership (pid, idno) VALUES (2, 2584);
insert into Candidacy (wkid, idno) VALUES (455, 2584);
insert into Citizen (idno, title, firstname, lastname, dateofbirth, gender) VALUES (2585, '', 'Rützel', 'Bernd', '1.1.1968.', 'p');
insert into CandidatesData (idno) VALUES (2585);
insert into PartyMembership (pid, idno) VALUES (2, 2585);
insert into Candidacy (wkid, idno) VALUES (548, 2585);
insert into Landeslistenplatz (llid, idno, position) VALUES (1, 2585, 40);
insert into Citizen (idno, title, firstname, lastname, dateofbirth, gender) VALUES (2586, '', 'Ruiters', 'Katja', '1.1.1963.', 'p');
insert into CandidatesData (idno) VALUES (2586);
insert into PartyMembership (pid, idno) VALUES (5, 2586);
insert into Candidacy (wkid, idno) VALUES (397, 2586);
insert into Citizen (idno, title, firstname, lastname, dateofbirth, gender) VALUES (2587, '', 'Runge', 'Brigitta', '1.1.1962.', 'p');
insert into CandidatesData (idno) VALUES (2587);
insert into PartyMembership (pid, idno) VALUES (3, 2587);
insert into Candidacy (wkid, idno) VALUES (343, 2587);
insert into Landeslistenplatz (llid, idno, position) VALUES (2, 2587, 22);
insert into Citizen (idno, title, firstname, lastname, dateofbirth, gender) VALUES (2588, '', 'Rupp', 'Bärbel', '1.1.1959.', 'p');
insert into CandidatesData (idno) VALUES (2588);
insert into PartyMembership (pid, idno) VALUES (22, 2588);
insert into Landeslistenplatz (llid, idno, position) VALUES (22, 2588, 5);
insert into Citizen (idno, title, firstname, lastname, dateofbirth, gender) VALUES (2589, '', 'Rupp', 'Jörg', '1.1.1966.', 'p');
insert into CandidatesData (idno) VALUES (2589);
insert into PartyMembership (pid, idno) VALUES (5, 2589);
insert into Candidacy (wkid, idno) VALUES (571, 2589);
insert into Landeslistenplatz (llid, idno, position) VALUES (5, 2589, 20);
insert into Citizen (idno, title, firstname, lastname, dateofbirth, gender) VALUES (2590, '', 'Rupp', 'Klaus-Rainer Heinrich Wilhelm', '1.1.1955.', 'p');
insert into CandidatesData (idno) VALUES (2590);
insert into PartyMembership (pid, idno) VALUES (3, 2590);
insert into Candidacy (wkid, idno) VALUES (354, 2590);
insert into Citizen (idno, title, firstname, lastname, dateofbirth, gender) VALUES (2591, '', 'Ruppert', 'Michael', '1.1.1946.', 'p');
insert into CandidatesData (idno) VALUES (2591);
insert into PartyMembership (pid, idno) VALUES (4, 2591);
insert into Candidacy (wkid, idno) VALUES (404, 2591);
insert into Landeslistenplatz (llid, idno, position) VALUES (4, 2591, 39);
insert into Citizen (idno, title, firstname, lastname, dateofbirth, gender) VALUES (2592, '', 'Ruppert', 'Dr. Stefan', '1.1.1971.', 'p');
insert into CandidatesData (idno) VALUES (2592);
insert into PartyMembership (pid, idno) VALUES (4, 2592);
insert into Candidacy (wkid, idno) VALUES (475, 2592);
insert into Landeslistenplatz (llid, idno, position) VALUES (4, 2592, 6);
insert into Citizen (idno, title, firstname, lastname, dateofbirth, gender) VALUES (2593, '', 'Rupprecht', 'Albert', '1.1.1968.', 'p');
insert into CandidatesData (idno) VALUES (2593);
insert into PartyMembership (pid, idno) VALUES (9, 2593);
insert into Candidacy (wkid, idno) VALUES (534, 2593);
insert into Landeslistenplatz (llid, idno, position) VALUES (9, 2593, 22);
insert into Citizen (idno, title, firstname, lastname, dateofbirth, gender) VALUES (2594, '', 'Rupprecht', 'Johannes', '1.1.1952.', 'p');
insert into CandidatesData (idno) VALUES (2594);
insert into PartyMembership (pid, idno) VALUES (13, 2594);
insert into Candidacy (wkid, idno) VALUES (543, 2594);
insert into Landeslistenplatz (llid, idno, position) VALUES (13, 2594, 3);
insert into Citizen (idno, title, firstname, lastname, dateofbirth, gender) VALUES (2595, '', 'Rupprecht', 'Marlene Dorothe Henriette', '1.1.1947.', 'p');
insert into CandidatesData (idno) VALUES (2595);
insert into PartyMembership (pid, idno) VALUES (2, 2595);
insert into Candidacy (wkid, idno) VALUES (542, 2595);
insert into Landeslistenplatz (llid, idno, position) VALUES (1, 2595, 10);
insert into Citizen (idno, title, firstname, lastname, dateofbirth, gender) VALUES (2596, '', 'Rusin', 'Hartmut', '1.1.1951.', 'p');
insert into CandidatesData (idno) VALUES (2596);
insert into Candidacy (wkid, idno) VALUES (313, 2596);
insert into Citizen (idno, title, firstname, lastname, dateofbirth, gender) VALUES (2597, '', 'Rußkamp', 'Wolfgang', '1.1.1955.', 'p');
insert into CandidatesData (idno) VALUES (2597);
insert into PartyMembership (pid, idno) VALUES (12, 2597);
insert into Candidacy (wkid, idno) VALUES (433, 2597);
insert into Landeslistenplatz (llid, idno, position) VALUES (12, 2597, 42);
insert into Citizen (idno, title, firstname, lastname, dateofbirth, gender) VALUES (2598, '', 'Rust', 'Christa', '1.1.1944.', 'p');
insert into CandidatesData (idno) VALUES (2598);
insert into PartyMembership (pid, idno) VALUES (16, 2598);
insert into Candidacy (wkid, idno) VALUES (476, 2598);
insert into Landeslistenplatz (llid, idno, position) VALUES (15, 2598, 3);
insert into Citizen (idno, title, firstname, lastname, dateofbirth, gender) VALUES (2599, '', 'Rust', 'Dieter', '1.1.1966.', 'p');
insert into CandidatesData (idno) VALUES (2599);
insert into PartyMembership (pid, idno) VALUES (2, 2599);
insert into Landeslistenplatz (llid, idno, position) VALUES (1, 2599, 21);
insert into Citizen (idno, title, firstname, lastname, dateofbirth, gender) VALUES (2600, '', 'Rutkowsky', 'Bert', '1.1.1970.', 'p');
insert into CandidatesData (idno) VALUES (2600);
insert into PartyMembership (pid, idno) VALUES (16, 2600);
insert into Landeslistenplatz (llid, idno, position) VALUES (15, 2600, 3);
insert into Citizen (idno, title, firstname, lastname, dateofbirth, gender) VALUES (2601, '', 'Rutz', 'Anna', '1.1.1967.', 'p');
insert into CandidatesData (idno) VALUES (2601);
insert into PartyMembership (pid, idno) VALUES (5, 2601);
insert into Candidacy (wkid, idno) VALUES (522, 2601);
insert into Citizen (idno, title, firstname, lastname, dateofbirth, gender) VALUES (2602, '', 'Ryglewski', 'Sarah Janina', '1.1.1983.', 'p');
insert into CandidatesData (idno) VALUES (2602);
insert into PartyMembership (pid, idno) VALUES (2, 2602);
insert into Landeslistenplatz (llid, idno, position) VALUES (1, 2602, 4);
insert into Citizen (idno, title, firstname, lastname, dateofbirth, gender) VALUES (2603, '', 'Sachs', 'Volker', '1.1.1934.', 'p');
insert into CandidatesData (idno) VALUES (2603);
insert into PartyMembership (pid, idno) VALUES (1, 2603);
insert into Candidacy (wkid, idno) VALUES (473, 2603);
insert into Landeslistenplatz (llid, idno, position) VALUES (3, 2603, 2);
insert into Citizen (idno, title, firstname, lastname, dateofbirth, gender) VALUES (2604, '', 'Sälinger', 'Wilhelm', '1.1.1941.', 'p');
insert into CandidatesData (idno) VALUES (2604);
insert into Candidacy (wkid, idno) VALUES (583, 2604);
insert into Citizen (idno, title, firstname, lastname, dateofbirth, gender) VALUES (2605, '', 'Sänger', 'Björn', '1.1.1975.', 'p');
insert into CandidatesData (idno) VALUES (2605);
insert into PartyMembership (pid, idno) VALUES (4, 2605);
insert into Candidacy (wkid, idno) VALUES (467, 2605);
insert into Landeslistenplatz (llid, idno, position) VALUES (4, 2605, 7);
insert into Citizen (idno, title, firstname, lastname, dateofbirth, gender) VALUES (2606, '', 'Saffer', 'Bastian Johannes', '1.1.1983.', 'p');
insert into CandidatesData (idno) VALUES (2606);
insert into PartyMembership (pid, idno) VALUES (24, 2606);
insert into Candidacy (wkid, idno) VALUES (542, 2606);
insert into Citizen (idno, title, firstname, lastname, dateofbirth, gender) VALUES (2607, '', 'Sagel', 'Rüdiger', '1.1.1955.', 'p');
insert into CandidatesData (idno) VALUES (2607);
insert into PartyMembership (pid, idno) VALUES (3, 2607);
insert into Candidacy (wkid, idno) VALUES (447, 2607);
insert into Citizen (idno, title, firstname, lastname, dateofbirth, gender) VALUES (2608, '', 'Sager', 'Krista', '1.1.1953.', 'p');
insert into CandidatesData (idno) VALUES (2608);
insert into PartyMembership (pid, idno) VALUES (5, 2608);
insert into Candidacy (wkid, idno) VALUES (320, 2608);
insert into Landeslistenplatz (llid, idno, position) VALUES (5, 2608, 1);
insert into Citizen (idno, title, firstname, lastname, dateofbirth, gender) VALUES (2609, '', 'Sahm', 'Christoph Daniel', '1.1.1974.', 'p');
insert into CandidatesData (idno) VALUES (2609);
insert into PartyMembership (pid, idno) VALUES (2, 2609);
insert into Landeslistenplatz (llid, idno, position) VALUES (1, 2609, 35);
insert into Citizen (idno, title, firstname, lastname, dateofbirth, gender) VALUES (2610, '', 'Salem', 'Rasched', '1.1.1963.', 'p');
insert into CandidatesData (idno) VALUES (2610);
insert into PartyMembership (pid, idno) VALUES (4, 2610);
insert into Landeslistenplatz (llid, idno, position) VALUES (4, 2610, 28);
insert into Citizen (idno, title, firstname, lastname, dateofbirth, gender) VALUES (2611, '', 'Salomon', 'Matthias', '1.1.1947.', 'p');
insert into CandidatesData (idno) VALUES (2611);
insert into PartyMembership (pid, idno) VALUES (13, 2611);
insert into Landeslistenplatz (llid, idno, position) VALUES (13, 2611, 2);
insert into Citizen (idno, title, firstname, lastname, dateofbirth, gender) VALUES (2612, '', 'Salzberger', 'Franz', '1.1.1952.', 'p');
insert into CandidatesData (idno) VALUES (2612);
insert into PartyMembership (pid, idno) VALUES (1, 2612);
insert into Landeslistenplatz (llid, idno, position) VALUES (3, 2612, 9);
insert into Citizen (idno, title, firstname, lastname, dateofbirth, gender) VALUES (2613, '', 'Sander', 'Bernhard', '1.1.1955.', 'p');
insert into CandidatesData (idno) VALUES (2613);
insert into PartyMembership (pid, idno) VALUES (3, 2613);
insert into Candidacy (wkid, idno) VALUES (402, 2613);
insert into Citizen (idno, title, firstname, lastname, dateofbirth, gender) VALUES (2614, '', 'Sander', 'Daniel', '1.1.1973.', 'p');
insert into CandidatesData (idno) VALUES (2614);
insert into PartyMembership (pid, idno) VALUES (12, 2614);
insert into Candidacy (wkid, idno) VALUES (580, 2614);
insert into Landeslistenplatz (llid, idno, position) VALUES (12, 2614, 7);
insert into Citizen (idno, title, firstname, lastname, dateofbirth, gender) VALUES (2615, '', 'Sandmüller', 'Maik', '1.1.1977.', 'p');
insert into CandidatesData (idno) VALUES (2615);
insert into PartyMembership (pid, idno) VALUES (7, 2615);
insert into Landeslistenplatz (llid, idno, position) VALUES (7, 2615, 7);
insert into Citizen (idno, title, firstname, lastname, dateofbirth, gender) VALUES (2616, '', 'Sandow', 'Mike', '1.1.1971.', 'p');
insert into CandidatesData (idno) VALUES (2616);
insert into PartyMembership (pid, idno) VALUES (1, 2616);
insert into Candidacy (wkid, idno) VALUES (357, 2616);
insert into Landeslistenplatz (llid, idno, position) VALUES (3, 2616, 7);
insert into Citizen (idno, title, firstname, lastname, dateofbirth, gender) VALUES (2617, '', 'Saphörster-Heimbach', 'Sabine', '1.1.1962.', 'p');
insert into CandidatesData (idno) VALUES (2617);
insert into PartyMembership (pid, idno) VALUES (9, 2617);
insert into Landeslistenplatz (llid, idno, position) VALUES (9, 2617, 50);
insert into Citizen (idno, title, firstname, lastname, dateofbirth, gender) VALUES (2618, '', 'Sarrazin', 'Manuel', '1.1.1982.', 'p');
insert into CandidatesData (idno) VALUES (2618);
insert into PartyMembership (pid, idno) VALUES (5, 2618);
insert into Candidacy (wkid, idno) VALUES (323, 2618);
insert into Landeslistenplatz (llid, idno, position) VALUES (5, 2618, 2);
insert into Citizen (idno, title, firstname, lastname, dateofbirth, gender) VALUES (2619, '', 'Saß', 'Helmut', '1.1.1958.', 'p');
insert into CandidatesData (idno) VALUES (2619);
insert into PartyMembership (pid, idno) VALUES (1, 2619);
insert into Candidacy (wkid, idno) VALUES (322, 2619);
insert into Citizen (idno, title, firstname, lastname, dateofbirth, gender) VALUES (2620, '', 'Saß', 'Ronald', '1.1.1961.', 'p');
insert into CandidatesData (idno) VALUES (2620);
insert into Candidacy (wkid, idno) VALUES (319, 2620);
insert into Citizen (idno, title, firstname, lastname, dateofbirth, gender) VALUES (2621, '', 'Sauer', 'Michael Willy', '1.1.1964.', 'p');
insert into CandidatesData (idno) VALUES (2621);
insert into PartyMembership (pid, idno) VALUES (9, 2621);
insert into Landeslistenplatz (llid, idno, position) VALUES (9, 2621, 41);
insert into Citizen (idno, title, firstname, lastname, dateofbirth, gender) VALUES (2622, '', 'Sauer', 'Theo', '1.1.1955.', 'p');
insert into CandidatesData (idno) VALUES (2622);
insert into PartyMembership (pid, idno) VALUES (12, 2622);
insert into Landeslistenplatz (llid, idno, position) VALUES (12, 2622, 44);
insert into Citizen (idno, title, firstname, lastname, dateofbirth, gender) VALUES (2623, '', 'Sauter', 'Herbert', '1.1.1955.', 'p');
insert into CandidatesData (idno) VALUES (2623);
insert into PartyMembership (pid, idno) VALUES (19, 2623);
insert into Landeslistenplatz (llid, idno, position) VALUES (18, 2623, 5);
insert into Citizen (idno, title, firstname, lastname, dateofbirth, gender) VALUES (2624, '', 'Sauter', 'Matthias', '1.1.1958.', 'p');
insert into CandidatesData (idno) VALUES (2624);
insert into PartyMembership (pid, idno) VALUES (13, 2624);
insert into Landeslistenplatz (llid, idno, position) VALUES (13, 2624, 8);
insert into Citizen (idno, title, firstname, lastname, dateofbirth, gender) VALUES (2625, '', 'Sawade', 'Annette', '1.1.1953.', 'p');
insert into CandidatesData (idno) VALUES (2625);
insert into PartyMembership (pid, idno) VALUES (2, 2625);
insert into Candidacy (wkid, idno) VALUES (567, 2625);
insert into Landeslistenplatz (llid, idno, position) VALUES (1, 2625, 18);
insert into Citizen (idno, title, firstname, lastname, dateofbirth, gender) VALUES (2626, '', 'Schaaf', 'Anton', '1.1.1962.', 'p');
insert into CandidatesData (idno) VALUES (2626);
insert into PartyMembership (pid, idno) VALUES (2, 2626);
insert into Candidacy (wkid, idno) VALUES (418, 2626);
insert into Landeslistenplatz (llid, idno, position) VALUES (1, 2626, 57);
insert into Citizen (idno, title, firstname, lastname, dateofbirth, gender) VALUES (2627, '', 'Schaarschmidt', 'Christian', '1.1.1971.', 'p');
insert into CandidatesData (idno) VALUES (2627);
insert into PartyMembership (pid, idno) VALUES (19, 2627);
insert into Landeslistenplatz (llid, idno, position) VALUES (18, 2627, 2);
insert into Citizen (idno, title, firstname, lastname, dateofbirth, gender) VALUES (2628, '', 'Schabedoth', 'Dr. Hans-Joachim', '1.1.1952.', 'p');
insert into CandidatesData (idno) VALUES (2628);
insert into PartyMembership (pid, idno) VALUES (2, 2628);
insert into Candidacy (wkid, idno) VALUES (475, 2628);
insert into Landeslistenplatz (llid, idno, position) VALUES (1, 2628, 14);
insert into Citizen (idno, title, firstname, lastname, dateofbirth, gender) VALUES (2629, '', 'Schade', 'Stefan', '1.1.1960.', 'p');
insert into CandidatesData (idno) VALUES (2629);
insert into Candidacy (wkid, idno) VALUES (589, 2629);
insert into Citizen (idno, title, firstname, lastname, dateofbirth, gender) VALUES (2630, '', 'Schadwinkel', 'Regina Klothild', '1.1.1938.', 'p');
insert into CandidatesData (idno) VALUES (2630);
insert into PartyMembership (pid, idno) VALUES (8, 2630);
insert into Landeslistenplatz (llid, idno, position) VALUES (8, 2630, 5);
insert into Citizen (idno, title, firstname, lastname, dateofbirth, gender) VALUES (2631, '', 'Schäben', 'Reinhold', '1.1.1960.', 'p');
insert into CandidatesData (idno) VALUES (2631);
insert into PartyMembership (pid, idno) VALUES (1, 2631);
insert into Candidacy (wkid, idno) VALUES (408, 2631);
insert into Citizen (idno, title, firstname, lastname, dateofbirth, gender) VALUES (2632, '', 'Schädlich', 'Gerald Rudolf Hermann', '1.1.1956.', 'p');
insert into CandidatesData (idno) VALUES (2632);
insert into PartyMembership (pid, idno) VALUES (4, 2632);
insert into Candidacy (wkid, idno) VALUES (417, 2632);
insert into Citizen (idno, title, firstname, lastname, dateofbirth, gender) VALUES (2633, '', 'Schäfer', 'Andreas', '1.1.1968.', 'p');
insert into CandidatesData (idno) VALUES (2633);
insert into PartyMembership (pid, idno) VALUES (1, 2633);
insert into Candidacy (wkid, idno) VALUES (576, 2633);
insert into Landeslistenplatz (llid, idno, position) VALUES (3, 2633, 5);
insert into Citizen (idno, title, firstname, lastname, dateofbirth, gender) VALUES (2634, '', 'Schäfer', 'Anita', '1.1.1951.', 'p');
insert into CandidatesData (idno) VALUES (2634);
insert into PartyMembership (pid, idno) VALUES (12, 2634);
insert into Candidacy (wkid, idno) VALUES (510, 2634);
insert into Landeslistenplatz (llid, idno, position) VALUES (12, 2634, 7);
insert into Citizen (idno, title, firstname, lastname, dateofbirth, gender) VALUES (2635, '', 'Schäfer', 'Axel', '1.1.1952.', 'p');
insert into CandidatesData (idno) VALUES (2635);
insert into PartyMembership (pid, idno) VALUES (2, 2635);
insert into Candidacy (wkid, idno) VALUES (440, 2635);
insert into Landeslistenplatz (llid, idno, position) VALUES (1, 2635, 52);
insert into Citizen (idno, title, firstname, lastname, dateofbirth, gender) VALUES (2636, '', 'Schäfer', 'Jürgen', '1.1.1958.', 'p');
insert into CandidatesData (idno) VALUES (2636);
insert into PartyMembership (pid, idno) VALUES (12, 2636);
insert into Landeslistenplatz (llid, idno, position) VALUES (12, 2636, 36);
insert into Citizen (idno, title, firstname, lastname, dateofbirth, gender) VALUES (2637, '', 'Schaefer', 'Dr. Maike', '1.1.1971.', 'p');
insert into CandidatesData (idno) VALUES (2637);
insert into PartyMembership (pid, idno) VALUES (5, 2637);
insert into Landeslistenplatz (llid, idno, position) VALUES (5, 2637, 3);
insert into Citizen (idno, title, firstname, lastname, dateofbirth, gender) VALUES (2638, '', 'Schäfer', 'Michael', '1.1.1982.', 'p');
insert into CandidatesData (idno) VALUES (2638);
insert into PartyMembership (pid, idno) VALUES (1, 2638);
insert into Landeslistenplatz (llid, idno, position) VALUES (3, 2638, 2);
insert into Citizen (idno, title, firstname, lastname, dateofbirth, gender) VALUES (2639, '', 'Schäfer', 'Paul Georg', '1.1.1949.', 'p');
insert into CandidatesData (idno) VALUES (2639);
insert into PartyMembership (pid, idno) VALUES (3, 2639);
insert into Candidacy (wkid, idno) VALUES (396, 2639);
insert into Landeslistenplatz (llid, idno, position) VALUES (2, 2639, 4);
insert into Citizen (idno, title, firstname, lastname, dateofbirth, gender) VALUES (2640, '', 'Schäfer', 'Uwe', '1.1.1938.', 'p');
insert into CandidatesData (idno) VALUES (2640);
insert into PartyMembership (pid, idno) VALUES (1, 2640);
insert into Candidacy (wkid, idno) VALUES (307, 2640);
insert into Landeslistenplatz (llid, idno, position) VALUES (3, 2640, 1);
insert into Citizen (idno, title, firstname, lastname, dateofbirth, gender) VALUES (2641, '', 'Schäffler', 'Frank', '1.1.1968.', 'p');
insert into CandidatesData (idno) VALUES (2641);
insert into PartyMembership (pid, idno) VALUES (4, 2641);
insert into Candidacy (wkid, idno) VALUES (433, 2641);
insert into Landeslistenplatz (llid, idno, position) VALUES (4, 2641, 11);
insert into Citizen (idno, title, firstname, lastname, dateofbirth, gender) VALUES (2642, '', 'Schär', 'Herbert', '1.1.1949.', 'p');
insert into CandidatesData (idno) VALUES (2642);
insert into PartyMembership (pid, idno) VALUES (13, 2642);
insert into Landeslistenplatz (llid, idno, position) VALUES (13, 2642, 7);
insert into Citizen (idno, title, firstname, lastname, dateofbirth, gender) VALUES (2643, '', 'Schättiger', 'Anna-Katharina', '1.1.1951.', 'p');
insert into CandidatesData (idno) VALUES (2643);
insert into PartyMembership (pid, idno) VALUES (12, 2643);
insert into Landeslistenplatz (llid, idno, position) VALUES (12, 2643, 29);
insert into Citizen (idno, title, firstname, lastname, dateofbirth, gender) VALUES (2644, '', 'Schätzlein', 'Helmut', '1.1.1958.', 'p');
insert into CandidatesData (idno) VALUES (2644);
insert into Candidacy (wkid, idno) VALUES (547, 2644);
insert into Citizen (idno, title, firstname, lastname, dateofbirth, gender) VALUES (2645, '', 'Schäuble', 'Jürgen', '1.1.1963.', 'p');
insert into CandidatesData (idno) VALUES (2645);
insert into PartyMembership (pid, idno) VALUES (13, 2645);
insert into Landeslistenplatz (llid, idno, position) VALUES (13, 2645, 4);
insert into Citizen (idno, title, firstname, lastname, dateofbirth, gender) VALUES (2646, '', 'Schäuble', 'Dr. Wolfgang', '1.1.1942.', 'p');
insert into CandidatesData (idno) VALUES (2646);
insert into PartyMembership (pid, idno) VALUES (12, 2646);
insert into Candidacy (wkid, idno) VALUES (583, 2646);
insert into Landeslistenplatz (llid, idno, position) VALUES (12, 2646, 1);
insert into Citizen (idno, title, firstname, lastname, dateofbirth, gender) VALUES (2647, '', 'Schaffarczyk', 'Gerhard', '1.1.1957.', 'p');
insert into CandidatesData (idno) VALUES (2647);
insert into PartyMembership (pid, idno) VALUES (15, 2647);
insert into Landeslistenplatz (llid, idno, position) VALUES (14, 2647, 37);
insert into Citizen (idno, title, firstname, lastname, dateofbirth, gender) VALUES (2648, '', 'Schalk', 'Markus', '1.1.1949.', 'p');
insert into CandidatesData (idno) VALUES (2648);
insert into PartyMembership (pid, idno) VALUES (3, 2648);
insert into Candidacy (wkid, idno) VALUES (332, 2648);
insert into Landeslistenplatz (llid, idno, position) VALUES (2, 2648, 12);
insert into Citizen (idno, title, firstname, lastname, dateofbirth, gender) VALUES (2649, '', 'Schanne', 'Dr. Rainer', '1.1.1942.', 'p');
insert into CandidatesData (idno) VALUES (2649);
insert into PartyMembership (pid, idno) VALUES (8, 2649);
insert into Landeslistenplatz (llid, idno, position) VALUES (8, 2649, 10);
insert into Citizen (idno, title, firstname, lastname, dateofbirth, gender) VALUES (2650, '', 'Schantz', 'Peter', '1.1.1977.', 'p');
insert into CandidatesData (idno) VALUES (2650);
insert into PartyMembership (pid, idno) VALUES (4, 2650);
insert into Candidacy (wkid, idno) VALUES (380, 2650);
insert into Landeslistenplatz (llid, idno, position) VALUES (4, 2650, 8);
insert into Citizen (idno, title, firstname, lastname, dateofbirth, gender) VALUES (2651, '', 'Schaper', 'Dr. Marcus', '1.1.1973.', 'p');
insert into CandidatesData (idno) VALUES (2651);
insert into PartyMembership (pid, idno) VALUES (5, 2651);
insert into Candidacy (wkid, idno) VALUES (346, 2651);
insert into Citizen (idno, title, firstname, lastname, dateofbirth, gender) VALUES (2652, '', 'Schappert', 'Karl-Heinz', '1.1.1944.', 'p');
insert into CandidatesData (idno) VALUES (2652);
insert into PartyMembership (pid, idno) VALUES (23, 2652);
insert into Landeslistenplatz (llid, idno, position) VALUES (24, 2652, 7);
insert into Citizen (idno, title, firstname, lastname, dateofbirth, gender) VALUES (2653, '', 'Schardelmann', 'Tim', '1.1.1969.', 'p');
insert into CandidatesData (idno) VALUES (2653);
insert into PartyMembership (pid, idno) VALUES (4, 2653);
insert into Candidacy (wkid, idno) VALUES (334, 2653);
insert into Landeslistenplatz (llid, idno, position) VALUES (4, 2653, 17);
insert into Citizen (idno, title, firstname, lastname, dateofbirth, gender) VALUES (2654, '', 'Schardt', 'Marion', '1.1.1970.', 'p');
insert into CandidatesData (idno) VALUES (2654);
insert into PartyMembership (pid, idno) VALUES (4, 2654);
insert into Landeslistenplatz (llid, idno, position) VALUES (4, 2654, 24);
insert into Citizen (idno, title, firstname, lastname, dateofbirth, gender) VALUES (2655, '', 'Scharfenberg', 'Elisabeth', '1.1.1963.', 'p');
insert into CandidatesData (idno) VALUES (2655);
insert into PartyMembership (pid, idno) VALUES (5, 2655);
insert into Candidacy (wkid, idno) VALUES (538, 2655);
insert into Landeslistenplatz (llid, idno, position) VALUES (5, 2655, 7);
insert into Citizen (idno, title, firstname, lastname, dateofbirth, gender) VALUES (2656, '', 'Scharff', 'Alexander', '1.1.1984.', 'p');
insert into CandidatesData (idno) VALUES (2656);
insert into PartyMembership (pid, idno) VALUES (3, 2656);
insert into Candidacy (wkid, idno) VALUES (488, 2656);
insert into Landeslistenplatz (llid, idno, position) VALUES (2, 2656, 8);
insert into Citizen (idno, title, firstname, lastname, dateofbirth, gender) VALUES (2657, '', 'Schauws', 'Ursula', '1.1.1966.', 'p');
insert into CandidatesData (idno) VALUES (2657);
insert into PartyMembership (pid, idno) VALUES (5, 2657);
insert into Candidacy (wkid, idno) VALUES (414, 2657);
insert into Landeslistenplatz (llid, idno, position) VALUES (5, 2657, 15);
insert into Citizen (idno, title, firstname, lastname, dateofbirth, gender) VALUES (2658, '', 'Schavan', 'Dr. Annette', '1.1.1955.', 'p');
insert into CandidatesData (idno) VALUES (2658);
insert into PartyMembership (pid, idno) VALUES (12, 2658);
insert into Candidacy (wkid, idno) VALUES (590, 2658);
insert into Landeslistenplatz (llid, idno, position) VALUES (12, 2658, 2);
insert into Citizen (idno, title, firstname, lastname, dateofbirth, gender) VALUES (2659, '', 'Schedlbauer', 'Karl', '1.1.1951.', 'p');
insert into CandidatesData (idno) VALUES (2659);
insert into PartyMembership (pid, idno) VALUES (15, 2659);
insert into Candidacy (wkid, idno) VALUES (552, 2659);
insert into Landeslistenplatz (llid, idno, position) VALUES (14, 2659, 36);
insert into Citizen (idno, title, firstname, lastname, dateofbirth, gender) VALUES (2660, '', 'Scheel', 'Christine', '1.1.1956.', 'p');
insert into CandidatesData (idno) VALUES (2660);
insert into PartyMembership (pid, idno) VALUES (5, 2660);
insert into Candidacy (wkid, idno) VALUES (546, 2660);
insert into Landeslistenplatz (llid, idno, position) VALUES (5, 2660, 3);
insert into Citizen (idno, title, firstname, lastname, dateofbirth, gender) VALUES (2661, '', 'Scheelen', 'Bernd', '1.1.1948.', 'p');
insert into CandidatesData (idno) VALUES (2661);
insert into PartyMembership (pid, idno) VALUES (2, 2661);
insert into Candidacy (wkid, idno) VALUES (410, 2661);
insert into Landeslistenplatz (llid, idno, position) VALUES (1, 2661, 13);
insert into Citizen (idno, title, firstname, lastname, dateofbirth, gender) VALUES (2662, '', 'Scheer', 'Dr. Hermann', '1.1.1944.', 'p');
insert into CandidatesData (idno) VALUES (2662);
insert into PartyMembership (pid, idno) VALUES (2, 2662);
insert into Candidacy (wkid, idno) VALUES (563, 2662);
insert into Landeslistenplatz (llid, idno, position) VALUES (1, 2662, 8);
insert into Citizen (idno, title, firstname, lastname, dateofbirth, gender) VALUES (2663, '', 'Scheerer', 'Friedrich', '1.1.1958.', 'p');
insert into CandidatesData (idno) VALUES (2663);
insert into PartyMembership (pid, idno) VALUES (2, 2663);
insert into Candidacy (wkid, idno) VALUES (585, 2663);
insert into Landeslistenplatz (llid, idno, position) VALUES (1, 2663, 34);
insert into Citizen (idno, title, firstname, lastname, dateofbirth, gender) VALUES (2664, '', 'Scheffler', 'Maik', '1.1.1974.', 'p');
insert into CandidatesData (idno) VALUES (2664);
insert into PartyMembership (pid, idno) VALUES (1, 2664);
insert into Landeslistenplatz (llid, idno, position) VALUES (3, 2664, 5);
insert into Citizen (idno, title, firstname, lastname, dateofbirth, gender) VALUES (2665, '', 'Scheffler', 'Marco', '1.1.1967.', 'p');
insert into CandidatesData (idno) VALUES (2665);
insert into Candidacy (wkid, idno) VALUES (320, 2665);
insert into Citizen (idno, title, firstname, lastname, dateofbirth, gender) VALUES (2666, '', 'Scheibe', 'Martin', '1.1.1989.', 'p');
insert into CandidatesData (idno) VALUES (2666);
insert into PartyMembership (pid, idno) VALUES (19, 2666);
insert into Landeslistenplatz (llid, idno, position) VALUES (18, 2666, 8);
insert into Citizen (idno, title, firstname, lastname, dateofbirth, gender) VALUES (2667, '', 'Scheibleger', 'Andreas', '1.1.1987.', 'p');
insert into CandidatesData (idno) VALUES (2667);
insert into PartyMembership (pid, idno) VALUES (7, 2667);
insert into Landeslistenplatz (llid, idno, position) VALUES (7, 2667, 9);
insert into Citizen (idno, title, firstname, lastname, dateofbirth, gender) VALUES (2668, '', 'Scheibleger', 'Matthias', '1.1.1989.', 'p');
insert into CandidatesData (idno) VALUES (2668);
insert into PartyMembership (pid, idno) VALUES (7, 2668);
insert into Landeslistenplatz (llid, idno, position) VALUES (7, 2668, 11);
insert into Citizen (idno, title, firstname, lastname, dateofbirth, gender) VALUES (2669, '', 'Scheinert', 'Katharina', '1.1.1980.', 'p');
insert into CandidatesData (idno) VALUES (2669);
insert into Candidacy (wkid, idno) VALUES (593, 2669);
insert into Citizen (idno, title, firstname, lastname, dateofbirth, gender) VALUES (2670, '', 'Schelle', 'Gerhard', '1.1.1943.', 'p');
insert into CandidatesData (idno) VALUES (2670);
insert into PartyMembership (pid, idno) VALUES (1, 2670);
insert into Candidacy (wkid, idno) VALUES (543, 2670);
insert into Citizen (idno, title, firstname, lastname, dateofbirth, gender) VALUES (2671, '', 'Scheller', 'Julia', '1.1.1982.', 'p');
insert into CandidatesData (idno) VALUES (2671);
insert into PartyMembership (pid, idno) VALUES (13, 2671);
insert into Landeslistenplatz (llid, idno, position) VALUES (13, 2671, 2);
insert into Citizen (idno, title, firstname, lastname, dateofbirth, gender) VALUES (2672, '', 'Schellhammer', 'Pia', '1.1.1985.', 'p');
insert into CandidatesData (idno) VALUES (2672);
insert into PartyMembership (pid, idno) VALUES (5, 2672);
insert into Candidacy (wkid, idno) VALUES (506, 2672);
insert into Landeslistenplatz (llid, idno, position) VALUES (5, 2672, 5);
insert into Citizen (idno, title, firstname, lastname, dateofbirth, gender) VALUES (2673, '', 'Schenk', 'Karsten', '1.1.1976.', 'p');
insert into CandidatesData (idno) VALUES (2673);
insert into PartyMembership (pid, idno) VALUES (12, 2673);
insert into Landeslistenplatz (llid, idno, position) VALUES (12, 2673, 46);
insert into Citizen (idno, title, firstname, lastname, dateofbirth, gender) VALUES (2674, '', 'Schepke', 'Dr. Frank', '1.1.1935.', 'p');
insert into CandidatesData (idno) VALUES (2674);
insert into Candidacy (wkid, idno) VALUES (305, 2674);
insert into Citizen (idno, title, firstname, lastname, dateofbirth, gender) VALUES (2675, '', 'Schepke', 'Mark', '1.1.1966.', 'p');
insert into CandidatesData (idno) VALUES (2675);
insert into Candidacy (wkid, idno) VALUES (307, 2675);
insert into Citizen (idno, title, firstname, lastname, dateofbirth, gender) VALUES (2676, '', 'Scherer', 'Prof. Dr. Dr. Christian', '1.1.1956.', 'p');
insert into CandidatesData (idno) VALUES (2676);
insert into PartyMembership (pid, idno) VALUES (12, 2676);
insert into Landeslistenplatz (llid, idno, position) VALUES (12, 2676, 46);
insert into Citizen (idno, title, firstname, lastname, dateofbirth, gender) VALUES (2677, '', 'Scherer', 'Philipp', '1.1.1984.', 'p');
insert into CandidatesData (idno) VALUES (2677);
insert into PartyMembership (pid, idno) VALUES (7, 2677);
insert into Candidacy (wkid, idno) VALUES (507, 2677);
insert into Citizen (idno, title, firstname, lastname, dateofbirth, gender) VALUES (2678, '', 'Scherer', 'Ursula', '1.1.1937.', 'p');
insert into CandidatesData (idno) VALUES (2678);
insert into PartyMembership (pid, idno) VALUES (12, 2678);
insert into Landeslistenplatz (llid, idno, position) VALUES (12, 2678, 43);
insert into Citizen (idno, title, firstname, lastname, dateofbirth, gender) VALUES (2679, '', 'Scheuch-Paschkewitz', 'Heidemarie', '1.1.1959.', 'p');
insert into CandidatesData (idno) VALUES (2679);
insert into PartyMembership (pid, idno) VALUES (3, 2679);
insert into Candidacy (wkid, idno) VALUES (470, 2679);
insert into Landeslistenplatz (llid, idno, position) VALUES (2, 2679, 5);
insert into Citizen (idno, title, firstname, lastname, dateofbirth, gender) VALUES (2680, '', 'Scheuer', 'Dr. Andreas', '1.1.1974.', 'p');
insert into CandidatesData (idno) VALUES (2680);
insert into PartyMembership (pid, idno) VALUES (9, 2680);
insert into Candidacy (wkid, idno) VALUES (528, 2680);
insert into Citizen (idno, title, firstname, lastname, dateofbirth, gender) VALUES (2681, '', 'Schichel', 'David', '1.1.1981.', 'p');
insert into CandidatesData (idno) VALUES (2681);
insert into PartyMembership (pid, idno) VALUES (5, 2681);
insert into Candidacy (wkid, idno) VALUES (403, 2681);
insert into Citizen (idno, title, firstname, lastname, dateofbirth, gender) VALUES (2682, '', 'Schick', 'Dr. Gerhard', '1.1.1972.', 'p');
insert into CandidatesData (idno) VALUES (2682);
insert into PartyMembership (pid, idno) VALUES (5, 2682);
insert into Candidacy (wkid, idno) VALUES (574, 2682);
insert into Landeslistenplatz (llid, idno, position) VALUES (5, 2682, 4);
insert into Citizen (idno, title, firstname, lastname, dateofbirth, gender) VALUES (2683, '', 'Schicke', 'Jens-Wolfhard', '1.1.1987.', 'p');
insert into CandidatesData (idno) VALUES (2683);
insert into PartyMembership (pid, idno) VALUES (7, 2683);
insert into Candidacy (wkid, idno) VALUES (350, 2683);
insert into Landeslistenplatz (llid, idno, position) VALUES (7, 2683, 5);
insert into Citizen (idno, title, firstname, lastname, dateofbirth, gender) VALUES (2684, '', 'Schieber', 'Alois', '1.1.1964.', 'p');
insert into CandidatesData (idno) VALUES (2684);
insert into PartyMembership (pid, idno) VALUES (10, 2684);
insert into Candidacy (wkid, idno) VALUES (516, 2684);
insert into Landeslistenplatz (llid, idno, position) VALUES (10, 2684, 11);
insert into Citizen (idno, title, firstname, lastname, dateofbirth, gender) VALUES (2685, '', 'Schieder', 'Marianne', '1.1.1962.', 'p');
insert into CandidatesData (idno) VALUES (2685);
insert into PartyMembership (pid, idno) VALUES (2, 2685);
insert into Candidacy (wkid, idno) VALUES (533, 2685);
insert into Landeslistenplatz (llid, idno, position) VALUES (1, 2685, 6);
insert into Citizen (idno, title, firstname, lastname, dateofbirth, gender) VALUES (2686, '', 'Schieder', 'Werner', '1.1.1948.', 'p');
insert into CandidatesData (idno) VALUES (2686);
insert into PartyMembership (pid, idno) VALUES (2, 2686);
insert into Candidacy (wkid, idno) VALUES (534, 2686);
insert into Landeslistenplatz (llid, idno, position) VALUES (1, 2686, 15);
insert into Citizen (idno, title, firstname, lastname, dateofbirth, gender) VALUES (2687, '', 'Schiefner', 'Udo', '1.1.1959.', 'p');
insert into CandidatesData (idno) VALUES (2687);
insert into PartyMembership (pid, idno) VALUES (2, 2687);
insert into Candidacy (wkid, idno) VALUES (411, 2687);
insert into Landeslistenplatz (llid, idno, position) VALUES (1, 2687, 21);
insert into Citizen (idno, title, firstname, lastname, dateofbirth, gender) VALUES (2688, '', 'Schiemann', 'Nico', '1.1.1979.', 'p');
insert into CandidatesData (idno) VALUES (2688);
insert into PartyMembership (pid, idno) VALUES (1, 2688);
insert into Candidacy (wkid, idno) VALUES (571, 2688);
insert into Citizen (idno, title, firstname, lastname, dateofbirth, gender) VALUES (2689, '', 'Schiergott', 'Cornelia', '1.1.1956.', 'p');
insert into CandidatesData (idno) VALUES (2689);
insert into PartyMembership (pid, idno) VALUES (12, 2689);
insert into Landeslistenplatz (llid, idno, position) VALUES (12, 2689, 12);
insert into Citizen (idno, title, firstname, lastname, dateofbirth, gender) VALUES (2690, '', 'Schiewerling', 'Karl Richard Maria', '1.1.1951.', 'p');
insert into CandidatesData (idno) VALUES (2690);
insert into PartyMembership (pid, idno) VALUES (12, 2690);
insert into Candidacy (wkid, idno) VALUES (427, 2690);
insert into Citizen (idno, title, firstname, lastname, dateofbirth, gender) VALUES (2691, '', 'Schiffer', 'Hans Lothar', '1.1.1939.', 'p');
insert into CandidatesData (idno) VALUES (2691);
insert into PartyMembership (pid, idno) VALUES (4, 2691);
insert into Candidacy (wkid, idno) VALUES (403, 2691);
insert into Landeslistenplatz (llid, idno, position) VALUES (4, 2691, 34);
insert into Citizen (idno, title, firstname, lastname, dateofbirth, gender) VALUES (2692, '', 'Schilke', 'Barbara', '1.1.1953.', 'p');
insert into CandidatesData (idno) VALUES (2692);
insert into PartyMembership (pid, idno) VALUES (13, 2692);
insert into Landeslistenplatz (llid, idno, position) VALUES (13, 2692, 1);
insert into Citizen (idno, title, firstname, lastname, dateofbirth, gender) VALUES (2693, '', 'Schill', 'Albert', '1.1.1946.', 'p');
insert into CandidatesData (idno) VALUES (2693);
insert into PartyMembership (pid, idno) VALUES (12, 2693);
insert into Landeslistenplatz (llid, idno, position) VALUES (12, 2693, 11);
insert into Citizen (idno, title, firstname, lastname, dateofbirth, gender) VALUES (2694, '', 'Schily', 'Dr. Konrad', '1.1.1937.', 'p');
insert into CandidatesData (idno) VALUES (2694);
insert into PartyMembership (pid, idno) VALUES (4, 2694);
insert into Candidacy (wkid, idno) VALUES (439, 2694);
insert into Citizen (idno, title, firstname, lastname, dateofbirth, gender) VALUES (2695, '', 'Schimmel', 'Wolfgang', '1.1.1962.', 'p');
insert into CandidatesData (idno) VALUES (2695);
insert into PartyMembership (pid, idno) VALUES (1, 2695);
insert into Candidacy (wkid, idno) VALUES (303, 2695);
insert into Landeslistenplatz (llid, idno, position) VALUES (3, 2695, 7);
insert into Citizen (idno, title, firstname, lastname, dateofbirth, gender) VALUES (2696, '', 'Schimmer-Göresz', 'Gabriela', '1.1.1952.', 'p');
insert into CandidatesData (idno) VALUES (2696);
insert into PartyMembership (pid, idno) VALUES (8, 2696);
insert into Landeslistenplatz (llid, idno, position) VALUES (8, 2696, 8);
insert into Citizen (idno, title, firstname, lastname, dateofbirth, gender) VALUES (2697, '', 'Schincke', 'Herold Albert', '1.1.1951.', 'p');
insert into CandidatesData (idno) VALUES (2697);
insert into Candidacy (wkid, idno) VALUES (421, 2697);
insert into Citizen (idno, title, firstname, lastname, dateofbirth, gender) VALUES (2698, '', 'Schindler', 'Jörg', '1.1.1972.', 'p');
insert into CandidatesData (idno) VALUES (2698);
insert into PartyMembership (pid, idno) VALUES (3, 2698);
insert into Candidacy (wkid, idno) VALUES (370, 2698);
insert into Landeslistenplatz (llid, idno, position) VALUES (2, 2698, 8);
insert into Citizen (idno, title, firstname, lastname, dateofbirth, gender) VALUES (2699, '', 'Schindler', 'Norbert', '1.1.1949.', 'p');
insert into CandidatesData (idno) VALUES (2699);
insert into PartyMembership (pid, idno) VALUES (12, 2699);
insert into Candidacy (wkid, idno) VALUES (508, 2699);
insert into Landeslistenplatz (llid, idno, position) VALUES (12, 2699, 5);
insert into Citizen (idno, title, firstname, lastname, dateofbirth, gender) VALUES (2700, '', 'Schipanski', 'Tankred', '1.1.1976.', 'p');
insert into CandidatesData (idno) VALUES (2700);
insert into PartyMembership (pid, idno) VALUES (12, 2700);
insert into Candidacy (wkid, idno) VALUES (491, 2700);
insert into Landeslistenplatz (llid, idno, position) VALUES (12, 2700, 7);
insert into Citizen (idno, title, firstname, lastname, dateofbirth, gender) VALUES (2701, '', 'Schirmbeck', 'Georg', '1.1.1949.', 'p');
insert into CandidatesData (idno) VALUES (2701);
insert into PartyMembership (pid, idno) VALUES (12, 2701);
insert into Candidacy (wkid, idno) VALUES (338, 2701);
insert into Landeslistenplatz (llid, idno, position) VALUES (12, 2701, 24);
insert into Citizen (idno, title, firstname, lastname, dateofbirth, gender) VALUES (2702, '', 'Schirrah', 'Alexander', '1.1.1969.', 'p');
insert into CandidatesData (idno) VALUES (2702);
insert into PartyMembership (pid, idno) VALUES (2, 2702);
insert into Landeslistenplatz (llid, idno, position) VALUES (1, 2702, 7);
insert into Citizen (idno, title, firstname, lastname, dateofbirth, gender) VALUES (2703, '', 'Schläger', 'Tobias', '1.1.1984.', 'p');
insert into CandidatesData (idno) VALUES (2703);
insert into PartyMembership (pid, idno) VALUES (2, 2703);
insert into Landeslistenplatz (llid, idno, position) VALUES (1, 2703, 11);
insert into Citizen (idno, title, firstname, lastname, dateofbirth, gender) VALUES (2704, '', 'Schlage', 'Britta Sylvia', '1.1.1956.', 'p');
insert into CandidatesData (idno) VALUES (2704);
insert into PartyMembership (pid, idno) VALUES (2, 2704);
insert into Landeslistenplatz (llid, idno, position) VALUES (1, 2704, 6);
insert into Citizen (idno, title, firstname, lastname, dateofbirth, gender) VALUES (2705, '', 'Schlappa', 'Richard', '1.1.1949.', 'p');
insert into CandidatesData (idno) VALUES (2705);
insert into PartyMembership (pid, idno) VALUES (3, 2705);
insert into Candidacy (wkid, idno) VALUES (545, 2705);
insert into Citizen (idno, title, firstname, lastname, dateofbirth, gender) VALUES (2706, '', 'Schlecht', 'Michael', '1.1.1951.', 'p');
insert into CandidatesData (idno) VALUES (2706);
insert into PartyMembership (pid, idno) VALUES (3, 2706);
insert into Candidacy (wkid, idno) VALUES (574, 2706);
insert into Landeslistenplatz (llid, idno, position) VALUES (2, 2706, 4);
insert into Citizen (idno, title, firstname, lastname, dateofbirth, gender) VALUES (2707, '', 'Schlegelberger', 'Laura', '1.1.1983.', 'p');
insert into CandidatesData (idno) VALUES (2707);
insert into PartyMembership (pid, idno) VALUES (12, 2707);
insert into Landeslistenplatz (llid, idno, position) VALUES (12, 2707, 16);
insert into Citizen (idno, title, firstname, lastname, dateofbirth, gender) VALUES (2708, '', 'Schlesinger', 'Paul Friedrich Georg Martin', '1.1.1947.', 'p');
insert into CandidatesData (idno) VALUES (2708);
insert into PartyMembership (pid, idno) VALUES (13, 2708);
insert into Candidacy (wkid, idno) VALUES (422, 2708);
insert into Citizen (idno, title, firstname, lastname, dateofbirth, gender) VALUES (2709, '', 'Schlett', 'Gudrun', '1.1.1961.', 'p');
insert into CandidatesData (idno) VALUES (2709);
insert into PartyMembership (pid, idno) VALUES (3, 2709);
insert into Candidacy (wkid, idno) VALUES (544, 2709);
insert into Landeslistenplatz (llid, idno, position) VALUES (2, 2709, 9);
insert into Citizen (idno, title, firstname, lastname, dateofbirth, gender) VALUES (2710, '', 'Schlierer', 'Gertraude', '1.1.1928.', 'p');
insert into CandidatesData (idno) VALUES (2710);
insert into PartyMembership (pid, idno) VALUES (19, 2710);
insert into Landeslistenplatz (llid, idno, position) VALUES (18, 2710, 17);
insert into Citizen (idno, title, firstname, lastname, dateofbirth, gender) VALUES (2711, '', 'Schlierer', 'Dr. Rolf', '1.1.1955.', 'p');
insert into CandidatesData (idno) VALUES (2711);
insert into PartyMembership (pid, idno) VALUES (19, 2711);
insert into Landeslistenplatz (llid, idno, position) VALUES (18, 2711, 1);
insert into Citizen (idno, title, firstname, lastname, dateofbirth, gender) VALUES (2712, '', 'Schlierf', 'Hanns-Dieter', '1.1.1954.', 'p');
insert into CandidatesData (idno) VALUES (2712);
insert into PartyMembership (pid, idno) VALUES (8, 2712);
insert into Candidacy (wkid, idno) VALUES (525, 2712);
insert into Landeslistenplatz (llid, idno, position) VALUES (8, 2712, 12);
insert into Citizen (idno, title, firstname, lastname, dateofbirth, gender) VALUES (2713, '', 'Schlitter-Bankloh', 'Bernd', '1.1.1942.', 'p');
insert into CandidatesData (idno) VALUES (2713);
insert into PartyMembership (pid, idno) VALUES (13, 2713);
insert into Landeslistenplatz (llid, idno, position) VALUES (13, 2713, 14);
insert into Citizen (idno, title, firstname, lastname, dateofbirth, gender) VALUES (2714, '', 'Schlottmann', 'Klaus-Dieter', '1.1.1949.', 'p');
insert into CandidatesData (idno) VALUES (2714);
insert into PartyMembership (pid, idno) VALUES (17, 2714);
insert into Candidacy (wkid, idno) VALUES (345, 2714);
insert into Citizen (idno, title, firstname, lastname, dateofbirth, gender) VALUES (2715, '', 'Schlude', 'Bärbel', '1.1.1976.', 'p');
insert into CandidatesData (idno) VALUES (2715);
insert into PartyMembership (pid, idno) VALUES (19, 2715);
insert into Landeslistenplatz (llid, idno, position) VALUES (18, 2715, 22);
insert into Citizen (idno, title, firstname, lastname, dateofbirth, gender) VALUES (2716, '', 'Schlüter', 'Andrew', '1.1.1967.', 'p');
insert into CandidatesData (idno) VALUES (2716);
insert into PartyMembership (pid, idno) VALUES (13, 2716);
insert into Candidacy (wkid, idno) VALUES (382, 2716);
insert into Landeslistenplatz (llid, idno, position) VALUES (13, 2716, 1);
insert into Citizen (idno, title, firstname, lastname, dateofbirth, gender) VALUES (2717, '', 'Schlüter', 'Sanja', '1.1.1977.', 'p');
insert into CandidatesData (idno) VALUES (2717);
insert into PartyMembership (pid, idno) VALUES (13, 2717);
insert into Landeslistenplatz (llid, idno, position) VALUES (13, 2717, 7);
insert into Citizen (idno, title, firstname, lastname, dateofbirth, gender) VALUES (2718, '', 'Schmagold', 'Philipp', '1.1.1979.', 'p');
insert into CandidatesData (idno) VALUES (2718);
insert into PartyMembership (pid, idno) VALUES (5, 2718);
insert into Candidacy (wkid, idno) VALUES (469, 2718);
insert into Landeslistenplatz (llid, idno, position) VALUES (5, 2718, 24);
insert into Citizen (idno, title, firstname, lastname, dateofbirth, gender) VALUES (2719, '', 'Schmalcz', 'Andreas', '1.1.1965.', 'p');
insert into CandidatesData (idno) VALUES (2719);
insert into PartyMembership (pid, idno) VALUES (9, 2719);
insert into Landeslistenplatz (llid, idno, position) VALUES (9, 2719, 57);
insert into Citizen (idno, title, firstname, lastname, dateofbirth, gender) VALUES (2720, '', 'Schmid', 'Brigitte', '1.1.1952.', 'p');
insert into CandidatesData (idno) VALUES (2720);
insert into PartyMembership (pid, idno) VALUES (5, 2720);
insert into Candidacy (wkid, idno) VALUES (590, 2720);
insert into Citizen (idno, title, firstname, lastname, dateofbirth, gender) VALUES (2721, '', 'Schmid', 'Hans', '1.1.1942.', 'p');
insert into CandidatesData (idno) VALUES (2721);
insert into PartyMembership (pid, idno) VALUES (12, 2721);
insert into Landeslistenplatz (llid, idno, position) VALUES (12, 2721, 23);
insert into Citizen (idno, title, firstname, lastname, dateofbirth, gender) VALUES (2722, '', 'Schmid', 'Walter', '1.1.1953.', 'p');
insert into CandidatesData (idno) VALUES (2722);
insert into PartyMembership (pid, idno) VALUES (3, 2722);
insert into Candidacy (wkid, idno) VALUES (590, 2722);
insert into Citizen (idno, title, firstname, lastname, dateofbirth, gender) VALUES (2723, '', 'Schmidberger', 'Werner', '1.1.1937.', 'p');
insert into CandidatesData (idno) VALUES (2723);
insert into PartyMembership (pid, idno) VALUES (23, 2723);
insert into Landeslistenplatz (llid, idno, position) VALUES (24, 2723, 6);
insert into Citizen (idno, title, firstname, lastname, dateofbirth, gender) VALUES (2724, '', 'Schmidinger', 'Michaela', '1.1.1969.', 'p');
insert into CandidatesData (idno) VALUES (2724);
insert into PartyMembership (pid, idno) VALUES (11, 2724);
insert into Landeslistenplatz (llid, idno, position) VALUES (11, 2724, 1);
insert into Citizen (idno, title, firstname, lastname, dateofbirth, gender) VALUES (2725, '', 'Schmidt', 'Andreas', '1.1.1956.', 'p');
insert into CandidatesData (idno) VALUES (2725);
insert into PartyMembership (pid, idno) VALUES (12, 2725);
insert into Candidacy (wkid, idno) VALUES (418, 2725);
insert into Landeslistenplatz (llid, idno, position) VALUES (12, 2725, 26);
insert into Citizen (idno, title, firstname, lastname, dateofbirth, gender) VALUES (2726, '', 'Schmidt', 'Birger', '1.1.1973.', 'p');
insert into CandidatesData (idno) VALUES (2726);
insert into PartyMembership (pid, idno) VALUES (7, 2726);
insert into Candidacy (wkid, idno) VALUES (540, 2726);
insert into Citizen (idno, title, firstname, lastname, dateofbirth, gender) VALUES (2727, '', 'Schmidt', 'Carina', '1.1.1986.', 'p');
insert into CandidatesData (idno) VALUES (2727);
insert into PartyMembership (pid, idno) VALUES (4, 2727);
insert into Candidacy (wkid, idno) VALUES (575, 2727);
insert into Landeslistenplatz (llid, idno, position) VALUES (4, 2727, 21);
insert into Citizen (idno, title, firstname, lastname, dateofbirth, gender) VALUES (2728, '', 'Schmidt', 'Christel', '1.1.1936.', 'p');
insert into CandidatesData (idno) VALUES (2728);
insert into PartyMembership (pid, idno) VALUES (19, 2728);
insert into Landeslistenplatz (llid, idno, position) VALUES (18, 2728, 2);
insert into Citizen (idno, title, firstname, lastname, dateofbirth, gender) VALUES (2729, '', 'Schmidt', 'Christian', '1.1.1957.', 'p');
insert into CandidatesData (idno) VALUES (2729);
insert into PartyMembership (pid, idno) VALUES (9, 2729);
insert into Candidacy (wkid, idno) VALUES (542, 2729);
insert into Landeslistenplatz (llid, idno, position) VALUES (9, 2729, 12);
insert into Citizen (idno, title, firstname, lastname, dateofbirth, gender) VALUES (2730, '', 'Schmidt', 'Dagmar', '1.1.1973.', 'p');
insert into CandidatesData (idno) VALUES (2730);
insert into PartyMembership (pid, idno) VALUES (2, 2730);
insert into Candidacy (wkid, idno) VALUES (472, 2730);
insert into Landeslistenplatz (llid, idno, position) VALUES (1, 2730, 12);
insert into Citizen (idno, title, firstname, lastname, dateofbirth, gender) VALUES (2731, '', 'Schmidt', 'Edda', '1.1.1948.', 'p');
insert into CandidatesData (idno) VALUES (2731);
insert into PartyMembership (pid, idno) VALUES (1, 2731);
insert into Candidacy (wkid, idno) VALUES (589, 2731);
insert into Landeslistenplatz (llid, idno, position) VALUES (3, 2731, 3);
insert into Citizen (idno, title, firstname, lastname, dateofbirth, gender) VALUES (2732, '', 'Schmidt', 'Ekkehard', '1.1.1946.', 'p');
insert into CandidatesData (idno) VALUES (2732);
insert into PartyMembership (pid, idno) VALUES (2, 2732);
insert into Landeslistenplatz (llid, idno, position) VALUES (1, 2732, 39);
insert into Citizen (idno, title, firstname, lastname, dateofbirth, gender) VALUES (2733, '', 'Schmidt', 'Franz', '1.1.1974.', 'p');
insert into CandidatesData (idno) VALUES (2733);
insert into PartyMembership (pid, idno) VALUES (4, 2733);
insert into Candidacy (wkid, idno) VALUES (516, 2733);
insert into Landeslistenplatz (llid, idno, position) VALUES (4, 2733, 48);
insert into Citizen (idno, title, firstname, lastname, dateofbirth, gender) VALUES (2734, '', 'Schmidt', 'Dr. Frithjof', '1.1.1953.', 'p');
insert into CandidatesData (idno) VALUES (2734);
insert into PartyMembership (pid, idno) VALUES (5, 2734);
insert into Candidacy (wkid, idno) VALUES (440, 2734);
insert into Landeslistenplatz (llid, idno, position) VALUES (5, 2734, 4);
insert into Citizen (idno, title, firstname, lastname, dateofbirth, gender) VALUES (2735, '', 'Schmidt', 'Gabriele', '1.1.1956.', 'p');
insert into CandidatesData (idno) VALUES (2735);
insert into PartyMembership (pid, idno) VALUES (12, 2735);
insert into Landeslistenplatz (llid, idno, position) VALUES (12, 2735, 17);
insert into Citizen (idno, title, firstname, lastname, dateofbirth, gender) VALUES (2736, '', 'Schmidt', 'Hans', '1.1.1939.', 'p');
insert into CandidatesData (idno) VALUES (2736);
insert into PartyMembership (pid, idno) VALUES (1, 2736);
insert into Candidacy (wkid, idno) VALUES (594, 2736);
insert into Citizen (idno, title, firstname, lastname, dateofbirth, gender) VALUES (2737, '', 'Schmidt', 'Heiko', '1.1.1988.', 'p');
insert into CandidatesData (idno) VALUES (2737);
insert into PartyMembership (pid, idno) VALUES (5, 2737);
insert into Candidacy (wkid, idno) VALUES (548, 2737);
insert into Citizen (idno, title, firstname, lastname, dateofbirth, gender) VALUES (2738, '', 'Schmidt', 'Ingrid', '1.1.1938.', 'p');
insert into CandidatesData (idno) VALUES (2738);
insert into PartyMembership (pid, idno) VALUES (27, 2738);
insert into Landeslistenplatz (llid, idno, position) VALUES (26, 2738, 6);
insert into Citizen (idno, title, firstname, lastname, dateofbirth, gender) VALUES (2739, '', 'Schmidt', 'Karlheinz', '1.1.1941.', 'p');
insert into CandidatesData (idno) VALUES (2739);
insert into PartyMembership (pid, idno) VALUES (27, 2739);
insert into Landeslistenplatz (llid, idno, position) VALUES (26, 2739, 2);
insert into Citizen (idno, title, firstname, lastname, dateofbirth, gender) VALUES (2740, '', 'Schmidt', 'Marion Beate Friederike', '1.1.1954.', 'p');
insert into CandidatesData (idno) VALUES (2740);
insert into PartyMembership (pid, idno) VALUES (13, 2740);
insert into Landeslistenplatz (llid, idno, position) VALUES (13, 2740, 10);
insert into Citizen (idno, title, firstname, lastname, dateofbirth, gender) VALUES (2741, '', 'Schmidt', 'Miriam', '1.1.1980.', 'p');
insert into CandidatesData (idno) VALUES (2741);
insert into PartyMembership (pid, idno) VALUES (2, 2741);
insert into Landeslistenplatz (llid, idno, position) VALUES (1, 2741, 42);
insert into Citizen (idno, title, firstname, lastname, dateofbirth, gender) VALUES (2742, '', 'Schmidt', 'Renate', '1.1.1959.', 'p');
insert into CandidatesData (idno) VALUES (2742);
insert into PartyMembership (pid, idno) VALUES (13, 2742);
insert into Landeslistenplatz (llid, idno, position) VALUES (13, 2742, 14);
insert into Citizen (idno, title, firstname, lastname, dateofbirth, gender) VALUES (2743, '', 'Schmidt', 'Rudolf', '1.1.1967.', 'p');
insert into CandidatesData (idno) VALUES (2743);
insert into PartyMembership (pid, idno) VALUES (17, 2743);
insert into Landeslistenplatz (llid, idno, position) VALUES (16, 2743, 5);
insert into Citizen (idno, title, firstname, lastname, dateofbirth, gender) VALUES (2744, '', 'Schmidt', 'Rudolf Lothar', '1.1.1951.', 'p');
insert into CandidatesData (idno) VALUES (2744);
insert into PartyMembership (pid, idno) VALUES (3, 2744);
insert into Candidacy (wkid, idno) VALUES (461, 2744);
insert into Landeslistenplatz (llid, idno, position) VALUES (2, 2744, 15);
insert into Citizen (idno, title, firstname, lastname, dateofbirth, gender) VALUES (2745, '', 'Schmidt', 'Silvia', '1.1.1954.', 'p');
insert into CandidatesData (idno) VALUES (2745);
insert into PartyMembership (pid, idno) VALUES (2, 2745);
insert into Candidacy (wkid, idno) VALUES (374, 2745);
insert into Landeslistenplatz (llid, idno, position) VALUES (1, 2745, 3);
insert into Citizen (idno, title, firstname, lastname, dateofbirth, gender) VALUES (2746, '', 'Schmidt', 'Stefan', '1.1.1985.', 'p');
insert into CandidatesData (idno) VALUES (2746);
insert into PartyMembership (pid, idno) VALUES (2, 2746);
insert into Landeslistenplatz (llid, idno, position) VALUES (1, 2746, 16);
insert into Citizen (idno, title, firstname, lastname, dateofbirth, gender) VALUES (2747, '', 'Schmidt', 'Tim', '1.1.1969.', 'p');
insert into CandidatesData (idno) VALUES (2747);
insert into PartyMembership (pid, idno) VALUES (7, 2747);
insert into Landeslistenplatz (llid, idno, position) VALUES (7, 2747, 5);
insert into Citizen (idno, title, firstname, lastname, dateofbirth, gender) VALUES (2748, '', 'Schmidt', 'Ulla', '1.1.1949.', 'p');
insert into CandidatesData (idno) VALUES (2748);
insert into PartyMembership (pid, idno) VALUES (2, 2748);
insert into Candidacy (wkid, idno) VALUES (387, 2748);
insert into Landeslistenplatz (llid, idno, position) VALUES (1, 2748, 4);
insert into Citizen (idno, title, firstname, lastname, dateofbirth, gender) VALUES (2749, '', 'Schmidt-Berg', 'Lars', '1.1.1978.', 'p');
insert into CandidatesData (idno) VALUES (2749);
insert into PartyMembership (pid, idno) VALUES (12, 2749);
insert into Landeslistenplatz (llid, idno, position) VALUES (12, 2749, 38);
insert into Citizen (idno, title, firstname, lastname, dateofbirth, gender) VALUES (2750, '', 'Schmidt-Riediger', 'Ekkehard Arno Walter', '1.1.1939.', 'p');
insert into CandidatesData (idno) VALUES (2750);
insert into PartyMembership (pid, idno) VALUES (12, 2750);
insert into Landeslistenplatz (llid, idno, position) VALUES (12, 2750, 35);
insert into Citizen (idno, title, firstname, lastname, dateofbirth, gender) VALUES (2751, '', 'Schmidt-Rose', 'Christiane', '1.1.1959.', 'p');
insert into CandidatesData (idno) VALUES (2751);
insert into PartyMembership (pid, idno) VALUES (12, 2751);
insert into Landeslistenplatz (llid, idno, position) VALUES (12, 2751, 10);
insert into Citizen (idno, title, firstname, lastname, dateofbirth, gender) VALUES (2752, '', 'Schmitt', 'Brigitte Maria', '1.1.1973.', 'p');
insert into CandidatesData (idno) VALUES (2752);
insert into PartyMembership (pid, idno) VALUES (22, 2752);
insert into Landeslistenplatz (llid, idno, position) VALUES (22, 2752, 7);
insert into Citizen (idno, title, firstname, lastname, dateofbirth, gender) VALUES (2753, '', 'Schmitt', 'Christian', '1.1.1981.', 'p');
insert into CandidatesData (idno) VALUES (2753);
insert into PartyMembership (pid, idno) VALUES (4, 2753);
insert into Candidacy (wkid, idno) VALUES (598, 2753);
insert into Landeslistenplatz (llid, idno, position) VALUES (4, 2753, 2);
insert into Citizen (idno, title, firstname, lastname, dateofbirth, gender) VALUES (2754, '', 'Schmitt', 'Heinz', '1.1.1951.', 'p');
insert into CandidatesData (idno) VALUES (2754);
insert into PartyMembership (pid, idno) VALUES (2, 2754);
insert into Candidacy (wkid, idno) VALUES (511, 2754);
insert into Landeslistenplatz (llid, idno, position) VALUES (1, 2754, 11);
insert into Citizen (idno, title, firstname, lastname, dateofbirth, gender) VALUES (2755, '', 'Schmitt', 'Ingo', '1.1.1979.', 'p');
insert into CandidatesData (idno) VALUES (2755);
insert into PartyMembership (pid, idno) VALUES (12, 2755);
insert into Candidacy (wkid, idno) VALUES (380, 2755);
insert into Citizen (idno, title, firstname, lastname, dateofbirth, gender) VALUES (2756, '', 'Schmitt', 'Michael', '1.1.1971.', 'p');
insert into CandidatesData (idno) VALUES (2756);
insert into PartyMembership (pid, idno) VALUES (22, 2756);
insert into Landeslistenplatz (llid, idno, position) VALUES (22, 2756, 2);
insert into Citizen (idno, title, firstname, lastname, dateofbirth, gender) VALUES (2757, '', 'Schmitt', 'Thomas', '1.1.1973.', 'p');
insert into CandidatesData (idno) VALUES (2757);
insert into PartyMembership (pid, idno) VALUES (12, 2757);
insert into Landeslistenplatz (llid, idno, position) VALUES (12, 2757, 14);
insert into Citizen (idno, title, firstname, lastname, dateofbirth, gender) VALUES (2758, '', 'Schmitz', 'Andreas', '1.1.1965.', 'p');
insert into CandidatesData (idno) VALUES (2758);
insert into PartyMembership (pid, idno) VALUES (5, 2758);
insert into Candidacy (wkid, idno) VALUES (399, 2758);
insert into Citizen (idno, title, firstname, lastname, dateofbirth, gender) VALUES (2759, '', 'Schmitz', 'Christian', '1.1.1975.', 'p');
insert into CandidatesData (idno) VALUES (2759);
insert into PartyMembership (pid, idno) VALUES (2, 2759);
insert into Landeslistenplatz (llid, idno, position) VALUES (1, 2759, 25);
insert into Citizen (idno, title, firstname, lastname, dateofbirth, gender) VALUES (2760, '', 'Schmitz', 'Jürgen Theo', '1.1.1965.', 'p');
insert into CandidatesData (idno) VALUES (2760);
insert into Candidacy (wkid, idno) VALUES (392, 2760);
insert into Citizen (idno, title, firstname, lastname, dateofbirth, gender) VALUES (2761, '', 'Schmoll', 'Dominik', '1.1.1988.', 'p');
insert into CandidatesData (idno) VALUES (2761);
insert into PartyMembership (pid, idno) VALUES (2, 2761);
insert into Landeslistenplatz (llid, idno, position) VALUES (1, 2761, 12);
insert into Citizen (idno, title, firstname, lastname, dateofbirth, gender) VALUES (2762, '', 'Schmück', 'Ulrich', '1.1.1961.', 'p');
insert into CandidatesData (idno) VALUES (2762);
insert into PartyMembership (pid, idno) VALUES (4, 2762);
insert into Candidacy (wkid, idno) VALUES (301, 2762);
insert into Landeslistenplatz (llid, idno, position) VALUES (4, 2762, 7);
insert into Citizen (idno, title, firstname, lastname, dateofbirth, gender) VALUES (2763, '', 'Schnarre', 'Hermann August', '1.1.1935.', 'p');
insert into CandidatesData (idno) VALUES (2763);
insert into PartyMembership (pid, idno) VALUES (1, 2763);
insert into Candidacy (wkid, idno) VALUES (420, 2763);
insert into Citizen (idno, title, firstname, lastname, dateofbirth, gender) VALUES (2764, '', 'Schneider', 'Andreas', '1.1.1963.', 'p');
insert into CandidatesData (idno) VALUES (2764);
insert into Candidacy (wkid, idno) VALUES (416, 2764);
insert into Citizen (idno, title, firstname, lastname, dateofbirth, gender) VALUES (2765, '', 'Schneider', 'Astrid', '1.1.1965.', 'p');
insert into CandidatesData (idno) VALUES (2765);
insert into PartyMembership (pid, idno) VALUES (5, 2765);
insert into Landeslistenplatz (llid, idno, position) VALUES (5, 2765, 9);
insert into Citizen (idno, title, firstname, lastname, dateofbirth, gender) VALUES (2766, '', 'Schneider', 'Carsten', '1.1.1976.', 'p');
insert into CandidatesData (idno) VALUES (2766);
insert into PartyMembership (pid, idno) VALUES (2, 2766);
insert into Candidacy (wkid, idno) VALUES (492, 2766);
insert into Landeslistenplatz (llid, idno, position) VALUES (1, 2766, 1);
insert into Citizen (idno, title, firstname, lastname, dateofbirth, gender) VALUES (2767, '', 'Schneider', 'Franz-Herbert', '1.1.1949.', 'p');
insert into CandidatesData (idno) VALUES (2767);
insert into PartyMembership (pid, idno) VALUES (19, 2767);
insert into Landeslistenplatz (llid, idno, position) VALUES (18, 2767, 13);
insert into Citizen (idno, title, firstname, lastname, dateofbirth, gender) VALUES (2768, '', 'Schneider', 'Gerda', '1.1.1959.', 'p');
insert into CandidatesData (idno) VALUES (2768);
insert into PartyMembership (pid, idno) VALUES (12, 2768);
insert into Landeslistenplatz (llid, idno, position) VALUES (12, 2768, 56);
insert into Citizen (idno, title, firstname, lastname, dateofbirth, gender) VALUES (2769, '', 'Schneider', 'Guntram', '1.1.1951.', 'p');
insert into CandidatesData (idno) VALUES (2769);
insert into PartyMembership (pid, idno) VALUES (2, 2769);
insert into Candidacy (wkid, idno) VALUES (432, 2769);
insert into Citizen (idno, title, firstname, lastname, dateofbirth, gender) VALUES (2770, '', 'Schneider', 'Dr. Heinz-Joachim Herbert', '1.1.1939.', 'p');
insert into CandidatesData (idno) VALUES (2770);
insert into PartyMembership (pid, idno) VALUES (19, 2770);
insert into Landeslistenplatz (llid, idno, position) VALUES (18, 2770, 1);
insert into Citizen (idno, title, firstname, lastname, dateofbirth, gender) VALUES (2771, '', 'Schneider', 'Horst', '1.1.1959.', 'p');
insert into CandidatesData (idno) VALUES (2771);
insert into PartyMembership (pid, idno) VALUES (3, 2771);
insert into Landeslistenplatz (llid, idno, position) VALUES (2, 2771, 8);
insert into Citizen (idno, title, firstname, lastname, dateofbirth, gender) VALUES (2772, '', 'Schneider', 'Maria Magdalena', '1.1.1940.', 'p');
insert into CandidatesData (idno) VALUES (2772);
insert into PartyMembership (pid, idno) VALUES (12, 2772);
insert into Landeslistenplatz (llid, idno, position) VALUES (12, 2772, 17);
insert into Citizen (idno, title, firstname, lastname, dateofbirth, gender) VALUES (2773, '', 'Schneider', 'Matthias', '1.1.1960.', 'p');
insert into CandidatesData (idno) VALUES (2773);
insert into PartyMembership (pid, idno) VALUES (5, 2773);
insert into Candidacy (wkid, idno) VALUES (416, 2773);
insert into Citizen (idno, title, firstname, lastname, dateofbirth, gender) VALUES (2774, '', 'Schneider', 'Norbert', '1.1.1964.', 'p');
insert into CandidatesData (idno) VALUES (2774);
insert into PartyMembership (pid, idno) VALUES (3, 2774);
insert into Candidacy (wkid, idno) VALUES (495, 2774);
insert into Landeslistenplatz (llid, idno, position) VALUES (2, 2774, 9);
insert into Citizen (idno, title, firstname, lastname, dateofbirth, gender) VALUES (2775, '', 'Schneider', 'Philipp', '1.1.1983.', 'p');
insert into CandidatesData (idno) VALUES (2775);
insert into PartyMembership (pid, idno) VALUES (2, 2775);
insert into Landeslistenplatz (llid, idno, position) VALUES (1, 2775, 15);
insert into Citizen (idno, title, firstname, lastname, dateofbirth, gender) VALUES (2776, '', 'Schneider', 'Sebastian', '1.1.1985.', 'p');
insert into CandidatesData (idno) VALUES (2776);
insert into PartyMembership (pid, idno) VALUES (7, 2776);
insert into Landeslistenplatz (llid, idno, position) VALUES (7, 2776, 6);
insert into Citizen (idno, title, firstname, lastname, dateofbirth, gender) VALUES (2777, '', 'Schneider', 'Steffen', '1.1.1968.', 'p');
insert into CandidatesData (idno) VALUES (2777);
insert into PartyMembership (pid, idno) VALUES (1, 2777);
insert into Candidacy (wkid, idno) VALUES (494, 2777);
insert into Citizen (idno, title, firstname, lastname, dateofbirth, gender) VALUES (2778, '', 'Schneider', 'Ulrich', '1.1.1972.', 'p');
insert into CandidatesData (idno) VALUES (2778);
insert into PartyMembership (pid, idno) VALUES (5, 2778);
insert into Candidacy (wkid, idno) VALUES (566, 2778);
insert into Landeslistenplatz (llid, idno, position) VALUES (5, 2778, 18);
insert into Citizen (idno, title, firstname, lastname, dateofbirth, gender) VALUES (2779, '', 'Schneider', 'Volker', '1.1.1955.', 'p');
insert into CandidatesData (idno) VALUES (2779);
insert into PartyMembership (pid, idno) VALUES (3, 2779);
insert into Candidacy (wkid, idno) VALUES (595, 2779);
insert into Citizen (idno, title, firstname, lastname, dateofbirth, gender) VALUES (2780, '', 'Schneiderbauer', 'Franz Xaver', '1.1.1940.', 'p');
insert into CandidatesData (idno) VALUES (2780);
insert into PartyMembership (pid, idno) VALUES (19, 2780);
insert into Landeslistenplatz (llid, idno, position) VALUES (18, 2780, 23);
insert into Citizen (idno, title, firstname, lastname, dateofbirth, gender) VALUES (2781, '', 'Schneidewind-Hartnagel', 'Charlotte', '1.1.1953.', 'p');
insert into CandidatesData (idno) VALUES (2781);
insert into PartyMembership (pid, idno) VALUES (5, 2781);
insert into Candidacy (wkid, idno) VALUES (576, 2781);
insert into Landeslistenplatz (llid, idno, position) VALUES (5, 2781, 13);
insert into Citizen (idno, title, firstname, lastname, dateofbirth, gender) VALUES (2782, '', 'Schnell', 'Jochim', '1.1.1976.', 'p');
insert into CandidatesData (idno) VALUES (2782);
insert into PartyMembership (pid, idno) VALUES (1, 2782);
insert into Candidacy (wkid, idno) VALUES (339, 2782);
insert into Landeslistenplatz (llid, idno, position) VALUES (3, 2782, 11);
insert into Citizen (idno, title, firstname, lastname, dateofbirth, gender) VALUES (2783, '', 'Schnieder', 'Patrick', '1.1.1968.', 'p');
insert into CandidatesData (idno) VALUES (2783);
insert into PartyMembership (pid, idno) VALUES (12, 2783);
insert into Candidacy (wkid, idno) VALUES (502, 2783);
insert into Landeslistenplatz (llid, idno, position) VALUES (12, 2783, 12);
insert into Citizen (idno, title, firstname, lastname, dateofbirth, gender) VALUES (2784, '', 'Schnittke', 'Monya', '1.1.1985.', 'p');
insert into CandidatesData (idno) VALUES (2784);
insert into PartyMembership (pid, idno) VALUES (5, 2784);
insert into Candidacy (wkid, idno) VALUES (421, 2784);
insert into Citizen (idno, title, firstname, lastname, dateofbirth, gender) VALUES (2785, '', 'Schnorr', 'Michael', '1.1.1954.', 'p');
insert into CandidatesData (idno) VALUES (2785);
insert into PartyMembership (pid, idno) VALUES (1, 2785);
insert into Candidacy (wkid, idno) VALUES (402, 2785);
insert into Citizen (idno, title, firstname, lastname, dateofbirth, gender) VALUES (2786, '', 'Schnur', 'Toralf', '1.1.1975.', 'p');
insert into CandidatesData (idno) VALUES (2786);
insert into PartyMembership (pid, idno) VALUES (4, 2786);
insert into Candidacy (wkid, idno) VALUES (316, 2786);
insert into Landeslistenplatz (llid, idno, position) VALUES (4, 2786, 5);
insert into Citizen (idno, title, firstname, lastname, dateofbirth, gender) VALUES (2787, '', 'Schnurr', 'Christoph', '1.1.1984.', 'p');
insert into CandidatesData (idno) VALUES (2787);
insert into PartyMembership (pid, idno) VALUES (4, 2787);
insert into Candidacy (wkid, idno) VALUES (482, 2787);
insert into Landeslistenplatz (llid, idno, position) VALUES (4, 2787, 8);
insert into Citizen (idno, title, firstname, lastname, dateofbirth, gender) VALUES (2788, '', 'Schock', 'Thomas Friedrich', '1.1.1968.', 'p');
insert into CandidatesData (idno) VALUES (2788);
insert into PartyMembership (pid, idno) VALUES (3, 2788);
insert into Candidacy (wkid, idno) VALUES (438, 2788);
insert into Citizen (idno, title, firstname, lastname, dateofbirth, gender) VALUES (2789, '', 'Schockenhoff', 'Dr. Andreas', '1.1.1957.', 'p');
insert into CandidatesData (idno) VALUES (2789);
insert into PartyMembership (pid, idno) VALUES (12, 2789);
insert into Candidacy (wkid, idno) VALUES (593, 2789);
insert into Citizen (idno, title, firstname, lastname, dateofbirth, gender) VALUES (2790, '', 'Schöberl', 'Rudi', '1.1.1955.', 'p');
insert into CandidatesData (idno) VALUES (2790);
insert into PartyMembership (pid, idno) VALUES (3, 2790);
insert into Candidacy (wkid, idno) VALUES (529, 2790);
insert into Citizen (idno, title, firstname, lastname, dateofbirth, gender) VALUES (2791, '', 'Schoen', 'Carolin', '1.1.1978.', 'p');
insert into CandidatesData (idno) VALUES (2791);
insert into PartyMembership (pid, idno) VALUES (9, 2791);
insert into Landeslistenplatz (llid, idno, position) VALUES (9, 2791, 37);
insert into Citizen (idno, title, firstname, lastname, dateofbirth, gender) VALUES (2792, '', 'Schönbeck', 'Friedrich', '1.1.1937.', 'p');
insert into CandidatesData (idno) VALUES (2792);
insert into Candidacy (wkid, idno) VALUES (590, 2792);
insert into Citizen (idno, title, firstname, lastname, dateofbirth, gender) VALUES (2793, '', 'Schöne', 'Tilo', '1.1.1957.', 'p');
insert into CandidatesData (idno) VALUES (2793);
insert into PartyMembership (pid, idno) VALUES (19, 2793);
insert into Landeslistenplatz (llid, idno, position) VALUES (18, 2793, 16);
insert into Citizen (idno, title, firstname, lastname, dateofbirth, gender) VALUES (2794, '', 'Schönfeld', 'Renate', '1.1.1948.', 'p');
insert into CandidatesData (idno) VALUES (2794);
insert into PartyMembership (pid, idno) VALUES (21, 2794);
insert into Landeslistenplatz (llid, idno, position) VALUES (20, 2794, 6);
insert into Citizen (idno, title, firstname, lastname, dateofbirth, gender) VALUES (2795, '', 'Schönfeld', 'Siegfried', '1.1.1950.', 'p');
insert into CandidatesData (idno) VALUES (2795);
insert into PartyMembership (pid, idno) VALUES (5, 2795);
insert into Candidacy (wkid, idno) VALUES (422, 2795);
insert into Citizen (idno, title, firstname, lastname, dateofbirth, gender) VALUES (2796, '', 'Schönig', 'Detlef', '1.1.1955.', 'p');
insert into CandidatesData (idno) VALUES (2796);
insert into PartyMembership (pid, idno) VALUES (3, 2796);
insert into Candidacy (wkid, idno) VALUES (592, 2796);
insert into Landeslistenplatz (llid, idno, position) VALUES (2, 2796, 16);
insert into Citizen (idno, title, firstname, lastname, dateofbirth, gender) VALUES (2797, '', 'Schönwald', 'Uwe', '1.1.1963.', 'p');
insert into CandidatesData (idno) VALUES (2797);
insert into PartyMembership (pid, idno) VALUES (11, 2797);
insert into Landeslistenplatz (llid, idno, position) VALUES (11, 2797, 3);
insert into Citizen (idno, title, firstname, lastname, dateofbirth, gender) VALUES (2798, '', 'Schöps', 'Richard', '1.1.1967.', 'p');
insert into CandidatesData (idno) VALUES (2798);
insert into PartyMembership (pid, idno) VALUES (15, 2798);
insert into Landeslistenplatz (llid, idno, position) VALUES (14, 2798, 38);
insert into Citizen (idno, title, firstname, lastname, dateofbirth, gender) VALUES (2799, '', 'Schöps', 'Steffen', '1.1.1970.', 'p');
insert into CandidatesData (idno) VALUES (2799);
insert into PartyMembership (pid, idno) VALUES (4, 2799);
insert into Candidacy (wkid, idno) VALUES (577, 2799);
insert into Landeslistenplatz (llid, idno, position) VALUES (4, 2799, 25);
insert into Citizen (idno, title, firstname, lastname, dateofbirth, gender) VALUES (2800, '', 'Scholl', 'Alexander', '1.1.1985.', 'p');
insert into CandidatesData (idno) VALUES (2800);
insert into PartyMembership (pid, idno) VALUES (1, 2800);
insert into Candidacy (wkid, idno) VALUES (566, 2800);
insert into Citizen (idno, title, firstname, lastname, dateofbirth, gender) VALUES (2801, '', 'Scholz', 'Frank', '1.1.1965.', 'p');
insert into CandidatesData (idno) VALUES (2801);
insert into PartyMembership (pid, idno) VALUES (10, 2801);
insert into Candidacy (wkid, idno) VALUES (377, 2801);
insert into Landeslistenplatz (llid, idno, position) VALUES (10, 2801, 10);
insert into Citizen (idno, title, firstname, lastname, dateofbirth, gender) VALUES (2802, '', 'Scholz', 'Günter', '1.1.1960.', 'p');
insert into CandidatesData (idno) VALUES (2802);
insert into PartyMembership (pid, idno) VALUES (19, 2802);
insert into Landeslistenplatz (llid, idno, position) VALUES (18, 2802, 2);
insert into Citizen (idno, title, firstname, lastname, dateofbirth, gender) VALUES (2803, '', 'Scholz', 'Marcell', '1.1.1986.', 'p');
insert into CandidatesData (idno) VALUES (2803);
insert into PartyMembership (pid, idno) VALUES (19, 2803);
insert into Landeslistenplatz (llid, idno, position) VALUES (18, 2803, 10);
insert into Citizen (idno, title, firstname, lastname, dateofbirth, gender) VALUES (2804, '', 'Scholz', 'Mike', '1.1.1975.', 'p');
insert into CandidatesData (idno) VALUES (2804);
insert into PartyMembership (pid, idno) VALUES (19, 2804);
insert into Landeslistenplatz (llid, idno, position) VALUES (18, 2804, 3);
insert into Citizen (idno, title, firstname, lastname, dateofbirth, gender) VALUES (2805, '', 'Scholz', 'Olaf', '1.1.1958.', 'p');
insert into CandidatesData (idno) VALUES (2805);
insert into PartyMembership (pid, idno) VALUES (2, 2805);
insert into Candidacy (wkid, idno) VALUES (319, 2805);
insert into Landeslistenplatz (llid, idno, position) VALUES (1, 2805, 1);
insert into Citizen (idno, title, firstname, lastname, dateofbirth, gender) VALUES (2806, '', 'Schon', 'Manuela', '1.1.1982.', 'p');
insert into CandidatesData (idno) VALUES (2806);
insert into PartyMembership (pid, idno) VALUES (3, 2806);
insert into Landeslistenplatz (llid, idno, position) VALUES (2, 2806, 9);
insert into Citizen (idno, title, firstname, lastname, dateofbirth, gender) VALUES (2807, '', 'Schopf', 'Alexander', '1.1.1977.', 'p');
insert into CandidatesData (idno) VALUES (2807);
insert into PartyMembership (pid, idno) VALUES (4, 2807);
insert into Candidacy (wkid, idno) VALUES (564, 2807);
insert into Landeslistenplatz (llid, idno, position) VALUES (4, 2807, 20);
insert into Citizen (idno, title, firstname, lastname, dateofbirth, gender) VALUES (2808, '', 'Schoppen', 'Susanne', '1.1.1948.', 'p');
insert into CandidatesData (idno) VALUES (2808);
insert into PartyMembership (pid, idno) VALUES (4, 2808);
insert into Landeslistenplatz (llid, idno, position) VALUES (4, 2808, 39);
insert into Citizen (idno, title, firstname, lastname, dateofbirth, gender) VALUES (2809, '', 'Schott', 'Erwin', '1.1.1952.', 'p');
insert into CandidatesData (idno) VALUES (2809);
insert into PartyMembership (pid, idno) VALUES (29, 2809);
insert into Candidacy (wkid, idno) VALUES (505, 2809);
insert into Citizen (idno, title, firstname, lastname, dateofbirth, gender) VALUES (2810, '', 'Schowald', 'Fritz', '1.1.1953.', 'p');
insert into CandidatesData (idno) VALUES (2810);
insert into PartyMembership (pid, idno) VALUES (6, 2810);
insert into Landeslistenplatz (llid, idno, position) VALUES (6, 2810, 8);
insert into Citizen (idno, title, firstname, lastname, dateofbirth, gender) VALUES (2811, '', 'Schrader', 'Hartmut', '1.1.1950.', 'p');
insert into CandidatesData (idno) VALUES (2811);
insert into Candidacy (wkid, idno) VALUES (478, 2811);
insert into Citizen (idno, title, firstname, lastname, dateofbirth, gender) VALUES (2812, '', 'Schramm', 'Henning', '1.1.1962.', 'p');
insert into CandidatesData (idno) VALUES (2812);
insert into PartyMembership (pid, idno) VALUES (12, 2812);
insert into Landeslistenplatz (llid, idno, position) VALUES (12, 2812, 12);
insert into Citizen (idno, title, firstname, lastname, dateofbirth, gender) VALUES (2813, '', 'Schramm', 'Inge', '1.1.1960.', 'p');
insert into CandidatesData (idno) VALUES (2813);
insert into Candidacy (wkid, idno) VALUES (541, 2813);
insert into Citizen (idno, title, firstname, lastname, dateofbirth, gender) VALUES (2814, '', 'Schramm', 'Robert', '1.1.1959.', 'p');
insert into CandidatesData (idno) VALUES (2814);
insert into PartyMembership (pid, idno) VALUES (8, 2814);
insert into Landeslistenplatz (llid, idno, position) VALUES (8, 2814, 18);
insert into Citizen (idno, title, firstname, lastname, dateofbirth, gender) VALUES (2815, '', 'Schreiber', 'Elke', '1.1.1945.', 'p');
insert into CandidatesData (idno) VALUES (2815);
insert into PartyMembership (pid, idno) VALUES (2, 2815);
insert into Landeslistenplatz (llid, idno, position) VALUES (1, 2815, 17);
insert into Citizen (idno, title, firstname, lastname, dateofbirth, gender) VALUES (2816, '', 'Schreiber', 'Peter', '1.1.1973.', 'p');
insert into CandidatesData (idno) VALUES (2816);
insert into PartyMembership (pid, idno) VALUES (1, 2816);
insert into Candidacy (wkid, idno) VALUES (455, 2816);
insert into Citizen (idno, title, firstname, lastname, dateofbirth, gender) VALUES (2817, '', 'Schreiner', 'Bernd Nobert Harry', '1.1.1967.', 'p');
insert into CandidatesData (idno) VALUES (2817);
insert into PartyMembership (pid, idno) VALUES (7, 2817);
insert into Landeslistenplatz (llid, idno, position) VALUES (7, 2817, 3);
insert into Citizen (idno, title, firstname, lastname, dateofbirth, gender) VALUES (2818, '', 'Schreiner', 'Bertold', '1.1.1960.', 'p');
insert into CandidatesData (idno) VALUES (2818);
insert into PartyMembership (pid, idno) VALUES (10, 2818);
insert into Landeslistenplatz (llid, idno, position) VALUES (10, 2818, 6);
insert into Citizen (idno, title, firstname, lastname, dateofbirth, gender) VALUES (2819, '', 'Schreiner', 'Ottmar', '1.1.1946.', 'p');
insert into CandidatesData (idno) VALUES (2819);
insert into PartyMembership (pid, idno) VALUES (2, 2819);
insert into Candidacy (wkid, idno) VALUES (596, 2819);
insert into Landeslistenplatz (llid, idno, position) VALUES (1, 2819, 2);
insert into Citizen (idno, title, firstname, lastname, dateofbirth, gender) VALUES (2820, '', 'Schröder', 'Jendrik', '1.1.1984.', 'p');
insert into CandidatesData (idno) VALUES (2820);
insert into PartyMembership (pid, idno) VALUES (2, 2820);
insert into Landeslistenplatz (llid, idno, position) VALUES (1, 2820, 33);
insert into Citizen (idno, title, firstname, lastname, dateofbirth, gender) VALUES (2821, '', 'Schröder', 'Dr. Ole', '1.1.1971.', 'p');
insert into CandidatesData (idno) VALUES (2821);
insert into PartyMembership (pid, idno) VALUES (12, 2821);
insert into Candidacy (wkid, idno) VALUES (306, 2821);
insert into Landeslistenplatz (llid, idno, position) VALUES (12, 2821, 2);
insert into Citizen (idno, title, firstname, lastname, dateofbirth, gender) VALUES (2822, '', 'Schröder', 'Patrick Hermann', '1.1.1983.', 'p');
insert into CandidatesData (idno) VALUES (2822);
insert into PartyMembership (pid, idno) VALUES (1, 2822);
insert into Candidacy (wkid, idno) VALUES (524, 2822);
insert into Landeslistenplatz (llid, idno, position) VALUES (3, 2822, 6);
insert into Citizen (idno, title, firstname, lastname, dateofbirth, gender) VALUES (2823, '', 'Schröder', 'Thea', '1.1.1939.', 'p');
insert into CandidatesData (idno) VALUES (2823);
insert into PartyMembership (pid, idno) VALUES (6, 2823);
insert into Landeslistenplatz (llid, idno, position) VALUES (6, 2823, 11);
insert into Citizen (idno, title, firstname, lastname, dateofbirth, gender) VALUES (2824, '', 'Schröder', 'Ulrich', '1.1.1947.', 'p');
insert into CandidatesData (idno) VALUES (2824);
insert into PartyMembership (pid, idno) VALUES (3, 2824);
insert into Candidacy (wkid, idno) VALUES (329, 2824);
insert into Citizen (idno, title, firstname, lastname, dateofbirth, gender) VALUES (2825, '', 'Schröer', 'Petra', '1.1.1960.', 'p');
insert into CandidatesData (idno) VALUES (2825);
insert into PartyMembership (pid, idno) VALUES (2, 2825);
insert into Landeslistenplatz (llid, idno, position) VALUES (1, 2825, 70);
insert into Citizen (idno, title, firstname, lastname, dateofbirth, gender) VALUES (2826, '', 'Schrutek', 'Andrea', '1.1.1963.', 'p');
insert into CandidatesData (idno) VALUES (2826);
insert into PartyMembership (pid, idno) VALUES (3, 2826);
insert into Candidacy (wkid, idno) VALUES (464, 2826);
insert into Landeslistenplatz (llid, idno, position) VALUES (2, 2826, 13);
insert into Citizen (idno, title, firstname, lastname, dateofbirth, gender) VALUES (2827, '', 'Schubert', 'Prof. Gottfried', '1.1.1931.', 'p');
insert into CandidatesData (idno) VALUES (2827);
insert into PartyMembership (pid, idno) VALUES (19, 2827);
insert into Candidacy (wkid, idno) VALUES (522, 2827);
insert into Landeslistenplatz (llid, idno, position) VALUES (18, 2827, 3);
insert into Citizen (idno, title, firstname, lastname, dateofbirth, gender) VALUES (2828, '', 'Schubert', 'Jörg Hans', '1.1.1956.', 'p');
insert into CandidatesData (idno) VALUES (2828);
insert into PartyMembership (pid, idno) VALUES (1, 2828);
insert into Candidacy (wkid, idno) VALUES (462, 2828);
insert into Citizen (idno, title, firstname, lastname, dateofbirth, gender) VALUES (2829, '', 'Schubert', 'Katina', '1.1.1961.', 'p');
insert into CandidatesData (idno) VALUES (2829);
insert into PartyMembership (pid, idno) VALUES (3, 2829);
insert into Landeslistenplatz (llid, idno, position) VALUES (2, 2829, 7);
insert into Citizen (idno, title, firstname, lastname, dateofbirth, gender) VALUES (2830, '', 'Schubeus', 'Arnd', '1.1.1967.', 'p');
insert into CandidatesData (idno) VALUES (2830);
insert into PartyMembership (pid, idno) VALUES (19, 2830);
insert into Landeslistenplatz (llid, idno, position) VALUES (18, 2830, 5);
insert into Citizen (idno, title, firstname, lastname, dateofbirth, gender) VALUES (2831, '', 'Schuchalter-Eicke', 'Gabriele', '1.1.1952.', 'p');
insert into CandidatesData (idno) VALUES (2831);
insert into PartyMembership (pid, idno) VALUES (5, 2831);
insert into Candidacy (wkid, idno) VALUES (478, 2831);
insert into Landeslistenplatz (llid, idno, position) VALUES (5, 2831, 23);
insert into Citizen (idno, title, firstname, lastname, dateofbirth, gender) VALUES (2832, '', 'Schuchmann', 'Dr. Lothar', '1.1.1940.', 'p');
insert into CandidatesData (idno) VALUES (2832);
insert into PartyMembership (pid, idno) VALUES (3, 2832);
insert into Candidacy (wkid, idno) VALUES (587, 2832);
insert into Citizen (idno, title, firstname, lastname, dateofbirth, gender) VALUES (2833, '', 'Schuder', 'Robert', '1.1.1968.', 'p');
insert into CandidatesData (idno) VALUES (2833);
insert into PartyMembership (pid, idno) VALUES (15, 2833);
insert into Landeslistenplatz (llid, idno, position) VALUES (14, 2833, 42);
insert into Citizen (idno, title, firstname, lastname, dateofbirth, gender) VALUES (2834, '', 'Schülke', 'Heiner Helmut Willi', '1.1.1950.', 'p');
insert into CandidatesData (idno) VALUES (2834);
insert into PartyMembership (pid, idno) VALUES (4, 2834);
insert into Candidacy (wkid, idno) VALUES (340, 2834);
insert into Landeslistenplatz (llid, idno, position) VALUES (4, 2834, 11);
insert into Citizen (idno, title, firstname, lastname, dateofbirth, gender) VALUES (2835, '', 'Schüllenbach-Schöne', 'Monika', '1.1.1941.', 'p');
insert into CandidatesData (idno) VALUES (2835);
insert into PartyMembership (pid, idno) VALUES (16, 2835);
insert into Landeslistenplatz (llid, idno, position) VALUES (15, 2835, 3);
insert into Citizen (idno, title, firstname, lastname, dateofbirth, gender) VALUES (2836, '', 'Schümann', 'Jörg', '1.1.1960.', 'p');
insert into CandidatesData (idno) VALUES (2836);
insert into PartyMembership (pid, idno) VALUES (5, 2836);
insert into Candidacy (wkid, idno) VALUES (531, 2836);
insert into Citizen (idno, title, firstname, lastname, dateofbirth, gender) VALUES (2837, '', 'Schünemann', 'Perdita', '1.1.1960.', 'p');
insert into CandidatesData (idno) VALUES (2837);
insert into PartyMembership (pid, idno) VALUES (6, 2837);
insert into Landeslistenplatz (llid, idno, position) VALUES (6, 2837, 4);
insert into Citizen (idno, title, firstname, lastname, dateofbirth, gender) VALUES (2838, '', 'Schüßler', 'Sigrid', '1.1.1969.', 'p');
insert into CandidatesData (idno) VALUES (2838);
insert into PartyMembership (pid, idno) VALUES (1, 2838);
insert into Landeslistenplatz (llid, idno, position) VALUES (3, 2838, 4);
insert into Citizen (idno, title, firstname, lastname, dateofbirth, gender) VALUES (2839, '', 'Schütten', 'Rainer', '1.1.1953.', 'p');
insert into CandidatesData (idno) VALUES (2839);
insert into PartyMembership (pid, idno) VALUES (2, 2839);
insert into Landeslistenplatz (llid, idno, position) VALUES (1, 2839, 73);
insert into Citizen (idno, title, firstname, lastname, dateofbirth, gender) VALUES (2840, '', 'Schütz', 'Daniel', '1.1.1931.', 'p');
insert into CandidatesData (idno) VALUES (2840);
insert into PartyMembership (pid, idno) VALUES (15, 2840);
insert into Landeslistenplatz (llid, idno, position) VALUES (14, 2840, 40);
insert into Citizen (idno, title, firstname, lastname, dateofbirth, gender) VALUES (2841, '', 'Schützinger', 'Jürgen', '1.1.1953.', 'p');
insert into CandidatesData (idno) VALUES (2841);
insert into PartyMembership (pid, idno) VALUES (1, 2841);
insert into Candidacy (wkid, idno) VALUES (585, 2841);
insert into Landeslistenplatz (llid, idno, position) VALUES (3, 2841, 1);
insert into Citizen (idno, title, firstname, lastname, dateofbirth, gender) VALUES (2842, '', 'Schützinger', 'Rudolf', '1.1.1982.', 'p');
insert into CandidatesData (idno) VALUES (2842);
insert into PartyMembership (pid, idno) VALUES (1, 2842);
insert into Candidacy (wkid, idno) VALUES (579, 2842);
insert into Landeslistenplatz (llid, idno, position) VALUES (3, 2842, 8);
insert into Citizen (idno, title, firstname, lastname, dateofbirth, gender) VALUES (2843, '', 'Schui', 'Herbert Karl', '1.1.1940.', 'p');
insert into CandidatesData (idno) VALUES (2843);
insert into PartyMembership (pid, idno) VALUES (3, 2843);
insert into Candidacy (wkid, idno) VALUES (336, 2843);
insert into Landeslistenplatz (llid, idno, position) VALUES (2, 2843, 4);
insert into Citizen (idno, title, firstname, lastname, dateofbirth, gender) VALUES (2844, '', 'Schulenburg', 'Graf von der Friedrich-Werner', '1.1.1947.', 'p');
insert into CandidatesData (idno) VALUES (2844);
insert into PartyMembership (pid, idno) VALUES (1, 2844);
insert into Candidacy (wkid, idno) VALUES (349, 2844);
insert into Citizen (idno, title, firstname, lastname, dateofbirth, gender) VALUES (2845, '', 'Schulte', 'Oliver', '1.1.1979.', 'p');
insert into CandidatesData (idno) VALUES (2845);
insert into PartyMembership (pid, idno) VALUES (9, 2845);
insert into Landeslistenplatz (llid, idno, position) VALUES (9, 2845, 38);
insert into Citizen (idno, title, firstname, lastname, dateofbirth, gender) VALUES (2846, '', 'Schulte', 'Peter', '1.1.1969.', 'p');
insert into CandidatesData (idno) VALUES (2846);
insert into PartyMembership (pid, idno) VALUES (3, 2846);
insert into Candidacy (wkid, idno) VALUES (448, 2846);
insert into Landeslistenplatz (llid, idno, position) VALUES (2, 2846, 29);
insert into Citizen (idno, title, firstname, lastname, dateofbirth, gender) VALUES (2847, '', 'Schulte-Drüggelte', 'Bernhard', '1.1.1951.', 'p');
insert into CandidatesData (idno) VALUES (2847);
insert into PartyMembership (pid, idno) VALUES (12, 2847);
insert into Candidacy (wkid, idno) VALUES (446, 2847);
insert into Landeslistenplatz (llid, idno, position) VALUES (12, 2847, 17);
insert into Citizen (idno, title, firstname, lastname, dateofbirth, gender) VALUES (2848, '', 'Schultheiß', 'Daniel', '1.1.1980.', 'p');
insert into CandidatesData (idno) VALUES (2848);
insert into PartyMembership (pid, idno) VALUES (7, 2848);
insert into Landeslistenplatz (llid, idno, position) VALUES (7, 2848, 1);
insert into Citizen (idno, title, firstname, lastname, dateofbirth, gender) VALUES (2849, '', 'Schultz', 'Frank', '1.1.1972.', 'p');
insert into CandidatesData (idno) VALUES (2849);
insert into PartyMembership (pid, idno) VALUES (7, 2849);
insert into Landeslistenplatz (llid, idno, position) VALUES (7, 2849, 4);
insert into Citizen (idno, title, firstname, lastname, dateofbirth, gender) VALUES (2850, '', 'Schultz', 'Vasco', '1.1.1976.', 'p');
insert into CandidatesData (idno) VALUES (2850);
insert into PartyMembership (pid, idno) VALUES (3, 2850);
insert into Candidacy (wkid, idno) VALUES (322, 2850);
insert into Citizen (idno, title, firstname, lastname, dateofbirth, gender) VALUES (2851, '', 'Schultz', 'Velda', '1.1.1985.', 'p');
insert into CandidatesData (idno) VALUES (2851);
insert into PartyMembership (pid, idno) VALUES (8, 2851);
insert into Landeslistenplatz (llid, idno, position) VALUES (8, 2851, 4);
insert into Citizen (idno, title, firstname, lastname, dateofbirth, gender) VALUES (2852, '', 'Schulz', 'Dr. Andreas', '1.1.1970.', 'p');
insert into CandidatesData (idno) VALUES (2852);
insert into PartyMembership (pid, idno) VALUES (5, 2852);
insert into Landeslistenplatz (llid, idno, position) VALUES (5, 2852, 12);
insert into Citizen (idno, title, firstname, lastname, dateofbirth, gender) VALUES (2853, '', 'Schulz', 'Dieter', '1.1.1969.', 'p');
insert into CandidatesData (idno) VALUES (2853);
insert into PartyMembership (pid, idno) VALUES (1, 2853);
insert into Candidacy (wkid, idno) VALUES (439, 2853);
insert into Citizen (idno, title, firstname, lastname, dateofbirth, gender) VALUES (2854, '', 'Schulz', 'Gerhard-Walter', '1.1.1950.', 'p');
insert into CandidatesData (idno) VALUES (2854);
insert into PartyMembership (pid, idno) VALUES (3, 2854);
insert into Candidacy (wkid, idno) VALUES (347, 2854);
insert into Citizen (idno, title, firstname, lastname, dateofbirth, gender) VALUES (2855, '', 'Schulz', 'Herbert Heinrich Paul', '1.1.1947.', 'p');
insert into CandidatesData (idno) VALUES (2855);
insert into PartyMembership (pid, idno) VALUES (3, 2855);
insert into Candidacy (wkid, idno) VALUES (320, 2855);
insert into Citizen (idno, title, firstname, lastname, dateofbirth, gender) VALUES (2856, '', 'Schulz', 'Dr. Horst', '1.1.1943.', 'p');
insert into CandidatesData (idno) VALUES (2856);
insert into PartyMembership (pid, idno) VALUES (25, 2856);
insert into Landeslistenplatz (llid, idno, position) VALUES (23, 2856, 7);
insert into Citizen (idno, title, firstname, lastname, dateofbirth, gender) VALUES (2857, '', 'Schulz', 'Ines Rosika', '1.1.1961.', 'p');
insert into CandidatesData (idno) VALUES (2857);
insert into PartyMembership (pid, idno) VALUES (6, 2857);
insert into Landeslistenplatz (llid, idno, position) VALUES (6, 2857, 6);
insert into Citizen (idno, title, firstname, lastname, dateofbirth, gender) VALUES (2858, '', 'Schulz', 'Jimmy', '1.1.1968.', 'p');
insert into CandidatesData (idno) VALUES (2858);
insert into PartyMembership (pid, idno) VALUES (4, 2858);
insert into Candidacy (wkid, idno) VALUES (521, 2858);
insert into Landeslistenplatz (llid, idno, position) VALUES (4, 2858, 10);
insert into Citizen (idno, title, firstname, lastname, dateofbirth, gender) VALUES (2859, '', 'Schulz', 'Katrin', '1.1.1959.', 'p');
insert into CandidatesData (idno) VALUES (2859);
insert into PartyMembership (pid, idno) VALUES (12, 2859);
insert into Landeslistenplatz (llid, idno, position) VALUES (12, 2859, 12);
insert into Citizen (idno, title, firstname, lastname, dateofbirth, gender) VALUES (2860, '', 'Schulz', 'Rico', '1.1.1978.', 'p');
insert into CandidatesData (idno) VALUES (2860);
insert into PartyMembership (pid, idno) VALUES (10, 2860);
insert into Candidacy (wkid, idno) VALUES (458, 2860);
insert into Landeslistenplatz (llid, idno, position) VALUES (10, 2860, 13);
insert into Citizen (idno, title, firstname, lastname, dateofbirth, gender) VALUES (2861, '', 'Schulz', 'Roland', '1.1.1959.', 'p');
insert into CandidatesData (idno) VALUES (2861);
insert into PartyMembership (pid, idno) VALUES (11, 2861);
insert into Landeslistenplatz (llid, idno, position) VALUES (11, 2861, 2);
insert into Citizen (idno, title, firstname, lastname, dateofbirth, gender) VALUES (2862, '', 'Schulz', 'Swen', '1.1.1968.', 'p');
insert into CandidatesData (idno) VALUES (2862);
insert into PartyMembership (pid, idno) VALUES (2, 2862);
insert into Candidacy (wkid, idno) VALUES (378, 2862);
insert into Landeslistenplatz (llid, idno, position) VALUES (1, 2862, 3);
insert into Citizen (idno, title, firstname, lastname, dateofbirth, gender) VALUES (2863, '', 'Schulze', 'Erik', '1.1.1984.', 'p');
insert into CandidatesData (idno) VALUES (2863);
insert into PartyMembership (pid, idno) VALUES (1, 2863);
insert into Landeslistenplatz (llid, idno, position) VALUES (3, 2863, 10);
insert into Citizen (idno, title, firstname, lastname, dateofbirth, gender) VALUES (2864, '', 'Schulze', 'Prof. Dr. Joachim', '1.1.1952.', 'p');
insert into CandidatesData (idno) VALUES (2864);
insert into PartyMembership (pid, idno) VALUES (5, 2864);
insert into Candidacy (wkid, idno) VALUES (457, 2864);
insert into Citizen (idno, title, firstname, lastname, dateofbirth, gender) VALUES (2865, '', 'Schulze', 'Karl-Heinz', '1.1.1955.', 'p');
insert into CandidatesData (idno) VALUES (2865);
insert into PartyMembership (pid, idno) VALUES (13, 2865);
insert into Landeslistenplatz (llid, idno, position) VALUES (13, 2865, 3);
insert into Citizen (idno, title, firstname, lastname, dateofbirth, gender) VALUES (2866, '', 'Schulze', 'Sigrid', '1.1.1966.', 'p');
insert into CandidatesData (idno) VALUES (2866);
insert into PartyMembership (pid, idno) VALUES (19, 2866);
insert into Landeslistenplatz (llid, idno, position) VALUES (18, 2866, 10);
insert into Citizen (idno, title, firstname, lastname, dateofbirth, gender) VALUES (2867, '', 'Schulze', 'Tobias', '1.1.1976.', 'p');
insert into CandidatesData (idno) VALUES (2867);
insert into PartyMembership (pid, idno) VALUES (3, 2867);
insert into Landeslistenplatz (llid, idno, position) VALUES (2, 2867, 10);
insert into Citizen (idno, title, firstname, lastname, dateofbirth, gender) VALUES (2868, '', 'Schumacher', 'Heinz', '1.1.1953.', 'p');
insert into CandidatesData (idno) VALUES (2868);
insert into Candidacy (wkid, idno) VALUES (486, 2868);
insert into Citizen (idno, title, firstname, lastname, dateofbirth, gender) VALUES (2869, '', 'Schumacher', 'Manfred', '1.1.1959.', 'p');
insert into CandidatesData (idno) VALUES (2869);
insert into PartyMembership (pid, idno) VALUES (8, 2869);
insert into Landeslistenplatz (llid, idno, position) VALUES (8, 2869, 7);
insert into Citizen (idno, title, firstname, lastname, dateofbirth, gender) VALUES (2870, '', 'Schumacher', 'Markus', '1.1.1977.', 'p');
insert into CandidatesData (idno) VALUES (2870);
insert into PartyMembership (pid, idno) VALUES (1, 2870);
insert into Candidacy (wkid, idno) VALUES (441, 2870);
insert into Citizen (idno, title, firstname, lastname, dateofbirth, gender) VALUES (2871, '', 'Schumacher', 'Ulrich', '1.1.1966.', 'p');
insert into CandidatesData (idno) VALUES (2871);
insert into PartyMembership (pid, idno) VALUES (7, 2871);
insert into Landeslistenplatz (llid, idno, position) VALUES (7, 2871, 1);
insert into Citizen (idno, title, firstname, lastname, dateofbirth, gender) VALUES (2872, '', 'Schumann', 'Dieter', '1.1.1953.', 'p');
insert into CandidatesData (idno) VALUES (2872);
insert into Candidacy (wkid, idno) VALUES (492, 2872);
insert into Citizen (idno, title, firstname, lastname, dateofbirth, gender) VALUES (2873, '', 'Schumann', 'Ingo Martin Gerhard', '1.1.1950.', 'p');
insert into CandidatesData (idno) VALUES (2873);
insert into PartyMembership (pid, idno) VALUES (13, 2873);
insert into Landeslistenplatz (llid, idno, position) VALUES (13, 2873, 6);
insert into Citizen (idno, title, firstname, lastname, dateofbirth, gender) VALUES (2874, '', 'Schumann', 'Robert', '1.1.1947.', 'p');
insert into CandidatesData (idno) VALUES (2874);
insert into PartyMembership (pid, idno) VALUES (1, 2874);
insert into Landeslistenplatz (llid, idno, position) VALUES (3, 2874, 5);
insert into Citizen (idno, title, firstname, lastname, dateofbirth, gender) VALUES (2875, '', 'Schummer', 'Uwe', '1.1.1957.', 'p');
insert into CandidatesData (idno) VALUES (2875);
insert into PartyMembership (pid, idno) VALUES (12, 2875);
insert into Candidacy (wkid, idno) VALUES (411, 2875);
insert into Landeslistenplatz (llid, idno, position) VALUES (12, 2875, 43);
insert into Citizen (idno, title, firstname, lastname, dateofbirth, gender) VALUES (2876, '', 'Schurer', 'Ewald', '1.1.1954.', 'p');
insert into CandidatesData (idno) VALUES (2876);
insert into PartyMembership (pid, idno) VALUES (2, 2876);
insert into Candidacy (wkid, idno) VALUES (513, 2876);
insert into Landeslistenplatz (llid, idno, position) VALUES (1, 2876, 9);
insert into Citizen (idno, title, firstname, lastname, dateofbirth, gender) VALUES (2877, '', 'Schurr', 'Manfred', '1.1.1966.', 'p');
insert into CandidatesData (idno) VALUES (2877);
insert into PartyMembership (pid, idno) VALUES (17, 2877);
insert into Landeslistenplatz (llid, idno, position) VALUES (16, 2877, 3);
insert into Citizen (idno, title, firstname, lastname, dateofbirth, gender) VALUES (2878, '', 'Schuster', 'Alfred', '1.1.1955.', 'p');
insert into CandidatesData (idno) VALUES (2878);
insert into PartyMembership (pid, idno) VALUES (2, 2878);
insert into Landeslistenplatz (llid, idno, position) VALUES (1, 2878, 55);
insert into Citizen (idno, title, firstname, lastname, dateofbirth, gender) VALUES (2879, '', 'Schuster', 'Armin', '1.1.1961.', 'p');
insert into CandidatesData (idno) VALUES (2879);
insert into PartyMembership (pid, idno) VALUES (12, 2879);
insert into Candidacy (wkid, idno) VALUES (581, 2879);
insert into Citizen (idno, title, firstname, lastname, dateofbirth, gender) VALUES (2880, '', 'Schuster', 'Marina', '1.1.1975.', 'p');
insert into CandidatesData (idno) VALUES (2880);
insert into PartyMembership (pid, idno) VALUES (4, 2880);
insert into Candidacy (wkid, idno) VALUES (545, 2880);
insert into Landeslistenplatz (llid, idno, position) VALUES (4, 2880, 6);
insert into Citizen (idno, title, firstname, lastname, dateofbirth, gender) VALUES (2881, '', 'Schuster', 'Peter', '1.1.1950.', 'p');
insert into CandidatesData (idno) VALUES (2881);
insert into PartyMembership (pid, idno) VALUES (15, 2881);
insert into Landeslistenplatz (llid, idno, position) VALUES (14, 2881, 39);
insert into Citizen (idno, title, firstname, lastname, dateofbirth, gender) VALUES (2882, '', 'Schuster', 'Thorsten', '1.1.1964.', 'p');
insert into CandidatesData (idno) VALUES (2882);
insert into PartyMembership (pid, idno) VALUES (1, 2882);
insert into Candidacy (wkid, idno) VALUES (320, 2882);
insert into Landeslistenplatz (llid, idno, position) VALUES (3, 2882, 5);
insert into Citizen (idno, title, firstname, lastname, dateofbirth, gender) VALUES (2883, '', 'Schwab', 'Angelika', '1.1.1959.', 'p');
insert into CandidatesData (idno) VALUES (2883);
insert into PartyMembership (pid, idno) VALUES (16, 2883);
insert into Landeslistenplatz (llid, idno, position) VALUES (15, 2883, 3);
insert into Citizen (idno, title, firstname, lastname, dateofbirth, gender) VALUES (2884, '', 'Schwabe', 'Frank', '1.1.1970.', 'p');
insert into CandidatesData (idno) VALUES (2884);
insert into PartyMembership (pid, idno) VALUES (2, 2884);
insert into Candidacy (wkid, idno) VALUES (421, 2884);
insert into Landeslistenplatz (llid, idno, position) VALUES (1, 2884, 43);
insert into Citizen (idno, title, firstname, lastname, dateofbirth, gender) VALUES (2885, '', 'Schwall-Düren', 'Dr. Angelica Klara', '1.1.1948.', 'p');
insert into CandidatesData (idno) VALUES (2885);
insert into PartyMembership (pid, idno) VALUES (2, 2885);
insert into Candidacy (wkid, idno) VALUES (427, 2885);
insert into Landeslistenplatz (llid, idno, position) VALUES (1, 2885, 2);
insert into Citizen (idno, title, firstname, lastname, dateofbirth, gender) VALUES (2886, '', 'Schwan', 'Stefan', '1.1.1969.', 'p');
insert into CandidatesData (idno) VALUES (2886);
insert into PartyMembership (pid, idno) VALUES (5, 2886);
insert into Candidacy (wkid, idno) VALUES (437, 2886);
insert into Citizen (idno, title, firstname, lastname, dateofbirth, gender) VALUES (2887, '', 'Schwanholz', 'Dr. Martin', '1.1.1960.', 'p');
insert into CandidatesData (idno) VALUES (2887);
insert into PartyMembership (pid, idno) VALUES (2, 2887);
insert into Candidacy (wkid, idno) VALUES (339, 2887);
insert into Landeslistenplatz (llid, idno, position) VALUES (1, 2887, 13);
insert into Citizen (idno, title, firstname, lastname, dateofbirth, gender) VALUES (2888, '', 'Schwanitz', 'Rolf', '1.1.1959.', 'p');
insert into CandidatesData (idno) VALUES (2888);
insert into PartyMembership (pid, idno) VALUES (2, 2888);
insert into Candidacy (wkid, idno) VALUES (466, 2888);
insert into Landeslistenplatz (llid, idno, position) VALUES (1, 2888, 3);
insert into Citizen (idno, title, firstname, lastname, dateofbirth, gender) VALUES (2889, '', 'Schwartze', 'Stefan', '1.1.1974.', 'p');
insert into CandidatesData (idno) VALUES (2889);
insert into PartyMembership (pid, idno) VALUES (2, 2889);
insert into Candidacy (wkid, idno) VALUES (433, 2889);
insert into Landeslistenplatz (llid, idno, position) VALUES (1, 2889, 28);
insert into Citizen (idno, title, firstname, lastname, dateofbirth, gender) VALUES (2890, '', 'Schwarz', 'Andreas', '1.1.1979.', 'p');
insert into CandidatesData (idno) VALUES (2890);
insert into PartyMembership (pid, idno) VALUES (5, 2890);
insert into Candidacy (wkid, idno) VALUES (561, 2890);
insert into Citizen (idno, title, firstname, lastname, dateofbirth, gender) VALUES (2891, '', 'Schwarz', 'Andreas', '1.1.1965.', 'p');
insert into CandidatesData (idno) VALUES (2891);
insert into PartyMembership (pid, idno) VALUES (2, 2891);
insert into Candidacy (wkid, idno) VALUES (535, 2891);
insert into Landeslistenplatz (llid, idno, position) VALUES (1, 2891, 29);
insert into Citizen (idno, title, firstname, lastname, dateofbirth, gender) VALUES (2892, '', 'Schwarz', 'Dr. Caroline', '1.1.1971.', 'p');
insert into CandidatesData (idno) VALUES (2892);
insert into PartyMembership (pid, idno) VALUES (15, 2892);
insert into Candidacy (wkid, idno) VALUES (518, 2892);
insert into Landeslistenplatz (llid, idno, position) VALUES (14, 2892, 3);
insert into Citizen (idno, title, firstname, lastname, dateofbirth, gender) VALUES (2893, '', 'Schwarz', 'Dr. Christian', '1.1.1974.', 'p');
insert into CandidatesData (idno) VALUES (2893);
insert into PartyMembership (pid, idno) VALUES (9, 2893);
insert into Landeslistenplatz (llid, idno, position) VALUES (9, 2893, 52);
insert into Citizen (idno, title, firstname, lastname, dateofbirth, gender) VALUES (2894, '', 'Schwarz', 'Jan', '1.1.1982.', 'p');
insert into CandidatesData (idno) VALUES (2894);
insert into PartyMembership (pid, idno) VALUES (2, 2894);
insert into Landeslistenplatz (llid, idno, position) VALUES (1, 2894, 47);
insert into Citizen (idno, title, firstname, lastname, dateofbirth, gender) VALUES (2895, '', 'Schwarz', 'Maria Viktoria', '1.1.1943.', 'p');
insert into CandidatesData (idno) VALUES (2895);
insert into PartyMembership (pid, idno) VALUES (27, 2895);
insert into Landeslistenplatz (llid, idno, position) VALUES (26, 2895, 7);
insert into Citizen (idno, title, firstname, lastname, dateofbirth, gender) VALUES (2896, '', 'Schwarz', 'Michael', '1.1.1984.', 'p');
insert into CandidatesData (idno) VALUES (2896);
insert into PartyMembership (pid, idno) VALUES (12, 2896);
insert into Landeslistenplatz (llid, idno, position) VALUES (12, 2896, 30);
insert into Citizen (idno, title, firstname, lastname, dateofbirth, gender) VALUES (2897, '', 'Schwarz', 'Ulrich', '1.1.1941.', 'p');
insert into CandidatesData (idno) VALUES (2897);
insert into PartyMembership (pid, idno) VALUES (1, 2897);
insert into Candidacy (wkid, idno) VALUES (558, 2897);
insert into Citizen (idno, title, firstname, lastname, dateofbirth, gender) VALUES (2898, '', 'Schwarzelühr-Sutter', 'Rita', '1.1.1962.', 'p');
insert into CandidatesData (idno) VALUES (2898);
insert into PartyMembership (pid, idno) VALUES (2, 2898);
insert into Candidacy (wkid, idno) VALUES (587, 2898);
insert into Landeslistenplatz (llid, idno, position) VALUES (1, 2898, 16);
insert into Citizen (idno, title, firstname, lastname, dateofbirth, gender) VALUES (2899, '', 'Schwarzenberg', 'Peter Paul Alfons', '1.1.1949.', 'p');
insert into CandidatesData (idno) VALUES (2899);
insert into PartyMembership (pid, idno) VALUES (19, 2899);
insert into Landeslistenplatz (llid, idno, position) VALUES (18, 2899, 5);
insert into Citizen (idno, title, firstname, lastname, dateofbirth, gender) VALUES (2900, '', 'Schwarzer', 'Frank', '1.1.1974.', 'p');
insert into CandidatesData (idno) VALUES (2900);
insert into PartyMembership (pid, idno) VALUES (3, 2900);
insert into Candidacy (wkid, idno) VALUES (432, 2900);
insert into Citizen (idno, title, firstname, lastname, dateofbirth, gender) VALUES (2901, '', 'Schweer', 'Daniel', '1.1.1982.', 'p');
insert into CandidatesData (idno) VALUES (2901);
insert into PartyMembership (pid, idno) VALUES (2, 2901);
insert into Landeslistenplatz (llid, idno, position) VALUES (1, 2901, 57);
insert into Citizen (idno, title, firstname, lastname, dateofbirth, gender) VALUES (2902, '', 'Schweickert', 'Dr. Erik', '1.1.1972.', 'p');
insert into CandidatesData (idno) VALUES (2902);
insert into PartyMembership (pid, idno) VALUES (4, 2902);
insert into Candidacy (wkid, idno) VALUES (578, 2902);
insert into Landeslistenplatz (llid, idno, position) VALUES (4, 2902, 10);
insert into Citizen (idno, title, firstname, lastname, dateofbirth, gender) VALUES (2903, '', 'Schweiger', 'Dr. Hermann', '1.1.1954.', 'p');
insert into CandidatesData (idno) VALUES (2903);
insert into PartyMembership (pid, idno) VALUES (8, 2903);
insert into Candidacy (wkid, idno) VALUES (540, 2903);
insert into Landeslistenplatz (llid, idno, position) VALUES (8, 2903, 4);
insert into Citizen (idno, title, firstname, lastname, dateofbirth, gender) VALUES (2904, '', 'Schweitzer', 'Angelika Elisabeth Christine', '1.1.1949.', 'p');
insert into CandidatesData (idno) VALUES (2904);
insert into PartyMembership (pid, idno) VALUES (13, 2904);
insert into Landeslistenplatz (llid, idno, position) VALUES (13, 2904, 28);
insert into Citizen (idno, title, firstname, lastname, dateofbirth, gender) VALUES (2905, '', 'Schweitzer', 'Gottfried', '1.1.1946.', 'p');
insert into CandidatesData (idno) VALUES (2905);
insert into PartyMembership (pid, idno) VALUES (13, 2905);
insert into Candidacy (wkid, idno) VALUES (394, 2905);
insert into Citizen (idno, title, firstname, lastname, dateofbirth, gender) VALUES (2906, '', 'Schwenke', 'Felix', '1.1.1979.', 'p');
insert into CandidatesData (idno) VALUES (2906);
insert into PartyMembership (pid, idno) VALUES (2, 2906);
insert into Landeslistenplatz (llid, idno, position) VALUES (1, 2906, 31);
insert into Citizen (idno, title, firstname, lastname, dateofbirth, gender) VALUES (2907, '', 'Schwerdt', 'Frank', '1.1.1944.', 'p');
insert into CandidatesData (idno) VALUES (2907);
insert into PartyMembership (pid, idno) VALUES (1, 2907);
insert into Candidacy (wkid, idno) VALUES (492, 2907);
insert into Citizen (idno, title, firstname, lastname, dateofbirth, gender) VALUES (2908, '', 'Schwiderke', 'Joachim', '1.1.1961.', 'p');
insert into CandidatesData (idno) VALUES (2908);
insert into PartyMembership (pid, idno) VALUES (2, 2908);
insert into Candidacy (wkid, idno) VALUES (488, 2908);
insert into Landeslistenplatz (llid, idno, position) VALUES (1, 2908, 8);
insert into Citizen (idno, title, firstname, lastname, dateofbirth, gender) VALUES (2909, '', 'Schwimmbeck', 'Heinrich', '1.1.1957.', 'p');
insert into CandidatesData (idno) VALUES (2909);
insert into PartyMembership (pid, idno) VALUES (3, 2909);
insert into Candidacy (wkid, idno) VALUES (535, 2909);
insert into Citizen (idno, title, firstname, lastname, dateofbirth, gender) VALUES (2910, '', 'Schwülbe', 'Enrico', '1.1.1973.', 'p');
insert into CandidatesData (idno) VALUES (2910);
insert into PartyMembership (pid, idno) VALUES (3, 2910);
insert into Candidacy (wkid, idno) VALUES (344, 2910);
insert into Citizen (idno, title, firstname, lastname, dateofbirth, gender) VALUES (2911, '', 'Seebens', 'Clemens Johann', '1.1.1955.', 'p');
insert into CandidatesData (idno) VALUES (2911);
insert into PartyMembership (pid, idno) VALUES (17, 2911);
insert into Landeslistenplatz (llid, idno, position) VALUES (16, 2911, 2);
insert into Citizen (idno, title, firstname, lastname, dateofbirth, gender) VALUES (2912, '', 'Seeger', 'Hans-Joachim', '1.1.1943.', 'p');
insert into CandidatesData (idno) VALUES (2912);
insert into PartyMembership (pid, idno) VALUES (3, 2912);
insert into Landeslistenplatz (llid, idno, position) VALUES (2, 2912, 21);
insert into Citizen (idno, title, firstname, lastname, dateofbirth, gender) VALUES (2913, '', 'Seehausen', 'Valentin', '1.1.1990.', 'p');
insert into CandidatesData (idno) VALUES (2913);
insert into PartyMembership (pid, idno) VALUES (5, 2913);
insert into Candidacy (wkid, idno) VALUES (301, 2913);
insert into Citizen (idno, title, firstname, lastname, dateofbirth, gender) VALUES (2914, '', 'Seel', 'Manfred', '1.1.1954.', 'p');
insert into CandidatesData (idno) VALUES (2914);
insert into PartyMembership (pid, idno) VALUES (3, 2914);
insert into Candidacy (wkid, idno) VALUES (553, 2914);
insert into Citizen (idno, title, firstname, lastname, dateofbirth, gender) VALUES (2915, '', 'Seelmann', 'Peter', '1.1.1952.', 'p');
insert into CandidatesData (idno) VALUES (2915);
insert into PartyMembership (pid, idno) VALUES (12, 2915);
insert into Landeslistenplatz (llid, idno, position) VALUES (12, 2915, 24);
insert into Citizen (idno, title, firstname, lastname, dateofbirth, gender) VALUES (2916, '', 'Seemann', 'Harry', '1.1.1955.', 'p');
insert into CandidatesData (idno) VALUES (2916);
insert into Candidacy (wkid, idno) VALUES (429, 2916);
insert into Citizen (idno, title, firstname, lastname, dateofbirth, gender) VALUES (2917, '', 'Seemann', 'Wolfgand Josef Emil', '1.1.1950.', 'p');
insert into CandidatesData (idno) VALUES (2917);
insert into PartyMembership (pid, idno) VALUES (8, 2917);
insert into Landeslistenplatz (llid, idno, position) VALUES (8, 2917, 7);
insert into Citizen (idno, title, firstname, lastname, dateofbirth, gender) VALUES (2918, '', 'Seemann-Katz', 'Ulrike', '1.1.1955.', 'p');
insert into CandidatesData (idno) VALUES (2918);
insert into PartyMembership (pid, idno) VALUES (5, 2918);
insert into Candidacy (wkid, idno) VALUES (311, 2918);
insert into Landeslistenplatz (llid, idno, position) VALUES (5, 2918, 7);
insert into Citizen (idno, title, firstname, lastname, dateofbirth, gender) VALUES (2919, '', 'Seestern-Pauly', 'Matthias', '1.1.1984.', 'p');
insert into CandidatesData (idno) VALUES (2919);
insert into PartyMembership (pid, idno) VALUES (4, 2919);
insert into Candidacy (wkid, idno) VALUES (338, 2919);
insert into Landeslistenplatz (llid, idno, position) VALUES (4, 2919, 13);
insert into Citizen (idno, title, firstname, lastname, dateofbirth, gender) VALUES (2920, '', 'Segerath', 'Norbert', '1.1.1948.', 'p');
insert into CandidatesData (idno) VALUES (2920);
insert into PartyMembership (pid, idno) VALUES (3, 2920);
insert into Candidacy (wkid, idno) VALUES (413, 2920);
insert into Citizen (idno, title, firstname, lastname, dateofbirth, gender) VALUES (2921, '', 'Seibel', 'Daniela', '1.1.1969.', 'p');
insert into CandidatesData (idno) VALUES (2921);
insert into PartyMembership (pid, idno) VALUES (16, 2921);
insert into Landeslistenplatz (llid, idno, position) VALUES (15, 2921, 5);
insert into Citizen (idno, title, firstname, lastname, dateofbirth, gender) VALUES (2922, '', 'Seidel', 'Dietrich', '1.1.1936.', 'p');
insert into CandidatesData (idno) VALUES (2922);
insert into PartyMembership (pid, idno) VALUES (1, 2922);
insert into Candidacy (wkid, idno) VALUES (333, 2922);
insert into Citizen (idno, title, firstname, lastname, dateofbirth, gender) VALUES (2923, '', 'Seidel', 'Horst Gerhard', '1.1.1940.', 'p');
insert into CandidatesData (idno) VALUES (2923);
insert into PartyMembership (pid, idno) VALUES (14, 2923);
insert into Landeslistenplatz (llid, idno, position) VALUES (21, 2923, 2);
insert into Citizen (idno, title, firstname, lastname, dateofbirth, gender) VALUES (2924, '', 'Seidel', 'Wolfgang', '1.1.1969.', 'p');
insert into CandidatesData (idno) VALUES (2924);
insert into PartyMembership (pid, idno) VALUES (3, 2924);
insert into Candidacy (wkid, idno) VALUES (521, 2924);
insert into Citizen (idno, title, firstname, lastname, dateofbirth, gender) VALUES (2925, '', 'Seidemann', 'Lothar', '1.1.1950.', 'p');
insert into CandidatesData (idno) VALUES (2925);
insert into PartyMembership (pid, idno) VALUES (19, 2925);
insert into Candidacy (wkid, idno) VALUES (579, 2925);
insert into Landeslistenplatz (llid, idno, position) VALUES (18, 2925, 11);
insert into Citizen (idno, title, firstname, lastname, dateofbirth, gender) VALUES (2926, '', 'Seiderer', 'Dr. Hermann', '1.1.1941.', 'p');
insert into CandidatesData (idno) VALUES (2926);
insert into PartyMembership (pid, idno) VALUES (15, 2926);
insert into Landeslistenplatz (llid, idno, position) VALUES (14, 2926, 41);
insert into Citizen (idno, title, firstname, lastname, dateofbirth, gender) VALUES (2927, '', 'Seidl', 'Daniela', '1.1.1979.', 'p');
insert into CandidatesData (idno) VALUES (2927);
insert into PartyMembership (pid, idno) VALUES (4, 2927);
insert into Candidacy (wkid, idno) VALUES (515, 2927);
insert into Landeslistenplatz (llid, idno, position) VALUES (4, 2927, 29);
insert into Citizen (idno, title, firstname, lastname, dateofbirth, gender) VALUES (2928, '', 'Seif', 'Detlef', '1.1.1962.', 'p');
insert into CandidatesData (idno) VALUES (2928);
insert into PartyMembership (pid, idno) VALUES (12, 2928);
insert into Candidacy (wkid, idno) VALUES (392, 2928);
insert into Landeslistenplatz (llid, idno, position) VALUES (12, 2928, 50);
insert into Citizen (idno, title, firstname, lastname, dateofbirth, gender) VALUES (2929, '', 'Seifert', 'Berthold', '1.1.1964.', 'p');
insert into CandidatesData (idno) VALUES (2929);
insert into PartyMembership (pid, idno) VALUES (19, 2929);
insert into Landeslistenplatz (llid, idno, position) VALUES (18, 2929, 2);
insert into Citizen (idno, title, firstname, lastname, dateofbirth, gender) VALUES (2930, '', 'Seifert', 'Dr. Ilja', '1.1.1951.', 'p');
insert into CandidatesData (idno) VALUES (2930);
insert into PartyMembership (pid, idno) VALUES (3, 2930);
insert into Candidacy (wkid, idno) VALUES (457, 2930);
insert into Landeslistenplatz (llid, idno, position) VALUES (2, 2930, 4);
insert into Citizen (idno, title, firstname, lastname, dateofbirth, gender) VALUES (2931, '', 'Seiler', 'Till', '1.1.1981.', 'p');
insert into CandidatesData (idno) VALUES (2931);
insert into PartyMembership (pid, idno) VALUES (5, 2931);
insert into Candidacy (wkid, idno) VALUES (586, 2931);
insert into Landeslistenplatz (llid, idno, position) VALUES (5, 2931, 16);
insert into Citizen (idno, title, firstname, lastname, dateofbirth, gender) VALUES (2932, '', 'Seitz', 'Andreas', '1.1.1967.', 'p');
insert into CandidatesData (idno) VALUES (2932);
insert into PartyMembership (pid, idno) VALUES (8, 2932);
insert into Candidacy (wkid, idno) VALUES (528, 2932);
insert into Landeslistenplatz (llid, idno, position) VALUES (8, 2932, 34);
insert into Citizen (idno, title, firstname, lastname, dateofbirth, gender) VALUES (2933, '', 'Selg', 'Petra', '1.1.1961.', 'p');
insert into CandidatesData (idno) VALUES (2933);
insert into PartyMembership (pid, idno) VALUES (5, 2933);
insert into Candidacy (wkid, idno) VALUES (592, 2933);
insert into Citizen (idno, title, firstname, lastname, dateofbirth, gender) VALUES (2934, '', 'Selke-Witzel', 'Jürgen', '1.1.1967.', 'p');
insert into CandidatesData (idno) VALUES (2934);
insert into PartyMembership (pid, idno) VALUES (5, 2934);
insert into Candidacy (wkid, idno) VALUES (349, 2934);
insert into Citizen (idno, title, firstname, lastname, dateofbirth, gender) VALUES (2935, '', 'Selle', 'Johannes', '1.1.1956.', 'p');
insert into CandidatesData (idno) VALUES (2935);
insert into PartyMembership (pid, idno) VALUES (12, 2935);
insert into Candidacy (wkid, idno) VALUES (490, 2935);
insert into Landeslistenplatz (llid, idno, position) VALUES (12, 2935, 9);
insert into Citizen (idno, title, firstname, lastname, dateofbirth, gender) VALUES (2936, '', 'Selzener', 'Markus', '1.1.1964.', 'p');
insert into CandidatesData (idno) VALUES (2936);
insert into PartyMembership (pid, idno) VALUES (4, 2936);
insert into Candidacy (wkid, idno) VALUES (440, 2936);
insert into Landeslistenplatz (llid, idno, position) VALUES (4, 2936, 57);
insert into Citizen (idno, title, firstname, lastname, dateofbirth, gender) VALUES (2937, '', 'Sendker', 'Reinhold', '1.1.1952.', 'p');
insert into CandidatesData (idno) VALUES (2937);
insert into PartyMembership (pid, idno) VALUES (12, 2937);
insert into Candidacy (wkid, idno) VALUES (430, 2937);
insert into Citizen (idno, title, firstname, lastname, dateofbirth, gender) VALUES (2938, '', 'Senftleben', 'Mieke', '1.1.1952.', 'p');
insert into CandidatesData (idno) VALUES (2938);
insert into PartyMembership (pid, idno) VALUES (4, 2938);
insert into Candidacy (wkid, idno) VALUES (377, 2938);
insert into Citizen (idno, title, firstname, lastname, dateofbirth, gender) VALUES (2939, '', 'Senger-Schäfer', 'Kathrin', '1.1.1962.', 'p');
insert into CandidatesData (idno) VALUES (2939);
insert into PartyMembership (pid, idno) VALUES (3, 2939);
insert into Candidacy (wkid, idno) VALUES (507, 2939);
insert into Landeslistenplatz (llid, idno, position) VALUES (2, 2939, 2);
insert into Citizen (idno, title, firstname, lastname, dateofbirth, gender) VALUES (2940, '', 'Sengül', 'Alisan', '1.1.1969.', 'p');
insert into CandidatesData (idno) VALUES (2940);
insert into PartyMembership (pid, idno) VALUES (3, 2940);
insert into Candidacy (wkid, idno) VALUES (445, 2940);
insert into Citizen (idno, title, firstname, lastname, dateofbirth, gender) VALUES (2941, '', 'Sensburg', 'Dr. Patrick', '1.1.1971.', 'p');
insert into CandidatesData (idno) VALUES (2941);
insert into PartyMembership (pid, idno) VALUES (12, 2941);
insert into Candidacy (wkid, idno) VALUES (447, 2941);
insert into Citizen (idno, title, firstname, lastname, dateofbirth, gender) VALUES (2942, '', 'Serway', 'Wolfgang', '1.1.1948.', 'p');
insert into CandidatesData (idno) VALUES (2942);
insert into PartyMembership (pid, idno) VALUES (13, 2942);
insert into Landeslistenplatz (llid, idno, position) VALUES (13, 2942, 11);
insert into Citizen (idno, title, firstname, lastname, dateofbirth, gender) VALUES (2943, '', 'Sharma', 'Raju', '1.1.1964.', 'p');
insert into CandidatesData (idno) VALUES (2943);
insert into PartyMembership (pid, idno) VALUES (3, 2943);
insert into Landeslistenplatz (llid, idno, position) VALUES (2, 2943, 2);
insert into Citizen (idno, title, firstname, lastname, dateofbirth, gender) VALUES (2944, '', 'Siade', 'Waltraud', '1.1.1959.', 'p');
insert into CandidatesData (idno) VALUES (2944);
insert into Candidacy (wkid, idno) VALUES (525, 2944);
insert into Citizen (idno, title, firstname, lastname, dateofbirth, gender) VALUES (2945, '', 'Sieber', 'Thomas', '1.1.1989.', 'p');
insert into CandidatesData (idno) VALUES (2945);
insert into PartyMembership (pid, idno) VALUES (15, 2945);
insert into Landeslistenplatz (llid, idno, position) VALUES (14, 2945, 43);
insert into Citizen (idno, title, firstname, lastname, dateofbirth, gender) VALUES (2946, '', 'Siebert', 'Bernd', '1.1.1949.', 'p');
insert into CandidatesData (idno) VALUES (2946);
insert into PartyMembership (pid, idno) VALUES (12, 2946);
insert into Candidacy (wkid, idno) VALUES (470, 2946);
insert into Landeslistenplatz (llid, idno, position) VALUES (12, 2946, 4);
insert into Citizen (idno, title, firstname, lastname, dateofbirth, gender) VALUES (2947, '', 'Siegel', 'Hendrik Gerd', '1.1.1977.', 'p');
insert into CandidatesData (idno) VALUES (2947);
insert into PartyMembership (pid, idno) VALUES (4, 2947);
insert into Candidacy (wkid, idno) VALUES (308, 2947);
insert into Landeslistenplatz (llid, idno, position) VALUES (4, 2947, 8);
insert into Citizen (idno, title, firstname, lastname, dateofbirth, gender) VALUES (2948, '', 'Siegert', 'Christine', '1.1.1955.', 'p');
insert into CandidatesData (idno) VALUES (2948);
insert into PartyMembership (pid, idno) VALUES (12, 2948);
insert into Landeslistenplatz (llid, idno, position) VALUES (12, 2948, 11);
insert into Citizen (idno, title, firstname, lastname, dateofbirth, gender) VALUES (2949, '', 'Siegert', 'Harry', '1.1.1947.', 'p');
insert into CandidatesData (idno) VALUES (2949);
insert into PartyMembership (pid, idno) VALUES (3, 2949);
insert into Candidacy (wkid, idno) VALUES (487, 2949);
insert into Citizen (idno, title, firstname, lastname, dateofbirth, gender) VALUES (2950, '', 'Sieghart', 'Udo', '1.1.1957.', 'p');
insert into CandidatesData (idno) VALUES (2950);
insert into PartyMembership (pid, idno) VALUES (1, 2950);
insert into Candidacy (wkid, idno) VALUES (546, 2950);
insert into Citizen (idno, title, firstname, lastname, dateofbirth, gender) VALUES (2951, '', 'Siegmund', 'Andreas', '1.1.1960.', 'p');
insert into CandidatesData (idno) VALUES (2951);
insert into Candidacy (wkid, idno) VALUES (366, 2951);
insert into Citizen (idno, title, firstname, lastname, dateofbirth, gender) VALUES (2952, '', 'Siekiera', 'Iris Ursula Elisabeth', '1.1.1956.', 'p');
insert into CandidatesData (idno) VALUES (2952);
insert into PartyMembership (pid, idno) VALUES (2, 2952);
insert into Landeslistenplatz (llid, idno, position) VALUES (1, 2952, 31);
insert into Citizen (idno, title, firstname, lastname, dateofbirth, gender) VALUES (2953, '', 'Sieling', 'Dr. Carsten Günter Erich', '1.1.1959.', 'p');
insert into CandidatesData (idno) VALUES (2953);
insert into PartyMembership (pid, idno) VALUES (2, 2953);
insert into Candidacy (wkid, idno) VALUES (354, 2953);
insert into Landeslistenplatz (llid, idno, position) VALUES (1, 2953, 3);
insert into Citizen (idno, title, firstname, lastname, dateofbirth, gender) VALUES (2954, '', 'Siemen', 'Melanie', '1.1.1974.', 'p');
insert into CandidatesData (idno) VALUES (2954);
insert into PartyMembership (pid, idno) VALUES (12, 2954);
insert into Landeslistenplatz (llid, idno, position) VALUES (12, 2954, 25);
insert into Citizen (idno, title, firstname, lastname, dateofbirth, gender) VALUES (2955, '', 'Siemsen', 'Sabine', '1.1.1965.', 'p');
insert into CandidatesData (idno) VALUES (2955);
insert into PartyMembership (pid, idno) VALUES (3, 2955);
insert into Landeslistenplatz (llid, idno, position) VALUES (2, 2955, 21);
insert into Citizen (idno, title, firstname, lastname, dateofbirth, gender) VALUES (2956, '', 'Siethoff', 'Michael', '1.1.1970.', 'p');
insert into CandidatesData (idno) VALUES (2956);
insert into PartyMembership (pid, idno) VALUES (16, 2956);
insert into Candidacy (wkid, idno) VALUES (450, 2956);
insert into Landeslistenplatz (llid, idno, position) VALUES (15, 2956, 2);
insert into Citizen (idno, title, firstname, lastname, dateofbirth, gender) VALUES (2957, '', 'Sievers', 'Gudrun', '1.1.1961.', 'p');
insert into CandidatesData (idno) VALUES (2957);
insert into PartyMembership (pid, idno) VALUES (8, 2957);
insert into Landeslistenplatz (llid, idno, position) VALUES (8, 2957, 3);
insert into Citizen (idno, title, firstname, lastname, dateofbirth, gender) VALUES (2958, '', 'Siewert', 'Wolfgang', '1.1.1942.', 'p');
insert into CandidatesData (idno) VALUES (2958);
insert into PartyMembership (pid, idno) VALUES (5, 2958);
insert into Candidacy (wkid, idno) VALUES (371, 2958);
insert into Citizen (idno, title, firstname, lastname, dateofbirth, gender) VALUES (2959, '', 'Sikora', 'Kosima', '1.1.1957.', 'p');
insert into CandidatesData (idno) VALUES (2959);
insert into PartyMembership (pid, idno) VALUES (22, 2959);
insert into Landeslistenplatz (llid, idno, position) VALUES (22, 2959, 2);
insert into Citizen (idno, title, firstname, lastname, dateofbirth, gender) VALUES (2960, '', 'Silberhorn', 'Thomas', '1.1.1968.', 'p');
insert into CandidatesData (idno) VALUES (2960);
insert into PartyMembership (pid, idno) VALUES (9, 2960);
insert into Candidacy (wkid, idno) VALUES (535, 2960);
insert into Citizen (idno, title, firstname, lastname, dateofbirth, gender) VALUES (2961, '', 'Simm', 'Herbert', '1.1.1954.', 'p');
insert into CandidatesData (idno) VALUES (2961);
insert into PartyMembership (pid, idno) VALUES (12, 2961);
insert into Landeslistenplatz (llid, idno, position) VALUES (12, 2961, 16);
insert into Citizen (idno, title, firstname, lastname, dateofbirth, gender) VALUES (2962, '', 'Simmermann', 'Martin', '1.1.1967.', 'p');
insert into CandidatesData (idno) VALUES (2962);
insert into PartyMembership (pid, idno) VALUES (3, 2962);
insert into Landeslistenplatz (llid, idno, position) VALUES (2, 2962, 6);
insert into Citizen (idno, title, firstname, lastname, dateofbirth, gender) VALUES (2963, '', 'Simmling', 'Werner', '1.1.1944.', 'p');
insert into CandidatesData (idno) VALUES (2963);
insert into PartyMembership (pid, idno) VALUES (4, 2963);
insert into Candidacy (wkid, idno) VALUES (562, 2963);
insert into Landeslistenplatz (llid, idno, position) VALUES (4, 2963, 14);
insert into Citizen (idno, title, firstname, lastname, dateofbirth, gender) VALUES (2964, '', 'Singhammer', 'Johannes', '1.1.1953.', 'p');
insert into CandidatesData (idno) VALUES (2964);
insert into PartyMembership (pid, idno) VALUES (9, 2964);
insert into Candidacy (wkid, idno) VALUES (517, 2964);
insert into Landeslistenplatz (llid, idno, position) VALUES (9, 2964, 8);
insert into Citizen (idno, title, firstname, lastname, dateofbirth, gender) VALUES (2965, '', 'Singler', 'Eugenia', '1.1.1958.', 'p');
insert into CandidatesData (idno) VALUES (2965);
insert into PartyMembership (pid, idno) VALUES (12, 2965);
insert into Landeslistenplatz (llid, idno, position) VALUES (12, 2965, 46);
insert into Citizen (idno, title, firstname, lastname, dateofbirth, gender) VALUES (2966, '', 'Sitte', 'Christopher', '1.1.1973.', 'p');
insert into CandidatesData (idno) VALUES (2966);
insert into PartyMembership (pid, idno) VALUES (4, 2966);
insert into Landeslistenplatz (llid, idno, position) VALUES (4, 2966, 20);
insert into Citizen (idno, title, firstname, lastname, dateofbirth, gender) VALUES (2967, '', 'Sitte', 'Dr. Petra', '1.1.1960.', 'p');
insert into CandidatesData (idno) VALUES (2967);
insert into PartyMembership (pid, idno) VALUES (3, 2967);
insert into Candidacy (wkid, idno) VALUES (372, 2967);
insert into Landeslistenplatz (llid, idno, position) VALUES (2, 2967, 1);
insert into Citizen (idno, title, firstname, lastname, dateofbirth, gender) VALUES (2968, '', 'Skudelny', 'Judith', '1.1.1975.', 'p');
insert into CandidatesData (idno) VALUES (2968);
insert into PartyMembership (pid, idno) VALUES (4, 2968);
insert into Candidacy (wkid, idno) VALUES (561, 2968);
insert into Landeslistenplatz (llid, idno, position) VALUES (4, 2968, 12);
insert into Citizen (idno, title, firstname, lastname, dateofbirth, gender) VALUES (2969, '', 'Slaugh', 'Hannelore', '1.1.1949.', 'p');
insert into CandidatesData (idno) VALUES (2969);
insert into PartyMembership (pid, idno) VALUES (16, 2969);
insert into Landeslistenplatz (llid, idno, position) VALUES (15, 2969, 9);
insert into Citizen (idno, title, firstname, lastname, dateofbirth, gender) VALUES (2970, '', 'Slave', 'Günter Paul', '1.1.1955.', 'p');
insert into CandidatesData (idno) VALUES (2970);
insert into PartyMembership (pid, idno) VALUES (13, 2970);
insert into Candidacy (wkid, idno) VALUES (460, 2970);
insert into Landeslistenplatz (llid, idno, position) VALUES (13, 2970, 1);
insert into Citizen (idno, title, firstname, lastname, dateofbirth, gender) VALUES (2971, '', 'Snelinski', 'Oliver', '1.1.1980.', 'p');
insert into CandidatesData (idno) VALUES (2971);
insert into Candidacy (wkid, idno) VALUES (386, 2971);
insert into Citizen (idno, title, firstname, lastname, dateofbirth, gender) VALUES (2972, '', 'Söllner', 'Karl', '1.1.1956.', 'p');
insert into CandidatesData (idno) VALUES (2972);
insert into PartyMembership (pid, idno) VALUES (2, 2972);
insert into Candidacy (wkid, idno) VALUES (532, 2972);
insert into Landeslistenplatz (llid, idno, position) VALUES (1, 2972, 37);
insert into Citizen (idno, title, firstname, lastname, dateofbirth, gender) VALUES (2973, '', 'Sokolowski', 'Peter', '1.1.1964.', 'p');
insert into CandidatesData (idno) VALUES (2973);
insert into PartyMembership (pid, idno) VALUES (5, 2973);
insert into Candidacy (wkid, idno) VALUES (326, 2973);
insert into Citizen (idno, title, firstname, lastname, dateofbirth, gender) VALUES (2974, '', 'Solms-Hohensolms-Lich Prinz zu', 'Dr. Hermann Otto', '1.1.1940.', 'p');
insert into CandidatesData (idno) VALUES (2974);
insert into PartyMembership (pid, idno) VALUES (4, 2974);
insert into Candidacy (wkid, idno) VALUES (473, 2974);
insert into Landeslistenplatz (llid, idno, position) VALUES (4, 2974, 2);
insert into Citizen (idno, title, firstname, lastname, dateofbirth, gender) VALUES (2975, '', 'Sommer', 'Lothar', '1.1.1954.', 'p');
insert into CandidatesData (idno) VALUES (2975);
insert into Candidacy (wkid, idno) VALUES (360, 2975);
insert into Citizen (idno, title, firstname, lastname, dateofbirth, gender) VALUES (2976, '', 'Sommer', 'Volker Christoph', '1.1.1944.', 'p');
insert into CandidatesData (idno) VALUES (2976);
insert into PartyMembership (pid, idno) VALUES (8, 2976);
insert into Landeslistenplatz (llid, idno, position) VALUES (8, 2976, 11);
insert into Citizen (idno, title, firstname, lastname, dateofbirth, gender) VALUES (2977, '', 'Sommerau', 'Bernd', '1.1.1954.', 'p');
insert into CandidatesData (idno) VALUES (2977);
insert into Candidacy (wkid, idno) VALUES (359, 2977);
insert into Citizen (idno, title, firstname, lastname, dateofbirth, gender) VALUES (2978, '', 'Sommermeyer', 'Elke', '1.1.1954.', 'p');
insert into CandidatesData (idno) VALUES (2978);
insert into PartyMembership (pid, idno) VALUES (4, 2978);
insert into Landeslistenplatz (llid, idno, position) VALUES (4, 2978, 22);
insert into Citizen (idno, title, firstname, lastname, dateofbirth, gender) VALUES (2979, '', 'Sonnenberg-Westeson', 'Christoph', '1.1.1969.', 'p');
insert into CandidatesData (idno) VALUES (2979);
insert into PartyMembership (pid, idno) VALUES (5, 2979);
insert into Candidacy (wkid, idno) VALUES (378, 2979);
insert into Citizen (idno, title, firstname, lastname, dateofbirth, gender) VALUES (2980, '', 'Sonner', 'Sebastian', '1.1.1953.', 'p');
insert into CandidatesData (idno) VALUES (2980);
insert into PartyMembership (pid, idno) VALUES (8, 2980);
insert into Landeslistenplatz (llid, idno, position) VALUES (8, 2980, 9);
insert into Citizen (idno, title, firstname, lastname, dateofbirth, gender) VALUES (2981, '', 'Sossna', 'Sina', '1.1.1990.', 'p');
insert into CandidatesData (idno) VALUES (2981);
insert into PartyMembership (pid, idno) VALUES (4, 2981);
insert into Landeslistenplatz (llid, idno, position) VALUES (4, 2981, 44);
insert into Citizen (idno, title, firstname, lastname, dateofbirth, gender) VALUES (2982, '', 'Späth', 'Alois', '1.1.1937.', 'p');
insert into CandidatesData (idno) VALUES (2982);
insert into Candidacy (wkid, idno) VALUES (533, 2982);
insert into Citizen (idno, title, firstname, lastname, dateofbirth, gender) VALUES (2983, '', 'Spahn', 'Jens', '1.1.1980.', 'p');
insert into CandidatesData (idno) VALUES (2983);
insert into PartyMembership (pid, idno) VALUES (12, 2983);
insert into Candidacy (wkid, idno) VALUES (424, 2983);
insert into Citizen (idno, title, firstname, lastname, dateofbirth, gender) VALUES (2984, '', 'Spangenberg', 'Dr. Günther', '1.1.1935.', 'p');
insert into CandidatesData (idno) VALUES (2984);
insert into PartyMembership (pid, idno) VALUES (25, 2984);
insert into Landeslistenplatz (llid, idno, position) VALUES (23, 2984, 3);
insert into Citizen (idno, title, firstname, lastname, dateofbirth, gender) VALUES (2985, '', 'Spatz', 'Joachim', '1.1.1964.', 'p');
insert into CandidatesData (idno) VALUES (2985);
insert into PartyMembership (pid, idno) VALUES (4, 2985);
insert into Candidacy (wkid, idno) VALUES (550, 2985);
insert into Landeslistenplatz (llid, idno, position) VALUES (4, 2985, 8);
insert into Citizen (idno, title, firstname, lastname, dateofbirth, gender) VALUES (2986, '', 'Spauke', 'Heiko', '1.1.1979.', 'p');
insert into CandidatesData (idno) VALUES (2986);
insert into PartyMembership (pid, idno) VALUES (19, 2986);
insert into Landeslistenplatz (llid, idno, position) VALUES (18, 2986, 4);
insert into Citizen (idno, title, firstname, lastname, dateofbirth, gender) VALUES (2987, '', 'Specht', 'Tobias', '1.1.1977.', 'p');
insert into CandidatesData (idno) VALUES (2987);
insert into PartyMembership (pid, idno) VALUES (5, 2987);
insert into Candidacy (wkid, idno) VALUES (556, 2987);
insert into Citizen (idno, title, firstname, lastname, dateofbirth, gender) VALUES (2988, '', 'Spehr', 'Dr. Christoph Marcel', '1.1.1963.', 'p');
insert into CandidatesData (idno) VALUES (2988);
insert into PartyMembership (pid, idno) VALUES (3, 2988);
insert into Landeslistenplatz (llid, idno, position) VALUES (2, 2988, 8);
insert into Citizen (idno, title, firstname, lastname, dateofbirth, gender) VALUES (2989, '', 'Speicher', 'Albert', '1.1.1951.', 'p');
insert into CandidatesData (idno) VALUES (2989);
insert into PartyMembership (pid, idno) VALUES (3, 2989);
insert into Landeslistenplatz (llid, idno, position) VALUES (2, 2989, 5);
insert into Citizen (idno, title, firstname, lastname, dateofbirth, gender) VALUES (2990, '', 'Spethmann-Berssenbrügge', 'Viviane', '1.1.1967.', 'p');
insert into CandidatesData (idno) VALUES (2990);
insert into PartyMembership (pid, idno) VALUES (12, 2990);
insert into Landeslistenplatz (llid, idno, position) VALUES (12, 2990, 7);
insert into Citizen (idno, title, firstname, lastname, dateofbirth, gender) VALUES (2991, '', 'Spiering', 'Rainer', '1.1.1956.', 'p');
insert into CandidatesData (idno) VALUES (2991);
insert into PartyMembership (pid, idno) VALUES (2, 2991);
insert into Candidacy (wkid, idno) VALUES (338, 2991);
insert into Landeslistenplatz (llid, idno, position) VALUES (1, 2991, 26);
insert into Citizen (idno, title, firstname, lastname, dateofbirth, gender) VALUES (2992, '', 'Spieß', 'Richard', '1.1.1959.', 'p');
insert into CandidatesData (idno) VALUES (2992);
insert into PartyMembership (pid, idno) VALUES (3, 2992);
insert into Candidacy (wkid, idno) VALUES (532, 2992);
insert into Landeslistenplatz (llid, idno, position) VALUES (2, 2992, 8);
insert into Citizen (idno, title, firstname, lastname, dateofbirth, gender) VALUES (2993, '', 'Spieth', 'Frank', '1.1.1947.', 'p');
insert into CandidatesData (idno) VALUES (2993);
insert into PartyMembership (pid, idno) VALUES (3, 2993);
insert into Candidacy (wkid, idno) VALUES (492, 2993);
insert into Citizen (idno, title, firstname, lastname, dateofbirth, gender) VALUES (2994, '', 'Spieth', 'Hans', '1.1.1943.', 'p');
insert into CandidatesData (idno) VALUES (2994);
insert into PartyMembership (pid, idno) VALUES (23, 2994);
insert into Landeslistenplatz (llid, idno, position) VALUES (24, 2994, 4);
insert into Citizen (idno, title, firstname, lastname, dateofbirth, gender) VALUES (2995, '', 'Spinner', 'Anita', '1.1.1964.', 'p');
insert into CandidatesData (idno) VALUES (2995);
insert into PartyMembership (pid, idno) VALUES (8, 2995);
insert into Candidacy (wkid, idno) VALUES (575, 2995);
insert into Citizen (idno, title, firstname, lastname, dateofbirth, gender) VALUES (2996, '', 'Spinrath', 'Norbert', '1.1.1957.', 'p');
insert into CandidatesData (idno) VALUES (2996);
insert into PartyMembership (pid, idno) VALUES (2, 2996);
insert into Candidacy (wkid, idno) VALUES (389, 2996);
insert into Landeslistenplatz (llid, idno, position) VALUES (1, 2996, 58);
insert into Citizen (idno, title, firstname, lastname, dateofbirth, gender) VALUES (2997, '', 'Spitz', 'Rolf', '1.1.1960.', 'p');
insert into CandidatesData (idno) VALUES (2997);
insert into PartyMembership (pid, idno) VALUES (2, 2997);
insert into Candidacy (wkid, idno) VALUES (556, 2997);
insert into Landeslistenplatz (llid, idno, position) VALUES (1, 2997, 23);
insert into Citizen (idno, title, firstname, lastname, dateofbirth, gender) VALUES (2998, '', 'Spitz', 'Wolfgang', '1.1.1960.', 'p');
insert into CandidatesData (idno) VALUES (2998);
insert into PartyMembership (pid, idno) VALUES (12, 2998);
insert into Landeslistenplatz (llid, idno, position) VALUES (12, 2998, 28);
insert into Citizen (idno, title, firstname, lastname, dateofbirth, gender) VALUES (2999, '', 'Spönlein', 'Lars', '1.1.1972.', 'p');
insert into CandidatesData (idno) VALUES (2999);
insert into PartyMembership (pid, idno) VALUES (1, 2999);
insert into Landeslistenplatz (llid, idno, position) VALUES (3, 2999, 7);
insert into Citizen (idno, title, firstname, lastname, dateofbirth, gender) VALUES (3000, '', 'Spöri', 'Uta', '1.1.1955.', 'p');
insert into CandidatesData (idno) VALUES (3000);
insert into PartyMembership (pid, idno) VALUES (3, 3000);
insert into Candidacy (wkid, idno) VALUES (580, 3000);
insert into Landeslistenplatz (llid, idno, position) VALUES (2, 3000, 9);
insert into Citizen (idno, title, firstname, lastname, dateofbirth, gender) VALUES (3001, '', 'Sporer', 'Ernst', '1.1.1950.', 'p');
insert into CandidatesData (idno) VALUES (3001);
insert into PartyMembership (pid, idno) VALUES (5, 3001);
insert into Candidacy (wkid, idno) VALUES (474, 3001);
insert into Citizen (idno, title, firstname, lastname, dateofbirth, gender) VALUES (3002, '', 'Sprodowski', 'Heinz-Günter', '1.1.1930.', 'p');
insert into CandidatesData (idno) VALUES (3002);
insert into PartyMembership (pid, idno) VALUES (20, 3002);
insert into Landeslistenplatz (llid, idno, position) VALUES (19, 3002, 10);
insert into Citizen (idno, title, firstname, lastname, dateofbirth, gender) VALUES (3003, '', 'Stadie', 'Matthias', '1.1.1976.', 'p');
insert into CandidatesData (idno) VALUES (3003);
insert into PartyMembership (pid, idno) VALUES (19, 3003);
insert into Landeslistenplatz (llid, idno, position) VALUES (18, 3003, 3);
insert into Citizen (idno, title, firstname, lastname, dateofbirth, gender) VALUES (3004, '', 'Stadler', 'Dr. Maximilian', '1.1.1949.', 'p');
insert into CandidatesData (idno) VALUES (3004);
insert into PartyMembership (pid, idno) VALUES (4, 3004);
insert into Candidacy (wkid, idno) VALUES (528, 3004);
insert into Landeslistenplatz (llid, idno, position) VALUES (4, 3004, 2);
insert into Citizen (idno, title, firstname, lastname, dateofbirth, gender) VALUES (3005, '', 'Stäbler', 'Maren', '1.1.1983.', 'p');
insert into CandidatesData (idno) VALUES (3005);
insert into PartyMembership (pid, idno) VALUES (12, 3005);
insert into Landeslistenplatz (llid, idno, position) VALUES (12, 3005, 60);
insert into Citizen (idno, title, firstname, lastname, dateofbirth, gender) VALUES (3006, '', 'Staffeldt', 'Torsten Heiko', '1.1.1963.', 'p');
insert into CandidatesData (idno) VALUES (3006);
insert into PartyMembership (pid, idno) VALUES (4, 3006);
insert into Candidacy (wkid, idno) VALUES (354, 3006);
insert into Landeslistenplatz (llid, idno, position) VALUES (4, 3006, 1);
insert into Citizen (idno, title, firstname, lastname, dateofbirth, gender) VALUES (3007, '', 'Stahl', 'Christian', '1.1.1975.', 'p');
insert into CandidatesData (idno) VALUES (3007);
insert into PartyMembership (pid, idno) VALUES (12, 3007);
insert into Landeslistenplatz (llid, idno, position) VALUES (12, 3007, 30);
insert into Citizen (idno, title, firstname, lastname, dateofbirth, gender) VALUES (3008, '', 'Staib', 'Rainer', '1.1.1969.', 'p');
insert into CandidatesData (idno) VALUES (3008);
insert into PartyMembership (pid, idno) VALUES (12, 3008);
insert into Landeslistenplatz (llid, idno, position) VALUES (12, 3008, 48);
insert into Citizen (idno, title, firstname, lastname, dateofbirth, gender) VALUES (3009, '', 'Stalleicher', 'Josef', '1.1.1950.', 'p');
insert into CandidatesData (idno) VALUES (3009);
insert into PartyMembership (pid, idno) VALUES (10, 3009);
insert into Landeslistenplatz (llid, idno, position) VALUES (10, 3009, 9);
insert into Citizen (idno, title, firstname, lastname, dateofbirth, gender) VALUES (3010, '', 'Stalleicken', 'Martina', '1.1.1979.', 'p');
insert into CandidatesData (idno) VALUES (3010);
insert into PartyMembership (pid, idno) VALUES (13, 3010);
insert into Landeslistenplatz (llid, idno, position) VALUES (13, 3010, 11);
insert into Citizen (idno, title, firstname, lastname, dateofbirth, gender) VALUES (3011, '', 'Stamm', 'Markus', '1.1.1970.', 'p');
insert into CandidatesData (idno) VALUES (3011);
insert into PartyMembership (pid, idno) VALUES (8, 3011);
insert into Landeslistenplatz (llid, idno, position) VALUES (8, 3011, 8);
insert into Citizen (idno, title, firstname, lastname, dateofbirth, gender) VALUES (3012, '', 'Stamm', 'Thomas', '1.1.1968.', 'p');
insert into CandidatesData (idno) VALUES (3012);
insert into PartyMembership (pid, idno) VALUES (3, 3012);
insert into Landeslistenplatz (llid, idno, position) VALUES (2, 3012, 14);
insert into Citizen (idno, title, firstname, lastname, dateofbirth, gender) VALUES (3013, '', 'Stamm-Fibich', 'Martina', '1.1.1965.', 'p');
insert into CandidatesData (idno) VALUES (3013);
insert into PartyMembership (pid, idno) VALUES (2, 3013);
insert into Candidacy (wkid, idno) VALUES (541, 3013);
insert into Landeslistenplatz (llid, idno, position) VALUES (1, 3013, 38);
insert into Citizen (idno, title, firstname, lastname, dateofbirth, gender) VALUES (3014, '', 'Stanglmaier', 'Dr. Michael', '1.1.1963.', 'p');
insert into CandidatesData (idno) VALUES (3014);
insert into PartyMembership (pid, idno) VALUES (5, 3014);
insert into Candidacy (wkid, idno) VALUES (514, 3014);
insert into Citizen (idno, title, firstname, lastname, dateofbirth, gender) VALUES (3015, '', 'Stapel', 'Eduard', '1.1.1953.', 'p');
insert into CandidatesData (idno) VALUES (3015);
insert into PartyMembership (pid, idno) VALUES (5, 3015);
insert into Candidacy (wkid, idno) VALUES (366, 3015);
insert into Citizen (idno, title, firstname, lastname, dateofbirth, gender) VALUES (3016, '', 'Staratschek', 'Felix Johannes', '1.1.1966.', 'p');
insert into CandidatesData (idno) VALUES (3016);
insert into PartyMembership (pid, idno) VALUES (8, 3016);
insert into Candidacy (wkid, idno) VALUES (399, 3016);
insert into Landeslistenplatz (llid, idno, position) VALUES (8, 3016, 9);
insert into Citizen (idno, title, firstname, lastname, dateofbirth, gender) VALUES (3017, '', 'Stark-Watzinger', 'Bettina', '1.1.1968.', 'p');
insert into CandidatesData (idno) VALUES (3017);
insert into PartyMembership (pid, idno) VALUES (4, 3017);
insert into Candidacy (wkid, idno) VALUES (480, 3017);
insert into Landeslistenplatz (llid, idno, position) VALUES (4, 3017, 9);
insert into Citizen (idno, title, firstname, lastname, dateofbirth, gender) VALUES (3018, '', 'Staszewski', 'Alina', '1.1.1986.', 'p');
insert into CandidatesData (idno) VALUES (3018);
insert into PartyMembership (pid, idno) VALUES (19, 3018);
insert into Landeslistenplatz (llid, idno, position) VALUES (18, 3018, 10);
insert into Citizen (idno, title, firstname, lastname, dateofbirth, gender) VALUES (3019, '', 'Stauch', 'Detlev', '1.1.1953.', 'p');
insert into CandidatesData (idno) VALUES (3019);
insert into PartyMembership (pid, idno) VALUES (19, 3019);
insert into Landeslistenplatz (llid, idno, position) VALUES (18, 3019, 2);
insert into Citizen (idno, title, firstname, lastname, dateofbirth, gender) VALUES (3020, '', 'Stauche', 'Carola', '1.1.1952.', 'p');
insert into CandidatesData (idno) VALUES (3020);
insert into PartyMembership (pid, idno) VALUES (12, 3020);
insert into Candidacy (wkid, idno) VALUES (495, 3020);
insert into Landeslistenplatz (llid, idno, position) VALUES (12, 3020, 6);
insert into Citizen (idno, title, firstname, lastname, dateofbirth, gender) VALUES (3021, '', 'Staudenhöchtl', 'Peter', '1.1.1955.', 'p');
insert into CandidatesData (idno) VALUES (3021);
insert into PartyMembership (pid, idno) VALUES (19, 3021);
insert into Landeslistenplatz (llid, idno, position) VALUES (18, 3021, 12);
insert into Citizen (idno, title, firstname, lastname, dateofbirth, gender) VALUES (3022, '', 'Staudt', 'Alfred', '1.1.1958.', 'p');
insert into CandidatesData (idno) VALUES (3022);
insert into PartyMembership (pid, idno) VALUES (2, 3022);
insert into Landeslistenplatz (llid, idno, position) VALUES (1, 3022, 6);
insert into Citizen (idno, title, firstname, lastname, dateofbirth, gender) VALUES (3023, '', 'Stauffer', 'Horst', '1.1.1934.', 'p');
insert into CandidatesData (idno) VALUES (3023);
insert into PartyMembership (pid, idno) VALUES (8, 3023);
insert into Landeslistenplatz (llid, idno, position) VALUES (8, 3023, 13);
insert into Citizen (idno, title, firstname, lastname, dateofbirth, gender) VALUES (3024, '', 'Stawitz', 'Ingo', '1.1.1950.', 'p');
insert into CandidatesData (idno) VALUES (3024);
insert into PartyMembership (pid, idno) VALUES (1, 3024);
insert into Candidacy (wkid, idno) VALUES (306, 3024);
insert into Landeslistenplatz (llid, idno, position) VALUES (3, 3024, 4);
insert into Citizen (idno, title, firstname, lastname, dateofbirth, gender) VALUES (3025, '', 'Steck', 'Britta', '1.1.1965.', 'p');
insert into CandidatesData (idno) VALUES (3025);
insert into PartyMembership (pid, idno) VALUES (5, 3025);
insert into Candidacy (wkid, idno) VALUES (500, 3025);
insert into Landeslistenplatz (llid, idno, position) VALUES (5, 3025, 7);
insert into Citizen (idno, title, firstname, lastname, dateofbirth, gender) VALUES (3026, '', 'Stefanutti-Bscheidl', 'Anna-Elisabeth', '1.1.1955.', 'p');
insert into CandidatesData (idno) VALUES (3026);
insert into PartyMembership (pid, idno) VALUES (15, 3026);
insert into Candidacy (wkid, idno) VALUES (524, 3026);
insert into Citizen (idno, title, firstname, lastname, dateofbirth, gender) VALUES (3027, '', 'Steffel', 'Dr. Frank', '1.1.1966.', 'p');
insert into CandidatesData (idno) VALUES (3027);
insert into PartyMembership (pid, idno) VALUES (12, 3027);
insert into Candidacy (wkid, idno) VALUES (377, 3027);
insert into Landeslistenplatz (llid, idno, position) VALUES (12, 3027, 4);
insert into Citizen (idno, title, firstname, lastname, dateofbirth, gender) VALUES (3028, '', 'Steffen', 'Sonja Amalie', '1.1.1963.', 'p');
insert into CandidatesData (idno) VALUES (3028);
insert into PartyMembership (pid, idno) VALUES (2, 3028);
insert into Candidacy (wkid, idno) VALUES (314, 3028);
insert into Landeslistenplatz (llid, idno, position) VALUES (1, 3028, 2);
insert into Citizen (idno, title, firstname, lastname, dateofbirth, gender) VALUES (3029, '', 'Steidle', 'Manfred', '1.1.1958.', 'p');
insert into CandidatesData (idno) VALUES (3029);
insert into PartyMembership (pid, idno) VALUES (3, 3029);
insert into Candidacy (wkid, idno) VALUES (568, 3029);
insert into Citizen (idno, title, firstname, lastname, dateofbirth, gender) VALUES (3030, '', 'Steiger', 'Günther', '1.1.1958.', 'p');
insert into CandidatesData (idno) VALUES (3030);
insert into PartyMembership (pid, idno) VALUES (15, 3030);
insert into Landeslistenplatz (llid, idno, position) VALUES (14, 3030, 44);
insert into Citizen (idno, title, firstname, lastname, dateofbirth, gender) VALUES (3031, '', 'Steigert', 'Marco Klaus Willy', '1.1.1974.', 'p');
insert into CandidatesData (idno) VALUES (3031);
insert into PartyMembership (pid, idno) VALUES (19, 3031);
insert into Candidacy (wkid, idno) VALUES (507, 3031);
insert into Landeslistenplatz (llid, idno, position) VALUES (18, 3031, 4);
insert into Citizen (idno, title, firstname, lastname, dateofbirth, gender) VALUES (3032, '', 'Stein', 'Dr. Dieter', '1.1.1957.', 'p');
insert into CandidatesData (idno) VALUES (3032);
insert into PartyMembership (pid, idno) VALUES (13, 3032);
insert into Landeslistenplatz (llid, idno, position) VALUES (13, 3032, 6);
insert into Citizen (idno, title, firstname, lastname, dateofbirth, gender) VALUES (3033, '', 'Stein', 'Horst-Peter', '1.1.1960.', 'p');
insert into CandidatesData (idno) VALUES (3033);
insert into PartyMembership (pid, idno) VALUES (4, 3033);
insert into Candidacy (wkid, idno) VALUES (358, 3033);
insert into Citizen (idno, title, firstname, lastname, dateofbirth, gender) VALUES (3034, '', 'Stein', 'Kevin', '1.1.1984.', 'p');
insert into CandidatesData (idno) VALUES (3034);
insert into PartyMembership (pid, idno) VALUES (1, 3034);
insert into Candidacy (wkid, idno) VALUES (300, 3034);
insert into Citizen (idno, title, firstname, lastname, dateofbirth, gender) VALUES (3035, '', 'Stein', 'Peter', '1.1.1968.', 'p');
insert into CandidatesData (idno) VALUES (3035);
insert into PartyMembership (pid, idno) VALUES (12, 3035);
insert into Candidacy (wkid, idno) VALUES (313, 3035);
insert into Landeslistenplatz (llid, idno, position) VALUES (12, 3035, 7);
insert into Citizen (idno, title, firstname, lastname, dateofbirth, gender) VALUES (3036, '', 'Stein', 'Uli', '1.1.1957.', 'p');
insert into CandidatesData (idno) VALUES (3036);
insert into PartyMembership (pid, idno) VALUES (8, 3036);
insert into Landeslistenplatz (llid, idno, position) VALUES (8, 3036, 10);
insert into Citizen (idno, title, firstname, lastname, dateofbirth, gender) VALUES (3037, '', 'Steinbach', 'Erika', '1.1.1943.', 'p');
insert into CandidatesData (idno) VALUES (3037);
insert into PartyMembership (pid, idno) VALUES (12, 3037);
insert into Candidacy (wkid, idno) VALUES (482, 3037);
insert into Landeslistenplatz (llid, idno, position) VALUES (12, 3037, 3);
insert into Citizen (idno, title, firstname, lastname, dateofbirth, gender) VALUES (3038, '', 'Steinberg', 'Wilfried', '1.1.1940.', 'p');
insert into CandidatesData (idno) VALUES (3038);
insert into PartyMembership (pid, idno) VALUES (19, 3038);
insert into Landeslistenplatz (llid, idno, position) VALUES (18, 3038, 1);
insert into Citizen (idno, title, firstname, lastname, dateofbirth, gender) VALUES (3039, '', 'Steinbiß', 'Holger', '1.1.1971.', 'p');
insert into CandidatesData (idno) VALUES (3039);
insert into PartyMembership (pid, idno) VALUES (1, 3039);
insert into Candidacy (wkid, idno) VALUES (444, 3039);
insert into Citizen (idno, title, firstname, lastname, dateofbirth, gender) VALUES (3040, '', 'Steinbrück', 'Peer', '1.1.1947.', 'p');
insert into CandidatesData (idno) VALUES (3040);
insert into PartyMembership (pid, idno) VALUES (2, 3040);
insert into Candidacy (wkid, idno) VALUES (404, 3040);
insert into Landeslistenplatz (llid, idno, position) VALUES (1, 3040, 3);
insert into Citizen (idno, title, firstname, lastname, dateofbirth, gender) VALUES (3041, '', 'Steinecke', 'Dieter', '1.1.1954.', 'p');
insert into CandidatesData (idno) VALUES (3041);
insert into PartyMembership (pid, idno) VALUES (2, 3041);
insert into Candidacy (wkid, idno) VALUES (331, 3041);
insert into Landeslistenplatz (llid, idno, position) VALUES (1, 3041, 20);
insert into Citizen (idno, title, firstname, lastname, dateofbirth, gender) VALUES (3042, '', 'Steiner', 'Dorothea', '1.1.1948.', 'p');
insert into CandidatesData (idno) VALUES (3042);
insert into PartyMembership (pid, idno) VALUES (5, 3042);
insert into Candidacy (wkid, idno) VALUES (339, 3042);
insert into Landeslistenplatz (llid, idno, position) VALUES (5, 3042, 3);
insert into Citizen (idno, title, firstname, lastname, dateofbirth, gender) VALUES (3043, '', 'Steinheuer', 'Christina Theresa', '1.1.1979.', 'p');
insert into CandidatesData (idno) VALUES (3043);
insert into PartyMembership (pid, idno) VALUES (4, 3043);
insert into Candidacy (wkid, idno) VALUES (498, 3043);
insert into Landeslistenplatz (llid, idno, position) VALUES (4, 3043, 13);
insert into Citizen (idno, title, firstname, lastname, dateofbirth, gender) VALUES (3044, '', 'Steinke', 'Lilli', '1.1.1941.', 'p');
insert into CandidatesData (idno) VALUES (3044);
insert into PartyMembership (pid, idno) VALUES (20, 3044);
insert into Landeslistenplatz (llid, idno, position) VALUES (19, 3044, 9);
insert into Citizen (idno, title, firstname, lastname, dateofbirth, gender) VALUES (3045, '', 'Steinle', 'Frank-Thomas', '1.1.1962.', 'p');
insert into CandidatesData (idno) VALUES (3045);
insert into PartyMembership (pid, idno) VALUES (6, 3045);
insert into Landeslistenplatz (llid, idno, position) VALUES (6, 3045, 14);
insert into Citizen (idno, title, firstname, lastname, dateofbirth, gender) VALUES (3046, '', 'Steinleitner', 'Alfred', '1.1.1960.', 'p');
insert into CandidatesData (idno) VALUES (3046);
insert into PartyMembership (pid, idno) VALUES (1, 3046);
insert into Candidacy (wkid, idno) VALUES (526, 3046);
insert into Citizen (idno, title, firstname, lastname, dateofbirth, gender) VALUES (3047, '', 'Steinmeier', 'Dr. Frank-Walter', '1.1.1956.', 'p');
insert into CandidatesData (idno) VALUES (3047);
insert into PartyMembership (pid, idno) VALUES (2, 3047);
insert into Candidacy (wkid, idno) VALUES (360, 3047);
insert into Landeslistenplatz (llid, idno, position) VALUES (1, 3047, 1);
insert into Citizen (idno, title, firstname, lastname, dateofbirth, gender) VALUES (3048, '', 'Steinmeyer', 'Sven', '1.1.1973.', 'p');
insert into CandidatesData (idno) VALUES (3048);
insert into Candidacy (wkid, idno) VALUES (519, 3048);
insert into Citizen (idno, title, firstname, lastname, dateofbirth, gender) VALUES (3049, '', 'Steinwender', 'Tom', '1.1.1978.', 'p');
insert into CandidatesData (idno) VALUES (3049);
insert into PartyMembership (pid, idno) VALUES (5, 3049);
insert into Landeslistenplatz (llid, idno, position) VALUES (5, 3049, 12);
insert into Citizen (idno, title, firstname, lastname, dateofbirth, gender) VALUES (3050, '', 'Stengel', 'Frank Alfred', '1.1.1969.', 'p');
insert into CandidatesData (idno) VALUES (3050);
insert into PartyMembership (pid, idno) VALUES (24, 3050);
insert into Candidacy (wkid, idno) VALUES (556, 3050);
insert into Citizen (idno, title, firstname, lastname, dateofbirth, gender) VALUES (3051, '', 'Stenglein', 'Claus', '1.1.1957.', 'p');
insert into CandidatesData (idno) VALUES (3051);
insert into PartyMembership (pid, idno) VALUES (2, 3051);
insert into Candidacy (wkid, idno) VALUES (539, 3051);
insert into Landeslistenplatz (llid, idno, position) VALUES (1, 3051, 39);
insert into Citizen (idno, title, firstname, lastname, dateofbirth, gender) VALUES (3052, '', 'Stephan', 'Margitta Gisela', '1.1.1964.', 'p');
insert into CandidatesData (idno) VALUES (3052);
insert into Candidacy (wkid, idno) VALUES (556, 3052);
insert into Citizen (idno, title, firstname, lastname, dateofbirth, gender) VALUES (3053, '', 'Stephany', 'André', '1.1.1989.', 'p');
insert into CandidatesData (idno) VALUES (3053);
insert into PartyMembership (pid, idno) VALUES (12, 3053);
insert into Landeslistenplatz (llid, idno, position) VALUES (12, 3053, 51);
insert into Citizen (idno, title, firstname, lastname, dateofbirth, gender) VALUES (3054, '', 'Steppuhn', 'Andreas', '1.1.1962.', 'p');
insert into CandidatesData (idno) VALUES (3054);
insert into PartyMembership (pid, idno) VALUES (2, 3054);
insert into Candidacy (wkid, idno) VALUES (368, 3054);
insert into Landeslistenplatz (llid, idno, position) VALUES (1, 3054, 6);
insert into Citizen (idno, title, firstname, lastname, dateofbirth, gender) VALUES (3055, '', 'Sterk', 'Stephan Peter', '1.1.1965.', 'p');
insert into CandidatesData (idno) VALUES (3055);
insert into PartyMembership (pid, idno) VALUES (6, 3055);
insert into Landeslistenplatz (llid, idno, position) VALUES (6, 3055, 9);
insert into Citizen (idno, title, firstname, lastname, dateofbirth, gender) VALUES (3056, '', 'Stetten von', 'Christian Alexander', '1.1.1970.', 'p');
insert into CandidatesData (idno) VALUES (3056);
insert into PartyMembership (pid, idno) VALUES (12, 3056);
insert into Candidacy (wkid, idno) VALUES (567, 3056);
insert into Citizen (idno, title, firstname, lastname, dateofbirth, gender) VALUES (3057, '', 'Steup', 'Christian', '1.1.1978.', 'p');
insert into CandidatesData (idno) VALUES (3057);
insert into PartyMembership (pid, idno) VALUES (1, 3057);
insert into Candidacy (wkid, idno) VALUES (383, 3057);
insert into Landeslistenplatz (llid, idno, position) VALUES (3, 3057, 3);
insert into Citizen (idno, title, firstname, lastname, dateofbirth, gender) VALUES (3058, '', 'Stiefel', 'Hendrik', '1.1.1983.', 'p');
insert into CandidatesData (idno) VALUES (3058);
insert into PartyMembership (pid, idno) VALUES (7, 3058);
insert into Landeslistenplatz (llid, idno, position) VALUES (7, 3058, 6);
insert into Citizen (idno, title, firstname, lastname, dateofbirth, gender) VALUES (3059, '', 'Stier', 'Dieter', '1.1.1964.', 'p');
insert into CandidatesData (idno) VALUES (3059);
insert into PartyMembership (pid, idno) VALUES (12, 3059);
insert into Candidacy (wkid, idno) VALUES (373, 3059);
insert into Landeslistenplatz (llid, idno, position) VALUES (12, 3059, 7);
insert into Citizen (idno, title, firstname, lastname, dateofbirth, gender) VALUES (3060, '', 'Stier', 'Franziska', '1.1.1984.', 'p');
insert into CandidatesData (idno) VALUES (3060);
insert into PartyMembership (pid, idno) VALUES (3, 3060);
insert into Candidacy (wkid, idno) VALUES (586, 3060);
insert into Landeslistenplatz (llid, idno, position) VALUES (2, 3060, 11);
insert into Citizen (idno, title, firstname, lastname, dateofbirth, gender) VALUES (3061, '', 'Stierlin', 'Frank Joachim', '1.1.1950.', 'p');
insert into CandidatesData (idno) VALUES (3061);
insert into PartyMembership (pid, idno) VALUES (13, 3061);
insert into Landeslistenplatz (llid, idno, position) VALUES (13, 3061, 25);
insert into Citizen (idno, title, firstname, lastname, dateofbirth, gender) VALUES (3062, '', 'Stiewe', 'Hauke', '1.1.1971.', 'p');
insert into CandidatesData (idno) VALUES (3062);
insert into Candidacy (wkid, idno) VALUES (383, 3062);
insert into Citizen (idno, title, firstname, lastname, dateofbirth, gender) VALUES (3063, '', 'Stiffel', 'Sebastian', '1.1.1984.', 'p');
insert into CandidatesData (idno) VALUES (3063);
insert into PartyMembership (pid, idno) VALUES (7, 3063);
insert into Landeslistenplatz (llid, idno, position) VALUES (7, 3063, 1);
insert into Citizen (idno, title, firstname, lastname, dateofbirth, gender) VALUES (3064, '', 'Stinner', 'Dr. Rainer', '1.1.1947.', 'p');
insert into CandidatesData (idno) VALUES (3064);
insert into PartyMembership (pid, idno) VALUES (4, 3064);
insert into Candidacy (wkid, idno) VALUES (518, 3064);
insert into Landeslistenplatz (llid, idno, position) VALUES (4, 3064, 3);
insert into Citizen (idno, title, firstname, lastname, dateofbirth, gender) VALUES (3065, '', 'Stockert', 'Madeleine', '1.1.1947.', 'p');
insert into CandidatesData (idno) VALUES (3065);
insert into PartyMembership (pid, idno) VALUES (13, 3065);
insert into Candidacy (wkid, idno) VALUES (507, 3065);
insert into Landeslistenplatz (llid, idno, position) VALUES (13, 3065, 1);
insert into Citizen (idno, title, firstname, lastname, dateofbirth, gender) VALUES (3066, '', 'Stockhausen von', 'Hans-Achim', '1.1.1945.', 'p');
insert into CandidatesData (idno) VALUES (3066);
insert into PartyMembership (pid, idno) VALUES (4, 3066);
insert into Candidacy (wkid, idno) VALUES (432, 3066);
insert into Landeslistenplatz (llid, idno, position) VALUES (4, 3066, 53);
insert into Citizen (idno, title, firstname, lastname, dateofbirth, gender) VALUES (3067, '', 'Stockschläger', 'Hans Joachim', '1.1.1959.', 'p');
insert into CandidatesData (idno) VALUES (3067);
insert into PartyMembership (pid, idno) VALUES (4, 3067);
insert into Candidacy (wkid, idno) VALUES (409, 3067);
insert into Landeslistenplatz (llid, idno, position) VALUES (4, 3067, 26);
insert into Citizen (idno, title, firstname, lastname, dateofbirth, gender) VALUES (3068, '', 'Stodt-Kirchholtes', 'Christiane', '1.1.1962.', 'p');
insert into CandidatesData (idno) VALUES (3068);
insert into PartyMembership (pid, idno) VALUES (5, 3068);
insert into Landeslistenplatz (llid, idno, position) VALUES (5, 3068, 7);
insert into Citizen (idno, title, firstname, lastname, dateofbirth, gender) VALUES (3069, '', 'Stöber', 'Sebastian', '1.1.1977.', 'p');
insert into CandidatesData (idno) VALUES (3069);
insert into PartyMembership (pid, idno) VALUES (1, 3069);
insert into Candidacy (wkid, idno) VALUES (336, 3069);
insert into Citizen (idno, title, firstname, lastname, dateofbirth, gender) VALUES (3070, '', 'Stöckel', 'Daniel', '1.1.1979.', 'p');
insert into CandidatesData (idno) VALUES (3070);
insert into PartyMembership (pid, idno) VALUES (8, 3070);
insert into Landeslistenplatz (llid, idno, position) VALUES (8, 3070, 8);
insert into Citizen (idno, title, firstname, lastname, dateofbirth, gender) VALUES (3071, '', 'Stöckel', 'Volker', '1.1.1966.', 'p');
insert into CandidatesData (idno) VALUES (3071);
insert into Candidacy (wkid, idno) VALUES (339, 3071);
insert into Citizen (idno, title, firstname, lastname, dateofbirth, gender) VALUES (3072, '', 'Stoll', 'Matthias', '1.1.1965.', 'p');
insert into CandidatesData (idno) VALUES (3072);
insert into PartyMembership (pid, idno) VALUES (7, 3072);
insert into Landeslistenplatz (llid, idno, position) VALUES (7, 3072, 4);
insert into Citizen (idno, title, firstname, lastname, dateofbirth, gender) VALUES (3073, '', 'Stoltenberg', 'Peter', '1.1.1949.', 'p');
insert into CandidatesData (idno) VALUES (3073);
insert into PartyMembership (pid, idno) VALUES (5, 3073);
insert into Candidacy (wkid, idno) VALUES (307, 3073);
insert into Citizen (idno, title, firstname, lastname, dateofbirth, gender) VALUES (3074, '', 'Stompfe', 'Phillip', '1.1.1984.', 'p');
insert into CandidatesData (idno) VALUES (3074);
insert into PartyMembership (pid, idno) VALUES (12, 3074);
insert into Landeslistenplatz (llid, idno, position) VALUES (12, 3074, 35);
insert into Citizen (idno, title, firstname, lastname, dateofbirth, gender) VALUES (3075, '', 'Storjohann', 'Gero', '1.1.1958.', 'p');
insert into CandidatesData (idno) VALUES (3075);
insert into PartyMembership (pid, idno) VALUES (12, 3075);
insert into Candidacy (wkid, idno) VALUES (307, 3075);
insert into Landeslistenplatz (llid, idno, position) VALUES (12, 3075, 5);
insert into Citizen (idno, title, firstname, lastname, dateofbirth, gender) VALUES (3076, '', 'Storm', 'Andreas', '1.1.1964.', 'p');
insert into CandidatesData (idno) VALUES (3076);
insert into PartyMembership (pid, idno) VALUES (12, 3076);
insert into Candidacy (wkid, idno) VALUES (485, 3076);
insert into Landeslistenplatz (llid, idno, position) VALUES (12, 3076, 5);
insert into Citizen (idno, title, firstname, lastname, dateofbirth, gender) VALUES (3077, '', 'Stoßno', 'Axel', '1.1.1967.', 'p');
insert into CandidatesData (idno) VALUES (3077);
insert into PartyMembership (pid, idno) VALUES (4, 3077);
insert into Landeslistenplatz (llid, idno, position) VALUES (4, 3077, 39);
insert into Citizen (idno, title, firstname, lastname, dateofbirth, gender) VALUES (3078, '', 'Stossun', 'Veronika', '1.1.1949.', 'p');
insert into CandidatesData (idno) VALUES (3078);
insert into PartyMembership (pid, idno) VALUES (3, 3078);
insert into Candidacy (wkid, idno) VALUES (569, 3078);
insert into Citizen (idno, title, firstname, lastname, dateofbirth, gender) VALUES (3079, '', 'Stracke', 'Stephan', '1.1.1974.', 'p');
insert into CandidatesData (idno) VALUES (3079);
insert into PartyMembership (pid, idno) VALUES (9, 3079);
insert into Candidacy (wkid, idno) VALUES (556, 3079);
insert into Citizen (idno, title, firstname, lastname, dateofbirth, gender) VALUES (3080, '', 'Strässer', 'Christoph', '1.1.1949.', 'p');
insert into CandidatesData (idno) VALUES (3080);
insert into PartyMembership (pid, idno) VALUES (2, 3080);
insert into Candidacy (wkid, idno) VALUES (429, 3080);
insert into Landeslistenplatz (llid, idno, position) VALUES (1, 3080, 8);
insert into Citizen (idno, title, firstname, lastname, dateofbirth, gender) VALUES (3081, '', 'Stratmann', 'Hanna Bettina', '1.1.1958.', 'p');
insert into CandidatesData (idno) VALUES (3081);
insert into PartyMembership (pid, idno) VALUES (3, 3081);
insert into Candidacy (wkid, idno) VALUES (502, 3081);
insert into Citizen (idno, title, firstname, lastname, dateofbirth, gender) VALUES (3082, '', 'Straub', 'Stefan', '1.1.1945.', 'p');
insert into CandidatesData (idno) VALUES (3082);
insert into PartyMembership (pid, idno) VALUES (3, 3082);
insert into Candidacy (wkid, idno) VALUES (588, 3082);
insert into Citizen (idno, title, firstname, lastname, dateofbirth, gender) VALUES (3083, '', 'Straubinger', 'Max', '1.1.1954.', 'p');
insert into CandidatesData (idno) VALUES (3083);
insert into PartyMembership (pid, idno) VALUES (9, 3083);
insert into Candidacy (wkid, idno) VALUES (529, 3083);
insert into Citizen (idno, title, firstname, lastname, dateofbirth, gender) VALUES (3084, '', 'Strauchmann', 'Rüdiger Wilhelm', '1.1.1950.', 'p');
insert into CandidatesData (idno) VALUES (3084);
insert into PartyMembership (pid, idno) VALUES (3, 3084);
insert into Landeslistenplatz (llid, idno, position) VALUES (2, 3084, 8);
insert into Citizen (idno, title, firstname, lastname, dateofbirth, gender) VALUES (3085, '', 'Strausdat', 'Axel', '1.1.1963.', 'p');
insert into CandidatesData (idno) VALUES (3085);
insert into PartyMembership (pid, idno) VALUES (3, 3085);
insert into Landeslistenplatz (llid, idno, position) VALUES (2, 3085, 6);
insert into Citizen (idno, title, firstname, lastname, dateofbirth, gender) VALUES (3086, '', 'Strebl', 'Matthäus', '1.1.1952.', 'p');
insert into CandidatesData (idno) VALUES (3086);
insert into PartyMembership (pid, idno) VALUES (9, 3086);
insert into Landeslistenplatz (llid, idno, position) VALUES (9, 3086, 20);
insert into Citizen (idno, title, firstname, lastname, dateofbirth, gender) VALUES (3087, '', 'Strehl', 'Dietmar', '1.1.1956.', 'p');
insert into CandidatesData (idno) VALUES (3087);
insert into PartyMembership (pid, idno) VALUES (5, 3087);
insert into Candidacy (wkid, idno) VALUES (358, 3087);
insert into Citizen (idno, title, firstname, lastname, dateofbirth, gender) VALUES (3088, '', 'Strehlke', 'Reinhard', '1.1.1954.', 'p');
insert into CandidatesData (idno) VALUES (3088);
insert into PartyMembership (pid, idno) VALUES (2, 3088);
insert into Candidacy (wkid, idno) VALUES (555, 3088);
insert into Landeslistenplatz (llid, idno, position) VALUES (1, 3088, 33);
insert into Citizen (idno, title, firstname, lastname, dateofbirth, gender) VALUES (3089, '', 'Streitle', 'Ludwig', '1.1.1947.', 'p');
insert into CandidatesData (idno) VALUES (3089);
insert into PartyMembership (pid, idno) VALUES (19, 3089);
insert into Landeslistenplatz (llid, idno, position) VALUES (18, 3089, 19);
insert into Citizen (idno, title, firstname, lastname, dateofbirth, gender) VALUES (3090, '', 'Strengmann-Kuhn', 'Wolfgang', '1.1.1964.', 'p');
insert into CandidatesData (idno) VALUES (3090);
insert into PartyMembership (pid, idno) VALUES (5, 3090);
insert into Candidacy (wkid, idno) VALUES (480, 3090);
insert into Landeslistenplatz (llid, idno, position) VALUES (5, 3090, 6);
insert into Citizen (idno, title, firstname, lastname, dateofbirth, gender) VALUES (3091, '', 'Strenz', 'Karin', '1.1.1967.', 'p');
insert into CandidatesData (idno) VALUES (3091);
insert into PartyMembership (pid, idno) VALUES (12, 3091);
insert into Candidacy (wkid, idno) VALUES (311, 3091);
insert into Landeslistenplatz (llid, idno, position) VALUES (12, 3091, 5);
insert into Citizen (idno, title, firstname, lastname, dateofbirth, gender) VALUES (3092, '', 'Strickner', 'Gerald', '1.1.1953.', 'p');
insert into CandidatesData (idno) VALUES (3092);
insert into PartyMembership (pid, idno) VALUES (10, 3092);
insert into Candidacy (wkid, idno) VALUES (522, 3092);
insert into Landeslistenplatz (llid, idno, position) VALUES (10, 3092, 3);
insert into Citizen (idno, title, firstname, lastname, dateofbirth, gender) VALUES (3093, '', 'Striegel', 'Sebastian', '1.1.1981.', 'p');
insert into CandidatesData (idno) VALUES (3093);
insert into PartyMembership (pid, idno) VALUES (5, 3093);
insert into Landeslistenplatz (llid, idno, position) VALUES (5, 3093, 4);
insert into Citizen (idno, title, firstname, lastname, dateofbirth, gender) VALUES (3094, '', 'Striewe', 'Friedbert', '1.1.1958.', 'p');
insert into CandidatesData (idno) VALUES (3094);
insert into PartyMembership (pid, idno) VALUES (5, 3094);
insert into Candidacy (wkid, idno) VALUES (452, 3094);
insert into Citizen (idno, title, firstname, lastname, dateofbirth, gender) VALUES (3095, '', 'Strobl', 'Thomas', '1.1.1960.', 'p');
insert into CandidatesData (idno) VALUES (3095);
insert into PartyMembership (pid, idno) VALUES (12, 3095);
insert into Candidacy (wkid, idno) VALUES (566, 3095);
insert into Landeslistenplatz (llid, idno, position) VALUES (12, 3095, 5);
insert into Citizen (idno, title, firstname, lastname, dateofbirth, gender) VALUES (3096, '', 'Ströbele', 'Hans-Christian', '1.1.1939.', 'p');
insert into CandidatesData (idno) VALUES (3096);
insert into PartyMembership (pid, idno) VALUES (5, 3096);
insert into Candidacy (wkid, idno) VALUES (383, 3096);
insert into Citizen (idno, title, firstname, lastname, dateofbirth, gender) VALUES (3097, '', 'Stroedter', 'Jörg Klaus Hartmut', '1.1.1954.', 'p');
insert into CandidatesData (idno) VALUES (3097);
insert into PartyMembership (pid, idno) VALUES (2, 3097);
insert into Candidacy (wkid, idno) VALUES (377, 3097);
insert into Landeslistenplatz (llid, idno, position) VALUES (1, 3097, 6);
insert into Citizen (idno, title, firstname, lastname, dateofbirth, gender) VALUES (3098, '', 'Strothmann', 'Lena', '1.1.1952.', 'p');
insert into CandidatesData (idno) VALUES (3098);
insert into PartyMembership (pid, idno) VALUES (12, 3098);
insert into Candidacy (wkid, idno) VALUES (432, 3098);
insert into Landeslistenplatz (llid, idno, position) VALUES (12, 3098, 15);
insert into Citizen (idno, title, firstname, lastname, dateofbirth, gender) VALUES (3099, '', 'Strub', 'Nikolai', '1.1.1960.', 'p');
insert into CandidatesData (idno) VALUES (3099);
insert into Candidacy (wkid, idno) VALUES (307, 3099);
insert into Citizen (idno, title, firstname, lastname, dateofbirth, gender) VALUES (3100, '', 'Strube', 'Walter', '1.1.1952.', 'p');
insert into CandidatesData (idno) VALUES (3100);
insert into PartyMembership (pid, idno) VALUES (12, 3100);
insert into Landeslistenplatz (llid, idno, position) VALUES (12, 3100, 11);
insert into Citizen (idno, title, firstname, lastname, dateofbirth, gender) VALUES (3101, '', 'Strüker', 'Udo', '1.1.1956.', 'p');
insert into CandidatesData (idno) VALUES (3101);
insert into PartyMembership (pid, idno) VALUES (3, 3101);
insert into Candidacy (wkid, idno) VALUES (437, 3101);
insert into Citizen (idno, title, firstname, lastname, dateofbirth, gender) VALUES (3102, '', 'Strutz', 'Pamela', '1.1.1979.', 'p');
insert into CandidatesData (idno) VALUES (3102);
insert into PartyMembership (pid, idno) VALUES (3, 3102);
insert into Landeslistenplatz (llid, idno, position) VALUES (2, 3102, 23);
insert into Citizen (idno, title, firstname, lastname, dateofbirth, gender) VALUES (3103, '', 'Struzyna', 'Joachim', '1.1.1955.', 'p');
insert into CandidatesData (idno) VALUES (3103);
insert into PartyMembership (pid, idno) VALUES (13, 3103);
insert into Candidacy (wkid, idno) VALUES (590, 3103);
insert into Landeslistenplatz (llid, idno, position) VALUES (13, 3103, 9);
insert into Citizen (idno, title, firstname, lastname, dateofbirth, gender) VALUES (3104, '', 'Struzyna', 'Susanne', '1.1.1956.', 'p');
insert into CandidatesData (idno) VALUES (3104);
insert into PartyMembership (pid, idno) VALUES (13, 3104);
insert into Landeslistenplatz (llid, idno, position) VALUES (13, 3104, 6);
insert into Citizen (idno, title, firstname, lastname, dateofbirth, gender) VALUES (3105, '', 'Stüber', 'Sabine Ursula', '1.1.1953.', 'p');
insert into CandidatesData (idno) VALUES (3105);
insert into PartyMembership (pid, idno) VALUES (3, 3105);
insert into Candidacy (wkid, idno) VALUES (357, 3105);
insert into Landeslistenplatz (llid, idno, position) VALUES (2, 3105, 9);
insert into Citizen (idno, title, firstname, lastname, dateofbirth, gender) VALUES (3106, '', 'Stübgen', 'Michael', '1.1.1959.', 'p');
insert into CandidatesData (idno) VALUES (3106);
insert into PartyMembership (pid, idno) VALUES (12, 3106);
insert into Candidacy (wkid, idno) VALUES (365, 3106);
insert into Landeslistenplatz (llid, idno, position) VALUES (12, 3106, 2);
insert into Citizen (idno, title, firstname, lastname, dateofbirth, gender) VALUES (3107, '', 'Stünker', 'Joachim', '1.1.1948.', 'p');
insert into CandidatesData (idno) VALUES (3107);
insert into PartyMembership (pid, idno) VALUES (2, 3107);
insert into Candidacy (wkid, idno) VALUES (334, 3107);
insert into Landeslistenplatz (llid, idno, position) VALUES (1, 3107, 16);
insert into Citizen (idno, title, firstname, lastname, dateofbirth, gender) VALUES (3108, '', 'Stürtz', 'Heinrich', '1.1.1949.', 'p');
insert into CandidatesData (idno) VALUES (3108);
insert into PartyMembership (pid, idno) VALUES (3, 3108);
insert into Candidacy (wkid, idno) VALUES (577, 3108);
insert into Citizen (idno, title, firstname, lastname, dateofbirth, gender) VALUES (3109, '', 'Stützer', 'Tobias', '1.1.1981.', 'p');
insert into CandidatesData (idno) VALUES (3109);
insert into PartyMembership (pid, idno) VALUES (3, 3109);
insert into Candidacy (wkid, idno) VALUES (585, 3109);
insert into Citizen (idno, title, firstname, lastname, dateofbirth, gender) VALUES (3110, '', 'Stüwe', 'Arvid', '1.1.1976.', 'p');
insert into CandidatesData (idno) VALUES (3110);
insert into PartyMembership (pid, idno) VALUES (7, 3110);
insert into Landeslistenplatz (llid, idno, position) VALUES (7, 3110, 7);
insert into Citizen (idno, title, firstname, lastname, dateofbirth, gender) VALUES (3111, '', 'Sturm', 'Erich Walter', '1.1.1961.', 'p');
insert into CandidatesData (idno) VALUES (3111);
insert into PartyMembership (pid, idno) VALUES (7, 3111);
insert into Landeslistenplatz (llid, idno, position) VALUES (7, 3111, 1);
insert into Citizen (idno, title, firstname, lastname, dateofbirth, gender) VALUES (3112, '', 'Sturm', 'Jan', '1.1.1965.', 'p');
insert into CandidatesData (idno) VALUES (3112);
insert into PartyMembership (pid, idno) VALUES (1, 3112);
insert into Candidacy (wkid, idno) VALUES (382, 3112);
insert into Landeslistenplatz (llid, idno, position) VALUES (3, 3112, 4);
insert into Citizen (idno, title, firstname, lastname, dateofbirth, gender) VALUES (3113, '', 'Sturm', 'Ulrike', '1.1.1961.', 'p');
insert into CandidatesData (idno) VALUES (3113);
insert into PartyMembership (pid, idno) VALUES (5, 3113);
insert into Candidacy (wkid, idno) VALUES (568, 3113);
insert into Citizen (idno, title, firstname, lastname, dateofbirth, gender) VALUES (3114, '', 'Suchanek', 'Astrid', '1.1.1946.', 'p');
insert into CandidatesData (idno) VALUES (3114);
insert into PartyMembership (pid, idno) VALUES (16, 3114);
insert into Landeslistenplatz (llid, idno, position) VALUES (15, 3114, 3);
insert into Citizen (idno, title, firstname, lastname, dateofbirth, gender) VALUES (3115, '', 'Suding', 'Katja', '1.1.1975.', 'p');
insert into CandidatesData (idno) VALUES (3115);
insert into PartyMembership (pid, idno) VALUES (4, 3115);
insert into Candidacy (wkid, idno) VALUES (319, 3115);
insert into Landeslistenplatz (llid, idno, position) VALUES (4, 3115, 6);
insert into Citizen (idno, title, firstname, lastname, dateofbirth, gender) VALUES (3116, '', 'Sudmann', 'Heike', '1.1.1962.', 'p');
insert into CandidatesData (idno) VALUES (3116);
insert into PartyMembership (pid, idno) VALUES (3, 3116);
insert into Landeslistenplatz (llid, idno, position) VALUES (2, 3116, 3);
insert into Citizen (idno, title, firstname, lastname, dateofbirth, gender) VALUES (3117, '', 'Sudmann', 'Wilhelm', '1.1.1960.', 'p');
insert into CandidatesData (idno) VALUES (3117);
insert into PartyMembership (pid, idno) VALUES (1, 3117);
insert into Candidacy (wkid, idno) VALUES (325, 3117);
insert into Citizen (idno, title, firstname, lastname, dateofbirth, gender) VALUES (3118, '', 'Sühl', 'Dr. Klaus', '1.1.1951.', 'p');
insert into CandidatesData (idno) VALUES (3118);
insert into PartyMembership (pid, idno) VALUES (3, 3118);
insert into Candidacy (wkid, idno) VALUES (460, 3118);
insert into Landeslistenplatz (llid, idno, position) VALUES (2, 3118, 10);
insert into Citizen (idno, title, firstname, lastname, dateofbirth, gender) VALUES (3119, '', 'Sünder', 'Claudia', '1.1.1969.', 'p');
insert into CandidatesData (idno) VALUES (3119);
insert into PartyMembership (pid, idno) VALUES (2, 3119);
insert into Candidacy (wkid, idno) VALUES (569, 3119);
insert into Citizen (idno, title, firstname, lastname, dateofbirth, gender) VALUES (3120, '', 'Süßenbach', 'Lydia', '1.1.1937.', 'p');
insert into CandidatesData (idno) VALUES (3120);
insert into PartyMembership (pid, idno) VALUES (17, 3120);
insert into Landeslistenplatz (llid, idno, position) VALUES (16, 3120, 12);
insert into Citizen (idno, title, firstname, lastname, dateofbirth, gender) VALUES (3121, '', 'Süßmair', 'Alexander', '1.1.1977.', 'p');
insert into CandidatesData (idno) VALUES (3121);
insert into PartyMembership (pid, idno) VALUES (3, 3121);
insert into Candidacy (wkid, idno) VALUES (551, 3121);
insert into Landeslistenplatz (llid, idno, position) VALUES (2, 3121, 6);
insert into Citizen (idno, title, firstname, lastname, dateofbirth, gender) VALUES (3122, '', 'Sütterlin-Waack', 'Dr. Sabine', '1.1.1958.', 'p');
insert into CandidatesData (idno) VALUES (3122);
insert into PartyMembership (pid, idno) VALUES (12, 3122);
insert into Landeslistenplatz (llid, idno, position) VALUES (12, 3122, 13);
insert into Citizen (idno, title, firstname, lastname, dateofbirth, gender) VALUES (3123, '', 'Suhr', 'Stefan', '1.1.1979.', 'p');
insert into CandidatesData (idno) VALUES (3123);
insert into PartyMembership (pid, idno) VALUES (1, 3123);
insert into Landeslistenplatz (llid, idno, position) VALUES (3, 3123, 9);
insert into Citizen (idno, title, firstname, lastname, dateofbirth, gender) VALUES (3124, '', 'Sulzmann', 'Peter', '1.1.1964.', 'p');
insert into CandidatesData (idno) VALUES (3124);
insert into PartyMembership (pid, idno) VALUES (2, 3124);
insert into Landeslistenplatz (llid, idno, position) VALUES (1, 3124, 37);
insert into Citizen (idno, title, firstname, lastname, dateofbirth, gender) VALUES (3125, '', 'Summerer', 'Christa', '1.1.1958.', 'p');
insert into CandidatesData (idno) VALUES (3125);
insert into PartyMembership (pid, idno) VALUES (15, 3125);
insert into Landeslistenplatz (llid, idno, position) VALUES (14, 3125, 45);
insert into Citizen (idno, title, firstname, lastname, dateofbirth, gender) VALUES (3126, '', 'Susemichel', 'Ralf', '1.1.1962.', 'p');
insert into CandidatesData (idno) VALUES (3126);
insert into PartyMembership (pid, idno) VALUES (2, 3126);
insert into Landeslistenplatz (llid, idno, position) VALUES (1, 3126, 38);
insert into Citizen (idno, title, firstname, lastname, dateofbirth, gender) VALUES (3127, '', 'Susemihl', 'Dirk', '1.1.1969.', 'p');
insert into CandidatesData (idno) VALUES (3127);
insert into PartyMembership (pid, idno) VALUES (1, 3127);
insert into Candidacy (wkid, idno) VALUES (316, 3127);
insert into Citizen (idno, title, firstname, lastname, dateofbirth, gender) VALUES (3128, '', 'Swillus-Knöchel', 'Cornelia', '1.1.1963.', 'p');
insert into CandidatesData (idno) VALUES (3128);
insert into PartyMembership (pid, idno) VALUES (3, 3128);
insert into Candidacy (wkid, idno) VALUES (420, 3128);
insert into Citizen (idno, title, firstname, lastname, dateofbirth, gender) VALUES (3129, '', 'Symann', 'Malte Maximilian Andreas Gabriel', '1.1.1988.', 'p');
insert into CandidatesData (idno) VALUES (3129);
insert into PartyMembership (pid, idno) VALUES (9, 3129);
insert into Landeslistenplatz (llid, idno, position) VALUES (9, 3129, 59);
insert into Citizen (idno, title, firstname, lastname, dateofbirth, gender) VALUES (3130, '', 'Syré', 'Jan', '1.1.1962.', 'p');
insert into CandidatesData (idno) VALUES (3130);
insert into PartyMembership (pid, idno) VALUES (4, 3130);
insert into Candidacy (wkid, idno) VALUES (361, 3130);
insert into Landeslistenplatz (llid, idno, position) VALUES (4, 3130, 6);
insert into Citizen (idno, title, firstname, lastname, dateofbirth, gender) VALUES (3131, '', 'Szymanska', 'Dorota', '1.1.1965.', 'p');
insert into CandidatesData (idno) VALUES (3131);
insert into PartyMembership (pid, idno) VALUES (5, 3131);
insert into Candidacy (wkid, idno) VALUES (347, 3131);
insert into Citizen (idno, title, firstname, lastname, dateofbirth, gender) VALUES (3132, '', 'Tabillion', 'Dr. Rainer', '1.1.1950.', 'p');
insert into CandidatesData (idno) VALUES (3132);
insert into PartyMembership (pid, idno) VALUES (2, 3132);
insert into Candidacy (wkid, idno) VALUES (597, 3132);
insert into Landeslistenplatz (llid, idno, position) VALUES (1, 3132, 4);
insert into Citizen (idno, title, firstname, lastname, dateofbirth, gender) VALUES (3133, '', 'Tack', 'Kerstin', '1.1.1968.', 'p');
insert into CandidatesData (idno) VALUES (3133);
insert into PartyMembership (pid, idno) VALUES (2, 3133);
insert into Candidacy (wkid, idno) VALUES (341, 3133);
insert into Landeslistenplatz (llid, idno, position) VALUES (1, 3133, 27);
insert into Citizen (idno, title, firstname, lastname, dateofbirth, gender) VALUES (3134, '', 'Tackmann', 'Dr. Kirsten', '1.1.1960.', 'p');
insert into CandidatesData (idno) VALUES (3134);
insert into PartyMembership (pid, idno) VALUES (3, 3134);
insert into Candidacy (wkid, idno) VALUES (356, 3134);
insert into Landeslistenplatz (llid, idno, position) VALUES (2, 3134, 3);
insert into Citizen (idno, title, firstname, lastname, dateofbirth, gender) VALUES (3135, '', 'Tandetzke', 'Roland', '1.1.1965.', 'p');
insert into CandidatesData (idno) VALUES (3135);
insert into PartyMembership (pid, idno) VALUES (19, 3135);
insert into Landeslistenplatz (llid, idno, position) VALUES (18, 3135, 15);
insert into Citizen (idno, title, firstname, lastname, dateofbirth, gender) VALUES (3136, '', 'Tangeten', 'Martin', '1.1.1978.', 'p');
insert into CandidatesData (idno) VALUES (3136);
insert into Candidacy (wkid, idno) VALUES (355, 3136);
insert into Citizen (idno, title, firstname, lastname, dateofbirth, gender) VALUES (3137, '', 'Tartz', 'Jürgen', '1.1.1969.', 'p');
insert into CandidatesData (idno) VALUES (3137);
insert into PartyMembership (pid, idno) VALUES (22, 3137);
insert into Candidacy (wkid, idno) VALUES (379, 3137);
insert into Citizen (idno, title, firstname, lastname, dateofbirth, gender) VALUES (3138, '', 'Tauber', 'Dr. Peter', '1.1.1974.', 'p');
insert into CandidatesData (idno) VALUES (3138);
insert into PartyMembership (pid, idno) VALUES (12, 3138);
insert into Candidacy (wkid, idno) VALUES (479, 3138);
insert into Landeslistenplatz (llid, idno, position) VALUES (12, 3138, 13);
insert into Citizen (idno, title, firstname, lastname, dateofbirth, gender) VALUES (3139, '', 'Tauscher', 'Dr. Ludwig', '1.1.1956.', 'p');
insert into CandidatesData (idno) VALUES (3139);
insert into PartyMembership (pid, idno) VALUES (12, 3139);
insert into Candidacy (wkid, idno) VALUES (506, 3139);
insert into Landeslistenplatz (llid, idno, position) VALUES (12, 3139, 15);
insert into Citizen (idno, title, firstname, lastname, dateofbirth, gender) VALUES (3140, '', 'Tausend', 'Claudia', '1.1.1964.', 'p');
insert into CandidatesData (idno) VALUES (3140);
insert into PartyMembership (pid, idno) VALUES (2, 3140);
insert into Candidacy (wkid, idno) VALUES (518, 3140);
insert into Landeslistenplatz (llid, idno, position) VALUES (1, 3140, 22);
insert into Citizen (idno, title, firstname, lastname, dateofbirth, gender) VALUES (3141, '', 'Tegel', 'Adolf', '1.1.1955.', 'p');
insert into CandidatesData (idno) VALUES (3141);
insert into PartyMembership (pid, idno) VALUES (16, 3141);
insert into Landeslistenplatz (llid, idno, position) VALUES (15, 3141, 4);
insert into Citizen (idno, title, firstname, lastname, dateofbirth, gender) VALUES (3142, '', 'Teichmann', 'Gabriele', '1.1.1959.', 'p');
insert into CandidatesData (idno) VALUES (3142);
insert into PartyMembership (pid, idno) VALUES (2, 3142);
insert into Candidacy (wkid, idno) VALUES (575, 3142);
insert into Landeslistenplatz (llid, idno, position) VALUES (1, 3142, 23);
insert into Citizen (idno, title, firstname, lastname, dateofbirth, gender) VALUES (3143, '', 'Teiser', 'Michael', '1.1.1951.', 'p');
insert into CandidatesData (idno) VALUES (3143);
insert into PartyMembership (pid, idno) VALUES (12, 3143);
insert into Landeslistenplatz (llid, idno, position) VALUES (12, 3143, 2);
insert into Citizen (idno, title, firstname, lastname, dateofbirth, gender) VALUES (3144, '', 'Tempel', 'Frank', '1.1.1969.', 'p');
insert into CandidatesData (idno) VALUES (3144);
insert into PartyMembership (pid, idno) VALUES (3, 3144);
insert into Candidacy (wkid, idno) VALUES (494, 3144);
insert into Landeslistenplatz (llid, idno, position) VALUES (2, 3144, 4);
insert into Citizen (idno, title, firstname, lastname, dateofbirth, gender) VALUES (3145, '', 'Tendler', 'Dietmar', '1.1.1952.', 'p');
insert into CandidatesData (idno) VALUES (3145);
insert into PartyMembership (pid, idno) VALUES (2, 3145);
insert into Candidacy (wkid, idno) VALUES (397, 3145);
insert into Landeslistenplatz (llid, idno, position) VALUES (1, 3145, 71);
insert into Citizen (idno, title, firstname, lastname, dateofbirth, gender) VALUES (3146, '', 'Terpe', 'Dr. Harald', '1.1.1954.', 'p');
insert into CandidatesData (idno) VALUES (3146);
insert into PartyMembership (pid, idno) VALUES (5, 3146);
insert into Candidacy (wkid, idno) VALUES (313, 3146);
insert into Landeslistenplatz (llid, idno, position) VALUES (5, 3146, 1);
insert into Citizen (idno, title, firstname, lastname, dateofbirth, gender) VALUES (3147, '', 'Terwiesche', 'Dr. Michael', '1.1.1964.', 'p');
insert into CandidatesData (idno) VALUES (3147);
insert into PartyMembership (pid, idno) VALUES (4, 3147);
insert into Candidacy (wkid, idno) VALUES (414, 3147);
insert into Landeslistenplatz (llid, idno, position) VALUES (4, 3147, 38);
insert into Citizen (idno, title, firstname, lastname, dateofbirth, gender) VALUES (3148, '', 'Teske', 'Uwe', '1.1.1961.', 'p');
insert into CandidatesData (idno) VALUES (3148);
insert into Candidacy (wkid, idno) VALUES (454, 3148);
insert into Citizen (idno, title, firstname, lastname, dateofbirth, gender) VALUES (3149, '', 'Tetzner', 'Philipp', '1.1.1981.', 'p');
insert into CandidatesData (idno) VALUES (3149);
insert into PartyMembership (pid, idno) VALUES (19, 3149);
insert into Landeslistenplatz (llid, idno, position) VALUES (18, 3149, 18);
insert into Citizen (idno, title, firstname, lastname, dateofbirth, gender) VALUES (3150, '', 'Teuchner', 'Jella', '1.1.1956.', 'p');
insert into CandidatesData (idno) VALUES (3150);
insert into PartyMembership (pid, idno) VALUES (2, 3150);
insert into Candidacy (wkid, idno) VALUES (528, 3150);
insert into Landeslistenplatz (llid, idno, position) VALUES (1, 3150, 18);
insert into Citizen (idno, title, firstname, lastname, dateofbirth, gender) VALUES (3151, '', 'Thalheim', 'Hendrik', '1.1.1960.', 'p');
insert into CandidatesData (idno) VALUES (3151);
insert into PartyMembership (pid, idno) VALUES (3, 3151);
insert into Candidacy (wkid, idno) VALUES (455, 3151);
insert into Citizen (idno, title, firstname, lastname, dateofbirth, gender) VALUES (3152, '', 'Thanheiser', 'Evi Manuela', '1.1.1968.', 'p');
insert into CandidatesData (idno) VALUES (3152);
insert into PartyMembership (pid, idno) VALUES (2, 3152);
insert into Landeslistenplatz (llid, idno, position) VALUES (1, 3152, 51);
insert into Citizen (idno, title, firstname, lastname, dateofbirth, gender) VALUES (3153, '', 'Thannheimer', 'Claudia', '1.1.1966.', 'p');
insert into CandidatesData (idno) VALUES (3153);
insert into PartyMembership (pid, idno) VALUES (12, 3153);
insert into Landeslistenplatz (llid, idno, position) VALUES (12, 3153, 24);
insert into Citizen (idno, title, firstname, lastname, dateofbirth, gender) VALUES (3154, '', 'Thau', 'Monika', '1.1.1955.', 'p');
insert into CandidatesData (idno) VALUES (3154);
insert into PartyMembership (pid, idno) VALUES (16, 3154);
insert into Landeslistenplatz (llid, idno, position) VALUES (15, 3154, 1);
insert into Citizen (idno, title, firstname, lastname, dateofbirth, gender) VALUES (3155, '', 'Theis', 'Klaus', '1.1.1957.', 'p');
insert into CandidatesData (idno) VALUES (3155);
insert into PartyMembership (pid, idno) VALUES (8, 3155);
insert into Landeslistenplatz (llid, idno, position) VALUES (8, 3155, 8);
insert into Citizen (idno, title, firstname, lastname, dateofbirth, gender) VALUES (3156, '', 'Theißen', 'Andreas', '1.1.1972.', 'p');
insert into CandidatesData (idno) VALUES (3156);
insert into PartyMembership (pid, idno) VALUES (1, 3156);
insert into Landeslistenplatz (llid, idno, position) VALUES (3, 3156, 6);
insert into Citizen (idno, title, firstname, lastname, dateofbirth, gender) VALUES (3157, '', 'Theißen', 'Roswitha', '1.1.1960.', 'p');
insert into CandidatesData (idno) VALUES (3157);
insert into PartyMembership (pid, idno) VALUES (1, 3157);
insert into Candidacy (wkid, idno) VALUES (415, 3157);
insert into Citizen (idno, title, firstname, lastname, dateofbirth, gender) VALUES (3158, '', 'Theißen', 'Rudi Frank', '1.1.1959.', 'p');
insert into CandidatesData (idno) VALUES (3158);
insert into PartyMembership (pid, idno) VALUES (1, 3158);
insert into Candidacy (wkid, idno) VALUES (416, 3158);
insert into Citizen (idno, title, firstname, lastname, dateofbirth, gender) VALUES (3159, '', 'Thiedemann', 'Renate', '1.1.1963.', 'p');
insert into CandidatesData (idno) VALUES (3159);
insert into PartyMembership (pid, idno) VALUES (2, 3159);
insert into Landeslistenplatz (llid, idno, position) VALUES (1, 3159, 12);
insert into Citizen (idno, title, firstname, lastname, dateofbirth, gender) VALUES (3160, '', 'Thiel', 'Margret', '1.1.1945.', 'p');
insert into CandidatesData (idno) VALUES (3160);
insert into PartyMembership (pid, idno) VALUES (8, 3160);
insert into Landeslistenplatz (llid, idno, position) VALUES (8, 3160, 6);
insert into Citizen (idno, title, firstname, lastname, dateofbirth, gender) VALUES (3161, '', 'Thiele', 'Carl-Ludwig', '1.1.1953.', 'p');
insert into CandidatesData (idno) VALUES (3161);
insert into PartyMembership (pid, idno) VALUES (4, 3161);
insert into Candidacy (wkid, idno) VALUES (339, 3161);
insert into Landeslistenplatz (llid, idno, position) VALUES (4, 3161, 1);
insert into Citizen (idno, title, firstname, lastname, dateofbirth, gender) VALUES (3162, '', 'Thieme', 'Axel', '1.1.1949.', 'p');
insert into CandidatesData (idno) VALUES (3162);
insert into PartyMembership (pid, idno) VALUES (1, 3162);
insert into Candidacy (wkid, idno) VALUES (442, 3162);
insert into Landeslistenplatz (llid, idno, position) VALUES (3, 3162, 5);
insert into Citizen (idno, title, firstname, lastname, dateofbirth, gender) VALUES (3163, '', 'Thierse', 'Wolfgang', '1.1.1943.', 'p');
insert into CandidatesData (idno) VALUES (3163);
insert into PartyMembership (pid, idno) VALUES (2, 3163);
insert into Candidacy (wkid, idno) VALUES (376, 3163);
insert into Landeslistenplatz (llid, idno, position) VALUES (1, 3163, 1);
insert into Citizen (idno, title, firstname, lastname, dateofbirth, gender) VALUES (3164, '', 'Thiery', 'Gabriele', '1.1.1967.', 'p');
insert into CandidatesData (idno) VALUES (3164);
insert into PartyMembership (pid, idno) VALUES (12, 3164);
insert into Landeslistenplatz (llid, idno, position) VALUES (12, 3164, 21);
insert into Citizen (idno, title, firstname, lastname, dateofbirth, gender) VALUES (3165, '', 'Thies', 'Andreas Georg', '1.1.1962.', 'p');
insert into CandidatesData (idno) VALUES (3165);
insert into PartyMembership (pid, idno) VALUES (2, 3165);
insert into Landeslistenplatz (llid, idno, position) VALUES (1, 3165, 36);
insert into Citizen (idno, title, firstname, lastname, dateofbirth, gender) VALUES (3166, '', 'Thiesen', 'Bodo', '1.1.1980.', 'p');
insert into CandidatesData (idno) VALUES (3166);
insert into PartyMembership (pid, idno) VALUES (7, 3166);
insert into Landeslistenplatz (llid, idno, position) VALUES (7, 3166, 7);
insert into Citizen (idno, title, firstname, lastname, dateofbirth, gender) VALUES (3167, '', 'Thiesen', 'Holger', '1.1.1954.', 'p');
insert into CandidatesData (idno) VALUES (3167);
insert into Candidacy (wkid, idno) VALUES (303, 3167);
insert into Citizen (idno, title, firstname, lastname, dateofbirth, gender) VALUES (3168, '', 'Thießen', 'Jörn', '1.1.1961.', 'p');
insert into CandidatesData (idno) VALUES (3168);
insert into PartyMembership (pid, idno) VALUES (2, 3168);
insert into Candidacy (wkid, idno) VALUES (302, 3168);
insert into Landeslistenplatz (llid, idno, position) VALUES (1, 3168, 8);
insert into Citizen (idno, title, firstname, lastname, dateofbirth, gender) VALUES (3169, '', 'Thönnes', 'Franz', '1.1.1954.', 'p');
insert into CandidatesData (idno) VALUES (3169);
insert into PartyMembership (pid, idno) VALUES (2, 3169);
insert into Candidacy (wkid, idno) VALUES (307, 3169);
insert into Landeslistenplatz (llid, idno, position) VALUES (1, 3169, 3);
insert into Citizen (idno, title, firstname, lastname, dateofbirth, gender) VALUES (3170, '', 'Thom', 'Sebastian', '1.1.1986.', 'p');
insert into CandidatesData (idno) VALUES (3170);
insert into PartyMembership (pid, idno) VALUES (1, 3170);
insert into Candidacy (wkid, idno) VALUES (378, 3170);
insert into Citizen (idno, title, firstname, lastname, dateofbirth, gender) VALUES (3171, '', 'Thomae', 'Stephan', '1.1.1968.', 'p');
insert into CandidatesData (idno) VALUES (3171);
insert into PartyMembership (pid, idno) VALUES (4, 3171);
insert into Candidacy (wkid, idno) VALUES (555, 3171);
insert into Landeslistenplatz (llid, idno, position) VALUES (4, 3171, 11);
insert into Citizen (idno, title, firstname, lastname, dateofbirth, gender) VALUES (3172, '', 'Thomas', 'Frank', '1.1.1967.', 'p');
insert into CandidatesData (idno) VALUES (3172);
insert into Candidacy (wkid, idno) VALUES (350, 3172);
insert into Citizen (idno, title, firstname, lastname, dateofbirth, gender) VALUES (3173, '', 'Thomas', 'Heiko', '1.1.1969.', 'p');
insert into CandidatesData (idno) VALUES (3173);
insert into PartyMembership (pid, idno) VALUES (5, 3173);
insert into Candidacy (wkid, idno) VALUES (376, 3173);
insert into Landeslistenplatz (llid, idno, position) VALUES (5, 3173, 10);
insert into Citizen (idno, title, firstname, lastname, dateofbirth, gender) VALUES (3174, '', 'Thomas', 'Sascha', '1.1.1976.', 'p');
insert into CandidatesData (idno) VALUES (3174);
insert into PartyMembership (pid, idno) VALUES (3, 3174);
insert into Candidacy (wkid, idno) VALUES (310, 3174);
insert into Landeslistenplatz (llid, idno, position) VALUES (2, 3174, 4);
insert into Citizen (idno, title, firstname, lastname, dateofbirth, gender) VALUES (3175, '', 'Thomas', 'Dr. Steffen', '1.1.1965.', 'p');
insert into CandidatesData (idno) VALUES (3175);
insert into PartyMembership (pid, idno) VALUES (7, 3175);
insert into Landeslistenplatz (llid, idno, position) VALUES (7, 3175, 2);
insert into Citizen (idno, title, firstname, lastname, dateofbirth, gender) VALUES (3176, '', 'Thorau', 'Heinz', '1.1.1954.', 'p');
insert into CandidatesData (idno) VALUES (3176);
insert into PartyMembership (pid, idno) VALUES (16, 3176);
insert into Landeslistenplatz (llid, idno, position) VALUES (15, 3176, 10);
insert into Citizen (idno, title, firstname, lastname, dateofbirth, gender) VALUES (3177, '', 'Thorwart', 'Liane', '1.1.1970.', 'p');
insert into CandidatesData (idno) VALUES (3177);
insert into PartyMembership (pid, idno) VALUES (6, 3177);
insert into Candidacy (wkid, idno) VALUES (553, 3177);
insert into Landeslistenplatz (llid, idno, position) VALUES (6, 3177, 2);
insert into Citizen (idno, title, firstname, lastname, dateofbirth, gender) VALUES (3178, '', 'Throne', 'Fritz', '1.1.1958.', 'p');
insert into CandidatesData (idno) VALUES (3178);
insert into PartyMembership (pid, idno) VALUES (8, 3178);
insert into Landeslistenplatz (llid, idno, position) VALUES (8, 3178, 35);
insert into Citizen (idno, title, firstname, lastname, dateofbirth, gender) VALUES (3179, '', 'Thümmel', 'Udo', '1.1.1956.', 'p');
insert into CandidatesData (idno) VALUES (3179);
insert into PartyMembership (pid, idno) VALUES (19, 3179);
insert into Landeslistenplatz (llid, idno, position) VALUES (18, 3179, 6);
insert into Citizen (idno, title, firstname, lastname, dateofbirth, gender) VALUES (3180, '', 'Thul', 'Hans Peter', '1.1.1948.', 'p');
insert into CandidatesData (idno) VALUES (3180);
insert into PartyMembership (pid, idno) VALUES (12, 3180);
insert into Candidacy (wkid, idno) VALUES (346, 3180);
insert into Landeslistenplatz (llid, idno, position) VALUES (12, 3180, 18);
insert into Citizen (idno, title, firstname, lastname, dateofbirth, gender) VALUES (3181, '', 'Thul', 'Sebastian', '1.1.1980.', 'p');
insert into CandidatesData (idno) VALUES (3181);
insert into PartyMembership (pid, idno) VALUES (2, 3181);
insert into Landeslistenplatz (llid, idno, position) VALUES (1, 3181, 9);
insert into Citizen (idno, title, firstname, lastname, dateofbirth, gender) VALUES (3182, '', 'Tickert', 'Rolf', '1.1.1955.', 'p');
insert into CandidatesData (idno) VALUES (3182);
insert into PartyMembership (pid, idno) VALUES (13, 3182);
insert into Landeslistenplatz (llid, idno, position) VALUES (13, 3182, 3);
insert into Citizen (idno, title, firstname, lastname, dateofbirth, gender) VALUES (3183, '', 'Tiede', 'Richard', '1.1.1942.', 'p');
insert into CandidatesData (idno) VALUES (3183);
insert into PartyMembership (pid, idno) VALUES (14, 3183);
insert into Candidacy (wkid, idno) VALUES (336, 3183);
insert into Landeslistenplatz (llid, idno, position) VALUES (21, 3183, 7);
insert into Citizen (idno, title, firstname, lastname, dateofbirth, gender) VALUES (3184, '', 'Tiefensee', 'Wolfgang Erwin Bernhard', '1.1.1955.', 'p');
insert into CandidatesData (idno) VALUES (3184);
insert into PartyMembership (pid, idno) VALUES (2, 3184);
insert into Candidacy (wkid, idno) VALUES (453, 3184);
insert into Landeslistenplatz (llid, idno, position) VALUES (1, 3184, 1);
insert into Citizen (idno, title, firstname, lastname, dateofbirth, gender) VALUES (3185, '', 'Tietz', 'Marcus', '1.1.1978.', 'p');
insert into CandidatesData (idno) VALUES (3185);
insert into PartyMembership (pid, idno) VALUES (1, 3185);
insert into Candidacy (wkid, idno) VALUES (308, 3185);
insert into Citizen (idno, title, firstname, lastname, dateofbirth, gender) VALUES (3186, '', 'Tigges-Friedrichs', 'Martina', '1.1.1967.', 'p');
insert into CandidatesData (idno) VALUES (3186);
insert into PartyMembership (pid, idno) VALUES (4, 3186);
insert into Candidacy (wkid, idno) VALUES (346, 3186);
insert into Landeslistenplatz (llid, idno, position) VALUES (4, 3186, 12);
insert into Citizen (idno, title, firstname, lastname, dateofbirth, gender) VALUES (3187, '', 'Tillmann', 'Antje', '1.1.1964.', 'p');
insert into CandidatesData (idno) VALUES (3187);
insert into PartyMembership (pid, idno) VALUES (12, 3187);
insert into Candidacy (wkid, idno) VALUES (492, 3187);
insert into Landeslistenplatz (llid, idno, position) VALUES (12, 3187, 2);
insert into Citizen (idno, title, firstname, lastname, dateofbirth, gender) VALUES (3188, '', 'Timm', 'Martin', '1.1.1957.', 'p');
insert into CandidatesData (idno) VALUES (3188);
insert into PartyMembership (pid, idno) VALUES (21, 3188);
insert into Landeslistenplatz (llid, idno, position) VALUES (20, 3188, 9);
insert into Citizen (idno, title, firstname, lastname, dateofbirth, gender) VALUES (3189, '', 'Timmermann-Fechter', 'Astrid', '1.1.1963.', 'p');
insert into CandidatesData (idno) VALUES (3189);
insert into PartyMembership (pid, idno) VALUES (12, 3189);
insert into Candidacy (wkid, idno) VALUES (422, 3189);
insert into Landeslistenplatz (llid, idno, position) VALUES (12, 3189, 40);
insert into Citizen (idno, title, firstname, lastname, dateofbirth, gender) VALUES (3190, '', 'Tischner', 'Markus Albert', '1.1.1972.', 'p');
insert into CandidatesData (idno) VALUES (3190);
insert into PartyMembership (pid, idno) VALUES (9, 3190);
insert into Landeslistenplatz (llid, idno, position) VALUES (9, 3190, 56);
insert into Citizen (idno, title, firstname, lastname, dateofbirth, gender) VALUES (3191, '', 'Tittmann', 'Dirk', '1.1.1980.', 'p');
insert into CandidatesData (idno) VALUES (3191);
insert into PartyMembership (pid, idno) VALUES (1, 3191);
insert into Candidacy (wkid, idno) VALUES (425, 3191);
insert into Citizen (idno, title, firstname, lastname, dateofbirth, gender) VALUES (3192, '', 'Tjarks', 'Anjes', '1.1.1981.', 'p');
insert into CandidatesData (idno) VALUES (3192);
insert into PartyMembership (pid, idno) VALUES (5, 3192);
insert into Candidacy (wkid, idno) VALUES (322, 3192);
insert into Landeslistenplatz (llid, idno, position) VALUES (5, 3192, 4);
insert into Citizen (idno, title, firstname, lastname, dateofbirth, gender) VALUES (3193, '', 'Todtenhausen', 'Manfred', '1.1.1950.', 'p');
insert into CandidatesData (idno) VALUES (3193);
insert into PartyMembership (pid, idno) VALUES (4, 3193);
insert into Candidacy (wkid, idno) VALUES (402, 3193);
insert into Landeslistenplatz (llid, idno, position) VALUES (4, 3193, 22);
insert into Citizen (idno, title, firstname, lastname, dateofbirth, gender) VALUES (3194, '', 'Tönhardt', 'Manuela', '1.1.1952.', 'p');
insert into CandidatesData (idno) VALUES (3194);
insert into PartyMembership (pid, idno) VALUES (1, 3194);
insert into Candidacy (wkid, idno) VALUES (386, 3194);
insert into Landeslistenplatz (llid, idno, position) VALUES (3, 3194, 3);
insert into Citizen (idno, title, firstname, lastname, dateofbirth, gender) VALUES (3195, '', 'Töpfer', 'Edeltraut', '1.1.1949.', 'p');
insert into CandidatesData (idno) VALUES (3195);
insert into PartyMembership (pid, idno) VALUES (12, 3195);
insert into Candidacy (wkid, idno) VALUES (386, 3195);
insert into Landeslistenplatz (llid, idno, position) VALUES (12, 3195, 9);
insert into Citizen (idno, title, firstname, lastname, dateofbirth, gender) VALUES (3196, '', 'Tören', 'Serkan', '1.1.1972.', 'p');
insert into CandidatesData (idno) VALUES (3196);
insert into PartyMembership (pid, idno) VALUES (4, 3196);
insert into Candidacy (wkid, idno) VALUES (330, 3196);
insert into Landeslistenplatz (llid, idno, position) VALUES (4, 3196, 8);
insert into Citizen (idno, title, firstname, lastname, dateofbirth, gender) VALUES (3197, '', 'Tolksdorf', 'Stefan', '1.1.1979.', 'p');
insert into CandidatesData (idno) VALUES (3197);
insert into PartyMembership (pid, idno) VALUES (10, 3197);
insert into Candidacy (wkid, idno) VALUES (385, 3197);
insert into Landeslistenplatz (llid, idno, position) VALUES (10, 3197, 5);
insert into Citizen (idno, title, firstname, lastname, dateofbirth, gender) VALUES (3198, '', 'Toncar', 'Florian', '1.1.1979.', 'p');
insert into CandidatesData (idno) VALUES (3198);
insert into PartyMembership (pid, idno) VALUES (4, 3198);
insert into Candidacy (wkid, idno) VALUES (559, 3198);
insert into Landeslistenplatz (llid, idno, position) VALUES (4, 3198, 8);
insert into Citizen (idno, title, firstname, lastname, dateofbirth, gender) VALUES (3199, '', 'Topka', 'Bernd', '1.1.1966.', 'p');
insert into CandidatesData (idno) VALUES (3199);
insert into PartyMembership (pid, idno) VALUES (8, 3199);
insert into Candidacy (wkid, idno) VALUES (587, 3199);
insert into Citizen (idno, title, firstname, lastname, dateofbirth, gender) VALUES (3200, '', 'Tornau', 'Birgit', '1.1.1958.', 'p');
insert into CandidatesData (idno) VALUES (3200);
insert into PartyMembership (pid, idno) VALUES (12, 3200);
insert into Landeslistenplatz (llid, idno, position) VALUES (12, 3200, 56);
insert into Citizen (idno, title, firstname, lastname, dateofbirth, gender) VALUES (3201, '', 'Träger', 'Stefan', '1.1.1988.', 'p');
insert into CandidatesData (idno) VALUES (3201);
insert into PartyMembership (pid, idno) VALUES (1, 3201);
insert into Candidacy (wkid, idno) VALUES (367, 3201);
insert into Citizen (idno, title, firstname, lastname, dateofbirth, gender) VALUES (3202, '', 'Träxler', 'Gerhard', '1.1.1938.', 'p');
insert into CandidatesData (idno) VALUES (3202);
insert into PartyMembership (pid, idno) VALUES (15, 3202);
insert into Landeslistenplatz (llid, idno, position) VALUES (14, 3202, 46);
insert into Citizen (idno, title, firstname, lastname, dateofbirth, gender) VALUES (3203, '', 'Tralau', 'Gesa', '1.1.1969.', 'p');
insert into CandidatesData (idno) VALUES (3203);
insert into PartyMembership (pid, idno) VALUES (2, 3203);
insert into Candidacy (wkid, idno) VALUES (309, 3203);
insert into Landeslistenplatz (llid, idno, position) VALUES (1, 3203, 7);
insert into Citizen (idno, title, firstname, lastname, dateofbirth, gender) VALUES (3204, '', 'Trautsch', 'Patrick', '1.1.1980.', 'p');
insert into CandidatesData (idno) VALUES (3204);
insert into PartyMembership (pid, idno) VALUES (1, 3204);
insert into Candidacy (wkid, idno) VALUES (495, 3204);
insert into Citizen (idno, title, firstname, lastname, dateofbirth, gender) VALUES (3205, '', 'Trendelenburg', 'Angelika', '1.1.1957.', 'p');
insert into CandidatesData (idno) VALUES (3205);
insert into PartyMembership (pid, idno) VALUES (13, 3205);
insert into Landeslistenplatz (llid, idno, position) VALUES (13, 3205, 6);
insert into Citizen (idno, title, firstname, lastname, dateofbirth, gender) VALUES (3206, '', 'Trenkenschuh', 'Victor', '1.1.1937.', 'p');
insert into CandidatesData (idno) VALUES (3206);
insert into Candidacy (wkid, idno) VALUES (397, 3206);
insert into Citizen (idno, title, firstname, lastname, dateofbirth, gender) VALUES (3207, '', 'Trenkle', 'Heiko', '1.1.1991.', 'p');
insert into CandidatesData (idno) VALUES (3207);
insert into PartyMembership (pid, idno) VALUES (19, 3207);
insert into Candidacy (wkid, idno) VALUES (580, 3207);
insert into Landeslistenplatz (llid, idno, position) VALUES (18, 3207, 6);
insert into Citizen (idno, title, firstname, lastname, dateofbirth, gender) VALUES (3208, '', 'Tressel', 'Markus', '1.1.1977.', 'p');
insert into CandidatesData (idno) VALUES (3208);
insert into PartyMembership (pid, idno) VALUES (5, 3208);
insert into Landeslistenplatz (llid, idno, position) VALUES (5, 3208, 1);
insert into Citizen (idno, title, firstname, lastname, dateofbirth, gender) VALUES (3209, '', 'Trinklein', 'Gert', '1.1.1949.', 'p');
insert into CandidatesData (idno) VALUES (3209);
insert into PartyMembership (pid, idno) VALUES (4, 3209);
insert into Landeslistenplatz (llid, idno, position) VALUES (4, 3209, 26);
insert into Citizen (idno, title, firstname, lastname, dateofbirth, gender) VALUES (3210, '', 'Trittin', 'Jürgen', '1.1.1954.', 'p');
insert into CandidatesData (idno) VALUES (3210);
insert into PartyMembership (pid, idno) VALUES (5, 3210);
insert into Candidacy (wkid, idno) VALUES (353, 3210);
insert into Landeslistenplatz (llid, idno, position) VALUES (5, 3210, 2);
insert into Citizen (idno, title, firstname, lastname, dateofbirth, gender) VALUES (3211, '', 'Trobentar', 'Jürgen', '1.1.1950.', 'p');
insert into CandidatesData (idno) VALUES (3211);
insert into PartyMembership (pid, idno) VALUES (9, 3211);
insert into Landeslistenplatz (llid, idno, position) VALUES (9, 3211, 35);
insert into Citizen (idno, title, firstname, lastname, dateofbirth, gender) VALUES (3212, '', 'Troff-Schaffarzyk', 'Anja Gerlinde', '1.1.1969.', 'p');
insert into CandidatesData (idno) VALUES (3212);
insert into PartyMembership (pid, idno) VALUES (2, 3212);
insert into Landeslistenplatz (llid, idno, position) VALUES (1, 3212, 54);
insert into Citizen (idno, title, firstname, lastname, dateofbirth, gender) VALUES (3213, '', 'Troost', 'Dr. Axel', '1.1.1954.', 'p');
insert into CandidatesData (idno) VALUES (3213);
insert into PartyMembership (pid, idno) VALUES (3, 3213);
insert into Candidacy (wkid, idno) VALUES (454, 3213);
insert into Landeslistenplatz (llid, idno, position) VALUES (2, 3213, 2);
insert into Citizen (idno, title, firstname, lastname, dateofbirth, gender) VALUES (3214, '', 'Trost', 'Andreas', '1.1.1981.', 'p');
insert into CandidatesData (idno) VALUES (3214);
insert into PartyMembership (pid, idno) VALUES (10, 3214);
insert into Landeslistenplatz (llid, idno, position) VALUES (10, 3214, 14);
insert into Citizen (idno, title, firstname, lastname, dateofbirth, gender) VALUES (3215, '', 'Tybussek', 'Artur', '1.1.1958.', 'p');
insert into CandidatesData (idno) VALUES (3215);
insert into PartyMembership (pid, idno) VALUES (12, 3215);
insert into Candidacy (wkid, idno) VALUES (395, 3215);
insert into Landeslistenplatz (llid, idno, position) VALUES (12, 3215, 47);
insert into Citizen (idno, title, firstname, lastname, dateofbirth, gender) VALUES (3216, '', 'Überheim', 'Ralf', '1.1.1961.', 'p');
insert into CandidatesData (idno) VALUES (3216);
insert into PartyMembership (pid, idno) VALUES (4, 3216);
insert into Candidacy (wkid, idno) VALUES (344, 3216);
insert into Landeslistenplatz (llid, idno, position) VALUES (4, 3216, 19);
insert into Citizen (idno, title, firstname, lastname, dateofbirth, gender) VALUES (3217, '', 'Ufermann-Schützinger', 'Reinhild', '1.1.1953.', 'p');
insert into CandidatesData (idno) VALUES (3217);
insert into PartyMembership (pid, idno) VALUES (1, 3217);
insert into Candidacy (wkid, idno) VALUES (569, 3217);
insert into Citizen (idno, title, firstname, lastname, dateofbirth, gender) VALUES (3218, '', 'Uhl', 'Dr. Hans-Peter', '1.1.1944.', 'p');
insert into CandidatesData (idno) VALUES (3218);
insert into PartyMembership (pid, idno) VALUES (9, 3218);
insert into Candidacy (wkid, idno) VALUES (520, 3218);
insert into Landeslistenplatz (llid, idno, position) VALUES (9, 3218, 19);
insert into Citizen (idno, title, firstname, lastname, dateofbirth, gender) VALUES (3219, '', 'Uhland', 'Knuth', '1.1.1966.', 'p');
insert into CandidatesData (idno) VALUES (3219);
insert into PartyMembership (pid, idno) VALUES (4, 3219);
insert into Candidacy (wkid, idno) VALUES (335, 3219);
insert into Landeslistenplatz (llid, idno, position) VALUES (4, 3219, 26);
insert into Citizen (idno, title, firstname, lastname, dateofbirth, gender) VALUES (3220, '', 'Uhlemann', 'Jonny Peter', '1.1.1965.', 'p');
insert into CandidatesData (idno) VALUES (3220);
insert into PartyMembership (pid, idno) VALUES (19, 3220);
insert into Landeslistenplatz (llid, idno, position) VALUES (18, 3220, 7);
insert into Citizen (idno, title, firstname, lastname, dateofbirth, gender) VALUES (3221, '', 'Uldahl', 'Peter', '1.1.1963.', 'p');
insert into CandidatesData (idno) VALUES (3221);
insert into PartyMembership (pid, idno) VALUES (5, 3221);
insert into Candidacy (wkid, idno) VALUES (512, 3221);
insert into Citizen (idno, title, firstname, lastname, dateofbirth, gender) VALUES (3222, '', 'Ullmann', 'Walter', '1.1.1939.', 'p');
insert into CandidatesData (idno) VALUES (3222);
insert into PartyMembership (pid, idno) VALUES (19, 3222);
insert into Landeslistenplatz (llid, idno, position) VALUES (18, 3222, 11);
insert into Citizen (idno, title, firstname, lastname, dateofbirth, gender) VALUES (3223, '', 'Ullrich', 'Joachim', '1.1.1946.', 'p');
insert into CandidatesData (idno) VALUES (3223);
insert into PartyMembership (pid, idno) VALUES (14, 3223);
insert into Candidacy (wkid, idno) VALUES (518, 3223);
insert into Citizen (idno, title, firstname, lastname, dateofbirth, gender) VALUES (3224, '', 'Ulmer', 'Manfred', '1.1.1943.', 'p');
insert into CandidatesData (idno) VALUES (3224);
insert into PartyMembership (pid, idno) VALUES (14, 3224);
insert into Landeslistenplatz (llid, idno, position) VALUES (21, 3224, 11);
insert into Citizen (idno, title, firstname, lastname, dateofbirth, gender) VALUES (3225, '', 'Ulrich', 'Alexander', '1.1.1971.', 'p');
insert into CandidatesData (idno) VALUES (3225);
insert into PartyMembership (pid, idno) VALUES (3, 3225);
insert into Candidacy (wkid, idno) VALUES (509, 3225);
insert into Landeslistenplatz (llid, idno, position) VALUES (2, 3225, 1);
insert into Citizen (idno, title, firstname, lastname, dateofbirth, gender) VALUES (3226, '', 'Ulrich', 'Günter', '1.1.1943.', 'p');
insert into CandidatesData (idno) VALUES (3226);
insert into PartyMembership (pid, idno) VALUES (1, 3226);
insert into Candidacy (wkid, idno) VALUES (481, 3226);
insert into Citizen (idno, title, firstname, lastname, dateofbirth, gender) VALUES (3227, '', 'Ulusoy', 'Sultan', '1.1.1968.', 'p');
insert into CandidatesData (idno) VALUES (3227);
insert into Candidacy (wkid, idno) VALUES (574, 3227);
insert into Citizen (idno, title, firstname, lastname, dateofbirth, gender) VALUES (3228, '', 'Unfried', 'Harald', '1.1.1964.', 'p');
insert into CandidatesData (idno) VALUES (3228);
insert into PartyMembership (pid, idno) VALUES (2, 3228);
insert into Candidacy (wkid, idno) VALUES (527, 3228);
insert into Landeslistenplatz (llid, idno, position) VALUES (1, 3228, 21);
insert into Citizen (idno, title, firstname, lastname, dateofbirth, gender) VALUES (3229, '', 'Unger', 'Dr. Frank-Uwe', '1.1.1964.', 'p');
insert into CandidatesData (idno) VALUES (3229);
insert into PartyMembership (pid, idno) VALUES (25, 3229);
insert into Landeslistenplatz (llid, idno, position) VALUES (23, 3229, 2);
insert into Citizen (idno, title, firstname, lastname, dateofbirth, gender) VALUES (3230, '', 'Unruh', 'Joachim-Friedrich', '1.1.1952.', 'p');
insert into CandidatesData (idno) VALUES (3230);
insert into PartyMembership (pid, idno) VALUES (4, 3230);
insert into Candidacy (wkid, idno) VALUES (539, 3230);
insert into Landeslistenplatz (llid, idno, position) VALUES (4, 3230, 41);
insert into Citizen (idno, title, firstname, lastname, dateofbirth, gender) VALUES (3231, '', 'Urbansky', 'Karin', '1.1.1970.', 'p');
insert into CandidatesData (idno) VALUES (3231);
insert into PartyMembership (pid, idno) VALUES (12, 3231);
insert into Landeslistenplatz (llid, idno, position) VALUES (12, 3231, 49);
insert into Citizen (idno, title, firstname, lastname, dateofbirth, gender) VALUES (3232, '', 'Urbat', 'Stefan', '1.1.1965.', 'p');
insert into CandidatesData (idno) VALUES (3232);
insert into PartyMembership (pid, idno) VALUES (7, 3232);
insert into Candidacy (wkid, idno) VALUES (557, 3232);
insert into Landeslistenplatz (llid, idno, position) VALUES (7, 3232, 4);
insert into Citizen (idno, title, firstname, lastname, dateofbirth, gender) VALUES (3233, '', 'Utz', 'Herbert', '1.1.1966.', 'p');
insert into CandidatesData (idno) VALUES (3233);
insert into Candidacy (wkid, idno) VALUES (517, 3233);
insert into Citizen (idno, title, firstname, lastname, dateofbirth, gender) VALUES (3234, '', 'Vaatz', 'Arnold Eugen Hugo', '1.1.1955.', 'p');
insert into CandidatesData (idno) VALUES (3234);
insert into PartyMembership (pid, idno) VALUES (12, 3234);
insert into Candidacy (wkid, idno) VALUES (460, 3234);
insert into Landeslistenplatz (llid, idno, position) VALUES (12, 3234, 2);
insert into Citizen (idno, title, firstname, lastname, dateofbirth, gender) VALUES (3235, '', 'Vachenauer', 'Dr. Wilhelm', '1.1.1949.', 'p');
insert into CandidatesData (idno) VALUES (3235);
insert into PartyMembership (pid, idno) VALUES (8, 3235);
insert into Candidacy (wkid, idno) VALUES (555, 3235);
insert into Landeslistenplatz (llid, idno, position) VALUES (8, 3235, 36);
insert into Citizen (idno, title, firstname, lastname, dateofbirth, gender) VALUES (3236, '', 'Vahlberg', 'Richard Ludwig Heinrich Karl', '1.1.1931.', 'p');
insert into CandidatesData (idno) VALUES (3236);
insert into PartyMembership (pid, idno) VALUES (1, 3236);
insert into Candidacy (wkid, idno) VALUES (542, 3236);
insert into Citizen (idno, title, firstname, lastname, dateofbirth, gender) VALUES (3237, '', 'Valenta', 'Philipp', '1.1.1981.', 'p');
insert into CandidatesData (idno) VALUES (3237);
insert into PartyMembership (pid, idno) VALUES (1, 3237);
insert into Candidacy (wkid, idno) VALUES (371, 3237);
insert into Landeslistenplatz (llid, idno, position) VALUES (3, 3237, 8);
insert into Citizen (idno, title, firstname, lastname, dateofbirth, gender) VALUES (3238, '', 'Vanek', 'Ulrich', '1.1.1947.', 'p');
insert into CandidatesData (idno) VALUES (3238);
insert into PartyMembership (pid, idno) VALUES (3, 3238);
insert into Candidacy (wkid, idno) VALUES (333, 3238);
insert into Citizen (idno, title, firstname, lastname, dateofbirth, gender) VALUES (3239, '', 'Veit', 'Rüdiger', '1.1.1949.', 'p');
insert into CandidatesData (idno) VALUES (3239);
insert into PartyMembership (pid, idno) VALUES (2, 3239);
insert into Candidacy (wkid, idno) VALUES (473, 3239);
insert into Landeslistenplatz (llid, idno, position) VALUES (1, 3239, 4);
insert into Citizen (idno, title, firstname, lastname, dateofbirth, gender) VALUES (3240, '', 'Veithen', 'Valentin', '1.1.1946.', 'p');
insert into CandidatesData (idno) VALUES (3240);
insert into PartyMembership (pid, idno) VALUES (3, 3240);
insert into Candidacy (wkid, idno) VALUES (390, 3240);
insert into Citizen (idno, title, firstname, lastname, dateofbirth, gender) VALUES (3241, '', 'Veltens', 'Angelo', '1.1.1985.', 'p');
insert into CandidatesData (idno) VALUES (3241);
insert into PartyMembership (pid, idno) VALUES (7, 3241);
insert into Landeslistenplatz (llid, idno, position) VALUES (7, 3241, 1);
insert into Citizen (idno, title, firstname, lastname, dateofbirth, gender) VALUES (3242, '', 'Veltens', 'Ansgar', '1.1.1960.', 'p');
insert into CandidatesData (idno) VALUES (3242);
insert into PartyMembership (pid, idno) VALUES (7, 3242);
insert into Landeslistenplatz (llid, idno, position) VALUES (7, 3242, 4);
insert into Citizen (idno, title, firstname, lastname, dateofbirth, gender) VALUES (3243, '', 'Vennemann', 'Benedikt Josef', '1.1.1970.', 'p');
insert into CandidatesData (idno) VALUES (3243);
insert into PartyMembership (pid, idno) VALUES (4, 3243);
insert into Candidacy (wkid, idno) VALUES (401, 3243);
insert into Landeslistenplatz (llid, idno, position) VALUES (4, 3243, 50);
insert into Citizen (idno, title, firstname, lastname, dateofbirth, gender) VALUES (3244, '', 'Vetter', 'Günter', '1.1.1952.', 'p');
insert into CandidatesData (idno) VALUES (3244);
insert into PartyMembership (pid, idno) VALUES (14, 3244);
insert into Landeslistenplatz (llid, idno, position) VALUES (21, 3244, 12);
insert into Citizen (idno, title, firstname, lastname, dateofbirth, gender) VALUES (3245, '', 'Viefeld', 'Marcus', '1.1.1975.', 'p');
insert into CandidatesData (idno) VALUES (3245);
insert into PartyMembership (pid, idno) VALUES (4, 3245);
insert into Candidacy (wkid, idno) VALUES (452, 3245);
insert into Landeslistenplatz (llid, idno, position) VALUES (4, 3245, 7);
insert into Citizen (idno, title, firstname, lastname, dateofbirth, gender) VALUES (3246, '', 'Vierk', 'Thomas', '1.1.1973.', 'p');
insert into CandidatesData (idno) VALUES (3246);
insert into PartyMembership (pid, idno) VALUES (1, 3246);
insert into Landeslistenplatz (llid, idno, position) VALUES (3, 3246, 5);
insert into Citizen (idno, title, firstname, lastname, dateofbirth, gender) VALUES (3247, '', 'Viesehon', 'Thomas', '1.1.1973.', 'p');
insert into CandidatesData (idno) VALUES (3247);
insert into PartyMembership (pid, idno) VALUES (12, 3247);
insert into Candidacy (wkid, idno) VALUES (467, 3247);
insert into Landeslistenplatz (llid, idno, position) VALUES (12, 3247, 20);
insert into Citizen (idno, title, firstname, lastname, dateofbirth, gender) VALUES (3248, '', 'Violka', 'Simone', '1.1.1968.', 'p');
insert into CandidatesData (idno) VALUES (3248);
insert into PartyMembership (pid, idno) VALUES (2, 3248);
insert into Candidacy (wkid, idno) VALUES (463, 3248);
insert into Landeslistenplatz (llid, idno, position) VALUES (1, 3248, 8);
insert into Citizen (idno, title, firstname, lastname, dateofbirth, gender) VALUES (3249, '', 'Vischer', 'Regina', '1.1.1957.', 'p');
insert into CandidatesData (idno) VALUES (3249);
insert into PartyMembership (pid, idno) VALUES (5, 3249);
insert into Landeslistenplatz (llid, idno, position) VALUES (5, 3249, 19);
insert into Citizen (idno, title, firstname, lastname, dateofbirth, gender) VALUES (3250, '', 'Völker', 'Nico', '1.1.1980.', 'p');
insert into CandidatesData (idno) VALUES (3250);
insert into PartyMembership (pid, idno) VALUES (4, 3250);
insert into Landeslistenplatz (llid, idno, position) VALUES (4, 3250, 3);
insert into Citizen (idno, title, firstname, lastname, dateofbirth, gender) VALUES (3251, '', 'Völlm', 'Hans-Dieter', '1.1.1943.', 'p');
insert into CandidatesData (idno) VALUES (3251);
insert into PartyMembership (pid, idno) VALUES (17, 3251);
insert into Candidacy (wkid, idno) VALUES (564, 3251);
insert into Landeslistenplatz (llid, idno, position) VALUES (16, 3251, 4);
insert into Citizen (idno, title, firstname, lastname, dateofbirth, gender) VALUES (3252, '', 'Vogel', 'Alexander', '1.1.1983.', 'p');
insert into CandidatesData (idno) VALUES (3252);
insert into PartyMembership (pid, idno) VALUES (4, 3252);
insert into Candidacy (wkid, idno) VALUES (393, 3252);
insert into Landeslistenplatz (llid, idno, position) VALUES (4, 3252, 24);
insert into Citizen (idno, title, firstname, lastname, dateofbirth, gender) VALUES (3253, '', 'Vogel', 'Ines', '1.1.1980.', 'p');
insert into CandidatesData (idno) VALUES (3253);
insert into PartyMembership (pid, idno) VALUES (2, 3253);
insert into Candidacy (wkid, idno) VALUES (460, 3253);
insert into Landeslistenplatz (llid, idno, position) VALUES (1, 3253, 10);
insert into Citizen (idno, title, firstname, lastname, dateofbirth, gender) VALUES (3254, '', 'Vogel', 'Johannes', '1.1.1982.', 'p');
insert into CandidatesData (idno) VALUES (3254);
insert into PartyMembership (pid, idno) VALUES (4, 3254);
insert into Candidacy (wkid, idno) VALUES (449, 3254);
insert into Landeslistenplatz (llid, idno, position) VALUES (4, 3254, 16);
insert into Citizen (idno, title, firstname, lastname, dateofbirth, gender) VALUES (3255, '', 'Vogel', 'Michael', '1.1.1970.', 'p');
insert into CandidatesData (idno) VALUES (3255);
insert into PartyMembership (pid, idno) VALUES (7, 3255);
insert into Landeslistenplatz (llid, idno, position) VALUES (7, 3255, 1);
insert into Citizen (idno, title, firstname, lastname, dateofbirth, gender) VALUES (3256, '', 'Vogel', 'Sebastian', '1.1.1979.', 'p');
insert into CandidatesData (idno) VALUES (3256);
insert into PartyMembership (pid, idno) VALUES (2, 3256);
insert into Candidacy (wkid, idno) VALUES (464, 3256);
insert into Landeslistenplatz (llid, idno, position) VALUES (1, 3256, 14);
insert into Citizen (idno, title, firstname, lastname, dateofbirth, gender) VALUES (3257, '', 'Vogel', 'Volkmar', '1.1.1959.', 'p');
insert into CandidatesData (idno) VALUES (3257);
insert into PartyMembership (pid, idno) VALUES (12, 3257);
insert into Candidacy (wkid, idno) VALUES (494, 3257);
insert into Landeslistenplatz (llid, idno, position) VALUES (12, 3257, 3);
insert into Citizen (idno, title, firstname, lastname, dateofbirth, gender) VALUES (3258, '', 'Vogel-Vitzthum', 'Susanne', '1.1.1960.', 'p');
insert into CandidatesData (idno) VALUES (3258);
insert into PartyMembership (pid, idno) VALUES (3, 3258);
insert into Landeslistenplatz (llid, idno, position) VALUES (2, 3258, 5);
insert into Citizen (idno, title, firstname, lastname, dateofbirth, gender) VALUES (3259, '', 'Vogelsänger', 'Jörg', '1.1.1964.', 'p');
insert into CandidatesData (idno) VALUES (3259);
insert into PartyMembership (pid, idno) VALUES (2, 3259);
insert into Candidacy (wkid, idno) VALUES (363, 3259);
insert into Landeslistenplatz (llid, idno, position) VALUES (1, 3259, 7);
insert into Citizen (idno, title, firstname, lastname, dateofbirth, gender) VALUES (3260, '', 'Vogelsang', 'Stefanie', '1.1.1966.', 'p');
insert into CandidatesData (idno) VALUES (3260);
insert into PartyMembership (pid, idno) VALUES (12, 3260);
insert into Candidacy (wkid, idno) VALUES (382, 3260);
insert into Landeslistenplatz (llid, idno, position) VALUES (12, 3260, 3);
insert into Citizen (idno, title, firstname, lastname, dateofbirth, gender) VALUES (3261, '', 'Vogler', 'Kathrin', '1.1.1963.', 'p');
insert into CandidatesData (idno) VALUES (3261);
insert into PartyMembership (pid, idno) VALUES (3, 3261);
insert into Candidacy (wkid, idno) VALUES (428, 3261);
insert into Landeslistenplatz (llid, idno, position) VALUES (2, 3261, 11);
insert into Citizen (idno, title, firstname, lastname, dateofbirth, gender) VALUES (3262, '', 'Vogt', 'Karl-Edmund', '1.1.1944.', 'p');
insert into CandidatesData (idno) VALUES (3262);
insert into PartyMembership (pid, idno) VALUES (8, 3262);
insert into Candidacy (wkid, idno) VALUES (488, 3262);
insert into Landeslistenplatz (llid, idno, position) VALUES (8, 3262, 1);
insert into Citizen (idno, title, firstname, lastname, dateofbirth, gender) VALUES (3263, '', 'Vogt', 'Ute', '1.1.1964.', 'p');
insert into CandidatesData (idno) VALUES (3263);
insert into PartyMembership (pid, idno) VALUES (2, 3263);
insert into Candidacy (wkid, idno) VALUES (557, 3263);
insert into Landeslistenplatz (llid, idno, position) VALUES (1, 3263, 1);
insert into Citizen (idno, title, firstname, lastname, dateofbirth, gender) VALUES (3264, '', 'Vogtländer', 'Arend', '1.1.1972.', 'p');
insert into CandidatesData (idno) VALUES (3264);
insert into PartyMembership (pid, idno) VALUES (7, 3264);
insert into Landeslistenplatz (llid, idno, position) VALUES (7, 3264, 3);
insert into Citizen (idno, title, firstname, lastname, dateofbirth, gender) VALUES (3265, '', 'Voigt', 'Udo', '1.1.1952.', 'p');
insert into CandidatesData (idno) VALUES (3265);
insert into PartyMembership (pid, idno) VALUES (1, 3265);
insert into Candidacy (wkid, idno) VALUES (384, 3265);
insert into Landeslistenplatz (llid, idno, position) VALUES (3, 3265, 1);
insert into Citizen (idno, title, firstname, lastname, dateofbirth, gender) VALUES (3266, '', 'Volk', 'Christian', '1.1.1980.', 'p');
insert into CandidatesData (idno) VALUES (3266);
insert into PartyMembership (pid, idno) VALUES (12, 3266);
insert into Landeslistenplatz (llid, idno, position) VALUES (12, 3266, 40);
insert into Citizen (idno, title, firstname, lastname, dateofbirth, gender) VALUES (3267, '', 'Volk', 'Dr. Daniel', '1.1.1970.', 'p');
insert into CandidatesData (idno) VALUES (3267);
insert into PartyMembership (pid, idno) VALUES (4, 3267);
insert into Candidacy (wkid, idno) VALUES (520, 3267);
insert into Landeslistenplatz (llid, idno, position) VALUES (4, 3267, 7);
insert into Citizen (idno, title, firstname, lastname, dateofbirth, gender) VALUES (3268, '', 'Volkmar', 'Timo', '1.1.1980.', 'p');
insert into CandidatesData (idno) VALUES (3268);
insert into PartyMembership (pid, idno) VALUES (7, 3268);
insert into Landeslistenplatz (llid, idno, position) VALUES (7, 3268, 5);
insert into Citizen (idno, title, firstname, lastname, dateofbirth, gender) VALUES (3269, '', 'Volkmer', 'Dr. Eva Marlies', '1.1.1947.', 'p');
insert into CandidatesData (idno) VALUES (3269);
insert into PartyMembership (pid, idno) VALUES (2, 3269);
insert into Candidacy (wkid, idno) VALUES (459, 3269);
insert into Landeslistenplatz (llid, idno, position) VALUES (1, 3269, 2);
insert into Citizen (idno, title, firstname, lastname, dateofbirth, gender) VALUES (3270, '', 'Volmering', 'Sven', '1.1.1976.', 'p');
insert into CandidatesData (idno) VALUES (3270);
insert into PartyMembership (pid, idno) VALUES (12, 3270);
insert into Candidacy (wkid, idno) VALUES (425, 3270);
insert into Landeslistenplatz (llid, idno, position) VALUES (12, 3270, 28);
insert into Citizen (idno, title, firstname, lastname, dateofbirth, gender) VALUES (3271, '', 'Volosinovszky', 'Margit-Szu', '1.1.1955.', 'p');
insert into CandidatesData (idno) VALUES (3271);
insert into PartyMembership (pid, idno) VALUES (16, 3271);
insert into Landeslistenplatz (llid, idno, position) VALUES (15, 3271, 4);
insert into Citizen (idno, title, firstname, lastname, dateofbirth, gender) VALUES (3272, '', 'Vorberger', 'Rolf', '1.1.1950.', 'p');
insert into CandidatesData (idno) VALUES (3272);
insert into PartyMembership (pid, idno) VALUES (14, 3272);
insert into Candidacy (wkid, idno) VALUES (349, 3272);
insert into Citizen (idno, title, firstname, lastname, dateofbirth, gender) VALUES (3273, '', 'Vorländer', 'Christian', '1.1.1973.', 'p');
insert into CandidatesData (idno) VALUES (3273);
insert into PartyMembership (pid, idno) VALUES (2, 3273);
insert into Candidacy (wkid, idno) VALUES (519, 3273);
insert into Landeslistenplatz (llid, idno, position) VALUES (1, 3273, 45);
insert into Citizen (idno, title, firstname, lastname, dateofbirth, gender) VALUES (3274, '', 'Vorpahl', 'Franziska', '1.1.1988.', 'p');
insert into CandidatesData (idno) VALUES (3274);
insert into PartyMembership (pid, idno) VALUES (1, 3274);
insert into Candidacy (wkid, idno) VALUES (313, 3274);
insert into Citizen (idno, title, firstname, lastname, dateofbirth, gender) VALUES (3275, '', 'Voß', 'Bernd', '1.1.1954.', 'p');
insert into CandidatesData (idno) VALUES (3275);
insert into PartyMembership (pid, idno) VALUES (5, 3275);
insert into Candidacy (wkid, idno) VALUES (302, 3275);
insert into Landeslistenplatz (llid, idno, position) VALUES (5, 3275, 8);
insert into Citizen (idno, title, firstname, lastname, dateofbirth, gender) VALUES (3276, '', 'Voß', 'Hans-Joachim', '1.1.1948.', 'p');
insert into CandidatesData (idno) VALUES (3276);
insert into PartyMembership (pid, idno) VALUES (1, 3276);
insert into Candidacy (wkid, idno) VALUES (445, 3276);
insert into Citizen (idno, title, firstname, lastname, dateofbirth, gender) VALUES (3277, '', 'Voß', 'Harry Otto Adolf', '1.1.1953.', 'p');
insert into CandidatesData (idno) VALUES (3277);
insert into PartyMembership (pid, idno) VALUES (3, 3277);
insert into Candidacy (wkid, idno) VALUES (301, 3277);
insert into Citizen (idno, title, firstname, lastname, dateofbirth, gender) VALUES (3278, '', 'Voß', 'Johanna Regina', '1.1.1957.', 'p');
insert into CandidatesData (idno) VALUES (3278);
insert into PartyMembership (pid, idno) VALUES (3, 3278);
insert into Candidacy (wkid, idno) VALUES (337, 3278);
insert into Landeslistenplatz (llid, idno, position) VALUES (2, 3278, 7);
insert into Citizen (idno, title, firstname, lastname, dateofbirth, gender) VALUES (3279, '', 'Voß', 'Renate', '1.1.1943.', 'p');
insert into CandidatesData (idno) VALUES (3279);
insert into PartyMembership (pid, idno) VALUES (13, 3279);
insert into Candidacy (wkid, idno) VALUES (313, 3279);
insert into Landeslistenplatz (llid, idno, position) VALUES (13, 3279, 2);
insert into Citizen (idno, title, firstname, lastname, dateofbirth, gender) VALUES (3280, '', 'Voß', 'Sylvia', '1.1.1954.', 'p');
insert into CandidatesData (idno) VALUES (3280);
insert into PartyMembership (pid, idno) VALUES (3, 3280);
insert into Landeslistenplatz (llid, idno, position) VALUES (2, 3280, 10);
insert into Citizen (idno, title, firstname, lastname, dateofbirth, gender) VALUES (3281, '', 'Voßbeck-Kayser', 'Christel Hedwig Ernestine', '1.1.1961.', 'p');
insert into CandidatesData (idno) VALUES (3281);
insert into PartyMembership (pid, idno) VALUES (12, 3281);
insert into Candidacy (wkid, idno) VALUES (450, 3281);
insert into Landeslistenplatz (llid, idno, position) VALUES (12, 3281, 33);
insert into Citizen (idno, title, firstname, lastname, dateofbirth, gender) VALUES (3282, '', 'Voßhoff', 'Andrea', '1.1.1958.', 'p');
insert into CandidatesData (idno) VALUES (3282);
insert into PartyMembership (pid, idno) VALUES (12, 3282);
insert into Candidacy (wkid, idno) VALUES (360, 3282);
insert into Landeslistenplatz (llid, idno, position) VALUES (12, 3282, 3);
insert into Citizen (idno, title, firstname, lastname, dateofbirth, gender) VALUES (3283, '', 'Voßkühler', 'Karl', '1.1.1981.', 'p');
insert into CandidatesData (idno) VALUES (3283);
insert into PartyMembership (pid, idno) VALUES (3, 3283);
insert into Candidacy (wkid, idno) VALUES (505, 3283);
insert into Landeslistenplatz (llid, idno, position) VALUES (2, 3283, 6);
insert into Citizen (idno, title, firstname, lastname, dateofbirth, gender) VALUES (3284, '', 'Vrankaj', 'Daniela', '1.1.1980.', 'p');
insert into CandidatesData (idno) VALUES (3284);
insert into PartyMembership (pid, idno) VALUES (1, 3284);
insert into Candidacy (wkid, idno) VALUES (477, 3284);
insert into Citizen (idno, title, firstname, lastname, dateofbirth, gender) VALUES (3285, '', 'Vries de', 'Christoph', '1.1.1974.', 'p');
insert into CandidatesData (idno) VALUES (3285);
insert into PartyMembership (pid, idno) VALUES (12, 3285);
insert into Landeslistenplatz (llid, idno, position) VALUES (12, 3285, 5);
insert into Citizen (idno, title, firstname, lastname, dateofbirth, gender) VALUES (3286, '', 'Vries de', 'Kees', '1.1.1955.', 'p');
insert into CandidatesData (idno) VALUES (3286);
insert into PartyMembership (pid, idno) VALUES (12, 3286);
insert into Candidacy (wkid, idno) VALUES (371, 3286);
insert into Landeslistenplatz (llid, idno, position) VALUES (12, 3286, 3);
insert into Citizen (idno, title, firstname, lastname, dateofbirth, gender) VALUES (3287, '', 'Vuranoglu', 'Mehmet Ali', '1.1.1959.', 'p');
insert into CandidatesData (idno) VALUES (3287);
insert into PartyMembership (pid, idno) VALUES (13, 3287);
insert into Landeslistenplatz (llid, idno, position) VALUES (13, 3287, 11);
insert into Citizen (idno, title, firstname, lastname, dateofbirth, gender) VALUES (3288, '', 'Wachs', 'Heinrich', '1.1.1968.', 'p');
insert into CandidatesData (idno) VALUES (3288);
insert into PartyMembership (pid, idno) VALUES (1, 3288);
insert into Landeslistenplatz (llid, idno, position) VALUES (3, 3288, 4);
insert into Citizen (idno, title, firstname, lastname, dateofbirth, gender) VALUES (3289, '', 'Wadephul', 'Dr. Johann David', '1.1.1963.', 'p');
insert into CandidatesData (idno) VALUES (3289);
insert into PartyMembership (pid, idno) VALUES (12, 3289);
insert into Candidacy (wkid, idno) VALUES (303, 3289);
insert into Landeslistenplatz (llid, idno, position) VALUES (12, 3289, 1);
insert into Citizen (idno, title, firstname, lastname, dateofbirth, gender) VALUES (3290, '', 'Wächter', 'Cassandra', '1.1.1986.', 'p');
insert into CandidatesData (idno) VALUES (3290);
insert into PartyMembership (pid, idno) VALUES (1, 3290);
insert into Candidacy (wkid, idno) VALUES (443, 3290);
insert into Citizen (idno, title, firstname, lastname, dateofbirth, gender) VALUES (3291, '', 'Wagener', 'Horst', '1.1.1937.', 'p');
insert into CandidatesData (idno) VALUES (3291);
insert into PartyMembership (pid, idno) VALUES (1, 3291);
insert into Candidacy (wkid, idno) VALUES (324, 3291);
insert into Citizen (idno, title, firstname, lastname, dateofbirth, gender) VALUES (3292, '', 'Wagenknecht-Niemeyer', 'Sarah', '1.1.1969.', 'p');
insert into CandidatesData (idno) VALUES (3292);
insert into PartyMembership (pid, idno) VALUES (3, 3292);
insert into Candidacy (wkid, idno) VALUES (407, 3292);
insert into Landeslistenplatz (llid, idno, position) VALUES (2, 3292, 5);
insert into Citizen (idno, title, firstname, lastname, dateofbirth, gender) VALUES (3293, '', 'Wagner', 'Adi', '1.1.1952.', 'p');
insert into CandidatesData (idno) VALUES (3293);
insert into PartyMembership (pid, idno) VALUES (2, 3293);
insert into Landeslistenplatz (llid, idno, position) VALUES (1, 3293, 5);
insert into Citizen (idno, title, firstname, lastname, dateofbirth, gender) VALUES (3294, '', 'Wagner', 'Arfst', '1.1.1954.', 'p');
insert into CandidatesData (idno) VALUES (3294);
insert into PartyMembership (pid, idno) VALUES (5, 3294);
insert into Landeslistenplatz (llid, idno, position) VALUES (5, 3294, 4);
insert into Citizen (idno, title, firstname, lastname, dateofbirth, gender) VALUES (3295, '', 'Wagner', 'Brigitte', '1.1.1947.', 'p');
insert into CandidatesData (idno) VALUES (3295);
insert into PartyMembership (pid, idno) VALUES (19, 3295);
insert into Landeslistenplatz (llid, idno, position) VALUES (18, 3295, 2);
insert into Citizen (idno, title, firstname, lastname, dateofbirth, gender) VALUES (3296, '', 'Wagner', 'Daniela', '1.1.1957.', 'p');
insert into CandidatesData (idno) VALUES (3296);
insert into PartyMembership (pid, idno) VALUES (5, 3296);
insert into Candidacy (wkid, idno) VALUES (485, 3296);
insert into Landeslistenplatz (llid, idno, position) VALUES (5, 3296, 5);
insert into Citizen (idno, title, firstname, lastname, dateofbirth, gender) VALUES (3297, '', 'Wagner', 'Gerhard', '1.1.1939.', 'p');
insert into CandidatesData (idno) VALUES (3297);
insert into PartyMembership (pid, idno) VALUES (20, 3297);
insert into Landeslistenplatz (llid, idno, position) VALUES (19, 3297, 2);
insert into Citizen (idno, title, firstname, lastname, dateofbirth, gender) VALUES (3298, '', 'Wagner', 'Karla', '1.1.1957.', 'p');
insert into CandidatesData (idno) VALUES (3298);
insert into PartyMembership (pid, idno) VALUES (2, 3298);
insert into Landeslistenplatz (llid, idno, position) VALUES (1, 3298, 11);
insert into Citizen (idno, title, firstname, lastname, dateofbirth, gender) VALUES (3299, '', 'Wagner', 'Kay', '1.1.1984.', 'p');
insert into CandidatesData (idno) VALUES (3299);
insert into PartyMembership (pid, idno) VALUES (8, 3299);
insert into Landeslistenplatz (llid, idno, position) VALUES (8, 3299, 5);
insert into Citizen (idno, title, firstname, lastname, dateofbirth, gender) VALUES (3300, '', 'Wagner', 'Kurt', '1.1.1937.', 'p');
insert into CandidatesData (idno) VALUES (3300);
insert into PartyMembership (pid, idno) VALUES (12, 3300);
insert into Landeslistenplatz (llid, idno, position) VALUES (12, 3300, 53);
insert into Citizen (idno, title, firstname, lastname, dateofbirth, gender) VALUES (3301, '', 'Wagner', 'Regina', '1.1.1964.', 'p');
insert into CandidatesData (idno) VALUES (3301);
insert into PartyMembership (pid, idno) VALUES (12, 3301);
insert into Landeslistenplatz (llid, idno, position) VALUES (12, 3301, 27);
insert into Citizen (idno, title, firstname, lastname, dateofbirth, gender) VALUES (3302, '', 'Wagner', 'Sascha', '1.1.1972.', 'p');
insert into CandidatesData (idno) VALUES (3302);
insert into PartyMembership (pid, idno) VALUES (1, 3302);
insert into Candidacy (wkid, idno) VALUES (509, 3302);
insert into Citizen (idno, title, firstname, lastname, dateofbirth, gender) VALUES (3303, '', 'Wagner', 'Susanne', '1.1.1953.', 'p');
insert into CandidatesData (idno) VALUES (3303);
insert into PartyMembership (pid, idno) VALUES (13, 3303);
insert into Landeslistenplatz (llid, idno, position) VALUES (13, 3303, 6);
insert into Citizen (idno, title, firstname, lastname, dateofbirth, gender) VALUES (3304, '', 'Wagschal', 'Monika', '1.1.1954.', 'p');
insert into CandidatesData (idno) VALUES (3304);
insert into PartyMembership (pid, idno) VALUES (2, 3304);
insert into Landeslistenplatz (llid, idno, position) VALUES (1, 3304, 10);
insert into Citizen (idno, title, firstname, lastname, dateofbirth, gender) VALUES (3305, '', 'Waitz', 'Christoph', '1.1.1960.', 'p');
insert into CandidatesData (idno) VALUES (3305);
insert into PartyMembership (pid, idno) VALUES (4, 3305);
insert into Candidacy (wkid, idno) VALUES (454, 3305);
insert into Citizen (idno, title, firstname, lastname, dateofbirth, gender) VALUES (3306, '', 'Walde', 'Ingo Peter', '1.1.1945.', 'p');
insert into CandidatesData (idno) VALUES (3306);
insert into PartyMembership (pid, idno) VALUES (1, 3306);
insert into Landeslistenplatz (llid, idno, position) VALUES (3, 3306, 3);
insert into Citizen (idno, title, firstname, lastname, dateofbirth, gender) VALUES (3307, '', 'Walden', 'Björn', '1.1.1983.', 'p');
insert into CandidatesData (idno) VALUES (3307);
insert into PartyMembership (pid, idno) VALUES (2, 3307);
insert into Candidacy (wkid, idno) VALUES (504, 3307);
insert into Landeslistenplatz (llid, idno, position) VALUES (1, 3307, 14);
insert into Citizen (idno, title, firstname, lastname, dateofbirth, gender) VALUES (3308, '', 'Waldheim', 'Silvio', '1.1.1960.', 'p');
insert into CandidatesData (idno) VALUES (3308);
insert into PartyMembership (pid, idno) VALUES (1, 3308);
insert into Candidacy (wkid, idno) VALUES (574, 3308);
insert into Citizen (idno, title, firstname, lastname, dateofbirth, gender) VALUES (3309, '', 'Waldheim', 'Thomas', '1.1.1960.', 'p');
insert into CandidatesData (idno) VALUES (3309);
insert into PartyMembership (pid, idno) VALUES (3, 3309);
insert into Candidacy (wkid, idno) VALUES (367, 3309);
insert into Citizen (idno, title, firstname, lastname, dateofbirth, gender) VALUES (3310, '', 'Waldow', 'Michael', '1.1.1971.', 'p');
insert into CandidatesData (idno) VALUES (3310);
insert into Candidacy (wkid, idno) VALUES (317, 3310);
insert into Citizen (idno, title, firstname, lastname, dateofbirth, gender) VALUES (3311, '', 'Walesch', 'Stefan', '1.1.1988.', 'p');
insert into CandidatesData (idno) VALUES (3311);
insert into PartyMembership (pid, idno) VALUES (7, 3311);
insert into Landeslistenplatz (llid, idno, position) VALUES (7, 3311, 4);
insert into Citizen (idno, title, firstname, lastname, dateofbirth, gender) VALUES (3312, '', 'Wallbraun', 'Kirsten', '1.1.1962.', 'p');
insert into CandidatesData (idno) VALUES (3312);
insert into PartyMembership (pid, idno) VALUES (8, 3312);
insert into Candidacy (wkid, idno) VALUES (436, 3312);
insert into Landeslistenplatz (llid, idno, position) VALUES (8, 3312, 2);
insert into Citizen (idno, title, firstname, lastname, dateofbirth, gender) VALUES (3313, '', 'Wallenstein', 'Dr. Gabriele Anna', '1.1.1947.', 'p');
insert into CandidatesData (idno) VALUES (3313);
insert into PartyMembership (pid, idno) VALUES (13, 3313);
insert into Landeslistenplatz (llid, idno, position) VALUES (13, 3313, 1);
insert into Citizen (idno, title, firstname, lastname, dateofbirth, gender) VALUES (3314, '', 'Wallenstein', 'Klaus', '1.1.1943.', 'p');
insert into CandidatesData (idno) VALUES (3314);
insert into PartyMembership (pid, idno) VALUES (13, 3314);
insert into Candidacy (wkid, idno) VALUES (414, 3314);
insert into Landeslistenplatz (llid, idno, position) VALUES (13, 3314, 15);
insert into Citizen (idno, title, firstname, lastname, dateofbirth, gender) VALUES (3315, '', 'Walser', 'Max D.', '1.1.1952.', 'p');
insert into CandidatesData (idno) VALUES (3315);
insert into PartyMembership (pid, idno) VALUES (15, 3315);
insert into Candidacy (wkid, idno) VALUES (551, 3315);
insert into Citizen (idno, title, firstname, lastname, dateofbirth, gender) VALUES (3316, '', 'Walter', 'Bruno', '1.1.1961.', 'p');
insert into CandidatesData (idno) VALUES (3316);
insert into PartyMembership (pid, idno) VALUES (6, 3316);
insert into Landeslistenplatz (llid, idno, position) VALUES (6, 3316, 1);
insert into Citizen (idno, title, firstname, lastname, dateofbirth, gender) VALUES (3317, '', 'Walter', 'Helmut', '1.1.1952.', 'p');
insert into CandidatesData (idno) VALUES (3317);
insert into PartyMembership (pid, idno) VALUES (1, 3317);
insert into Candidacy (wkid, idno) VALUES (329, 3317);
insert into Citizen (idno, title, firstname, lastname, dateofbirth, gender) VALUES (3318, '', 'Walter', 'Markus', '1.1.1975.', 'p');
insert into CandidatesData (idno) VALUES (3318);
insert into PartyMembership (pid, idno) VALUES (1, 3318);
insert into Candidacy (wkid, idno) VALUES (510, 3318);
insert into Citizen (idno, title, firstname, lastname, dateofbirth, gender) VALUES (3319, '', 'Walter', 'Uli', '1.1.1945.', 'p');
insert into CandidatesData (idno) VALUES (3319);
insert into PartyMembership (pid, idno) VALUES (4, 3319);
insert into Candidacy (wkid, idno) VALUES (590, 3319);
insert into Landeslistenplatz (llid, idno, position) VALUES (4, 3319, 30);
insert into Citizen (idno, title, firstname, lastname, dateofbirth, gender) VALUES (3320, '', 'Walter von', 'Mechthild', '1.1.1939.', 'p');
insert into CandidatesData (idno) VALUES (3320);
insert into PartyMembership (pid, idno) VALUES (8, 3320);
insert into Candidacy (wkid, idno) VALUES (520, 3320);
insert into Landeslistenplatz (llid, idno, position) VALUES (8, 3320, 1);
insert into Citizen (idno, title, firstname, lastname, dateofbirth, gender) VALUES (3321, '', 'Walter-Rosenheimer', 'Beate', '1.1.1964.', 'p');
insert into CandidatesData (idno) VALUES (3321);
insert into PartyMembership (pid, idno) VALUES (5, 3321);
insert into Candidacy (wkid, idno) VALUES (515, 3321);
insert into Landeslistenplatz (llid, idno, position) VALUES (5, 3321, 11);
insert into Citizen (idno, title, firstname, lastname, dateofbirth, gender) VALUES (3322, '', 'Walther', 'Claudia', '1.1.1963.', 'p');
insert into CandidatesData (idno) VALUES (3322);
insert into PartyMembership (pid, idno) VALUES (2, 3322);
insert into Landeslistenplatz (llid, idno, position) VALUES (1, 3322, 44);
insert into Citizen (idno, title, firstname, lastname, dateofbirth, gender) VALUES (3323, '', 'Wandersleb', 'Leo', '1.1.1977.', 'p');
insert into CandidatesData (idno) VALUES (3323);
insert into PartyMembership (pid, idno) VALUES (7, 3323);
insert into Landeslistenplatz (llid, idno, position) VALUES (7, 3323, 4);
insert into Citizen (idno, title, firstname, lastname, dateofbirth, gender) VALUES (3324, '', 'Wanderwitz', 'Marco', '1.1.1975.', 'p');
insert into CandidatesData (idno) VALUES (3324);
insert into PartyMembership (pid, idno) VALUES (12, 3324);
insert into Candidacy (wkid, idno) VALUES (463, 3324);
insert into Citizen (idno, title, firstname, lastname, dateofbirth, gender) VALUES (3325, '', 'Wandl', 'Dr. Joseph', '1.1.1950.', 'p');
insert into CandidatesData (idno) VALUES (3325);
insert into PartyMembership (pid, idno) VALUES (3, 3325);
insert into Candidacy (wkid, idno) VALUES (528, 3325);
insert into Citizen (idno, title, firstname, lastname, dateofbirth, gender) VALUES (3326, '', 'Wantscha', 'Franz-Markus', '1.1.1948.', 'p');
insert into CandidatesData (idno) VALUES (3326);
insert into PartyMembership (pid, idno) VALUES (10, 3326);
insert into Landeslistenplatz (llid, idno, position) VALUES (10, 3326, 19);
insert into Citizen (idno, title, firstname, lastname, dateofbirth, gender) VALUES (3327, '', 'Wasner-Sommer', 'Cornelia Maria', '1.1.1965.', 'p');
insert into CandidatesData (idno) VALUES (3327);
insert into PartyMembership (pid, idno) VALUES (9, 3327);
insert into Landeslistenplatz (llid, idno, position) VALUES (9, 3327, 36);
insert into Citizen (idno, title, firstname, lastname, dateofbirth, gender) VALUES (3328, '', 'Wasserhövel', 'Karl-Josef', '1.1.1962.', 'p');
insert into CandidatesData (idno) VALUES (3328);
insert into PartyMembership (pid, idno) VALUES (2, 3328);
insert into Candidacy (wkid, idno) VALUES (384, 3328);
insert into Citizen (idno, title, firstname, lastname, dateofbirth, gender) VALUES (3329, '', 'Wawzyniak', 'Halina', '1.1.1973.', 'p');
insert into CandidatesData (idno) VALUES (3329);
insert into PartyMembership (pid, idno) VALUES (3, 3329);
insert into Candidacy (wkid, idno) VALUES (383, 3329);
insert into Landeslistenplatz (llid, idno, position) VALUES (2, 3329, 5);
insert into Citizen (idno, title, firstname, lastname, dateofbirth, gender) VALUES (3330, '', 'Weber', 'Andreas', '1.1.1980.', 'p');
insert into CandidatesData (idno) VALUES (3330);
insert into PartyMembership (pid, idno) VALUES (10, 3330);
insert into Landeslistenplatz (llid, idno, position) VALUES (10, 3330, 2);
insert into Citizen (idno, title, firstname, lastname, dateofbirth, gender) VALUES (3331, '', 'Weber', 'Andreas', '1.1.1979.', 'p');
insert into CandidatesData (idno) VALUES (3331);
insert into PartyMembership (pid, idno) VALUES (12, 3331);
insert into Landeslistenplatz (llid, idno, position) VALUES (12, 3331, 47);
insert into Citizen (idno, title, firstname, lastname, dateofbirth, gender) VALUES (3332, '', 'Weber', 'Bernd', '1.1.1979.', 'p');
insert into CandidatesData (idno) VALUES (3332);
insert into PartyMembership (pid, idno) VALUES (2, 3332);
insert into Landeslistenplatz (llid, idno, position) VALUES (1, 3332, 10);
insert into Citizen (idno, title, firstname, lastname, dateofbirth, gender) VALUES (3333, '', 'Weber', 'Erwin Willi', '1.1.1947.', 'p');
insert into CandidatesData (idno) VALUES (3333);
insert into Candidacy (wkid, idno) VALUES (400, 3333);
insert into Citizen (idno, title, firstname, lastname, dateofbirth, gender) VALUES (3334, '', 'Weber', 'Florian', '1.1.1963.', 'p');
insert into CandidatesData (idno) VALUES (3334);
insert into PartyMembership (pid, idno) VALUES (15, 3334);
insert into Candidacy (wkid, idno) VALUES (522, 3334);
insert into Landeslistenplatz (llid, idno, position) VALUES (14, 3334, 1);
insert into Citizen (idno, title, firstname, lastname, dateofbirth, gender) VALUES (3335, '', 'Weber', 'Karin', '1.1.1951.', 'p');
insert into CandidatesData (idno) VALUES (3335);
insert into PartyMembership (pid, idno) VALUES (13, 3335);
insert into Landeslistenplatz (llid, idno, position) VALUES (13, 3335, 5);
insert into Citizen (idno, title, firstname, lastname, dateofbirth, gender) VALUES (3336, '', 'Weber', 'Matthias', '1.1.1985.', 'p');
insert into CandidatesData (idno) VALUES (3336);
insert into PartyMembership (pid, idno) VALUES (4, 3336);
insert into Landeslistenplatz (llid, idno, position) VALUES (4, 3336, 40);
insert into Citizen (idno, title, firstname, lastname, dateofbirth, gender) VALUES (3337, '', 'Weber', 'Patrick', '1.1.1983.', 'p');
insert into CandidatesData (idno) VALUES (3337);
insert into PartyMembership (pid, idno) VALUES (1, 3337);
insert into Candidacy (wkid, idno) VALUES (490, 3337);
insert into Landeslistenplatz (llid, idno, position) VALUES (3, 3337, 4);
insert into Citizen (idno, title, firstname, lastname, dateofbirth, gender) VALUES (3338, '', 'Weber', 'Peter', '1.1.1949.', 'p');
insert into CandidatesData (idno) VALUES (3338);
insert into PartyMembership (pid, idno) VALUES (8, 3338);
insert into Landeslistenplatz (llid, idno, position) VALUES (8, 3338, 12);
insert into Citizen (idno, title, firstname, lastname, dateofbirth, gender) VALUES (3339, '', 'Weber', 'Volker Helmut', '1.1.1962.', 'p');
insert into CandidatesData (idno) VALUES (3339);
insert into PartyMembership (pid, idno) VALUES (4, 3339);
insert into Candidacy (wkid, idno) VALUES (495, 3339);
insert into Citizen (idno, title, firstname, lastname, dateofbirth, gender) VALUES (3340, '', 'Weckner-Lömm', 'Elke', '1.1.1958.', 'p');
insert into CandidatesData (idno) VALUES (3340);
insert into PartyMembership (pid, idno) VALUES (4, 3340);
insert into Candidacy (wkid, idno) VALUES (374, 3340);
insert into Citizen (idno, title, firstname, lastname, dateofbirth, gender) VALUES (3341, '', 'Wedel', 'Dirk', '1.1.1974.', 'p');
insert into CandidatesData (idno) VALUES (3341);
insert into PartyMembership (pid, idno) VALUES (4, 3341);
insert into Candidacy (wkid, idno) VALUES (405, 3341);
insert into Landeslistenplatz (llid, idno, position) VALUES (4, 3341, 45);
insert into Citizen (idno, title, firstname, lastname, dateofbirth, gender) VALUES (3342, '', 'Wedelstaedt von', 'Dr. Christina- Elisabeth', '1.1.1965.', 'p');
insert into CandidatesData (idno) VALUES (3342);
insert into PartyMembership (pid, idno) VALUES (12, 3342);
insert into Landeslistenplatz (llid, idno, position) VALUES (12, 3342, 21);
insert into Citizen (idno, title, firstname, lastname, dateofbirth, gender) VALUES (3343, '', 'Wefes', 'Bastian Immanuel', '1.1.1982.', 'p');
insert into CandidatesData (idno) VALUES (3343);
insert into PartyMembership (pid, idno) VALUES (3, 3343);
insert into Candidacy (wkid, idno) VALUES (404, 3343);
insert into Citizen (idno, title, firstname, lastname, dateofbirth, gender) VALUES (3344, '', 'Wegele', 'Maximilian Anton', '1.1.1966.', 'p');
insert into CandidatesData (idno) VALUES (3344);
insert into PartyMembership (pid, idno) VALUES (8, 3344);
insert into Candidacy (wkid, idno) VALUES (554, 3344);
insert into Landeslistenplatz (llid, idno, position) VALUES (8, 3344, 11);
insert into Citizen (idno, title, firstname, lastname, dateofbirth, gender) VALUES (3345, '', 'Wegener', 'Daniela', '1.1.1974.', 'p');
insert into CandidatesData (idno) VALUES (3345);
insert into PartyMembership (pid, idno) VALUES (1, 3345);
insert into Candidacy (wkid, idno) VALUES (447, 3345);
insert into Citizen (idno, title, firstname, lastname, dateofbirth, gender) VALUES (3346, '', 'Wegener', 'Gunnar', '1.1.1953.', 'p');
insert into CandidatesData (idno) VALUES (3346);
insert into PartyMembership (pid, idno) VALUES (2, 3346);
insert into Landeslistenplatz (llid, idno, position) VALUES (1, 3346, 56);
insert into Citizen (idno, title, firstname, lastname, dateofbirth, gender) VALUES (3347, '', 'Wegmann', 'Sabine Barbara', '1.1.1952.', 'p');
insert into CandidatesData (idno) VALUES (3347);
insert into PartyMembership (pid, idno) VALUES (3, 3347);
insert into Landeslistenplatz (llid, idno, position) VALUES (2, 3347, 20);
insert into Citizen (idno, title, firstname, lastname, dateofbirth, gender) VALUES (3348, '', 'Wegner', 'Kai Peter', '1.1.1972.', 'p');
insert into CandidatesData (idno) VALUES (3348);
insert into PartyMembership (pid, idno) VALUES (12, 3348);
insert into Candidacy (wkid, idno) VALUES (378, 3348);
insert into Landeslistenplatz (llid, idno, position) VALUES (12, 3348, 5);
insert into Citizen (idno, title, firstname, lastname, dateofbirth, gender) VALUES (3349, '', 'Wehner', 'Jürgen', '1.1.1965.', 'p');
insert into CandidatesData (idno) VALUES (3349);
insert into PartyMembership (pid, idno) VALUES (1, 3349);
insert into Candidacy (wkid, idno) VALUES (563, 3349);
insert into Citizen (idno, title, firstname, lastname, dateofbirth, gender) VALUES (3350, '', 'Wehrend', 'Sven', '1.1.1987.', 'p');
insert into CandidatesData (idno) VALUES (3350);
insert into PartyMembership (pid, idno) VALUES (7, 3350);
insert into Landeslistenplatz (llid, idno, position) VALUES (7, 3350, 4);
insert into Citizen (idno, title, firstname, lastname, dateofbirth, gender) VALUES (3351, '', 'Weible', 'Dr. Ingrid', '1.1.1947.', 'p');
insert into CandidatesData (idno) VALUES (3351);
insert into PartyMembership (pid, idno) VALUES (13, 3351);
insert into Landeslistenplatz (llid, idno, position) VALUES (13, 3351, 4);
insert into Citizen (idno, title, firstname, lastname, dateofbirth, gender) VALUES (3352, '', 'Weide', 'Hans', '1.1.1937.', 'p');
insert into CandidatesData (idno) VALUES (3352);
insert into PartyMembership (pid, idno) VALUES (23, 3352);
insert into Landeslistenplatz (llid, idno, position) VALUES (24, 3352, 1);
insert into Citizen (idno, title, firstname, lastname, dateofbirth, gender) VALUES (3353, '', 'Weidner', 'Michael', '1.1.1948.', 'p');
insert into CandidatesData (idno) VALUES (3353);
insert into PartyMembership (pid, idno) VALUES (13, 3353);
insert into Candidacy (wkid, idno) VALUES (588, 3353);
insert into Citizen (idno, title, firstname, lastname, dateofbirth, gender) VALUES (3354, '', 'Weiershäuser', 'Heiko', '1.1.1963.', 'p');
insert into CandidatesData (idno) VALUES (3354);
insert into PartyMembership (pid, idno) VALUES (2, 3354);
insert into Landeslistenplatz (llid, idno, position) VALUES (1, 3354, 33);
insert into Citizen (idno, title, firstname, lastname, dateofbirth, gender) VALUES (3355, '', 'Weigand', 'Nils', '1.1.1976.', 'p');
insert into CandidatesData (idno) VALUES (3355);
insert into PartyMembership (pid, idno) VALUES (4, 3355);
insert into Candidacy (wkid, idno) VALUES (470, 3355);
insert into Landeslistenplatz (llid, idno, position) VALUES (4, 3355, 16);
insert into Citizen (idno, title, firstname, lastname, dateofbirth, gender) VALUES (3356, '', 'Weigel', 'Andreas', '1.1.1964.', 'p');
insert into CandidatesData (idno) VALUES (3356);
insert into PartyMembership (pid, idno) VALUES (2, 3356);
insert into Candidacy (wkid, idno) VALUES (465, 3356);
insert into Landeslistenplatz (llid, idno, position) VALUES (1, 3356, 7);
insert into Citizen (idno, title, firstname, lastname, dateofbirth, gender) VALUES (3357, '', 'Weigel', 'Florian', '1.1.1988.', 'p');
insert into CandidatesData (idno) VALUES (3357);
insert into PartyMembership (pid, idno) VALUES (12, 3357);
insert into Landeslistenplatz (llid, idno, position) VALUES (12, 3357, 6);
insert into Citizen (idno, title, firstname, lastname, dateofbirth, gender) VALUES (3358, '', 'Weigl', 'Anton', '1.1.1963.', 'p');
insert into CandidatesData (idno) VALUES (3358);
insert into PartyMembership (pid, idno) VALUES (15, 3358);
insert into Landeslistenplatz (llid, idno, position) VALUES (14, 3358, 48);
insert into Citizen (idno, title, firstname, lastname, dateofbirth, gender) VALUES (3359, '', 'Weigle', 'Sebastian', '1.1.1978.', 'p');
insert into CandidatesData (idno) VALUES (3359);
insert into PartyMembership (pid, idno) VALUES (2, 3359);
insert into Candidacy (wkid, idno) VALUES (588, 3359);
insert into Landeslistenplatz (llid, idno, position) VALUES (1, 3359, 25);
insert into Citizen (idno, title, firstname, lastname, dateofbirth, gender) VALUES (3360, '', 'Weil', 'Rüdiger', '1.1.1977.', 'p');
insert into CandidatesData (idno) VALUES (3360);
insert into PartyMembership (pid, idno) VALUES (2, 3360);
insert into Landeslistenplatz (llid, idno, position) VALUES (1, 3360, 26);
insert into Citizen (idno, title, firstname, lastname, dateofbirth, gender) VALUES (3361, '', 'Weiland', 'Gerd', '1.1.1950.', 'p');
insert into CandidatesData (idno) VALUES (3361);
insert into Candidacy (wkid, idno) VALUES (342, 3361);
insert into Citizen (idno, title, firstname, lastname, dateofbirth, gender) VALUES (3362, '', 'Weiland', 'Stephan', '1.1.1985.', 'p');
insert into CandidatesData (idno) VALUES (3362);
insert into PartyMembership (pid, idno) VALUES (12, 3362);
insert into Landeslistenplatz (llid, idno, position) VALUES (12, 3362, 14);
insert into Citizen (idno, title, firstname, lastname, dateofbirth, gender) VALUES (3363, '', 'Weinberg', 'Harald', '1.1.1957.', 'p');
insert into CandidatesData (idno) VALUES (3363);
insert into PartyMembership (pid, idno) VALUES (3, 3363);
insert into Candidacy (wkid, idno) VALUES (543, 3363);
insert into Landeslistenplatz (llid, idno, position) VALUES (2, 3363, 4);
insert into Citizen (idno, title, firstname, lastname, dateofbirth, gender) VALUES (3364, '', 'Weinberg', 'Marcus', '1.1.1967.', 'p');
insert into CandidatesData (idno) VALUES (3364);
insert into PartyMembership (pid, idno) VALUES (12, 3364);
insert into Candidacy (wkid, idno) VALUES (319, 3364);
insert into Landeslistenplatz (llid, idno, position) VALUES (12, 3364, 3);
insert into Citizen (idno, title, firstname, lastname, dateofbirth, gender) VALUES (3365, '', 'Weinfurtner', 'Angelika', '1.1.1959.', 'p');
insert into CandidatesData (idno) VALUES (3365);
insert into PartyMembership (pid, idno) VALUES (2, 3365);
insert into Landeslistenplatz (llid, idno, position) VALUES (1, 3365, 53);
insert into Citizen (idno, title, firstname, lastname, dateofbirth, gender) VALUES (3366, '', 'Weinlich', 'Peter', '1.1.1977.', 'p');
insert into CandidatesData (idno) VALUES (3366);
insert into PartyMembership (pid, idno) VALUES (4, 3366);
insert into Candidacy (wkid, idno) VALUES (544, 3366);
insert into Landeslistenplatz (llid, idno, position) VALUES (4, 3366, 32);
insert into Citizen (idno, title, firstname, lastname, dateofbirth, gender) VALUES (3367, '', 'Weinmann', 'Ingrid', '1.1.1942.', 'p');
insert into CandidatesData (idno) VALUES (3367);
insert into PartyMembership (pid, idno) VALUES (15, 3367);
insert into Landeslistenplatz (llid, idno, position) VALUES (14, 3367, 49);
insert into Citizen (idno, title, firstname, lastname, dateofbirth, gender) VALUES (3368, '', 'Weinsziehr', 'Wolfgang', '1.1.1943.', 'p');
insert into CandidatesData (idno) VALUES (3368);
insert into PartyMembership (pid, idno) VALUES (14, 3368);
insert into Candidacy (wkid, idno) VALUES (348, 3368);
insert into Citizen (idno, title, firstname, lastname, dateofbirth, gender) VALUES (3369, '', 'Weishäupl', 'Günther', '1.1.1967.', 'p');
insert into CandidatesData (idno) VALUES (3369);
insert into PartyMembership (pid, idno) VALUES (11, 3369);
insert into Landeslistenplatz (llid, idno, position) VALUES (11, 3369, 1);
insert into Citizen (idno, title, firstname, lastname, dateofbirth, gender) VALUES (3370, '', 'Weispfenning', 'Peter Georg', '1.1.1967.', 'p');
insert into CandidatesData (idno) VALUES (3370);
insert into PartyMembership (pid, idno) VALUES (13, 3370);
insert into Candidacy (wkid, idno) VALUES (441, 3370);
insert into Citizen (idno, title, firstname, lastname, dateofbirth, gender) VALUES (3371, '', 'Weiß', 'Christian', '1.1.1960.', 'p');
insert into CandidatesData (idno) VALUES (3371);
insert into PartyMembership (pid, idno) VALUES (21, 3371);
insert into Landeslistenplatz (llid, idno, position) VALUES (20, 3371, 14);
insert into Citizen (idno, title, firstname, lastname, dateofbirth, gender) VALUES (3372, '', 'Weiß', 'Emmi Paula', '1.1.1935.', 'p');
insert into CandidatesData (idno) VALUES (3372);
insert into PartyMembership (pid, idno) VALUES (4, 3372);
insert into Landeslistenplatz (llid, idno, position) VALUES (4, 3372, 36);
insert into Citizen (idno, title, firstname, lastname, dateofbirth, gender) VALUES (3373, '', 'Weiß', 'Peter', '1.1.1956.', 'p');
insert into CandidatesData (idno) VALUES (3373);
insert into PartyMembership (pid, idno) VALUES (12, 3373);
insert into Candidacy (wkid, idno) VALUES (582, 3373);
insert into Citizen (idno, title, firstname, lastname, dateofbirth, gender) VALUES (3374, '', 'Weiß', 'Robert', '1.1.1971.', 'p');
insert into CandidatesData (idno) VALUES (3374);
insert into PartyMembership (pid, idno) VALUES (8, 3374);
insert into Landeslistenplatz (llid, idno, position) VALUES (8, 3374, 15);
insert into Citizen (idno, title, firstname, lastname, dateofbirth, gender) VALUES (3375, '', 'Weiss', 'Sabine Katharina', '1.1.1958.', 'p');
insert into CandidatesData (idno) VALUES (3375);
insert into PartyMembership (pid, idno) VALUES (12, 3375);
insert into Candidacy (wkid, idno) VALUES (413, 3375);
insert into Landeslistenplatz (llid, idno, position) VALUES (12, 3375, 24);
insert into Citizen (idno, title, firstname, lastname, dateofbirth, gender) VALUES (3376, '', 'Weiß', 'Wolfgang', '1.1.1961.', 'p');
insert into CandidatesData (idno) VALUES (3376);
insert into PartyMembership (pid, idno) VALUES (5, 3376);
insert into Candidacy (wkid, idno) VALUES (537, 3376);
insert into Citizen (idno, title, firstname, lastname, dateofbirth, gender) VALUES (3377, '', 'Weissleder', 'Dirk', '1.1.1969.', 'p');
insert into CandidatesData (idno) VALUES (3377);
insert into PartyMembership (pid, idno) VALUES (4, 3377);
insert into Candidacy (wkid, idno) VALUES (347, 3377);
insert into Landeslistenplatz (llid, idno, position) VALUES (4, 3377, 15);
insert into Citizen (idno, title, firstname, lastname, dateofbirth, gender) VALUES (3378, '', 'Weitenhagen', 'Felix', '1.1.1977.', 'p');
insert into CandidatesData (idno) VALUES (3378);
insert into PartyMembership (pid, idno) VALUES (13, 3378);
insert into Candidacy (wkid, idno) VALUES (378, 3378);
insert into Landeslistenplatz (llid, idno, position) VALUES (13, 3378, 2);
insert into Citizen (idno, title, firstname, lastname, dateofbirth, gender) VALUES (3379, '', 'Weiter', 'Gabriele', '1.1.1957.', 'p');
insert into CandidatesData (idno) VALUES (3379);
insert into PartyMembership (pid, idno) VALUES (8, 3379);
insert into Landeslistenplatz (llid, idno, position) VALUES (8, 3379, 14);
insert into Citizen (idno, title, firstname, lastname, dateofbirth, gender) VALUES (3380, '', 'Welk', 'Norbert', '1.1.1964.', 'p');
insert into CandidatesData (idno) VALUES (3380);
insert into PartyMembership (pid, idno) VALUES (7, 3380);
insert into Candidacy (wkid, idno) VALUES (558, 3380);
insert into Citizen (idno, title, firstname, lastname, dateofbirth, gender) VALUES (3381, '', 'Welke', 'Lukas Volkmar', '1.1.1955.', 'p');
insert into CandidatesData (idno) VALUES (3381);
insert into Candidacy (wkid, idno) VALUES (460, 3381);
insert into Citizen (idno, title, firstname, lastname, dateofbirth, gender) VALUES (3382, '', 'Wellenreuther', 'Ingo', '1.1.1959.', 'p');
insert into CandidatesData (idno) VALUES (3382);
insert into PartyMembership (pid, idno) VALUES (12, 3382);
insert into Candidacy (wkid, idno) VALUES (570, 3382);
insert into Landeslistenplatz (llid, idno, position) VALUES (12, 3382, 6);
insert into Citizen (idno, title, firstname, lastname, dateofbirth, gender) VALUES (3383, '', 'Wellmann', 'Karl-Georg', '1.1.1952.', 'p');
insert into CandidatesData (idno) VALUES (3383);
insert into PartyMembership (pid, idno) VALUES (12, 3383);
insert into Candidacy (wkid, idno) VALUES (379, 3383);
insert into Landeslistenplatz (llid, idno, position) VALUES (12, 3383, 2);
insert into Citizen (idno, title, firstname, lastname, dateofbirth, gender) VALUES (3384, '', 'Wellmann', 'Sigrid', '1.1.1958.', 'p');
insert into CandidatesData (idno) VALUES (3384);
insert into PartyMembership (pid, idno) VALUES (30, 3384);
insert into Candidacy (wkid, idno) VALUES (475, 3384);
insert into Citizen (idno, title, firstname, lastname, dateofbirth, gender) VALUES (3385, '', 'Welzhofer', 'Alfred Wilhelm', '1.1.1961.', 'p');
insert into CandidatesData (idno) VALUES (3385);
insert into PartyMembership (pid, idno) VALUES (7, 3385);
insert into Landeslistenplatz (llid, idno, position) VALUES (7, 3385, 7);
insert into Citizen (idno, title, firstname, lastname, dateofbirth, gender) VALUES (3386, '', 'Wenck', 'Prof. Dr. Helmut Adolph Wilhelm', '1.1.1935.', 'p');
insert into CandidatesData (idno) VALUES (3386);
insert into PartyMembership (pid, idno) VALUES (12, 3386);
insert into Landeslistenplatz (llid, idno, position) VALUES (12, 3386, 57);
insert into Citizen (idno, title, firstname, lastname, dateofbirth, gender) VALUES (3387, '', 'Wende', 'Willi Kurt', '1.1.1947.', 'p');
insert into CandidatesData (idno) VALUES (3387);
insert into Candidacy (wkid, idno) VALUES (384, 3387);
insert into Citizen (idno, title, firstname, lastname, dateofbirth, gender) VALUES (3388, '', 'Wendl', 'Michael', '1.1.1950.', 'p');
insert into CandidatesData (idno) VALUES (3388);
insert into PartyMembership (pid, idno) VALUES (3, 3388);
insert into Candidacy (wkid, idno) VALUES (519, 3388);
insert into Landeslistenplatz (llid, idno, position) VALUES (2, 3388, 12);
insert into Citizen (idno, title, firstname, lastname, dateofbirth, gender) VALUES (3389, '', 'Wendlandt', 'Katrin', '1.1.1968.', 'p');
insert into CandidatesData (idno) VALUES (3389);
insert into PartyMembership (pid, idno) VALUES (19, 3389);
insert into Landeslistenplatz (llid, idno, position) VALUES (18, 3389, 4);
insert into Citizen (idno, title, firstname, lastname, dateofbirth, gender) VALUES (3390, '', 'Wendt', 'Marian', '1.1.1985.', 'p');
insert into CandidatesData (idno) VALUES (3390);
insert into PartyMembership (pid, idno) VALUES (12, 3390);
insert into Landeslistenplatz (llid, idno, position) VALUES (12, 3390, 10);
insert into Citizen (idno, title, firstname, lastname, dateofbirth, gender) VALUES (3391, '', 'Wendt-Kleinberg', 'Walter', '1.1.1948.', 'p');
insert into CandidatesData (idno) VALUES (3391);
insert into PartyMembership (pid, idno) VALUES (3, 3391);
insert into Candidacy (wkid, idno) VALUES (444, 3391);
insert into Citizen (idno, title, firstname, lastname, dateofbirth, gender) VALUES (3392, '', 'Weng', 'Martin', '1.1.1978.', 'p');
insert into CandidatesData (idno) VALUES (3392);
insert into PartyMembership (pid, idno) VALUES (12, 3392);
insert into Landeslistenplatz (llid, idno, position) VALUES (12, 3392, 25);
insert into Citizen (idno, title, firstname, lastname, dateofbirth, gender) VALUES (3393, '', 'Wengelinski', 'Karsten', '1.1.1963.', 'p');
insert into CandidatesData (idno) VALUES (3393);
insert into PartyMembership (pid, idno) VALUES (19, 3393);
insert into Landeslistenplatz (llid, idno, position) VALUES (18, 3393, 1);
insert into Citizen (idno, title, firstname, lastname, dateofbirth, gender) VALUES (3394, '', 'Wengenroth', 'Elvira', '1.1.1961.', 'p');
insert into CandidatesData (idno) VALUES (3394);
insert into PartyMembership (pid, idno) VALUES (17, 3394);
insert into Landeslistenplatz (llid, idno, position) VALUES (16, 3394, 7);
insert into Citizen (idno, title, firstname, lastname, dateofbirth, gender) VALUES (3395, '', 'Wenghöfer', 'Jörg', '1.1.1964.', 'p');
insert into CandidatesData (idno) VALUES (3395);
insert into PartyMembership (pid, idno) VALUES (2, 3395);
insert into Landeslistenplatz (llid, idno, position) VALUES (1, 3395, 23);
insert into Citizen (idno, title, firstname, lastname, dateofbirth, gender) VALUES (3396, '', 'Wennmacher', 'Felizitas', '1.1.1952.', 'p');
insert into CandidatesData (idno) VALUES (3396);
insert into PartyMembership (pid, idno) VALUES (3, 3396);
insert into Candidacy (wkid, idno) VALUES (408, 3396);
insert into Landeslistenplatz (llid, idno, position) VALUES (2, 3396, 32);
insert into Citizen (idno, title, firstname, lastname, dateofbirth, gender) VALUES (3397, '', 'Werlberger', 'Renate', '1.1.1955.', 'p');
insert into CandidatesData (idno) VALUES (3397);
insert into PartyMembership (pid, idno) VALUES (1, 3397);
insert into Candidacy (wkid, idno) VALUES (519, 3397);
insert into Citizen (idno, title, firstname, lastname, dateofbirth, gender) VALUES (3398, '', 'Werle', 'Elisabeth', '1.1.1962.', 'p');
insert into CandidatesData (idno) VALUES (3398);
insert into PartyMembership (pid, idno) VALUES (6, 3398);
insert into Landeslistenplatz (llid, idno, position) VALUES (6, 3398, 9);
insert into Citizen (idno, title, firstname, lastname, dateofbirth, gender) VALUES (3399, '', 'Werner', 'Daniel', '1.1.1977.', 'p');
insert into CandidatesData (idno) VALUES (3399);
insert into PartyMembership (pid, idno) VALUES (2, 3399);
insert into Candidacy (wkid, idno) VALUES (454, 3399);
insert into Landeslistenplatz (llid, idno, position) VALUES (1, 3399, 13);
insert into Citizen (idno, title, firstname, lastname, dateofbirth, gender) VALUES (3400, '', 'Werner', 'Elsbeth', '1.1.1945.', 'p');
insert into CandidatesData (idno) VALUES (3400);
insert into PartyMembership (pid, idno) VALUES (6, 3400);
insert into Landeslistenplatz (llid, idno, position) VALUES (6, 3400, 11);
insert into Citizen (idno, title, firstname, lastname, dateofbirth, gender) VALUES (3401, '', 'Werner', 'Karsten', '1.1.1984.', 'p');
insert into CandidatesData (idno) VALUES (3401);
insert into PartyMembership (pid, idno) VALUES (10, 3401);
insert into Candidacy (wkid, idno) VALUES (453, 3401);
insert into Landeslistenplatz (llid, idno, position) VALUES (10, 3401, 5);
insert into Citizen (idno, title, firstname, lastname, dateofbirth, gender) VALUES (3402, '', 'Werner', 'Katrin', '1.1.1973.', 'p');
insert into CandidatesData (idno) VALUES (3402);
insert into PartyMembership (pid, idno) VALUES (3, 3402);
insert into Candidacy (wkid, idno) VALUES (503, 3402);
insert into Landeslistenplatz (llid, idno, position) VALUES (2, 3402, 3);
insert into Citizen (idno, title, firstname, lastname, dateofbirth, gender) VALUES (3403, '', 'Wersing', 'Reinhard', '1.1.1940.', 'p');
insert into CandidatesData (idno) VALUES (3403);
insert into PartyMembership (pid, idno) VALUES (8, 3403);
insert into Landeslistenplatz (llid, idno, position) VALUES (8, 3403, 4);
insert into Citizen (idno, title, firstname, lastname, dateofbirth, gender) VALUES (3404, '', 'Wesener', 'Gudrun Elisabeth', '1.1.1959.', 'p');
insert into CandidatesData (idno) VALUES (3404);
insert into PartyMembership (pid, idno) VALUES (13, 3404);
insert into Landeslistenplatz (llid, idno, position) VALUES (13, 3404, 8);
insert into Citizen (idno, title, firstname, lastname, dateofbirth, gender) VALUES (3405, '', 'Wesner', 'Claudia', '1.1.1971.', 'p');
insert into CandidatesData (idno) VALUES (3405);
insert into PartyMembership (pid, idno) VALUES (12, 3405);
insert into Landeslistenplatz (llid, idno, position) VALUES (12, 3405, 38);
insert into Citizen (idno, title, firstname, lastname, dateofbirth, gender) VALUES (3406, '', 'Wessel', 'Herbert', '1.1.1951.', 'p');
insert into CandidatesData (idno) VALUES (3406);
insert into PartyMembership (pid, idno) VALUES (3, 3406);
insert into Candidacy (wkid, idno) VALUES (431, 3406);
insert into Citizen (idno, title, firstname, lastname, dateofbirth, gender) VALUES (3407, '', 'Weßlau', 'Dr. Dirk', '1.1.1961.', 'p');
insert into CandidatesData (idno) VALUES (3407);
insert into Candidacy (wkid, idno) VALUES (359, 3407);
insert into Citizen (idno, title, firstname, lastname, dateofbirth, gender) VALUES (3408, '', 'Weßling', 'Claudia Hannelore', '1.1.1985.', 'p');
insert into CandidatesData (idno) VALUES (3408);
insert into PartyMembership (pid, idno) VALUES (2, 3408);
insert into Landeslistenplatz (llid, idno, position) VALUES (1, 3408, 49);
insert into Citizen (idno, title, firstname, lastname, dateofbirth, gender) VALUES (3409, '', 'Westermayer', 'Waldemar', '1.1.1953.', 'p');
insert into CandidatesData (idno) VALUES (3409);
insert into PartyMembership (pid, idno) VALUES (12, 3409);
insert into Landeslistenplatz (llid, idno, position) VALUES (12, 3409, 20);
insert into Citizen (idno, title, firstname, lastname, dateofbirth, gender) VALUES (3410, '', 'Westerwelle', 'Dr. Guido', '1.1.1961.', 'p');
insert into CandidatesData (idno) VALUES (3410);
insert into PartyMembership (pid, idno) VALUES (4, 3410);
insert into Candidacy (wkid, idno) VALUES (396, 3410);
insert into Landeslistenplatz (llid, idno, position) VALUES (4, 3410, 1);
insert into Citizen (idno, title, firstname, lastname, dateofbirth, gender) VALUES (3411, '', 'Westfehling', 'Angela', '1.1.1956.', 'p');
insert into CandidatesData (idno) VALUES (3411);
insert into PartyMembership (pid, idno) VALUES (4, 3411);
insert into Landeslistenplatz (llid, idno, position) VALUES (4, 3411, 5);
insert into Citizen (idno, title, firstname, lastname, dateofbirth, gender) VALUES (3412, '', 'Westphal', 'Benjamin', '1.1.1988.', 'p');
insert into CandidatesData (idno) VALUES (3412);
insert into PartyMembership (pid, idno) VALUES (7, 3412);
insert into Landeslistenplatz (llid, idno, position) VALUES (7, 3412, 5);
insert into Citizen (idno, title, firstname, lastname, dateofbirth, gender) VALUES (3413, '', 'Westphely', 'Maaret', '1.1.1974.', 'p');
insert into CandidatesData (idno) VALUES (3413);
insert into PartyMembership (pid, idno) VALUES (5, 3413);
insert into Candidacy (wkid, idno) VALUES (342, 3413);
insert into Citizen (idno, title, firstname, lastname, dateofbirth, gender) VALUES (3414, '', 'Wettlaufer', 'Wolfgang', '1.1.1948.', 'p');
insert into CandidatesData (idno) VALUES (3414);
insert into PartyMembership (pid, idno) VALUES (8, 3414);
insert into Landeslistenplatz (llid, idno, position) VALUES (8, 3414, 12);
insert into Citizen (idno, title, firstname, lastname, dateofbirth, gender) VALUES (3415, '', 'Wetzel', 'Dr. Margrit', '1.1.1950.', 'p');
insert into CandidatesData (idno) VALUES (3415);
insert into PartyMembership (pid, idno) VALUES (2, 3415);
insert into Candidacy (wkid, idno) VALUES (330, 3415);
insert into Landeslistenplatz (llid, idno, position) VALUES (1, 3415, 23);
insert into Citizen (idno, title, firstname, lastname, dateofbirth, gender) VALUES (3416, '', 'Wetzelsberger', 'Hans', '1.1.1949.', 'p');
insert into CandidatesData (idno) VALUES (3416);
insert into PartyMembership (pid, idno) VALUES (14, 3416);
insert into Landeslistenplatz (llid, idno, position) VALUES (21, 3416, 11);
insert into Citizen (idno, title, firstname, lastname, dateofbirth, gender) VALUES (3417, '', 'Whittaker', 'Kai', '1.1.1985.', 'p');
insert into CandidatesData (idno) VALUES (3417);
insert into PartyMembership (pid, idno) VALUES (12, 3417);
insert into Landeslistenplatz (llid, idno, position) VALUES (12, 3417, 28);
insert into Citizen (idno, title, firstname, lastname, dateofbirth, gender) VALUES (3418, '', 'Wichmann', 'Matthias', '1.1.1973.', 'p');
insert into CandidatesData (idno) VALUES (3418);
insert into PartyMembership (pid, idno) VALUES (1, 3418);
insert into Candidacy (wkid, idno) VALUES (385, 3418);
insert into Landeslistenplatz (llid, idno, position) VALUES (3, 3418, 8);
insert into Citizen (idno, title, firstname, lastname, dateofbirth, gender) VALUES (3419, '', 'Wichtel', 'Peter', '1.1.1949.', 'p');
insert into CandidatesData (idno) VALUES (3419);
insert into PartyMembership (pid, idno) VALUES (12, 3419);
insert into Candidacy (wkid, idno) VALUES (484, 3419);
insert into Landeslistenplatz (llid, idno, position) VALUES (12, 3419, 12);
insert into Citizen (idno, title, firstname, lastname, dateofbirth, gender) VALUES (3420, '', 'Wicklein', 'Andrea', '1.1.1958.', 'p');
insert into CandidatesData (idno) VALUES (3420);
insert into PartyMembership (pid, idno) VALUES (2, 3420);
insert into Candidacy (wkid, idno) VALUES (361, 3420);
insert into Landeslistenplatz (llid, idno, position) VALUES (1, 3420, 4);
insert into Citizen (idno, title, firstname, lastname, dateofbirth, gender) VALUES (3421, '', 'Widder', 'Jürgen', '1.1.1973.', 'p');
insert into CandidatesData (idno) VALUES (3421);
insert into PartyMembership (pid, idno) VALUES (1, 3421);
insert into Candidacy (wkid, idno) VALUES (593, 3421);
insert into Citizen (idno, title, firstname, lastname, dateofbirth, gender) VALUES (3422, '', 'Widmann-Mauz', 'Annette', '1.1.1966.', 'p');
insert into CandidatesData (idno) VALUES (3422);
insert into PartyMembership (pid, idno) VALUES (12, 3422);
insert into Candidacy (wkid, idno) VALUES (589, 3422);
insert into Landeslistenplatz (llid, idno, position) VALUES (12, 3422, 4);
insert into Citizen (idno, title, firstname, lastname, dateofbirth, gender) VALUES (3423, '', 'Wiechmann', 'Hans-Gerd', '1.1.1949.', 'p');
insert into CandidatesData (idno) VALUES (3423);
insert into PartyMembership (pid, idno) VALUES (11, 3423);
insert into Landeslistenplatz (llid, idno, position) VALUES (11, 3423, 1);
insert into Citizen (idno, title, firstname, lastname, dateofbirth, gender) VALUES (3424, '', 'Wieck', 'Christel', '1.1.1958.', 'p');
insert into CandidatesData (idno) VALUES (3424);
insert into PartyMembership (pid, idno) VALUES (4, 3424);
insert into Landeslistenplatz (llid, idno, position) VALUES (4, 3424, 23);
insert into Citizen (idno, title, firstname, lastname, dateofbirth, gender) VALUES (3425, '', 'Wieczorek-Zeul', 'Heidemarie', '1.1.1942.', 'p');
insert into CandidatesData (idno) VALUES (3425);
insert into PartyMembership (pid, idno) VALUES (2, 3425);
insert into Candidacy (wkid, idno) VALUES (478, 3425);
insert into Landeslistenplatz (llid, idno, position) VALUES (1, 3425, 1);
insert into Citizen (idno, title, firstname, lastname, dateofbirth, gender) VALUES (3426, '', 'Wiedemeyer', 'Cornelia', '1.1.1961.', 'p');
insert into CandidatesData (idno) VALUES (3426);
insert into PartyMembership (pid, idno) VALUES (2, 3426);
insert into Landeslistenplatz (llid, idno, position) VALUES (1, 3426, 2);
insert into Citizen (idno, title, firstname, lastname, dateofbirth, gender) VALUES (3427, '', 'Wiederstein', 'Volker', '1.1.1965.', 'p');
insert into CandidatesData (idno) VALUES (3427);
insert into PartyMembership (pid, idno) VALUES (17, 3427);
insert into Landeslistenplatz (llid, idno, position) VALUES (16, 3427, 5);
insert into Citizen (idno, title, firstname, lastname, dateofbirth, gender) VALUES (3428, '', 'Wiefelspütz', 'Dr. Dieter', '1.1.1946.', 'p');
insert into CandidatesData (idno) VALUES (3428);
insert into PartyMembership (pid, idno) VALUES (2, 3428);
insert into Candidacy (wkid, idno) VALUES (445, 3428);
insert into Landeslistenplatz (llid, idno, position) VALUES (1, 3428, 45);
insert into Citizen (idno, title, firstname, lastname, dateofbirth, gender) VALUES (3429, '', 'Wiegenstein', 'Daniel', '1.1.1958.', 'p');
insert into CandidatesData (idno) VALUES (3429);
insert into PartyMembership (pid, idno) VALUES (13, 3429);
insert into Candidacy (wkid, idno) VALUES (369, 3429);
insert into Landeslistenplatz (llid, idno, position) VALUES (13, 3429, 7);
insert into Citizen (idno, title, firstname, lastname, dateofbirth, gender) VALUES (3430, '', 'Wiegräfe', 'Dieter August Karl', '1.1.1935.', 'p');
insert into CandidatesData (idno) VALUES (3430);
insert into PartyMembership (pid, idno) VALUES (11, 3430);
insert into Landeslistenplatz (llid, idno, position) VALUES (11, 3430, 4);
insert into Citizen (idno, title, firstname, lastname, dateofbirth, gender) VALUES (3431, '', 'Wieland', 'Wolfgang', '1.1.1948.', 'p');
insert into CandidatesData (idno) VALUES (3431);
insert into PartyMembership (pid, idno) VALUES (5, 3431);
insert into Candidacy (wkid, idno) VALUES (375, 3431);
insert into Landeslistenplatz (llid, idno, position) VALUES (5, 3431, 2);
insert into Citizen (idno, title, firstname, lastname, dateofbirth, gender) VALUES (3432, '', 'Wiemer', 'Margarete', '1.1.1954.', 'p');
insert into CandidatesData (idno) VALUES (3432);
insert into PartyMembership (pid, idno) VALUES (3, 3432);
insert into Candidacy (wkid, idno) VALUES (481, 3432);
insert into Citizen (idno, title, firstname, lastname, dateofbirth, gender) VALUES (3433, '', 'Wiemers', 'Christoph', '1.1.1973.', 'p');
insert into CandidatesData (idno) VALUES (3433);
insert into PartyMembership (pid, idno) VALUES (4, 3433);
insert into Candidacy (wkid, idno) VALUES (436, 3433);
insert into Citizen (idno, title, firstname, lastname, dateofbirth, gender) VALUES (3434, '', 'Wienzek', 'Roberto', '1.1.1983.', 'p');
insert into CandidatesData (idno) VALUES (3434);
insert into PartyMembership (pid, idno) VALUES (10, 3434);
insert into Landeslistenplatz (llid, idno, position) VALUES (10, 3434, 4);
insert into Citizen (idno, title, firstname, lastname, dateofbirth, gender) VALUES (3435, '', 'Wieschke', 'Patrick', '1.1.1981.', 'p');
insert into CandidatesData (idno) VALUES (3435);
insert into PartyMembership (pid, idno) VALUES (1, 3435);
insert into Candidacy (wkid, idno) VALUES (489, 3435);
insert into Landeslistenplatz (llid, idno, position) VALUES (3, 3435, 2);
insert into Citizen (idno, title, firstname, lastname, dateofbirth, gender) VALUES (3436, '', 'Wiese', 'Heinz', '1.1.1945.', 'p');
insert into CandidatesData (idno) VALUES (3436);
insert into PartyMembership (pid, idno) VALUES (12, 3436);
insert into Landeslistenplatz (llid, idno, position) VALUES (12, 3436, 15);
insert into Citizen (idno, title, firstname, lastname, dateofbirth, gender) VALUES (3437, '', 'Wiesend', 'Rita', '1.1.1960.', 'p');
insert into CandidatesData (idno) VALUES (3437);
insert into PartyMembership (pid, idno) VALUES (8, 3437);
insert into Candidacy (wkid, idno) VALUES (534, 3437);
insert into Landeslistenplatz (llid, idno, position) VALUES (8, 3437, 37);
insert into Citizen (idno, title, firstname, lastname, dateofbirth, gender) VALUES (3438, '', 'Wieser', 'Theodor', '1.1.1949.', 'p');
insert into CandidatesData (idno) VALUES (3438);
insert into PartyMembership (pid, idno) VALUES (27, 3438);
insert into Landeslistenplatz (llid, idno, position) VALUES (26, 3438, 5);
insert into Citizen (idno, title, firstname, lastname, dateofbirth, gender) VALUES (3439, '', 'Wiest', 'Claudia', '1.1.1967.', 'p');
insert into CandidatesData (idno) VALUES (3439);
insert into PartyMembership (pid, idno) VALUES (8, 3439);
insert into Candidacy (wkid, idno) VALUES (532, 3439);
insert into Landeslistenplatz (llid, idno, position) VALUES (8, 3439, 3);
insert into Citizen (idno, title, firstname, lastname, dateofbirth, gender) VALUES (3440, '', 'Wiest', 'Susanne', '1.1.1967.', 'p');
insert into CandidatesData (idno) VALUES (3440);
insert into Candidacy (wkid, idno) VALUES (315, 3440);
insert into Citizen (idno, title, firstname, lastname, dateofbirth, gender) VALUES (3441, '', 'Wilde', 'Dr. Frank-Eberhard', '1.1.1937.', 'p');
insert into CandidatesData (idno) VALUES (3441);
insert into PartyMembership (pid, idno) VALUES (8, 3441);
insert into Landeslistenplatz (llid, idno, position) VALUES (8, 3441, 3);
insert into Citizen (idno, title, firstname, lastname, dateofbirth, gender) VALUES (3442, '', 'Wildenradt von', 'Peter', '1.1.1957.', 'p');
insert into CandidatesData (idno) VALUES (3442);
insert into Candidacy (wkid, idno) VALUES (304, 3442);
insert into Citizen (idno, title, firstname, lastname, dateofbirth, gender) VALUES (3443, '', 'Wilhelm', 'Sabine', '1.1.1965.', 'p');
insert into CandidatesData (idno) VALUES (3443);
insert into PartyMembership (pid, idno) VALUES (2, 3443);
insert into Candidacy (wkid, idno) VALUES (510, 3443);
insert into Landeslistenplatz (llid, idno, position) VALUES (1, 3443, 8);
insert into Citizen (idno, title, firstname, lastname, dateofbirth, gender) VALUES (3444, '', 'Wilhelmi', 'Ralf Heinrich', '1.1.1952.', 'p');
insert into CandidatesData (idno) VALUES (3444);
insert into PartyMembership (pid, idno) VALUES (4, 3444);
insert into Candidacy (wkid, idno) VALUES (500, 3444);
insert into Landeslistenplatz (llid, idno, position) VALUES (4, 3444, 6);
insert into Citizen (idno, title, firstname, lastname, dateofbirth, gender) VALUES (3445, '', 'Wilke', 'Maria Hilde', '1.1.1950.', 'p');
insert into CandidatesData (idno) VALUES (3445);
insert into Candidacy (wkid, idno) VALUES (314, 3445);
insert into Citizen (idno, title, firstname, lastname, dateofbirth, gender) VALUES (3446, '', 'Willenberg', 'Björn', '1.1.1983.', 'p');
insert into CandidatesData (idno) VALUES (3446);
insert into PartyMembership (pid, idno) VALUES (7, 3446);
insert into Landeslistenplatz (llid, idno, position) VALUES (7, 3446, 8);
insert into Citizen (idno, title, firstname, lastname, dateofbirth, gender) VALUES (3447, '', 'Willsch', 'Klaus-Peter', '1.1.1961.', 'p');
insert into CandidatesData (idno) VALUES (3447);
insert into PartyMembership (pid, idno) VALUES (12, 3447);
insert into Candidacy (wkid, idno) VALUES (477, 3447);
insert into Landeslistenplatz (llid, idno, position) VALUES (12, 3447, 16);
insert into Citizen (idno, title, firstname, lastname, dateofbirth, gender) VALUES (3448, '', 'Wilms', 'Dr. Valerie', '1.1.1954.', 'p');
insert into CandidatesData (idno) VALUES (3448);
insert into PartyMembership (pid, idno) VALUES (5, 3448);
insert into Candidacy (wkid, idno) VALUES (306, 3448);
insert into Landeslistenplatz (llid, idno, position) VALUES (5, 3448, 3);
insert into Citizen (idno, title, firstname, lastname, dateofbirth, gender) VALUES (3449, '', 'Wilzek', 'Herbert', '1.1.1953.', 'p');
insert into CandidatesData (idno) VALUES (3449);
insert into PartyMembership (pid, idno) VALUES (3, 3449);
insert into Candidacy (wkid, idno) VALUES (591, 3449);
insert into Landeslistenplatz (llid, idno, position) VALUES (2, 3449, 8);
insert into Citizen (idno, title, firstname, lastname, dateofbirth, gender) VALUES (3450, '', 'Windecker', 'Edna', '1.1.1946.', 'p');
insert into CandidatesData (idno) VALUES (3450);
insert into PartyMembership (pid, idno) VALUES (1, 3450);
insert into Candidacy (wkid, idno) VALUES (487, 3450);
insert into Landeslistenplatz (llid, idno, position) VALUES (3, 3450, 6);
insert into Citizen (idno, title, firstname, lastname, dateofbirth, gender) VALUES (3451, '', 'Winkelmeier', 'Gert', '1.1.1956.', 'p');
insert into CandidatesData (idno) VALUES (3451);
insert into PartyMembership (pid, idno) VALUES (3, 3451);
insert into Candidacy (wkid, idno) VALUES (498, 3451);
insert into Citizen (idno, title, firstname, lastname, dateofbirth, gender) VALUES (3452, '', 'Winkelmeier-Becker', 'Elisabeth', '1.1.1962.', 'p');
insert into CandidatesData (idno) VALUES (3452);
insert into PartyMembership (pid, idno) VALUES (12, 3452);
insert into Candidacy (wkid, idno) VALUES (397, 3452);
insert into Landeslistenplatz (llid, idno, position) VALUES (12, 3452, 21);
insert into Citizen (idno, title, firstname, lastname, dateofbirth, gender) VALUES (3453, '', 'Winkler', 'Elisabeth', '1.1.1971.', 'p');
insert into CandidatesData (idno) VALUES (3453);
insert into PartyMembership (pid, idno) VALUES (8, 3453);
insert into Candidacy (wkid, idno) VALUES (516, 3453);
insert into Landeslistenplatz (llid, idno, position) VALUES (8, 3453, 38);
insert into Citizen (idno, title, firstname, lastname, dateofbirth, gender) VALUES (3454, '', 'Winkler', 'Josef Philip', '1.1.1974.', 'p');
insert into CandidatesData (idno) VALUES (3454);
insert into PartyMembership (pid, idno) VALUES (5, 3454);
insert into Candidacy (wkid, idno) VALUES (499, 3454);
insert into Landeslistenplatz (llid, idno, position) VALUES (5, 3454, 2);
insert into Citizen (idno, title, firstname, lastname, dateofbirth, gender) VALUES (3455, '', 'Winkler', 'Manfred', '1.1.1949.', 'p');
insert into CandidatesData (idno) VALUES (3455);
insert into Candidacy (wkid, idno) VALUES (565, 3455);
insert into Citizen (idno, title, firstname, lastname, dateofbirth, gender) VALUES (3456, '', 'Winkler', 'Marco', '1.1.1989.', 'p');
insert into CandidatesData (idno) VALUES (3456);
insert into PartyMembership (pid, idno) VALUES (3, 3456);
insert into Landeslistenplatz (llid, idno, position) VALUES (2, 3456, 25);
insert into Citizen (idno, title, firstname, lastname, dateofbirth, gender) VALUES (3457, '', 'Winkler', 'Ursula', '1.1.1939.', 'p');
insert into CandidatesData (idno) VALUES (3457);
insert into PartyMembership (pid, idno) VALUES (1, 3457);
insert into Candidacy (wkid, idno) VALUES (319, 3457);
insert into Landeslistenplatz (llid, idno, position) VALUES (3, 3457, 4);
insert into Citizen (idno, title, firstname, lastname, dateofbirth, gender) VALUES (3458, '', 'Winter', 'Heike Christine', '1.1.1971.', 'p');
insert into CandidatesData (idno) VALUES (3458);
insert into PartyMembership (pid, idno) VALUES (2, 3458);
insert into Landeslistenplatz (llid, idno, position) VALUES (1, 3458, 21);
insert into Citizen (idno, title, firstname, lastname, dateofbirth, gender) VALUES (3459, '', 'Winter', 'Mario', '1.1.1982.', 'p');
insert into CandidatesData (idno) VALUES (3459);
insert into PartyMembership (pid, idno) VALUES (1, 3459);
insert into Candidacy (wkid, idno) VALUES (502, 3459);
insert into Citizen (idno, title, firstname, lastname, dateofbirth, gender) VALUES (3460, '', 'Winter', 'Susanna', '1.1.1954.', 'p');
insert into CandidatesData (idno) VALUES (3460);
insert into PartyMembership (pid, idno) VALUES (12, 3460);
insert into Landeslistenplatz (llid, idno, position) VALUES (12, 3460, 32);
insert into Citizen (idno, title, firstname, lastname, dateofbirth, gender) VALUES (3461, '', 'Winter', 'Wilhelm Friedrich', '1.1.1940.', 'p');
insert into CandidatesData (idno) VALUES (3461);
insert into PartyMembership (pid, idno) VALUES (10, 3461);
insert into Landeslistenplatz (llid, idno, position) VALUES (10, 3461, 18);
insert into Citizen (idno, title, firstname, lastname, dateofbirth, gender) VALUES (3462, '', 'Winter', 'Wolfgang', '1.1.1957.', 'p');
insert into CandidatesData (idno) VALUES (3462);
insert into PartyMembership (pid, idno) VALUES (14, 3462);
insert into Landeslistenplatz (llid, idno, position) VALUES (21, 3462, 16);
insert into Citizen (idno, title, firstname, lastname, dateofbirth, gender) VALUES (3463, '', 'Winterstein', 'Dr. Claudia', '1.1.1950.', 'p');
insert into CandidatesData (idno) VALUES (3463);
insert into PartyMembership (pid, idno) VALUES (4, 3463);
insert into Candidacy (wkid, idno) VALUES (341, 3463);
insert into Landeslistenplatz (llid, idno, position) VALUES (4, 3463, 2);
insert into Citizen (idno, title, firstname, lastname, dateofbirth, gender) VALUES (3464, '', 'Wirth', 'Thorsten', '1.1.1968.', 'p');
insert into CandidatesData (idno) VALUES (3464);
insert into PartyMembership (pid, idno) VALUES (7, 3464);
insert into Landeslistenplatz (llid, idno, position) VALUES (7, 3464, 1);
insert into Citizen (idno, title, firstname, lastname, dateofbirth, gender) VALUES (3465, '', 'Wirth-Schusser', 'Claudia', '1.1.1968.', 'p');
insert into CandidatesData (idno) VALUES (3465);
insert into PartyMembership (pid, idno) VALUES (16, 3465);
insert into Landeslistenplatz (llid, idno, position) VALUES (15, 3465, 2);
insert into Citizen (idno, title, firstname, lastname, dateofbirth, gender) VALUES (3466, '', 'Wirtz', 'Konrad', '1.1.1955.', 'p');
insert into CandidatesData (idno) VALUES (3466);
insert into PartyMembership (pid, idno) VALUES (15, 3466);
insert into Candidacy (wkid, idno) VALUES (515, 3466);
insert into Landeslistenplatz (llid, idno, position) VALUES (14, 3466, 50);
insert into Citizen (idno, title, firstname, lastname, dateofbirth, gender) VALUES (3467, '', 'Wischnat', 'Jürgen', '1.1.1943.', 'p');
insert into CandidatesData (idno) VALUES (3467);
insert into PartyMembership (pid, idno) VALUES (13, 3467);
insert into Landeslistenplatz (llid, idno, position) VALUES (13, 3467, 4);
insert into Citizen (idno, title, firstname, lastname, dateofbirth, gender) VALUES (3468, '', 'Wissing', 'Dr. Volker', '1.1.1970.', 'p');
insert into CandidatesData (idno) VALUES (3468);
insert into PartyMembership (pid, idno) VALUES (4, 3468);
insert into Candidacy (wkid, idno) VALUES (511, 3468);
insert into Landeslistenplatz (llid, idno, position) VALUES (4, 3468, 2);
insert into Citizen (idno, title, firstname, lastname, dateofbirth, gender) VALUES (3469, '', 'Wistuba', 'Engelbert', '1.1.1953.', 'p');
insert into CandidatesData (idno) VALUES (3469);
insert into PartyMembership (pid, idno) VALUES (2, 3469);
insert into Candidacy (wkid, idno) VALUES (370, 3469);
insert into Citizen (idno, title, firstname, lastname, dateofbirth, gender) VALUES (3470, '', 'Witt', 'Jan Christopher', '1.1.1985.', 'p');
insert into CandidatesData (idno) VALUES (3470);
insert into PartyMembership (pid, idno) VALUES (4, 3470);
insert into Candidacy (wkid, idno) VALUES (322, 3470);
insert into Landeslistenplatz (llid, idno, position) VALUES (4, 3470, 9);
insert into Citizen (idno, title, firstname, lastname, dateofbirth, gender) VALUES (3471, '', 'Witte', 'Britta', '1.1.1959.', 'p');
insert into CandidatesData (idno) VALUES (3471);
insert into PartyMembership (pid, idno) VALUES (12, 3471);
insert into Landeslistenplatz (llid, idno, position) VALUES (12, 3471, 48);
insert into Citizen (idno, title, firstname, lastname, dateofbirth, gender) VALUES (3472, '', 'Wittern', 'Dr. Christa', '1.1.1943.', 'p');
insert into CandidatesData (idno) VALUES (3472);
insert into PartyMembership (pid, idno) VALUES (4, 3472);
insert into Landeslistenplatz (llid, idno, position) VALUES (4, 3472, 30);
insert into Citizen (idno, title, firstname, lastname, dateofbirth, gender) VALUES (3473, '', 'Wittmann', 'Mechthilde', '1.1.1967.', 'p');
insert into CandidatesData (idno) VALUES (3473);
insert into PartyMembership (pid, idno) VALUES (9, 3473);
insert into Landeslistenplatz (llid, idno, position) VALUES (9, 3473, 39);
insert into Citizen (idno, title, firstname, lastname, dateofbirth, gender) VALUES (3474, '', 'Woche', 'Dieter', '1.1.1938.', 'p');
insert into CandidatesData (idno) VALUES (3474);
insert into PartyMembership (pid, idno) VALUES (1, 3474);
insert into Candidacy (wkid, idno) VALUES (361, 3474);
insert into Citizen (idno, title, firstname, lastname, dateofbirth, gender) VALUES (3475, '', 'Wodarg', 'Dr. Wolfgang', '1.1.1947.', 'p');
insert into CandidatesData (idno) VALUES (3475);
insert into PartyMembership (pid, idno) VALUES (2, 3475);
insert into Candidacy (wkid, idno) VALUES (300, 3475);
insert into Landeslistenplatz (llid, idno, position) VALUES (1, 3475, 10);
insert into Citizen (idno, title, firstname, lastname, dateofbirth, gender) VALUES (3476, '', 'Wöhrl', 'Dagmar', '1.1.1954.', 'p');
insert into CandidatesData (idno) VALUES (3476);
insert into PartyMembership (pid, idno) VALUES (9, 3476);
insert into Candidacy (wkid, idno) VALUES (543, 3476);
insert into Landeslistenplatz (llid, idno, position) VALUES (9, 3476, 6);
insert into Citizen (idno, title, firstname, lastname, dateofbirth, gender) VALUES (3477, '', 'Wöhrmann', 'Wolfgang', '1.1.1952.', 'p');
insert into CandidatesData (idno) VALUES (3477);
insert into PartyMembership (pid, idno) VALUES (13, 3477);
insert into Landeslistenplatz (llid, idno, position) VALUES (13, 3477, 20);
insert into Citizen (idno, title, firstname, lastname, dateofbirth, gender) VALUES (3478, '', 'Wölbern', 'Bernd Hinrich', '1.1.1966.', 'p');
insert into CandidatesData (idno) VALUES (3478);
insert into PartyMembership (pid, idno) VALUES (2, 3478);
insert into Landeslistenplatz (llid, idno, position) VALUES (1, 3478, 40);
insert into Citizen (idno, title, firstname, lastname, dateofbirth, gender) VALUES (3479, '', 'Wohlert', 'Günther', '1.1.1970.', 'p');
insert into CandidatesData (idno) VALUES (3479);
insert into PartyMembership (pid, idno) VALUES (1, 3479);
insert into Landeslistenplatz (llid, idno, position) VALUES (3, 3479, 10);
insert into Citizen (idno, title, firstname, lastname, dateofbirth, gender) VALUES (3480, '', 'Wohltmann', 'Rüdiger', '1.1.1959.', 'p');
insert into CandidatesData (idno) VALUES (3480);
insert into PartyMembership (pid, idno) VALUES (3, 3480);
insert into Candidacy (wkid, idno) VALUES (352, 3480);
insert into Landeslistenplatz (llid, idno, position) VALUES (2, 3480, 30);
insert into Citizen (idno, title, firstname, lastname, dateofbirth, gender) VALUES (3481, '', 'Woitzik', 'Gerhard', '1.1.1927.', 'p');
insert into CandidatesData (idno) VALUES (3481);
insert into PartyMembership (pid, idno) VALUES (28, 3481);
insert into Landeslistenplatz (llid, idno, position) VALUES (27, 3481, 1);
insert into Citizen (idno, title, firstname, lastname, dateofbirth, gender) VALUES (3482, '', 'Woizik', 'Dieter', '1.1.1934.', 'p');
insert into CandidatesData (idno) VALUES (3482);
insert into PartyMembership (pid, idno) VALUES (20, 3482);
insert into Landeslistenplatz (llid, idno, position) VALUES (19, 3482, 5);
insert into Citizen (idno, title, firstname, lastname, dateofbirth, gender) VALUES (3483, '', 'Wojnarowicz', 'Marcel', '1.1.1976.', 'p');
insert into CandidatesData (idno) VALUES (3483);
insert into Candidacy (wkid, idno) VALUES (415, 3483);
insert into Citizen (idno, title, firstname, lastname, dateofbirth, gender) VALUES (3484, '', 'Wolf', 'Andreas', '1.1.1981.', 'p');
insert into CandidatesData (idno) VALUES (3484);
insert into PartyMembership (pid, idno) VALUES (1, 3484);
insert into Candidacy (wkid, idno) VALUES (350, 3484);
insert into Citizen (idno, title, firstname, lastname, dateofbirth, gender) VALUES (3485, '', 'Wolf', 'Martin Josef', '1.1.1962.', 'p');
insert into CandidatesData (idno) VALUES (3485);
insert into PartyMembership (pid, idno) VALUES (4, 3485);
insert into Candidacy (wkid, idno) VALUES (305, 3485);
insert into Landeslistenplatz (llid, idno, position) VALUES (4, 3485, 9);
insert into Citizen (idno, title, firstname, lastname, dateofbirth, gender) VALUES (3486, '', 'Wolf', 'Sylvio Peter', '1.1.1967.', 'p');
insert into CandidatesData (idno) VALUES (3486);
insert into PartyMembership (pid, idno) VALUES (1, 3486);
insert into Landeslistenplatz (llid, idno, position) VALUES (3, 3486, 4);
insert into Citizen (idno, title, firstname, lastname, dateofbirth, gender) VALUES (3487, '', 'Wolfert', 'Harald', '1.1.1956.', 'p');
insert into CandidatesData (idno) VALUES (3487);
insert into PartyMembership (pid, idno) VALUES (5, 3487);
insert into Candidacy (wkid, idno) VALUES (400, 3487);
insert into Landeslistenplatz (llid, idno, position) VALUES (5, 3487, 22);
insert into Citizen (idno, title, firstname, lastname, dateofbirth, gender) VALUES (3488, '', 'Wolff', 'Harald', '1.1.1958.', 'p');
insert into CandidatesData (idno) VALUES (3488);
insert into PartyMembership (pid, idno) VALUES (21, 3488);
insert into Landeslistenplatz (llid, idno, position) VALUES (20, 3488, 12);
insert into Citizen (idno, title, firstname, lastname, dateofbirth, gender) VALUES (3489, '', 'Wolff', 'Hartfrid', '1.1.1971.', 'p');
insert into CandidatesData (idno) VALUES (3489);
insert into PartyMembership (pid, idno) VALUES (4, 3489);
insert into Candidacy (wkid, idno) VALUES (563, 3489);
insert into Landeslistenplatz (llid, idno, position) VALUES (4, 3489, 5);
insert into Citizen (idno, title, firstname, lastname, dateofbirth, gender) VALUES (3490, '', 'Wolff', 'Leon', '1.1.1957.', 'p');
insert into CandidatesData (idno) VALUES (3490);
insert into PartyMembership (pid, idno) VALUES (5, 3490);
insert into Candidacy (wkid, idno) VALUES (454, 3490);
insert into Citizen (idno, title, firstname, lastname, dateofbirth, gender) VALUES (3491, '', 'Wolff', 'Ulrike', '1.1.1952.', 'p');
insert into CandidatesData (idno) VALUES (3491);
insert into PartyMembership (pid, idno) VALUES (10, 3491);
insert into Landeslistenplatz (llid, idno, position) VALUES (10, 3491, 3);
insert into Citizen (idno, title, firstname, lastname, dateofbirth, gender) VALUES (3492, '', 'Wolff', 'Waltraud Katharina', '1.1.1956.', 'p');
insert into CandidatesData (idno) VALUES (3492);
insert into PartyMembership (pid, idno) VALUES (2, 3492);
insert into Candidacy (wkid, idno) VALUES (367, 3492);
insert into Landeslistenplatz (llid, idno, position) VALUES (1, 3492, 1);
insert into Citizen (idno, title, firstname, lastname, dateofbirth, gender) VALUES (3493, '', 'Wolframm', 'Klaus Dieter', '1.1.1959.', 'p');
insert into CandidatesData (idno) VALUES (3493);
insert into PartyMembership (pid, idno) VALUES (2, 3493);
insert into Candidacy (wkid, idno) VALUES (458, 3493);
insert into Landeslistenplatz (llid, idno, position) VALUES (1, 3493, 15);
insert into Citizen (idno, title, firstname, lastname, dateofbirth, gender) VALUES (3494, '', 'Wolter', 'Patrick', '1.1.1970.', 'p');
insert into CandidatesData (idno) VALUES (3494);
insert into PartyMembership (pid, idno) VALUES (7, 3494);
insert into Landeslistenplatz (llid, idno, position) VALUES (7, 3494, 3);
insert into Citizen (idno, title, firstname, lastname, dateofbirth, gender) VALUES (3495, '', 'Wolters', 'Thomas', '1.1.1962.', 'p');
insert into CandidatesData (idno) VALUES (3495);
insert into PartyMembership (pid, idno) VALUES (4, 3495);
insert into Candidacy (wkid, idno) VALUES (416, 3495);
insert into Landeslistenplatz (llid, idno, position) VALUES (4, 3495, 51);
insert into Citizen (idno, title, firstname, lastname, dateofbirth, gender) VALUES (3496, '', 'Woltmann', 'Barbara', '1.1.1957.', 'p');
insert into CandidatesData (idno) VALUES (3496);
insert into PartyMembership (pid, idno) VALUES (12, 3496);
insert into Landeslistenplatz (llid, idno, position) VALUES (12, 3496, 36);
insert into Citizen (idno, title, firstname, lastname, dateofbirth, gender) VALUES (3497, '', 'Wonnemann', 'Jutta', '1.1.1950.', 'p');
insert into CandidatesData (idno) VALUES (3497);
insert into PartyMembership (pid, idno) VALUES (4, 3497);
insert into Candidacy (wkid, idno) VALUES (430, 3497);
insert into Landeslistenplatz (llid, idno, position) VALUES (4, 3497, 33);
insert into Citizen (idno, title, firstname, lastname, dateofbirth, gender) VALUES (3498, '', 'Wowretzko', 'Sylvia', '1.1.1955.', 'p');
insert into CandidatesData (idno) VALUES (3498);
insert into PartyMembership (pid, idno) VALUES (2, 3498);
insert into Landeslistenplatz (llid, idno, position) VALUES (1, 3498, 4);
insert into Citizen (idno, title, firstname, lastname, dateofbirth, gender) VALUES (3499, '', 'Wright', 'Alexander', '1.1.1987.', 'p');
insert into CandidatesData (idno) VALUES (3499);
insert into PartyMembership (pid, idno) VALUES (5, 3499);
insert into Landeslistenplatz (llid, idno, position) VALUES (5, 3499, 14);
insert into Citizen (idno, title, firstname, lastname, dateofbirth, gender) VALUES (3500, '', 'Wucherpfennig', 'Vera', '1.1.1981.', 'p');
insert into CandidatesData (idno) VALUES (3500);
insert into PartyMembership (pid, idno) VALUES (12, 3500);
insert into Landeslistenplatz (llid, idno, position) VALUES (12, 3500, 42);
insert into Citizen (idno, title, firstname, lastname, dateofbirth, gender) VALUES (3501, '', 'Wüst', 'Wolfgang', '1.1.1965.', 'p');
insert into CandidatesData (idno) VALUES (3501);
insert into PartyMembership (pid, idno) VALUES (1, 3501);
insert into Candidacy (wkid, idno) VALUES (575, 3501);
insert into Citizen (idno, title, firstname, lastname, dateofbirth, gender) VALUES (3502, '', 'Wulff', 'Thomas', '1.1.1963.', 'p');
insert into CandidatesData (idno) VALUES (3502);
insert into PartyMembership (pid, idno) VALUES (1, 3502);
insert into Candidacy (wkid, idno) VALUES (310, 3502);
insert into Landeslistenplatz (llid, idno, position) VALUES (3, 3502, 3);
insert into Citizen (idno, title, firstname, lastname, dateofbirth, gender) VALUES (3503, '', 'Wunder', 'Dr. Edgar', '1.1.1969.', 'p');
insert into CandidatesData (idno) VALUES (3503);
insert into PartyMembership (pid, idno) VALUES (3, 3503);
insert into Candidacy (wkid, idno) VALUES (576, 3503);
insert into Citizen (idno, title, firstname, lastname, dateofbirth, gender) VALUES (3504, '', 'Wunderlich', 'Heinz', '1.1.1953.', 'p');
insert into CandidatesData (idno) VALUES (3504);
insert into Candidacy (wkid, idno) VALUES (538, 3504);
insert into Citizen (idno, title, firstname, lastname, dateofbirth, gender) VALUES (3505, '', 'Wunderlich', 'Jörn Heinz Adolf', '1.1.1960.', 'p');
insert into CandidatesData (idno) VALUES (3505);
insert into PartyMembership (pid, idno) VALUES (3, 3505);
insert into Candidacy (wkid, idno) VALUES (463, 3505);
insert into Landeslistenplatz (llid, idno, position) VALUES (2, 3505, 8);
insert into Citizen (idno, title, firstname, lastname, dateofbirth, gender) VALUES (3506, '', 'Wunnicke', 'Christoph', '1.1.1971.', 'p');
insert into CandidatesData (idno) VALUES (3506);
insert into PartyMembership (pid, idno) VALUES (5, 3506);
insert into Candidacy (wkid, idno) VALUES (365, 3506);
insert into Citizen (idno, title, firstname, lastname, dateofbirth, gender) VALUES (3507, '', 'Wunschik', 'Alexander Frederik', '1.1.1980.', 'p');
insert into CandidatesData (idno) VALUES (3507);
insert into PartyMembership (pid, idno) VALUES (7, 3507);
insert into Candidacy (wkid, idno) VALUES (542, 3507);
insert into Citizen (idno, title, firstname, lastname, dateofbirth, gender) VALUES (3508, '', 'Wurm', 'Engelbert', '1.1.1942.', 'p');
insert into CandidatesData (idno) VALUES (3508);
insert into PartyMembership (pid, idno) VALUES (3, 3508);
insert into Candidacy (wkid, idno) VALUES (524, 3508);
insert into Landeslistenplatz (llid, idno, position) VALUES (2, 3508, 22);
insert into Citizen (idno, title, firstname, lastname, dateofbirth, gender) VALUES (3509, '', 'Wuttke', 'Christopher', '1.1.1973.', 'p');
insert into CandidatesData (idno) VALUES (3509);
insert into PartyMembership (pid, idno) VALUES (12, 3509);
insert into Candidacy (wkid, idno) VALUES (340, 3509);
insert into Landeslistenplatz (llid, idno, position) VALUES (12, 3509, 29);
insert into Citizen (idno, title, firstname, lastname, dateofbirth, gender) VALUES (3510, '', 'Wuttke', 'Roland', '1.1.1954.', 'p');
insert into CandidatesData (idno) VALUES (3510);
insert into PartyMembership (pid, idno) VALUES (1, 3510);
insert into Candidacy (wkid, idno) VALUES (515, 3510);
insert into Citizen (idno, title, firstname, lastname, dateofbirth, gender) VALUES (3511, '', 'Yorulmaz', 'Bülent', '1.1.1969.', 'p');
insert into CandidatesData (idno) VALUES (3511);
insert into Candidacy (wkid, idno) VALUES (382, 3511);
insert into Citizen (idno, title, firstname, lastname, dateofbirth, gender) VALUES (3512, '', 'Zager', 'Dieter', '1.1.1938.', 'p');
insert into CandidatesData (idno) VALUES (3512);
insert into PartyMembership (pid, idno) VALUES (14, 3512);
insert into Candidacy (wkid, idno) VALUES (327, 3512);
insert into Landeslistenplatz (llid, idno, position) VALUES (21, 3512, 14);
insert into Citizen (idno, title, firstname, lastname, dateofbirth, gender) VALUES (3513, '', 'Zagermann', 'Dr. Paul Helmut August', '1.1.1940.', 'p');
insert into CandidatesData (idno) VALUES (3513);
insert into PartyMembership (pid, idno) VALUES (13, 3513);
insert into Landeslistenplatz (llid, idno, position) VALUES (13, 3513, 3);
insert into Citizen (idno, title, firstname, lastname, dateofbirth, gender) VALUES (3514, '', 'Zais', 'Petra Inge', '1.1.1957.', 'p');
insert into CandidatesData (idno) VALUES (3514);
insert into PartyMembership (pid, idno) VALUES (5, 3514);
insert into Candidacy (wkid, idno) VALUES (462, 3514);
insert into Landeslistenplatz (llid, idno, position) VALUES (5, 3514, 3);
insert into Citizen (idno, title, firstname, lastname, dateofbirth, gender) VALUES (3515, '', 'Zapf', 'Uta', '1.1.1941.', 'p');
insert into CandidatesData (idno) VALUES (3515);
insert into PartyMembership (pid, idno) VALUES (2, 3515);
insert into Candidacy (wkid, idno) VALUES (484, 3515);
insert into Landeslistenplatz (llid, idno, position) VALUES (1, 3515, 8);
insert into Citizen (idno, title, firstname, lastname, dateofbirth, gender) VALUES (3516, '', 'Zasowk', 'Ronny', '1.1.1986.', 'p');
insert into CandidatesData (idno) VALUES (3516);
insert into PartyMembership (pid, idno) VALUES (1, 3516);
insert into Candidacy (wkid, idno) VALUES (364, 3516);
insert into Landeslistenplatz (llid, idno, position) VALUES (3, 3516, 2);
insert into Citizen (idno, title, firstname, lastname, dateofbirth, gender) VALUES (3517, '', 'Zdebel', 'Hubertus', '1.1.1954.', 'p');
insert into CandidatesData (idno) VALUES (3517);
insert into PartyMembership (pid, idno) VALUES (3, 3517);
insert into Candidacy (wkid, idno) VALUES (429, 3517);
insert into Citizen (idno, title, firstname, lastname, dateofbirth, gender) VALUES (3518, '', 'Zecha', 'Peggy', '1.1.1967.', 'p');
insert into CandidatesData (idno) VALUES (3518);
insert into PartyMembership (pid, idno) VALUES (2, 3518);
insert into Landeslistenplatz (llid, idno, position) VALUES (1, 3518, 12);
insert into Citizen (idno, title, firstname, lastname, dateofbirth, gender) VALUES (3519, '', 'Zecher', 'Irmgard', '1.1.1920.', 'p');
insert into CandidatesData (idno) VALUES (3519);
insert into PartyMembership (pid, idno) VALUES (5, 3519);
insert into Landeslistenplatz (llid, idno, position) VALUES (5, 3519, 17);
insert into Citizen (idno, title, firstname, lastname, dateofbirth, gender) VALUES (3520, '', 'Zecher', 'Ralf-Peter', '1.1.1960.', 'p');
insert into CandidatesData (idno) VALUES (3520);
insert into PartyMembership (pid, idno) VALUES (1, 3520);
insert into Candidacy (wkid, idno) VALUES (404, 3520);
insert into Landeslistenplatz (llid, idno, position) VALUES (3, 3520, 13);
insert into Citizen (idno, title, firstname, lastname, dateofbirth, gender) VALUES (3521, '', 'Zeitler', 'Prof. Dr. Christoph', '1.1.1960.', 'p');
insert into CandidatesData (idno) VALUES (3521);
insert into PartyMembership (pid, idno) VALUES (4, 3521);
insert into Candidacy (wkid, idno) VALUES (527, 3521);
insert into Landeslistenplatz (llid, idno, position) VALUES (4, 3521, 25);
insert into Citizen (idno, title, firstname, lastname, dateofbirth, gender) VALUES (3522, '', 'Zenker', 'Thomas', '1.1.1961.', 'p');
insert into CandidatesData (idno) VALUES (3522);
insert into PartyMembership (pid, idno) VALUES (2, 3522);
insert into Candidacy (wkid, idno) VALUES (365, 3522);
insert into Landeslistenplatz (llid, idno, position) VALUES (1, 3522, 13);
insert into Citizen (idno, title, firstname, lastname, dateofbirth, gender) VALUES (3523, '', 'Zepp-LaRouche', 'Helga', '1.1.1948.', 'p');
insert into CandidatesData (idno) VALUES (3523);
insert into PartyMembership (pid, idno) VALUES (10, 3523);
insert into Candidacy (wkid, idno) VALUES (375, 3523);
insert into Landeslistenplatz (llid, idno, position) VALUES (10, 3523, 1);
insert into Citizen (idno, title, firstname, lastname, dateofbirth, gender) VALUES (3524, '', 'Zerrahn', 'Signe', '1.1.1962.', 'p');
insert into CandidatesData (idno) VALUES (3524);
insert into PartyMembership (pid, idno) VALUES (5, 3524);
insert into Landeslistenplatz (llid, idno, position) VALUES (5, 3524, 7);
insert into Citizen (idno, title, firstname, lastname, dateofbirth, gender) VALUES (3525, '', 'Zetzsche', 'Sören', '1.1.1976.', 'p');
insert into CandidatesData (idno) VALUES (3525);
insert into PartyMembership (pid, idno) VALUES (7, 3525);
insert into Landeslistenplatz (llid, idno, position) VALUES (7, 3525, 5);
insert into Citizen (idno, title, firstname, lastname, dateofbirth, gender) VALUES (3526, '', 'Ziegler', 'Dagmar', '1.1.1960.', 'p');
insert into CandidatesData (idno) VALUES (3526);
insert into PartyMembership (pid, idno) VALUES (2, 3526);
insert into Candidacy (wkid, idno) VALUES (356, 3526);
insert into Landeslistenplatz (llid, idno, position) VALUES (1, 3526, 2);
insert into Citizen (idno, title, firstname, lastname, dateofbirth, gender) VALUES (3527, '', 'Ziegler', 'Heinz Kurt', '1.1.1953.', 'p');
insert into CandidatesData (idno) VALUES (3527);
insert into PartyMembership (pid, idno) VALUES (13, 3527);
insert into Landeslistenplatz (llid, idno, position) VALUES (13, 3527, 13);
insert into Citizen (idno, title, firstname, lastname, dateofbirth, gender) VALUES (3528, '', 'Ziegler', 'Kurt', '1.1.1936.', 'p');
insert into CandidatesData (idno) VALUES (3528);
insert into PartyMembership (pid, idno) VALUES (23, 3528);
insert into Landeslistenplatz (llid, idno, position) VALUES (24, 3528, 8);
insert into Citizen (idno, title, firstname, lastname, dateofbirth, gender) VALUES (3529, '', 'Ziegler', 'Martin Alexander', '1.1.1972.', 'p');
insert into CandidatesData (idno) VALUES (3529);
insert into PartyMembership (pid, idno) VALUES (11, 3529);
insert into Landeslistenplatz (llid, idno, position) VALUES (11, 3529, 2);
insert into Citizen (idno, title, firstname, lastname, dateofbirth, gender) VALUES (3530, '', 'Ziegler', 'Norbert', '1.1.1963.', 'p');
insert into CandidatesData (idno) VALUES (3530);
insert into PartyMembership (pid, idno) VALUES (4, 3530);
insert into Candidacy (wkid, idno) VALUES (534, 3530);
insert into Landeslistenplatz (llid, idno, position) VALUES (4, 3530, 50);
insert into Citizen (idno, title, firstname, lastname, dateofbirth, gender) VALUES (3531, '', 'Ziegler', 'Patrick', '1.1.1987.', 'p');
insert into CandidatesData (idno) VALUES (3531);
insert into PartyMembership (pid, idno) VALUES (13, 3531);
insert into Landeslistenplatz (llid, idno, position) VALUES (13, 3531, 6);
insert into Citizen (idno, title, firstname, lastname, dateofbirth, gender) VALUES (3532, '', 'Ziegler', 'Torsten', '1.1.1983.', 'p');
insert into CandidatesData (idno) VALUES (3532);
insert into PartyMembership (pid, idno) VALUES (1, 3532);
insert into Candidacy (wkid, idno) VALUES (568, 3532);
insert into Citizen (idno, title, firstname, lastname, dateofbirth, gender) VALUES (3533, '', 'Zierus', 'Hans-Jürgen', '1.1.1946.', 'p');
insert into CandidatesData (idno) VALUES (3533);
insert into PartyMembership (pid, idno) VALUES (3, 3533);
insert into Candidacy (wkid, idno) VALUES (419, 3533);
insert into Citizen (idno, title, firstname, lastname, dateofbirth, gender) VALUES (3534, '', 'Zieschang', 'Dr. Tamara', '1.1.1970.', 'p');
insert into CandidatesData (idno) VALUES (3534);
insert into PartyMembership (pid, idno) VALUES (12, 3534);
insert into Candidacy (wkid, idno) VALUES (362, 3534);
insert into Landeslistenplatz (llid, idno, position) VALUES (12, 3534, 7);
insert into Citizen (idno, title, firstname, lastname, dateofbirth, gender) VALUES (3535, '', 'Ziller', 'Stefan', '1.1.1981.', 'p');
insert into CandidatesData (idno) VALUES (3535);
insert into PartyMembership (pid, idno) VALUES (5, 3535);
insert into Candidacy (wkid, idno) VALUES (385, 3535);
insert into Landeslistenplatz (llid, idno, position) VALUES (5, 3535, 6);
insert into Citizen (idno, title, firstname, lastname, dateofbirth, gender) VALUES (3536, '', 'Zimmer', 'Prof. (FH) Dr. Bernhard', '1.1.1961.', 'p');
insert into CandidatesData (idno) VALUES (3536);
insert into PartyMembership (pid, idno) VALUES (5, 3536);
insert into Candidacy (wkid, idno) VALUES (524, 3536);
insert into Citizen (idno, title, firstname, lastname, dateofbirth, gender) VALUES (3537, '', 'Zimmer', 'Dr. Matthias', '1.1.1961.', 'p');
insert into CandidatesData (idno) VALUES (3537);
insert into PartyMembership (pid, idno) VALUES (12, 3537);
insert into Candidacy (wkid, idno) VALUES (481, 3537);
insert into Landeslistenplatz (llid, idno, position) VALUES (12, 3537, 21);
insert into Citizen (idno, title, firstname, lastname, dateofbirth, gender) VALUES (3538, '', 'Zimmermann', 'Adelheid', '1.1.1949.', 'p');
insert into CandidatesData (idno) VALUES (3538);
insert into PartyMembership (pid, idno) VALUES (4, 3538);
insert into Candidacy (wkid, idno) VALUES (547, 3538);
insert into Landeslistenplatz (llid, idno, position) VALUES (4, 3538, 31);
insert into Citizen (idno, title, firstname, lastname, dateofbirth, gender) VALUES (3539, '', 'Zimmermann', 'Anna', '1.1.1976.', 'p');
insert into CandidatesData (idno) VALUES (3539);
insert into PartyMembership (pid, idno) VALUES (13, 3539);
insert into Landeslistenplatz (llid, idno, position) VALUES (13, 3539, 5);
insert into Citizen (idno, title, firstname, lastname, dateofbirth, gender) VALUES (3540, '', 'Zimmermann', 'Elisabeth', '1.1.1956.', 'p');
insert into CandidatesData (idno) VALUES (3540);
insert into PartyMembership (pid, idno) VALUES (26, 3540);
insert into Landeslistenplatz (llid, idno, position) VALUES (25, 3540, 2);
insert into Citizen (idno, title, firstname, lastname, dateofbirth, gender) VALUES (3541, '', 'Zimmermann', 'Jan', '1.1.1977.', 'p');
insert into CandidatesData (idno) VALUES (3541);
insert into PartyMembership (pid, idno) VALUES (1, 3541);
insert into Candidacy (wkid, idno) VALUES (323, 3541);
insert into Landeslistenplatz (llid, idno, position) VALUES (3, 3541, 2);
insert into Citizen (idno, title, firstname, lastname, dateofbirth, gender) VALUES (3542, '', 'Zimmermann', 'Jens Uwe', '1.1.1963.', 'p');
insert into CandidatesData (idno) VALUES (3542);
insert into PartyMembership (pid, idno) VALUES (4, 3542);
insert into Landeslistenplatz (llid, idno, position) VALUES (4, 3542, 11);
insert into Citizen (idno, title, firstname, lastname, dateofbirth, gender) VALUES (3543, '', 'Zimmermann', 'Sabine', '1.1.1960.', 'p');
insert into CandidatesData (idno) VALUES (3543);
insert into PartyMembership (pid, idno) VALUES (3, 3543);
insert into Candidacy (wkid, idno) VALUES (465, 3543);
insert into Landeslistenplatz (llid, idno, position) VALUES (2, 3543, 5);
insert into Citizen (idno, title, firstname, lastname, dateofbirth, gender) VALUES (3544, '', 'Zimmermann', 'Dr. Steffen', '1.1.1973.', 'p');
insert into CandidatesData (idno) VALUES (3544);
insert into PartyMembership (pid, idno) VALUES (12, 3544);
insert into Landeslistenplatz (llid, idno, position) VALUES (12, 3544, 40);
insert into Citizen (idno, title, firstname, lastname, dateofbirth, gender) VALUES (3545, '', 'Zimmitsch', 'Brigitte', '1.1.1947.', 'p');
insert into CandidatesData (idno) VALUES (3545);
insert into PartyMembership (pid, idno) VALUES (19, 3545);
insert into Landeslistenplatz (llid, idno, position) VALUES (18, 3545, 12);
insert into Citizen (idno, title, firstname, lastname, dateofbirth, gender) VALUES (3546, '', 'Zingsem', 'Mareike', '1.1.1982.', 'p');
insert into CandidatesData (idno) VALUES (3546);
insert into PartyMembership (pid, idno) VALUES (3, 3546);
insert into Candidacy (wkid, idno) VALUES (469, 3546);
insert into Landeslistenplatz (llid, idno, position) VALUES (2, 3546, 7);
insert into Citizen (idno, title, firstname, lastname, dateofbirth, gender) VALUES (3547, '', 'Zion', 'Robert', '1.1.1966.', 'p');
insert into CandidatesData (idno) VALUES (3547);
insert into PartyMembership (pid, idno) VALUES (5, 3547);
insert into Candidacy (wkid, idno) VALUES (423, 3547);
insert into Citizen (idno, title, firstname, lastname, dateofbirth, gender) VALUES (3548, '', 'Zirra', 'Jana', '1.1.1979.', 'p');
insert into CandidatesData (idno) VALUES (3548);
insert into PartyMembership (pid, idno) VALUES (2, 3548);
insert into Candidacy (wkid, idno) VALUES (581, 3548);
insert into Landeslistenplatz (llid, idno, position) VALUES (1, 3548, 21);
insert into Citizen (idno, title, firstname, lastname, dateofbirth, gender) VALUES (3549, '', 'Zöller', 'Wolfgang', '1.1.1942.', 'p');
insert into CandidatesData (idno) VALUES (3549);
insert into PartyMembership (pid, idno) VALUES (9, 3549);
insert into Candidacy (wkid, idno) VALUES (548, 3549);
insert into Landeslistenplatz (llid, idno, position) VALUES (9, 3549, 15);
insert into Citizen (idno, title, firstname, lastname, dateofbirth, gender) VALUES (3550, '', 'Zöllmer', 'Manfred', '1.1.1950.', 'p');
insert into CandidatesData (idno) VALUES (3550);
insert into PartyMembership (pid, idno) VALUES (2, 3550);
insert into Candidacy (wkid, idno) VALUES (402, 3550);
insert into Landeslistenplatz (llid, idno, position) VALUES (1, 3550, 50);
insert into Citizen (idno, title, firstname, lastname, dateofbirth, gender) VALUES (3551, '', 'Zorko', 'Zarah', '1.1.1979.', 'p');
insert into CandidatesData (idno) VALUES (3551);
insert into PartyMembership (pid, idno) VALUES (13, 3551);
insert into Landeslistenplatz (llid, idno, position) VALUES (13, 3551, 4);
insert into Citizen (idno, title, firstname, lastname, dateofbirth, gender) VALUES (3552, '', 'Zorn', 'Waltraud', '1.1.1938.', 'p');
insert into CandidatesData (idno) VALUES (3552);
insert into PartyMembership (pid, idno) VALUES (13, 3552);
insert into Landeslistenplatz (llid, idno, position) VALUES (13, 3552, 2);
insert into Citizen (idno, title, firstname, lastname, dateofbirth, gender) VALUES (3553, '', 'Zuleger', 'Gerhard', '1.1.1939.', 'p');
insert into CandidatesData (idno) VALUES (3553);
insert into PartyMembership (pid, idno) VALUES (19, 3553);
insert into Landeslistenplatz (llid, idno, position) VALUES (18, 3553, 18);
insert into Citizen (idno, title, firstname, lastname, dateofbirth, gender) VALUES (3554, '', 'Zundel', 'Paul', '1.1.1952.', 'p');
insert into CandidatesData (idno) VALUES (3554);
insert into Candidacy (wkid, idno) VALUES (571, 3554);
insert into Citizen (idno, title, firstname, lastname, dateofbirth, gender) VALUES (3555, '', 'Zuse', 'Werner', '1.1.1949.', 'p');
insert into CandidatesData (idno) VALUES (3555);
insert into PartyMembership (pid, idno) VALUES (10, 3555);
insert into Candidacy (wkid, idno) VALUES (520, 3555);
insert into Landeslistenplatz (llid, idno, position) VALUES (10, 3555, 1);
insert into Citizen (idno, title, firstname, lastname, dateofbirth, gender) VALUES (3556, '', 'Zylajew', 'Willi', '1.1.1950.', 'p');
insert into CandidatesData (idno) VALUES (3556);
insert into PartyMembership (pid, idno) VALUES (12, 3556);
insert into Candidacy (wkid, idno) VALUES (391, 3556);
insert into Landeslistenplatz (llid, idno, position) VALUES (12, 3556, 23);
insert into Citizen (idno, title, firstname, lastname, dateofbirth, gender) VALUES (3557, '', 'Zypries', 'Brigitte', '1.1.1953.', 'p');
insert into CandidatesData (idno) VALUES (3557);
insert into PartyMembership (pid, idno) VALUES (2, 3557);
insert into Candidacy (wkid, idno) VALUES (485, 3557);
insert into Landeslistenplatz (llid, idno, position) VALUES (1, 3557, 3);
