Nr;SPD;;CDU;;FDP;;DIE LINKE;;GRÜNE;;CSU;;NPD;;REP;;FAMILIE;;Die Tierschutzpartei;;PBC;;MLPD;;BüSo;;BP;;PSG;;Volksabstimmung;;ZENTRUM;;ADM;;CM;;DKP;;DVU;;DIE VIOLETTEN;;FWD;;ödp;;PIRATEN;;RRP;;RENTNER;;Freie Union
1;52139;41793;61793;51068;15292;24187;11918;13481;16399;21967;;;1302;1240;;;;;;;;;;47;;;;;;;;;369;;;;;;;;;159;;;;;;;;3385;;;;1821;
2;36642;32239;56751;47947;15184;22605;8208;8836;12840;14927;;;1231;1126;;;;;;;;;;53;;;;;;;;;;;;;;;;;;194;;;;;;;;2233;;;;1293;
3;37277;31282;49779;43480;16037;21970;8896;9808;10665;12899;;;1603;1512;;;;;;;;;;44;;;;;;;;;;;;;;;;;;142;;;;;;;;2549;;;;1604;
4;47610;39253;58876;49789;14317;23442;8729;9821;14790;18751;;;1344;1220;;;;;;;;;;55;;;;;;;;;;;;;;;;;;136;;;;;;;;2985;;;;1540;
5;54398;42369;42733;36397;12188;19156;11817;13430;18699;24659;;;1392;1275;;;;;;;;;;80;;;;;;;;;;;;;;;;;;139;;;;;;;;4267;;;;1448;
6;41683;35557;48136;40110;12515;19772;7871;8936;12187;15701;;;1363;1315;;;;;;;;;;42;;;;;;;;;;;;;;;;;;131;;;;;;;;2281;;;;1095;
7;54950;45540;70458;57203;17018;28640;11794;13412;16143;20978;;;1912;1743;;;;;;;;;;56;;;;;;;;;;;;;;;;;;193;;;;;;;;3659;;;;1571;
8;54065;44445;70290;58225;20084;31407;12527;14280;16633;21245;;;1797;1687;;;;;;;;;;58;;;;;;;;;;;;;;;;;;233;;;;;;;;3598;;;;1814;
9;43765;36329;49363;42193;14397;22701;8235;9342;10411;13651;;;1270;1192;;;;;;;;;;43;;;;;;;;;;;;;;;;;;132;;;;;;;;2062;;;;1178;
10;53073;45354;70874;59075;19742;30714;12351;13855;18761;22240;;;2330;2126;;;;;;;;;;48;;;;;;;;;;;;;;;;;;204;553;;;;;;;3248;;;;1445;
11;44393;36578;36745;32970;13296;17173;10973;12002;14098;16764;;;1595;1412;;;;;;;;;;90;;;;;;;;;;;;;;;;;;144;;;;;;;;3010;;;;1197;
12;27590;25047;45383;44340;9969;12865;40419;38466;6520;7139;;;3976;3766;;195;;;;;;;;246;;;;;;;;;;;;;;;;;;;;;;;;;;2745;;;;;
13;30247;24464;34633;36653;9401;11405;33681;32623;6353;6833;;;3945;3598;;198;;;;;;;;211;;;;;;;;;;;;;;;;;;;;;;;;;;2579;;;;;
14;25389;23223;34517;34759;8517;12234;41539;40045;13727;10772;;;3215;2999;;177;;;;;;;554;324;;;;;;;;;;;;;;;;;;;;;;;;;;4215;;;;;
15;14040;15048;57865;43650;5668;13087;30935;33522;3735;5349;;;3262;3434;;236;;;;;;;;210;;;;;;;;;;;;;;;;;;;;;;;;;;2564;;;;;
16;15995;14941;46147;44679;10414;12686;35385;34198;5736;6241;;;5552;5274;;301;;;;;;;;212;;;;;;;;;;;;;;;;;;;;;;;;;;2968;;;;;
17;28457;22778;45176;44654;9485;13038;35601;36412;6255;6762;;;4118;3869;;237;;;;;;;;277;;;;;;;;;;;;;;;;;;;;;;;523;;;2525;;;;;
18;19696;18106;38102;38746;8015;9888;37851;36270;4500;4745;;;5733;5283;;239;;;;;;;;250;;;;;;;;;;;;;;;;;;;;;;;;;;2467;;;;;
19;56809;46419;43587;38689;12818;19105;21718;22702;27213;27865;;;2348;1822;;;;;;;;;;132;;;;;;;;;;;;;;;;;;243;;;;;;675;;6303;;;;1176;
20;46522;32633;38969;33916;10517;17028;12605;15670;17799;24462;;;771;795;;;;;;;;;158;84;151;;;;;;;;;;;;;;;;;104;;;;;709;545;;3344;;;;755;
21;33364;37722;43714;37695;11732;18851;12540;14732;36518;25819;;;969;799;;;;;;;;;;70;;;;;;;;;;;;;;;;;;144;;;;;;428;;3531;;;;934;
22;53469;40909;61873;50174;12766;25269;10805;13429;21268;26306;;;1010;794;;;;;;;;;;46;;;;;;;;;;;;;;;;;;152;;;;;;411;;3289;;;;876;
23;51460;42705;53958;44770;11408;20181;14021;16205;13914;17518;;;1972;1674;;;;;;;;;;50;;;;;;;;;;;;;;;;;;261;;;;;1190;527;;3158;;;;1314;
24;54965;42554;46303;41423;10727;16709;14430;16358;11728;16484;;;2111;1795;;;;;;;;;;63;500;;;;;;;;;;;;;;;;;280;;;;;;402;;3543;;;;1517;
25;57876;50682;33706;32155;9314;13619;13213;14978;14451;13641;;;1886;1712;;;;;;1042;;;;32;;;;;;;;;;;;;;;;;;123;;;;;;123;;2015;;642;;;
26;47481;44913;73405;63545;15470;20731;12062;14219;11981;12222;;;1862;1707;;;;;;1149;;;;28;;;;;;;;;;;;;;;;;;152;;;;;;304;;2899;;648;;;
27;51851;40610;42211;38728;12283;19204;12055;13572;9794;12009;;;1911;1570;;;;;;1277;;;;85;;;;;;;;;;;;;;;;;;106;;;;;;112;;2452;;1071;;;
28;49020;42551;55610;44090;13840;22917;14080;15244;21651;24171;;;1548;1345;;;;;;1349;;;;53;;;;;;;;;;;;;;;;;;124;;;;;;192;;4000;707;821;;;
29;55374;45895;56273;49810;16163;23109;13751;15906;14446;16731;;;2346;2009;;;;;;1519;;;;49;;;;;;;;;;;;;;;;;;171;;;;;;179;;2879;1261;1506;;;
30;50481;40643;51654;46707;10426;17146;10307;11920;8379;11885;;;1828;1567;;;;;;1072;;;;28;;;;;;;;;;;;;;;;;;225;;;;;;173;;1938;;945;;;
31;46851;37784;62035;51303;9946;20056;9096;10541;9409;14253;;;2349;2061;;;;;;999;;;;43;307;;;;;;;;;;;;;;;;;140;;;;;;170;;2503;;837;;;
32;43503;39085;91378;79052;13278;23749;8195;9169;9819;11357;;;1130;1014;;;;;;853;;;;24;;;;;;;;;;;;;;;;;;78;;;;;;158;;2347;;642;;;
33;28053;24358;91686;80355;12700;23001;6927;7518;6575;7827;;;1286;1132;;;;;;766;;;;35;;;;;;;;;;;;;;;;;;85;;;;;;108;;1953;;372;;;
34;48313;38955;52599;47565;15928;22067;9775;11701;11917;13999;;;1660;1442;;;;;;1059;;;;27;;;;;;;;;;;;;;;;;;193;;;;;;143;;2435;;937;;;
35;52397;41979;53080;45908;10787;17889;12242;13830;12318;17053;;;2417;1981;;;;;;1228;;;;24;;;;;;;;;;;;;;;;;;187;;;;;;152;;2339;;976;;;
36;42395;33279;48344;42324;9895;16930;8366;9759;9101;12155;;;2138;1825;;;;;;1172;;;;22;;;;;;;;;;;;;;;;;;167;;;;;;133;;2252;;597;;;
37;45002;36139;59657;50104;15812;24967;9611;10825;13772;18002;;;1935;1636;;;;;;1132;;;;33;;;;;;;;;;;;;;;;;;177;;;;;;238;;2963;1153;1150;;;
38;40411;32321;43229;37291;11242;16323;11935;13166;19645;23543;;;1860;1594;;;;;;1002;;;;32;;;;;;;;;;;;;;;;;;135;;;;;;194;;2795;1449;1704;;;
39;46028;37936;63175;55599;12940;21117;9006;10211;10393;13227;;;1382;1243;;;;;;854;;;;26;;;;;;;;;;;;;;;;;;120;;;;;;190;;2268;;486;;;
40;46979;38000;54522;48398;14823;19941;9918;11878;14282;18463;;;945;848;;;;;;880;;;;18;;;;;;;;;;;;;;;;;;88;;;;;;216;;3168;;443;;;
41;58649;46797;52714;45750;8712;17698;8797;10847;10217;13815;;;2036;1858;;;;;;1079;;;;42;;;;;;;;;;;;;;;;;;147;;;;;;183;;2454;;1352;;;
42;50592;40497;42621;34448;9699;16680;10624;12111;13364;19019;;;1759;1681;;;;;;1081;;;176;88;;;;;;;;;;;;;;;;;;118;;;;;;190;;3102;978;973;;;
43;55068;41482;44534;33872;8657;16098;12886;14786;15797;24705;;;1573;1411;;;;;;1106;;;;137;;;;;;;;;;;;;;;;;;122;;;;;;221;;4368;;887;;;
44;67178;53236;66311;58219;14560;24492;11173;12601;11642;16993;;;2642;2288;;;;;;1362;;;;46;;;;;;;;;;;;;;;;;;179;;;;;;301;;3137;;1139;;;
45;50107;42402;68572;55393;11351;22295;10130;11765;10801;14770;;;2501;2291;;;;;;1130;;;;40;;;;;;;;;;;;;;;;;;180;;;;;;190;;2957;1684;2023;;;
46;64365;52292;58827;53085;10073;17875;11663;13314;9476;14217;;;2029;1882;;;;;;1297;838;;;41;;;;;;;;;;;;;;;;;;155;;;;;;181;;3359;1346;1497;;;
47;55842;47115;49787;41166;10401;19736;11820;12911;10849;13322;;;2283;1982;;;;;;1285;;;;53;;;;;;;;;;;;;;;;;;146;;;;;;130;;2571;;820;;;
48;73215;59493;65573;57144;12982;22004;11976;13908;12533;18936;;;2853;2534;;;;;;1513;;;;53;;;;;;;;;;;;;;;;;;181;;;;;;248;;3528;1422;1767;;;
49;64555;54487;60376;52747;10231;18752;11402;13429;14856;17360;;;2606;2452;;;;;;1405;;;;52;;;;;;;;;;;;;;;;;;152;;;;;;171;;3191;1293;1520;;;
50;69631;53144;50519;47719;9436;16479;12538;15569;9032;13744;;;2791;2490;;;;;;1334;;;;34;;;;;;;;;;;;;;;;;;186;;;;;;129;;2812;1163;1771;;;
51;53572;39774;47584;40135;7507;15845;10801;13763;12012;19831;;;1310;1324;;;;;;1114;;;118;77;;;;;;;;;;;;;;;;;;134;;;;;;184;4214;4962;;1270;;;
52;46064;42391;52427;45319;8480;14114;10216;11309;10692;11801;;;3023;2606;;;;;;1176;415;;;46;;;;;;;;;;;;;;;;;;101;;;;;;112;;2905;1748;1591;;;
53;60107;50912;54451;46256;12719;21481;14083;14988;9624;12983;;;2599;2352;;;;;;1247;;;;27;;;;;;;;;;;;;;;;;;131;;;;;;144;;2787;;866;;;
54;60483;48788;56503;47343;10765;22086;12493;14635;21360;23708;;;2323;2072;;;;;;1176;;;;58;;;;;;;;;;;;;;;;;;115;;;;;;195;;3707;;724;;;
55;62588;52387;53255;46284;13587;21021;21226;24883;31564;32556;;;2012;1567;;247;;;;;;458;343;133;;;;;;;;;;;;;;;;;;373;;;;;;;;4564;;1617;;;
56;58879;50032;39186;34680;10850;14947;21647;23486;16985;19727;;;2614;2045;;330;;;;;;397;;83;;;;;;;;;;;;;;;;;;657;;;;;;;;3610;1563;2527;;;
57;33532;29446;22851;24913;8162;9068;32198;30550;4483;4587;;;3314;2494;;170;;;;;;;;84;;153;;;;;;;;;;;;;;;;875;;;;828;;;;1829;;;;;
58;27674;26761;26512;24524;6396;7907;32791;31833;4385;4762;;;3945;3139;;191;;;;;;;;106;;189;;;;;;;;;;;;;;;;745;;;;687;;;;1960;;;;;
59;48621;42959;46088;41575;12963;19163;40334;38980;12193;12974;;;5400;4153;;478;;;;;;;;181;;377;;;;;;;;;;;;;;;;1305;;;;1299;;;;3891;;;;;
60;38441;36544;39863;36583;11115;15311;62523;56938;8181;10211;;;6069;4365;;419;;;;;;;;209;;327;;;;;;;;;;;;;;;;2140;;;;1730;;;;4515;;;;;
61;40957;34451;30733;29834;7328;9992;35484;35643;4771;6047;;;3764;3013;;172;;;;;;;;151;;199;;;;;;;;;;;;;;;;1163;;;;807;;;;3093;;;;;
62;48720;44450;40708;36600;12356;17986;48515;43354;16479;18279;;;3061;2129;;269;;;;;;;;202;;345;;;;;;;;;;;;;;;;939;;;;942;;;;5171;;;;;
63;53384;42834;40882;39092;11959;16102;43348;44923;9041;9912;;;5992;4711;;368;;;;;;;;162;;397;;;;;;;;;;;;;;;;1255;;;;1352;;;;4357;;;;;
64;38470;32750;30153;30506;10125;12018;43589;42581;7502;7464;;;4928;3788;;395;;;;;;;;210;;374;;;;;;;;;;;;;;;;1052;;;;1108;;;;3385;;;;;
65;34529;29999;29829;30360;10878;11230;37224;36561;5650;6093;;;4806;3765;;344;;;;;;;;179;;258;;;;;;;;;;;;;;;;1169;;;;1055;;;;3636;;;;;
66;32688;28022;35073;33467;8487;10865;34324;34203;3861;4238;;;5513;3839;;278;;;;;;;;137;;270;;;;;;;;;;;;;;;;2399;;;;1435;;;;2995;;;;;915
67;22070;19516;34501;33330;6558;9725;36910;37034;3725;5212;;;2461;2318;;;;;;;;;;232;;;;;;;;;;;;;;;;;;449;;;;;;;;2422;;;;;
68;31994;25606;46686;45060;13914;15368;41040;43781;5041;6081;;;3446;3033;;;;;;;;;;331;;;;;;;;;;;;;;;;;;461;;;;;;;;3320;;;;;
69;28732;24320;46632;44402;10236;13274;43952;45676;7791;7141;;;3862;3277;;;;;;;;;;309;;;;;;;;;;;;;;;;;;345;;;;;;;;2897;;;;;
70;32844;28217;46481;42150;9890;13801;48069;48333;8637;10281;;;2618;2275;;;;;;;;;626;410;;;;;;;;;;;;;;;;;;294;;;;;;;;4605;;;;;
71;22187;19739;43424;38247;8810;12614;36809;37709;5004;6131;;;2928;2627;;;;;;;;;544;317;;;;;;;;;;;;;;;;;;428;;;;;;;;3000;;;;;
72;30401;23225;43722;42696;10929;14764;44087;46628;4878;5221;;;3649;3315;;;;;;;;;888;483;;;;;;;;;;;;;;;;;;445;;;;;;;;3066;;;;;
73;22341;21684;42430;37004;11760;15974;46272;43617;11056;11950;;;2483;2234;;;;;;;;;981;511;;;;;;;;;;;;;;;;;;320;;;;;;;;4306;;;;;
74;23592;19513;41281;39777;11224;14153;39610;39876;3950;4740;;;4399;3792;;;;;;;;;;257;;;;;;;;;;;;;;;;;;380;;;;;;;;2541;;;;;
75;23028;21030;43014;39645;10818;14574;47051;46802;5465;4977;;;4337;3713;;;;;;;;;;331;;;;;;;;;;;;;;;;;;407;;;;;;;;2623;;;;;
76;33943;27780;28760;24854;8869;13590;24871;25216;28108;28880;;;2110;1530;;519;;;;1576;;;;107;951;329;;;;116;;;;;;;;;;167;;129;;527;;;;245;;5450;;;;;
77;44769;29850;28374;28163;9604;13626;47070;45099;26674;32401;;;3702;3007;;486;;;;2225;;;;104;1090;457;;;;178;;;;;;;;;;235;;241;;559;;;;351;;6767;;;;;
78;35540;27842;50554;42771;13711;20580;10525;12060;13875;17577;;;2613;2074;;772;;;;1946;;;;30;879;372;;;;76;;;;;;;;;;36;;165;;340;;;;246;;2979;;;;;
79;41051;29109;44994;37170;10612;18277;11446;13611;10853;16451;;;2463;1982;;618;;;;2019;;;285;96;1245;560;;;;87;;;;;;;;;;44;;184;;371;;;;226;;3173;;;;;
80;45691;34488;66075;53085;15138;28876;9325;12270;27392;33004;;;1544;1309;;472;1416;;;1860;;;;34;462;283;;;;79;;;;;;;;;;36;;137;875;623;;;;312;;3739;;;;;
81;47340;31719;44549;39331;16397;24313;9978;12868;26778;32724;;;1187;893;;262;;;;1518;;;;34;912;265;;;;53;;;;;;;;;;45;;88;;465;;;;243;;3564;;;;;
82;38244;36351;54971;45372;13292;23407;13787;16995;44506;36630;;;2413;1891;;545;;;;2270;;;;72;1328;463;;;;86;;;;;;;;;;101;;192;;598;;;;335;;4619;;;;;
83;35168;27639;39618;33469;11468;16486;15852;17986;18805;22698;;;3356;2554;;611;;;;2066;;;218;108;;209;;;;128;;;;;;;;;280;150;;158;;394;;;;261;;4339;;;;;
84;26415;32015;18394;18788;6425;9693;27796;39641;73897;43347;;;1791;1436;;284;;;;1793;;;;130;;166;;;;171;;;;;;;;;649;354;;118;;727;;;;306;;9473;;;;;
85;25520;27765;29124;25955;6247;11261;62880;47438;10495;15486;;;4092;3688;;443;;;;2106;;;398;168;1131;513;;;;132;;;;;;;;;;205;;234;;367;;;;281;;4713;;;;;
86;20336;20906;24563;22875;6969;9741;60236;51662;7242;8847;;;4725;3832;;456;;;;2189;;;;127;1564;579;;;;156;;;;;;;;;;235;;356;;249;;;;189;;4274;;;;;
87;24028;22618;22566;21347;5048;8666;61874;53815;9652;11490;;;4492;3603;;453;;;;1960;;;;101;1384;513;;;;158;;;;;;;;;;286;;273;;272;;;;225;;4972;;;;;
88;38523;28937;50703;41146;11554;19464;9520;10911;17241;20765;;;1088;789;;221;;385;;672;;;;34;;32;;;;9;;87;;62;;;;;;;;54;;;;;;149;;4837;;149;;314;
89;54205;45981;63511;53062;13275;23518;13502;14926;11056;12491;;;2501;1767;;820;;792;;1107;;;;19;;29;;;;18;;125;;70;;;;;;;;114;;;;;;81;;2764;;239;;597;
90;31111;27877;65143;53888;12342;21315;9859;10638;8933;9307;;;1964;1532;;413;;784;;1047;;;;17;;24;;;;20;;145;;69;;;;;;;;73;;;;;;94;;1976;;199;;420;
91;43655;36209;65662;53597;10745;21383;10079;11924;8956;11102;;;2514;2066;;259;;891;;1100;;;;20;;28;;;;19;;201;;72;;;;;;;;74;;;;;;62;;2273;;207;;592;
92;63487;49072;69845;60798;18620;29495;11215;13214;11195;16136;;;2620;1952;;500;;793;;1333;;;;33;;42;;;;29;;236;;80;;;;;;;;98;;;;;;151;;2688;;195;;933;
93;50035;40709;75290;63653;20620;32011;11679;13139;12239;15126;;;2321;1810;;420;;931;;1276;;;;43;;40;;;;24;;209;;103;;;;;;;;146;;;;;;160;;2523;;326;;844;
94;43837;33774;42094;34195;10902;18981;10614;12092;15557;20019;;;1971;1398;;368;;433;;816;;;;70;;25;;;;20;;179;;74;;;;;;;;53;;;;;;146;;2522;;214;;454;
95;55471;37665;59710;48545;18455;32663;9550;12138;26614;34040;;;1131;809;;227;;337;;755;;;281;41;;27;;;;28;;129;;67;;;;;;;;48;;;;;;252;;3237;;207;;341;
96;47625;37019;38093;33367;11187;17225;11390;13540;22550;24797;;;1788;1231;;367;;473;;847;;;;53;;38;;;;26;;153;;58;;;;;;;;57;;;;;;201;;2791;;257;;456;
97;55251;37387;51674;51654;31606;31483;8381;11624;16856;26573;;;1211;1049;;244;;443;;786;;;;40;251;87;;;;26;;137;;87;;;;;;;;52;446;;;;;208;;3685;;74;;280;
98;42568;37986;73959;58516;18727;31488;10523;11650;15389;17359;;;1765;1462;;271;;678;;1113;;;;19;;21;;;;15;1581;741;;100;;;;;;;;93;;;;;;153;;2887;;194;;432;
99;39489;33235;80363;59487;16012;34858;7430;8800;14046;16898;;;1443;1188;;224;;605;;974;;;;27;;15;;;;15;969;452;;96;;;;;;;;69;;;;;;149;;2445;;163;;331;
100;41165;35604;71759;56807;12990;25007;9599;11070;10066;12826;;;1734;1317;;380;;905;;977;;;;16;;36;;;;22;;193;;79;;;;;;;;119;;;;;458;264;;2035;;228;;551;
101;43992;38415;82523;58572;14198;31480;8561;10832;13745;18582;;;1643;1227;;353;;725;;1111;;;;30;;47;;;;18;;197;;87;;;;;;;;94;;;;;;177;;2346;;292;;543;
102;53517;40982;51242;43188;11332;20670;11723;13715;13386;18064;;;2364;1815;;448;;712;;1039;;;323;180;;42;;;;29;;153;;76;;;;;;;;92;;;;;;160;;2578;;292;;620;
103;51180;39244;49021;40972;11852;19458;15003;16743;13308;18285;;;2337;1537;;1098;;629;;1009;;;287;114;;25;;;;27;;169;;56;;;;;;;;78;;;;;;128;;2880;;189;;533;
104;54910;42869;62365;51248;13940;26079;13418;15057;12956;16357;;;2446;1668;;664;;819;;1103;;;;91;;44;;;;26;;193;;102;;;;;;;;139;;;;;;157;;2891;;223;;668;
105;50319;36767;66300;52053;11674;27081;8412;10411;10611;15404;;;1690;1218;;628;;785;;960;;;;32;;48;;;;21;;164;;84;;;;;;;;69;;;;;;123;;2401;;257;;596;
106;43173;32740;48276;40999;11332;20574;8418;9839;8447;11350;;;1503;1061;;467;;596;;756;;;;28;;28;;;;20;;122;;94;;;;;;;;84;;;;;;95;;1955;;199;;422;
107;45125;35625;68749;52747;16472;31626;10266;11962;15894;19967;;;1304;804;;734;;405;;876;;;204;71;;38;;;;28;;114;;90;;;;;;;;47;;;;;;104;;2554;;155;;439;
108;44295;34873;50233;40906;10758;20625;12948;13244;13137;16897;;;1560;900;;1002;;511;;841;;;202;64;;28;;;;23;;119;;89;;;;;;;;63;;;;;;108;;2499;;208;;495;
109;43614;36812;70787;55419;12763;25944;8709;9755;9935;12133;;;2168;1543;;530;;813;;989;;;;30;;22;;;;22;;133;;509;;;;;;;;85;;;;;;107;;2556;;242;;603;
110;33852;30018;55784;43020;11573;22148;9233;10241;10162;10876;;;1569;1231;;301;;526;;906;;;;31;;20;;;;19;;104;;259;;;;;;;;49;;;;;;84;;2191;;196;;526;
111;43087;35551;62639;53252;18168;28625;8641;10016;12043;13867;;;1358;1012;;345;2100;1028;;926;;;;44;;32;;;;20;;121;;285;;;;;;;;60;;;;;;90;;2267;;195;;522;
112;41691;36743;79359;61723;15755;30071;11102;11935;12633;14433;;;1836;1428;;302;;840;;1269;;;;22;;22;;;;25;;133;;106;;;;;;;;78;;;;;;130;;2554;;171;;723;
113;46290;36810;76480;66161;14620;25249;8787;9566;10148;12355;;;;1045;;299;;819;;974;;;;25;;29;;;;15;;115;;90;;;;;;;;95;;;;;;138;;2277;;166;;511;
114;57225;48139;57576;49564;10624;19441;11071;12676;9873;12853;;;1569;1323;;395;1583;923;;969;;;;30;;28;;;;15;;97;;86;;;;;;;;87;;;;;;114;;2335;;187;;446;
115;50636;40990;44906;38812;11098;18168;10123;11438;9462;12727;;;1425;1091;;308;;535;;841;;;270;108;;21;;;;20;;102;;72;;;;;;;;76;;;;;;76;;2078;;187;;539;
116;53363;45956;40001;33638;7501;12709;13237;14678;9791;12118;;;2191;1529;;594;;662;;1038;;;;161;;36;;;;32;;120;;131;;;;;;;;110;;;;;;107;;2305;;217;;551;
117;44436;38305;24779;21808;5189;7872;10519;12940;5430;6582;;;2953;1960;;519;;502;;818;;;275;168;;32;;;;28;;80;;177;;;;;;;;114;;;;;;51;;1503;;175;;453;
118;65189;57689;40001;35712;9231;15049;14008;16311;14772;13352;;;2643;2011;;480;;740;;1109;;;282;118;;43;;;;35;;119;;93;;;;;;;;135;;;;;;106;;2325;;211;;667;
119;57547;49498;44653;37762;11852;18416;12143;13226;10801;13253;;;1940;1458;;538;;698;;1018;;;;139;;60;;;;32;;108;;66;;;;;;;;83;;;;;;97;;2054;;227;;518;
120;49023;41637;28968;25067;6967;10947;11065;12431;7352;9495;;;2218;1619;;979;;565;;874;;;240;141;583;154;;;;31;;118;;74;;;;;;;;62;;;;;;65;;1852;;171;;407;
121;57055;45888;53269;44455;11035;20829;10240;12239;13969;17807;;;1614;1227;;598;;525;;915;;;;91;508;148;;;;39;;142;;78;;;;;;;;75;;;;;;109;;2341;;173;;404;
122;52627;43571;37504;34732;9090;13462;12781;14202;7846;9984;;;2078;1470;;410;;599;;852;;;;80;;30;;;;17;;102;;56;;;;;;;;182;;;;;;82;;2162;;202;;463;
123;58984;51110;44021;40418;10678;15219;13805;14614;8603;10299;;;2269;1554;;483;;694;;1010;;;191;96;;28;;;;29;;134;;64;;;;;;;;135;;;;;;83;;2285;;211;;467;
124;64623;50435;31011;27930;8344;10846;;14497;9013;8327;;;4199;2018;;1094;;573;;818;;;1831;454;;33;;;;21;;112;;67;;;;;;;;108;;;;;;52;;2148;;158;;510;
125;42736;34893;63123;59231;17533;22277;8306;9197;8774;10999;;;1226;993;;201;;647;;568;;;;16;;20;;;;20;;67;;128;;;;;;;;62;;;;;;113;;2249;;227;;358;
126;62810;54532;48290;42153;9710;16171;13765;15624;8372;10267;;;2391;1738;;643;;804;;1052;;;243;128;;34;;;;23;;102;;74;;;;;;;;114;;;;;1138;447;;2261;;182;;578;
127;37324;32344;79254;67056;12521;24230;6385;7222;9706;10793;;;1044;805;;188;;625;;599;;;;17;;12;;;;13;;73;;103;;;;;;;;56;;;;;;94;;1823;;100;;344;
128;37851;31790;73636;61901;14229;24041;7634;8504;10674;13607;;;973;752;;213;;703;;705;;;;13;;16;;;;20;;80;;93;;;;;;;;67;;;;;;163;;2008;;169;;424;
129;58679;43523;61444;51067;11613;20001;9075;9250;;13366;;;1129;929;;204;;686;;555;;;;14;;24;;;;15;;56;;63;;;;;;;;71;;;;;;85;;2047;;169;;286;
130;53029;38604;63819;54902;16131;23951;7805;10970;20822;27985;;;718;574;;175;;416;;567;;;;39;;17;;;;19;;89;;78;;;;;;;;38;;;;;;417;;3489;;107;;294;
131;49996;37608;75187;62706;16333;23668;12005;9824;;14609;;;;977;;302;;685;;688;;;;8;;14;;;;16;;112;;107;;;;;;;;82;;;;;;119;;2308;;132;;443;
132;53509;42512;74149;64808;15138;24698;9909;10855;11924;16035;;;;1202;;361;;824;;855;;;;25;;24;;;;24;;152;;86;;;;;;;;118;;;;;625;379;;2639;;177;;546;
133;61405;53583;64621;54277;10852;19883;14056;17126;24981;25057;;;1784;1453;;311;;755;;956;;;;68;394;100;;;;45;;132;;67;;;;;;;;120;;;;;;179;;3497;;190;;551;
134;62644;53661;61244;53025;15549;22018;12090;12887;11091;14121;;;;1362;;603;;856;;942;;;;31;;26;;;;23;;189;;56;;;;;;;;90;;;;;;137;;2373;;215;;421;
135;57561;47299;61751;51869;9628;18097;8809;10401;7636;11482;;;;917;;771;;820;;713;;;;21;;22;;;;29;;98;;56;;;;;;;;83;;;;;;113;;2284;;153;;397;
136;50688;43628;46447;40545;11879;16627;8492;9059;8431;10270;;;;1039;;358;;779;;728;;;;23;;36;;;;10;;95;;66;;;;;;;;94;;;;;;119;;2283;;139;;397;
137;49149;45184;71813;58814;12086;23125;9100;10266;9957;11708;;;1502;1151;;254;1586;1037;;727;;;;21;;21;;;;31;;125;;91;;;;;;;;109;;;;;455;309;;2474;;132;;374;
138;43120;34925;88754;73354;15282;28805;9436;10380;12001;14619;;;1757;1340;;377;;1111;;810;;;;24;;26;;;;28;;149;;113;;;;;;;;116;;;;;;184;;3478;;145;;467;
139;63980;49061;49893;45225;11251;18246;12188;14448;8836;13557;;;2679;1774;;937;;673;;1231;;;;87;;36;;;;12;;137;;72;;;;;;;;96;;;;;;79;;2407;;278;;706;
140;54845;46848;40763;35927;13392;16778;11180;12596;11621;15248;;;1762;1382;;307;;673;;1103;;;285;153;;29;;;;42;;126;;61;;;;;;;;108;;;;;;116;;2180;;194;;559;
141;65810;55224;47030;37763;8578;16390;14741;16442;12775;18094;;;2268;1796;;360;;608;;1171;;;259;126;486;100;;;;49;;126;;57;;;;;;;;101;;;;;;119;;2943;;214;;538;
142;64331;50922;33693;28681;8545;11591;;16261;12393;11074;;;2570;1563;2768;1418;;604;;944;;;1175;175;;20;;;;34;;93;;60;;;;;;;;164;;;;;;81;;2074;;236;;568;
143;60839;48882;40623;36237;12890;17813;14273;16272;16141;20133;;;2281;1469;;231;;521;;960;;;288;146;440;103;;;;22;;128;;63;;;;;;;;838;;;;;;105;;3311;;201;;638;
144;59141;49813;40622;34006;9387;15993;14819;16104;12292;15553;;;2379;1654;;263;;677;;1000;;;;101;;42;;;;25;;149;;53;;;;;;;;663;;;;;;70;;2383;;275;;931;
145;62638;55439;47702;38646;9418;17773;12451;13842;12737;13756;;;2206;1665;;307;;727;;1045;;;;44;;24;;;;18;;144;;52;;;;;;;;207;;;;;;88;;2439;;183;;958;
146;72446;55249;54088;52623;14952;19998;11638;15917;8993;12798;;;2981;2113;;536;;810;;1049;;;;60;;26;;;;26;;120;;66;;;;;;;;206;;;;;;88;;2889;;241;;675;
147;47583;41522;74725;59805;15625;27675;11432;12460;11924;14081;;;1800;1324;;388;;1037;;922;;;;13;;48;;;;22;;149;;123;;;;;;;;118;;;;;;106;;2612;;315;;652;
148;40010;36741;77687;63133;13753;24530;9362;10064;7966;9460;;;1537;1223;;306;;910;;809;;;;25;;23;;;;26;;146;;121;;;;;;;;96;;;;;;112;;2008;;206;;601;
149;60500;44822;64217;53999;15482;23059;12009;12362;;13385;;;2399;1910;;660;;755;;920;;;;22;;26;;;;22;;152;;88;;;;;;;;67;;;;;;218;;2044;;200;;485;
150;42273;36470;70705;59358;15568;25021;10100;10797;8476;10379;;;2064;1564;;503;;879;;978;;;;40;;20;;;;37;;151;;115;;;;;;;;119;;;;;;108;;1901;;281;;673;
151;59521;41755;52751;51494;11740;20616;10431;12450;6207;10589;;;2331;1902;;555;;810;2217;1310;;;;48;;25;;;;23;;169;;67;;;;;;;;105;;;;;;105;;2181;;335;;786;
152;15860;16927;44147;38440;10611;13747;27760;27765;4357;4783;;;5108;5069;;381;;;;;;;;261;;583;;;;;;;;;;;;;;;;;;;;;;;;;;;;;
153;24866;23070;42704;38471;11781;16478;34015;32762;8856;11474;;;4202;4225;;340;;;;;;;;294;1691;1197;;;;;;;;;;;;;;;;;;;;;;;;;;;;;
154;32841;26133;41101;37304;10505;16983;36117;36431;17345;20998;;;3094;3119;;248;;;;;;;;376;1674;1203;;;;;;;;;;;;;;;;;;;;;;;;;;;;;
155;23471;23354;60969;53735;14799;19240;33044;34826;6745;7533;;;5988;5751;;462;;;;;;;;375;;1032;;;;;;;;;;;;;;;;;;;;;;;;;;;;;
156;17236;17987;62290;51703;12403;20052;29423;31286;8315;7979;;;7050;6875;;404;;;;;;;;327;;1208;;;;;;;;;;;;;;;;;;;;;;;;;;;;;
157;16870;18906;64325;59103;17755;20969;38241;37144;6505;6431;;;8363;7597;;527;;;;;;;;448;;1268;;;;;;;;;;;;;;;;;;;;;;;;;;;;;
158;17005;18569;62338;55015;13935;19223;35786;36231;7381;7004;;;7842;8035;;540;;;;;;;;413;2700;2117;;;;;;;;;;;;;;;;;;;;;;;;;;;;;
159;16194;16725;62530;56001;15292;19910;28233;28970;6378;7346;;;7983;7717;;412;;;;;;;;258;2150;1621;;;;;;;;;;;;;;;;;;;;;;;;;;;;;
160;25959;24373;56749;53247;14818;20574;37180;34171;13668;16961;;;3851;3980;;281;;;;;;;;297;1575;1563;;;;;;;;;;;;;;;;;;;;;;;;;;;;;
161;22268;21518;55401;51621;18204;21783;29679;30870;18871;19978;;;4389;4501;;366;;;;;;;436;391;1597;1569;;;;;;;;;;;;;;;;;;;;;;;;;;;;;
162;20800;18677;61579;54525;14032;19726;32744;34630;5921;6208;;;6320;6200;;483;;;;;;;;315;;803;;;;;;;;;;;;;;;;;;;;;;;;;;;;;
163;27060;22991;45876;41081;12106;17147;37433;38448;8109;9524;;;3800;3651;;537;;;;;;;;305;;813;;;;;;;;;;;;;;;;;;;;;;;;;;;;;
164;19247;19114;54065;49258;14092;16968;33133;33488;5360;5946;;;5229;4975;;463;;;;;;;;281;;829;;;;;;;;;;;;;;;;;;;;;;;;;;;;;
165;17168;18846;63211;60413;23820;22051;37166;39545;5896;5919;;;7930;7876;;618;;;;;;;;373;;1157;;;;;;;;;;;;;;;;;;;;;;;;;;;;;
166;20864;21336;55605;51459;13097;17402;40265;39659;6491;6418;;;5394;5268;;517;;;;;;;;316;995;1011;;;;;;;;;;;;;;;;;;;;;;;;;;;;;
167;21393;20227;55128;49522;12755;16882;33586;35235;5849;6781;;;4908;4772;;569;;;;;1290;;;251;;815;;;;;;;;;;;;;;;;;;;;;;;;;;;;;
168;51737;45343;48414;41109;13180;20210;10400;11657;11209;13498;;;1756;1393;;504;;;;1121;;;;48;;122;;;;;;;;;;;;;;;;115;;;;;;;;2175;;;;;
169;59621;49114;47643;40134;12188;19820;15453;17656;19246;23320;;;1594;1275;;470;;;;1374;;;319;173;;159;;;;;;;;;;;;;;;;112;;;;;;;;3523;;;;;
170;53275;45401;45711;39966;12290;17526;11080;12927;7530;10679;;;2128;1939;;422;;;;1004;;;;35;;155;;;;;;;;;;;;;;;;95;;;;;;;;1948;;;;;
171;56519;47585;47053;40592;13487;19854;11395;12958;9370;12935;;;2275;1813;;556;;;;1256;;;;37;;119;;;;;;;;;;;;;;;;128;;;;;;;;2382;;;;;
172;51712;38139;47322;41356;10964;17410;10857;13181;10366;16884;;;1690;1290;;843;;;;1116;;;;27;;151;;;;;;;;;;;;;;;;76;;;;;;;;2625;;;;;
173;47897;40485;60214;50391;12968;21137;9815;12133;11032;13382;;;2922;2236;;741;;;;1431;;;;40;;147;;;;;;;;;;;;;;;;127;;;;;;;;2972;;;;;
174;55331;44222;59441;50276;17928;25687;11399;14605;14140;18853;;;2328;1853;;701;;;;1528;;;;46;;193;;;;;;;;;;;;;;;;158;;;;;;;;3962;;;;;
175;41388;34783;86084;70740;17415;30594;11923;13377;12556;14727;;;3591;2722;;1337;;;;1599;;;;58;;221;;;;;;;;;;;;;;;;186;;;;;;;;3034;;;;;
176;35257;29758;62748;49902;16255;27979;7522;9229;12976;15877;;;1081;1055;862;807;;;2074;1472;;;;26;;127;;;;;;;;;;;;;;;;74;;;;;;;;2552;;;;;
177;59420;45085;73702;60038;16284;31612;11116;13681;12425;19242;;;3792;3426;;677;;;2631;2069;;;;45;;182;;;;;;;;;;;;;;;;138;;;;;;;;3623;;;;;
178;45127;36352;75224;60875;17463;30530;9066;10853;13141;17210;;;1432;1490;1603;1133;;;;1665;;;;32;;174;;;;;;;;;;;;;;;;106;;;;;;;;3199;;;;;
179;42751;30892;53416;40831;12350;23194;9016;11333;10970;18560;;;1516;1070;;1049;;;;1005;;;;37;588;269;;;;;;;;;;;;;;;;125;;;;;;;;2839;;;;;
180;59413;42154;68704;56834;15523;30368;11985;15139;11572;19324;;;2289;2317;1764;1689;;;3287;2568;;;;41;;220;;;;;;;;;;;;;;;;142;;;;;;;;3763;;;;;
181;36629;29515;72680;56989;18588;33225;7718;8699;15618;18258;;;1694;1140;;701;;;;1437;;;;30;;165;;;;;;;;;;;;;;;;110;;;;;;;;3157;;;;;
182;39147;29107;45866;36031;12876;22761;12031;14551;15701;20645;;;1327;1266;862;824;;;1879;1415;;;170;92;353;210;;;;;;;;;;;;;;;;81;;;;;;;;3355;;;;;
183;45074;33243;55027;43089;14336;27031;11998;15397;23403;28225;;;1546;1183;;651;;;2077;1503;;;;62;416;190;;;;;;;;;;;;;;;;102;;;;;;;;3722;;;;;
184;44973;35058;45410;37526;10177;18630;9449;11103;12072;15677;;;2457;1680;;1098;;;;1463;;;;60;;178;;;;;;;;;;;;;;;;109;;;;;;;;2772;;;;;
185;44542;34376;62281;49267;15843;28409;11594;13813;15243;19863;;;2434;1766;;1068;;;2722;1858;;;;41;;198;;;;;;;;;;;;;;;;150;;;;;;;;3835;;;;;
186;60581;43605;60536;49924;13553;26539;11213;14869;20963;29727;;;1860;1501;;788;;;;1650;;;;87;;173;;;;;;;;;396;;;;;;;132;;;;;;;3866;4390;;;;;
187;50797;42756;69191;56677;18409;29697;11574;13403;16215;19379;;;2183;1907;1772;1723;;;;1765;;;;79;;228;;;;;;;;;;;;;;;;137;;;;;;;;4098;;;;;
188;44903;35748;64472;50275;12966;25219;9171;10891;11296;15683;;;2365;1607;;1458;;;;1618;;;;41;;165;;;;;;;;;;;;;;;;113;;;;;;;;2782;;;;;
189;22854;22341;57882;51863;9942;14382;33005;32391;5540;6507;;;3798;3631;;299;;;;;;;;127;;;;;;;;;;;;;;;;;;;;;;;1416;1009;;2309;;;;;
190;29106;23845;44903;42063;8211;11921;35666;36508;4921;6451;;;4864;4607;;467;;;;;;;;268;;;;;;;;;;;;;;;;;;;;;;;;489;;2516;;;;;
191;22819;21692;42674;39696;9800;12661;39568;37923;5754;6064;;;4855;4383;;491;;;;;;;;186;;;;;;;;;;;;;;;;;;;;;;;;406;;2581;;;;;
192;37032;27092;40063;42479;10056;12393;35942;38257;7391;7608;;;5475;4924;;513;;;;;;;;191;;;;;;;;;;;;;;;;;;;;;;;;499;;3992;;;;;
193;33488;26897;45931;41777;8897;13429;43050;41801;12137;15630;;;4151;3762;;451;;;;;;;;293;;;;;;;;;;;;;;;;;;;;;;;;600;;4958;;;;;
194;34658;28034;46590;44951;15695;16832;49344;48724;11471;13243;;;4771;4209;;574;;;;;;;;190;;;;;;;;;;;;;;;;;;;;;;;;634;;5519;;;;;
195;20224;19006;42988;37841;9237;12557;33672;33017;4196;4919;;;4720;4168;;397;;;;;;;;156;;;;;;;;;;;;;;;;;;;;;;;;478;;2707;;;;;
196;27824;25004;46726;44770;12534;14342;45820;45439;5684;6654;;;6574;5978;;615;;;;;;;582;395;;;;;;;;;;;;;;;;;;;;;;;;557;;3340;;;;;
197;27055;22682;39600;38338;10313;12118;41361;40815;5936;6762;;;4380;3941;;532;;;;;;;;185;;;;;;;;;;;;;;;;;;;;;;;;414;;3109;;;;;
198;61544;42279;66214;61307;17881;28754;11331;15360;9518;14005;;;2438;1820;;689;;1548;;;;1022;;72;;;;;;;;;;;;;;;;;;123;;;;;;327;;2758;;;;;
199;33987;28973;62145;54737;20470;25933;8310;10171;10094;11622;;;1527;1192;;409;;1123;;;;288;;31;;;;;;;;;;;;;;;;;;79;;;;;;397;;2204;;;;;
200;38080;32414;59853;49065;13084;23679;9935;11239;13222;13732;;;1483;1188;;432;;1118;;;;227;;31;;;;;;;;;;;;;;;;;;98;;;;;;324;;2690;;;;;
201;29859;26447;60105;50302;15714;24248;9035;10568;9724;10265;;;1521;1137;;485;;1286;;;;386;;25;;;;;;;;;;;;;;;;;;100;;;;;;284;;2023;;;;;
202;37332;34984;61167;43300;8684;21190;11579;14197;8768;11065;;;1798;1560;;547;;1158;;;;248;;36;;;;;;;;;;;;;;;;;;158;;;;;;260;;2030;;;;;
203;28042;22419;53705;48270;16213;22500;8043;9642;9274;9922;;;1295;1021;;354;;1237;;;;149;;22;;;;;;;;;;;;;;;;;;92;;;;;;266;;1717;;;;;
204;34948;30348;61594;50210;11237;20354;11583;13070;14109;16456;;;1315;1092;;347;;1111;;;;154;;27;;;;;;;;;;;;;;;;;;74;;;;;;284;;2483;;;;;
205;44416;36122;65215;53078;16541;28104;11884;13186;10685;13047;;;2347;1895;;638;;1627;;;;540;;31;;;;;;;;;;;;;;;;;;118;;;;;;311;;2948;;;;;
206;57338;43303;68081;61777;22054;29045;10737;13922;23696;29745;;;2043;1153;;2265;;1035;;;;245;;34;304;;;;;;;;;;;;;;;;;96;833;;;;2384;1305;;4553;;;;;
207;54255;39125;51892;46831;14051;22748;10218;12098;10515;14609;;;3259;2284;;1508;;1468;;;;421;;30;;;;;;;;;;;;;;;;;;137;;;;;;425;;2909;;;;;
208;48713;40325;57736;48785;12878;22392;13002;15457;9277;12919;;;1807;1798;3631;3601;;1443;;;;314;210;121;;;;;;;;;;;;;;;;;;158;;;;;;319;3188;3079;;;;;
209;40404;36117;71481;57953;14870;26988;12546;13486;13748;16485;;;2710;1935;;1918;3140;2217;;;;453;;44;;;;;;;;;;;;;;;;;;116;;;;;;426;;3030;;;;;
210;55070;44362;52311;45212;14725;22932;22205;22670;10834;13936;;;4143;3197;;1373;;2074;;;;414;;55;;;;;;;;;;;;;;;;;;132;;;;;;406;;3421;;;;;
211;34342;28982;50035;44143;14105;19605;15989;16977;8840;8528;;;3598;2533;;1662;;1945;;;;387;;32;;;;;;;;;;;;;;;;;;114;;;;;;391;;2561;;;;;
212;42287;34790;61994;52517;19431;26201;10926;13137;12637;15635;;;3230;2272;;1980;;1889;;;;575;;59;;;;;;;;;;;;;;;;;;134;;;;;;609;;3322;;;;;
213;16724;14831;;;9508;13992;5362;5641;8477;8923;67284;57712;2045;1347;;1086;;789;;650;;99;;20;1369;309;;1297;;;;;;;;;;143;;;;63;;251;;;;1517;;1896;;720;;;
214;24402;19106;;;16433;22094;6073;6265;17573;17458;67518;61088;1837;1018;;1711;;996;;959;;91;;35;;54;;1434;;;;;;;;;;114;;;;60;;289;;;3969;2453;;2562;;1416;;;
215;20791;19915;;;19711;21848;8247;8120;25408;18400;69229;66336;2558;1808;;900;;1021;;988;;155;;31;;43;;1400;;;;;;;;;;119;;;;66;;327;;;;1878;;3583;1650;1581;;;
216;35851;29734;;;20997;30319;7311;8969;20344;23583;91947;80517;2053;1536;;895;;1086;;1350;;157;;37;;74;3172;2027;;;;;;;;;;141;;;;105;;417;;;3197;1902;;3649;2462;2230;;;
217;26825;26877;;;14151;21566;10936;10717;14174;14283;99482;86686;3308;2588;;1269;;1157;;999;;227;;34;661;120;;1351;;;;;;;;;;146;;;;86;;228;;;3874;2327;;3448;;592;;;
218;55691;31067;;;15766;28189;7773;10705;15307;27405;57161;48622;1531;1117;;482;;461;;1019;;96;123;70;217;95;;751;;;;;;;;;;85;;;;73;;306;;;1732;1283;;4164;;932;;;
219;44917;32109;;;24022;31531;9109;10996;21722;27466;61412;55854;1286;1038;;439;;546;;1099;;106;;51;221;127;1574;1079;;;;;;;;;;83;;;;74;;352;;;2147;1283;;3715;1616;1358;;;
220;43835;30403;;;17033;25600;8266;10603;20507;26219;58849;51064;1289;1073;;503;;493;;1005;;153;;54;460;148;;813;;;;;;;;;;111;;;;63;;325;;;2097;1236;;3624;;1176;;;
221;47101;32308;;;20442;29355;9665;11587;24967;33340;63075;53814;1413;1029;;498;;528;;1120;;160;;33;412;140;;929;;;;;;;;;;117;;;;69;;361;;;2623;1550;;4045;;1069;;;
222;35805;30776;;;24634;36208;6914;8318;24386;23433;83856;73273;1480;1099;;775;1975;1099;;1084;;102;;20;;57;;1016;;;;;;;;;;78;;;;86;;322;;;2027;1467;;3358;1636;1434;;;686
223;23041;20380;;;14745;23226;5967;7074;19499;18258;82305;74860;1172;1186;3455;2960;;926;;966;;149;;34;375;193;3612;2659;;;;;;;;;;195;;;;73;;455;;;3905;2669;;2503;1749;1602;;;
224;29651;24158;;;27350;36046;7215;7705;19809;23110;101261;83545;2283;1455;;804;;946;;1214;;143;;33;;73;;1995;;;;;;;;;;164;;;;106;;531;;;;1765;;2724;;2081;;;
225;21406;17747;;;10142;18243;6156;7122;16188;16341;76741;68886;2063;1641;;1420;;727;;864;;245;;16;608;139;2860;2163;;;;;;;;;;249;;;;71;;325;;;2409;1927;;1868;1296;1188;;;749
226;25894;23512;;;19076;28911;7568;8897;21516;20871;94302;83058;1883;1501;;835;;1257;;1128;;219;;28;;57;3399;2740;;;;;;;;;;193;;;;91;;489;;;4511;3277;;3098;1921;1966;;;
227;15336;13611;;;11065;13485;6851;7536;6717;6189;49398;43628;3039;2190;;1449;;686;;537;;110;;17;;25;;1213;;;;;;;;;;112;;;;46;;187;;;;1178;;1160;;514;;;992
228;25337;23634;;;22940;24031;9362;9554;17133;15002;84953;82466;3295;2373;;1373;;1152;;1172;;130;;28;;41;;1397;;;;;;;;;;155;;;;80;1176;710;;;4051;2635;;2843;;705;;;
229;16573;17773;;;22069;18202;9217;9198;8767;9054;54275;52476;2600;2077;;792;;789;;723;;100;;18;;40;;912;;;;;;;;;;116;;;;72;;226;;;3212;2392;;1618;;547;;;
230;17920;14151;;;10305;14359;4868;5742;5828;6786;54904;51702;1743;1761;1719;1388;;674;;599;;59;;20;522;124;;1140;;;;;;;;;;157;;;;54;;194;;;4626;2472;;1392;;486;;;
231;24922;15817;;;8650;15232;5410;7257;4372;5925;61572;55844;2519;2085;;1258;;772;;629;;69;;13;;28;;1232;;;;;;;;;;93;;;;47;;171;;;3040;2831;;1526;;534;;;
232;30587;25606;;;18922;19418;10544;10629;13833;12807;71148;68586;3818;2839;;913;;1284;;965;;234;;37;;62;;1026;;;;;;;;;;198;;;;105;;213;;;;2083;;3686;1493;1288;;;
233;35207;29375;;;21618;22998;10514;11453;14784;18343;75653;72120;2753;2297;;1100;;1037;;1316;;153;;40;;68;;1078;;;;;;;;;;129;;;;101;;430;;;4410;2772;2903;3566;1227;1171;;;
234;34321;24828;;;11058;16553;9396;11310;6423;8580;72791;66951;3463;3020;;1185;;1225;;966;;159;;22;;49;;1288;;;;;;;;;;226;;;;94;;191;;;2830;2305;;2269;;761;;;
235;24261;24467;;;8664;14272;6567;9093;6031;8060;54891;54009;2994;3071;;693;;1132;;872;;108;;21;;33;;1054;;;;;;;;;;222;;;;59;;176;;;1563;1565;;2207;;642;;;
236;26044;19553;;;13590;17523;7601;8316;11726;13512;62548;57433;1899;1759;2213;1937;;1061;;790;;188;;58;;33;1562;770;;;;;;;;;;138;;;;55;;244;;;;754;;3041;;714;;;
237;23920;22018;;;9898;16066;6318;6865;13096;10937;58848;51124;1701;1593;1855;1520;;818;;690;;293;;20;;30;;414;;;;;;;;;;131;;;;50;;181;;;;595;;2401;;570;;;
238;28882;26869;;;8805;13398;7475;8116;9380;8707;55174;49248;2775;2384;;614;;711;;597;;231;;35;;25;;261;;;;;;;;;;70;;;;56;;165;;;1234;697;;2093;;302;;;
239;33763;29265;;;9604;14036;9994;10550;9302;8678;57632;51661;3094;2458;;916;;999;;1005;;511;;31;;49;;487;;;;;;;;;;111;;;;93;;167;;;;484;;2248;;612;;;
240;18717;21863;;;4885;14520;6624;8038;5985;8731;86658;62880;3027;2682;;1215;;1045;;827;;259;;25;;48;;546;;;;;;;;;;112;;;;59;;185;;;1407;1091;;2332;;659;;;
241;37133;32847;;;17346;23222;9231;12176;14054;17294;80239;68128;3835;3023;;1301;;1520;;1061;;618;;37;;42;;553;;;;;;;;;;187;;;;128;;400;;;3658;2662;3248;3512;;1159;;;
242;32269;28248;;;12736;20048;8275;8821;15036;18043;60685;48552;1596;1362;;596;1946;1095;;794;;208;;45;;37;;308;;;;;;;;;;70;;;;50;;210;;;1686;1177;;4096;;994;;;
243;44505;37820;;;15361;24978;13798;14667;17109;20314;76897;63392;3551;2714;;1251;;1512;;1355;;393;;66;;66;;492;;;;;;;;;;142;;;;136;;364;;;;1610;4166;5035;;1604;;;2042
244;41246;29751;;;10652;18528;10923;12554;15043;20934;48943;40094;2320;1835;;611;;620;;1129;;168;187;106;;52;;233;;;;;;;;;;89;;;;79;;313;;;;847;4268;4940;;1081;;;
245;37159;30766;;;10498;14592;10794;11698;10048;12210;47519;42645;3136;2548;;752;;776;;946;;209;;62;;44;;267;;;;;;;;;;85;;;;80;;262;;;;753;2653;3220;1290;1500;;;
246;40464;36327;;;18809;23177;9610;11262;16521;19517;75280;64763;3289;2487;;1474;;1139;;1162;;359;;28;;42;;495;;;;;;;;;;120;;;;94;;361;;;;1065;3205;3690;1642;1822;;;
247;25143;23235;;;15185;20868;8072;8828;22717;15071;56491;53201;2716;1750;;1791;;1089;;917;;99;;67;;50;;329;;;;;;;;;;120;;;;60;;246;;;1841;979;;2828;;1180;;;
248;28487;23712;;;13592;22188;13000;13717;14723;12475;85574;75708;3305;2504;;1580;;1339;;804;;259;;33;;56;;495;;;;;;;;;;196;;;;70;;264;;;;1242;;2807;;703;;;
249;28659;25872;;;12858;20360;8817;9346;13649;14285;75542;63513;1620;1575;2230;1826;;1205;;1067;921;232;;46;;47;;379;;;;;;;;;;113;;;;59;;307;;;;1087;;2888;;986;;;
250;27794;24747;;;13713;18742;14803;13317;14598;13182;66253;62265;3029;1829;;1790;;1090;;771;;277;;62;;40;2213;784;;;;;;;;;;157;;;;57;;242;;;;990;;3076;;765;;;
251;39055;31440;;;17030;23203;9334;10582;21914;24341;73800;65294;2312;1287;;2462;;1011;;1103;;250;;36;;59;;428;;;;;;;;;;147;;;;39;;260;;;;1422;3659;4262;;836;;;
252;26268;24981;;;14638;17645;9318;10552;19708;16898;56644;51728;2038;1602;;899;;665;;965;;136;230;113;177;89;1022;674;;;;;;;;;;115;;;;88;;307;;;1621;1073;;4166;1658;1513;;;
253;27427;25356;;;20137;27522;8264;9425;15031;16430;92508;80335;2834;2168;;1777;;1187;;1208;;200;;46;444;122;2552;1609;;;;;;;;;;191;;;;110;;405;;;2804;1790;;3399;2539;1990;;;
254;20901;18290;;;15337;19314;8025;7605;9962;10139;69102;64647;2549;1919;;1725;;1077;;703;;172;;30;;41;2385;1432;;;;;;;;;;182;;;;63;888;495;;;1982;1367;;2170;;751;;;
255;24977;23937;;;18406;26391;10245;10341;17398;14310;82046;72060;4483;3499;;1013;;1283;;1040;;344;;36;;96;;1005;;;;;;;;;;250;;;;131;;331;;;4291;2387;;3496;;938;;;
256;19107;20392;;;17464;26018;7842;8735;20093;17753;83181;70559;1314;1202;2092;1800;;1200;;1039;;242;;41;;53;2606;1507;;;;;;;;;;357;;;;71;;353;;;3150;2299;;2635;;983;;;
257;22859;20544;;;21115;28362;8822;9369;15030;15668;85429;77911;2814;2262;;1010;;1196;;1018;;390;;34;;85;5367;2849;;;;;;;;;;397;;;;119;;334;;;3671;2728;;2951;;803;;;737
258;25364;26656;48518;39482;14514;27557;6601;9439;42116;31076;;;1068;691;;758;;;;667;;250;;144;446;150;;;;;;143;;;;30;;;;;;60;;361;;;;494;2350;3426;;;;;
259;33525;26675;44002;37151;13327;22059;10902;11437;21453;22916;;;1673;999;;1365;;;;756;;263;322;253;373;128;;;;;;217;;;;43;;;;;;62;;336;;;;444;1893;2616;;;;;
260;36550;34915;82344;61918;23717;38125;9657;11118;24138;25364;;;2914;2265;;1273;;;;1089;;1085;328;197;;68;;;;;;346;;;;49;;;;;;88;;356;;;;552;2798;3861;;;;;
261;35396;25797;53829;41672;10819;22873;6225;7680;15511;19402;;;1768;1069;;1601;;;;582;;275;299;148;;68;;;;;;239;;;;50;;;;;;40;;210;;;;351;;2051;;;;;
262;36910;28943;66116;51146;17768;31686;7973;8661;21104;22902;;;2647;1411;;2651;;;;787;;701;;88;;94;;;;;;502;;;;100;;;;;;59;;275;;;;413;;2552;;;;;
263;33916;26524;55049;42318;13177;24408;8157;9327;14009;17018;;;2385;1730;;1377;;;;956;;465;;79;;60;;;;;;261;;;;46;;;;;;68;;325;;;920;523;;2371;;;;;
264;44071;31431;69575;53864;19793;33634;8627;10511;15379;22834;;;2720;1775;;1503;;;;934;;907;319;140;;70;;;;;;311;;;;124;;;;;;94;;503;;;1477;881;;2865;;;;;
265;34718;31079;61328;50274;19431;30179;9800;10382;23966;23090;;;2436;1538;;1548;;;;943;971;608;;109;;64;;;;;;245;;;;59;;;;;;70;;360;;;963;628;;2995;;;;;
266;39430;33711;70606;55618;24682;34641;9169;10852;18626;22773;;;2798;1941;;1954;;;;1161;;905;;60;;85;;;;;;318;;;;68;;;;;;108;;353;;;1177;785;;3041;;;;;
267;41484;35331;73308;57889;19924;31932;10693;12256;14594;16917;;;3657;2622;;1853;;;;1131;;912;372;186;;70;;;;;;358;;;;62;;;;;;160;;264;;;1656;1040;;3246;;;;;
268;32606;27907;65474;52745;19839;28688;10938;11554;18132;19829;;;3328;2429;;1444;;;;1070;;1173;;86;;78;;;;;;401;;;;57;;;;;;157;;317;;;;905;;2950;;;;;
269;30902;24289;55492;44068;12822;23060;8177;8840;12749;15606;;;2404;1578;;1608;;;;777;1240;909;;92;;79;;;;;;276;;;;56;;;;;;83;;329;;;;533;;2229;;;;;
270;39951;32195;70599;57878;15604;26534;11775;12351;14226;17732;;;2996;1867;;2251;;;;915;;644;;55;;86;;;;;;397;;;;66;;;;;;123;;314;;;;827;;2830;;;;;
271;37845;29227;53872;40566;11845;24654;10034;11807;21452;26051;;;1534;1295;;544;;;;894;;444;234;133;;75;;;;;;205;;;;28;;;;;;76;;254;;;;405;4359;5008;;;;;
272;39021;31160;68951;55285;17668;29292;8569;9935;15506;18066;;;2310;1567;;1228;;;;1107;;896;;67;;71;;;;;;406;;;;48;;;;;;95;;263;;;;390;;3307;;;;;
273;33279;27376;68652;55806;14235;25553;8935;10093;15404;16649;;;2436;1727;;1013;;;;1095;;348;;58;;83;;;;;;316;;;;58;;;;;;81;;321;;;;378;;2538;;;;;
274;47683;35337;57963;49296;19314;28419;8985;11823;24985;28349;;;1652;1318;;686;;;;958;;288;;57;;62;;;;;;239;;;;40;;;;;;71;;285;;;;364;;3396;;;;;
275;39845;32627;48137;38435;11782;19900;12520;14936;16648;18052;;;2418;1772;;987;;;;1090;;238;333;121;;60;;;;;;286;;;;48;;;;;;73;;239;;;;236;;3258;;;;;
276;29977;27740;75337;63120;17199;25455;9821;10357;13173;13770;;;2876;2015;;1415;;;;1139;;502;;59;;98;;;;;;332;;;;51;;;;;;125;;274;;;1538;1156;;2648;;;;;
277;35426;29356;59755;49922;17833;26191;10596;11078;14952;16723;;;2725;1894;;979;;;;1060;;489;;49;;65;;;;;;328;;;;66;;;;;;95;;267;;;;406;;2970;;;;;
278;32525;27934;64659;50031;15785;26626;9995;10723;12082;14084;;;2903;1825;;1642;;;;1301;;385;;65;;70;;;;;;357;;;;48;;;;;;85;;254;;;;384;;2976;;;;;
279;34944;30652;62224;52771;24640;30192;10353;11279;15236;17556;;;3172;2029;;1439;;;;1211;2218;1374;;73;;67;;;;;;450;;;;64;;;;;;148;;337;;;;412;;3048;;;;;
280;28255;24450;64808;53358;17528;28260;9136;9537;13460;14464;;;1915;1813;2172;1955;;;;1023;2661;1698;;72;;68;;;;;;325;;;;51;;;;;;70;;277;;;;464;;2390;;;;;
281;51192;32691;44749;42224;12674;21887;9675;13793;33878;35536;;;890;764;1063;981;;;;1165;;581;;88;;49;;;;;;369;;;;56;;;;;;78;1023;658;;;;474;;4289;;;;;
282;49591;33953;58282;49707;16932;26425;9268;10802;16151;23904;;;2106;1271;;1333;;;;1124;1498;987;;57;;55;;;;;;508;;;;51;;;;;;77;;323;;;;422;;3116;;;;;
283;35339;29740;61427;50594;14470;24135;10238;11134;22429;21332;;;2022;1310;;986;;;;1425;;584;;38;;56;;;;;;399;;;;298;;;;;;86;;355;;;;523;;3029;;;;;
284;27052;24662;65336;52083;15454;24887;10129;10742;17460;18247;;;2069;1506;;914;;;;974;;444;;42;;75;;;;;;453;;;;93;;;;;;97;;417;;;;430;;2605;;;;;
285;22388;22550;66104;53547;24395;30249;8140;8753;11503;12924;;;3006;2298;;1126;;;;1022;;782;;45;;110;;;;;;502;;;;140;;;;;;131;;294;;;2039;1498;;2396;;;;;
286;21835;20374;54172;41694;15292;23812;7158;7837;13034;13344;;;2881;1978;;553;;;;937;;694;;80;;61;;;;;;287;;;;166;;;;;;100;;254;;;;455;;2111;;;;;
287;29713;26047;59256;43844;20335;29372;8943;9344;17439;20482;;;1688;1309;;533;;;;1319;;419;;62;;60;;;;;;490;;;;116;;;;;;83;;444;;;;465;;3298;;;;;
288;35026;23058;50967;45201;13686;22993;7100;7765;13091;16971;;;1667;941;;1190;;;;869;;574;;38;;67;;;;;;370;;;;48;;;;;;74;;338;;;843;611;;2244;;;;;
289;31395;25770;60753;48400;18203;28740;8452;10060;19871;21392;;;2491;1820;;1283;;;;854;;585;491;190;;75;;;;;;466;;;;81;;;;;;96;;264;;;;406;;2793;;;;;
290;28501;26823;55188;43603;13680;24233;9801;11185;30560;26939;;;2078;1452;;1122;;;;870;;525;;140;;63;;;;;;372;;;;42;;;;;;73;;318;;;814;633;;3648;;;;;
291;35875;28426;67798;57158;18273;28708;9605;10644;21477;22889;;;2510;1792;;1210;;;;1087;;646;309;161;;97;;;;;;525;;;;77;;;;;;130;;392;;;;859;;4306;;;;;
292;26275;15742;48662;49688;17233;21665;6117;6636;11176;12524;;;2389;1401;;1289;;;;879;;413;;40;;77;;;;;;382;;;;60;;;;;;100;;277;;;1760;1536;;2277;;;;;
293;23587;20080;54169;44205;16521;24483;7077;7775;17349;16962;;;1771;1277;;628;;;;813;;344;;57;;57;;;;;;402;;;;148;;;;;;67;;444;;;;705;;2441;;;;;
294;22530;19969;56931;48146;17946;23997;7918;8428;18639;18408;;;2006;1250;;944;;;;883;;493;;74;;86;;;;;;480;;;;115;;;;;;76;;444;;;;1965;;2404;;;;;
295;21695;20001;62858;49774;17220;27454;8292;8763;11802;12571;;;2895;2036;;1527;;;;956;;600;;137;;65;;;;;;385;;;;86;;;;;;114;;297;;;;572;;2477;;;;;
296;43737;34528;45748;38317;10597;17651;31946;34666;9696;12685;;;1967;1737;;;;1596;;;;;323;112;;;;;;;;;;;;;;;;;;;;;;;;;;2536;;752;;;
297;51193;37749;58297;50566;11516;19643;24244;31057;8342;10194;;;2025;1874;;;;2013;;;;;;48;;;;;;;;;;;;;;;;;;;;;;;;;;2188;;861;;;
298;42910;35506;55727;48373;9486;15094;22965;26775;6058;7507;;;1835;1629;;;;2273;;;;;;42;;;;;;;;;;;;;;;;;;;;;;;;;;1853;;664;;;
299;44500;36681;48092;42033;10508;17039;27933;31382;6575;9164;;;2206;2159;;;4102;3030;;;;;;50;;;;;;;;;;;;;;;;;;;;;;;;;;2043;;797;;;
